course_title,course_id,lecturer_name,related_topics,subject,level,durations,ratings,num_ratings,student,price,last_update,articles,exercise,downloadable_resources,url
Ableton Live 12 - Music Production in Ableton Live,5659434,"Tomas George, Ian Alexander, Digital Music Masters","Ableton Live, Music Production, Music",Ableton Live,All Levels,21 hours,4.7,1618,8647,"Rp159,000",3/2026,1,0,53,https://www.udemy.com/course/ableton-live-course/
Electronic Music Production with Ableton Live [2025],6523651,Simon Stokes,"Ableton Live, Music Production, Music",Ableton Live,Beginner,15 hours,4.9,792,2932,"Rp149,000",6/2025,0,0,0,https://www.udemy.com/course/electronic-music-production-with-ableton-live-subsine/
Electronic Music Production with Ableton Live,3594210,Simon Stokes,"Music Production, Audio Editing, Music Theory, Sound Design, Music",Ableton Live,All Levels,12 hours,4.9,2400,10343,"Rp149,000",4/2025,0,0,0,https://www.udemy.com/course/electronic-music-production-with-ableton-live/
"Ableton Live 12 Complete Mastery MEGA BUNDLE: Parts 1, 2,& 3",6310137,J. Anthony Allen,"Ableton Live, Music Production, Music",Ableton Live,All Levels,14 hours,4.7,305,1487,"Rp149,000",11/2025,6,0,7,https://www.udemy.com/course/learnlive12/
"Ableton Live 12 Complete Mastery MEGA BUNDLE: Parts 4, 5,& 6",6584247,J. Anthony Allen,"Ableton Live, Music Production, Music",Ableton Live,All Levels,13.5 hours,4.8,43,938,"Rp149,000",11/2025,15,0,15,https://www.udemy.com/course/learningabletonlive/
"Ableton Certified Training: Ableton Live 11 (Part 1, 2, & 3)",3968950,J. Anthony Allen,"Ableton Live, Music Software, Music",Ableton Live,All Levels,9 hours,4.7,3016,22134,"Rp149,000",11/2025,7,0,6,https://www.udemy.com/course/ableton-live-11-masterclass/
Ableton Live 12 Masterclass: Complete Music Production Guide,4925810,Benza Maman,"Electronic Music, Music Mixing, Music Production, Ableton Live, Music",Ableton Live,All Levels,14 hours,4.3,670,5323,"Rp149,000",8/2024,3,0,32,https://www.udemy.com/course/ableton-masterclass/
Performing Your Music with Ableton Live,3566061,Jor van der Poel,"Ableton Live, Music Software, Music",Ableton Live,All Levels,3.5 hours,4.6,71,544,"Rp149,000",10/2020,1,0,5,https://www.udemy.com/course/performing-your-music-with-ableton-live/
Ableton Live for Beginners,3704942,Dylan Bowes,"Ableton Live, Music Production, Music",Ableton Live,Beginner,6 hours,4.5,159,1833,"Rp149,000",1/2022,0,0,1,https://www.udemy.com/course/ableton-live/
"Music Theory for Electronic Music COMPLETE: Parts 1, 2, & 3",1147828,J. Anthony Allen,"Electronic Music, Music Production, Ableton Live, Music Theory, Music Fundamentals",Ableton Live,Beginner,12.5 hours,4.7,9283,53304,"Rp299,000",11/2025,12,0,10,https://www.udemy.com/course/music-theory-for-electronic-music-complete-parts-1-2-3/
101 Creative Techniques In Ableton Live,5540106,Ross Geldart,"Sound Design, Music Production, Music",Ableton Live,All Levels,11.5 hours,4.7,47,506,"Rp149,000",2/2026,0,0,0,https://www.udemy.com/course/101-creative-techniques-in-ableton-live/
Ableton Live 11 - Music Production in Ableton Live,3626878,"Tomas George, Ian Alexander, Digital Music Masters","Ableton Live, Electronic Music, Music Mixing, Music Production, Music",Ableton Live,All Levels,21.5 hours,4.6,6322,27612,"Rp149,000",3/2026,1,0,34,https://www.udemy.com/course/ableton-live-11-course/
Beginner's Guide to Music Production in Ableton Live,3502142,Rob Jones,"Music Production, Music Software, Music",Ableton Live,Beginner,9.5 hours,4.5,33,197,"Rp149,000",10/2020,0,0,28,https://www.udemy.com/course/beginners-guide-to-music-production-in-ableton-live/
"Ableton Certified Training: Ableton Live 11 (Part 4, 5, & 6)",3971382,J. Anthony Allen,"Ableton Live, Music Software, Music",Ableton Live,All Levels,11 hours,4.6,723,9078,"Rp149,000",11/2025,11,0,10,https://www.udemy.com/course/producing-with-ableton-live-11/
"Ultimate Ableton Live 9 COMPLETE: Parts 1, 2, & 3",890884,J. Anthony Allen,"Ableton Live, Music Software, Music",Ableton Live,Beginner,8.5 hours,4.7,3462,14676,"Rp149,000",2/2023,7,0,7,https://www.udemy.com/course/ultimate-ableton-live-complete/
Learn Python through Music with Ableton Live,5124732,Jor van der Poel,"Python, Music Production, Ableton Live, Programming Languages, Development",Ableton Live,All Levels,13 hours,4.5,137,2812,"Rp149,000",3/2025,1,0,5,https://www.udemy.com/course/learning-python-with-ableton-live/
Ableton Live: Your Guide For Musicproduction with Ableton,3976228,"Marius Worch, Philipp Godart","Ableton Live, Other IT & Software, IT & Software",Ableton Live,All Levels,24.5 hours,4.5,132,755,"Rp149,000",11/2024,0,0,25,https://www.udemy.com/course/ableton-live-/
Music Production Boot Camp 2025: Create Music in Ableton,5091100,Benza Maman,"Music Production, Music Composition, Music Theory, Ableton Live, Music",Ableton Live,All Levels,25 hours,4.7,175,1421,"Rp159,000",1/2025,1,0,15,https://www.udemy.com/course/ai-music-production-boot-camp/
Ableton Live: Music Production Masterclass in Ableton Live,4948032,"Video School, Phil Ebiner, Matt Kass","Ableton Live, Music Mixing, Music Production, Songwriting, Music Software",Ableton Live,All Levels,12.5 hours,4.5,164,1785,"Rp149,000",4/2024,4,0,3,https://www.udemy.com/course/ableton-live-music-production-masterclass/
Ableton Live Lite & Ableton Live Intro Complete Guide,4977398,J. Anthony Allen,"Ableton Live, Music Production, Music",Ableton Live,All Levels,3.5 hours,4.5,106,512,"Rp149,000",11/2025,1,0,1,https://www.udemy.com/course/ableton-live-lite-ableton-live-intro-complete-guide/
Music Production in Ableton Live 10 - The Complete Course!,1435772,"Tomas George, Digital Music Masters","Music Production, Audio Production, Music Theory, Ableton Live, Music",Ableton Live,All Levels,15.5 hours,4.6,5430,26654,"Rp149,000",3/2026,2,0,2,https://www.udemy.com/course/abletonlive10/
"Ultimate Ableton Live 12, Part 1: Production Principles",5733364,J. Anthony Allen,"Ableton Live, Music Production, Music",Ableton Live,Beginner,5 hours,4.7,311,1432,"Rp149,000",11/2025,1,0,1,https://www.udemy.com/course/music-production-with-ableton-live-12/
Ableton Live 12 for Music Production: Quick Start Guide,6852311,"Tomas George, Digital Music Masters","Ableton Live, Music Software, Music",Ableton Live,Beginner,1 hour,4.8,21,307,"Rp149,000",2/2026,0,0,3,https://www.udemy.com/course/ableton-live-beginners/
Getting Your Act Together In Ableton Live,5643644,Ross Geldart,"Ableton Live, Music Production, Sound Design, Music",Ableton Live,All Levels,1.5 hours,4.7,20,471,"Rp149,000",12/2023,0,0,0,https://www.udemy.com/course/getting-your-st-together-in-ableton-live/
Ableton Live: Complete EDM Music Production in 3 Hours,4572510,Charlie Atom,"Music Production, EDM, Ableton Live, Music",Ableton Live,Beginner,3 hours,4.7,103,10292,"Rp159,000",3/2022,0,0,1,https://www.udemy.com/course/charlieatom-edmproduction-3hours/
Ableton Live | Drum Programming | GPP Masterclass,5441534,Ross Geldart,"Sound Design, Music Production, Music",Ableton Live,All Levels,4.5 hours,4.5,36,1354,"Rp149,000",12/2025,0,0,1,https://www.udemy.com/course/ableton-live-drum-programming-gpp-masterclass/
Music Production for Beginners: The Complete Ableton Course,4669882,Charles Hoffman,"Music Production, Music",Ableton Live,Beginner,9.5 hours,4.7,100,632,"Rp149,000",5/2024,0,0,21,https://www.udemy.com/course/music-production-for-beginners-the-complete-ableton-course/
"Ultimate Ableton Live 9 Complete: Parts 4, 5, & 6",1295342,J. Anthony Allen,"Ableton Live, Music Software, Music",Ableton Live,Intermediate,12 hours,4.8,512,5923,"Rp149,000",2/2023,5,0,4,https://www.udemy.com/course/ultimate-ableton-live-complete-parts-4-5-6/
Mixing With Ableton Live,2597418,J. Anthony Allen,"Ableton Live, Music Production, Music",Ableton Live,All Levels,5.5 hours,4.3,336,1603,"Rp149,000",11/2025,30,0,3,https://www.udemy.com/course/mixing-with-ableton-live/
Songwriting in Ableton Live (or any Audio Application),3557745,J. Anthony Allen,"Songwriting, Music Fundamentals, Music",Ableton Live,Beginner,4 hours,4.6,174,1407,"Rp149,000",11/2025,2,0,1,https://www.udemy.com/course/songwriting-in-ableton-live-or-any-audio-application/
Ableton Live 12 in a Day - Learn Music Production in Ableton,1680862,"Martin Raay, Music-Prod Education","Ableton Live, Music Production, Music Recording, Music Sampling, Music Software",Ableton Live,All Levels,3 hours,4.4,648,5696,"Rp149,000",1/2026,0,0,0,https://www.udemy.com/course/learn-ableton-live-in-a-day-complete-production-course/
"Ultimate Ableton Live 12, Part 4: Sound Design & Synthesis",5755564,J. Anthony Allen,"Ableton Live, Music Production, Music",Ableton Live,Intermediate,5 hours,4.8,64,599,"Rp149,000",11/2025,12,0,12,https://www.udemy.com/course/sound-design-with-ableton-live-12/
Intuitive Music Production with Ableton Live,5981034,Codabass Musican,"Ableton Live, Music Production, Music",Ableton Live,All Levels,8 hours,4.7,14,85,"Rp149,000",11/2024,0,0,7,https://www.udemy.com/course/intuitive-music-production/
Ableton Live | Outside The Box | Audio Resampling,5313072,Ross Geldart,"Sound Design, Music Production, Music",Ableton Live,All Levels,3.5 hours,4.8,34,601,"Rp149,000",5/2024,0,0,1,https://www.udemy.com/course/outsidetheboxpart1/
"Ultimate Ableton Live 12, Part 3: Producing Music with Live",5755456,J. Anthony Allen,"Ableton Live, Music Production, Music",Ableton Live,Intermediate,5 hours,4.7,83,734,"Rp149,000",11/2025,6,0,7,https://www.udemy.com/course/producing-with-ableton-live-12/
How to make Uplifting Trance,2638390,Rick Snoman,"Music Production, Music Mixing, Music Instruction, Music",Ableton Live,All Levels,16.5 hours,4.8,374,1679,"Rp149,000",11/2021,0,0,0,https://www.udemy.com/course/how-to-make-uplifting-trance/
Ableton Live 12 in 90 Minutes: Certified Fast-Track Guide,6584399,J. Anthony Allen,"Ableton Live, Music Production, Music",Ableton Live,All Levels,1.5 hours,4.4,10,58,"Rp149,000",12/2025,2,0,2,https://www.udemy.com/course/learnabletonlivefast/
"Ultimate Ableton Live 12, Part 5: Producing with Effects",5797118,J. Anthony Allen,"Ableton Live, Music Production, Music",Ableton Live,Intermediate,5 hours,4.7,32,496,"Rp149,000",6/2024,3,0,3,https://www.udemy.com/course/effects-in-ableton-live-12/
"Ultimate Ableton Live 12, Part 6: Mixing, Mastering, & DJing",5835072,J. Anthony Allen,"Ableton Live, Ableton Push, Music Production, Music",Ableton Live,Intermediate,3.5 hours,4.6,32,504,"Rp149,000",11/2025,2,0,2,https://www.udemy.com/course/djing-with-ableton-live-12/
"Ultimate Ableton Live 10 COMPLETE: Parts 1, 2, and 3",1592962,J. Anthony Allen,"Ableton Live, Music Software, Music",Ableton Live,All Levels,8 hours,4.4,3506,14519,"Rp149,000",2/2023,6,0,6,https://www.udemy.com/course/ableton-live-10-complete/
"How I Made This Track: ""Baltimore"" (Includes Full Session)",6952621,J. Anthony Allen,"Music Production, Music",Ableton Live,All Levels,1 hour,4.7,N/A,20,"Rp149,000",12/2025,4,0,2,https://www.udemy.com/course/how-i-made-this-track/
Music Production in Ableton Live - Make Your First Pop Song.,6315121,Sanskar Vaishya,"Music Production, Ableton Live, Music",Ableton Live,All Levels,3 hours,4.2,11,205,"Rp149,000",7/2025,1,0,1,https://www.udemy.com/course/produce-hit-worthy-electronic-pop-step-by-step-course/
Ableton Live's Instrument Racks,514584,J. Anthony Allen,"Ableton Live, Music Software, Music",Ableton Live,Intermediate,1 hour,4.8,26,1036,"Rp149,000",2/2023,1,0,1,https://www.udemy.com/course/ableton-live-instrument-racks/
Ultimate Sound Design: Mastering Sound Design,2899228,J. Anthony Allen,"Sound Design, Music Production, Music",Ableton Live,All Levels,7.5 hours,4.7,1938,14946,"Rp159,000",12/2025,4,0,2,https://www.udemy.com/course/ultimate-sound-design/
Ableton Certified Training: What's New in Live 12,5688620,J. Anthony Allen,"Ableton Live, Music Production, Music",Ableton Live,All Levels,2.5 hours,4.7,96,741,"Rp149,000",11/2025,1,0,1,https://www.udemy.com/course/abletonlive12/
"Ultimate Ableton Live 12, Part 2: Recording Music and MIDI",5755346,J. Anthony Allen,"Ableton Live, Music Production, Music",Ableton Live,Beginner,4 hours,4.7,119,769,"Rp149,000",11/2025,1,0,1,https://www.udemy.com/course/recording-with-ableton-live-12/
Ableton - Learn The Basics Of Music Production.,3651908,Omar Meho,"Music Production, Music",Ableton Live,All Levels,11 hours,5.0,3,1064,"Rp149,000",9/2023,0,0,6,https://www.udemy.com/course/ableton-live-10-learn-the-basics/
"Ultimate Ableton Live 12, Part 7: Max for Live",5847212,J. Anthony Allen,"Ableton Live, Max For Live, Music Software, Music",Ableton Live,Expert,3.5 hours,4.5,18,356,"Rp149,000",11/2025,6,0,6,https://www.udemy.com/course/maxforlive-ableton-live-12/
"Drum Programming Masterclass: COMPLETE (Parts 1, 2, and 3)",2131274,J. Anthony Allen,"Beat, Music Production, Music",Ableton Live,Beginner,9 hours,4.2,1340,9505,"Rp149,000",11/2025,14,0,14,https://www.udemy.com/course/drum-programming-masterclass-complete-parts-1-2-and-3/
Ableton Live 12: EDM Music Production – Ultimate Course,6894705,Michael Muller Silveira Batista,"Music Production, EDM, Music Composition, Audio Production, Music",Ableton Live,All Levels,7 hours,4.4,3,22,"Rp149,000",10/2025,0,0,2,https://www.udemy.com/course/ableton-live-12-edm-music-production-ultimate-course/
The Ultimate Trap Music Production Course with Ableton Live,6942951,Michael Muller Silveira Batista,"Music Production, Music Composition, Music Theory, Audio Production, Music",Ableton Live,All Levels,5.5 hours,4.8,3,21,"Rp149,000",11/2025,0,0,2,https://www.udemy.com/course/the-ultimate-trap-music-production-course-with-ableton-live/
Ableton - How To Make House Music Quickly And Effectively,4734512,Omar Meho,"Ableton Live, Music Production, Music",Ableton Live,Beginner,2.5 hours,5.0,3,1034,"Rp149,000",9/2023,0,0,0,https://www.udemy.com/course/ableton-how-to-make-house-music-quickly-and-effectively/
Create Beats with Ableton Live,6601307,Maximilian Mayer,"Music Recording, Audio Engineering, Ableton Live, Music Production, Music",Ableton Live,Beginner,1.5 hours,5.0,2,4,"Rp149,000",5/2025,2,0,19,https://www.udemy.com/course/create-beats-with-ableton-live/
Ableton Live for BEGINNERS,6448193,Umut Uslusoy,"Ableton Live, Music Production, Music",Ableton Live,All Levels,4.5 hours,4.9,N/A,N/A,"Rp149,000",2/2025,0,0,0,https://www.udemy.com/course/ableton-live-for-beginners/
Ableton Live Masterclass - A Full Guide For Beginners,5290050,Omar Meho,"Ableton Live, Music Production, Music",Ableton Live,Beginner,9 hours,4.8,3,8,"Rp149,000",9/2023,0,0,24,https://www.udemy.com/course/ableton-live-masterclass-a-full-guide-for-beginners/
"Making DJ Edits, Mashups & Remixes in Ableton",2579642,Richard Atkins,"Music Production, Music",Ableton Live,Beginner,8 hours,4.5,835,4083,"Rp159,000",1/2025,0,0,0,https://www.udemy.com/course/making-dj-edits-mashups-remixes-in-ableton/
Ultimate Ableton Live 9: Part 1 - The Interface & The Basics,445324,J. Anthony Allen,"Ableton Live, Music Software, Music",Ableton Live,All Levels,3 hours,4.6,453,3341,"Rp149,000",2/2023,2,0,1,https://www.udemy.com/course/ableton-part1/
How To Create Backing Tracks Using Ableton Live,896380,"Mark Schroor, Christopher Greenwood","Ableton Live, Music Software, Music",Ableton Live,All Levels,2 hours,4.6,133,4640,"Rp149,000",8/2016,1,0,0,https://www.udemy.com/course/how-to-create-backing-tracks-using-ableton-live/
Introduction to Music Production Masterclass,3920666,J. Anthony Allen,"Music Production, Music",Ableton Live,Beginner,9 hours,4.7,381,7468,"Rp149,000",11/2025,7,0,6,https://www.udemy.com/course/introduction-to-music-production/
USING ABLETON LIVE 10 FOR LIVE PERFORMANCE | ABLETON BASICS,2887744,Ben Rowlands,"Ableton Live, Music Software, Music",Ableton Live,Beginner,1 hour,4.2,43,171,"Rp149,000",4/2020,0,0,0,https://www.udemy.com/course/abletonlivebasics/
"Music Theory Comprehensive Complete! (Parts 1, 2, & 3)",882594,J. Anthony Allen,"Music Theory, Music Fundamentals, Music",Ableton Live,Beginner,12 hours,4.7,23417,129105,"Rp379,000",12/2025,35,0,34,https://www.udemy.com/course/music-theory-complete/
Learn Music Production in Ableton Live,7020819,Nolan Watt,"Music Production, Ableton Live, Music",Ableton Live,Beginner,7.5 hours,4.5,1,6,"Rp149,000",1/2026,0,0,0,https://www.udemy.com/course/thecreativecompass-launchpad/
Music Production ULTIMATE Ableton live 11 course,2985112,Maslin JE,"Music Production, Ableton Live, Music",Ableton Live,All Levels,4.5 hours,5.0,2,11,"Rp149,000",6/2024,1,0,0,https://www.udemy.com/course/music-production-ultimate-ableton-live/
"Music Theory for Electronic Music COMPLETE: Parts 4, 5, & 6",6724381,J. Anthony Allen,"Music Theory, Music Production, Music Fundamentals, Music",Ableton Live,All Levels,8 hours,4.8,19,628,"Rp149,000",12/2025,8,0,8,https://www.udemy.com/course/music-theory-for-electronic-music-complete-parts-4-5-6/
"Ultimate Ableton Live 10, Part 1: The Interface & The Basics",1529176,J. Anthony Allen,"Ableton Live, Music Software, Music",Ableton Live,Beginner,3 hours,4.6,67,443,"Rp149,000",2/2023,1,0,1,https://www.udemy.com/course/ultimate-ableton-live-10-part-1-the-interface-the-basics/
Complete Electronic Music Production for EDM Music Producers,3384092,Benjamin Lynott,"EDM, Electronic Music, Music Mixing, Music Production, Music",Ableton Live,All Levels,15.5 hours,4.5,1332,13535,"Rp159,000",4/2026,0,0,39,https://www.udemy.com/course/complete-electronic-music-theory-production-edm/
Ableton 11 - The ULTIMATE Beginners Guide To Ableton Live,3984892,Omar Meho,"Music Production, Music",Ableton Live,All Levels,13.5 hours,3.8,113,13661,"Rp149,000",2/2024,0,0,24,https://www.udemy.com/course/music-production-the-ultimate-beginners-guide-to-ableton/
The Complete Music Mastering Masterclass,5091232,J. Anthony Allen,"Music Production, Music",Ableton Live,All Levels,4 hours,4.5,367,4612,"Rp149,000",12/2025,2,0,2,https://www.udemy.com/course/musicmastering/
Ableton Push - Workflow and Production,802124,Mitch Lee,"Ableton Push, Workflow, Audio Production, Music Production, Music",Ableton Live,All Levels,6 hours,4.2,1544,8015,"Rp149,000",3/2025,0,0,5,https://www.udemy.com/course/ableton-push-workflow-and-production/
FL Studio - Music Production + Mixing Music -Complete Course,1962026,"Tomas George, Ian Alexander, Digital Music Masters","FL Studio, Music Production, Audio Production, Music Mixing, Music",Ableton Live,All Levels,25 hours,4.6,5745,35638,"Rp159,000",3/2026,34,0,21,https://www.udemy.com/course/fl-studio-music-production-course/
Ableton Live The Complete Course Taught In Arabic,4968192,Music Hub,"Ableton Live, Music Software, Music",Ableton Live,All Levels,10.5 hours,5.0,49,154,"Rp249,000",11/2022,0,0,0,https://www.udemy.com/course/ableton-in-arabic/
FL Studio Complete Course - Music Production for Mac & PC,2018498,"Martin Raay, Music-Prod Education","FL Studio, Music Software, Music",Ableton Live,All Levels,30.5 hours,4.6,8390,41590,"Rp209,000",1/2026,7,0,8,https://www.udemy.com/course/fl-studio/
DJ Techniques With Ableton Live: The Clear and Simple Guide,576628,J. Anthony Allen,"DJ, Ableton Live, Music Techniques, Music",Ableton Live,Intermediate,2 hours,4.3,65,2239,"Rp149,000",2/2023,2,0,1,https://www.udemy.com/course/how-to-dj/
Produce a Pop Deep House Track in Ableton Live 9,1522660,Rob Webster,"Music Production, Ableton Live, Music Software, Music",Ableton Live,Intermediate,2 hours,4.6,30,243,"Rp149,000",2/2018,0,0,1,https://www.udemy.com/course/produce-a-pop-deep-house-track-in-ableton-live-9/
Ableton Live - Bass Masterclass,1435848,Josh Van Riel,"Ableton Live, Electronics, Music Theory, Music Production, Music",Ableton Live,All Levels,6.5 hours,4.6,369,2249,"Rp149,000",6/2018,0,0,0,https://www.udemy.com/course/ableton-live-emp-bass-fundamentals-masterclass/
DJ Techniques With Ableton Live: Introductory Class,743834,J. Anthony Allen,"DJ, Music Production, Music",Ableton Live,All Levels,38 mins,4.2,121,6516,"Rp149,000",2/2023,1,0,1,https://www.udemy.com/course/how-to-dj-dj-techniques-clear-and-simple-intro-class/
"Ultimate Ableton Live 10, COMPLETE: Parts 4, 5, and 6",1676024,J. Anthony Allen,"Ableton Live, Music Production, Music",Ableton Live,All Levels,7.5 hours,4.4,837,9646,"Rp149,000",2/2023,7,0,7,https://www.udemy.com/course/ultimate-ableton-live-10-complete-parts-4-5-and-6/
"Ultimate Ableton Live 10, Part 3: Editing & Producing",1529902,J. Anthony Allen,"Ableton Live, Music Software, Music",Ableton Live,Intermediate,3 hours,4.8,30,347,"Rp149,000",2/2023,6,0,6,https://www.udemy.com/course/ultimate-ableton-live-10-part-3-editing-producing/
Ableton Live Composition Techniques,6706299,Alexis Cabrera,"Music Production, Music",Ableton Live,All Levels,1 hour,4.7,N/A,10,"Rp319,000",7/2025,0,0,0,https://www.udemy.com/course/ableton-live-pro-composition-techniques/
Ultimate Ableton Live 9: Part 3 - Producing & Editing,469996,J. Anthony Allen,"Ableton Live, Writing Editing, Music Software, Music",Ableton Live,Intermediate,3 hours,4.7,160,1450,"Rp149,000",2/2023,8,0,7,https://www.udemy.com/course/ableton3/
Producing A Future Bass Track From Start To Finish Ableton,896910,Francois Rengère,"Ableton Live, Music Production, Music",Ableton Live,Intermediate,5.5 hours,4.5,166,748,"Rp149,000",8/2016,0,0,1,https://www.udemy.com/course/producing-a-future-bass-track-from-start-to-finish-ableton/
Ableton Live: Track From Start To Finish by LNA,5887792,Liina Turtonen,"Ableton Live, Music Production, Music",Ableton Live,Beginner,6.5 hours,5.0,2,2,"Rp799,000",8/2024,3,0,6,https://www.udemy.com/course/ableton-live-track-from-start-to-finish-by-lna/
Music Production - How To Make Melodic Techno,5643962,Omar Meho,"Ableton Live, Music Production, Music",Ableton Live,All Levels,3 hours,5.0,1,23,"Rp149,000",11/2023,0,0,0,https://www.udemy.com/course/music-production-how-to-make-melodic-techno/
Music Production in Ableton Live 9 - The Complete Course!,981502,"Tomas George, Digital Music Masters","Ableton Live, Audio Production, Music Theory, Music Production, Music",Ableton Live,All Levels,8.5 hours,4.2,1101,9302,"Rp149,000",11/2024,1,0,0,https://www.udemy.com/course/abletonlive/
Music Production in Logic Pro - The Complete Course!,897192,"Tomas George, Christopher Carvalho, Ian Alexander, Digital Music Masters","Music Production, Audio Production, Music Theory, Logic Pro, Music",Ableton Live,All Levels,53 hours,4.7,14732,78783,"Rp319,000",3/2026,11,0,20,https://www.udemy.com/course/thecompletelogicprox/
"Drum Programming Masterclass, Part 2: Samplers & Sequencing",1994760,J. Anthony Allen,"Beat, Electronic Music, Music Production, Music",Ableton Live,Beginner,3.5 hours,4.6,147,1331,"Rp149,000",11/2025,2,0,2,https://www.udemy.com/course/drum-programming-masterclass-part-2-trap-dubstep/
How to Make a Mashup & Edit Songs for DJing using Ableton,2653336,Ross Palmer,"Music Mixing, Music Production, Music",Ableton Live,Intermediate,6 hours,4.8,221,1409,"Rp149,000",2/2021,0,0,0,https://www.udemy.com/course/how-to-make-a-mashup/
Ableton Mixing Vocals In Live Using only Stock Plugins,1614374,Kevin Altenor,"Music Mixing, Audio Engineering, Ableton Live, Music Software, Music",Ableton Live,Beginner,33 mins,4.3,26,106,"Rp149,000",7/2018,0,0,0,https://www.udemy.com/course/ableton-mixing-vocals-in-using-only-stock-plugins/
Ultimate Ableton Live 9: Part 2 - Recording & Warping,463048,J. Anthony Allen,"Ableton Live, Music Software, Music",Ableton Live,All Levels,2.5 hours,4.6,168,1387,"Rp149,000",2/2023,2,0,1,https://www.udemy.com/course/ableton2/
The Ultimate Ableton Beginners Course,6656811,Camiel Daamen,"Ableton Live, Music Production, Electronic Music, House Music, Music",Ableton Live,Beginner,4 hours,4.9,N/A,5,"Rp149,000",6/2025,0,0,0,https://www.udemy.com/course/the-ultimate-ableton-beginners-course/
Ableton Live: Remix any Song in 1 Hour!,5199452,Charlie Atom,"Music Production, DJ, Music Mixing, Ableton Live, Music",Ableton Live,Intermediate,1 hour,4.1,24,5235,"Rp159,000",3/2023,0,0,0,https://www.udemy.com/course/ableton-live-remix-any-song-in-1-hour/
"Ultimate Ableton Live 10, Part 2: Recording & Warping",1529814,J. Anthony Allen,"Ableton Live, Music Software, Music",Ableton Live,Intermediate,2.5 hours,4.7,32,361,"Rp149,000",2/2023,1,0,1,https://www.udemy.com/course/ultimate-ableton-live-10-part-2-recording-warping/
Sound Design 101: Using Sampling for Music Production,353144,J. Anthony Allen,"Sound Design, User Experience (UX) Design, Acoustics, Audio Production, Music Production",Ableton Live,All Levels,3 hours,4.4,284,3982,"Rp149,000",11/2025,2,0,1,https://www.udemy.com/course/sound-design-fundamentals-sampling/
Found Sound & Sampling in Ableton Live,1447074,Josh Van Riel,"Ableton Live, Music Production, Music",Ableton Live,All Levels,2 hours,4.3,34,316,"Rp149,000",11/2017,0,0,0,https://www.udemy.com/course/found-sound-sampling-synthesis-in-ableton-live/
Ultimate Ableton Live 9: Part 4 - Synths & Samplers,508312,J. Anthony Allen,"Ableton Live, Music Software, Music",Ableton Live,Intermediate,5 hours,4.8,269,2501,"Rp149,000",2/2023,5,0,3,https://www.udemy.com/course/ableton4/
"The Complete EDM Production Course - Produce, Mix & Master",1765246,Fuad Murad,"Audio Production, EDM, Electronic Music, Music Production, Music",Ableton Live,All Levels,12 hours,4.4,3035,19135,"Rp149,000",11/2022,7,0,5,https://www.udemy.com/course/edm-production/
The Art of Sampling with Ableton,4249372,Elevator Program,"Music Sampling, Ableton Live, Music Production, Music",Ableton Live,All Levels,1 hour,4.4,10,2620,"Rp149,000",8/2021,2,0,0,https://www.udemy.com/course/the-art-of-sampling-with-ableton/
Music Theory for Electronic Producers - The Complete Course!,1020830,"Tomas George, Digital Music Masters","Music Theory, Music Production, Music Techniques, Music",Ableton Live,All Levels,8.5 hours,4.5,1699,18350,"Rp149,000",3/2026,2,0,1,https://www.udemy.com/course/electronicmusictheory/
Produce a Funky Nu Disco Track in Ableton Live,5421732,Rob Webster,"Music Production, Music Composition, Music",Ableton Live,Intermediate,2 hours,4.8,5,36,"Rp149,000",3/2025,0,0,1,https://www.udemy.com/course/produce-a-funky-nu-disco-track-in-ableton-live/
Ableton Live Masterclass: Complete Music Production Bootcamp,6903575,Muhammad Husnain,"Ableton Live, Music Software, Music",Ableton Live,Beginner,1.5 hours,4.9,19,39,"Rp149,000",11/2025,0,0,0,https://www.udemy.com/course/ableton-live-masterclass-complete-music-production-bootcamp/
Learn How to Remix Any Song You Want and Get Noticed,425414,Liad Ben-Shimon,"Music Mixing, Music Production, Music",Ableton Live,All Levels,5.5 hours,3.8,114,1695,"Rp149,000",3/2015,4,0,0,https://www.udemy.com/course/learntoremix/
"Music Production - Adding Emotion, Movement and Arrangement",3646241,Omar Meho,"Music Production, Music",Ableton Live,All Levels,9.5 hours,5.0,2,2071,"Rp149,000",9/2023,0,0,0,https://www.udemy.com/course/ableton-course-adding-emotion-movement-and-arrangement/
How to Produce a professional radio show with Ableton Live,326418,Top Ten,"Ableton Live, DJ, Music Production, Music",Ableton Live,All Levels,1 hour,4.4,40,540,"Rp149,000",1/2015,0,0,1,https://www.udemy.com/course/how-to-produce-a-professional-radio-show/
"Ultimate Ableton Live 10, Part 5: Audio & MIDI Effects",1530160,J. Anthony Allen,"Ableton Live, Music Software, Music",Ableton Live,Intermediate,3 hours,4.7,21,349,"Rp149,000",2/2023,2,0,2,https://www.udemy.com/course/ultimate-ableton-live-10-part-5-audio-effects-midi-effects/
Ableton Workflow Tutorial - How To Make A Track A Day,3308782,Omar Meho,"Music Production, Music",Ableton Live,All Levels,29 hours,3.9,96,9198,"Rp149,000",5/2024,0,0,50,https://www.udemy.com/course/workflow-tutorial-how-to-make-a-track-a-day/
Music Production - How To Make A U.K Garage Track.,4379302,Omar Meho,"Ableton Live, Music Production, Music",Ableton Live,All Levels,2.5 hours,5.0,1,1011,"Rp149,000",9/2023,0,0,0,https://www.udemy.com/course/music-production-how-to-make-a-uk-garage-track/
Mixing and Mastering Electronic Music | Complete Course,3916160,Bernardo Schwanka,"Music Mixing, Music Production, Music",Ableton Live,All Levels,27 hours,4.3,479,2623,"Rp149,000",1/2022,0,0,0,https://www.udemy.com/course/mixing-and-mastering-complete-course-fabriek-audio/
The Ableton Backing Track Course for Drummers,5927464,Drum Electric,"Ableton Live, Music Production, Music",Ableton Live,Beginner,1 hour,5.0,2,10,"Rp149,000",5/2024,0,0,1,https://www.udemy.com/course/the-ableton-backing-track-course-for-drummers/
Introduction to Electronic Music,145254,J. Anthony Allen,"Electronic Music, Electronics, Music Theory, Music Production, Music",Ableton Live,Beginner,4 hours,4.2,224,3739,"Rp149,000",2/2023,19,0,2,https://www.udemy.com/course/intro-to-electronic-music/
Ableton Live's Analog Instrument,513668,J. Anthony Allen,"Ableton Live, Music Software, Music",Ableton Live,Intermediate,1 hour,4.6,35,998,"Rp149,000",2/2023,1,0,1,https://www.udemy.com/course/ableton-analog/
Ultimate Ableton Live 9: Part 7 - MaxForLive,604202,J. Anthony Allen,"Ableton Live, Max For Live, Music Software, Music",Ableton Live,Expert,5.5 hours,4.2,63,1321,"Rp149,000",2/2023,10,0,9,https://www.udemy.com/course/ableton7-maxforlive/
The Ableton Ultimate Producers Master Course,2706042,Jason Timothy,"Ableton Live, Music Software, Music",Ableton Live,All Levels,18.5 hours,4.5,289,3625,"Rp149,000",1/2022,0,0,1,https://www.udemy.com/course/ableton-producers-master-course/
HOW TO MAKE PROFESSIONAL TECH HOUSE TRACK IN ABLETON LIVE,3603912,MACROLEV MUSIC,"Music Production, Sound Design, Ableton Live, Music",Ableton Live,Intermediate,2.5 hours,4.5,33,142,"Rp149,000",11/2020,0,0,0,https://www.udemy.com/course/how-to-make-professional-tech-house-track-in-ableton-live/
Ableton Live - Tech House Tutorial 2017,1272946,Josh Van Riel,"Ableton Live, Music Production, Music",Ableton Live,All Levels,9 hours,4.5,747,2871,"Rp149,000",7/2017,0,0,1,https://www.udemy.com/course/tech-house-tutorial-2017/
Audio Engineering (Mixing Dance/Pop in Ableton),4275766,Ross Palmer,"Audio Engineering, Music Mixing, Music Techniques, Music",Ableton Live,Intermediate,11.5 hours,4.6,246,1254,"Rp149,000",1/2023,0,0,0,https://www.udemy.com/course/audio-engineering/
Introduction to Electronic Music usin Ableton Live,4191556,Ramon Miras Pazos,"Ableton Live, Electronic Music, Music Production, Music",Ableton Live,Beginner,2 hours,4.7,6,949,"Rp149,000",1/2025,0,0,0,https://www.udemy.com/course/electronic-music-introduction-to-ableton-live-10/
Music Theory Basics for Ableton Electronic Music Production,1354132,Music Chef,"Music Theory, Music Production, Electronic Music, Ableton Live, Music Fundamentals",Ableton Live,Beginner,3 hours,4.4,102,754,"Rp149,000",12/2017,0,0,19,https://www.udemy.com/course/music-theory-basics-for-ableton-electronic-music-production/
Learn Step-By-Step How To Make A Track.,3620180,Omar Meho,"Ableton Live, Music Production, Music",Ableton Live,All Levels,14.5 hours,4.6,8,1287,"Rp149,000",9/2023,0,0,2,https://www.udemy.com/course/learn-step-by-step-how-to-make-a-track-in-live-10/
Ultimate Ableton Live 9: Part 5 - MIDI & Audio Effects,554972,J. Anthony Allen,"Ableton Live, Music Production, Music",Ableton Live,Intermediate,4.5 hours,4.6,196,2072,"Rp149,000",2/2023,3,0,2,https://www.udemy.com/course/ableton5/
"Ultimate Ableton Live 10, Part 4: Sound Design & Samplers",1530086,J. Anthony Allen,"Ableton Live, Music Software, Music",Ableton Live,Intermediate,2.5 hours,4.5,42,307,"Rp149,000",2/2023,6,0,6,https://www.udemy.com/course/ultimate-ableton-live-10-part-4-sound-design-samplers/
Ableton Techno Drum Sound Design with Operator,4193316,Michael Penman,"Ableton Live, Music Production, Sound Design, Music",Ableton Live,Intermediate,3 hours,4.8,28,205,"Rp149,000",7/2021,0,0,9,https://www.udemy.com/course/ableton-techno-drum-sound-design-with-operator/
Ultimate Ableton Live 9: Part 6 - DJ Techniques &Controllers,571044,J. Anthony Allen,"Ableton Live, DJ, Music Software, Music",Ableton Live,Expert,2.5 hours,4.6,76,1372,"Rp149,000",2/2023,1,0,1,https://www.udemy.com/course/dj-with-live/
Creative Reverb In Ableton Live,5406414,Ross Geldart,"Sound Design, Music Production, Audio Production, Ableton Live, Music",Ableton Live,All Levels,1.5 hours,4.8,35,501,"Rp149,000",6/2024,0,0,0,https://www.udemy.com/course/ableton-live-10-ways-of-reverb/
Music Production - What Is Layering And How To Use It,3793800,Omar Meho,"Music Production, Music",Ableton Live,All Levels,5.5 hours,5.0,2,2949,"Rp149,000",9/2023,0,0,1,https://www.udemy.com/course/music-production-the-importance-of-layering/
"Drum Programming Masterclass, Part 3: Advanced Programming",2096036,J. Anthony Allen,"Beat, Music Production, Music",Ableton Live,Intermediate,3 hours,4.6,76,1045,"Rp149,000",11/2025,7,0,7,https://www.udemy.com/course/drum-programming-part-3-advanced-drum-programming-hiphop/
How To Make Intelligent Dance Music In Ableton Live,4325928,Omar Meho,"Ableton Live, Music Production, Music",Ableton Live,All Levels,2.5 hours,5.0,1,1014,"Rp149,000",9/2023,0,0,0,https://www.udemy.com/course/how-to-make-idm-in-ableton/
"Ultimate Ableton Live 10, Part 6: DJ Techniques & Controller",1530268,J. Anthony Allen,"Ableton Live, Music Software, Music",Ableton Live,Intermediate,2 hours,4.5,19,299,"Rp149,000",2/2023,1,0,1,https://www.udemy.com/course/ultimate-ableton-live-10-part-6-dj-techniques-controllers/
Master Ableton Live 12: Electronic Music Production Course,6269941,Modul8 Online,"Music Production, Music Theory, Music Mixing, Music",Ableton Live,Beginner,11 hours,5.0,7,25,"Rp899,000",11/2024,7,0,11,https://www.udemy.com/course/master-ableton-live-12-electronic-music-production-course/
Ableton Live 11 Music Production Fundamentals,4057490,Cory K,"Ableton Live, Music Production, Music",Ableton Live,Beginner,1.5 hours,4.6,15,58,"Rp149,000",5/2021,0,0,0,https://www.udemy.com/course/howtomakemusicwithabletonlive/
"Songwriting 102: Vocals, Harmony, Structure and Sound Design",6245805,"Tomas George, Peter Darling, Digital Music Masters","Songwriting, Music Production, Music Techniques, Music",Ableton Live,Intermediate,5 hours,4.7,18,472,"Rp149,000",3/2026,1,0,15,https://www.udemy.com/course/songwriting-102/
Ableton Live - DJ Mixtape & Podcast Production Course,1680768,"Martin Raay, Music-Prod Education","DJ, Music Mixing, Ableton Live, Music Techniques, Music",Ableton Live,All Levels,3 hours,4.4,264,3724,"Rp149,000",1/2026,0,0,0,https://www.udemy.com/course/how-to-make-a-dj-mixtape-in-ableton-step-by-step-course/
Synthesis 101: Ableton Live,3004514,Ben dudding,"Music Production, Ableton Live, Music",Ableton Live,Beginner,5 hours,4.7,40,245,"Rp149,000",4/2020,0,0,21,https://www.udemy.com/course/synthesis_101_ableton_live/
Logic Pro Masterclass - Learn Music Production in Logic Pro,1633746,"Martin Raay, Music-Prod Education","Logic Pro, Music Production, Music Software, Music",Ableton Live,All Levels,47.5 hours,4.5,1738,12343,"Rp159,000",1/2026,12,0,17,https://www.udemy.com/course/logic-pro-x-manual-101-complete-masterclass/
Music Theory for Electronic Musicians 2: Minor keys and More,187432,J. Anthony Allen,"Electronic Music, Electronics, Music Theory, Music Fundamentals, Music",Ableton Live,Intermediate,5 hours,4.7,545,5046,"Rp149,000",2/2023,3,0,1,https://www.udemy.com/course/music-theory-for-electronic-musicians-2-minor-keys/
Ableton 11 - Writing Your First Track in An Hour,3883226,Omar Meho,"Music Production, Music",Ableton Live,All Levels,4.5 hours,5.0,3,24,"Rp149,000",9/2023,0,0,1,https://www.udemy.com/course/ableton-11-writing-your-first-track-in-an-hour/
Learn to Sample for Hiphop in Ableton Live 10,1963382,Mika Marino,"Music Sampling, Music Production, Ableton Live, Music",Ableton Live,Beginner,2 hours,4.1,102,1435,"Rp149,000",10/2018,0,0,3,https://www.udemy.com/course/how-to-sample-in-ableton-live-10-to-create-a-hip-hop-track/
Indie Rock Music Production & Songwriting with Ableton Live,4788268,Tuna Dokme,"Music Production, Guitar, Songwriting, Ableton Live, Music",Ableton Live,Beginner,3.5 hours,4.4,16,109,"Rp149,000",12/2022,1,0,8,https://www.udemy.com/course/rock-music-production-songwriting-with-ableton-live/
MaxForLive: Creating Your Own Audio Tools in Max For Live,606338,J. Anthony Allen,"Max For Live, Ableton Live, Music Software, Music",Ableton Live,All Levels,5 hours,4.2,396,2677,"Rp149,000",11/2023,10,0,9,https://www.udemy.com/course/maxforlive/
"Max and MaxForLive, Part 3: Controlling Live With MaxForLive",5635984,J. Anthony Allen,"Max For Live, Ableton Live, Music Software, Music",Ableton Live,Intermediate,3 hours,4.6,13,252,"Rp149,000",11/2025,7,0,6,https://www.udemy.com/course/maxforlive_part3/
Making Beats! 3 Producers Share Their Best Tips & Strategies,858110,J. Anthony Allen,"Audio Production, Music Production, Music",Ableton Live,All Levels,3.5 hours,4.2,132,1297,"Rp149,000",2/2023,1,0,1,https://www.udemy.com/course/making-beats/
"Max and MaxForLive, Part 1: Producing and Composing With Max",5472124,J. Anthony Allen,"Max For Live, Music Software, Music",Ableton Live,Beginner,2.5 hours,4.3,60,388,"Rp149,000",11/2025,4,0,4,https://www.udemy.com/course/makingmusicwithmax/
Electronic Music Production. Instruments of Ableton Live,4112130,Ramon Miras Pazos,"Ableton Live, Electronic Music, Music Production, Music",Ableton Live,Intermediate,3.5 hours,4.8,3,370,"Rp149,000",1/2025,0,0,0,https://www.udemy.com/course/dance-music-production-ableton-live-10-level-2-instruments/
Ableton Live 11 - Pro Tips To Get You Started,4396762,Omar Meho,"Ableton Live, Music Production, Music",Ableton Live,All Levels,2.5 hours,5.0,1,1415,"Rp149,000",4/2023,0,0,0,https://www.udemy.com/course/ableton-live-11-pro-tips-to-get-you-started/
Ableton Level 1,4263278,Michael Penman,"Ableton Live, Electronic Music, Music Production, Music",Ableton Live,Beginner,21 hours,4.6,22,248,"Rp149,000",5/2022,9,0,72,https://www.udemy.com/course/ableton-level-1-electronic-music-production/
Sound Design 102: Using Synthesis for Music Production,339406,J. Anthony Allen,"Synthesizer, Audio Production, Acoustics, Sound Design, Music Production",Ableton Live,All Levels,3 hours,4.6,819,5959,"Rp149,000",11/2025,1,0,1,https://www.udemy.com/course/sound-design-fundamentals-synthesis/
What Is Music Production? - Learn The Skill Quickly,4176990,Omar Meho,"Music Production, Ableton Live, Music",Ableton Live,All Levels,3 hours,5.0,3,16,"Rp149,000",9/2023,0,0,11,https://www.udemy.com/course/what-is-music-production-how-to-learn-in-30-days/
"Music Theory for Electronic Musicians, Part 1: Chords",62511,J. Anthony Allen,"Electronic Music, Electronics, Music Theory, Music Fundamentals, Music",Ableton Live,Beginner,3.5 hours,4.6,1272,7218,"Rp149,000",11/2025,2,0,1,https://www.udemy.com/course/music-theory-for-electronic-musicians/
Learn How to Use Ableton Live and Become a Better Producer,109238,Liad Ben-Shimon,"Ableton Live, Music Production, Music",Ableton Live,All Levels,3 hours,4.2,27,1174,"Rp149,000",4/2016,0,0,0,https://www.udemy.com/course/essentialmusicguide/
Music Production - How To Slice Up Breakbeats,3845984,Omar Meho,"Ableton Live, Music Production, Music",Ableton Live,All Levels,4.5 hours,5.0,1,13,"Rp149,000",9/2023,0,0,1,https://www.udemy.com/course/music-production-how-to-slice-up-breakbeats/
Music Production - Max4Live & Ableton Tips,4449372,Omar Meho,"Ableton Live, Music Production, Music",Ableton Live,All Levels,2.5 hours,5.0,1,1006,"Rp149,000",9/2023,0,0,0,https://www.udemy.com/course/music-production-max4live-intermediate-ableton-tips/
Ableton - Quick Tips And Tricks,4503932,Omar Meho,"Ableton Live, Music Production, Music",Ableton Live,All Levels,5.5 hours,5.0,1,2,"Rp149,000",9/2023,0,0,0,https://www.udemy.com/course/ableton-quick-tips-and-tricks/
Ableton Racks Masterclass: Build Dynamic Instruments & FX,6869103,Ross Geldart,"Ableton Live, Drums, Sound Design, Music Production, Music",Ableton Live,All Levels,3 hours,4.5,1,7,"Rp149,000",11/2025,0,0,0,https://www.udemy.com/course/ableton-racks-masterclass-build-dynamic-instruments-fx/
"Music Arrangement Secrets, Part 1: Arrangement Theory",6905031,J. Anthony Allen,"Music Production, Music Techniques, Music",Ableton Live,All Levels,2.5 hours,4.8,9,88,"Rp149,000",12/2025,2,0,1,https://www.udemy.com/course/music-arrangement-secrets/
How to Make Electronic Music with Ableton,4058760,Elevator Program,"Ableton Live, Electronic Music, Music Production, Music",Ableton Live,Beginner,3 hours,4.7,4,2014,"Rp149,000",8/2021,0,0,0,https://www.udemy.com/course/how-to-make-electronic-music-with-ableton/
Produce a 90's UK Deep/Funky House Track in Ableton Music,178966,Rob Webster,"Music Mixing, Music Theory, Ableton Live, Music Production, Music",Ableton Live,Intermediate,2 hours,4.5,51,390,"Rp149,000",3/2014,0,0,1,https://www.udemy.com/course/deepfunkyhouseabletontutorial/
The Complete FL Studio Electronic Music Production Course,2018510,"Martin Raay, Music-Prod Education","FL Studio, Audio Production, Music Production, Music Recording, Music",Ableton Live,All Levels,11 hours,4.6,991,17680,"Rp149,000",2/2026,3,0,7,https://www.udemy.com/course/fl-studio-music/
How to Run Backing Tracks in Ableton Live,2135000,Goose The Drummer,"Ableton Live, Music Software, Music",Ableton Live,All Levels,1.5 hours,4.8,52,187,"Rp149,000",12/2020,0,0,2,https://www.udemy.com/course/how-to-run-backing-tracks-in-ableton-live/
Your First Track With Ableton Live and The PG8X,3206727,Lessen NPO,"Music Production, Sound Design, Music",Ableton Live,Beginner,1.5 hours,5.0,4,16,"Rp149,000",6/2020,3,0,21,https://www.udemy.com/course/olebanana01-abletonliveandpg8x/
Music Theory with the Ableton Push,210516,J. Anthony Allen,"Ableton Push, Music Theory, Music Fundamentals, Music",Ableton Live,All Levels,1 hour,4.2,165,3184,"Rp149,000",2/2023,3,0,1,https://www.udemy.com/course/music-theory-with-the-ableton-push/
How to Make a Mixtape - Make a Seamless DJ Mix in Ableton,1591924,Ross Palmer,"Ableton Live, Music Production, Music",Ableton Live,All Levels,6.5 hours,4.7,699,4136,"Rp149,000",2/2021,0,0,0,https://www.udemy.com/course/make-a-mixtape-ableton/
Music Production - Ableton Techno & Trance Mixing,5024538,Omar Meho,"Ableton Live, Music Production, Music",Ableton Live,All Levels,4.5 hours,2.7,2,26,"Rp149,000",9/2023,0,0,0,https://www.udemy.com/course/music-production-ableton-techno-trance-mixing/
Ableton Live 10 Lite - A Comprehensive Course For Beginners,2009940,Josh Van Riel,"Ableton Live, Electronic Music, Music Production, Music",Ableton Live,Beginner,9.5 hours,4.2,548,2202,"Rp149,000",4/2019,1,0,0,https://www.udemy.com/course/learn-ableton-live-10-lite-course-for-beginners-free-project-files/
Music Production for Beginners,6774877,Tommy Swindali,"Music Production, Music",Ableton Live,All Levels,5.5 hours,4.7,3,22,"Rp149,000",8/2025,1,0,0,https://www.udemy.com/course/musicproductionforbeginners/
Ableton Push 2 - Primed and Ready,3802058,Music Chef,"Ableton Live, Music Theory, Ableton Push, Music Production, Music",Ableton Live,Beginner,3 hours,4.1,57,593,"Rp149,000",5/2021,0,0,25,https://www.udemy.com/course/ableton-push-2-primed-and-ready/
Complete Electronic Music Production Ableton Live 10 Course,3760858,Ramon Miras Pazos,"Music Production, Electronic Music, Ableton Live, Music",Ableton Live,All Levels,6 hours,4.3,15,9539,"Rp149,000",9/2023,0,0,0,https://www.udemy.com/course/electronic-music-production-with-ableton-live-10-level-1/
Music Mixing Masterclass - How To Mix A Track In Ableton,4091042,Omar Meho,"Music Production, Music",Ableton Live,All Levels,6 hours,3.9,31,5741,"Rp149,000",9/2023,0,0,15,https://www.udemy.com/course/music-mixing-masterclass-how-to-mix-a-track-in-ableton/
The Ultimate Ableton Disco House Music Production Course,822012,Rob Webster,"Ableton Live, Audio Production, Music Theory, Music Production, Music",Ableton Live,Intermediate,3 hours,4.5,100,672,"Rp149,000",7/2016,0,0,4,https://www.udemy.com/course/the-ultimate-ableton-disco-house-music-production-course/
Music Production - Instruments And Audio Effect Racks,3752518,Omar Meho,"Music Production, Music",Ableton Live,All Levels,3.5 hours,5.0,1,2044,"Rp319,000",9/2023,0,0,1,https://www.udemy.com/course/music-production-instruments-and-audio-effect-racks/
Electronic Music Production - Synthesis,2501118,Mitch Lee,"Electronic Music, Music Production, Synthesizer, MASSIVE Synthesizer, Music Software",Ableton Live,Beginner,15.5 hours,4.1,129,964,"Rp149,000",6/2023,0,0,0,https://www.udemy.com/course/electronic-music-production-synthesis/
Producing Like Skrillex: Bass Music Production Mastery,6598169,ISO Horizon,"Music Mixing, Music Production, Music",Ableton Live,All Levels,4 hours,4.9,6,12,"Rp149,000",4/2026,0,0,0,https://www.udemy.com/course/producing-like-skrillex-mastering-edm-techniques/
Music Production - How To Make Deep House In Ableton Live,5257290,Omar Meho,"Ableton Live, Music Production, Music",Ableton Live,All Levels,5 hours,3.9,N/A,21,"Rp149,000",9/2023,0,0,0,https://www.udemy.com/course/music-production-how-to-make-deep-house-in-ableton-live/
Logic Pro Course - Pop & EDM Music Production In Logic Pro,1609682,"Martin Raay, Music-Prod Education","Music Production, Audio Production, House Music, Logic Pro, Music",Ableton Live,All Levels,4.5 hours,4.6,154,3089,"Rp149,000",1/2026,1,0,1,https://www.udemy.com/course/music-production-techniques-complete-course/
"The making music in Ableton 10 guide, 2 templates included.",2754456,Fernando Lobo Przewlucki,"Ableton Live, Music Production, Music",Ableton Live,All Levels,24.5 hours,4.7,54,447,"Rp149,000",3/2020,1,0,1,https://www.udemy.com/course/the-beginners-guide-to-music-production-in-ableton/
"Songwriting 101- Composition, Lyrics + Music Production",1863030,"Tomas George, Peter Darling, Digital Music Masters","Songwriting, Lyric Writing, Music Fundamentals, Music",Ableton Live,All Levels,12.5 hours,4.4,926,9834,"Rp159,000",3/2026,15,0,16,https://www.udemy.com/course/songwriting-and-music-composition-course/
Complete FL Studio Megacourse: Beginner to Expert,4492558,Skillademia Academy,"FL Studio, Audio Production, Music Mixing, Music Production, Music",Ableton Live,Beginner,19.5 hours,4.3,484,22489,"Rp149,000",2/2026,0,0,16,https://www.udemy.com/course/complete-fl-studio-megacourse-beginner-to-expert/
Logic Pro: Electronic Music Production - Progressive House,764524,"Martin Raay, Music-Prod Education","Music Production, Music",Ableton Live,All Levels,5.5 hours,4.4,140,6536,"Rp149,000",1/2026,1,0,1,https://www.udemy.com/course/create-progressive-house-like-axwell-ingrosso/
How to create Chill Out music.,4398806,Rick Snoman,"Music Production, Music Composition, Music",Ableton Live,All Levels,8 hours,4.7,53,373,"Rp149,000",11/2021,0,0,0,https://www.udemy.com/course/how-to-create-chill-out-music/
"Music Arrangement Secrets, Part 2: Creating Contrast",6949731,J. Anthony Allen,"Music Composition, Music Fundamentals, Music",Ableton Live,Intermediate,2.5 hours,4.0,5,30,"Rp149,000",12/2025,3,0,1,https://www.udemy.com/course/music-arrangement-secrets-part-2-creating-contrast/
FL Studios Course - Learning The Basics With Students,6862507,Omar Meho,"FL Studio, Music Production, Music",Ableton Live,All Levels,6 hours,4.7,N/A,1,"Rp447,000.00",10/2025,0,0,0,https://www.udemy.com/course/fl-studios-course-learning-the-basics-with-students/
How to produce a nu-disco track in Ableton Live 10,2849478,Rob Webster,"Ableton Live, DJ, Music Production, Music Software, Music",Ableton Live,Intermediate,3 hours,4.2,13,102,"Rp149,000",3/2020,0,0,1,https://www.udemy.com/course/how-to-produce-a-nu-disco-track-in-ableton-live-10/
More Expressive Music Theory for Ableton & Electronic Music,1362172,Music Chef,"Music Theory, Music Production, Electronic Music, Ableton Live, Music Fundamentals",Ableton Live,Intermediate,1.5 hours,4.7,24,461,"Rp149,000",1/2020,0,0,12,https://www.udemy.com/course/more-music-theory-for-ableton-electronic-music-production/
How to make Ambient Music,2552829,Mikael Baggström,"Music Composition, Music Production, Sound Design, Music",Ableton Live,All Levels,3.5 hours,4.3,434,2845,"Rp149,000",9/2025,1,0,0,https://www.udemy.com/course/ambient-music-composition/
Ableton Live 101: EQ Fundamentals for Beginners,5851420,Beats By Dj Legion,"Music Mixing, Music Production, Music",Ableton Live,Beginner,1 hour,5.0,6,17,"Rp149,000",3/2024,0,0,0,https://www.udemy.com/course/ableton-live-101-eq-fundamentals-for-beginners/
Piano Lessons for Beatmakers and Music Producers,2717568,Riley Weller,"Piano, FL Studio, Music Production, Piano Chords, Instruments",Ableton Live,Beginner,4 hours,4.6,148,900,"Rp149,000",12/2019,0,0,0,https://www.udemy.com/course/piano-lessons-for-beatmakers-and-music-producers/
Ableton - How To Start A Track From Scratch,4412942,Omar Meho,"Ableton Live, Music Production, Music",Ableton Live,All Levels,5 hours,4.3,2,2005,"Rp149,000",9/2023,0,0,0,https://www.udemy.com/course/ableton-how-to-start-a-track-from-scratch/
Complete Intro to Music Production Course - Ableton Live,2392810,Xylo Aria,"Music Production, Music",Ableton Live,Beginner,5 hours,4.6,38,186,"Rp149,000",6/2020,0,0,13,https://www.udemy.com/course/complete-intro-to-music-production-course-ableton-live/
Beginner's Guide to Beats Production,4414748,Rob Jones,"Beat, Music Production, Music",Ableton Live,Beginner,2 hours,4.5,44,1902,"Rp149,000",11/2021,0,0,1,https://www.udemy.com/course/beginners-guide-to-beats-production/
Logic Pro: Deep House EDM Music Production in Logic Pro,1317044,"Martin Raay, Music-Prod Education","Electronic Music, Logic, Logic Pro, Music Production, Music",Ableton Live,All Levels,5 hours,4.5,145,4245,"Rp149,000",1/2026,1,0,1,https://www.udemy.com/course/deep-house-course/
Logic Pro 201 - Complete Logic Pro Music Production,1727604,"Martin Raay, Music-Prod Education","Electronic Music, EDM, Music Production, Logic Pro, Music",Ableton Live,All Levels,15.5 hours,4.5,624,6890,"Rp149,000",1/2026,5,0,4,https://www.udemy.com/course/electronic-music-production-in-logic-pro-x/
How to produce a Retro Techno House Record in Ableton Music,75360,Rob Webster,"Ableton Live, Music Theory, Music Production, Music",Ableton Live,Intermediate,2 hours,4.5,68,645,"Rp149,000",8/2022,0,0,1,https://www.udemy.com/course/how-to-produce-a-retro-techno-house-record-in-ableton/
Splice: Using Splice for Music Production and Sound Design,4445324,J. Anthony Allen,"Music Production, Music",Ableton Live,All Levels,1 hour,4.6,45,1175,"Rp149,000",11/2025,1,0,1,https://www.udemy.com/course/splice-samples/
Produce a Funky Piano House Track in Ableton Live,5462156,Rob Webster,"Music Production, Music Recording, Music Mixing, Music",Ableton Live,Intermediate,1.5 hours,4.7,5,28,"Rp149,000",7/2023,0,0,1,https://www.udemy.com/course/produce-a-funky-piano-house-track-in-ableton-live/
Ableton Live Boogie Funk Course G-Funk Style,2356988,Rob Webster,"Music Production, Electronic Music, Music",Ableton Live,Intermediate,3 hours,4.6,13,99,"Rp149,000",5/2019,1,0,1,https://www.udemy.com/course/ableton-live-boogie-funk-course-g-funk-style/
Ableton Beat Course Easily Produce In Live 10 - Beats,2120168,Kevin Altenor,"Music Production, Music",Ableton Live,Beginner,32 mins,4.1,7,47,"Rp149,000",5/2024,0,0,2,https://www.udemy.com/course/ableton-beat-course-easily-produce-in-live-10/
Home Recording: Budget Audio Recording on a Laptop,464420,J. Anthony Allen,"Music Recording, Business Budgeting, Music Production, Music",Ableton Live,Beginner,1.5 hours,4.2,97,2937,"Rp149,000",2/2023,4,0,1,https://www.udemy.com/course/audio-recording/
How to produce a filtered disco house record in ableton,5579858,Rob Webster,"Music Production, House Music, Music",Ableton Live,Intermediate,2 hours,5.0,3,22,"Rp149,000",9/2023,0,0,2,https://www.udemy.com/course/how-to-produce-a-filtered-disco-house-record-in-ableton/
Music Theory for Electronic Musicians 6: Advanced Harmony,6249833,J. Anthony Allen,"Music Theory, Music Software, Music",Ableton Live,Intermediate,3 hours,4.7,19,296,"Rp149,000",11/2025,5,0,5,https://www.udemy.com/course/music-theory-for-electronic-musicians-6-advanced-harmony/
Music Production: How To Make Tech House Track In 2023,5112224,MACROLEV MUSIC,"Music Production, Music Composition, Music Mixing, Sound Design, Music",Ableton Live,Intermediate,4.5 hours,4.5,18,133,"Rp149,000",1/2023,0,0,0,https://www.udemy.com/course/music-production-how-to-make-tech-house-track-in-2023/
Songwriting in Logic Pro for Electronic Music Production,1344682,"Tomas George, Digital Music Masters","Songwriting, Music Production, Music Composition, Logic Pro, Music",Ableton Live,All Levels,7 hours,4.4,473,6227,"Rp149,000",3/2026,2,0,1,https://www.udemy.com/course/songwritinglogicpro/
Ableton 11 - How To Make Your First Track In 15 Minutes,3841678,Omar Meho,"Music Production, Music",Ableton Live,All Levels,7 hours,4.3,5,58,"Rp149,000",9/2023,0,0,14,https://www.udemy.com/course/ableton-11-how-to-make-a-track-in-a-day/
Music Production: Harmony Concepts Explained,6966275,Josh Cook,"Music Production, Harmony (music), Music Mixing, Music",Ableton Live,Intermediate,2 hours,4.5,2,5,"Rp149,000",12/2025,0,0,0,https://www.udemy.com/course/music-production-harmony-concepts-explained/
"Beat Making Course, Audio Editing & Create Drum Loops Course",1866636,"Martin Raay, Music-Prod Education","Audio Editing, Drums, Beat, Sound Design, Music Fundamentals",Ableton Live,All Levels,3 hours,4.6,144,5170,"Rp149,000",1/2026,0,0,0,https://www.udemy.com/course/beatmaking-audio-editing-create-drum-loops-from-scratch/
Music Theory for Electronic Musicians 5: Structure,3392334,J. Anthony Allen,"Music Theory, Music Techniques, Music",Ableton Live,Intermediate,2.5 hours,4.6,197,1871,"Rp149,000",11/2025,3,0,3,https://www.udemy.com/course/music-theory-for-electronic-musicians-5-structure/
Music Production Course in Logic Pro: Tech House Music,2337308,"Martin Raay, Music-Prod Education","Music Production, Music Recording, Audio Production, Logic Pro, Music",Ableton Live,All Levels,3.5 hours,4.7,203,2046,"Rp149,000",1/2026,1,0,2,https://www.udemy.com/course/logic-pro-x-music-production/
Produce Deep Afro House music in Ableton 12,6998927,Rob Webster,"Music Production, Music",Ableton Live,Intermediate,1.5 hours,4.5,N/A,6,"Rp149,000",1/2026,0,0,0,https://www.udemy.com/course/produce-deep-afro-house-music-in-ableton-12/
How I Made This Track: Pixel Burn (Including Full Session),6845099,J. Anthony Allen,"Music Production, Music",Ableton Live,All Levels,1 hour,4.9,8,78,"Rp149,000",12/2025,3,0,1,https://www.udemy.com/course/full-track-sessions-pixel-burn-synthwave-cyberpunk-track/
Logic Pro: EDM Music Production in Chainsmokers Style Course,1641228,"Martin Raay, Music-Prod Education","Music Production, EDM, House Music, Logic Pro, Music",Ableton Live,All Levels,7 hours,4.7,141,4887,"Rp199,000",1/2026,1,0,1,https://www.udemy.com/course/chainsmokers-style-edm-music-production-course/
Bass House Basics for Beginners,6020944,Murmur Music,"Music Production, EDM, Music Mixing, House Music, Music",Ableton Live,Beginner,1 hour,5.0,2,8,"Rp149,000",6/2024,3,0,0,https://www.udemy.com/course/bass-house-basics-for-beginners/
Music Production 101 - Producing + Songwriting for Beginners,2367796,"Tomas George, Christopher Carvalho, Digital Music Masters","Music Production, Music Mixing, Audio Engineering, Songwriting, Music",Ableton Live,Beginner,2.5 hours,4.3,140,1244,"Rp149,000",3/2026,1,0,0,https://www.udemy.com/course/music-production-101-producing-and-songwriting-for-beginners/
Music Theory for Electronic Musicians 4: Twists and Turns,3226901,J. Anthony Allen,"Music Theory, Music Fundamentals, Music",Ableton Live,Intermediate,2.5 hours,4.8,228,2190,"Rp149,000",11/2025,2,0,2,https://www.udemy.com/course/music-theory-for-electronic-musicians-4-twists-and-turns/
FL Studio 20 - Produce a Trance Track using FL Studio,3088494,Stephen Loader,"Music Production, FL Studio, Music",Ableton Live,Beginner,3 hours,4.4,93,407,"Rp149,000",7/2020,7,0,5,https://www.udemy.com/course/how-to-produce-trance-using-fl-studio/
How To Create Multitrack Backing Tracks Using Ableton Live,2596586,Victor James,"Ableton Live, Music Software, Music",Ableton Live,All Levels,5 hours,4.6,84,218,"Rp479,000",2/2022,2,0,0,https://www.udemy.com/course/how-to-create-multitrack-backing-tracks-using-ableton-live/
Music Theory for Electronic Music Producers - Complete Guide,1317038,"Martin Raay, Music-Prod Education","Music Theory, Electronics, Music Fundamentals, Music",Ableton Live,All Levels,2.5 hours,4.4,397,6423,"Rp149,000",3/2026,2,0,1,https://www.udemy.com/course/learn-music-theory-for-electronic-music-producers/
Create a Finger-Drumming Rack in Ableton Live (Basics),231258,"Marc ""Selec"" Zimmermann","Ableton Live, Audio Editing, Music Production, Music",Ableton Live,Beginner,1.5 hours,4.7,15,1348,"Rp149,000",9/2015,0,0,2,https://www.udemy.com/course/create-a-finger-drumming-rack-in-ableton-live-basics/
FL Studio 20: Music Production in FL Studio for Mac & PC,4286970,"J. Anthony Allen, Punkademic Courses, Jacob Gundlach","FL Studio, Music Production, Music",Ableton Live,All Levels,6.5 hours,4.6,135,1732,"Rp149,000",11/2025,1,0,1,https://www.udemy.com/course/producing-with-fl-studio/
The Complete EDM Mastering Course,80928,Fuad Murad,"Ableton Live, EDM, Music Production, Music",Ableton Live,All Levels,1.5 hours,4.7,115,1208,"Rp149,000",8/2019,1,0,0,https://www.udemy.com/course/mastering-electro-house/
Music Theory for Music Producers and Beatmakers,6095781,Olbaid Music,"Music Theory, Music Production, Music Composition, Music Fundamentals, Music",Ableton Live,Beginner,2.5 hours,4.6,10,98,"Rp149,000",9/2024,0,0,3,https://www.udemy.com/course/music-theory-for-music-producers-and-beatmakers/
Produce a Retro Disco Boogie Record using Ableton Live Music,139894,Rob Webster,"Ableton Live, Music Theory, Music Production, Music",Ableton Live,Intermediate,2.5 hours,4.0,128,4222,"Rp149,000",1/2014,0,0,1,https://www.udemy.com/course/produce-a-retro-disco-boogie-record-using-ableton-live-music/
Produce a 1980's Electro Funk Track in Ableton Live 9 & 10,1967598,Rob Webster,"Music Production, Music",Ableton Live,Intermediate,3.5 hours,4.3,13,119,"Rp149,000",10/2018,0,0,1,https://www.udemy.com/course/produce-a-1980s-electronic-funk-track-in-ableton-live-9-10/
Precomposition: The Secret to Creating Great Music,6119163,J. Anthony Allen,"Music Composition, Music Production, Music",Ableton Live,All Levels,2 hours,4.5,42,366,"Rp149,000",12/2025,2,0,6,https://www.udemy.com/course/precomposition/
Master the Transitions in Your Music,3228901,Mikael Baggström,"Music Composition, Music Production, Sound Design, Music",Ableton Live,All Levels,3.5 hours,4.7,94,1078,"Rp149,000",9/2025,1,0,0,https://www.udemy.com/course/transitions-in-music/
Produce a Funky Deep Garage House Track in Ableton,6031916,Rob Webster,"Music Production, Music",Ableton Live,Intermediate,1.5 hours,5.0,2,15,"Rp149,000",6/2024,0,0,1,https://www.udemy.com/course/produce-a-deep-house-track-in-ableton/
Produce an old skool piano acid house track in Ableton,4839330,Rob Webster,"Ableton Live, Music Production, Music",Ableton Live,Beginner,2.5 hours,4.7,4,40,"Rp149,000",6/2024,0,0,1,https://www.udemy.com/course/produce-an-old-skool-piano-acid-house-track-in-ableton/
Logic Pro X Quick Start: Producing with Logic Pro X,1237386,J. Anthony Allen,"Logic Pro, Logic, Music Software, Music",Ableton Live,Beginner,3 hours,4.6,266,2595,"Rp149,000",2/2023,3,0,2,https://www.udemy.com/course/logic-pro-x-producing/
FL Studio Workflow - Learn How To Work Fast in FL Studio,2018512,"Martin Raay, Music-Prod Education","FL Studio, Music Software, Music",Ableton Live,All Levels,2 hours,4.6,470,5784,"Rp149,000",1/2026,1,0,0,https://www.udemy.com/course/fl-studio-workflow/
Logic Pro: EDM Electronic Music Production in Logic Pro,1691876,"Martin Raay, Music-Prod Education","Logic Pro, Audio Production, Music Production, Music Software, Music",Ableton Live,All Levels,5 hours,4.4,205,4343,"Rp149,000",1/2026,1,0,2,https://www.udemy.com/course/how-to-make-edx-style-complete-music-production-course/
Playing Psytrance live act with Ableton,4988088,Twisted Kala,"Ableton Live, Electronic Music, Music Techniques, Music",Ableton Live,Expert,1 hour,4.8,3,30,"Rp149,000",2/2023,0,0,8,https://www.udemy.com/course/playing-psytrance-live-act-with-ableton/
EDM Production: Finish Your Next Track in Less Than 2 Hours,1475580,Fuad Murad,"Electronic Music, Music Production, Music",Ableton Live,All Levels,2 hours,4.3,390,8959,"Rp149,000",11/2022,2,0,0,https://www.udemy.com/course/finish-more-music/
How to produce a Modern Deep Garage House track in Ableton,791588,Rob Webster,"Ableton Live, Music Production, Music",Ableton Live,Intermediate,2.5 hours,4.5,54,314,"Rp149,000",9/2023,0,0,10,https://www.udemy.com/course/how-to-produce-a-modern-deep-house-track-in-ableton-live-9/
EDM Mixing and Mastering - Get That Pro Sound Every Time,5711960,Fuad Murad,"Music Mixing, Music Production, Audio Engineering, Audio Production, Music",Ableton Live,All Levels,4.5 hours,4.8,86,428,"Rp149,000",1/2024,1,0,0,https://www.udemy.com/course/edm-mixing-mastering/
Mixing & Mastering Electronic Dance Music (EDM),857134,Fuad Murad,"Electronic Music, Dance, Music Mixing, EDM, Music Production",Ableton Live,All Levels,9 hours,4.4,874,6897,"Rp149,000",11/2022,3,0,1,https://www.udemy.com/course/mixing-mastering-edm/
FL Studio Upgrade Courses - Learn All FL Studio Updates,2484810,"Martin Raay, Music-Prod Education","Music Production, FL Studio, Music Software, Music",Ableton Live,All Levels,2.5 hours,4.6,101,1502,"Rp149,000",1/2026,1,0,0,https://www.udemy.com/course/fl-studio-upgrade/
Produce A Jackin Disco House Track in Ableton,6850915,Rob Webster,"Music Production, Music",Ableton Live,Intermediate,2 hours,4.7,N/A,5,"Rp149,000",9/2025,2,0,0,https://www.udemy.com/course/produce-a-jackin-disco-house-track-in-ableton/
Logic Pro Course: Dj Snake EDM Music Production in Logic Pro,1424968,"Martin Raay, Music-Prod Education","Logic Pro, Logic, Music Production, Music",Ableton Live,All Levels,4 hours,4.6,78,4706,"Rp149,000",1/2026,1,0,1,https://www.udemy.com/course/create-a-dj-snake-style-track-in-logic-pro-x/
Mixing And Mastering Electronic Music In Ableton Live,456982,Luke Ward,"Ableton Live, Electronics, Music Theory, Music Production, Music",Ableton Live,Intermediate,3.5 hours,3.6,12,50,"Rp399,000",3/2015,0,0,1,https://www.udemy.com/course/mixing-and-mastering-electronic-music/
Understanding MIDI: Create Compositions With Help Of MIDI FX,523628,"Marc ""Selec"" Zimmermann","Music Composition, Ableton Live, Music Production, Music",Ableton Live,Beginner,1 hour,4.3,25,1271,"Rp149,000",10/2015,0,0,0,https://www.udemy.com/course/understanding-midi/
FL Studio Course: Customize FL Studio for Music Production,2264414,"Martin Raay, Music-Prod Education","FL Studio, Music Software, Music",Ableton Live,All Levels,2 hours,4.7,113,3100,"Rp149,000",1/2026,1,0,0,https://www.udemy.com/course/fl-studio-mac/
PRODUCE MUSIC FASTER,6852177,Ozkan Ozmen,"Music Production, Music Composition, Music Mixing, Music",Ableton Live,Intermediate,2.5 hours,4.9,9,18,"Rp149,000",3/2026,1,0,13,https://www.udemy.com/course/produce-music-faster/
Music Production: Melodic Concepts Explained,6995579,Josh Cook,"Music Production, Music Theory, Ableton Live, Music",Ableton Live,Intermediate,2 hours,4.1,2,11,"Rp149,000",1/2026,0,0,0,https://www.udemy.com/course/music-production-melodic-concepts-explained/
Music Production: How To Make Tech House Track In 2022,4540786,MACROLEV MUSIC,"Music Production, Music Composition, Music Mixing, Sound Design, Music",Ableton Live,Intermediate,4 hours,4.6,33,178,"Rp149,000",2/2022,0,0,0,https://www.udemy.com/course/music-production-how-to-make-tech-house-track-in-2022/
Modern Deep House Production Course,5474898,Jorm Sandström,"Music Production, Music",Ableton Live,All Levels,2.5 hours,3.8,4,18,"Rp449,000",1/2024,0,0,1,https://www.udemy.com/course/modern-deep-house-production-course/
How to Producing Dance Pop Radio Track,5112140,HighLife Samples,"Music Production, Music",Ableton Live,All Levels,4.5 hours,4.9,4,23,"Rp149,000",1/2023,0,0,0,https://www.udemy.com/course/how-to-producing-dance-pop-radio-track/
Produce a Modern Synth Boogie Nu Disco Record in Ableton,5545902,Rob Webster,"Music Production, Ableton Live, Music Mixing, Music Fundamentals, Music",Ableton Live,Intermediate,2.5 hours,5.0,2,16,"Rp149,000",9/2023,0,0,1,https://www.udemy.com/course/produce-a-modern-synth-boogie-nu-disco-record-in-ableton/
Mix Electronic Dance Music with Free Plugins on any DAW,3038566,Max Porcelli,"Music Mixing, Audio Engineering, Audio Compression, Audio Equalization, Music Production",Ableton Live,All Levels,5.5 hours,5.0,13,90,"Rp149,000",1/2025,8,0,10,https://www.udemy.com/course/learn-how-to-mix-electronic-dance-music-with-free-plugins/
Music Production: Drums (Micro-Editing Techniques),6874451,Josh Cook,"Music Production, Music",Ableton Live,Intermediate,1.5 hours,5.0,2,7,"Rp149,000",10/2025,0,0,0,https://www.udemy.com/course/music-production-drums-micro-editing-techniques/
EDM Production Workshop - Compression & Dynamics,2568772,Fuad Murad,"Audio Compression, Music Production, Audio Engineering, Music Mixing, Music",Ableton Live,All Levels,3 hours,4.7,126,686,"Rp149,000",7/2025,4,0,1,https://www.udemy.com/course/edm-compression/
BESPOKE MUSIC PRODUCTION,5632772,Magnus Bertelsen,"Music Production, Music",Ableton Live,Intermediate,6 hours,5.0,3,19,"Rp149,000",10/2023,0,0,0,https://www.udemy.com/course/minusmanus/
Music Technology,4048058,Errol Rackipov,"Music Theory, Music Production, Music",Ableton Live,Beginner,13.5 hours,4.7,26,207,"Rp149,000",1/2024,0,0,8,https://www.udemy.com/course/introduction-to-music-technology/
The Complete Audio Producer 2021,2877064,Willow Sloane,"Audio Production, Music Recording, Music Production, Music",Ableton Live,All Levels,18 hours,4.4,528,2748,"Rp149,000",12/2020,57,0,54,https://www.udemy.com/course/the-complete-audio-producer-2020/
Logic Pro - Learn Future House Electronic Music Production,761596,"Martin Raay, Music-Prod Education","Logic Pro, Logic, Music Production, Music",Ableton Live,All Levels,6.5 hours,4.5,128,4767,"Rp149,000",1/2026,1,0,1,https://www.udemy.com/course/learn-future-house-in-logic-pro/
Advanced Music Production Secrets,1788610,Riley Weller,"Audio Production, Music Theory, Music Fundamentals, Music",Ableton Live,Intermediate,2.5 hours,4.4,23,216,"Rp149,000",6/2019,0,0,0,https://www.udemy.com/course/advanced-music-production-secrets/
Songwriting AND music production for self-produced musicians,1869464,Carlos Plaza Vegas,"Music Production, Music Composition, Audio Production, Songwriting, Music",Ableton Live,Beginner,7 hours,4.5,33,324,"Rp149,000",10/2018,0,0,3,https://www.udemy.com/course/songwriting-and-music-production-for-self-produced-musicians/
Music Production: Best Practices,6836465,Josh Cook,"Music Production, Ableton Live, Music Mixing, Music Software, Music",Ableton Live,Beginner,3 hours,5.0,1,7,"Rp149,000",9/2025,0,0,0,https://www.udemy.com/course/music-production-best-practices/
The Producer Within,6408049,Rory Thompson,"Music Production, Music",Ableton Live,Beginner,3 hours,5.0,1,9,"Rp149,000",1/2025,0,0,5,https://www.udemy.com/course/the-producer-within/
Learn Sidechain Compression for EDM Music Production,959024,Mikael Baggström,"Music Production, Audio Production, Music Theory, EDM, Music",Ableton Live,Beginner,28 mins,4.6,134,1883,"Rp149,000",6/2018,1,0,0,https://www.udemy.com/course/learn-sidechain-compression-for-music-production/
Ableton Wavetable Synthesizer Video Survival Guide Part 1+2,1582144,Music Chef,"Synthesizer, Ableton Live, Sound Design, Electronic Music, Music Software",Ableton Live,All Levels,3.5 hours,4.3,43,330,"Rp149,000",4/2018,0,0,46,https://www.udemy.com/course/ableton-wavetable-synthesizer-video-survival-guide/
Make Hit Music!,417534,Ian Anthony,"Music Theory, Music Software, Music",Ableton Live,Beginner,3.5 hours,4.1,31,1507,"Rp149,000",10/2016,0,0,0,https://www.udemy.com/course/beatsblueprint/
EDM Production Workshop - Kick Drum Design & Mixing,848248,Fuad Murad,"EDM, Sylenth, Music Production, Music",Ableton Live,All Levels,1 hour,4.7,168,2662,"Rp149,000",7/2025,1,0,0,https://www.udemy.com/course/how-to-make-a-kick-drum-sylenth1/
How To Produce Classic Italian Piano House in Ableton 10,2501478,Rob Webster,"Ableton Live, Music Production, Music Software, Music",Ableton Live,Intermediate,4 hours,4.3,6,62,"Rp149,000",8/2019,0,0,2,https://www.udemy.com/course/how-to-produce-classic-italian-piano-house-in-ableton-10/
Music Production: Drums (Samples and Loops),6861255,Josh Cook,"Music Production, Music",Ableton Live,Beginner,1.5 hours,5.0,1,6,"Rp149,000",10/2025,0,0,0,https://www.udemy.com/course/music-production-drums-samples-and-loops/
EDM Production with Dustycloud [Beginner Level],7011761,Tom Roy,"Music Production, Music",Ableton Live,Beginner,4 hours,5.0,1,2,"Rp149,000",2/2026,0,0,0,https://www.udemy.com/course/learn-edm-music-production-from-a-pro/
"Music Production, Mixing & Mastering The Fast Easy Way",4358100,Immersed Productions,"Music Production, Music",Ableton Live,All Levels,5 hours,4.4,363,7827,"Rp149,000",10/2023,0,0,0,https://www.udemy.com/course/produce-record-mix-master-music-like-a-pro/
How to Write and Finish Songs QUICKLY in Ableton Live!,1731314,Nikhil Bhat,"Ableton Live, Songwriting, Music Production, Digital Audio, Music Software",Ableton Live,Beginner,1 hour,4.0,15,1103,"Rp149,000",7/2018,0,0,1,https://www.udemy.com/course/the-art-of-quick-songwriting-in-ableton-live/
Logic Pro: Learn Creating Pryda EDM Style in Logic Pro,1784382,"Martin Raay, Music-Prod Education","Audio Production, Music Production, Electronic Music, Logic Pro, Music",Ableton Live,All Levels,7.5 hours,4.6,81,2487,"Rp149,000",1/2026,4,0,5,https://www.udemy.com/course/audio-production-learn-creating-pryda-style-in-logic-pro-x/
The Complete Musician by David Kowal - Audio & Music Skills,2747754,Dave Kowal,"Music Theory, Music Production, Music",Ableton Live,All Levels,6 hours,4.7,11,108,"Rp149,000",3/2026,0,0,40,https://www.udemy.com/course/complete-musician-practical-music-and-audio-skills/
Soundtracks with Ableton Session View: Make music in 5 min,6629293,Simone Gasparotto,"Ableton Live, Music Production, Music",Ableton Live,Beginner,5 hours,5.0,4,9,"Rp149,000",10/2025,0,0,47,https://www.udemy.com/course/soundtracks_with_ableton_session_view/
Mixing Music - Learn how to mix an EDM Song like a Pro!,366008,"Signature Sound, Ian Sutton","EDM, Music Theory, Music Mixing, Music Production, Music",Ableton Live,Intermediate,7.5 hours,4.3,75,839,"Rp149,000",12/2014,1,0,4,https://www.udemy.com/course/mixing-electronic-dance-music/
How to Make a Track Like Marshmello in FL Studio,2671386,Colin Warn,"FL Studio, Music Mixing, Music Production, Music",Ableton Live,Intermediate,1.5 hours,4.6,20,202,"Rp149,000",11/2019,1,0,0,https://www.udemy.com/course/marshmello/
Ableton Live 11: Sound Design Session I - Kicks,4200736,Niels Steinmetz,"Music Production, Sound Design, Ableton Live, Music",Ableton Live,All Levels,1.5 hours,4.3,14,4634,"Rp149,000",7/2021,0,0,0,https://www.udemy.com/course/ableton-live-sound-design-kicks/
Mastering Synth/Electro Pop Music Like a Pro,126552,Fuad Murad,"Music Production, Music",Ableton Live,All Levels,1.5 hours,4.7,23,277,"Rp149,000",12/2013,0,0,0,https://www.udemy.com/course/mastering-synth-pop/
Song Structure and Arrangement Music Course [FL Studio 20],2339222,Riley Weller,"Music Composition, Songwriting, FL Studio, Music Fundamentals, Music",Ableton Live,Intermediate,2.5 hours,4.2,61,442,"Rp149,000",6/2019,0,0,0,https://www.udemy.com/course/song-structure-and-arrangement-music-course-fl-studio/
Music Production I - Learn to be a Music Producer!,1024722,Mitch Houston,"Music Production, Audio Production, Audio Engineering, Music",Ableton Live,All Levels,8.5 hours,4.4,1754,8018,"Rp239,000",1/2023,24,0,6,https://www.udemy.com/course/music-production/
FL Studio - Musical Theory for Electronic Music Production,3100202,Stephen Loader,"Music Production, Music Fundamentals, Music",Ableton Live,Beginner,1 hour,4.2,37,192,"Rp149,000",7/2020,5,0,5,https://www.udemy.com/course/musical-theory-for-electronic-music-production/
Mastering EDM With Ozone 6,707512,Fuad Murad,"EDM, iZotope Ozone, Music Production, Music",Ableton Live,All Levels,2.5 hours,4.8,44,253,"Rp149,000",4/2016,1,0,0,https://www.udemy.com/course/mastering-edm-with-ozone-6/
Synthesis 202: Ableton Wavetable,4328350,Ben dudding,"Synthesizer, Ableton Live, Sound Design, Music Software, Music",Ableton Live,Intermediate,2 hours,4.8,6,58,"Rp149,000",3/2022,0,0,0,https://www.udemy.com/course/synthesis_202_ableton_wavetable/
"How To Make an EDM ""Banger"" - A Ghost Producer's Session",1040584,Colin Warn,"EDM, Music Composition, Music Production, Ghostwriting, Music",Ableton Live,All Levels,4.5 hours,3.5,12,241,"Rp149,000",12/2016,2,0,2,https://www.udemy.com/course/edmbanger/
How to Make a Track Like Martin Garrix (In FL Studio!),1111056,Colin Warn,"FL Studio, Music Composition, Music Mixing, Music Production, Music",Ableton Live,Intermediate,3 hours,4.4,235,1572,"Rp149,000",1/2019,1,0,0,https://www.udemy.com/course/edmgarrix/
Music Production Secrets: Boost your Productivity,4726546,Mikael Baggström,"Music Production, Music Composition, Music",Ableton Live,All Levels,2.5 hours,4.7,8,63,"Rp149,000",6/2022,0,0,0,https://www.udemy.com/course/music-production-secrets/
Bass Layering and Mixing For Electronic Music,1407324,Nathan Nyquist,"Music Production, Sound Design, Audio Engineering, EDM, Music",Ableton Live,All Levels,1 hour,4.3,60,349,"Rp149,000",3/2018,3,0,3,https://www.udemy.com/course/ultimate-bass-secrets/
Learn Music Production Essentials,1348280,"Gary Hiebner, Mikael Baggström","Music Production, Audio Engineering, Songwriting, Audio Production, Music",Ableton Live,All Levels,8 hours,4.5,335,2073,"Rp149,000",6/2020,5,0,4,https://www.udemy.com/course/learn-music-production-essentials/
Music Theory: Electronic Synth Music Production & Branding,2469508,Class Creatives,"Music Production, Electronic Music, Music Theory, Ableton Live, Music",Ableton Live,All Levels,2 hours,4.2,13,103,"Rp149,000",11/2025,2,0,1,https://www.udemy.com/course/ogre-sound-music-theory-electronic-synth-music-production-branding/
Make Your First Future Bass Track - In FL Studio,1112804,Colin Warn,"FL Studio, Music Production, Music",Ableton Live,Intermediate,2.5 hours,4.2,79,633,"Rp149,000",1/2019,1,0,0,https://www.udemy.com/course/futurebass/
EDM Mastering For Maximum Loudness,823908,Fuad Murad,"EDM, Music Production, Music",Ableton Live,All Levels,1.5 hours,4.5,105,774,"Rp149,000",9/2022,1,0,1,https://www.udemy.com/course/how-to-master-your-edm-tracks-for-maximum-loudness/
Trap Beat Wizardry: FL Studio Mastery Empowered by ChatGPT,5524010,"M.I.C School, Music Industry Hackers University","FL Studio, Music Production, ChatGPT, Audio Production, Instruments",Ableton Live,All Levels,7 hours,4.8,42,4936,"Rp149,000",8/2023,0,0,0,https://www.udemy.com/course/trap-beat-wizardry-fl-studio-mastery-empowered-by-chatgpt/
How to Create Music Lessons Chrome Music Lab,5786326,RL Wong,"Music Instruction, Music Software, Music",Ableton Live,Beginner,1 hour,5.0,2,4,"Rp149,000",1/2024,0,0,0,https://www.udemy.com/course/chrome-music-lab/
Music Producer Masterclass: Make Electronic Music,1199550,Chester Sky,"Music Production, Music Mixing, Music Marketing, FL Studio, Music",Ableton Live,All Levels,5 hours,4.3,1844,8843,"Rp149,000",11/2025,16,0,8,https://www.udemy.com/course/music-producer-masterclass/
Produce a Deep House Track in The Style of Kings of Tomorrow,5467176,Rob Webster,"Music Production, Music",Ableton Live,Intermediate,2 hours,4.2,5,22,"Rp149,000",9/2023,0,0,1,https://www.udemy.com/course/produce-a-deep-house-track-in-the-style-of-kings-of-tomorrow/
Music Production for Beginners | The Beat-making Process,1126904,Marlon McPherson,"Music Production, Audio Production, Music Mixing, Music Recording, Music",Ableton Live,Beginner,3 hours,4.5,68,322,"Rp149,000",5/2017,0,0,2,https://www.udemy.com/course/music-production-for-beginners/
HOW TO MAKE TECH HOUSE TRACK FROM START TO FINISH IN 2021,3759984,MACROLEV MUSIC,"Music Production, Music Mixing, Sound Design, Music Sampling, Music",Ableton Live,All Levels,4 hours,4.5,18,103,"Rp149,000",1/2021,0,0,0,https://www.udemy.com/course/how-to-make-tech-house-track-from-start-to-finish-in-2021/
Remixing Music With FL Studio Without Any Musical Knowledge,3451350,Anar Melikov,"FL Studio, Music Production, Music Software, Music",Ableton Live,Beginner,3 hours,4.3,59,5397,"Rp149,000",2/2021,2,0,2,https://www.udemy.com/course/learnremixing/
Music Production For Beginners: The Blueprint To Beatmaking,2662532,Kia Orion,"Music Production, Music",Ableton Live,Beginner,2.5 hours,4.4,54,365,"Rp149,000",12/2019,8,0,6,https://www.udemy.com/course/blueprinttobeatmaking/
The Complete Live Drums Editing & Mixing in Pro Tools Course,5803616,Chris Pearson,"Music Production, Music Mixing, Music Software, Music",Ableton Live,Intermediate,8 hours,4.5,8,39,"Rp149,000",5/2025,0,0,2,https://www.udemy.com/course/the-complete-live-drums-editing-mixing-in-pro-tools-course/
Music Sampling with FL Studio 20,2401326,Scott Robinson,"Music Sampling, Music Software, Music",Ableton Live,All Levels,2 hours,4.1,86,1052,"Rp149,000",2/2022,0,0,1,https://www.udemy.com/course/sampling-with-fl-studio-20/
How to Use a MIDI Keyboard as a Beatmaker in FL Studio,2659138,Riley Weller,"FL Studio, Music Composition, Music Production, Music",Ableton Live,Beginner,1.5 hours,4.9,14,1181,"Rp149,000",11/2019,0,0,0,https://www.udemy.com/course/how-to-use-a-midi-keyboard-as-a-beatmaker-in-fl-studio/
MUSIC PRODUCTION 101 (Course 1 of 6),1689526,MIXXIN Academy,"Music Production, Digital Audio, Ableton Live, Audio Engineering, Music",Ableton Live,Beginner,7.5 hours,4.4,141,6292,"Rp149,000",3/2024,1,0,0,https://www.udemy.com/course/the-digital-audio-workstation/
Music Production Masterclass: Write Songs In FL Studio 20,4654482,Joseph Khoury,"Music Production, Music",Ableton Live,All Levels,12.5 hours,4.6,58,940,"Rp149,000",7/2022,0,0,0,https://www.udemy.com/course/music-production-masterclass-write-songs-in-fl-studio-20/
Progressive House Music Production with Logic Pro,651978,Mbase Music,"Music Production, Audio Production, Logic, Music Theory, Music",Ableton Live,Beginner,2 hours,4.5,47,243,"Rp149,000",11/2016,0,0,2,https://www.udemy.com/course/progressive-house-music-production-course-logic-pro/
Music Production Fundamentals: Beginner's Guide,424958,Joseph Evans,"Music Production, Beat, Music",Ableton Live,Beginner,1.5 hours,4.3,453,5667,"Rp149,000",3/2024,4,0,5,https://www.udemy.com/course/music-production-fundamentals-101-make-beats-from-scratch/
Learn Deep House Production with Logic Pro,29072,Mohamed Kamal,"Music Production, Audio Production, Logic Pro, Music",Ableton Live,Intermediate,4.5 hours,3.8,58,841,"Rp149,000",11/2012,2,0,0,https://www.udemy.com/course/deep-house/
The Complete Guide To Making A Hard Techno Track,5564812,Matthew West,"Music Production, Music Composition, Music Mixing, Music",Ableton Live,Beginner,1 hour,4.6,3,41,"Rp249,000",9/2023,0,0,0,https://www.udemy.com/course/the-complete-guide-to-making-a-hard-techno-track/
How to Make a Track Like Deadmau5,1498098,Colin Warn,"Music Production, Sound Design, Music Composition, Music",Ableton Live,Intermediate,2.5 hours,4.6,21,135,"Rp149,000",1/2019,1,0,0,https://www.udemy.com/course/deadmau5/
WunderList: Exceptional Task Management Made Easy,277956,J. Anthony Allen,"Productivity Apps, Personal Productivity, Personal Development",Ableton Live,All Levels,1 hour,4.5,20,1332,"Rp149,000",2/2023,2,0,1,https://www.udemy.com/course/exceptional-task-management-with-wunderlist-3/
Introduction to Music Production,4342652,move Forward,"Music Production, Beat, Music",Ableton Live,Beginner,3 hours,4.7,10,26,"Rp149,000",11/2021,0,0,0,https://www.udemy.com/course/musicproduction/
How to Get Sample Clearance (For Music Artists),720242,"Sam Mollaei, Esq.","Music Sampling, Music Mixing, Music Recording, Other Music, Music",Ableton Live,All Levels,1 hour,4.3,49,1122,"Rp149,000",7/2020,3,0,0,https://www.udemy.com/course/sample-clearance/
Essential Music Production Equipment,1820794,Riley Weller,"Music Production, Audio Production, Music Theory, Music",Ableton Live,All Levels,2 hours,4.6,18,4847,"Rp149,000",7/2024,0,0,0,https://www.udemy.com/course/essential-gear-needed-to-make-beats/
Harmony and Chords 1 for Ableton & Push,2113708,Robbie James,"Ableton Push, Music Production, Music",Ableton Live,Beginner,43 mins,4.3,23,1226,"Rp149,000",5/2020,0,0,0,https://www.udemy.com/course/harmonyandchords1abletonpush/
Music Production for Beginners,464172,Ben Thornburg,"Music Production, Music",Ableton Live,Beginner,3.5 hours,4.6,13,116,"Rp149,000",7/2017,1,0,6,https://www.udemy.com/course/intro-to-music-production-with-reason/
Music Automations 101 - Make Your Build Ups Epic,5874468,Beats By Dj Legion,"Music Production, Music",Ableton Live,Beginner,1 hour,4.5,5,12,"Rp149,000",3/2024,0,0,0,https://www.udemy.com/course/music-automations-101-make-your-build-ups-epic/
How To Make an Avicii-Style Track (in FL Studio),883384,Colin Warn,"FL Studio, Music Composition, Music Production, Music Theory, Music",Ableton Live,All Levels,2.5 hours,3.7,36,375,"Rp149,000",1/2019,0,0,0,https://www.udemy.com/course/aviciistyletrack/
Music Production II - Music Production Workflow - COMPLETE!!,1061306,Mitch Houston,"Audio Production, Workflow, Audio Engineering, Music Production, Music Software",Ableton Live,All Levels,9.5 hours,4.4,344,4576,"Rp149,000",9/2019,25,0,25,https://www.udemy.com/course/music-production-ii-recording-complete-course/
Sound Selection in Beats (How to Choose Sounds in Beats),5339578,Riley Weller,"Music Production, FL Studio, Music Mixing, Music",Ableton Live,Intermediate,2.5 hours,4.8,11,1094,"Rp149,000",5/2023,0,0,0,https://www.udemy.com/course/sound-selection-in-beats-tutorial-course/
Music Production Fundamentals: Make Beats Like The Weeknd,2977462,Kia Orion,"Music Production, Music Fundamentals, Music",Ableton Live,Beginner,5 hours,5.0,1,57,"Rp149,000",5/2020,1,0,0,https://www.udemy.com/course/theweeknd/
Learn FL Studio 20/21: Create Electronic Music For PC & Mac,2818779,Asa Eccleston Kibilski,"Music Production, Music",Ableton Live,All Levels,4.5 hours,4.7,17,111,"Rp319,000",6/2024,1,0,2,https://www.udemy.com/course/learn-fl-studio-20-create-electronic-music-for-pc-mac/
Music Theory and Chords for Beatmakers and Producers,2098286,Riley Weller,"Music Improvisation, Music Theory, Music Production, Music Fundamentals, Music",Ableton Live,Beginner,2 hours,4.2,23,1616,"Rp149,000",6/2020,0,0,0,https://www.udemy.com/course/music-theory-and-chords/
Advanced Beat Making for Beginners,396854,Joseph Evans,"Beat, Audio Production, Music Production, Music",Ableton Live,Beginner,6.5 hours,4.3,184,2302,"Rp149,000",3/2024,1,0,0,https://www.udemy.com/course/learn-how-to-make-banging-beats-with-no-experience/
Mastering Techniques - Mastering EDM (The Complete Guide),1060714,Thomas R,"EDM, Music Production, Music",Ableton Live,All Levels,5 hours,4.3,18,106,"Rp149,000",2/2017,0,0,0,https://www.udemy.com/course/mastering-edm-the-complete-guide/
Mixing 101: Learn The Essential Mixing Skills,5696200,Beats By Dj Legion,"Music Mixing, Music Production, Music Instruction, Music",Ableton Live,Beginner,2 hours,5.0,8,21,"Rp149,000",12/2023,0,0,0,https://www.udemy.com/course/mixing-101-learn-the-essential-mixing-skills/
Digital Music Production - Creating Tomorrow's Hit Songs!,524202,Erik Schaepers,"Music Production, Music",Ableton Live,Intermediate,1.5 hours,4.5,19,601,"Rp149,000",2/2019,0,0,7,https://www.udemy.com/course/digital-music-production-creating-tomorrows-hit-songs/
FL Studio 20 - How to Produce Electronic Music in FL Studio,3081256,Stephen Loader,"FL Studio, Music Production, Music",Ableton Live,Beginner,3 hours,4.3,130,7051,"Rp149,000",6/2020,24,0,17,https://www.udemy.com/course/the-basics-of-fl-studio-how-to-produce-electronic-music/
Mastering Beat Mixing: Techniques for Any DAW,387774,Joseph Evans,"Music Mixing, Music Production, Music",Ableton Live,Beginner,4 hours,4.3,141,1587,"Rp149,000",3/2024,3,0,0,https://www.udemy.com/course/mixing-tips-for-beginners-using-logic-pro/
Logic Live Loops | Logic Pro X - 10.5 Update,3210773,Ben Rowlands,"Live Looping, Logic Pro, Music Software, Music",Ableton Live,All Levels,1.5 hours,4.5,32,154,"Rp149,000",6/2020,0,0,0,https://www.udemy.com/course/logic-live-loops-logic-pro-x/
Create your first electronic music track with Pro Tools,119198,Carole Issa,"Pro Tools, Electronics, Music Theory, Design Tools, Design",Ableton Live,All Levels,2 hours,4.6,29,742,"Rp149,000",5/2014,1,0,7,https://www.udemy.com/course/pro-tools-jump-start-volume1/
Make FIRE Beats Using Chord Progressions,831484,"Joseph Evans, Matt","Music Theory, Music Fundamentals, Music",Ableton Live,Beginner,1 hour,4.3,40,2285,"Rp149,000",8/2022,0,0,0,https://www.udemy.com/course/music-theory-for-beat-makers-2-popular-chord-progressions/
Making Electronic Music with Logic Pro X Track From Scratch,2350878,"Scott Robinson, Warrior Sound","Music Production, Music Software, Music",Ableton Live,All Levels,5.5 hours,4.6,23,1844,"Rp149,000",6/2019,0,0,2,https://www.udemy.com/course/6step-music-production-in-logic-pro-x/
How to become a successful music producer,629666,O M,"Music Production, Music Marketing, Marketing Strategy, Strategic Planning, Music",Ableton Live,All Levels,1.5 hours,4.4,22,464,"Rp149,000",10/2015,0,0,0,https://www.udemy.com/course/how-to-become-a-successful-music-producer/
Kick & bass mixing in electronic music,672886,Nikita Om,"Electronic Music, Bass Guitar, Electronics, Music Theory, Music Production",Ableton Live,Intermediate,1.5 hours,3.9,22,99,"Rp249,000",4/2017,0,0,0,https://www.udemy.com/course/kick-bass-complete/
Learning Apple Logic Pro X - Master Logic Pro X Quickly,222100,Infinite Skills,"Logic Pro, Logic, Music Software, Music",Ableton Live,All Levels,6.5 hours,4.5,407,2516,"Rp149,000",1/2017,1,0,1,https://www.udemy.com/course/apple-logic-pro-x-master-logic-pro-x-quickly/
Music Production in Ableton Live 9 - The Beginners Guide!,1015608,"Tomas George, Digital Music Masters","Ableton Live, Audio Production, Music Theory, Music Production, Music",Ableton Live,Beginner,1 hour,4.3,382,12365,Free,1/2023,1,0,0,https://www.udemy.com/course/abletonlivebeginner/
Using Ableton Live to create a Books And Beats Club,5937488,Yadvinder Singh,"Ableton Live, Music Production, Music",Ableton Live,Beginner,32 mins,5.0,1,309,Free,4/2024,1,0,0,https://www.udemy.com/course/booksandbeats1/
Ableton Live Introduction,628210,J. Anthony Allen,"Ableton Live, Music Software, Music",Ableton Live,Beginner,1 hour,4.5,633,11845,Free,2/2023,1,0,1,https://www.udemy.com/course/ableton-live-introduction/
How the Instruments Simpler & Sampler of Ableton Live works,4332362,Ramon Miras Pazos,"Ableton Live, Electronic Music, Music Production, Music",Ableton Live,Beginner,1 hour,4.9,12,2185,Free,10/2021,0,0,0,https://www.udemy.com/course/how-the-instruments-simpler-sampler-of-ableton-live-works/
Learn Ableton Live 10 Lite - Quick Start | Beginners Course,2030188,Josh Van Riel,"Ableton Live, Music Production, Music",Ableton Live,Beginner,1.5 hours,4.6,514,8938,Free,4/2019,1,0,0,https://www.udemy.com/course/learn-ableton-live-10-lite-free-quick-start-beginners-course/
Ableton Live for Beginners (Lite),3904896,Dylan Bowes,"Ableton Live, Music Production, Music",Ableton Live,Beginner,39 mins,4.6,88,1463,Free,1/2022,0,0,0,https://www.udemy.com/course/ableton-live-for-beginners-lite/
Music Production in Ableton Live 9 - 5 Step Beginners Guide!,1280622,"Tomas George, Digital Music Masters","Ableton Live, Music Production, Music Software, Music",Ableton Live,Beginner,41 mins,4.5,84,7221,Free,1/2023,1,0,0,https://www.udemy.com/course/abletonlive5steps/
Ableton Certified Training: Getting Started with Live 12,5867402,J. Anthony Allen,"Ableton Live, Music Software, Music",Ableton Live,All Levels,1.5 hours,4.5,159,2140,Free,11/2025,2,0,2,https://www.udemy.com/course/free-ableton-class/
Essentials of Ableton Live 12 Shortcuts,6251869,Sanskar Vaishya,"Music Instruction, Music Software, Music",Ableton Live,Beginner,1 hour,4.4,17,1104,Free,12/2024,0,0,0,https://www.udemy.com/course/essentials-of-ableton-live-12-shortcuts/
Music Production - 7 Essentials in Ableton Live 9!,1285584,"Tomas George, Digital Music Masters","Ableton Live, Music Production, Music Software, Music",Ableton Live,Beginner,32 mins,4.3,78,6176,Free,1/2023,1,0,0,https://www.udemy.com/course/abletonliveessentials/
Electronic Music Production in Ableton Live (Level I),1225702,Noiselab Courses,"Ableton Live, Electronic Music, Music Theory, Music Production, Music",Ableton Live,Beginner,4 hours,4.5,708,17324,Free,6/2017,0,0,0,https://www.udemy.com/course/electronic-music-production-in-ableton-live-level-1/
Ableton Live - Free Beginners Course,3792092,Omar Meho,"Music Production, Music",Ableton Live,All Levels,1.5 hours,4.1,25,1482,Free,9/2023,0,0,0,https://www.udemy.com/course/music-production-free-taster-course/
Ableton Live For Beginners - Step By Step,4432806,Gabriel Felix,"Ableton Live, Music Software, Music",Ableton Live,Beginner,2 hours,3.7,21,1539,Free,12/2021,0,0,0,https://www.udemy.com/course/ableton-live-for-beginners-step-by-step/
Ableton Live: Music Production Crash Course,4754896,"Video School, Phil Ebiner, Matt Kass","Ableton Live, Music Software, Music",Ableton Live,All Levels,1 hour,4.2,49,1585,Free,4/2024,2,0,0,https://www.udemy.com/course/ableton-live-music-production-course/
Learn Music Production with Ableton,4221348,Dylan Bowes,"Ableton Live, Music Mixing, Music Production, Sound Design, Music",Ableton Live,Beginner,1.5 hours,4.4,33,3252,Free,11/2022,0,0,0,https://www.udemy.com/course/learn-music-production/
Introuction to Ableton Live 10 - Make Your Own Music & Sound,2927580,Hesham Hassanein,"Music Production, Music Software, Music",Ableton Live,Beginner,1.5 hours,3.6,16,1491,Free,7/2020,0,0,1,https://www.udemy.com/course/introuction-to-ableton-live-10/
Intervals and melodies 1 for Ableton Push,1340510,Robbie James,"Ableton Push, Music Theory, Instruments, Music",Ableton Live,Beginner,31 mins,4.3,74,2692,Free,5/2020,1,0,0,https://www.udemy.com/course/pushintervalsandmelodies1/
The Life of the Music Producer: The Top 5 Producer Secrets,4577954,J. Anthony Allen,"Audio Production, Music Production, Music Sampling, Music",Ableton Live,All Levels,1 hour,4.7,162,3421,Free,11/2025,1,0,1,https://www.udemy.com/course/the-top-5-producer-secrets/
Making Electronic Music & Visuals,3951524,Michael Filimowicz,"Electronic Music, Music Production, Video Creation, Programming Fundamentals, Music",Ableton Live,Intermediate,1 hour,4.0,21,3598,Free,8/2025,204,0,5,https://www.udemy.com/course/making-electronic-music/
Making Music 8 Creating Beats with The MPC Live 2,5580412,Yadvinder Singh,"Music Production, Music",Ableton Live,Beginner,30 mins,4.5,3,391,Free,9/2023,2,0,0,https://www.udemy.com/course/mpclive2part2/
A Beginner's Guide To Creating A Home Recording Studio,6311809,John Walden,"Music Production, Music",Ableton Live,Beginner,2 hours,4.8,37,1638,Free,1/2026,0,0,0,https://www.udemy.com/course/a-beginners-guide-to-creating-a-home-recording-studio/
How to Arrange Electronic Dance Music.,4399838,Rick Snoman,"Music Production, Music",Ableton Live,All Levels,1 hour,4.6,147,2008,Free,11/2021,0,0,0,https://www.udemy.com/course/how-to-arrange-electronic-dance-music/
Produce Music in 5 Minutes,1356010,Jay Picasso,"Music Production, Music",Ableton Live,Intermediate,35 mins,4.1,167,7020,Free,9/2017,3,0,0,https://www.udemy.com/course/produce-music-in-5-minutes/
Music Production - Learn the Compressor Effect,905072,Mikael Baggström,"Music Production, Audio Production, Music Theory, Music",Ableton Live,Beginner,32 mins,4.6,448,7380,Free,6/2018,1,0,0,https://www.udemy.com/course/music-production-learn-the-compressor-effect/
Electronic Music Arrangement: Escape the 8 Bar Loop,248284,Zachary Citron,"Electronic Music, Music Composition, Electronics, Music Theory, Music Production",Ableton Live,Beginner,2 hours,4.2,256,2848,Free,11/2014,0,0,0,https://www.udemy.com/course/electronic-music-arrangement-escape-the-8-bar-loop/
Professional Studio Startup - Step by Step,6131713,Gabriel Felix,"Music Recording, Music Business, Music Production, Music",Ableton Live,Beginner,32 mins,4.2,3,384,Free,8/2024,0,0,2,https://www.udemy.com/course/professional-studio-startup-step-by-step/
FL Studio Introduction - Learn the Basics of FL Studio,4712436,"Tomas George, Digital Music Masters","FL Studio, Music Software, Music",Ableton Live,Beginner,1 hour,4.6,478,7912,Free,3/2026,0,0,1,https://www.udemy.com/course/fl-studio-introduction-course/
Make Your First EDM Track - No Experience Required!,1036602,Colin Warn,"EDM, Music Production, Music Mixing, FL Studio, Music",Ableton Live,Beginner,3 hours,4.5,1749,26481,Free,1/2019,2,0,3,https://www.udemy.com/course/firstedmtrack/
Create a Music Production Template in Logic Pro X,2110250,Mikael Baggström,"Logic Pro, Music Production, Music Software, Music",Ableton Live,All Levels,41 mins,4.6,141,5706,Free,8/2021,1,0,0,https://www.udemy.com/course/music-production-template-in-logic-pro-x/
Music Production in Logic Pro - The Beginners Guide!,955042,"Tomas George, Digital Music Masters","Logic Pro, Audio Production, Logic, Music Theory, Music Software",Ableton Live,Beginner,1 hour,4.5,896,16432,Free,5/2024,1,0,0,https://www.udemy.com/course/logicproxintro/
Music Production in Logic Pro -Beginner Guide 5 Easy Steps,1281140,"Tomas George, Digital Music Masters","Music Production, Logic Pro, Music Software, Music",Ableton Live,Beginner,N/A,4.4,240,8285,"Rp149,000",5/2024,0,0,0,https://www.udemy.com/course/logicprobeginner/
Music Production in Logic Pro : The Beginner's Workshop!,1783352,"Tomas George, Digital Music Masters","Logic Pro, Logic, Audio Production, Music Theory, Music Production",Ableton Live,Beginner,1 hour,4.4,228,10743,Free,3/2026,1,0,0,https://www.udemy.com/course/logic-pro-x-beginners-workshop/
Music Theory for Electronic Producers - The Beginners Guide!,1020834,"Tomas George, Digital Music Masters","Music Theory, Music Production, Music Techniques, Music",Ableton Live,Beginner,1 hour,4.2,607,15646,Free,3/2026,1,0,0,https://www.udemy.com/course/beginnerselectronicmusictheory/
Performance Class: Live Worship with Ableton Live,6533175,David Regueira Alves,"Music Software, Music",Ableton Live,Beginner,3 hours,N/A,N/A,3,"Rp149,000",3/2025,0,0,0,https://www.udemy.com/course/performance-class-live-worship-with-ableton-live/
Music Theory - Fundamentals for Composition in Any Genre,3549198,Max Konyi,"Music Composition, Music Theory, Music Fundamentals, Music",Ableton Live,All Levels,8 hours,4.8,1586,7950,"Rp159,000",6/2021,0,0,12,https://www.udemy.com/course/mwd-part1/
Logic Pro Essentials - Quick Start Music Production Course,6947593,"Tomas George, Digital Music Masters","Logic Pro, Music Production, Music Software, Music",Ableton Live,Beginner,2.5 hours,4.4,26,232,"Rp149,000",2/2026,0,0,20,https://www.udemy.com/course/logic-pro-essentials/
"Film, TV, & Video Game Music Composition + Production Basics",890622,Steven Melin,"Game Music, Music Composition, Music Production, Music",Ableton Live,Beginner,60.5 hours,4.5,1437,12298,"Rp159,000",1/2026,0,0,5,https://www.udemy.com/course/film-tv-video-game-music-composition-production/
Lofi Music Production - A Songwriters Guide,4939008,Mike Barnes,"Music Production, Songwriting, Music",Ableton Live,All Levels,2 hours,4.6,208,1181,"Rp149,000",10/2022,0,0,1,https://www.udemy.com/course/lofi-music-production-a-songwriters-guide/
432hz Psytrance music production course,5277512,Gilbert Cordina,"Music Production, Music",Ableton Live,Intermediate,9.5 hours,4.7,21,205,"Rp149,000",4/2023,0,0,0,https://www.udemy.com/course/432hz-psytrance-music-production-course/
Synthesis and Sound Design: The Complete Beginner's Guide,4686268,Steve Lydford,"Synthesizer, Sound Design, Music Production, Music",Ableton Live,Beginner,6.5 hours,4.5,511,2778,"Rp159,000",8/2022,2,0,3,https://www.udemy.com/course/the-complete-beginners-guide-to-synthesis-and-sound-design/
Ultimate Live Sound School (1st Edition),1163182,David Wills,"Audio Engineering, Audio Production, Music Production, Music",Ableton Live,All Levels,4.5 hours,4.6,2323,8210,"Rp159,000",1/2018,0,0,0,https://www.udemy.com/course/ultimate-live-sound-school-1st-edition/
Logic Pro Masterclass: The only course you need,5829886,"Marius Worch, Vincent Koehler","Logic Pro, Music Production, Music",Ableton Live,All Levels,28 hours,4.6,74,465,"Rp149,000",4/2025,0,0,41,https://www.udemy.com/course/logic-pro-masterclass/
The Ultimate EDM Music Production Course with Logic Pro 11,6527271,Michael Muller Silveira Batista,"Music Production, Music Composition, Audio Production, Music",Ableton Live,All Levels,8 hours,4.8,11,86,"Rp149,000",6/2025,0,0,1,https://www.udemy.com/course/the-ultimate-edm-music-production-course-with-logic-pro-11/
Game Music in FL Studio: Learn Music Theory From Scratch,6743229,Maciej Śniegucki,"Game Music, Music Production, Music",Ableton Live,All Levels,14.5 hours,4.8,23,254,"Rp149,000",11/2025,0,0,0,https://www.udemy.com/course/game-music-in-fl-studio-learn-music-theory-from-scratch/
"Music Theory - Melody, Scales & Modes for Composition",3639962,Max Konyi,"Music Composition, Music Theory, Music Techniques, Music",Ableton Live,Intermediate,6 hours,4.9,448,4770,"Rp149,000",5/2021,0,0,5,https://www.udemy.com/course/mwd-part2/
How to use Synthesizers for Music Production,2154504,Mikael Baggström,"Synthesizer, Music Production, Sound Design, Music",Ableton Live,All Levels,2 hours,4.7,175,1382,"Rp149,000",8/2021,1,0,0,https://www.udemy.com/course/sound-design-on-synthesizers-for-music-production/
Making Beats in FL Studio: THE Music Production Masterclass,6578145,Benjamin Lynott,"Music Production, FL Studio, Music",Ableton Live,All Levels,9.5 hours,4.5,71,444,"Rp149,000",4/2026,0,0,1,https://www.udemy.com/course/the-music-production-masterclass-making-beats-in-fl-studio/
Logic Pro In A Day - Beginners Logic Pro Complete Course,764772,"Martin Raay, Music-Prod Education","Logic Pro, Logic, Music Software, Music",Ableton Live,All Levels,4.5 hours,4.5,531,5995,"Rp159,000",1/2026,0,0,0,https://www.udemy.com/course/managing-logic-pro-x-in-a-day/
"Bandlab Bootcamp: Master Music Production, Recording, Mixing",5892232,S9 Academy,"Music Production, Music",Ableton Live,All Levels,5 hours,4.7,37,291,"Rp149,000",5/2024,0,0,0,https://www.udemy.com/course/bandlab-bootcamp-master-music-production-recording-mixing/
Sound Design in 90 Minutes: Fast-Track Guide to Synthesizers,6795835,J. Anthony Allen,"Sound Design, Synthesizer, Music Production, Music",Ableton Live,Beginner,2 hours,4.6,19,191,"Rp149,000",12/2025,1,0,1,https://www.udemy.com/course/sound-design-in-90-minutes-fast-track-guide-to-synthesizers/
"Music Theory Comprehensive Complete: Part 10, 11, & 12",1641538,J. Anthony Allen,"Music Theory, Music Fundamentals, Music",Ableton Live,Intermediate,8 hours,4.9,486,15558,"Rp239,000",11/2025,15,0,20,https://www.udemy.com/course/music-theory-comprehensive-combined-part-10-11-12/
LOFI music production : The Ultimate Guide,4741092,Slapback Academy,"Music Production, Music",Ableton Live,All Levels,1 hour,3.9,18,99,"Rp149,000",6/2022,1,0,0,https://www.udemy.com/course/lofi-music-production-the-ultimate-guide/
The Complete House & Techno DJ Course: Beginner/Intermediate,5654152,Robert Simoes,"DJ, Electronic Music, Instruments, Music",Ableton Live,Beginner,10.5 hours,4.5,40,1215,"Rp149,000",2/2026,3,0,34,https://www.udemy.com/course/l2dj-btoi/
Music Production + Composition in FL Studio - Complete Guide,4939774,Chris Smith,"Music Production, FL Studio, Music Composition, Music Theory, Music",Ableton Live,All Levels,21.5 hours,4.8,435,3105,"Rp149,000",8/2023,1,0,4,https://www.udemy.com/course/music-production-fl-studio/
Beginner's Guide to Electronic Music Production on Bitwig,5680690,Gilbert Cordina,"Music Production, Music",Ableton Live,Beginner,5.5 hours,4.7,31,1218,"Rp149,000",4/2024,0,0,0,https://www.udemy.com/course/beginners-guide-to-electronic-music-production/
"Music Theory Comprehensive Complete: Part 7, 8, & 9",1327254,J. Anthony Allen,"Music Theory, Music Fundamentals, Music",Ableton Live,Intermediate,9.5 hours,4.8,992,26380,"Rp339,000",11/2025,23,0,28,https://www.udemy.com/course/music-theory-comprehensive-combined-part-7-8-9/
"Music Theory Comprehensive Complete: Parts 16, 17, & 18",3121272,J. Anthony Allen,"Music Theory, Music Fundamentals, Music",Ableton Live,Expert,7 hours,4.9,226,6371,"Rp149,000",11/2025,11,0,18,https://www.udemy.com/course/music-theory-comprehensive-complete-parts-16-17-18/
"Music Theory Comprehensive Complete: Part 4, 5, & 6",1148430,J. Anthony Allen,"Music Theory, Music Composition, Music Fundamentals, Music",Ableton Live,Intermediate,10 hours,4.6,3905,49824,"Rp349,000",1/2026,28,0,28,https://www.udemy.com/course/music-theory-comprehensive-combined-part-4-5-6/
Music Theory for Songwriters Masterclass,6071291,J. Anthony Allen,"Music Theory, Music Fundamentals, Music",Ableton Live,All Levels,6 hours,4.7,53,433,"Rp149,000",12/2025,13,0,15,https://www.udemy.com/course/theory-for-songwriters/
Advanced Synthesis Techniques with Serum,3550080,Jor van der Poel,"Sound Design, Xfer Serum, Music Software, Music",Ableton Live,All Levels,9.5 hours,4.6,471,3232,"Rp149,000",12/2024,0,0,5,https://www.udemy.com/course/advanced-synthesis-techniques-with-serum/
Afro House Masterclass with Umut Uslusoy,6480349,Umut Uslusoy,"Music Production, Music",Ableton Live,All Levels,2.5 hours,5.0,1,15,"Rp149,000",3/2025,0,0,0,https://www.udemy.com/course/afro-house-masterclass-with-umut-uslusoy/
"Max and MaxForLive, Part 2: Programming in Max",5601730,J. Anthony Allen,"Max For Live, Music Software, Music",Ableton Live,Intermediate,4 hours,4.7,43,348,"Rp149,000",11/2025,5,0,5,https://www.udemy.com/course/maxprogramming/
Music Production: Vocal Processing,6995583,Josh Cook,"Music Mixing, Ableton Live, Music Production, Music",Ableton Live,Intermediate,3.5 hours,5.0,1,7,"Rp149,000",1/2026,0,0,0,https://www.udemy.com/course/music-production-vocal-processing/
Beginner's Guide to Producing Basslines,5785022,Rob Jones,"Music Composition, Music Production, Music",Ableton Live,Beginner,2.5 hours,3.7,4,25,"Rp149,000",1/2024,0,0,1,https://www.udemy.com/course/bassline-fundamentals/
How to Make Sad Emotional Music,3657074,Mikael Baggström,"Music Composition, Music Production, Songwriting, Music",Ableton Live,All Levels,2.5 hours,4.7,42,454,"Rp149,000",9/2025,1,0,0,https://www.udemy.com/course/how-to-make-sad-music/
"Music Theory Comprehensive Complete: Parts 13, 14, & 15",2556168,J. Anthony Allen,"Music Theory, Music Fundamentals, Music",Ableton Live,Intermediate,8.5 hours,4.9,305,8047,"Rp149,000",11/2025,14,0,23,https://www.udemy.com/course/music-theory-comprehensive-parts-13-14-15/
Beginner's Guide to Music Theory for Producers,5785542,Rob Jones,"Music Theory, Music Production, Music",Ableton Live,Beginner,2 hours,4.7,3,11,"Rp149,000",1/2024,0,0,1,https://www.udemy.com/course/beginners-guide-to-music-theory-for-producers/
Xfer Serum Synthesizer - Sound Design + Music Production,1959240,"Tomas George, Christopher Carvalho, Digital Music Masters","Sound Design, Synthesizer, Music Production, Xfer Serum, Music Software",Ableton Live,All Levels,3 hours,4.4,513,3024,"Rp159,000",3/2026,1,0,0,https://www.udemy.com/course/xfer-serum-synthesizer-sound-design-synthesis-course/
"Music Theory Comprehensive Complete: Parts 19, 20, & 21",3448288,J. Anthony Allen,"Music Theory, Music Fundamentals, Music",Ableton Live,Expert,8 hours,4.8,169,5166,"Rp149,000",11/2025,11,0,11,https://www.udemy.com/course/music-theory-comprehensive-complete-parts-19-20-21/
Songwriting & Music Production:The Essential Beginners Guide,6114357,Mike Barnes,"Music Production, Songwriting, Music Fundamentals, Music",Ableton Live,Beginner,2 hours,4.8,61,2257,"Rp149,000",8/2024,0,0,0,https://www.udemy.com/course/songwriting-music-productionthe-essential-beginners-guide/
The ultimate walkthrough of Dynamics Processors.,4399122,Rick Snoman,"Music Production, Music",Ableton Live,All Levels,5 hours,4.4,7,41,"Rp149,000",11/2021,0,0,0,https://www.udemy.com/course/the-ultimate-walkthrough-of-dynamics-processors/
Akai MPC 3 Complete Workflow Guide,6156237,Tosin Awodogan,"Music Production, Music",Ableton Live,All Levels,5 hours,4.4,150,689,"Rp149,000",11/2024,2,0,1,https://www.udemy.com/course/akai-mpc3-workflow/
Audio Engineering Fundamentals: beginner's guide,2664668,Marco Galvan,"Audio Engineering, Music Production, Music",Ableton Live,Beginner,2 hours,4.5,597,2500,"Rp149,000",3/2026,8,0,9,https://www.udemy.com/course/audio-engineering-fundamentals/
Master Emotions in Your Music,4023814,Mikael Baggström,"Music Composition, Music Production, Music",Ableton Live,All Levels,4 hours,4.6,160,1373,"Rp149,000",1/2026,1,0,0,https://www.udemy.com/course/how-to-master-emotions-in-your-music/
How to Make a Professional Future Bass Track,3867218,Memphy // Mathias Stromqvist,"Music Production, Music Mixing, Music",Ableton Live,Beginner,1.5 hours,4.0,4,28,"Rp149,000",4/2024,1,0,0,https://www.udemy.com/course/how-to-make-a-professional-future-bass-track/
How to Remix in Logic Pro X,39515,Dylan Bowes,"Music Mixing, Logic, Logic Pro, Music Production, Music",Ableton Live,All Levels,5.5 hours,4.5,263,3896,"Rp149,000",9/2021,0,0,3,https://www.udemy.com/course/createaremixinlogicpro9/
Design Trap Sounds with Massive,399722,Dylan Bowes,"MASSIVE Synthesizer, Sound Design, Music Software, Music",Ableton Live,All Levels,5 hours,4.8,124,2387,"Rp149,000",6/2022,0,0,44,https://www.udemy.com/course/massivetraptutorial/
Music Theory and Reading Music - The Beginners Guide!,1863032,"Tomas George, Jeremy Deighan - 300,000+ Students, Digital Music Masters","Music Theory, Reading Music, Songwriting, Music Composition, Music Fundamentals",Ableton Live,Beginner,5.5 hours,4.5,192,7993,"Rp149,000",3/2026,1,0,0,https://www.udemy.com/course/music-theory-and-reading-music-course/
Master Omnisphere in 2.5 hours,1933660,Mikael Baggström,"Music Production, Synthesizer, Sound Design, Music",Ableton Live,All Levels,2.5 hours,4.8,326,1321,"Rp149,000",9/2025,1,0,0,https://www.udemy.com/course/omnisphere-tutorial/
Audio Engineering Fundamentals,4840200,David Lauritsen,"Audio Engineering, Music Production, Music",Ableton Live,All Levels,12 hours,4.7,482,2875,"Rp149,000",1/2025,0,0,31,https://www.udemy.com/course/audio-engineering-fundamentals-r/
FL Studio Hardstyle Production - How to make melodic Raw,1900120,KM F,"FL Studio, Music Production, Music",Ableton Live,Intermediate,10 hours,3.3,8,109,"Rp159,000",10/2018,2,0,2,https://www.udemy.com/course/fl-studio-hardstyle-production-how-to-make-melodic-raw/
Logic Pro for iPad - The Complete Music Production Course,6362989,Martin Raay,"Music Production, Logic Pro, Music",Ableton Live,All Levels,3.5 hours,4.6,43,175,"Rp149,000",1/2026,0,0,0,https://www.udemy.com/course/logic-pro-for-ipad-music-production/
"Drum Programming Masterclass, Part 1: Rhythms & Patterns",1822700,J. Anthony Allen,"Beat, Electronic Music, Drums, Music Production, Music",Ableton Live,Beginner,3 hours,4.3,332,2041,"Rp149,000",11/2025,6,0,10,https://www.udemy.com/course/drum-programming-masterclass/
Mixing & Mastering Electronic Music,6899729,gnar i,"Music Production, Music",Ableton Live,All Levels,16 hours,4.4,7,97,"Rp149,000",11/2025,0,0,0,https://www.udemy.com/course/mixing-mastering-electronic-music/
Music Theory Masterclass: Music Theory for All Levels,6513953,"Skillet Academy, PhD Alexandra Belibou","Music Theory, Music Fundamentals, Music",Ableton Live,All Levels,21 hours,4.7,113,2291,"Rp159,000",5/2025,1,0,0,https://www.udemy.com/course/music-theory-course-music-theory-for-beginners/
"Ear Training & Aural Skills, Part 3: Melodies",4322114,J. Anthony Allen,"Ear Training, Music Fundamentals, Music",Ableton Live,All Levels,3 hours,4.7,32,1403,"Rp149,000",11/2025,3,0,5,https://www.udemy.com/course/ear-training-3-melodies/
Using Samplers: Make Your Own Realistic Virtual Instruments,4742154,Steve Lydford,"Music Sampling, Music Production, Music",Ableton Live,All Levels,2.5 hours,4.5,13,109,"Rp149,000",8/2022,0,0,0,https://www.udemy.com/course/the-complete-beginners-guide-to-sampling-and-sound-design/
Destroy Writer's Block For Good: A Musician's Approach,6264583,J. Anthony Allen,"Music Fundamentals, Music",Ableton Live,All Levels,1.5 hours,4.9,9,97,"Rp149,000",12/2025,1,0,1,https://www.udemy.com/course/writersblock/
Compression Fundamentals,4412212,Rob Jones,"Audio Compression, Music Mixing, Music Production, Music",Ableton Live,All Levels,3 hours,4.4,10,76,"Rp149,000",11/2021,0,0,4,https://www.udemy.com/course/compression-fundamentals/
How to make Dark Ambient Music,5591546,Mikael Baggström,"Music Composition, Music Production, Music",Ableton Live,All Levels,4.5 hours,4.6,51,503,"Rp149,000",9/2025,0,0,0,https://www.udemy.com/course/dark-ambient-music/
Music Theory for People who Hate Music Theory,6121577,J. Anthony Allen,"Music Theory, Music Fundamentals, Music",Ableton Live,Beginner,6 hours,4.6,23,163,"Rp149,000",11/2025,13,0,15,https://www.udemy.com/course/music-theory-for-people-who-hate-music-theory/
Master Bass & Low End in Your Music,4316430,Mikael Baggström,"Music Composition, Music Production, Songwriting, Music",Ableton Live,All Levels,3 hours,4.8,29,313,"Rp149,000",2/2026,1,0,0,https://www.udemy.com/course/master-the-bass-of-your-music/
Music Production FL Studio Courses,5753820,TWill Studio Productions,"Music Production, Music Recording, Music Theory, Music Mixing, Music Software",Ableton Live,All Levels,3 hours,4.8,2,49,"Rp149,000",7/2024,0,0,0,https://www.udemy.com/course/music-production-fl-studio-courses/
Ultimate Sound Design Recipe Book Vol 3: Drums & Vocals,3284778,J. Anthony Allen,"Sound Design, Music Production, Music",Ableton Live,All Levels,2 hours,4.3,35,678,"Rp149,000",11/2025,1,0,1,https://www.udemy.com/course/ultimate-sound-design-drums-vocals/
Ultimate Sound Design Recipe Book Vol 2: Leads & Keys,3285944,J. Anthony Allen,"Sound Design, Music Production, Music",Ableton Live,All Levels,2 hours,4.5,48,807,"Rp149,000",11/2025,1,0,1,https://www.udemy.com/course/ultimate-sound-design-leads-keys/
"Ear Training & Aural Skills, Part 2: Intervals",4139598,J. Anthony Allen,"Ear Training, Music Fundamentals, Music",Ableton Live,Intermediate,5.5 hours,4.6,82,1908,"Rp149,000",11/2025,24,0,47,https://www.udemy.com/course/ear-training-aural-skills-intervals/
Learn Compression & Dynamics Processing: The Complete Guide!,404741,"Signature Sound, Ian Sutton","Audio Compression, Data Compression, Music Production, Music",Ableton Live,All Levels,7 hours,4.7,1319,8626,"Rp149,000",6/2015,1,0,0,https://www.udemy.com/course/compression/
Audio Theory Fundamentals for Sound Design,6306661,David Lauritsen,"Sound Design, Audio Engineering, Other Music, Music",Ableton Live,Beginner,20.5 hours,4.6,35,340,"Rp149,000",5/2025,0,0,49,https://www.udemy.com/course/audio-theory-fundamentals-for-sound-design/
Live Sound Engineering,3143984,Hanroux Lamprecht,"Audio Engineering, Music Production, Music",Ableton Live,Beginner,2.5 hours,4.4,480,1640,"Rp149,000",3/2021,0,0,0,https://www.udemy.com/course/live-sound-engineering-course/
Ultimate Sound Design Recipe Book Vol 1: Basses and Subbass,3155004,J. Anthony Allen,"Sound Design, Music Production, Music",Ableton Live,All Levels,2.5 hours,4.1,90,985,"Rp149,000",11/2025,1,0,1,https://www.udemy.com/course/sound-design-bass/
Mixing Mastery On Akai MPC Standalone,5734584,Tosin Awodogan,"Music Mixing, Music Production, Music",Ableton Live,All Levels,4 hours,4.9,28,251,"Rp149,000",5/2024,7,0,6,https://www.udemy.com/course/mixing-akai-mpc/
Learn Synthwave in Studio One,6417525,Gary Hiebner,"Music Production, Music",Ableton Live,All Levels,2 hours,4.9,15,117,"Rp149,000",1/2025,0,0,0,https://www.udemy.com/course/learn-synthwave-in-studio-one/
"Masterclass-Compression, Limiters & Gates",1304228,David Wills,"Audio Engineering, Music Production, Music",Ableton Live,All Levels,3 hours,4.8,285,1849,"Rp149,000",8/2017,0,0,0,https://www.udemy.com/course/masterclass-compression-limiters-gates/
The Ultimate Guide to Logic Pro X Instrument Plugins & VSTs,1460418,Jack Vaughan,"Logic Pro, Logic, Music Software, Music",Ableton Live,All Levels,12.5 hours,4.6,388,2994,"Rp149,000",9/2020,2,0,2,https://www.udemy.com/course/logic-pro-instruments-course/
The Sound Kitchen - Great sound made easy,668594,Timoteo Alicino,"Audio Production, Music Mixing, Sound Design, Music Production, Music",Ableton Live,All Levels,13.5 hours,4.7,1031,4181,"Rp149,000",10/2025,3,0,3,https://www.udemy.com/course/the-sound-kitchen-great-sound-made-easy/
The complete guide to sound design and tuning using Smaart®,3514930,Ofer Dvir,"Audio Engineering, Sound Design, Music Software, Music",Ableton Live,Intermediate,1.5 hours,4.3,229,1017,"Rp149,000",11/2020,0,0,7,https://www.udemy.com/course/the-complete-guide-to-system-tuning-using-smaart/
Sound Design for Music Composition,3071502,Mikael Baggström,"Sound Design, Music Composition, Music Production, Music",Ableton Live,All Levels,4 hours,4.7,144,1386,"Rp149,000",9/2025,1,0,0,https://www.udemy.com/course/how-to-sound-design/
Analog Audio Mixers: the complete guide for beginners,5753516,Marco Galvan,"Audio Engineering, Music Production, Music",Ableton Live,Beginner,2 hours,4.0,5,46,"Rp149,000",3/2026,4,0,0,https://www.udemy.com/course/the-comprehensive-guide-to-audio-mixers/
Ultimate Sound Design Recipe Book Vol 4: FX and Oddities,3529144,J. Anthony Allen,"Sound Design, Music Production, Music",Ableton Live,Intermediate,1.5 hours,4.2,27,1469,"Rp149,000",11/2025,1,0,1,https://www.udemy.com/course/ultimate-sound-design-recipe-book-vol-4-fx-and-oddities/
"The Complete History of Music, Part 3: The Early Baroque",2357246,J. Anthony Allen,"Music History, Music Fundamentals, Music",Ableton Live,Beginner,3.5 hours,4.7,22,392,"Rp149,000",2/2023,2,0,2,https://www.udemy.com/course/the-complete-history-of-music-part-3-the-early-baroque/
Music Production - Make Calvin Harris Style in Logic Pro,1438244,"Martin Raay, Music-Prod Education","Electronic Music, Logic, House Music, Logic Pro, Music Production",Ableton Live,All Levels,5.5 hours,4.5,148,4234,"Rp149,000",1/2026,1,0,1,https://www.udemy.com/course/create-a-calvin-harris-style-track-in-logic-pro-x/
The Ultimate Beginners Guide to the Reason DAW.,6993655,Dave Allan,"Music Software, Music",Ableton Live,Beginner,7 hours,5.0,3,16,"Rp149,000",1/2026,0,0,2,https://www.udemy.com/course/the-ultimate-beginners-guide-to-the-reason-daw/
Complete Guide to Akai Professional MPC 2 Workflow,5398158,"Tosin Awodogan, Amos Kantiok","Music Production, Music",Ableton Live,Beginner,5.5 hours,4.5,201,989,"Rp149,000",11/2024,1,0,1,https://www.udemy.com/course/akai-mpc-workflow/
Making Electro Swing Using Ardour 6,3266270,"Canopy Games, Michael Bridges","Audio Production, Electronic Music, Music Composition, Music Software, Music",Ableton Live,Intermediate,5.5 hours,4.6,32,414,"Rp149,000",11/2024,0,0,1,https://www.udemy.com/course/ardour-electroswing/
Musical Architects - Produce Your Professional Song In Logic,4337096,Marc Dold,"Songwriting, Music Production, Music",Ableton Live,All Levels,9 hours,4.7,324,3985,"Rp149,000",9/2024,0,0,1,https://www.udemy.com/course/musical-architects/
"The Complete History of Music, Part 2: The Renaissance",2239026,J. Anthony Allen,"Music History, Music Fundamentals, Music",Ableton Live,Beginner,3.5 hours,4.5,45,496,"Rp149,000",2/2023,2,0,2,https://www.udemy.com/course/renaissance-music/
Learn Music Production using Reason - In Under 3 Hours,3142088,Ruan Lotter,"Music Production, Electronic Music, Music Software, Music",Ableton Live,All Levels,2.5 hours,4.6,63,2173,"Rp149,000",6/2023,0,0,0,https://www.udemy.com/course/learnreason/
Masterclass-EQ Course,1280046,David Wills,"Audio Equalization, Music Sampling, Music Fundamentals, Music",Ableton Live,All Levels,3 hours,4.6,481,2443,"Rp149,000",7/2017,0,0,0,https://www.udemy.com/course/masterclass-eq/
Music Composition 2: Tension & Release,1010002,J. Anthony Allen,"Music Composition, Music Theory, Music Techniques, Music",Ableton Live,All Levels,3.5 hours,4.4,189,2553,"Rp149,000",11/2025,6,0,8,https://www.udemy.com/course/music-composition-techniques-2/
Learn 3 Fun DJ Mixes: EDM - House - Deep House,4925054,Jak Bradley,"DJ, Music Mixing, Other Music, Music",Ableton Live,Intermediate,2.5 hours,4.6,48,461,"Rp149,000",11/2022,1,0,1,https://www.udemy.com/course/mix-with-me/
Music Theory for Songwriters: From Beginner to Producer,4653116,Mike Barnes,"Music Theory, Music Production, Music Recording, Songwriting, Music",Ableton Live,Beginner,1.5 hours,4.8,321,3346,"Rp149,000",4/2022,0,0,0,https://www.udemy.com/course/music-theory-for-songwriters-from-beginner-to-producer/
Live Stream DJ Sets Using OBS (Open Broadcaster Software),3029680,Ross Palmer,"Live Streaming, Music Software, Music",Ableton Live,Intermediate,1.5 hours,4.7,50,255,"Rp149,000",8/2020,0,0,0,https://www.udemy.com/course/obs-live-stream-dj/
Audio EQ for Beginners: Equalization Techniques,289638,Marco Galvan,"Audio Equalization, Audio Production, Music Mixing, Music Production, Audio Engineering",Ableton Live,Beginner,2.5 hours,4.4,298,1590,"Rp149,000",2/2026,3,0,25,https://www.udemy.com/course/equalization-techniques/
Synthesis in Music & Sound Production,6956101,Si Gordon,"Synthesizer, Music Production, Sound Design, Acoustics, Music",Ableton Live,Beginner,7.5 hours,5.0,12,997,"Rp149,000",12/2025,0,0,17,https://www.udemy.com/course/synthesis-in-music-sound-production/
Finding Your Inner Musician,2221904,Russell Giesbrecht,"Sound Therapy, Creativity, Personal Development",Ableton Live,All Levels,7 hours,4.6,12,831,"Rp149,000",8/2023,1,0,25,https://www.udemy.com/course/finding-your-inner-musician/
Making Music in Bitwig: The Basics,6017204,gnar i,"Music Production, Music",Ableton Live,All Levels,6 hours,4.3,27,220,"Rp149,000",9/2024,0,0,0,https://www.udemy.com/course/bitwig-studio-ambient/
Music Theory for Songwriters,2666372,Michael Emenau,"Music Theory, Music Fundamentals, Music",Ableton Live,Beginner,3.5 hours,4.7,20,114,"Rp149,000",11/2019,0,0,55,https://www.udemy.com/course/music-theory-for-songwriters-1/
Music Theory in a Zombie Apocalypse,6200159,J. Anthony Allen,"Music Theory, Music Fundamentals, Music",Ableton Live,Beginner,2 hours,4.7,63,1044,"Rp149,000",11/2025,4,0,4,https://www.udemy.com/course/zombieclass/
Music Theory,182246,Jonathan Peters,"Music Theory, Music Fundamentals, Music",Ableton Live,All Levels,3.5 hours,4.6,1090,5856,"Rp149,000",6/2025,79,0,80,https://www.udemy.com/course/musictheory/
"Getting Started With Toontrack: EZDrummer, EZBass and EZKeys",4761528,MUSICAL NOTES,"Music Production, Music Software, Music",Ableton Live,All Levels,4.5 hours,4.7,64,337,"Rp149,000",6/2023,1,0,0,https://www.udemy.com/course/getting-started-with-toontrack-ezdrummer-ezbass-and-ezkeys/
Music Theory Comprehensive: Part 1 - How To Read Music,740204,J. Anthony Allen,"Music Theory, Reading Music, Music Fundamentals, Music",Ableton Live,Beginner,3.5 hours,4.5,410,2708,"Rp149,000",3/2025,3,0,3,https://www.udemy.com/course/music-theory1/
Mastering Music Theory - The Language of Music,6266203,Victoria Williams LmusTCL BA(Mus),"Music Theory, Music Fundamentals, Music",Ableton Live,All Levels,11 hours,4.7,14,101,"Rp149,000",3/2025,4,0,7,https://www.udemy.com/course/mastering-music-theory-the-language-of-music/
Learn How to Mix Front of House for Live Bands,649044,Soulsound School,"Music Mixing, Audio Engineering, Acoustics, Music Techniques, Music",Ableton Live,All Levels,2 hours,4.1,152,899,"Rp149,000",4/2016,0,0,0,https://www.udemy.com/course/mixing-front-of-house/
Learn professional psytrance music production from scratch,5128810,Manthan Gupta,"Ableton Live, Music Production, Music",Ableton Live,All Levels,10.5 hours,4.5,1,23,"Rp449,000",10/2024,0,0,4,https://www.udemy.com/course/learn-professional-psytrance-music-production-from-scratch/
Music Theory in 90 Minutes: Practical Skills for Musicians,6585553,J. Anthony Allen,"Music Theory, Music Fundamentals, Music",Ableton Live,Beginner,1.5 hours,4.4,8,104,"Rp149,000",12/2025,4,0,4,https://www.udemy.com/course/music-theory-in-90-minutes-practical-skills-for-musicians/
Music Theory for a Digital Age,2332024,Michael Hewitt,"Music Theory, Music Fundamentals, Music",Ableton Live,Beginner,14.5 hours,4.8,98,800,"Rp149,000",7/2019,0,0,69,https://www.udemy.com/course/music-theory-for-a-digital-age/
FL Studio Production Course: Trap Music,1937342,James Gaither,"Music Production, FL Studio, Music Software, Music",Ableton Live,Beginner,6.5 hours,4.3,78,450,"Rp149,000",9/2021,0,0,46,https://www.udemy.com/course/fl-studio-production-course-trap-music/
Harmony and Chord Progressions,725996,"Francois Rengère, Tom Wagner","Music Instruction, Piano Chords, Music Theory, Harmony (music), Music Fundamentals",Ableton Live,Beginner,5.5 hours,4.7,220,1282,"Rp149,000",8/2016,1,0,2,https://www.udemy.com/course/harmony-and-chord-progressions/
"Producer Cheat Code: Music Production, Sound Design & more",6829483,Julez Jadon,"Music Production, Music Sampling, Sound Design, Music",Ableton Live,All Levels,2.5 hours,5.0,1,3,"Rp899,000",9/2025,0,0,0,https://www.udemy.com/course/producer-cheat-code/
"Music Composition 101: Fundamentals, Principles, and Myths",2001056,J. Anthony Allen,"Music Composition, Music Fundamentals, Music",Ableton Live,Beginner,2.5 hours,3.9,517,15566,"Rp149,000",11/2025,3,0,1,https://www.udemy.com/course/music-composition-101-fundamentals-principals-and-myths/
FL Studio Mixing & Mastering Music for Beginners,3312962,Sabelo September,"Audio Engineering, Music Production, Music",Ableton Live,Beginner,5.5 hours,4.4,272,1261,"Rp149,000",6/2025,1,0,4,https://www.udemy.com/course/mixing-mastering-in-fl-studio/
Making Music in Bitwig: Audio Effects,6169743,gnar i,"Music Software, Music",Ableton Live,All Levels,9 hours,4.9,9,147,"Rp149,000",11/2024,0,0,0,https://www.udemy.com/course/bitwig-audio-fx/
Rekordbox - How To DJ Drum & Bass Like A Professional,4763114,Omar Meho,"DJ, Music Software, Music",Ableton Live,All Levels,3 hours,4.5,3,1035,"Rp149,000",9/2023,0,0,0,https://www.udemy.com/course/rekordbox-how-to-mix-drum-bass/
Logic Pro X Drummer: Produce Great Custom Drum Tracks,2088912,Rob Albertson,"Music Production, Music",Ableton Live,Intermediate,1.5 hours,4.5,81,338,"Rp149,000",9/2019,0,0,0,https://www.udemy.com/course/logic-pro-x-drummer/
"Full Music Production Workflow - Mix, Mastering in FL Studio",6638337,Marius Iba,"Music Production, Music",Ableton Live,Expert,2.5 hours,4.7,N/A,1,"Rp149,000",5/2025,0,0,0,https://www.udemy.com/course/fl-studio-edm/
Making Music in Bitwig: Sound Design in The Grid,6194437,gnar i,"Music Production, Music Software, Music",Ableton Live,All Levels,5.5 hours,4.7,18,176,"Rp149,000",11/2024,0,0,0,https://www.udemy.com/course/bitwig-grid-course/
Exploring Serato Sample: A Masterclass in Creative Sampling,5367418,Beats By Dj Legion,"Music Production, Music Composition, Music",Ableton Live,Beginner,40 mins,4.8,10,45,"Rp149,000",6/2023,0,0,0,https://www.udemy.com/course/exploring-serato-sample-a-masterclass-in-creative-sampling/
Mixing and Mastering EDM professionally with Plugin Alliance,5892468,Bernardo Schwanka,"Music Mixing, Music Techniques, Music",Ableton Live,All Levels,7 hours,4.8,20,74,"Rp149,000",3/2024,0,0,0,https://www.udemy.com/course/mixing-and-mastering-edm-professionally-with-plugin-alliance/
Logic Pro Workflow Guide - Work Fast in Logic Pro Course,1738046,"Martin Raay, Music-Prod Education","Logic Pro, Music Production, Music Mixing, Electronic Music, Music Software",Ableton Live,All Levels,1.5 hours,4.5,151,4042,"Rp149,000",1/2026,0,0,0,https://www.udemy.com/course/logic-pro-x-workflow-guide/
Programming Amazing Drum Tracks: a Guide for Non-Drummers,313786,Carl Eden,"Drums, Music Production, Music",Ableton Live,All Levels,4 hours,4.8,408,2542,"Rp149,000",9/2023,1,0,2,https://www.udemy.com/course/create-amazing-sequenced-drum-tracks-that-pop/
Music + Audio Production in Logic Pro X - The Complete Guide,826876,Make Pro Music,"Music Production, Audio Production, Music Mixing, Logic Pro, Music",Ableton Live,All Levels,40 hours,4.5,12911,54590,"Rp149,000",8/2020,14,0,2,https://www.udemy.com/course/music-production-in-logic-pro-x-course/
Tascam DP-24 (DP-32) DVD Tutorial,1233262,David Wills,"Music Recording, Music Production, Music",Ableton Live,All Levels,2 hours,4.8,120,339,"Rp149,000",6/2017,0,0,0,https://www.udemy.com/course/tascam-dp-24-dp-32-dvd-tutorial/
Music Production: Bass (Synth and Sampled),6927285,Josh Cook,"Music Production, Bass Guitar, Synthesizer, Instruments, Music",Ableton Live,Beginner,2 hours,5.0,1,9,"Rp149,000",11/2025,0,0,0,https://www.udemy.com/course/music-production-bass-synth-and-sampled/
Propellerhead Reason 9 Course with David Wills,1049780,David Wills,"Reason DAW, Music Production, Music Software, Music",Ableton Live,All Levels,3 hours,4.7,429,1515,"Rp149,000",3/2017,0,0,0,https://www.udemy.com/course/propellerhead-reason-9-course-with-david-wills/
Music Composition: The Composer’s Mindset (Foundations),6826537,Rovshan Asgarzade,"Music Composition, Music Production, Music",Ableton Live,Beginner,4 hours,4.9,12,393,"Rp149,000",4/2026,0,0,19,https://www.udemy.com/course/the-composers-mindset-romantic-nostalgic/
Console 1 Mixing Masterclass: Hands-On DAW Mixing,467450,Alex Solano,"Music Mixing, Music Software, Music",Ableton Live,All Levels,1 hour,4.4,39,143,"Rp149,000",1/2026,2,0,2,https://www.udemy.com/course/console1/
How To Play Guitar: 3 Minutes Daily Lessons,1337044,J. Anthony Allen,"Guitar, Instruments, Music",Ableton Live,Beginner,2 hours,4.7,37,306,"Rp149,000",2/2023,1,0,1,https://www.udemy.com/course/how-to-play-guitar-3-minutes-daily-lessons/
Keyboard for Electronic Music,2223402,"Gal Peiser, Maayan Sachs","Keyboard Instrument, Music Production, Music Theory, Music",Ableton Live,Intermediate,2 hours,4.7,190,1721,"Rp149,000",3/2019,0,0,0,https://www.udemy.com/course/keyboard-for-electronic-music/
Advanced Akai MPC Workflow Guide,5561754,Tosin Awodogan,"Music Production, Music",Ableton Live,Intermediate,2.5 hours,4.6,31,342,"Rp149,000",10/2023,2,0,1,https://www.udemy.com/course/advanced-akai-mpc-workflow/
FL Studio 20.1 Upgrade Course - Learn FL Studio For Mac & PC,2018518,"Martin Raay, Music-Prod Education","FL Studio, Music Production, Digital Audio, Music Recording, Music Software",Ableton Live,Intermediate,2 hours,4.4,48,1360,"Rp149,000",1/2026,1,0,0,https://www.udemy.com/course/fl-studio-20/
Nu-Disco & House Music Production Get a Traxsource Number 1,6396329,Stewart Birch,"Music Production, Music",Ableton Live,Intermediate,2.5 hours,4.7,N/A,4,"Rp149,000",6/2025,0,0,4,https://www.udemy.com/course/get-a-traxsource-number-1/
"Presonus StudioLive 24.4.2, 16.4.2 or 16.0.2 Training Course",1265160,David Wills,"Presonus, Music Composition, Music Production, Music",Ableton Live,All Levels,2 hours,4.6,149,429,"Rp149,000",7/2017,0,0,0,https://www.udemy.com/course/presonus-studiolive-2442-1642-or-1602-training-course/
Logic Pro X - Complete Guide For Beginners and Intermediates,4559498,"Jan Röher, Stefan Schüle","Logic Pro, Music Software, Music",Ableton Live,All Levels,10 hours,4.4,46,255,"Rp149,000",7/2024,0,0,14,https://www.udemy.com/course/logic-pro-x-for-beginners-and-intermediates/
Mastering Your Drums in Studio One,5462752,Gary Hiebner,"Music Production, Drums, Music",Ableton Live,All Levels,2 hours,4.9,12,134,"Rp149,000",8/2023,1,0,0,https://www.udemy.com/course/mastering-your-drums-in-studio-one/
Mastering the Circle of Fifths: Ultimate Music Theory Hack,6150975,Erich Andreas,"Music Theory, Music Composition, Guitar, Guitar Chords, Music Fundamentals",Ableton Live,Beginner,1 hour,4.6,67,375,"Rp149,000",8/2024,0,0,1,https://www.udemy.com/course/mastering-the-circle-of-fifths/
6 Scary Stories About Music (Halloween Class Special!),4917764,J. Anthony Allen,"Music History, Music Fundamentals, Music",Ableton Live,All Levels,42 mins,4.7,96,1504,"Rp149,000",11/2025,1,0,1,https://www.udemy.com/course/halloween_music/
FL Studio Hardstyle Production Hard Dance Music Production,1687306,KM F,"FL Studio, Sound Design, Music Business, Music Theory, Music Software",Ableton Live,Intermediate,6 hours,3.8,33,226,"Rp149,000",5/2018,1,0,2,https://www.udemy.com/course/fl-studio-hardstyle-production-hard-dance-music-production/
Music Production Fundamentals: Make DOPE Chill Lofi Beats,2765858,Kia Orion,"Music Production, Audio Engineering, Beat, Music",Ableton Live,Beginner,3.5 hours,4.2,108,788,"Rp149,000",2/2020,0,0,0,https://www.udemy.com/course/lofibeats/
Mixing & Mastering in FL STUDIO - Complete Guide,6159049,Younes elachaby,"Music Mixing, Music Production, Music",Ableton Live,Beginner,3.5 hours,4.0,13,85,"Rp149,000",8/2024,0,0,0,https://www.udemy.com/course/mixbyjonah/
Learn How to Make Relaxing Music,2962336,Mikael Baggström,"Music Composition, Music Production, Sound Design, Music",Ableton Live,All Levels,3 hours,4.5,145,977,"Rp149,000",8/2022,2,0,0,https://www.udemy.com/course/how-to-compose-relaxing-music/
FL Studio Beginners Course | 100% Practical Course,6110667,Tury Music,"Music Production, Music Mixing, Music",Ableton Live,All Levels,42 mins,4.6,37,1110,"Rp149,000",7/2025,0,0,13,https://www.udemy.com/course/fl-studio-best-practical-course-masterclass-2024/
Synthesizers and Samplers Explained,719992,Matt Hayes,"Synthesizer, Music Production, Music Composition, Music",Ableton Live,All Levels,4.5 hours,4.6,229,1097,"Rp149,000",2/2016,0,0,11,https://www.udemy.com/course/synthesizers-and-samplers-explained/
Learn Full Hip Hop / Rap Production,1944632,Cori Jacobs,"Music Production, Music Mixing, Music",Ableton Live,Beginner,2.5 hours,4.3,54,299,"Rp149,000",10/2018,0,0,1,https://www.udemy.com/course/learn-full-hip-hop-rap-production/
iPad DJing with a Controller: From Setup to Live Mixes,6722543,Justin spiegel,"DJ, Music Production, Music",Ableton Live,Beginner,2 hours,5.0,1,8,"Rp149,000",8/2025,0,0,0,https://www.udemy.com/course/ipad-djing-with-a-controller-from-setup-to-live-mixes/
Learn Music Production at Home from Scratch: Stages II & III,3745814,Sebastian Schneider,"Music Production, Acoustics, Audio Engineering, Music Sampling, Music",Ableton Live,Intermediate,8 hours,4.7,7,162,"Rp149,000",1/2021,2,0,0,https://www.udemy.com/course/learn-music-production-at-home-from-scratch-stages-ii-iii/
Mixing EDM Vocals: Create Professional Vocal Tracks,1553356,Fuad Murad,"Music Mixing, Electronic Music, Music Production, Music",Ableton Live,Intermediate,4.5 hours,4.5,268,2209,"Rp149,000",11/2022,1,0,0,https://www.udemy.com/course/mixing-edm-vocals/
Hit-Song MIXING making-of w/ GRAMMY® winning Enrico De Paoli,2177540,Enrico De Paoli,"Music Mixing, Music Production, Music",Ableton Live,All Levels,2 hours,4.8,11,84,"Rp149,000",2/2019,0,0,0,https://www.udemy.com/course/hit-song-mixing-making-of-w-grammy-winning-enrico-de-paoli/
Acoustics 101 : Speaker design basics and enclosure design,1182668,Marius Tanasescu,"Acoustics, Audio Engineering, Science, Teaching & Academics",Ableton Live,All Levels,3.5 hours,4.7,2063,5978,"Rp349,000",7/2020,0,0,2,https://www.udemy.com/course/acoustics-101-speaker-design-basics-and-enclosure-design/
Logic Pro X - Master your Workflow,1555546,Mikael Baggström,"Logic Pro, Music Composition, Music Production, Music Software, Music",Ableton Live,Intermediate,2.5 hours,4.6,151,881,"Rp149,000",8/2021,3,0,6,https://www.udemy.com/course/logic-pro-x-master-your-professional-workflow/
"Music Production: Theory, Concept, Business - Beginner",6540687,Reinhard Tega (of RTE Akademy),"Music Production, Music",Ableton Live,Beginner,3 hours,4.7,N/A,2,"Rp149,000",3/2025,0,0,8,https://www.udemy.com/course/music-production-theory-concept-business-beginner/
Organic Drum Synthesis,5985818,Music Producer Bible,"Sound Design, Music Production, Music",Ableton Live,All Levels,39 mins,5.0,3,17,"Rp149,000",8/2024,0,0,0,https://www.udemy.com/course/organic-drum-synthesis/
Music Production & Beatmaking on Fl Studio Course,5947480,Frederico Drumond,"FL Studio, Music Theory, Music Production, Music",Ableton Live,Beginner,9.5 hours,4.1,13,51,"Rp149,000",4/2024,0,0,0,https://www.udemy.com/course/music-production-beatmaking-on-fl-studio-course/
FL Studio 20: Create a Hip Hop Beat from Scratch,3209579,Stephen Loader,"Music Production, Music",Ableton Live,Intermediate,1.5 hours,3.9,23,118,"Rp149,000",6/2020,0,0,0,https://www.udemy.com/course/fl-studio-20-create-a-hip-hop-beat-from-scratch/
How To Mix Monitors from Front of House,1435972,Soulsound School,"Audio Engineering, Music Production, Music",Ableton Live,Intermediate,2.5 hours,4.4,50,268,"Rp149,000",12/2017,0,0,0,https://www.udemy.com/course/how-to-mix-monitors-from-front-of-house/
GarageBand Tutorial - How To Make EDM For Beginners,935106,Joseph Evans,"EDM, GarageBand, Music Software, Music",Ableton Live,Beginner,1.5 hours,4.2,97,1704,"Rp149,000",2/2022,0,0,0,https://www.udemy.com/course/garageband-create-edm-in-garageband-for-beginners/
Audio Effects for Beginners: using processors in the mix,2158446,Marco Galvan,"Music Mixing, Music Production, Music",Ableton Live,All Levels,2.5 hours,4.6,27,239,"Rp149,000",3/2026,2,0,8,https://www.udemy.com/course/audio-effects-and-processors-how-to-use-them-effectively/
FL Studio Mobile - Learn Music Production in Android/iOS,5668260,S9 Academy,"Music Production, FL Studio, Music Theory, Music Mixing, Music",Ableton Live,Beginner,3.5 hours,3.6,20,153,"Rp149,000",11/2023,0,0,0,https://www.udemy.com/course/fl-studio-mobile-learn-music-production-in-androidios/
Learn how to create a UK/Happy hardcore track with Rescue,5099248,EVO Studios,"Music Production, Music",Ableton Live,All Levels,7.5 hours,5.0,4,9,"Rp1,149,000",5/2023,0,0,0,https://www.udemy.com/course/learn-how-to-create-a-ukhappy-hardcore-track-with-rescue/
Deep Dive into Quick Sampler of Logic Pro,6658201,Sergiy Ostrovskyi,"Music Production, Sound Design, Logic Pro, Music",Ableton Live,Beginner,1.5 hours,5.0,1,2,"Rp149,000",6/2025,0,0,0,https://www.udemy.com/course/quicksampler/
Drum Programming For People Who Hate Drum Programming,5044466,Aaron Cloutier,"Music Production, Music",Ableton Live,Beginner,3 hours,4.5,13,112,"Rp149,000",12/2025,1,0,7,https://www.udemy.com/course/drum-programming-for-people-who-hate-drum-programming/
How To Produce Modern Day G Funk / Future Funk in Ableton,5189124,Rob Webster,"Music Production, Music",Ableton Live,Beginner,1.5 hours,4.4,4,19,"Rp149,000",3/2023,0,0,2,https://www.udemy.com/course/how-to-produce-modern-day-g-funk-future-funk-in-ableton/
How To Make Beats Like The Pros,817458,Andrew Rapier,"Beat, Music Production, Music Mixing, Music Theory, Music",Ableton Live,All Levels,12.5 hours,4.1,139,818,"Rp149,000",2/2017,3,0,1,https://www.udemy.com/course/how-to-make-beats-like-the-pros/
Accessible Music Theory Basics for the Absolute Beginner,5155894,Carl Eden,"Music Theory, Music Fundamentals, Music",Ableton Live,Beginner,2.5 hours,4.9,17,1070,"Rp149,000",9/2023,2,0,1,https://www.udemy.com/course/accessible-music-theory-basics-for-the-absolute-beginner/
The perfect Mike,1097500,Timoteo Alicino,"Music Mixing, Sound Design, Music Video, Acoustics, Music Production",Ableton Live,All Levels,4 hours,4.8,52,281,"Rp149,000",12/2018,0,0,0,https://www.udemy.com/course/the-perfect-mike/
Acoustics 201 : Loudspeaker measurements,1710654,Marius Tanasescu,"Acoustics, Electrical Engineering, Science, Teaching & Academics",Ableton Live,Intermediate,3.5 hours,4.6,887,3922,"Rp349,000",1/2020,0,0,5,https://www.udemy.com/course/acoustics-201-loudspeaker-measurements/
How to create Minimal House with Elektron Digitakt,3887356,Matthias Rosenkranz,"Music Production, House Music, Music",Ableton Live,Intermediate,2 hours,4.0,27,130,"Rp149,000",3/2021,0,0,0,https://www.udemy.com/course/minimal-house-with-elektron-digitakt/
Music Mastermind: Learn the 7 Elements of Music!,2416706,Andrew J. Smith,"Music Theory, Music Fundamentals, Music",Ableton Live,All Levels,3.5 hours,4.7,26,1464,"Rp149,000",3/2022,0,0,39,https://www.udemy.com/course/best-online-music-theory-course-for-beginner-intermediate-musicians/
Music Production in Logic Pro x - Hip Hop Course Logic Pro x,4194094,Jermaine Williams,"Hip Hop Music, Music Production, Logic Pro, Music",Ableton Live,All Levels,1 hour,3.8,40,4839,"Rp149,000",8/2021,0,0,0,https://www.udemy.com/course/music-production-in-logic-pro-x-hip-hop-course-logic-pro-x/
Key Signature Boot Camp,4752196,Anne Plummer,"Music Theory, Music Fundamentals, Music",Ableton Live,Beginner,2.5 hours,5.0,9,49,"Rp149,000",11/2023,1,0,16,https://www.udemy.com/course/key-signature-boot-camp/
Master Music Composition: From Basics to Pro - 2026 Updated,6106175,Marios Pizinas,"Music Composition, Music Fundamentals, Music",Ableton Live,All Levels,4 hours,4.7,23,247,"Rp149,000",2/2026,99,0,59,https://www.udemy.com/course/master-music-composition-from-basics-to-pro-level/
Cubase Midi Matters Volume 1,3471154,MUSICAL NOTES,"Cubase, Music Software, Music",Ableton Live,All Levels,2 hours,4.2,21,149,"Rp149,000",12/2022,0,0,0,https://www.udemy.com/course/cubase-midi-matters-volume-1/
Beats Mastering - Master Your Beats With Logic Pro Plugins.,4799274,Beats By Dj Legion,"Music Mixing, Logic Pro, Audio Editing, Audio Engineering, Music Production",Ableton Live,Intermediate,1 hour,5.0,65,150,"Rp149,000",10/2022,0,0,1,https://www.udemy.com/course/beats-mastering-master-your-beats-with-logic-pro-plugins/
Foundational Drum Loop Basics - [Create Powerful Drum Loops],1789126,Riley Weller,"Drums, Music Production, Music",Ableton Live,Beginner,2.5 hours,4.3,12,2263,"Rp149,000",6/2019,0,0,0,https://www.udemy.com/course/foundational-drum-loop-basics/
The House & Techno DJ: Foundations of DJing,6950349,Robert Simoes,"DJ, Instruments, Music",Ableton Live,Beginner,3.5 hours,5.0,4,7,"Rp149,000",2/2026,3,0,2,https://www.udemy.com/course/housetechnodj-foundations/
Xfer Serum - Sound Design Masterclass,2253076,"Christopher Klix, Feeltone Music","Xfer Serum, Sound Design, Music Production, Music",Ableton Live,All Levels,12 hours,4.4,240,1460,"Rp159,000",6/2019,1,0,0,https://www.udemy.com/course/xfer-serum-sound-design-masterclass/
The House & Techno DJ: The Mistake Recovery Toolbox,6089647,Robert Simoes,"DJ, Instruments, Music",Ableton Live,Intermediate,1.5 hours,5.0,1,861,"Rp149,000",12/2025,1,0,1,https://www.udemy.com/course/l2dj-mistake-recovery/
Learn Piano for Beatmakers and Producers,1430116,Riley Weller,"Piano, Instruments, Music",Ableton Live,Intermediate,2 hours,4.1,103,5135,"Rp149,000",6/2019,0,0,0,https://www.udemy.com/course/learn-piano-for-beatmakers-and-producers/
Music Production in FL STUDIO - Learn Afro dancehall beat,3961528,SC TUTS,"FL Studio, Beat, Music Production, Music",Ableton Live,All Levels,2.5 hours,4.2,11,50,"Rp149,000",5/2021,0,0,1,https://www.udemy.com/course/dancehall-production-course-by-sirclassi/
Beat Making for Beginners.,2292605,Miguel Rios,"Music Production, Music",Ableton Live,Beginner,1.5 hours,4.5,141,1821,"Rp149,000",2/2024,0,0,0,https://www.udemy.com/course/beatmakingforbeginners/
Line Producer: Understanding the Complete Producing Process,71492,Faith in Dreams Edutainment,"Process Mapping, Media, Business",Ableton Live,All Levels,2 hours,4.0,166,965,"Rp149,000",10/2015,2,0,0,https://www.udemy.com/course/fidlineproducer/
Superspeed Your Music Composition Workflow,4108764,"Mikael Baggström, Zach Heyde","Music Composition, Music Production, Songwriting, Music",Ableton Live,All Levels,3.5 hours,4.5,64,499,"Rp149,000",8/2021,1,0,0,https://www.udemy.com/course/music-composition-workflow/
Producing Music with Reason,1152718,Edouard Reny,"Reason DAW, Electronic Music, Music Production, Music Mixing, Music",Ableton Live,Beginner,5 hours,4.5,439,1822,"Rp149,000",6/2017,0,0,1,https://www.udemy.com/course/producing-music-with-reason/
Building Acoustics and Noise Control,4253082,Chris Field,"Acoustics, Architectural Design, Design",Ableton Live,All Levels,5 hours,4.7,766,3886,"Rp149,000",3/2023,0,0,5,https://www.udemy.com/course/building-acoustics-and-noise-control/
Mastering EDM With Izotope Ozone 7,832994,Fuad Murad,"EDM, iZotope Ozone, Music Production, Music",Ableton Live,All Levels,2.5 hours,4.7,109,645,"Rp149,000",12/2016,0,0,0,https://www.udemy.com/course/mastering-edm-ozone7/
The Sound Kitchen - Dynamics,5688364,Timoteo Alicino,"Audio Engineering, Music Production, Music",Ableton Live,Beginner,1.5 hours,4.9,16,70,"Rp149,000",1/2024,0,0,4,https://www.udemy.com/course/the-sound-kitchen-dynamics/
The Complete EDM / Afro-House Production MasterClass!,5625174,Steven Angel,"Music Production, Music Fundamentals, Music",Ableton Live,All Levels,1 hour,3.9,4,74,"Rp149,000",11/2023,0,0,7,https://www.udemy.com/course/the-complete-afro-house-production-masterclass/
Music Production and Mixing on Pro tools and FL Studio,6215209,Ubong Uwem Akpan,"Music Production, Audio Editing, Music",Ableton Live,All Levels,3 hours,4.5,3,11,"Rp319,000",2/2025,0,0,0,https://www.udemy.com/course/music-production-and-mixing-on-pro-tools-and-fl-studio/
The Complete Course to Equalization (EQ),3719732,Ugo Galamba,"Audio Equalization, Music Mixing, Music Techniques, Music",Ableton Live,Beginner,2 hours,4.4,57,188,"Rp149,000",1/2021,0,0,0,https://www.udemy.com/course/the-complete-course-to-equalization-eq/
Musical arrangements for your songs,3683244,Manuel Mas Devesa,"Music Composition, Music Production, Songwriting, Music",Ableton Live,Intermediate,1.5 hours,4.3,7,41,"Rp149,000",2/2021,0,0,4,https://www.udemy.com/course/musical-arrangements-for-your-songs/
Music Theory for Beginners,1498430,Mikael Baggström,"Music Composition, Music Theory, Music Fundamentals, Music",Ableton Live,Beginner,1.5 hours,4.7,73,370,"Rp149,000",8/2021,1,0,0,https://www.udemy.com/course/music-composition-for-beginners/
Music theory And Everything You Need To Know About Music,6064233,Marwan Hatoom,"Music Theory, Music Production, Music Composition, Music Instruction, Music Techniques",Ableton Live,All Levels,5 hours,4.7,16,53,"Rp149,000",12/2024,0,0,39,https://www.udemy.com/course/music-theory-and-everything-you-need-to-know-about-music/
Mixing Electronic Music with Logic Pro,28195,Mohamed Kamal,"Logic Pro, Logic, Music Theory, Music Production, Music",Ableton Live,Intermediate,5.5 hours,4.4,50,2307,"Rp149,000",10/2013,4,0,0,https://www.udemy.com/course/mixing-electronic-music/
Making Music in Bitwig: Mastering Drums,6025402,gnar i,"Music Production, Music Software, Music",Ableton Live,All Levels,4.5 hours,4.0,8,98,"Rp149,000",11/2024,0,0,0,https://www.udemy.com/course/bitwig-drums/
Sound Design - Create your own Transition FX,1967940,Mikael Baggström,"Sound Design, Music Production, Music",Ableton Live,All Levels,1.5 hours,4.6,66,481,"Rp149,000",8/2021,1,0,0,https://www.udemy.com/course/sound-design-create-your-own-transition-fx/
10 Steps to Become an FL Studio Pro,2515504,Riley Weller,"FL Studio, Beat, Music Mixing, Music Production, Music",Ableton Live,Beginner,8 hours,4.6,34,277,"Rp149,000",10/2019,0,0,0,https://www.udemy.com/course/10-steps-to-become-an-fl-studio-pro/
Why Music Works,2178258,Music Monkey Guru,"Music Theory, Music Fundamentals, Music",Ableton Live,All Levels,4 hours,4.8,128,1450,"Rp149,000",1/2026,0,0,20,https://www.udemy.com/course/why-music-works/
Music Production in Logic Pro X,6837023,Tommy Swindali,"Logic Pro, Music Production, Music",Ableton Live,All Levels,3 hours,4.5,N/A,2,"Rp467,000.00",9/2025,0,0,0,https://www.udemy.com/course/mplogicprox/
FL Studio Masterclass: Music Production for Beginners to pro,6825709,Muhammad Husnain,"FL Studio, Music Production, Music",Ableton Live,Beginner,1.5 hours,4.5,34,281,"Rp149,000",9/2025,0,0,0,https://www.udemy.com/course/fl-studio-masterclass-music-production-for-beginners-to-pro/
Master the Low End of Your Music,1884084,Mikael Baggström,"Music Production, Music Composition, Sound Design, Music",Ableton Live,All Levels,1.5 hours,4.6,63,478,"Rp149,000",9/2025,2,0,1,https://www.udemy.com/course/how-to-get-powerful-bass-in-your-music/
Logic Pro 101 - Learn to produce in a matter of hours!,5309338,Christian de Looper,"Logic Pro, Music Production, Music",Ableton Live,All Levels,2.5 hours,4.7,6,55,"Rp149,000",5/2023,0,0,0,https://www.udemy.com/course/logic-pro-101-learn-to-produce/
Valhalla Plugins 101,6185015,Beats By Dj Legion,"Music Mixing, Music Production, Music Techniques, Music",Ableton Live,Beginner,1 hour,4.8,N/A,2,"Rp447,000.00",9/2024,0,0,0,https://www.udemy.com/course/valhalla-plugins-101/
Psychedelic Music production workshop with Cubase,821458,Twisted Kala,"Cubase, Audio Production, Music Theory, Music Production, Music",Ableton Live,All Levels,4 hours,3.8,27,157,"Rp837,000.00",7/2020,0,0,1,https://www.udemy.com/course/psychedelic-music-production-workshop-with-cubase/
Introduction to Beatmaking,6079467,ThaLoops Courses,"Music Production, Music",Ableton Live,Beginner,39 mins,4.7,N/A,N/A,"Rp149,000",7/2024,0,0,0,https://www.udemy.com/course/introduction-to-beatmaking/
Making Music in Fl Studio: From Beginner to Advanced,3122954,Saad Bhatty,"Audio Production, Music Mixing, Music Composition, Music Production, Music",Ableton Live,All Levels,2.5 hours,4.6,15,65,"Rp149,000",5/2020,0,0,4,https://www.udemy.com/course/making-music-in-fl-studio-from-beginner-to-advanced/
ChatGPT For Music Producers,5574580,Luiz Bidart,"ChatGPT, Music Production, Artificial Intelligence (AI), Prompt Engineering, Other IT & Software",Ableton Live,All Levels,1.5 hours,4.5,10,83,"Rp149,000",10/2023,0,0,3,https://www.udemy.com/course/chatgpt-for-music-producers/
Music Production Fundamentals: Make Hip Hop Beats That BANG,2705706,Kia Orion,"Music Production, Music Fundamentals, Music",Ableton Live,Beginner,1.5 hours,4.1,70,463,"Rp149,000",12/2019,1,0,1,https://www.udemy.com/course/musicproductionfundamentals/
FL Studio 20 - Trap Music Production,1132976,Vedat Gezme,"FL Studio, Music Production, Music",Ableton Live,All Levels,4 hours,3.9,22,161,"Rp149,000",1/2020,1,0,4,https://www.udemy.com/course/fl-studio-20-create-amazing-trap-music/
FL Studio Beginners Course [Learn FL Studio Basics],2385912,Riley Weller,"FL Studio, Music Production, Music Software, Music",Ableton Live,Beginner,4.5 hours,4.5,330,7610,"Rp149,000",8/2024,0,0,0,https://www.udemy.com/course/fl-studio-beginners-course-learn-fl-studio-20-basics/
audio engineering: All About Compression,317936,"Christopher ""Czar"" Smith","Audio Compression, Audio Engineering, Other Music, Music",Ableton Live,Intermediate,2.5 hours,4.4,75,461,"Rp149,000",9/2015,0,0,5,https://www.udemy.com/course/audio-engineering-all-about-compression/
Advanced Beatmaking : The Art Of Sampling,2287429,Trap School,"Music Sampling, Music Production, Music",Ableton Live,Intermediate,1 hour,3.8,20,725,"Rp149,000",3/2019,0,0,0,https://www.udemy.com/course/advanced-beatmaking-the-art-of-sampling/
FL STUDIO: Music Production Masterclass In FL Studio&Mixing,4869294,Joseph Khoury,"FL Studio, Music Production, Music",Ableton Live,All Levels,9.5 hours,4.4,35,1147,"Rp149,000",9/2022,0,0,0,https://www.udemy.com/course/fl-studio-music-production-masterclass-in-fl-studio-20-mi/
Learn to Sample for Hiphop in Logic Pro,174626,Mika Marino,"Hip Hop Music, Logic, Logic Pro, Music Production, Music",Ableton Live,All Levels,1.5 hours,4.3,89,1140,"Rp149,000",10/2018,0,0,0,https://www.udemy.com/course/learn-how-to-sample-for-hip-hop-in-logic-pro/
The Ultimate Logic Pro X Electronic Music Production 2022,3126976,Jermaine Williams,"Logic Pro, Music Production, Music",Ableton Live,All Levels,3.5 hours,4.5,35,1685,"Rp149,000",1/2023,0,0,0,https://www.udemy.com/course/the-ultimate-logic-pro-x-music-production-course-2020/
Make Your First Track Like The Chainsmokers (in FL Studio!),1266086,Colin Warn,"FL Studio, Music Production, Music Software, Music",Ableton Live,Beginner,3.5 hours,4.4,125,1134,"Rp149,000",1/2019,2,0,2,https://www.udemy.com/course/chainsmokers/
Audio Engineering Tricks To Make Your Music Stand Out,5745854,Reydavid De Los Santos,"Audio Engineering, Music Production, Music",Ableton Live,All Levels,1 hour,4.7,N/A,3,"Rp149,000",2/2024,8,0,32,https://www.udemy.com/course/audio-engineering-tricks-to-make-your-music-stand-out/
FL Studio Intermediate Course: Learn Advanced Concepts,2463078,Riley Weller,"FL Studio, Music Production, Music Mixing, Music",Ableton Live,Intermediate,4.5 hours,4.1,61,1886,"Rp149,000",8/2024,0,0,0,https://www.udemy.com/course/fl-studio-20-intermediate-course/
How to Make Beats: FL Studio 21 for Beginners,6573585,Matthew Lane,"Music Production, FL Studio, Music",Ableton Live,Beginner,2 hours,4.7,N/A,3,"Rp319,000",4/2025,0,0,4,https://www.udemy.com/course/how-to-make-beats-fl-studio-for-beginners/
HOW TO DJ PSYTRANCE USING YOUR LAPTOP,4399550,Reeve Scharneck - (PROFESSOR JAS),"DJ, Music Techniques, Music",Ableton Live,Beginner,42 mins,4.2,25,580,"Rp149,000",11/2021,0,0,0,https://www.udemy.com/course/how-to-dj-psytrance-with-no-equipment-or-experience/
Learning Synthesis (For Beginners),6717475,Demis Hellen,"Sound Design, Music Software, Music",Ableton Live,Beginner,3 hours,4.4,N/A,1,"Rp149,000",7/2025,0,0,7,https://www.udemy.com/course/learning-synthesis-for-beginners/
Make Your First Hip Hop Track - For Fun and Profit!,962376,Colin Warn,"Hip Hop Music, Music Production, Music Composition, Music",Ableton Live,Beginner,2.5 hours,4.0,24,408,"Rp149,000",1/2019,5,0,4,https://www.udemy.com/course/makeahiphoptrack/
The Stratford Music Theory Course,4282014,Madeline Stratford,"Music Theory, Ear Training, Reading Music, Music Fundamentals, Music",Ableton Live,Beginner,8.5 hours,4.7,84,419,"Rp149,000",7/2023,0,0,85,https://www.udemy.com/course/the-stratford-music-theory-course/
Drum Sequencing 101 - Make FIRE Drum Patterns,630124,Joseph Evans,"Drums, Music Production, Music",Ableton Live,Beginner,2.5 hours,4.4,254,2634,"Rp149,000",2/2022,1,0,1,https://www.udemy.com/course/drum-sequencing-101/
How To Put A Microphone On Talent,188866,Thomas Popp,"Acting, Video Design, Photography & Video",Ableton Live,All Levels,2 hours,4.6,97,1404,"Rp149,000",4/2014,3,0,0,https://www.udemy.com/course/dttwbook/
Sound Design Basics 101 [LEARN SOUND DESIGN IN FL STUDIO],3258328,Riley Weller,"Sound Design, FL Studio, Xfer Serum, Music Techniques, Music",Ableton Live,Beginner,2 hours,4.7,31,149,"Rp149,000",7/2020,0,0,0,https://www.udemy.com/course/sound-design-basics-101-fl-studio-20/
Music Theory Made Simple,1591156,Kevin Patrick Fleming,"Music Theory, Music Fundamentals, Music",Ableton Live,All Levels,1 hour,4.9,22,112,"Rp149,000",9/2024,0,0,0,https://www.udemy.com/course/music-theory-made-simple/
Music Production 101: Build Your Home Studio,2468614,LearningWhilePracticing LWP,"Music Production, Music Recording, Music",Ableton Live,Beginner,32 mins,3.9,48,2058,"Rp149,000",7/2019,0,0,0,https://www.udemy.com/course/music-production-101-build-your-home-studio/
FL STUDIO BEAT MAKING FUNDERMENTAL,6429847,WILSON SEGUN,"Beat, Instruments, Music",Ableton Live,Beginner,3.5 hours,4.5,N/A,N/A,"Rp149,000",1/2025,0,0,2,https://www.udemy.com/course/flstudio-beatmaking-basics/
200 Practice Questions to Beat the CAMS Exam - 2026,7021483,Adeboye Fohunola,"Compliance, Finance & Accounting",Ableton Live,All Levels,N/A,3.5,N/A,N/A,"Rp149,000",2/2026,0,0,0,https://www.udemy.com/course/challenge-yourself-200-questions-to-beat-the-cams-exam/
A Beginner's Guide to Writing for Production Music Libraries,5374578,Todd Jones,"Music Production, Music",Ableton Live,Beginner,1.5 hours,4.6,8,20,"Rp149,000",9/2023,0,0,3,https://www.udemy.com/course/writing-music-for-production-music-libraries/
Electronic Dance Music Production: How To Do Mashups & Edits,197014,Tiago Teejay,"Music Production, Dance, Electronics, Music Theory, Music",Ableton Live,All Levels,4 hours,3.9,7,158,"Rp149,000",4/2014,0,0,0,https://www.udemy.com/course/edm-how-to-do-mashups-edits/
Millionaire DJ: FL Studio 12 - Pro Music Production Course,675000,Evan Humber,"Music Production, Audio Production, FL Studio, DJ, Music",Ableton Live,All Levels,7 hours,3.8,761,4387,"Rp149,000",8/2016,6,0,6,https://www.udemy.com/course/millionaire-dj/
FL Studio 20 Course | Music Production,2575954,Vedat Gezme,"FL Studio, Music Software, Music",Ableton Live,All Levels,12.5 hours,4.2,12,92,"Rp159,000",2/2020,12,0,23,https://www.udemy.com/course/fl-studio-course-create-your-own-music/
Xfer Serum - Bass Sound Design Crash Course,3334150,"Scott Robinson, Warrior Sound","Sound Design, Xfer Serum, Music Production, Synthesizer, Music Software",Ableton Live,All Levels,3 hours,4.6,69,502,"Rp149,000",1/2024,4,0,20,https://www.udemy.com/course/xfer-serum-course/
Logic Pro Beginners,6790849,Daniele Montarulo,"Music Production, Music",Ableton Live,Beginner,1.5 hours,N/A,N/A,N/A,"Rp149,000",8/2025,0,0,2,https://www.udemy.com/course/logic-pro-beginners/
Rock Music Production For TV/Film & Video Games 2025,4047904,Wojciech Komorowski,"Game Music, Music Production, Music",Ableton Live,All Levels,2.5 hours,4.2,17,4037,"Rp149,000",3/2025,1,0,5,https://www.udemy.com/course/rock-music-production-for-tvfilm-video-games/
Convert Piano MIDI to Professional Audio Recordings,5867488,ALBEDO MUSIC,"Music Production, Music Software, Music",Ableton Live,Beginner,33 mins,4.8,2,8,"Rp149,000",3/2024,3,0,0,https://www.udemy.com/course/convert-piano-midi-to-professional-audio-recordings/
How To Make AMAZING BEATS. The BASICS of FL Studio,3210859,Aleksandrs Fjoklins,"Music Production, Music",Ableton Live,Beginner,1 hour,4.8,6,1031,"Rp319,000",7/2020,0,0,0,https://www.udemy.com/course/how-to-make-amazing-beats-the-basics-of-fl-studio/
SOUND for Film and Television,466142,Wrightsville Beach Studios,"Audio Production, Acoustics, Video Design, Photography & Video",Ableton Live,All Levels,2.5 hours,4.5,690,2840,"Rp149,000",4/2015,0,0,0,https://www.udemy.com/course/sound-for-film-and-television/
FL Studio: Optimum R&B Mixing and Mastering Music Production,2409030,LJ OnDaTrack,"FL Studio, Audio Production, Music Mixing, Music Production, Music",Ableton Live,All Levels,3 hours,4.4,23,102,"Rp149,000",9/2020,0,0,1,https://www.udemy.com/course/fl-studio-rnb-mixing-and-mastering/
"Audio frequency recognition, Equalisers and Psychoacoustics.",526444,Matt Wong,"Music Mixing, Music Production, Music",Ableton Live,All Levels,2.5 hours,4.6,122,544,"Rp149,000",10/2019,0,0,10,https://www.udemy.com/course/audiofrequency/
The Music of The Beatles,7095017,Rupsa Banerjee,"Humanities, Teaching & Academics",Ableton Live,Intermediate,6 hours,N/A,N/A,N/A,"Rp149,000",3/2026,0,0,0,https://www.udemy.com/course/the-music-of-the-beatles/
Complex -1 - Reason Studios Propellerhead,2641402,Dean Krain,"Reason DAW, Music Production, Instruments, Music",Ableton Live,Intermediate,3 hours,4.6,31,1127,"Rp149,000",11/2019,0,0,0,https://www.udemy.com/course/complex-1-reason-studios/
Ozone 10 - Your Secret Weapon for Perfect EDM Mastering,5242900,Beats By Dj Legion,"EDM, iZotope Ozone, Music Mixing, Music Software, Music",Ableton Live,Intermediate,1 hour,4.5,27,42,"Rp149,000",3/2023,0,0,0,https://www.udemy.com/course/ozone-10-your-secret-weapon-for-perfect-edm-mastering/
Complete Mixing masterclass for FL STUDIO,3692000,SC TUTS,"Music Mixing, Audio Engineering, FL Studio, Music Production, Music",Ableton Live,All Levels,1 hour,4.4,13,69,"Rp149,000",2/2021,0,0,1,https://www.udemy.com/course/learn-mixing-in-fl-studio/
Music Master Plan: From Music Theory to Music Career,476276,Mimi West,"Music Theory, Career Development, Music Mixing, Music Fundamentals, Music",Ableton Live,Beginner,4.5 hours,4.7,6,428,"Rp149,000",1/2021,0,0,47,https://www.udemy.com/course/music-master-plan-from-music-theory-to-music-career/
Introduction to Audio Engineering,304548,"Christopher ""Czar"" Smith","Audio Engineering, Music Software, Music",Ableton Live,Beginner,1.5 hours,4.4,215,868,"Rp149,000",9/2014,0,0,0,https://www.udemy.com/course/introduction-to-audio-engineering/
Stagecraft for Live Sound Engineers,646132,Soulsound School,"Audio Engineering, Acoustics, Other Music, Music",Ableton Live,All Levels,1 hour,4.2,91,341,"Rp149,000",10/2015,0,0,0,https://www.udemy.com/course/stagecraft-for-live-sound-engineers/
Logic Pro X 10.5,3515502,Ben dudding,"Logic Pro, Music Production, Music Software, Music",Ableton Live,Intermediate,2.5 hours,4.7,13,68,"Rp149,000",9/2020,0,0,6,https://www.udemy.com/course/logic-pro-x-105/
Music Production: FL Studio for Absolute Beginners - Part I,859078,Sam Dhanasekaran,"FL Studio, Audio Production, Music Theory, Music Production, Music",Ableton Live,Beginner,1.5 hours,4.4,56,814,"Rp149,000",2/2017,1,0,0,https://www.udemy.com/course/fl-studio-for-absolute-beginners-part-1/
Logic Pro X Tutorial - Tips & Tricks for Music Producers,695874,Joseph Evans,"Logic Pro, Music Production, Music",Ableton Live,Intermediate,2 hours,4.4,94,1689,"Rp149,000",11/2021,0,0,1,https://www.udemy.com/course/logic-pro-x-tutorial-tips-tricks-for-music-producers/
Music Theory for Pop and Rock Musicians,1193216,Dave Betts,"Music Theory, Music Fundamentals, Music",Ableton Live,Beginner,2 hours,4.7,37,163,"Rp149,000",5/2017,0,0,6,https://www.udemy.com/course/practicalmusictheory/
Location Sound Training 101,2483586,Fergus Lowrey,"Filmmaking, Sound Design, Music Production, Music",Ableton Live,Beginner,2 hours,4.0,78,273,"Rp149,000",8/2019,0,0,0,https://www.udemy.com/course/location-sound/
Live Concert Mixing with Waves Plugins,3917626,Pichai Chinawong,"Sound Design, Music Techniques, Music",Ableton Live,All Levels,1.5 hours,3.6,2,10,"Rp149,000",4/2025,0,0,0,https://www.udemy.com/course/live-concert-mixing-with-waves-plugins/
FL Studio 12: Blazing Beat Making Beginner Basics 2,1611530,LJ OnDaTrack,"FL Studio, Music Production, Music",Ableton Live,Beginner,3 hours,4.3,137,844,"Rp149,000",9/2020,0,0,1,https://www.udemy.com/course/blazing-beat-making-beginner-basics-2/
An Absolute Beginners Guide to Logic Pro X (2023),2867222,Eddie Grey,"Logic Pro, Music Software, Music",Ableton Live,Beginner,2 hours,4.4,28,109,"Rp149,000",5/2023,0,0,1,https://www.udemy.com/course/an-absolute-beginners-guide-to-logic-pro-x/
Audio Engineering: Adjectives of Audio,481722,"Christopher ""Czar"" Smith","Audio Engineering, Music Fundamentals, Music",Ableton Live,Beginner,1 hour,4.4,47,218,"Rp149,000",9/2015,0,0,0,https://www.udemy.com/course/audio-engineering-adjectives-of-audio/
audio engineering: Basics of Compression,317034,"Christopher ""Czar"" Smith","Audio Compression, Audio Engineering, Other Music, Music",Ableton Live,Beginner,1.5 hours,4.4,50,272,"Rp149,000",9/2015,0,0,0,https://www.udemy.com/course/audio-engineering-basics-of-compression/
Music Production - Complete Pop Beat (Logic Pro X),6167689,Christopher Jaggasar,"Instruments, Music",Ableton Live,Intermediate,44 mins,4.5,1,2,"Rp249,000",9/2024,0,0,0,https://www.udemy.com/course/music-production-complete-pop-beat-logic-pro-x/
Drum Production Bible: Secret Methods For Modern Beat Making,639892,The Songwriting Team,"Drums, Audio Production, Beat, Music Production, Music",Ableton Live,Intermediate,2 hours,4.3,127,885,"Rp329,000",12/2015,4,0,0,https://www.udemy.com/course/drum-production-bible-secret-methods-for-modern-beat-making-vol-1/
Make Professional Trap Beats,2267990,Trap School,"Music Recording, Music Production, Music",Ableton Live,All Levels,1.5 hours,3.8,34,681,"Rp149,000",3/2019,0,0,0,https://www.udemy.com/course/learn-to-make-trap-beats/
How To Ignite Your Music Dreams,311094,Mark Desvaux,"Music Career, Music Theory, Other Music, Music",Ableton Live,All Levels,3.5 hours,4.6,106,737,"Rp149,000",8/2016,6,0,6,https://www.udemy.com/course/how-to-live-your-music-dreams/
Audio Engineering: All About EQ,332408,"Christopher ""Czar"" Smith","Audio Equalization, Audio Engineering, Other Music, Music",Ableton Live,Intermediate,1 hour,4.3,81,483,"Rp149,000",12/2015,0,0,0,https://www.udemy.com/course/audio-engineering-all-about-eq/
Music Theory For Beginners,1676034,Jacob Obling Nygaard,"Music Theory, Reading Music, Music Fundamentals, Music",Ableton Live,Beginner,3 hours,4.6,11,738,"Rp379,000",11/2019,0,0,0,https://www.udemy.com/course/music-theory-for-beginners-d/
Compression Made Easy,2679498,David Vignola,"Audio Compression, Other Music, Music",Ableton Live,Beginner,3 hours,4.7,17,75,"Rp329,000",12/2019,0,0,1,https://www.udemy.com/course/compression-made-easy/
Making Music in FL Studio 20: Introduction to the Basics,4442682,Seventh' Beats,"Music Production, Music",Ableton Live,All Levels,2.5 hours,4.3,60,205,"Rp149,000",8/2022,0,0,11,https://www.udemy.com/course/flstudio-masterclass/
Music Production Fundamentals: Make Trap Beats That BANG,2803981,Kia Orion,"Music Production, Music Composition, Music",Ableton Live,Beginner,4 hours,3.8,35,205,"Rp149,000",4/2020,1,0,0,https://www.udemy.com/course/trapbeats/
Music Production Fundamentals: Make DOPE Modern Trap Beats,3538006,Kia Orion,"Music Production, Music Fundamentals, Music",Ableton Live,Beginner,1 hour,4.3,7,44,"Rp149,000",10/2020,0,0,0,https://www.udemy.com/course/trapbeats3/
Basics of Songwriting,1234658,Johan van Rooyen,"Songwriting, Music Fundamentals, Music",Ableton Live,Beginner,1.5 hours,4.2,72,1539,"Rp149,000",6/2017,0,0,0,https://www.udemy.com/course/basics-of-songwriting/
FL Studio Basics + Vocal Effect Presets + Projects & Samples,3811574,masteringclass.org Tutorials,"FL Studio, Music Software, Music",Ableton Live,Beginner,1 hour,4.3,17,7937,"Rp149,000",2/2021,4,0,3,https://www.udemy.com/course/fl-studio-vocal-presets/
Engineering Sound for Home Recording and Music Production,740182,Jim Britton,"Music Recording, Acoustics, Music Mixing, Music Production, Music",Ableton Live,All Levels,2 hours,4.1,80,847,"Rp149,000",5/2019,0,0,4,https://www.udemy.com/course/the-basics-of-sound-for-recording/
Producing Music with Logic Pro X,3490382,"Derrick Mitchell, Solo Ray","Logic Pro, Music Production, Music",Ableton Live,Beginner,2.5 hours,4.6,32,188,"Rp149,000",9/2020,0,0,0,https://www.udemy.com/course/producing-music-with-logic-pro-x/
Synthesis with Propellerhead Reason - Europa,1524424,Dean Krain,"Reason DAW, Synthesizer, Music Production, Music",Ableton Live,All Levels,4.5 hours,4.4,78,4121,"Rp149,000",2/2018,0,0,0,https://www.udemy.com/course/synthesis-with-reasons-europa/
Audio Engineering 101: Microphones for Beginners,4659606,Scott Luu,"Audio Production, Audio Engineering, Music Production, Music",Ableton Live,Beginner,1 hour,4.8,18,51,"Rp149,000",5/2022,0,0,3,https://www.udemy.com/course/microphones-for-beginners/
FL Studio 12: Blazing Beat Making Beginner Basics,1608170,LJ OnDaTrack,"FL Studio, Music Production, Music",Ableton Live,Beginner,1.5 hours,4.3,457,1398,"Rp149,000",9/2020,0,0,1,https://www.udemy.com/course/blazing-beat-making-beginner-basics/
Music Theory - A masters guide to help you study,380938,Anthony Terrano,"Music Theory, Study Skills, Music Fundamentals, Music",Ableton Live,All Levels,40 mins,4.1,263,9441,"Rp149,000",7/2016,0,0,0,https://www.udemy.com/course/anthonys-music-theory/
Foundation course in audio technology,3793442,Rob Mills,"Audio Engineering, Acoustics, Listening Skills, Music Production, Music",Ableton Live,Intermediate,2 hours,4.6,36,141,"Rp149,000",3/2021,0,0,7,https://www.udemy.com/course/foundation-audio/
FL Studio 21 - Gain Staging,4269212,Nitin Nischal (Nit-A Music),"Music Production, Music",Ableton Live,All Levels,31 mins,4.4,7,745,"Rp149,000",1/2024,0,0,0,https://www.udemy.com/course/how-to-do-gain-staging-in-fl-studio/
How To Become A Live Audio Mixer,3428042,HowExpert,"Audio Editing, Music Production, Music",Ableton Live,Intermediate,1 hour,4.2,3,5,"Rp349,000",8/2020,0,0,0,https://www.udemy.com/course/how-to-become-a-live-audio-mixer/
Ultimate Audio Compression Guide,1499260,Gustavo G,"Audio Engineering, Audio Compression, Music Production, Music",Ableton Live,All Levels,2 hours,4.4,52,243,"Rp149,000",1/2018,0,0,0,https://www.udemy.com/course/ultimate-compression-guide/
Logic Pro X Music Production Template Track From Scratch,3284060,"Warrior Sound, Scott Robinson","Logic Pro, Audio Engineering, Music Production, Music Sampling, Music Software",Ableton Live,Intermediate,6 hours,4.2,5,70,"Rp149,000",1/2024,0,0,1,https://www.udemy.com/course/logic-pro-x-music-production-template/
Creating Organic Beats in FL Studio,1147102,Riley Weller,"FL Studio, Beat, Music Production, Music",Ableton Live,Intermediate,1.5 hours,4.1,22,2214,"Rp149,000",6/2019,0,0,1,https://www.udemy.com/course/organic-beats/
Intermediate Music Theory - Hands-On Approach,126316,Mihaela Williams,"Music Theory, Music Fundamentals, Music",Ableton Live,Intermediate,1 hour,4.5,13,189,"Rp149,000",8/2016,0,0,40,https://www.udemy.com/course/intermediate-music-theory/
Mastering Music With Izotope Ozone 10,5182512,"Scott Robinson, Warrior Sound","iZotope Ozone, Audio Engineering, Music Mixing, EDM, Music Software",Ableton Live,All Levels,4 hours,4.5,20,107,"Rp149,000",1/2024,0,0,5,https://www.udemy.com/course/mastering-music-with-izotope-ozone-10/
Create an energetic House Track with Logic Pro,22365,Mohamed Kamal,"Logic Pro, Logic, Music Production, Music",Ableton Live,All Levels,2.5 hours,3.8,26,853,"Rp149,000",8/2012,0,0,1,https://www.udemy.com/course/audyolab-logic-pro-and-house-music-101/
Music Fundamentals for Beginners,4702598,Anne Plummer,"Music Theory, Music Fundamentals, Music",Ableton Live,Beginner,1.5 hours,4.5,9,34,"Rp149,000",3/2025,1,0,5,https://www.udemy.com/course/music-fundamentals-for-beginners/
A Practical Beginners Guide To The Basics Of Live Sound,2727772,Rob Pember,"Audio Engineering, Other Music, Music",Ableton Live,Beginner,31 mins,4.4,61,5342,"Rp149,000",12/2019,0,0,0,https://www.udemy.com/course/livesoundbasics/
I-Create Content,3349712,Omeri Monroe,"Video Creation, Video Design, Photography & Video",Ableton Live,Beginner,2.5 hours,4.5,2,6,"Rp249,000",7/2020,0,0,0,https://www.udemy.com/course/i-createcontent/
How to Make a Mashups & Edit Songs for DJing using FL STUDIO,6827737,Ignacio Romero,"Music Production, Music Mixing, Music",Ableton Live,Beginner,31 mins,2.2,2,1,"Rp149,000",10/2025,0,0,2,https://www.udemy.com/course/mashup-masterclass/
Concert Promotion & The Live Music Industry,5060912,JJ Holls,"Music Business, Other Music, Music",Ableton Live,Intermediate,2 hours,4.7,17,51,"Rp399,000",2/2023,0,0,6,https://www.udemy.com/course/concert-promotion-the-live-music-industry/
Logic Pro X - How To Make Beats,777992,Joseph Evans,"Logic Pro, Logic, Music Software, Music",Ableton Live,Beginner,2.5 hours,4.5,158,3873,"Rp149,000",5/2022,2,0,3,https://www.udemy.com/course/logicprox/
How To Make Beats In Logic Pro 10.5,4062774,Joseph Evans,"Logic Pro, Music Production, Music Software, Music",Ableton Live,All Levels,6.5 hours,4.6,34,211,"Rp149,000",4/2023,1,0,1,https://www.udemy.com/course/beatmakinginlogicprox/
"Melody, Chords and Harmony Without Music Theory in FL Studio",3695760,Nejc Filipič,"Music Production, Harmony (music), Songwriting, Music",Ableton Live,Beginner,3.5 hours,4.0,14,65,"Rp249,000",12/2020,0,0,0,https://www.udemy.com/course/melody-chords-and-harmony-in-piano-roll/
Logic Pro X Training for Music Producers,850284,Sal A.,"Logic Pro, Logic, Music Software, Music",Ableton Live,All Levels,2.5 hours,4.6,325,2790,"Rp149,000",11/2019,4,0,1,https://www.udemy.com/course/the-logic-pro-bootcamp-level-1/
Mix and Master Trap Beats,2184858,Trap School,"Music Mixing, Beat, Music Techniques, Music",Ableton Live,Beginner,1 hour,3.9,44,549,"Rp149,000",1/2019,0,0,0,https://www.udemy.com/course/mix-and-master-trap-beats/
Audio Engineering Made Easy,3912014,Makhi Stewart,"Music Production, Audio Engineering, Music",Ableton Live,Beginner,2.5 hours,4.8,11,44,"Rp1,799,000",5/2025,36,0,0,https://www.udemy.com/course/audio-engineering-made-easy/
Digital Audio Fundamentals,3795996,Akash Murthy,"Digital Audio, Audio Engineering, Music Fundamentals, Music",Ableton Live,All Levels,3 hours,4.6,107,497,"Rp149,000",2/2021,0,0,0,https://www.udemy.com/course/digital-audio-fundamentals/
The Ultimate Guide To Producing A Hip-Hop Beat For The Club,522134,Justin McDowell,"Hip Hop Music, Beat, Music Composition, Music Production, Music",Ableton Live,Intermediate,1.5 hours,3.7,19,127,"Rp149,000",9/2015,2,0,3,https://www.udemy.com/course/the-ultimate-guide-to-producing-a-hip-hop-beat-for-the-club/
Music Theory Vol.I : Basic Terminology,812706,Ilse Lozoya,"Music Theory, Music Fundamentals, Music",Ableton Live,Beginner,1 hour,4.2,124,5286,"Rp149,000",11/2024,1,0,0,https://www.udemy.com/course/music-theory-introduction/
Audio Engineering Basics,4578382,Kushal Patil,"Audio Engineering, Music Production, Music",Ableton Live,All Levels,30 mins,4.4,295,3640,"Rp149,000",8/2022,0,0,0,https://www.udemy.com/course/audio-engineering-beginner-to-pro-a/
"Complete Compressor, EQ, Reverb, Delay Basics for Beginners",4278978,Vishal Vira,"Music Mixing, Music Software, Music",Ableton Live,Beginner,1 hour,4.0,N/A,6,"Rp149,000",6/2023,0,0,0,https://www.udemy.com/course/mixing-effects-masterclass-beginner-cakewalk-and-other-daws/
Music theory for complete beginners,728254,Miguel Fajardo,"Music Theory, Music Fundamentals, Music",Ableton Live,Beginner,1 hour,4.4,441,8169,"Rp149,000",4/2020,0,0,5,https://www.udemy.com/course/music-theory-for-complete-beginners-1/
Players - Live Performance in Propellerhead Reason,2010618,Dean Krain,"Reason DAW, Music Production, Music Techniques, Music",Ableton Live,Intermediate,4.5 hours,4.4,35,1154,"Rp149,000",11/2018,0,0,0,https://www.udemy.com/course/players-live-performance-in-reason/
Logic Pro X Beginner to Advanced - The Complete Guide!,2000504,Erskine Currie,"Logic Pro, Music Production, Music",Ableton Live,Beginner,1 hour,4.5,20,70,"Rp149,000",11/2018,0,0,0,https://www.udemy.com/course/logic-pro-x-beginner-to-advanced-the-complete-guide/
Mastering Your Room Acoustics for Superior Mixes on a Budget,4642028,Max Porcelli,"Audio Production, Acoustics, Music Production, Other Music, Music",Ableton Live,Beginner,33 mins,4.7,3,22,"Rp149,000",2/2025,4,0,0,https://www.udemy.com/course/understand-your-room-to-mix-better-even-with-budget-speakers/
Grain Sample Manipulator - Propellerhead Reason,2412426,Dean Krain,"Reason DAW, Music Production, Sound Design, Instruments, Music",Ableton Live,All Levels,3 hours,4.3,28,1140,"Rp149,000",6/2019,0,0,0,https://www.udemy.com/course/grain-sample-manipulator-propellerhead-reason/
The Complete Introduction To Music Theory Course,957506,"Matthew Carano, Joe Parys, Joe Parys Support","Music Theory, Music Fundamentals, Music",Ableton Live,Beginner,1.5 hours,4.6,436,11342,"Rp149,000",10/2016,5,0,15,https://www.udemy.com/course/introduction-to-music-theory/
"Operating the Audio Mixer, A Beginning Sound Engineer Course",1657086,RF Audio,"Audio Engineering, Music Mixing, Music Production, Music",Ableton Live,Beginner,34 mins,4.2,338,1097,"Rp149,000",6/2018,0,0,0,https://www.udemy.com/course/operating-the-audio-mixer-a-beginning-sound-engineer-course/
Mastering Music Theory: From Basics to Advanced Concepts,6948269,Muhammad Husnain,"Music Theory, Other Music, Music",Ableton Live,Beginner,1.5 hours,4.7,18,38,"Rp149,000",11/2025,0,0,0,https://www.udemy.com/course/mastering-music-theory-from-basics-to-advanced-concepts/
How to DJ Using Your Laptop Computer,1331882,22 Lions Bookstore,"DJ, Electronic Music, Music Software, Music",Ableton Live,All Levels,1 hour,3.4,65,2585,"Rp149,000",4/2018,2,0,0,https://www.udemy.com/course/how-to-dj-using-your-laptop-computer/
Beginning Music Theory - Hands-On Approach,86874,Mihaela Williams,"Music Theory, Music Fundamentals, Music",Ableton Live,Beginner,1 hour,4.6,24,217,"Rp149,000",9/2015,1,0,33,https://www.udemy.com/course/beginning-music-theory/
Learn Live Looping On The RC-3 Loop Station.,3772980,Brad Cunningham,"Live Looping, Other Music, Music",Ableton Live,All Levels,1.5 hours,4.0,2,14,"Rp149,000",6/2021,0,0,0,https://www.udemy.com/course/learn-live-looping/
#8 Chord Progression:Music Theory 10 Levels Old Rugged Cross,1303384,Rosa Suen,"Piano, Music Fundamentals, Music",Ableton Live,All Levels,1 hour,4.3,9,1370,"Rp169,000",10/2019,11,0,10,https://www.udemy.com/course/8-chord-progressionmusic-theory-10-levels-old-rugged-cross/
Digital Audio Masterclass,1457614,Gustavo G,"Digital Audio, Music Fundamentals, Music",Ableton Live,Beginner,3.5 hours,4.5,24,148,"Rp149,000",1/2018,0,0,0,https://www.udemy.com/course/digital-audio-masterclass/
"Audio Equalization, EQ: Engineering HOT Sound With Equalizer",3398976,Marcin Rajski,"Audio Equalization, Music Production, Music",Ableton Live,All Levels,4 hours,4.4,29,293,"Rp149,000",9/2020,0,0,2,https://www.udemy.com/course/audio-equalization-eq-engineering-hot-sound-with-equalizer/
What is Sound?,1629652,Pedro Silva,"Audio Engineering, Sound Design, Audio Production, Audio Editing, Other IT & Software",Ableton Live,All Levels,43 mins,4.3,41,172,"Rp149,000",11/2018,0,0,1,https://www.udemy.com/course/principles-of-sound-theory/
AI Music Composition,5556830,Michael Rossi,"AI Content Generation, Music Production, Music",Ableton Live,Beginner,37 mins,4.0,9,29,"Rp149,000",9/2023,0,0,0,https://www.udemy.com/course/ai-music-composition/
30 Minute Content Method,5126614,Tuna Dokme,"Adobe Premiere Pro, Content Creation, YouTube Audience Growth, Video Design, Photography & Video",Ableton Live,All Levels,2.5 hours,5.0,2,7,"Rp149,000",3/2025,2,0,6,https://www.udemy.com/course/30minutecontentmethod/
audio engineering: EQ and Compression for beginners,322818,"Christopher ""Czar"" Smith","Audio Engineering, Audio Compression, Music Techniques, Music",Ableton Live,Beginner,1 hour,4.3,2477,33337,Free,9/2015,0,0,0,https://www.udemy.com/course/audio-engineering-eq-and-compression-for-beginners/
Making a beat in Logic Pro,6760071,Christopher Jaggasar,"Music Production, Sound Design, Music",Ableton Live,Beginner,36 mins,5.0,7,334,Free,8/2025,0,0,0,https://www.udemy.com/course/making-a-beat-in-logic-pro/
Amped Studio - Making professional music. Videocourse,4376502,Bil Bryant,"Music Production, Music Software, Music",Ableton Live,Beginner,1 hour,3.5,8,2897,Free,11/2021,0,0,0,https://www.udemy.com/course/amped-studio-videocourse/
Music Composition in FL Studio for Complete Beginners,6801477,Maciej Śniegucki,"Game Music, Music Production, Music",Ableton Live,Beginner,2 hours,4.8,15,637,Free,8/2025,0,0,0,https://www.udemy.com/course/music-composition-in-fl-studio-for-complete-beginners/
Producing Music Online For Free - No Experience Needed!,3088640,Spencer Russell,"Music Production, Music",Ableton Live,All Levels,1 hour,3.3,13,1129,Free,2/2025,0,0,0,https://www.udemy.com/course/how-to-make-beats-online/
Making Music 4 with Akai's MPC X: Music for your content,5223200,Yadvinder Singh,"Music Production, Music Sampling, Music",Ableton Live,Beginner,37 mins,3.6,12,743,Free,3/2023,1,0,0,https://www.udemy.com/course/makingmusic4mpcx/
Become a Logic Pro Power User (Part 1),4024854,Eddie Grey,"Logic Pro, Music Software, Music",Ableton Live,Beginner,35 mins,4.7,37,1253,Free,5/2021,0,0,0,https://www.udemy.com/course/logic-pro-power-user-part-1/
Foundations of Making Music with Guy Michelmore,6435719,ThinkSpace Education,"Music Theory, Music Fundamentals, Music",Ableton Live,Beginner,2 hours,4.7,24,414,Free,2/2025,18,0,0,https://www.udemy.com/course/foundations-of-making-music-with-guy-michelmore/
Motivation For Musicians,2386292,Gal Peiser,"Motivation, Music Theory, Other Music, Music",Ableton Live,All Levels,32 mins,4.7,132,4139,Free,5/2019,0,0,0,https://www.udemy.com/course/motivation-for-musicians/
Producing & Mixing Urban music in Logic pro X,1553938,Cori Jacobs,"Music Production, Music Mixing, Music",Ableton Live,Beginner,2.5 hours,4.5,125,5146,Free,2/2018,0,0,0,https://www.udemy.com/course/producing-mixing-urban-music-in-logic-pro-x/
How to Break Into the Music Industry,4635412,Ben Allingham,"Music Career, Music Appreciation, Music Business, Music Fundamentals, Music",Ableton Live,Beginner,1 hour,4.2,30,1927,Free,4/2022,0,0,0,https://www.udemy.com/course/break-into-the-music-industry-allinghammanagement/
Making Music 5 with Waveform 12: A free DAW to create music,5243374,Yadvinder Singh,"Music Production, Music Software, Music",Ableton Live,Beginner,33 mins,3.6,5,1325,Free,4/2023,1,0,0,https://www.udemy.com/course/sikhxthsensewaveform12/
LIMITING & DITHERING (with Slate Digital FG-X),3781456,MUSICAL NOTES,"Music Production, Music Software, Music",Ableton Live,All Levels,1.5 hours,4.8,3,359,Free,1/2021,0,0,0,https://www.udemy.com/course/limiting-dithering-with-slate-digital-fg-x/
Orchestral Template for Beginners,3333508,Wojciech Usarzewicz,"Music Composition, Music Production, Music",Ableton Live,Beginner,2 hours,4.3,30,558,Free,8/2020,10,0,2,https://www.udemy.com/course/orchestral-template-for-beginners/
Approaches & Strategies for the Popular Music Guitarist,5281484,Darren Lindsay,"Music Composition, Music Theory, Songwriting, Music Techniques, Music",Ableton Live,Beginner,1 hour,4.9,7,1032,Free,5/2023,0,0,12,https://www.udemy.com/course/approaches-strategies-for-the-popular-music-guitarist/
Compression for Music Producers,729010,Andrii Vakhnenko,"Audio Compression, Music Theory, Music Production, Music",Ableton Live,All Levels,37 mins,4.1,224,6837,Free,2/2016,0,0,0,https://www.udemy.com/course/andi-vax-compression/
Music Production - Intro to Presonus Studio One,1133108,Gary Hiebner,"Presonus, Audio Production, Music Composition, Music Production, Music Software",Ableton Live,Beginner,33 mins,4.2,770,16021,Free,6/2020,4,0,0,https://www.udemy.com/course/taking-a-peek-at-producing-a-song-with-studio-one/
Music Production with FL Studio,5318560,Fuat Ulugay,"FL Studio, Music Production, Music",Ableton Live,Beginner,2 hours,4.3,156,6173,Free,7/2023,2,0,0,https://www.udemy.com/course/music-production-with-fl-studio/
Ultimate Beginner's Guide to Logic Pro,114488,Richard Williams,"Logic Pro, Logic, Music Software, Music",Ableton Live,Beginner,5 hours,4.0,85,7152,Free,5/2016,0,0,1,https://www.udemy.com/course/ultimate-beginners-guide-to-logic-pro/
Grow Your Social Following and Email List For Music Artists,4518876,David Verney,"Music Marketing, Other Music, Music",Ableton Live,Intermediate,29 mins,3.8,8,1091,Free,3/2022,0,0,0,https://www.udemy.com/course/grow-your-social-following-and-email-list-for-music-artists/
Music Mastermind LITE: Learn the 7 Elements of Music,2570124,Andrew J. Smith,"Music Theory, Music Fundamentals, Music",Ableton Live,Beginner,28 mins,4.7,226,5506,Free,5/2020,0,0,8,https://www.udemy.com/course/musicmastermind-learn-the-7-essential-elements-of-music/
African American Culture and Music,4485834,Connect For Education,"Music History, Humanities, Teaching & Academics",Ableton Live,All Levels,32 mins,4.7,7,436,Free,8/2022,2,0,0,https://www.udemy.com/course/black_culture_music/
Being a music teacher,640496,Ilse Lozoya,"Music Theory, Instruments, Music",Ableton Live,Beginner,1.5 hours,4.5,99,5655,Free,1/2023,1,0,0,https://www.udemy.com/course/teaching-piano-a-quick-guide-for-begginers/
BandLab for beginners,3400134,Planet drum,"Music Production, Music Software, Music",Ableton Live,Beginner,33 mins,4.4,339,5502,Free,8/2020,0,0,0,https://www.udemy.com/course/bandlab-for-beginners/
Music Theory For Beginners,955750,Nicole DiPaolo,"Music Theory, Music Fundamentals, Music",Ableton Live,Beginner,1 hour,4.7,897,26255,Free,7/2018,3,0,0,https://www.udemy.com/course/music-theory-for-beginners/
"Band as Business, Musician as Entrepreneur",45993,John Snyder,"Music Business, Industry, Business",Ableton Live,All Levels,5.5 hours,4.5,284,12339,Free,8/2013,0,0,0,https://www.udemy.com/course/bandasbusiness/
Introduction to Music Theory,4928626,Owen Potter,"Music Theory, Music Fundamentals, Music",Ableton Live,All Levels,36 mins,3.7,35,2100,Free,10/2022,0,0,0,https://www.udemy.com/course/introduction-to-music-theory-s/
How to Write SuperHero Music,4656942,Josh Liljeblad,"Music Composition, Music Theory, Music Production, Music",Ableton Live,Intermediate,1 hour,4.6,14,554,Free,5/2024,0,0,0,https://www.udemy.com/course/how-to-write-super-hero-music/
FL Studio Sytrus Sound Design Course,1071018,Alex Merced,"FL Studio, Synthesizer, Music Production, Music",Ableton Live,Beginner,1 hour,3.8,379,14820,Free,1/2017,0,0,0,https://www.udemy.com/course/free-fl-studio-sytrus-sound-design-course/
Music Theory Fundamentals (AP Music Theory Part 1),2053623,Sherwin Lai,"Music Theory, Music Fundamentals, Music",Ableton Live,All Levels,3.5 hours,4.3,194,8617,Free,3/2019,0,0,0,https://www.udemy.com/course/musictheoryfundamentals/
Vital Synth Crash Course for Beginners,6551287,Udi Zisser,"Synthesizer, Sound Design, Music Production, Music Software, Music",Ableton Live,Intermediate,37 mins,4.3,16,224,Free,4/2025,0,0,0,https://www.udemy.com/course/vital-synth-crash-course-for-beginners/
Logic Pro For Beginners,854056,Christopher Greenwood,"Logic Pro, Logic, Music Software, Music",Ableton Live,Beginner,44 mins,4.0,69,4694,Free,5/2016,0,0,0,https://www.udemy.com/course/logicpro/
Equalization Deconstructed: Four Methods to Better Sound,1729352,Neal Schmitt,"Music Production, Acoustics, Audio Production, Music",Ableton Live,Beginner,1 hour,4.5,329,8263,Free,7/2018,0,0,0,https://www.udemy.com/course/equalization/
ABRSM and Trinity Music Theory,6334011,Victoria Williams LmusTCL BA(Mus),"Music Theory, Music Fundamentals, Music",Ableton Live,All Levels,1 hour,4.8,6,629,Free,1/2026,4,0,2,https://www.udemy.com/course/music-theory-all-levels/
Sound Design with Massive (Lite),106366,Dylan Bowes,"Sound Design, Music Production, Music",Ableton Live,Beginner,1.5 hours,4.4,184,7606,Free,2/2021,0,0,0,https://www.udemy.com/course/massive-tutorial-lite/
Learn Monster GODJ,566856,Monster Godj,"Music Mixing, Instruments, Music",Ableton Live,Beginner,1 hour,4.3,51,3357,Free,7/2015,0,0,0,https://www.udemy.com/course/learn-monster-godj/
Audio Engineering: How to prepare and share sessions & files,539656,"Christopher ""Czar"" Smith","Audio Engineering, Other Music, Music",Ableton Live,Beginner,30 mins,4.5,114,3819,Free,9/2015,0,0,0,https://www.udemy.com/course/how-to-properly-prepare-export-and-share-your-files/
Introduction to Modular Synthesis and VCV Rack,3658674,Michael Filimowicz,"Synthesizer, Sound Design, Music Software, Music",Ableton Live,Beginner,32 mins,4.1,60,3375,Free,12/2024,53,0,21,https://www.udemy.com/course/introduction-to-modular-synthesis-and-vcv-rack/
Learn how to Create Beats in Fl Studio,4810282,Divine YJ Truth,"FL Studio, Music Production, Music",Ableton Live,Intermediate,2 hours,4.1,43,3262,Free,8/2022,0,0,0,https://www.udemy.com/course/learn-how-to-create-beats-in-fl-studio/
Write Guitar Music Notation & TAB with Noteflight FREE,3454780,John Chamley,"Music Appreciation, Music Software, Music",Ableton Live,Beginner,32 mins,4.3,22,1604,Free,8/2020,0,0,0,https://www.udemy.com/course/write-guitar-music-notation-tab-with-noteflight-free/
Create Electronic Music With Reason 9,934380,Dee Pei,"Electronic Music, Electronics, Music Theory, Music Software, Music",Ableton Live,Intermediate,37 mins,2.8,34,3917,Free,9/2016,0,0,1,https://www.udemy.com/course/create-electronic-music-with-reason-9/
Make Your First Melody/Jingle - No Music Experience Needed!,978532,Colin Warn,"Music Composition, Music Production, Music Theory, Music Fundamentals, Music",Ableton Live,All Levels,N/A,4.1,195,8290,"Rp149,000",10/2016,0,0,0,https://www.udemy.com/course/makeamelody/
Learn the Basics of Music Theory and all the Major Scales,5535520,Oluwayanmife Akintola,"Piano, Instruments, Music",Ableton Live,Beginner,1 hour,4.2,18,1198,Free,8/2024,1,0,0,https://www.udemy.com/course/learn-the-basics-of-music-theory-and-all-the-major-scales/
How to Get free Sheet Music,2068983,Micah Blake,"Music Appreciation, Music Fundamentals, Music",Ableton Live,All Levels,40 mins,4.0,71,3836,Free,1/2022,4,0,0,https://www.udemy.com/course/free-sheet-music/
Audio Engineering: Signal Flow,305926,"Christopher ""Czar"" Smith","Audio Engineering, Other Music, Music",Ableton Live,Beginner,31 mins,4.2,813,14324,Free,9/2014,0,0,0,https://www.udemy.com/course/audio-engineering-101-signal-flow/
Introduction to Sound Design for Moving Images,4581060,Michael Filimowicz,"Sound Design, Other Design, Design",Ableton Live,Beginner,35 mins,3.1,15,2179,Free,12/2024,45,0,0,https://www.udemy.com/course/sound_design_intro/
The Complete DJ Course For Beginners,2042418,Jak Bradley,"DJ, Music Techniques, Music",Ableton Live,Beginner,16.5 hours,4.7,5434,27716,"Rp249,000",1/2026,22,0,2,https://www.udemy.com/course/10steps2dj/
Complete Guide to Maschine MKII,279550,Rob Jones,"Native Instruments Maschine, Music Production, Music",Ableton Live,All Levels,3.5 hours,4.6,475,2542,"Rp149,000",9/2014,0,0,11,https://www.udemy.com/course/complete-guide-to-maschine-mkii/
How to Become a DJ - Learn How to Start DJing Online Today,1322444,Ross Palmer,"DJ, Other Music, Music",Ableton Live,All Levels,11 hours,4.6,5160,24744,"Rp249,000",2/2021,0,0,0,https://www.udemy.com/course/online-dj-course/
Creating Binaural Beat,493468,Isaac Cotec,"Music Theory, Music Techniques, Music",Ableton Live,Beginner,1.5 hours,4.4,201,969,"Rp149,000",11/2018,0,0,2,https://www.udemy.com/course/creating-binaural-beat/
Learn To DJ With Just Your Laptop: No DJ Equipment Needed,4975824,Jak Bradley,"DJ, Music Production, Music",Ableton Live,Beginner,4 hours,4.5,367,1750,"Rp159,000",11/2024,1,0,1,https://www.udemy.com/course/no-dj-equipment-needed-dj-course/
EQ Fundamentals,4410926,Rob Jones,"Music Mixing, Music Production, Music",Ableton Live,All Levels,2.5 hours,4.5,33,150,"Rp149,000",11/2021,0,0,2,https://www.udemy.com/course/eq-fundamentals/
Rekordbox - The ULTIMATE Beginners Course To DJ Software,4560070,Omar Meho,"DJ, Music Software, Music",Ableton Live,All Levels,5 hours,3.2,17,1347,"Rp149,000",9/2023,0,0,0,https://www.udemy.com/course/rekordbox-the-ultimate-beginners-course-to-dj-software/
The House & Techno DJ: Creative Mixing & Performance,6950383,Robert Simoes,"DJ, Instruments, Music",Ableton Live,Beginner,3.5 hours,5.0,3,13,"Rp149,000",1/2026,3,0,2,https://www.udemy.com/course/housetechnodj-creativemixing/
The Ultimate 30-Day Beginner DJ Course - Serato DJ,6448819,Elliott Rock,"DJ, Music Fundamentals, Music",Ableton Live,Beginner,3 hours,4.7,14,132,"Rp149,000",10/2025,0,0,30,https://www.udemy.com/course/the-ultimate-30-day-beginner-dj-course-by-blendonics/
Virtual DJ: Become a DJ in 1 Hour!,4585198,Charlie Atom,"DJ, EDM, Music Techniques, Music",Ableton Live,Beginner,1 hour,4.3,45,3089,"Rp149,000",5/2023,0,0,0,https://www.udemy.com/course/virtual-dj-become-a-dj-in-1-hour/
Live Stream for Beginner | Live Stream Like A Pro,5611100,Peter Nguyen,"Live Streaming, YouTube Marketing, Facebook Training, Other Photography & Video, Photography & Video",Ableton Live,Beginner,1 hour,4.6,6,18,"Rp149,000",10/2023,0,0,0,https://www.udemy.com/course/live-stream-for-beginner-live-stream-like-a-pro/
3DAV The Masterclass,1525736,The School Of Sound,"Music Production, Visual Design, DJ, Ableton Live, Music",Ableton Live,All Levels,2.5 hours,4.3,22,2656,"Rp149,000",1/2023,0,0,0,https://www.udemy.com/course/audio-visuals-lighting-the-live-performance-masterclass/
LIVE Streaming Masterclass: Start Live Streaming like a Pro,1406996,"Diego Davila • 1.000.000+ Students, Diego Davila Support","Live Streaming, Social Media Marketing, Video & Mobile Marketing, Marketing",Ableton Live,Beginner,5.5 hours,4.3,413,3608,"Rp149,000",6/2024,4,0,3,https://www.udemy.com/course/livestreaming/
Learn JMETER from Scratch on Live Apps -Performance Testing,380872,Rahul Shetty Academy,"Apache JMeter, Performance Testing, Software Testing, Development",Ableton Live,All Levels,8.5 hours,4.6,25518,120282,"Rp159,000",7/2025,1,0,4,https://www.udemy.com/course/learn-jmeter-from-scratch-performance-load-testing-tool/
vMix Master Class - Video Production & Live Streaming,977668,Paul Richards,"vMix, Other Photography & Video, Photography & Video",Ableton Live,All Levels,5 hours,4.6,987,10800,"Rp149,000",3/2021,0,0,3,https://www.udemy.com/course/vmix-live-streaming/
Serato 3.0 - A Complete Beginners Guide To Serato DJ Pro,4919218,Omar Meho,"DJ, Music Software, Music",Ableton Live,All Levels,2.5 hours,3.6,16,1163,"Rp149,000",9/2023,0,0,1,https://www.udemy.com/course/serato-30-a-complete-beginners-guide-to-serato-dj-pro/
3DAV Part 4: Synchronicity,2554421,The School Of Sound,"Music Production, Music Theory, Music",Ableton Live,All Levels,1 hour,5.0,2,392,"Rp319,000",1/2023,0,0,1,https://www.udemy.com/course/ableton-live-beyond-music-production-part-4-synchronicity/
Rekordbox Dj - Mix like a Professional!,2178424,"Dj Alon, Javier Galiano","DJ, Electronic Music, Music Software, Music",Ableton Live,All Levels,2 hours,4.5,751,3849,"Rp149,000",9/2025,0,0,0,https://www.udemy.com/course/rekordbox-dj/
Mastering Live Lightshows: The Art of Busking,3683646,Marc Schneider,"Lighting Design, Media, Business",Ableton Live,Intermediate,9 hours,4.5,161,1350,"Rp149,000",10/2023,0,0,10,https://www.udemy.com/course/professional-stage-lighting-light-operator-busking/
【CUT MASTER!】Perfect The Art Of DJ SCRATCHING!,5767006,DJ toMW a.k.a. ShowNing,"DJ, Instruments, Music",Ableton Live,All Levels,1 hour,4.6,18,125,"Rp149,000",1/2024,0,0,1,https://www.udemy.com/course/djtomu_aka_showning/
Learn How To Create Your Own Launchpad Cover from A-Z!,3421932,Pro Launchpadder,"Novation Launchpad, Music Software, Music",Ableton Live,All Levels,2.5 hours,4.0,96,588,"Rp149,000",8/2020,0,0,4,https://www.udemy.com/course/launchpad/
Mixing & Mastering in GarageBand - The Complete Guide,5064812,Wilfried Aubin,"Audio Engineering, Music Mixing, Music Techniques, Music",Ableton Live,All Levels,1.5 hours,4.3,20,85,"Rp149,000",6/2023,0,0,4,https://www.udemy.com/course/mixing-mastering-in-garageband-the-complete-guide/
Build a MainStage Backing Track Rig,5627493,Drum Electric,"Music Production, Music Software, Music",Ableton Live,Beginner,36 mins,3.9,18,48,"Rp149,000",10/2023,0,0,0,https://www.udemy.com/course/mainstage-backing-tracks/
Keyboard,6944801,Zelus Academy,"Instruments, Music",Ableton Live,All Levels,3.5 hours,N/A,N/A,1,"Rp149,000",12/2025,0,0,0,https://www.udemy.com/course/keyboard/
Beginner DJ Course - Learn How To DJ And Play In A Superclub,3087962,Omar Meho,"DJ, Other Music, Music",Ableton Live,All Levels,25 hours,3.9,53,4970,"Rp149,000",9/2023,0,0,5,https://www.udemy.com/course/the-ultimate-dj-course-learn-from-an-ibiza-resident/
iZotope RX - Getting Started,5025916,MUSICAL NOTES,"iZotope RX, Music Software, Music",Ableton Live,All Levels,2 hours,4.6,37,201,"Rp149,000",3/2025,0,0,0,https://www.udemy.com/course/izotope-rx10-getting-started-volume-1/
The complete Guide to Line Array Design and Deployment,4161734,Ofer Dvir,"Sound Design, Other Music, Music",Ableton Live,All Levels,3.5 hours,4.5,10,114,"Rp149,000",12/2025,0,0,6,https://www.udemy.com/course/the-complete-guide-to-line-array-design-and-deployment/
iZotope RX 9: From 0 to Hero,4656366,Alexander Reze,"iZotope RX, Music Production, Music",Ableton Live,All Levels,4.5 hours,4.7,137,582,"Rp149,000",9/2022,0,0,64,https://www.udemy.com/course/izotope-rx-from-0-to-hero/
Guitar Looper Basic Training,743846,Abraham LaVoi,"Live Looping, Guitar, Instruments, Music",Ableton Live,All Levels,1.5 hours,4.4,83,379,"Rp149,000",2/2016,0,0,0,https://www.udemy.com/course/guitar-looper-basic-training/
DJ Course - Pioneer DDJ-FLX4 - Walkthrough,5223316,Omar Meho,"DJ, Music Production, Music",Ableton Live,All Levels,3 hours,3.2,27,164,"Rp149,000",9/2023,0,0,0,https://www.udemy.com/course/dj-course-pioneer-ddj-flx4-walkthrough/
Learn Ableton´s Analog Synth,7009979,Camiel Daamen,"Sound Design, Music Production, Ableton Live, Music",Ableton Live,Intermediate,2.5 hours,5.0,1,19,"Rp149,000",1/2026,0,0,0,https://www.udemy.com/course/learn-ableton-analog/
Acoustics 101 Pro : Advanced enclosure design,2547855,Marius Tanasescu,"Audio Engineering, Acoustics, Other Teaching & Academics, Teaching & Academics",Ableton Live,Intermediate,6.5 hours,4.7,280,1960,"Rp349,000",11/2019,0,0,8,https://www.udemy.com/course/acoustics-101-pro-advanced-enclosure-design/
ULTIMATE PIONEER DJ COURSE PART 1 of 2: Pioneer CDJ Course,2714308,Costas Papa,"DJ, Other Music, Music",Ableton Live,Beginner,3.5 hours,4.5,189,1113,"Rp149,000",5/2020,0,0,0,https://www.udemy.com/course/ultimate-pioneer-dj-course-part-1-of-2/
Djay Pro for Mac Beginner Tutorial – Updated for Version 5.4,6086259,Justin spiegel,"Music Mixing, Other Music, Music",Ableton Live,Beginner,2.5 hours,4.3,35,124,"Rp149,000",8/2025,0,0,0,https://www.udemy.com/course/djay-pro-for-mac-beginner-tutorial/
Learn How to Become a DJ with Traktor,1105638,Max Porcelli,"Traktor, DJ, Electronic Music, Music Mixing, Music Software",Ableton Live,All Levels,5 hours,4.3,969,5242,"Rp149,000",6/2025,8,0,19,https://www.udemy.com/course/learn-how-to-become-a-dj-with-traktor-part-i/
AKAI MPC Full Song Production,7062915,David Hawkins,"Music Production, Songwriting, Music Mixing, Music",Ableton Live,Intermediate,3 hours,4.7,N/A,3,"Rp149,000",2/2026,0,0,0,https://www.udemy.com/course/akai-mpc-full-song-production/
Acoustics for Beginners,5654154,Chris Field,"Other Design, Design",Ableton Live,Beginner,3 hours,4.6,65,223,"Rp149,000",3/2024,0,0,1,https://www.udemy.com/course/acoustics-for-beginners/
YouTube Live Masterclass 1: YouTube Live Creates Revenue,3744742,Ed Rubuliak,"YouTube Marketing, Social Media Marketing, Marketing",Ableton Live,All Levels,3.5 hours,4.4,45,17712,"Rp149,000",2/2021,0,0,28,https://www.udemy.com/course/youtube-live-masterclass-1-youtube-live-creates-revenue/
Advanced Dj Scratch Course,1357358,Dj Symphony Wu-Tang Clan,"DJ, Music Mixing, Music Software, Music",Ableton Live,Expert,1.5 hours,4.4,148,1159,"Rp149,000",8/2021,0,0,0,https://www.udemy.com/course/advanced-dj-scratch-course/
Learn How To DJ From The Wu-Tang Clan,1186942,Dj Symphony Wu-Tang Clan,"DJ, Music Mixing, Music Techniques, Music",Ableton Live,All Levels,3.5 hours,4.6,533,2858,"Rp149,000",10/2024,0,0,0,https://www.udemy.com/course/learn-how-to-dj-from-the-wu-tang-clan/
The Ultimate Wedding DJ Mastery: From Beginner to Pro Level,6246051,Jerry Woolen lll,"DJ, Music Production, Other Business, Business",Ableton Live,All Levels,1 hour,4.3,5,13,"Rp149,000",2/2026,0,0,8,https://www.udemy.com/course/weddingdjmastery/
Complete Guide to the Traktor Remix Decks,581346,Alan Churchill,"Traktor, Music Software, Music",Ableton Live,All Levels,3.5 hours,4.5,98,507,"Rp249,000",9/2015,0,0,2,https://www.udemy.com/course/traktor-remix-decks/
Learn How To DJ On Real Vinyl From The Wu-Tang Clan,6220545,Dj Symphony Wu-Tang Clan,"DJ, Music Techniques, Music",Ableton Live,All Levels,2.5 hours,4.5,7,70,"Rp149,000",10/2024,0,0,0,https://www.udemy.com/course/learn-how-to-dj-on-real-vinyl-from-the-wu-tang-clan/
Postman - Learn API Testing from Scratch with Live Projects,4105498,Rahul Shetty Academy,"Postman, API Testing, Automation Testing, Software Testing, Development",Ableton Live,All Levels,13.5 hours,4.6,10898,67503,"Rp149,000",3/2026,13,0,14,https://www.udemy.com/course/postman-api-automation-testing-with-javascript/
The Hybrid Drummer : Master Electronic Drumming,1815152,Rohan Bumbra,"Drums, Instruments, Music",Ableton Live,Intermediate,4.5 hours,4.5,26,185,"Rp149,000",12/2018,0,0,20,https://www.udemy.com/course/the-hybrid-drummer/
"Best SAP FICO S/4HANA - Complete LIVE PROJECT ( MARCH,2026 )",7114223,SAP FICO TRAINERS JOB TRAINERS,"Other IT & Software, IT & Software",Ableton Live,All Levels,21 hours,N/A,N/A,1,"Rp1,799,000",4/2026,0,0,22,https://www.udemy.com/course/sap-fico-s4hana-march-2026-full-course/
Remix.js - The Practical Guide,4958062,"Academind by Maximilian Schwarzmüller, Maximilian Schwarzmüller","Web Frameworks, React JS, Web Development, Development",Ableton Live,All Levels,8.5 hours,4.6,1430,10149,"Rp149,000",10/2024,8,0,0,https://www.udemy.com/course/remix-course/
Become a Professional DJ: From Zero to Big Stages,5663328,One Day Code - John Haste,"DJ, Music Theory, Music Mixing, Music Software, Music",Ableton Live,All Levels,6 hours,4.5,29,169,"Rp149,000",2/2026,1,0,1,https://www.udemy.com/course/complete-dj-course/
Facebook Live Masterclass: Engage More With Facebook Live,3993474,Ed Rubuliak,"Facebook Training, Social Media Marketing, Marketing",Ableton Live,All Levels,3 hours,4.7,50,8442,"Rp149,000",4/2021,0,0,0,https://www.udemy.com/course/facebook-live-masterclass-engage-more-with-facebook-live/
Live Stream Master Class: Grow Your Audience With Live Video,1207708,Professor Nez: Personal Branding Coach,"Live Streaming, Internet Marketing, Video Creation, Video & Mobile Marketing, Marketing",Ableton Live,All Levels,8 hours,4.2,24,151,"Rp149,000",10/2021,0,0,0,https://www.udemy.com/course/live-stream-master-class-grow-your-audience-with-live-video/
LIVE Streaming Pro: Ultimate Course | From Beginner to Pro,927924,Bartek Rycharski,"Webinar, Live Streaming, Video & Mobile Marketing, Marketing",Ableton Live,All Levels,3 hours,4.3,1240,5250,"Rp149,000",11/2020,1,0,0,https://www.udemy.com/course/how-to-live-stream/
DJing Made Easy: Learn to Mix and Perform,6384255,Thomas Westenholz,"DJ, Other Music, Music",Ableton Live,Beginner,6.5 hours,4.8,2,7,"Rp149,000",1/2025,0,0,0,https://www.udemy.com/course/djing-made-easy-learn-to-mix-and-perform/
How to play and arrange pop songs on the piano,5424784,Ben Kieser Erne,"Piano, Instruments, Music",Ableton Live,All Levels,1 hour,4.4,8,43,"Rp149,000",7/2023,0,0,0,https://www.udemy.com/course/play-and-arrange-pop-songs-on-the-piano/
Piano for Singer/Songwriters | Write Songs and Perform Live!,658276,Musicians Inspired,"Songwriting, Piano Chords, Piano, Instruments, Music",Ableton Live,Beginner,2 hours,4.6,1047,8675,"Rp149,000",1/2018,1,0,0,https://www.udemy.com/course/pianoforsingersongwriters/
Piano for Singers: Quickly Learn to Accompany Yourself,3039322,Eve Williams MMus,"Piano, Singing, Instruments, Music",Ableton Live,Beginner,2.5 hours,4.7,33,317,"Rp149,000",1/2025,1,0,18,https://www.udemy.com/course/piano-for-singers-quickly-learn-to-accompany-yourself-r/
Canva for Live Streaming,6798111,"Ronny Hermosa, Jeff Evans","Canva, Live Streaming, Graphic Design & Illustration, Design",Ableton Live,All Levels,5 hours,4.8,9,100,"Rp149,000",9/2025,1,0,10,https://www.udemy.com/course/canva-for-live-streaming/
Learn How To Start A Professional Dj Business In just 3hrs,5913382,Mariana Zapata (MBA),"DJ, Entrepreneurship, Business",Ableton Live,All Levels,3 hours,4.5,N/A,8,"Rp149,000",1/2025,0,0,0,https://www.udemy.com/course/start-a-dj-business-from-scratch/
Dj Scratch Course,2427556,Andrew Chudlya,"DJ, Music Production, Music",Ableton Live,Beginner,2 hours,4.3,63,513,"Rp149,000",5/2023,0,0,1,https://www.udemy.com/course/dj-scratch-course/
The House & Techno DJ: Music Discovery Handbook,6950399,Robert Simoes,"DJ, Instruments, Music",Ableton Live,All Levels,3.5 hours,5.0,1,2,"Rp149,000",2/2026,4,0,1,https://www.udemy.com/course/housetechnodj-musicdiscovery/
Master Music Creation with AI: Learn to Create Music with AI,6283607,Osunsina D. Victor,"Music Production, Music",Ableton Live,All Levels,1.5 hours,3.2,9,43,"Rp149,000",11/2024,0,0,0,https://www.udemy.com/course/master-music-creation-with-ai-learn-to-create-music-with-ai/
"Turntablism 101: Mixing, Scratching, Beat Juggling & History",1353286,Rae Phoenix,"Music Theory, DJ, Music Business, Music Instruction, Music Techniques",Ableton Live,All Levels,18 hours,3.1,7,65,"Rp149,000",7/2021,0,0,9,https://www.udemy.com/course/turntablism101/
The Creative DJ’s Mindset,3895742,Costas Papa,"DJ, Case Interview, Music Business, Music Production, Music",Ableton Live,All Levels,1 hour,4.5,8,52,"Rp149,000",3/2021,0,0,0,https://www.udemy.com/course/the-creative-djs-mindset/
Live Stock Trading Course: Beginner to Pro,3124166,"Mohsen Hassan, bloom team","Stock Trading, Day Trading, Swing Trading, Investing & Trading, Finance & Accounting",Ableton Live,All Levels,7.5 hours,4.8,2728,26734,"Rp149,000",5/2024,1,0,2,https://www.udemy.com/course/live-stock-trading-course-beginner-to-pro/
Learn to DJ with Rekordbox and Pioneer DJ equipment,6626223,Nick George,"DJ, Other Music, Music",Ableton Live,Beginner,1.5 hours,4.6,21,83,"Rp149,000",6/2025,0,0,0,https://www.udemy.com/course/learn-to-dj-with-rekordbox-and-pioneer-dj-equipment/
ULTIMATE PIONEER CDJ COURSE PART 2 of 2: Pioneer CDJ Course,3111128,Costas Papa,"DJ, Other Music, Music",Ableton Live,Intermediate,3 hours,4.3,42,540,"Rp149,000",5/2020,0,0,0,https://www.udemy.com/course/ultimate-pioneer-dj-course-part-2-of-2/
ULTIMATE DJ Scratching For Beginners (incl FREE Beats),4482668,DJ Shameless,"DJ, Music Techniques, Music",Ableton Live,All Levels,38 mins,4.5,11,114,"Rp149,000",4/2025,0,0,0,https://www.udemy.com/course/dj-scratching-for-beginners/
"Instagram Marketing 2025: Hashtags, Live, Stories, Ads &more",1692684,Evan Kimbrell,"Instagram Marketing, Social Media Marketing, Digital Marketing, Marketing",Ableton Live,All Levels,23 hours,4.5,10321,102145,"Rp159,000",12/2025,18,0,165,https://www.udemy.com/course/instagram-masterclass-grow-your-account-complete-guide/
Writing With Wu-Tang Clan's Killah Priest,6221931,Dj Symphony Wu-Tang Clan,"Writing, Music Techniques, Music",Ableton Live,All Levels,1 hour,5.0,1,3,"Rp149,000",10/2024,0,0,0,https://www.udemy.com/course/writing-with-wu-tang-clans-killah-priest/
Loop Station Mastery,6761117,Daniele Montarulo,"Live Looping, Other Music, Music",Ableton Live,All Levels,43 mins,4.0,N/A,N/A,"Rp447,000.00",8/2025,0,0,0,https://www.udemy.com/course/loop-station-mastery/
"How to ASMR, Live and Video Recording/Editing for Beginners.",2680740,Flo Mo,"Sound Design, Meditation, Health & Fitness",Ableton Live,Beginner,9 hours,4.4,33,580,"Rp149,000",2/2025,16,0,38,https://www.udemy.com/course/how-to-asmr-live-and-video-recordingediting-for-beginners/
Remix v2 complete masterclass - Build Full-stack AI apps,6064677,Soumya Sahu,"Web Frameworks, Web Development, Development",Ableton Live,All Levels,14.5 hours,4.2,50,308,"Rp149,000",7/2024,0,0,54,https://www.udemy.com/course/remix-js-course/
Learn Open Broadcaster Software - OBS Live Streaming Course,1045968,Paul Richards,"Open Broadcaster, Live Streaming, Video Production, Other IT & Software, IT & Software",Ableton Live,All Levels,4 hours,4.5,902,6990,"Rp149,000",9/2021,0,0,9,https://www.udemy.com/course/obs-live-streaming-course/
Launch Your Live Show!,4863944,AnDrew Tyler,"Live Streaming, Communication, Business",Ableton Live,Beginner,1 hour,4.4,5,2008,"Rp149,000",10/2022,0,0,4,https://www.udemy.com/course/launch-your-live-show/
"Beginner DJ for Pioneer XDJ-RX, XDJ-RX2, XDJ-RR",2284697,Gustav .,"DJ, Music Recording, Music Mixing, Music Fundamentals, Music",Ableton Live,Beginner,2 hours,4.8,230,3757,"Rp149,000",6/2019,0,0,0,https://www.udemy.com/course/beginnerdj/
YouTube (Live Streaming) Advanced: Fast Track Training,2827294,Douglas Melvin,"YouTube Marketing, Social Media Management, Social Media Marketing, Marketing",Ableton Live,All Levels,37 mins,5.0,1,3,"Rp149,000",11/2020,0,0,0,https://www.udemy.com/course/youtube-live-advanced-fast-track-training-2020/
How to DJ Course - from International DJ Andrew Pololos,2202366,Andrew Pololos,"DJ, Other Music, Music",Ableton Live,All Levels,1 hour,4.4,34,210,"Rp149,000",3/2020,0,0,0,https://www.udemy.com/course/how-to-dj-course-from-international-dj-andrew-pololos/
Selenium Java : Beginner to Advanced [Live Project],2206088,Arun Motoori,"Selenium WebDriver, Other IT & Software, IT & Software",Ableton Live,All Levels,225 hours,4.2,1287,10492,"Rp149,000",4/2026,6,0,464,https://www.udemy.com/course/selenium-by-arun/
Become the Sickest DJ in Under 24 Hours!,6429883,Josh Parkinson,"DJ, Other Music, Music",Ableton Live,All Levels,6.5 hours,4.5,N/A,N/A,"Rp449,000",3/2025,0,0,1,https://www.udemy.com/course/become-the-sickest-dj-in-under-24-hours/
Conversational Hypnosis 101 With Live Demonstrations,4746954,Scott Jansen,"Hypnotherapy, Influence, Personal Development",Ableton Live,Beginner,9 hours,4.7,64,521,"Rp149,000",2/2026,0,0,0,https://www.udemy.com/course/conversational-hypnosis-101-with-demonstrations/
iPad DJ Mastery: A Beginner’s Guide to Djay Pro 5.3,3455032,Justin spiegel,"DJ, Music Instruction, Music Fundamentals, Music",Ableton Live,Beginner,2.5 hours,4.6,34,141,"Rp149,000",4/2025,0,0,0,https://www.udemy.com/course/ipad-dj-complete-guide-on-how-to-dj-using-an-ipadiphone/
"Manual Software Testing & QA | Live Projects, ISTQB Basic",3520558,A2IT InternEdge,"Manual Software Testing, Software Testing, Development",Ableton Live,All Levels,13 hours,4.6,6029,23866,"Rp149,000",1/2026,0,0,6,https://www.udemy.com/course/manual-software-testing-h/
Learn to DJ from beginners to advanced,2187486,Christo Gil,"DJ, Other Music, Music",Ableton Live,All Levels,7 hours,4.5,133,565,"Rp149,000",3/2019,0,0,6,https://www.udemy.com/course/learn-to-dj-from-beginners-to-advanced/
Specialize in QA Manual Testing with Live Project+AGILE+JIRA,3221971,Aakriti E-Learning Academy,"Manual Software Testing, Software Testing, Development",Ableton Live,Beginner,10.5 hours,4.6,3394,23718,"Rp149,000",9/2025,4,0,9,https://www.udemy.com/course/specialize-in-software-testing-with-real-examples-agile-jira/
Fast C# .NET Core Live Project in Windows Forms and SQL,5365592,Mega Learning,"Windows Forms, Crystal Reports, SQL Server, Microsoft Visual Studio, Programming Languages",Ableton Live,All Levels,38 hours,4.8,43,6973,"Rp149,000",3/2025,4,0,2,https://www.udemy.com/course/fast-live-project-in-c-net-core-by-windows-forms-sql-db/
【Master The DJ Fundamentals!】Using Just YOUR COMP,5829414,DJ toMW a.k.a. ShowNing,"DJ, Music Fundamentals, Music",Ableton Live,Beginner,1 hour,5.0,2,4,"Rp149,000",3/2024,0,0,1,https://www.udemy.com/course/pc-computerdj/
In Depth Beginner Serato DJ Course,1403354,MissC Brown,"DJ, Music Software, Music",Ableton Live,Beginner,1.5 hours,3.4,126,774,"Rp149,000",2/2018,0,0,20,https://www.udemy.com/course/beginner-seratodj-course/
Automation Architect - Selenium WebDriver - 9 Live Projects,385922,Rahul Arora,"Automation Testing, Appium, Selenium Testing Framework, Selenium WebDriver, Software Testing",Ableton Live,All Levels,105.5 hours,4.5,2503,21108,"Rp149,000",12/2023,48,0,45,https://www.udemy.com/course/selenium-automation-architect-tutorials/
Step Sequencer Deep Dive (Logic Pro),5004154,Sergiy Ostrovskyi,"Music Production, Music",Ableton Live,All Levels,1 hour,3.5,1,4,"Rp149,000",3/2024,1,0,0,https://www.udemy.com/course/step-sequencer/
Learn to DJ any EDM Genre - ExpressMix Pro DJ Course,5668270,Jitesh Rao,"DJ, Music Fundamentals, Music",Ableton Live,Beginner,2 hours,4.4,18,107,"Rp149,000",12/2023,0,0,0,https://www.udemy.com/course/dj-course-for-beginners-expressmix-pro/
Unique Guitar Lessons ( A Crash Course In Guitar Looping),3832490,Tony Cull (Guitar Made Easy),"Guitar, Live Looping, Instruments, Music",Ableton Live,All Levels,1 hour,4.8,17,563,"Rp149,000",2/2021,0,0,3,https://www.udemy.com/course/stand-by-me-guitar-lesson/
Learn How To DJ - Beginner DJ Lessons,2238636,Sam Skilz,"DJ, Music Techniques, Music",Ableton Live,Beginner,2.5 hours,4.5,145,712,"Rp149,000",1/2025,0,0,1,https://www.udemy.com/course/learn-how-to-dj-from-scratch/
"Live-Streaming, Webcasting & Visual Radio Masterclass 2022",3769202,Dean Arnett,"Live Streaming, Webinar, Video Conferencing, Other IT & Software, IT & Software",Ableton Live,All Levels,7 hours,4.1,5,64,"Rp149,000",8/2022,0,0,0,https://www.udemy.com/course/live-streaming-webcasting-pro-webinars-masterclass/
Keyboard for Electronic Music - Level 2,2983262,Gal Peiser,"Keyboard Instrument, Music Production, Piano, Instruments, Music",Ableton Live,All Levels,2 hours,4.6,16,227,"Rp149,000",6/2020,0,0,0,https://www.udemy.com/course/keyboard-for-electronic-music-level-2/
iPhone DJ Mastery: A Beginner’s Guide To Djay Pro,6206035,Justin spiegel,"Music Production, Music",Ableton Live,Beginner,2 hours,5.0,1,11,"Rp149,000",10/2024,0,0,0,https://www.udemy.com/course/iphone-dj-mastery-a-beginners-guide-to-djay-pro/
Acoustics - Practical Indoor Sound Treatment,5366694,David Allen,"Acoustics, Other Music, Music",Ableton Live,Beginner,2.5 hours,4.3,16,129,N/A,8/2025,0,0,14,https://www.udemy.com/course/practical-indoor-acoustics/
DJing on Controller,4223498,Andrew Chudlya,"DJ, Music Software, Music",Ableton Live,Beginner,1.5 hours,4.4,21,102,"Rp149,000",1/2022,0,0,0,https://www.udemy.com/course/djing-on-controller/
Creating Your Personal Soundscape,3292936,Sommer Leigh,"Personal Development, Happiness",Ableton Live,All Levels,33 mins,N/A,N/A,N/A,"Rp149,000",7/2020,0,0,0,https://www.udemy.com/course/creating-your-personal-soundscape/
Live Online Shop (Ecommerce)by ASP .NET Core 9 Blazor Server,6682759,Roshan Academy,"Blazor, SQL Server, ASP.NET Core, ASP.NET, Web Development",Ableton Live,All Levels,29.5 hours,4.5,25,4168,"Rp457,000.00",6/2025,1,0,1,https://www.udemy.com/course/live-online-shop-ecommerceby-asp-net-core-9-blazor-server/
Walking Bassics - Beginners Guide to Walking Basslines,5572632,Tony Gardiner,"Bass Guitar, Instruments, Music",Ableton Live,Beginner,1 hour,5.0,N/A,7,"Rp149,000",8/2024,0,0,2,https://www.udemy.com/course/walking-bassics-beginners-guide-to-walkling-basslines/
Learn To Become A DJ - A Beginners Guide,2935638,Darryl Rees,"DJ, Music Mixing, Music Software, Music",Ableton Live,Beginner,2 hours,4.2,11,57,"Rp547,000.00",4/2020,0,0,0,https://www.udemy.com/course/learn-to-become-a-dj/
Introduction to Live Streaming - Hosting your own talk show,914620,Paul Richards,"Live Streaming, Podcasting, Communication, Business",Ableton Live,Beginner,2 hours,4.1,29,653,"Rp149,000",5/2017,0,0,5,https://www.udemy.com/course/live-streaming-hosting-your-own-talk-show/
DJ Course Pioneer DDJ 400 Learn From The Dutch!,2546845,United DJ School,"Music Mixing, DJ, Instruments, Music",Ableton Live,Beginner,1.5 hours,4.4,207,739,"Rp457,000.00",12/2021,0,0,4,https://www.udemy.com/course/dj-course-pioneer-ddj-400-learn-from-the-dutch/
"Complete Facebook Live Course: How I Reach 1,000,000+ People",827908,Suppoman ™,"Facebook Marketing, Video & Mobile Marketing, Marketing",Ableton Live,All Levels,3 hours,4.4,156,13727,"Rp149,000",2/2017,0,0,0,https://www.udemy.com/course/facebooklive/
Create Music Website for Music Artists & Bands in WordPress,2250474,Shashank Phatkure,"WordPress, Web Design, Web Development, Development",Ableton Live,All Levels,2.5 hours,4.7,48,2983,"Rp149,000",1/2021,6,0,8,https://www.udemy.com/course/professional-music-website-creation-for-artists-bands-in-wp/
"Advanced DJ for Pioneer XDJ-RX, XDJ-RX2, XDJ-RR",2409688,Gustav .,"DJ, Music Techniques, Music",Ableton Live,Expert,3.5 hours,4.4,69,513,"Rp149,000",8/2019,0,0,0,https://www.udemy.com/course/advanceddj/
Music Photography: How to become a music photographer,5648154,Jesse Lawrence,"Photography, Other Photography & Video, Photography & Video",Ableton Live,Beginner,1.5 hours,5.0,1,9,"Rp149,000",12/2023,0,0,0,https://www.udemy.com/course/how-to-become-a-music-photographer/
The Anatomy Of DJing,6331603,Masha Dabelka,"DJ, Music Production, Music",Ableton Live,All Levels,3.5 hours,5.0,11,26,"Rp799,000",7/2025,0,0,0,https://www.udemy.com/course/the-anatomy-of-djing/
vMix Zero to Hero - Live Video Production & Broadcasting,5882146,Pradip Adhikari,"Live Streaming, Other Photography & Video, Photography & Video",Ableton Live,All Levels,2.5 hours,2.8,3,12,"Rp149,000",11/2025,0,0,0,https://www.udemy.com/course/vmix-course/
Google Cloud (GCP) MasterClass : GCP Live Projects,2827592,TechLynk Selenium | DevOps | GenAI | Cloud,"Google Cloud Professional Cloud Architect, Google Cloud, Google Cloud Associate Cloud Engineer, Google Cloud Professional Cloud Developer, IT Certifications",Ableton Live,All Levels,31 hours,4.5,2235,49413,"Rp447,000.00",8/2025,32,0,113,https://www.udemy.com/course/google-cloud-specialization/
How To Get a Booking Agent,675810,Christopher Greenwood,"Talent Agent, Music Fundamentals, Music",Ableton Live,All Levels,1.5 hours,4.5,45,2330,"Rp149,000",1/2016,0,0,2,https://www.udemy.com/course/bookmoreshows/
Traktor Tips - Basics Course,1026156,Alan Churchill,"Traktor, Music Software, Music",Ableton Live,Beginner,1.5 hours,4.5,18,165,"Rp249,000",11/2017,0,0,0,https://www.udemy.com/course/traktor-tips-basics-course/
Optimize Your Speaker Positioning - Acoustics Masterclass,259062,Rafe Sholer,"Acoustics, Music Recording, Music Production, Music",Ableton Live,All Levels,1 hour,4.2,43,291,"Rp149,000",9/2014,0,0,0,https://www.udemy.com/course/how-to-setup-your-studio-monitors/
Guitar Techniques and Effects (Female Presenter),4555878,Peter Campbell,"Guitar, Music Techniques, Music",Ableton Live,All Levels,3.5 hours,4.6,N/A,N/A,"Rp799,000",3/2022,1,0,1,https://www.udemy.com/course/guitar-techniques-and-effects-female-presenter/
Learn How To DJ Fast Using Traktor Pro 2 (And Really Own It),261308,Dan Castro,"Traktor, DJ, Music Techniques, Music",Ableton Live,All Levels,1.5 hours,3.6,20,154,"Rp149,000",7/2014,0,0,0,https://www.udemy.com/course/learn-how-to-dj-fast-using-traktor-pro-2-and-really-own-it/
Forex Trading A-Z™ - With LIVE Examples of Forex Trading,308690,ForexBoat Team,"Forex Trading, Financial Management, Financial Trading, Investing & Trading, Finance & Accounting",Ableton Live,Beginner,5.5 hours,4.6,23453,95078,"Rp159,000",3/2023,2,0,0,https://www.udemy.com/course/forex-trading/
How to Run & Scale Your DJ Business,2711918,Mary Nisi,"Business Development, Media, Business",Ableton Live,All Levels,35 mins,4.3,25,76,"Rp149,000",5/2021,0,0,13,https://www.udemy.com/course/how-to-run-your-dj-business/
Learn Salesforce (Admin + Developer) with LWC Live Project,5000842,Parag Jambhulkar,"Salesforce Development, Salesforce Administration, IT Certifications, IT & Software",Ableton Live,All Levels,22.5 hours,4.6,1079,23888,"Rp159,000",4/2026,0,0,81,https://www.udemy.com/course/learn-salesforce-admin-developer-with-lwc-live-project/
From Zero To DJ,1578886,Michał Kata,"DJ, Other Music, Music",Ableton Live,Intermediate,8 hours,3.9,115,296,"Rp249,000",1/2026,0,0,0,https://www.udemy.com/course/from-zero-to-dj/
Advanced Forex Trading - Day Trading Strategy & Live Trades,6561231,Federico Sellitti,"Day Trading, Forex Trading, Investing & Trading, Finance & Accounting",Ableton Live,All Levels,7 hours,4.7,192,869,"Rp169,000",9/2025,7,0,26,https://www.udemy.com/course/advanced-forex-trading-day-trading-strategy-live-trades/
Beginner's guide to acoustic treatment and isolation.,4896818,Gabriel Felix,"Acoustics, Other Music, Music",Ableton Live,Beginner,41 mins,3.5,32,1279,"Rp149,000",10/2022,0,0,3,https://www.udemy.com/course/beginners-guide-to-acoustic-treatment-and-isolation/
Mastering IBM Blueworks Live,3807046,Matthew Oatts,"Business Process Modeling, Business Analytics & Intelligence, Business",Ableton Live,All Levels,5 hours,4.4,320,1195,"Rp149,000",3/2024,0,0,0,https://www.udemy.com/course/mastering-ibm-blueworks-live/
Modern Web Apps with Remix,6460431,Frontend Coach,"Other IT & Software, IT & Software",Ableton Live,All Levels,N/A,N/A,N/A,N/A,"Rp149,000",2/2025,0,0,0,https://www.udemy.com/course/modern-web-apps-with-remix/
Mastering MediaSoup: Live Streaming & Video Conferencing SFU,6123727,Robert Bunch,"WebRTC, Live Streaming, Video Conferencing, Web Development, Development",Ableton Live,All Levels,8.5 hours,4.7,107,682,"Rp159,000",7/2025,2,0,0,https://www.udemy.com/course/create-a-scalable-live-streaming-apps-with-mediasoup/
"Create a Live Video Chat Using Laravel, Reverb, WebRTC, JS",6101229,Aizaz dinho,"WebRTC, PHP (programming language), Laravel, JavaScript, Web Development",Ableton Live,All Levels,4.5 hours,4.3,10,98,"Rp149,000",8/2024,0,0,21,https://www.udemy.com/course/create-a-video-chat-app-using-laravel-reverb-webrtc-js/
Musical grooves - how to master and own the TRAMP groove now,1449580,Ben Hewlett,"Harmonica, Instruments, Music",Ableton Live,All Levels,1 hour,4.8,3,45,"Rp457,000.00",10/2020,2,0,4,https://www.udemy.com/course/musical-grooves-how-to-master-and-own-the-tramp-groove-now/
Advance Stock Options Trading Strategies 10+Hrs Live Trades,1362676,Saad T. Hameed (STH) • 0.9+ Million Enrollments Worldwide,"Options Trading, Call Options, Put Options, Stock Options, Investing & Trading",Ableton Live,All Levels,10.5 hours,4.6,387,34105,"Rp149,000",4/2026,3,0,3,https://www.udemy.com/course/advance-option-strategies-bundle/
Master Playwright C# (.NET) with SpecFlow & Live Projects,6341753,Rahul Arora,"Microsoft Playwright, Other IT & Software, IT & Software",Ableton Live,All Levels,22.5 hours,4.6,328,2205,"Rp149,000",4/2025,11,0,7,https://www.udemy.com/course/playwright-csharp-specflow-tutorials/
UPDATED! Wirecast Video Production and Live Streaming Course,989928,Paul Richards,"Wirecast, Video Production, Audio Production, Live Streaming, Other IT & Software",Ableton Live,All Levels,2.5 hours,4.2,105,1212,"Rp149,000",3/2021,0,0,1,https://www.udemy.com/course/wirecast-training/
Music Theory I,3737232,Carrie Campbell,"Music Theory, Music Fundamentals, Music",Ableton Live,Beginner,1.5 hours,2.5,1,1,"Rp379,000",12/2020,0,0,1,https://www.udemy.com/course/music-theory-one/
Mastering in Live Streaming and Video Production-OBS Studio,3540958,Venkatesh B,"Live Streaming, Video Design, Photography & Video",Ableton Live,All Levels,2 hours,4.3,19,377,"Rp149,000",8/2025,0,0,0,https://www.udemy.com/course/mastering-in-live-streaming-and-video-production-obs-studio/
Option Trading: How I trade without charts (live trading),1939158,MyOptionsEdge. com,"Investing, Call Options, Stock Options, Options Trading, Investing & Trading",Ableton Live,All Levels,3 hours,3.8,140,3003,"Rp149,000",11/2025,2,0,0,https://www.udemy.com/course/advanced-volatility-trading-vxx-ultimate-trading-experience/
Offline Face Recognition & Liveness Detection in Flutter,6682665,Mobile ML Academy by Hamza Asif,"Google Flutter, Machine Learning, iOS Development, Android Development, Mobile Development",Ableton Live,All Levels,5 hours,4.3,41,202,"Rp169,000",8/2025,0,0,3,https://www.udemy.com/course/face-detection-recognition-in-flutter-the-ultimate-guide/
"Agile & Scrum: Live Scenarios, Hands-On Practice & Metrics",6563907,Sudeep Suresh,"Agile, Project Management, Business",Ableton Live,All Levels,1.5 hours,5.0,3,29,"Rp149,000",6/2025,5,0,1,https://www.udemy.com/course/master-agile-scrum-kanban-simulated-training/
Building Foundations: Contemporary (Pop) Piano,7031499,Devin Renee,"Piano, Piano Chords, Music Theory, Music Instruction, Instruments",Ableton Live,Beginner,31 mins,4.8,N/A,N/A,"Rp149,000",1/2026,0,0,3,https://www.udemy.com/course/building-foundations-pop-piano/
Selenium Python: Beginners to Advanced [Live Project],5300368,Arun Motoori,"Selenium Testing Framework, Python, Software Testing, Development",Ableton Live,All Levels,67.5 hours,4.3,127,650,"Rp149,000",5/2023,2,0,298,https://www.udemy.com/course/selenium-python-beginners-to-advanced/
Live News Website with AS .NET Core 9 Mvc and SQL,6970475,Roshan Academy,"ASP.NET MVC, ASP.NET Core, ASP.NET, Web Development, Development",Ableton Live,All Levels,26 hours,4.8,4,1030,"Rp149,000",12/2025,1,0,1,https://www.udemy.com/course/live-news-website-with-as-net-core-9-mvc-and-sql/
Baffled By Piano Scales: New Way To Instantly See Them,6219397,Simon Glenister,"Piano, Instruments, Music",Ableton Live,Beginner,1 hour,3.3,4,35,"Rp379,000",10/2024,0,0,3,https://www.udemy.com/course/see-piano-scales-instantly-without-music-theory/
Algorithmic Trading Bootcamp: Build Your Live Trading Bots,5973958,The Technological Trader,"Algorithmic Trading, NinjaTrader, Futures Trading, Investing & Trading, Finance & Accounting",Ableton Live,Beginner,7.5 hours,4.8,140,733,"Rp149,000",1/2026,11,0,34,https://www.udemy.com/course/master-algorithmic-trading-in-ninjatrader-advanced-methods/
Salesforce LWC (Lightning Web Component) with Live Project,5629280,Parag Jambhulkar,"Salesforce Lightning, Salesforce Development, IT Certifications, IT & Software",Ableton Live,All Levels,11 hours,4.8,370,15691,"Rp149,000",4/2026,0,0,46,https://www.udemy.com/course/salesforce-lwc-lightning-web-component-with-live-project/
Playwright Python / Pytest with Behave BDD & Live Projects,6505867,Rahul Arora,"Microsoft Playwright, Other IT & Software, IT & Software",Ableton Live,All Levels,19.5 hours,4.2,175,1586,"Rp149,000",4/2025,8,0,6,https://www.udemy.com/course/playwright-python-training-tutorials/
CompTIA SecAI+ (CY0-001) Certification -Live Office Hours!,7036839,Joseph Holbrook,"CompTIA SecAI+, NIST Cybersecurity Framework (CSF), IT Certifications, IT & Software",Ableton Live,All Levels,12.5 hours,4.8,3,30,"Rp149,000",4/2026,0,0,0,https://www.udemy.com/course/comptia-secai-cy0-001-certification-crash-course/
Acoustical Engineering,2563012,George Xanthoulis,"Acoustics, Construction, Architectural Design, HVAC, Design",Ableton Live,Beginner,3.5 hours,4.3,181,815,"Rp249,000",5/2020,0,0,48,https://www.udemy.com/course/acoustical-engineering/
Private Live Streaming & Selling Virtual Tickets,1397934,Paul Richards,"Live Streaming, Sales Skills, Event Planning, Business Strategy, Business",Ableton Live,Beginner,2.5 hours,4.1,58,340,"Rp149,000",3/2020,0,0,7,https://www.udemy.com/course/virtual-tickets/
OBS Studio Tutorial: Screen Recording and Live Streaming,5780562,Dr. Rasheed,"Open Broadcaster, Live Streaming, Video Design, Photography & Video",Ableton Live,Beginner,1.5 hours,4.3,13,2046,"Rp149,000",2/2024,0,0,0,https://www.udemy.com/course/obs-studio-tutorial-for-beginners-screen-recording-and-live/
Optical Physics - Wave Optics,4588020,studi live,"Physics, Science, Teaching & Academics",Ableton Live,Intermediate,3 hours,3.9,5,40,"Rp149,000",3/2022,0,0,0,https://www.udemy.com/course/optical-physics-wave-optics/
Acoustic Properties of Sound,5323740,Errol Rackipov,"Audio Engineering, Music Production, Music",Ableton Live,Beginner,1.5 hours,4.2,2,14,"Rp149,000",6/2023,0,0,0,https://www.udemy.com/course/acoustic-properties-of-sound/
"Learn AWS LEX with Live Project, Slack Integration and CI/CD",4804604,AutoPilot DevOps,"Chatbot, Other IT & Software, IT & Software",Ableton Live,All Levels,3 hours,4.3,61,397,"Rp149,000",12/2025,2,0,3,https://www.udemy.com/course/aws-lex-chatbot-live-project-slack-integration-and-cicd/
Complete Bootstrap with 5 Real time Projects - Live coding,4463066,NAVEEN SAGGAM,"Bootstrap, Web Development, Development",Ableton Live,All Levels,11 hours,4.6,20,128,"Rp149,000",12/2021,6,0,6,https://www.udemy.com/course/complete-bootstrap-with-5-real-time-projects-live-coding/
YouTube (Live Streaming) For Beginners: Fast Track Training,2742128,Douglas Melvin,"YouTube Audience Growth, YouTube Marketing, Social Media Marketing, Marketing",Ableton Live,All Levels,44 mins,5.0,1,3,Free,11/2020,0,0,0,https://www.udemy.com/course/youtube-live-for-beginners-fast-track-training-2020/
Salesforce Lightning web component with live project,2490106,Debasis Jena,"Salesforce Lightning, Salesforce, Programming Languages, Development",Ableton Live,All Levels,32 hours,4.7,518,3746,"Rp149,000",5/2024,74,0,0,https://www.udemy.com/course/lightning-web-component/
Forex Trading Strategy: Complete ALM System + Live Examples,1687616,Federico Sellitti,"Forex Trading, Financial Trading, Investing & Trading, Finance & Accounting",Ableton Live,All Levels,4.5 hours,4.4,1858,10068,"Rp149,000",9/2025,4,0,43,https://www.udemy.com/course/forex-trading-strategy-a-complete-system-with-live-examples/
Android App Development. LIVE and in REAL TIME.,3519288,Grant Klimaytys,"Android Development, Kotlin, App Development, Mobile Development, Development",Ableton Live,Intermediate,22 hours,4.3,16,194,"Rp149,000",9/2021,0,0,0,https://www.udemy.com/course/buildit-coding-a-published-android-app-in-real-time/
Complete YouTube Course - Learn to Live from YouTube,6024830,"Matheus Stangherlin, Noba Academy","YouTube Marketing, YouTube Audience Growth, Video Editing, ChatGPT, Social Media Marketing",Ableton Live,All Levels,3 hours,4.5,195,861,"Rp149,000",10/2025,0,0,0,https://www.udemy.com/course/complete-course-youtube/
Tidio Live Chat & Lyro AI Chatbot Master Course,5627947,Nickie Rowley,"Sales Funnel, Sales, Business",Ableton Live,Beginner,1 hour,4.4,7,23,"Rp149,000",11/2023,0,0,0,https://www.udemy.com/course/tidio-live-chat-lyro-ai-chatbot-master-course/
Appium - Mobile Testing with Latest 2.0 and Live Projects,279002,Rahul Arora,"Mobile Testing, Selenium Testing Framework, API, Appium, Software Testing",Ableton Live,All Levels,64 hours,4.2,1786,14468,"Rp149,000",8/2024,75,0,76,https://www.udemy.com/course/appium-selendroid-tutorials/
Learn to play Prelude in C by J.S Bach on Piano or Keyboard,5913804,RL Wong,"Classical Music, Piano, Instruments, Music",Ableton Live,Beginner,2 hours,5.0,1,5,"Rp149,000",4/2024,2,0,0,https://www.udemy.com/course/learn-to-play-prelude-in-c-by-js-bach-on-piano-or-keyboard/
Building a Video Studio for live streaming and recording,1106142,Paul Richards,"Video Production, Live Streaming, Video Design, Photography & Video",Ableton Live,Beginner,3 hours,3.7,67,2424,"Rp149,000",1/2018,0,0,3,https://www.udemy.com/course/live-video-studio/
Live Online Shop (Ecommerce) by ASP .NET Core 8 MVC and SQL,6195763,Roshan Academy,"ASP.NET MVC, ASP.NET Core, ASP.NET, Web Development, Development",Ableton Live,All Levels,20 hours,4.5,79,6389,"Rp149,000",3/2025,1,0,1,https://www.udemy.com/course/live-online-shop-ecommerce-by-asp-net-core-mvc/
"Fundamentals of Music Theory: Notes, Scales and Chords",2139786,LearningWhilePracticing LWP,"Music Theory, Music Fundamentals, Music",Ableton Live,All Levels,1 hour,4.0,7,1323,"Rp149,000",1/2019,0,0,0,https://www.udemy.com/course/fundamentals-of-music-theory-notes-scales-and-chords/
Live Streaming to YouTube - Tips & Tricks for Success,916176,Paul Richards,"Live Streaming, YouTube Marketing, Video & Mobile Marketing, Marketing",Ableton Live,Beginner,2.5 hours,4.2,18,636,"Rp149,000",7/2017,0,0,3,https://www.udemy.com/course/youtube-live/
Archetype Within - Discover the Essence of Your Soul,7114015,Polina Mutru,"Life Purpose, Personal Success, Personal Transformation, Personal Development",Ableton Live,Beginner,4.5 hours,5.0,2,4,"Rp149,000",4/2026,0,0,0,https://www.udemy.com/course/essence-of-your-soul/
DJ Lessons for Kids,4905836,Nate Lopes,"DJ, Other Music, Music",Ableton Live,Beginner,39 mins,4.5,9,45,"Rp149,000",9/2022,0,0,0,https://www.udemy.com/course/kidsdjclass/
Create your first portfolio and host it live - for beginners,699618,Manzoor Ahmed,"CSS, HTML, Web Development, Development",Ableton Live,Beginner,9 hours,4.4,1718,62139,"Rp149,000",3/2024,3,0,3,https://www.udemy.com/course/html-and-css-from-scratch/
How to over come your problems and live on the right side,1775952,Laor Kael Heliraz,"Self-Awareness, Personal Transformation, Personal Development",Ableton Live,All Levels,2.5 hours,4.5,2,354,"Rp447,000.00",2/2025,0,0,0,https://www.udemy.com/course/create-your-dream-life-and-live-them-every-day/
Top Software Manual Testing Live Project with Complete Guide,5431548,Pankaj Gupta,"Manual Software Testing, Software Testing, Development",Ableton Live,All Levels,7 hours,4.4,272,1476,"Rp149,000",11/2025,24,0,15,https://www.udemy.com/course/software-manual-testing-live-project/
Rhythm #3: Play 16th Note - Ballad 9 & Melody Fill - D Key,1273518,Rosa Suen,"Piano, Music Conducting, Music Theory, Music Techniques, Music",Ableton Live,Expert,1.5 hours,4.1,3,1172,"Rp149,000",6/2025,7,0,1,https://www.udemy.com/course/15-hand-coordination-16th-note-left-hand-ballad-9-d-key/
"Arnold, Maya, Nuke - Intro to 3D Rendering Live Action VFX",3176864,Alexander Hanneman,"Autodesk Arnold, Autodesk Maya, Nuke, 3D & Animation, Design",Ableton Live,Beginner,5 hours,4.4,217,1559,"Rp149,000",7/2025,0,0,0,https://www.udemy.com/course/arnold-maya-nuke-intro-to-3d-rendering-live-action-vfx/
Advance Live Bug Bounty And Ethical Hacking (2025),6586503,Armaan Sidana,"Bug Bounty, Ethical Hacking, Penetration Testing, Network & Security, IT & Software",Ableton Live,All Levels,12 hours,4.4,32,3367,"Rp159,000",4/2025,0,0,0,https://www.udemy.com/course/advance-live-bug-bounty-and-ethical-hacking-2025/
Digital Nomad Lifestyle: Live Your Dream & Travel the World,4146342,"Ing. Tomáš Morávek, Learn Digital Advertising, Thomas Talavera Karslake","Digital Nomad, Freelancing, ChatGPT, Personal Transformation, Personal Development",Ableton Live,Beginner,9 hours,4.3,151,48728,"Rp149,000",7/2025,1,0,35,https://www.udemy.com/course/digital-nomad-lifestyle-travel/
"Achieving Work-Life Balance: Work Smarter, Live Better",6344977,PracticalGrowth Inc.,"Work Life Balance, Other Office Productivity, Office Productivity",Ableton Live,All Levels,1.5 hours,4.6,884,2238,"Rp149,000",12/2025,4,0,14,https://www.udemy.com/course/achieving-better-work-life-balance-m/
"Understanding Crypto ""Live"" Masterclass",6633701,James Alexander,"Cryptocurrency, Blockchain, Day Trading, Investing, Cryptocurrency & Blockchain",Ableton Live,All Levels,2 hours,4.5,N/A,1,"Rp149,000",5/2025,1,0,0,https://www.udemy.com/course/understanding-crypto-live-masterclass/
"J.S. Bach: Minuet in G BWV Anh. 114, Experts Execution Piano",4442402,Sebastián Burgio,"Piano, Classical Music, Music Composition, Instruments, Music",Ableton Live,Beginner,1 hour,4.5,1,1107,"Rp149,000",12/2021,0,0,1,https://www.udemy.com/course/minuet-bach/
Acoustics Question Bank: Comprehensive Drill (605+ MCQs),6766585,Cogniqueinc Learning Hub,"Acoustics, Engineering, Teaching & Academics",Ableton Live,All Levels,N/A,N/A,N/A,N/A,"Rp149,000",8/2025,0,0,0,https://www.udemy.com/course/acoustics-question-bank-comprehensive-drill-605-mcqs/
"Live Hard: From Smart Risks to Innovation, to Success",4687648,"Todd Dewett, Ph.D.","Personal Development, Change Management, Innovation, Personal Success, Other Business",Ableton Live,All Levels,1 hour,4.7,2270,5045,"Rp149,000",5/2022,0,0,2,https://www.udemy.com/course/live-hard-from-smart-risks-to-innovation-to-success/
Calendar Spread Options Trading Certification (Live Trades),1355172,Saad T. Hameed (STH) • 0.9+ Million Enrollments Worldwide,"Put Options, Stock Options, Options Trading, Call Options, Investing & Trading",Ableton Live,All Levels,1 hour,4.9,173,14486,"Rp149,000",4/2026,3,0,2,https://www.udemy.com/course/calendar-spread-options/
Salesforce community/ Experience cloud With Live Project,3276416,Debasis Jena,"Salesforce Experience Cloud, Salesforce Development, Salesforce, Other IT & Software, IT & Software",Ableton Live,All Levels,9 hours,4.2,905,6353,"Rp149,000",7/2023,6,0,0,https://www.udemy.com/course/practical-guide-to-setup-and-manage-salesforce-communities/
Use Minimalist Interior Design to Live your Best Life,1474464,Erikka Fogleman,"Minimalist Lifestyle, Interior Design, Design",Ableton Live,All Levels,1.5 hours,4.7,895,5077,"Rp239,000",3/2025,4,0,4,https://www.udemy.com/course/how-to-use-minimalist-interior-design-to-live-your-best-life/
Scalping Dow Jones 30 (DJI30) course - Live Trading Sessions,4044848,ISSAC Asimov,"Day Trading, Investing & Trading, Finance & Accounting",Ableton Live,All Levels,2.5 hours,4.7,106,548,"Rp149,000",7/2021,0,0,2,https://www.udemy.com/course/scalping-dow-jones-30-dji30-course-live-trading-sessions/
Live Streaming - The Complete Course - Zoom Twitch OBS Skype,2979724,"TJ Walker, Jake Senn, Media Training Worldwide Digital","Live Streaming, Twitch, Video Production, Open Broadcaster, Video & Mobile Marketing",Ableton Live,All Levels,2.5 hours,4.3,117,32976,"Rp149,000",1/2026,5,0,0,https://www.udemy.com/course/live-streaming-the-complete-course-zoom-twitch-obs-skype/
Photography - Individual & Family Posing - Live Sessions,631184,Bernie Raffe AMPA,"Family Portrait Photography, Photography, Posing, Portrait Photography, Photography & Video",Ableton Live,All Levels,3 hours,4.5,456,3187,"Rp149,000",10/2015,0,0,11,https://www.udemy.com/course/photography-individual-and-family-posing/
Complete Guide for Salesforce integration With Live Scenario,2423524,Debasis Jena,"Salesforce Integration, Salesforce Development, Programming Languages, Development",Ableton Live,All Levels,21.5 hours,4.3,1181,9658,"Rp149,000",4/2025,27,0,0,https://www.udemy.com/course/salesforce-integration-bydebasis/
DIY Advance Options Trading (5 Courses) 11hrs w/ Live Trades,1349672,Saad T. Hameed (STH) • 0.9+ Million Enrollments Worldwide,"Options Trading, Stock Options, Put Options, Call Options, Investing & Trading",Ableton Live,All Levels,11 hours,4.5,255,25639,"Rp149,000",4/2026,3,0,2,https://www.udemy.com/course/options1/
Houdini Live Action Volume 1: Wall Destruction,1784002,Matt Skonicki,"Houdini Software, 3D & Animation, Design",Ableton Live,Intermediate,7.5 hours,4.5,8,48,"Rp499,000",7/2018,0,0,8,https://www.udemy.com/course/houdini-live-action-volume-1-wall-destruction/
Trading Project:Transforming 10K to 100K - Live Gold Trading,5849208,ISSAC Asimov,"Day Trading, Investing & Trading, Finance & Accounting",Ableton Live,All Levels,4 hours,4.5,94,489,"Rp159,000",12/2024,0,0,3,https://www.udemy.com/course/trading-projecttransforming-10k-to-100k-live-gold-trading/
Lovable for Website Building: From Zero to Live,7065211,Meta Brains,"Lovable AI, Web Development, Development",Ableton Live,Expert,6.5 hours,4.5,N/A,223,"Rp149,000",2/2026,0,0,0,https://www.udemy.com/course/lovable-for-website-building-from-zero-to-live/
Learn Responsive Web Design with 4 Live Projects,3431596,Fatah Gabrial,"Responsive Design, Web Development, Development",Ableton Live,All Levels,24.5 hours,4.2,378,36008,"Rp149,000",2/2026,0,0,0,https://www.udemy.com/course/responsive-web-design-2-0-complete-guide/
LEARN TO TRADE & INVEST- LIVE CLASS (HINDI),5391660,Biswaroop Sen,"Stock Trading, Investing, Options Trading, Investing & Trading, Finance & Accounting",Ableton Live,All Levels,56.5 hours,4.5,54,1301,"Rp149,000",6/2025,1,0,0,https://www.udemy.com/course/learn-to-trade-invest-live-class-hindi/
Live Accounting App by C# .NET Core in Windows Forms and SQL,5964792,Roshan Academy,"Windows Forms, C# (programming language), SQL Server, Microsoft Visual Studio, Programming Languages",Ableton Live,All Levels,22.5 hours,4.3,37,8177,"Rp149,000",3/2025,3,0,2,https://www.udemy.com/course/live-accounting-with-cnet-core-in-windows-forms-and-sql/
"Sports Video: Recording, Analysis and Live Streaming",6324489,Paul Richards,"Sports Coaching, Sports Broadcasting, Sports, Health & Fitness",Ableton Live,Intermediate,5 hours,4.3,39,275,"Rp149,000",4/2025,0,0,16,https://www.udemy.com/course/sports-video/
Databricks Spark Developer Associate Exam 270 Practice Tests,7085765,Sachin .,"IT Certifications, IT & Software",Ableton Live,All Levels,N/A,5.0,2,7,"Rp149,000",3/2026,0,0,0,https://www.udemy.com/course/databricks-certified-associate-developer-apache-spark-practice-tests/
Advanced Conversational Hypnosis LIVE Seminar #1,4606638,Scott Jansen,"Hypnosis, Personal Transformation, Personal Development",Ableton Live,Beginner,7 hours,4.4,12,108,"Rp149,000",8/2022,0,0,1,https://www.udemy.com/course/advanced-conversational-hypnosis-live-seminar/
Selenium C# with SpecFlow & Live Projects (Basic + Advance),5995558,Rahul Arora,"Selenium WebDriver, Other IT & Software, IT & Software",Ableton Live,All Levels,26.5 hours,4.2,296,1945,"Rp149,000",4/2025,9,0,9,https://www.udemy.com/course/selenium-c-sharp-training/
"Practical Time Management: Do more, Get more, Live more.",512148,Mike Clayton,"Time Management, Management Skills, Personal Productivity, Personal Development",Ableton Live,All Levels,2.5 hours,4.4,61,2221,"Rp149,000",5/2018,1,0,3,https://www.udemy.com/course/practical-time-management/
Cucumber 7.0 BDD for Selenium & Appium with Live Projects,877582,Rahul Arora,"Cucumber Software, Selenium Testing Framework, Appium, Behavior-Driven Development (BDD), Software Testing",Ableton Live,All Levels,18.5 hours,4.5,594,4635,"Rp149,000",8/2024,23,0,21,https://www.udemy.com/course/cucumber-tutorials/
Live Bug Bounty And Ethical Hacking 2025,6257353,Armaan Sidana,"Bug Bounty, Ethical Hacking, Security Hacking, Cybersecurity, Network & Security",Ableton Live,All Levels,21 hours,4.3,66,4079,"Rp149,000",10/2024,0,0,0,https://www.udemy.com/course/live-bug-bounty-and-ethical-hacking-2025/
Live Trades on Gold | Simple Strategy to Double Your Account,3115584,ISSAC Asimov,"Day Trading, Financial Trading, Accounting & Bookkeeping, Finance & Accounting",Ableton Live,All Levels,1 hour,4.3,266,987,"Rp159,000",6/2021,0,0,1,https://www.udemy.com/course/live-trades-on-real-account-trade-gold-double-your-account/
How To Sell More Products At Live Events,980840,Christopher Greenwood,"Sales Skills, Other Music, Music",Ableton Live,All Levels,1 hour,4.6,11,2062,"Rp149,000",10/2016,0,0,0,https://www.udemy.com/course/increasesales/
Monetise Your YouTube Channel: Live Webinars In 7 Easy Steps,3733952,"Peter Alkema, Louistas Nyuyse, Cyril Fomonyuy","Webinar, YouTube Audience Growth, Digital Marketing, Marketing",Ableton Live,Beginner,3.5 hours,4.9,16,249,"Rp149,000",6/2023,4,0,8,https://www.udemy.com/course/get-started-with-webinars/
Git & Bitbucket Live Project: Learn Version Control from A-Z,2597252,"Pankaj Gupta, Rakhi Kumari","Git, GitHub, IT Certifications, IT & Software",Ableton Live,Intermediate,5 hours,4.5,90,4154,"Rp149,000",11/2025,12,0,6,https://www.udemy.com/course/learn-git-from-basic/
The Complete Belive TV Facebook Live Course 2019,1110458,Steven J Healey,"Facebook Marketing, Communication, Business",Ableton Live,All Levels,9 hours,4.3,47,719,"Rp149,000",8/2019,6,0,2,https://www.udemy.com/course/the-complete-belive-tv-facebook-live-course/
The 7 Simple Statements Successful Artists Live By,1487162,Alix Sloan,"Art Business, Career Development, Personal Development",Ableton Live,All Levels,43 mins,4.6,8,42,"Rp149,000",1/2018,0,0,1,https://www.udemy.com/course/the-7-simple-statements-successful-artists-live-by/
Introduction to Facebook Live Streaming,1033888,Paul Richards,"Live Streaming, Facebook Marketing, Social Media Marketing, Marketing",Ableton Live,Beginner,3 hours,4.0,76,2649,"Rp149,000",7/2017,0,0,11,https://www.udemy.com/course/facebook-live-streaming/
Live Streaming Business Mastery,4062662,"Henry Zhang, Henry Zhang Support","Video Marketing, Video & Mobile Marketing, Marketing",Ableton Live,All Levels,44 mins,4.3,34,17609,"Rp149,000",6/2024,1,0,0,https://www.udemy.com/course/henry-zhang-live-video-marketing-mini-course/
Mastering Live(View) development in Go (GoLang),4946996,David Marko,"Go (programming language), WebSocket, Web Development, Development",Ableton Live,Beginner,4.5 hours,4.7,54,9671,"Rp149,000",3/2024,0,0,2,https://www.udemy.com/course/mastering-liveview-development-in-go-golang/
C0002504 IBM Certified Business Analyst - Blueworks Live,7111117,Shilpi Jain,"IT Certifications, IT & Software",Ableton Live,All Levels,N/A,N/A,N/A,N/A,"Rp149,000",3/2026,0,0,0,https://www.udemy.com/course/c0002504-ibm-certified-business-analyst-blueworks-live-z/
ProShow Training Series - Volume 9,1968614,Jennifer Clark,"ProShow, Design Tools, Design",Ableton Live,All Levels,1.5 hours,4.9,21,100,"Rp249,000",11/2018,0,0,6,https://www.udemy.com/course/proshow-training-series-volume-9/
"From 0 to 1: Learn Java Programming -Live Free,Learn To Code",639048,Loony Corn,"Java, Programming Languages, Development",Ableton Live,All Levels,17 hours,4.1,224,4736,"Rp447,000.00",2/2016,0,0,73,https://www.udemy.com/course/from-0-to-1-java/
Touring Guitarist Handbook,3522660,HowExpert,"Music Business, Guitar, Instruments, Music",Ableton Live,Intermediate,2.5 hours,4.3,N/A,N/A,"Rp349,000",9/2020,0,0,0,https://www.udemy.com/course/touring-guitarist-handbook/
Living & Leading Well,6506181,Paul Leavenworth,"Leadership, Religion & Spirituality, Personal Development",Ableton Live,Intermediate,3.5 hours,4.7,N/A,N/A,"Rp249,000",3/2025,0,0,0,https://www.udemy.com/course/living-leading-well/
Webinar Sales Funnel with Live Streaming Webinar Marketing,818504,John Colley,"Webinar, User Experience (UX) Design, Personal Success, Writing, Digital Marketing",Ableton Live,All Levels,7.5 hours,4.4,277,5042,"Rp149,000",6/2024,8,0,181,https://www.udemy.com/course/webinar-success-write-and-design-a-webinar/
Algorithms in Java :Live problem solving & Design Techniques,3084326,HeadEasy Labs,"Java Algorithms, Java, Algorithms, Software Engineering, Development",Ableton Live,All Levels,19.5 hours,4.2,168,2317,"Rp149,000",6/2025,4,0,0,https://www.udemy.com/course/algorithm-design-techniques-live-problem-solving-in-java/
Angularjs Live Project,572270,Manzoor Ahmed,"AngularJS, Web API, Web App Development, Architectural Design, Web Development",Ableton Live,Intermediate,6.5 hours,4.5,191,1238,"Rp149,000",10/2017,1,0,2,https://www.udemy.com/course/angularjs-webapi2-efcodefirst-web-app-on-3-tier-architecture/
The Confidence Code: Self-Esteem and Empathy w/ Palmer Jones,1011700,"Palmer Jones, Eazl.ai Courseware","Empathy, Soft Skills, Self-Esteem, Confidence, Self Esteem & Confidence",Ableton Live,All Levels,41 mins,4.3,33,1125,"Rp149,000",11/2019,1,0,0,https://www.udemy.com/course/the-confidence-code-self-esteem-and-empathy-w-palmer-jones/
Live Chess Playthrough #2 - Intermediate,2001726,Chess University,"Chess, Games & Gaming, Lifestyle",Ableton Live,Intermediate,3.5 hours,4.7,39,268,"Rp149,000",11/2018,0,0,0,https://www.udemy.com/course/live-chess-playthrough-intermediate/
Healing Journey: Overcome the Heaviness of Grief,5975060,Renée R. Bridgewater,"Grief Healing, Personal Transformation, Personal Development",Ableton Live,Beginner,2 hours,4.6,N/A,N/A,"Rp149,000",7/2024,0,0,4,https://www.udemy.com/course/healing-journey-overcome-the-heaviness-of-grief/
Fast Bootstrap By 3 Live Responsive Websites In Bootstrap 5,5369772,Mega Learning,"Bootstrap, Visual Studio Code, Responsive Design, HTML, Web Development",Ableton Live,All Levels,16.5 hours,4.5,32,7030,"Rp149,000",6/2023,1,0,1,https://www.udemy.com/course/fast-bootstrap-by-3-live-responsive-websites-in-bootstrap-5/
9A0-042 Pro with Adobe Live Cycle Designer ACE Practice Exam,6703673,TechnoTech Vibes,"IT Certifications, IT & Software",Ableton Live,All Levels,N/A,N/A,N/A,N/A,"Rp149,000",8/2025,0,0,0,https://www.udemy.com/course/9a0-042-pro-with-adobe-live-cycle-designer-ace-practice-exam/
Databricks : Delta Live Table (DLT),5769052,A. K Kumar,"Databricks, Other IT & Software, IT & Software",Ableton Live,Beginner,4 hours,4.1,59,362,"Rp149,000",1/2025,0,0,18,https://www.udemy.com/course/databricks-delta-live-table-dlt/
"Jenkins CI CD : 70 Live Assignments| Declarative, DSL & more",4853014,AutoPilot DevOps,"Jenkins, Software Testing, Development",Ableton Live,All Levels,3.5 hours,4.4,36,341,"Rp149,000",12/2025,70,0,4,https://www.udemy.com/course/jenkins-ci-cd-hands-on-tasks-on-declarative-pipelines-dsl-jobs/
Live Project On ASP.Net Core 2.0 MVC(Formerly ASP.Net MVC 5),196304,Manzoor Ahmed,"ASP.NET MVC, Entity Framework, Architectural Design, Web App Development, Programming Languages",Ableton Live,Intermediate,10.5 hours,4.4,776,6072,"Rp149,000",8/2018,0,0,11,https://www.udemy.com/course/aspnet-mvc-web-app-on-3-tier-architecture/
Bank-Nifty Weekly Income Plan with Live Market Trading,4843224,Ashutosh Gadgil,"Stock Trading, Day Trading, Options Trading, Derivatives Trading, Investing & Trading",Ableton Live,Intermediate,3 hours,4.3,77,541,"Rp149,000",1/2023,0,0,3,https://www.udemy.com/course/bank-nifty-weekly-income-plan-with-live-market-trading/
The Main Things We Need to Do to Live a Healthy Lifestyle,6605833,Munira nuredin,"General Health, Health & Fitness",Ableton Live,All Levels,33 mins,N/A,N/A,1,"Rp149,000",5/2025,0,0,0,https://www.udemy.com/course/the-main-things-we-need-to-do-to-live-a-healthy-lifestyle/
Introduction to Futures Trading and Live Trade Demonstration,1224262,Hari Swaminathan,"Futures Trading, Chart Pattern Trading, Financial Trading, Stock Trading, Investing & Trading",Ableton Live,Expert,1 hour,4.1,99,616,"Rp149,000",9/2021,0,0,2,https://www.udemy.com/course/introduction-to-futures-trading-and-live-trading-futures/
Advanced Conversational Hypnosis LIVE Seminar #2,4856964,Scott Jansen,"Personal Transformation, Personal Development",Ableton Live,Intermediate,2 hours,4.6,2,28,"Rp149,000",8/2022,0,0,0,https://www.udemy.com/course/advanced-conversational-hypnosis-live-seminar-2/
Selenium WebDriver with C# for Beginners + Live Testing Site,553454,Tod Vachev,"Selenium WebDriver, Selenium Testing Framework, Software Testing, Development",Ableton Live,All Levels,4.5 hours,4.5,4356,18461,"Rp149,000",9/2020,12,0,5,https://www.udemy.com/course/seleniumqa/
Introduction To Twitch TV Video Game Live Streaming,717838,John Shea,"Twitch, Live Streaming, Game Development Fundamentals, Games & Gaming, Lifestyle",Ableton Live,All Levels,2 hours,4.2,56,2435,"Rp149,000",2/2019,0,0,0,https://www.udemy.com/course/twitchtv/
Live Streaming your Podcast - Building a Podcasting Studio,1903702,Paul Richards,"Podcasting, Digital Marketing, Marketing",Ableton Live,Intermediate,1.5 hours,4.3,14,1744,"Rp149,000",9/2018,0,0,5,https://www.udemy.com/course/live-streaming-a-podcast/
The Goat Life 2026 Build Atomic Habits & Beat Procrastinatio,6975905,pradyuman kumawat,"Personal Development, Personal Transformation",Ableton Live,Beginner,1 hour,5.0,1,1,"Rp149,000",2/2026,2,0,0,https://www.udemy.com/course/the-goat-life/
Options Trading: Best Option Buying Strategy - Live Trading,5495926,Angshuman Dutta,"Options Trading, Entrepreneurship, Business",Ableton Live,All Levels,4.5 hours,4.1,63,451,"Rp149,000",2/2025,0,0,0,https://www.udemy.com/course/options-trading-best-option-buying-strategy-live-trading/
Mastering Agile Capacity Planning with Live Demo,5777672,Manish Nadar,"Agile, Project Management, Business",Ableton Live,Beginner,37 mins,4.4,31,5088,"Rp159,000",1/2024,0,0,3,https://www.udemy.com/course/mastering-agile-capacity-planning-with-live-demo/
The Complete Facebook & Instagram Live System,4099382,Scott Jansen,"Social Media Marketing, Video Marketing, Marketing",Ableton Live,Beginner,1.5 hours,4.8,16,131,"Rp149,000",6/2021,0,0,1,https://www.udemy.com/course/the-complete-facebook-instagram-live-system/
Exploring Dreams #3 Live Video of Dream Interpretation Group,3507946,"Ron Masa, Debbie Hart","Dream Interpretation, Personal Transformation, Personal Development",Ableton Live,Intermediate,2 hours,4.7,17,134,"Rp149,000",9/2025,1,0,6,https://www.udemy.com/course/exploring-dreams-3-live-video-of-dream-interpretation-group/
Live Chess Playthrough #1 - Learn How A Chess Master Thinks,1735826,Chess University,"Chess, Games & Gaming, Lifestyle",Ableton Live,All Levels,3 hours,4.5,107,598,"Rp149,000",6/2018,0,0,0,https://www.udemy.com/course/live-chess-playthrough-1-learn-how-a-chess-master-thinks/
"Live Project: N-Tier App (.NET 5, EF Core & Angular) | Tests",3821990,Sandeep Soni,".NET, Entity Framework, Angular, Programming Languages, Development",Ableton Live,Beginner,5 hours,4.8,8,62,"Rp149,000",12/2025,0,0,5,https://www.udemy.com/course/live-project-using-ntier-arch-net5-ef-core-angular/
"Create a Live Video Chat Application Using WebRTC, PHP, JS",4340126,Aizaz dinho,"WebRTC, JavaScript, PHP (programming language), WebSocket, Web Development",Ableton Live,All Levels,4 hours,4.2,88,497,"Rp149,000",1/2025,1,1,18,https://www.udemy.com/course/create-a-live-video-chat-application-using-webrtc-php-js/
Exploring Dreams #2: Live Jungian Dream Group Demo,3338318,"Ron Masa, Debbie Hart","Dream Interpretation, Personal Transformation, Personal Development",Ableton Live,Intermediate,3 hours,4.8,30,212,"Rp149,000",9/2025,2,0,5,https://www.udemy.com/course/exploring-dreams-2-live-jungian-dream-work-demo/
"Salesforce Live Project Internship, Salesforce Internship",6063457,Amul Baranwal,"Other IT & Software, IT & Software",Ableton Live,Beginner,5 hours,4.6,14,1268,"Rp149,000",8/2024,24,0,15,https://www.udemy.com/course/salesforce-live-project-internship/
Make Money with CPA Marketing (+ Live Campaign Setups),3899636,Angshuman Dutta,"CPA Marketing, Affiliate Marketing, Marketing",Ableton Live,Beginner,2.5 hours,4.2,86,944,"Rp149,000",2/2025,0,0,0,https://www.udemy.com/course/cpa-marketing-with-mylead-live-campaign-setups-2021/
How to Write a Résumé That Stands Out,3296026,Bluelime Learning Solutions,"Resume and CV Writing, Personal Brand Building, Personal Development",Ableton Live,Beginner,1.5 hours,3.5,1,371,"Rp149,000",3/2026,2,0,0,https://www.udemy.com/course/how-to-write-a-resume-that-stands-out/
Learn Secret Chinese Exercises: Live Energized & Happy Now,505796,Peter Caughey,"Fitness, Happiness, General Health, Health & Fitness",Ableton Live,All Levels,2 hours,4.7,328,2356,"Rp199,000",10/2022,2,0,45,https://www.udemy.com/course/learn-secret-chinese-exercises-live-energized-happy-now/
Emotional Intelligence & Mindfulness: Live Your Best Life!,5718044,"Stan Cerulus, Video School, Phil Ebiner","Emotional Intelligence, Stress Management, Mindfulness, Meditation, Personal Transformation",Ableton Live,All Levels,5 hours,4.6,188,1249,"Rp149,000",11/2025,13,0,7,https://www.udemy.com/course/emotional-intelligence-mindfulness-meditation/
Facebook (Live) For (Beginners): Fast Track Training,2731840,Douglas Melvin,"Facebook Marketing, Facebook Training, Social Media Marketing, Marketing",Ableton Live,Intermediate,35 mins,5.0,1,7,"Rp149,000",5/2020,0,0,0,https://www.udemy.com/course/facebook-live-for-beginners-fast-track-training-2020/
Watch Live TV Channel Movies Sports on Android + Kodi 17,998260,Winston Wee,"Kodi, Other Lifestyle, Lifestyle",Ableton Live,All Levels,1.5 hours,4.2,32,1339,"Rp149,000",4/2018,1,0,0,https://www.udemy.com/course/watch-live-tv-channel-movies-sports-on-android-phone-tablet/
"Facebook Live: Attract 100,000+ Page fans with Viral Streams",994812,Suppoman ™,"Facebook Marketing, Viral Marketing, Video & Mobile Marketing, Marketing",Ableton Live,All Levels,37 mins,4.4,638,20486,"Rp149,000",11/2016,0,0,0,https://www.udemy.com/course/facebook-live/
Enabling Lived Experience Leadership,5840734,Loraine Masiya Mponela,"Leadership, Personal Development",Ableton Live,All Levels,1 hour,4.7,N/A,4,"Rp149,000",2/2024,0,0,0,https://www.udemy.com/course/enabling-lived-experience-leadership/
Google Calendar Live feed to your website Google Apps Script,2412288,Laurence Svekis,"Google Apps Script, Programming Languages, Development",Ableton Live,Beginner,2 hours,4.8,9,1954,"Rp149,000",11/2024,18,0,4,https://www.udemy.com/course/google-apps-script-calendar/
"Market Profile Live, Learn To Trade Excess",4966940,School Of Investing,"Financial Trading, Investing & Trading, Finance & Accounting",Ableton Live,Intermediate,1.5 hours,4.7,5,47,"Rp149,000",9/2024,0,0,0,https://www.udemy.com/course/market-profile-live-learn-to-trade-excess/
The Complete Forex Trading Course: With Live Examples,3729562,Dil Mcdonald,"Forex Trading, Investing & Trading, Finance & Accounting",Ableton Live,All Levels,12.5 hours,4.5,282,4823,"Rp149,000",11/2021,7,0,13,https://www.udemy.com/course/the-ultimate-forex-trading-course/
6 Live Sentiment Analysis Trading Bots using Python,3916130,The A.I. Whisperer,"Sentiment Analysis, Other IT & Software, IT & Software",Ableton Live,Intermediate,5 hours,4.3,119,1491,"Rp249,000",4/2021,3,0,0,https://www.udemy.com/course/sentiment-trading-python/
Bash / Shell | 100 Hands On Challenge with 10 Live Projects,4684858,AutoPilot DevOps,"Shell Scripting, Operating Systems & Servers, IT & Software",Ableton Live,Beginner,1.5 hours,4.6,211,3227,"Rp149,000",12/2025,223,0,3,https://www.udemy.com/course/bash-scripting-practice-questions-100-tasks-hands-on/
