course_title,course_id,lecturer_name,related_topics,subject,level,durations,ratings,num_ratings,student,price,last_update,articles,exercise,downloadable_resources,url
"The Professional Bass Masterclass - Bass 1, Bass 2, Bass 3",917432,Rajiv Narang,"Bass Guitar, Music Composition, Instruments, Music",Bass Guitar,All Levels,10 hours,4.7,3683,27373,"Rp299,000",7/2024,12,0,17,https://www.udemy.com/course/the-professional-bass-masterclass/
BASS MASTER CLASS - Beginner Bass Intermediate to Mastery!,2373704,Lesson Pros,"Bass Guitar, Instruments, Music",Bass Guitar,All Levels,17.5 hours,4.7,751,4887,"Rp159,000",11/2025,2,0,38,https://www.udemy.com/course/beginner-bass-course-bass-mastery-bass-guitar-electric-bass/
Ultimate Bass Guitar Course For Beginners,4651616,John Viers II,"Bass Guitar, Instruments, Music",Bass Guitar,Beginner,4.5 hours,4.6,100,463,"Rp149,000",4/2022,0,0,0,https://www.udemy.com/course/nothingbutbass/
Complete electric bass course to improve your technique,4562684,Massimiliano Alfieri,"Bass Guitar, Instruments, Music",Bass Guitar,Intermediate,15.5 hours,4.8,4,74,"Rp149,000",5/2024,1,0,1,https://www.udemy.com/course/complete-electric-bass-course-to-improve-your-technique/
25 Songs To Go From Beginner To Stage-Ready/Bass Guitar,6148787,John Viers II,"Bass Guitar, Instruments, Music",Bass Guitar,Beginner,8 hours,4.6,12,175,"Rp149,000",8/2024,0,0,24,https://www.udemy.com/course/25-songs-to-go-from-beginner-to-stage-ready/
Bass Guitar Master Class - The Ultimate Guide,3607960,Umut Aksoy,"Bass Guitar, Instruments, Music",Bass Guitar,All Levels,6.5 hours,4.2,134,1142,"Rp149,000",5/2024,1,0,13,https://www.udemy.com/course/beginner-bass-course-fingerstyle/
Ultimate Bass Technique Workout,1272354,Bogdan Radovic,"Bass Guitar, Instruments, Music",Bass Guitar,All Levels,3.5 hours,4.7,68,677,"Rp149,000",11/2019,0,0,0,https://www.udemy.com/course/ultimate-bass-technique-workout/
Beginner Bass Guitar Lessons: A Complete Guide,4548148,Marc Barnacle,"Bass Guitar, Music Theory, Songwriting, Music Improvisation, Instruments",Bass Guitar,Beginner,2 hours,4.5,213,1670,"Rp149,000",11/2023,0,0,20,https://www.udemy.com/course/beginner-bass-guitar-lessons-a-complete-guide/
How to Groove on Bass Like A Pro,2790776,Igor Odaryuk,"Bass Guitar, Instruments, Music",Bass Guitar,All Levels,2.5 hours,4.7,13,201,"Rp149,000",11/2024,0,0,6,https://www.udemy.com/course/bass-grooves/
Bass Guitar Masterclass: Learn to Play Bass in 30 days,6381505,Kelvin James,"Bass Guitar, Instruments, Music",Bass Guitar,All Levels,1 hour,4.3,32,154,"Rp149,000",1/2026,0,0,0,https://www.udemy.com/course/bass-guitar-masterclass-crash-course/
Bass Guitar Lessons For Beginners,820086,Todd Porter,"Bass Guitar, Guitar, Music Theory, Instruments, Music",Bass Guitar,Beginner,2.5 hours,4.6,602,2894,"Rp149,000",2/2019,0,0,4,https://www.udemy.com/course/the-music-coach-online-bass-guitar-lesson-program/
How to SLAP bass like a PRO,4856722,Igor Odaryuk,"Bass Guitar, Instruments, Music",Bass Guitar,All Levels,2.5 hours,4.5,30,273,"Rp149,000",12/2024,1,0,94,https://www.udemy.com/course/how-to-slap-bass-like-a-pro/
The Ultimate Online Bass Course,5948722,Howard Head,"Bass Guitar, Instruments, Music",Bass Guitar,All Levels,2 hours,4.1,26,230,"Rp149,000",12/2024,0,0,11,https://www.udemy.com/course/the-ultimate-online-bass-course/
Bass guitar supplemental lessons,6021594,Enter Academy Group,"Bass Guitar, Instruments, Music",Bass Guitar,Intermediate,9.5 hours,5.0,2,41,"Rp149,000",6/2024,1,0,0,https://www.udemy.com/course/bass-guitar-supplemental-lessons/
Complete Guitar Lessons System - Beginner to Advanced,42271,Erich Andreas,"Guitar, Blues Guitar, Guitar Chords, Acoustic Guitar, Instruments",Bass Guitar,All Levels,40 hours,4.6,46101,321996,"Rp169,000",7/2025,0,0,195,https://www.udemy.com/course/complete-guitar-system-beginner-to-advanced/
Bass Guitar Lessons For Intermediate,2645448,Todd Porter,"Bass Guitar, Instruments, Music",Bass Guitar,Intermediate,3 hours,4.2,49,309,"Rp149,000",11/2019,0,0,10,https://www.udemy.com/course/bass-guitar-lessons-for-intermediate/
Beginner To Advanced Blues Guitar Masterclass,476988,Henry Olsen,"Blues Guitar, Guitar, Instruments, Music",Bass Guitar,Beginner,11.5 hours,4.6,471,13350,"Rp149,000",4/2025,0,0,35,https://www.udemy.com/course/beginner-blues-guitar/
Walking Bass - Quick Start Guide,665278,Bogdan Radovic,"Bass Guitar, Instruments, Music",Bass Guitar,All Levels,1 hour,4.5,114,785,"Rp149,000",11/2019,0,0,32,https://www.udemy.com/course/walking-bass-quick-start-guide/
Electric Bass for Busy Beginners Course 1,455676,Ted Gould,"Bass Guitar, Instruments, Music",Bass Guitar,All Levels,1.5 hours,4.3,78,374,"Rp149,000",4/2015,0,0,0,https://www.udemy.com/course/bassforbusybeginners/
Bass Guitar Setup and Stringing: A Comprehensive Guide,1398480,David Taub,"Bass Guitar, Guitar, Instruments, Music",Bass Guitar,Beginner,1 hour,4.3,46,236,"Rp149,000",10/2017,0,0,0,https://www.udemy.com/course/bass-guitar-setup-and-stringing-a-comprehensive-guide/
ADVANCED BASS GUITAR SCALES,6086439,"Marko ""Coconut"" Sternal","Bass Guitar, Instruments, Music",Bass Guitar,All Levels,3 hours,4.3,4,22,"Rp149,000",7/2024,0,0,0,https://www.udemy.com/course/advanced-bass-guitar-scales/
Music Theory Extended Bass Volume 1 Beginners Basic,1524038,Vinnie Venkov,"Bass Guitar, Music Theory, Music Fundamentals, Music",Bass Guitar,Beginner,3 hours,4.8,12,73,"Rp149,000",1/2023,0,0,20,https://www.udemy.com/course/extended-range-bass-music-theory-beginners-volume-1/
"Bass Guitar Foundations | More Rock, Less Drama!",1641684,"Steve ""Bside"" Burnside","Bass Guitar, Guitar, Instruments, Music",Bass Guitar,Beginner,3 hours,4.4,125,1727,"Rp149,000",4/2018,1,0,0,https://www.udemy.com/course/bass-guitar-foundations/
Guitar Lessons - Walking Bass Blues For All Guitar Players 2,3431742,John Kearney,"Blues Guitar, Guitar Chords, Instruments, Music",Bass Guitar,All Levels,2.5 hours,5.0,3,59,"Rp149,000",11/2022,9,0,8,https://www.udemy.com/course/guitar-lessons-walking-bass-blues-for-all-guitar-players-2/
STRUMMING SIMPLIFIED: 51 Guitar Rhythms For All Styles!,2385668,Steve Glazer,"Guitar, Instruments, Music",Bass Guitar,All Levels,4 hours,4.8,766,7554,"Rp149,000",2/2024,1,0,102,https://www.udemy.com/course/strumming-simplified-1/
Beginner Bass Guitar Mastery - Learn bass the easy way.,1389334,David Taub,"Bass Guitar, Guitar, Instruments, Music",Bass Guitar,Beginner,4 hours,4.3,109,654,"Rp149,000",10/2017,1,0,6,https://www.udemy.com/course/beginner-bass-guitar-mastery-learn-bass-the-easy-way/
Pentatonic Scale Crash Course for Bass Guitar,1253224,"Steve ""Bside"" Burnside","Bass Guitar, Guitar, Pentatonic Scales, Instruments, Music",Bass Guitar,Intermediate,1 hour,4.2,253,5543,"Rp149,000",6/2017,1,0,6,https://www.udemy.com/course/pentatonic-scale-crash-course-for-bass-guitar/
Master Bass & Low End in Your Music,4316430,Mikael Baggström,"Music Composition, Music Production, Songwriting, Music",Bass Guitar,All Levels,3 hours,4.8,29,313,"Rp149,000",2/2026,1,0,0,https://www.udemy.com/course/master-the-bass-of-your-music/
The Ultimate Guitar Chords Course - Guitar Chords Mastery,2791088,Mark Shian,"Guitar Chords, Guitar, Instruments, Music",Bass Guitar,All Levels,8.5 hours,4.7,341,3655,"Rp149,000",10/2025,0,0,62,https://www.udemy.com/course/guitarchordsmastery/
BEGINNER BASS FORMULA,472870,Danny Merriman,"Bass Guitar, Music Techniques, Music",Bass Guitar,Beginner,1 hour,3.9,30,616,"Rp149,000",4/2020,0,0,0,https://www.udemy.com/course/beginner-bass-formula/
Ultimate Beginner Guitar Masterclass,1132342,Henry Olsen,"Guitar, Instruments, Music",Bass Guitar,Beginner,15 hours,4.7,7989,95428,"Rp159,000",4/2025,1,0,33,https://www.udemy.com/course/beginner-guitar-masterclass/
Toccata & Fugue on D minor by J. S. Bach for Bass guitar,6744251,Fabio Di Tanno,"Bass Guitar, Instruments, Music",Bass Guitar,All Levels,36 mins,4.7,5,12,"Rp149,000",8/2025,0,0,22,https://www.udemy.com/course/toccata-fugue-on-d-minor-by-j-s-bach-for-bass-guitar/
#4 Read Music Notes Fast: Read 11 Bass Clef Notes with Speed,555308,Rosa Suen,"Speed Reading, Guitar, Reading Music, Music Fundamentals, Music",Bass Guitar,Beginner,1.5 hours,4.7,18,1351,"Rp149,000",10/2019,8,0,4,https://www.udemy.com/course/read-music-notes-fast-l4-read-11-bass-clef-notes-with-speed/
"Beginner Blues Bass Guitar: Build Skill, Style & Groove",5481148,Tony Gardiner,"Bass Guitar, Blues Guitar, Instruments, Music",Bass Guitar,Beginner,1 hour,5.0,1,22,"Rp149,000",7/2025,0,0,13,https://www.udemy.com/course/beginner-blues-bass-guitar/
Bass Clef / Sheet Music Reading Exercises,3831226,Umut Yenilmez,"Reading Music, Music Fundamentals, Music",Bass Guitar,All Levels,2.5 hours,4.5,3,41,"Rp149,000",2/2021,0,0,0,https://www.udemy.com/course/bass-clef-sheet-music-reading-exercises/
Bass Lessons For Beginners Musicians,4090748,Gabriel Felix,"Bass Guitar, Instruments, Music",Bass Guitar,Beginner,2 hours,4.6,26,1007,N/A,9/2025,0,0,2,https://www.udemy.com/course/bass-lessons-for-beginners-musicians/
Walking Bass Fundamentals,1113170,Bogdan Radovic,"Bass Guitar, Instruments, Music",Bass Guitar,All Levels,2 hours,4.5,100,704,"Rp149,000",11/2019,0,0,18,https://www.udemy.com/course/walking-bass-fundamentals/
The Jimi Hendrix Guitar Method,6574671,Guitar Joolz,"Guitar, Instruments, Music",Bass Guitar,All Levels,4.5 hours,4.9,63,749,"Rp149,000",4/2025,0,0,54,https://www.udemy.com/course/the-jimi-hendrix-guitar-method/
THE FUNK BASS FORMULA,604830,Danny Merriman,"Bass Guitar, Instruments, Music",Bass Guitar,Intermediate,1 hour,3.7,12,677,"Rp149,000",4/2020,16,0,16,https://www.udemy.com/course/the-funk-bass-formula/
Fingerstyle Guitar - Beginner to Advanced,3059538,Adam Rafferty,"Fingerstyle Guitar, Acoustic Guitar, Music Fundamentals, Music",Bass Guitar,Beginner,8.5 hours,4.6,879,5976,"Rp149,000",6/2020,13,0,10,https://www.udemy.com/course/fingerstyle-guitar-for-the-total-beginner/
Bass for Newbs,6598509,Michael Roohan,"Bass Guitar, Music Composition, Music Instruction, Instruments, Music",Bass Guitar,Beginner,41 mins,5.0,1,4,"Rp149,000",5/2025,0,0,0,https://www.udemy.com/course/bass-for-newbs/
#11 Play Piano Trick: Tips To Walk the Bass Effortlessly,1296786,Rosa Suen,"Piano Chords, Bass Guitar, Piano, Music Techniques, Music",Bass Guitar,Intermediate,1 hour,4.6,4,76,"Rp149,000",10/2019,10,0,1,https://www.udemy.com/course/11-play-piano-trick-tips-to-walk-the-bass-effortlessly/
"Learn Guitar Repair - Module 2, How To Set Up A Guitar",2520078,Kevin Webb,"Luthiery, Guitar, Instruments, Music",Bass Guitar,Intermediate,1.5 hours,4.7,580,3420,"Rp149,000",10/2023,15,0,5,https://www.udemy.com/course/learn-guitar-repair-module-2-setting-up-your-guitar/
Blues Bass - Quick Start Guide,1002272,Bogdan Radovic,"Bass Guitar, Instruments, Music",Bass Guitar,All Levels,1.5 hours,4.4,87,588,"Rp149,000",11/2019,0,0,42,https://www.udemy.com/course/blues-bass-quick-start-guide/
50 Cool Licks and Ideas for Traditional Electric Blues Gtr.,2683140,David Moore,"Blues Guitar, Instruments, Music",Bass Guitar,Intermediate,3 hours,4.9,18,216,"Rp149,000",3/2020,0,0,53,https://www.udemy.com/course/50-cool-licks-and-ideas-for-traditional-electric-blues-gtr/
Blues Guitar and Advanced Guitar Lessons,42251,Erich Andreas,"Blues Guitar, Guitar, Guitar Chords, Acoustic Guitar, Instruments",Bass Guitar,All Levels,7.5 hours,4.7,383,4156,"Rp149,000",1/2021,0,0,65,https://www.udemy.com/course/blues-and-advanced-guitar-lessons/
Percussive Fingerstyle on Acoustic Bass,1491012,Dmitry Lisenko,"Bass Guitar, Instruments, Music",Bass Guitar,All Levels,1.5 hours,4.6,105,597,"Rp329,000",3/2018,0,0,25,https://www.udemy.com/course/percussive-fingerstyle-on-acoustic-bass/
Learn to Improvise Jazz Bass - The Music Theory of Arpeggios,1658404,Music Chef,"Bass Guitar, Jazz, Music Theory, Instruments, Music",Bass Guitar,Intermediate,1 hour,4.2,71,464,"Rp149,000",7/2019,0,0,39,https://www.udemy.com/course/jazz-bass-arpeggio-survival-guide/
How to Get Started on Bass Guitar,3358940,Instant Bass-ics,"Bass Guitar, Instruments, Music",Bass Guitar,Beginner,2 hours,4.4,15,72,"Rp149,000",7/2020,0,0,32,https://www.udemy.com/course/how-to-get-started-on-bass/
"Learn BASS GUITAR- Have Fun, Amaze Your Friends- It's Easy!",396238,Matt,"Bass Guitar, Guitar, Instruments, Music",Bass Guitar,Beginner,2 hours,4.3,54,1844,"Rp149,000",2/2015,9,0,4,https://www.udemy.com/course/bassguitar/
Fingerstyle Guitar STEP BY STEP: Learn Songs & Arrangements,1803784,Nir Mehlman,"Fingerstyle Guitar, Guitar, Instruments, Music",Bass Guitar,All Levels,13.5 hours,4.7,1292,6645,"Rp349,000",2/2026,1,0,7,https://www.udemy.com/course/fingerstyle-guitar-step-by-step/
Samba and Bossa Nova on Bass,3660522,"Renato Leite, Dilson Siud","Bass Guitar, Instruments, Music",Bass Guitar,Intermediate,2 hours,4.7,5,18,"Rp399,000",4/2021,9,0,10,https://www.udemy.com/course/samba-and-bossa-nova-on-bass/
Music Production: Bass (Synth and Sampled),6927285,Josh Cook,"Music Production, Bass Guitar, Synthesizer, Instruments, Music",Bass Guitar,Beginner,2 hours,5.0,1,9,"Rp149,000",11/2025,0,0,0,https://www.udemy.com/course/music-production-bass-synth-and-sampled/
Ultimate Lead Guitar Techniques,4937478,Guitar Joolz,"Guitar, Instruments, Music",Bass Guitar,Intermediate,5 hours,4.7,63,897,"Rp149,000",10/2022,0,0,53,https://www.udemy.com/course/ultimate-lead-guitar-techniques/
"Ear Training & Aural Skills Masterclass (Parts 1, 2, and 3)",4386464,J. Anthony Allen,"Ear Training, Music Fundamentals, Music",Bass Guitar,All Levels,13 hours,4.7,505,6518,"Rp149,000",12/2025,26,0,51,https://www.udemy.com/course/ear-training-masterclass/
Funk Rhythm Guitar Techniques,4345398,Gabriel Felix,"Guitar, Instruments, Music",Bass Guitar,All Levels,2 hours,4.6,27,2062,"Rp149,000",9/2024,0,0,8,https://www.udemy.com/course/funk-rhythm-guitar-techniques-n/
Pure Pentatonic Power: Rock and Blues Lead Guitar Course,1013558,Guitar Joolz,"Rock Guitar, Guitar, Pentatonic Scales, Blues Guitar, Instruments",Bass Guitar,Intermediate,3.5 hours,4.8,935,9119,"Rp229,000",8/2020,0,0,40,https://www.udemy.com/course/pure-pentatonic-power-a-masterclass-in-rock-and-blues/
Music Theory & Fretboard Fundamentals For Guitar,6212207,Connor Gray,"Music Composition, Music Theory, Guitar, Instruments, Music",Bass Guitar,All Levels,2.5 hours,4.9,73,336,"Rp149,000",1/2026,0,0,36,https://www.udemy.com/course/guitar-foundations-music-theory-fretboard-fundamentals/
The Ultimate Guitar Fretboard Memorization Course,3098684,Mark Shian,"Guitar, Instruments, Music",Bass Guitar,All Levels,2 hours,4.5,260,2255,"Rp149,000",8/2025,0,0,28,https://www.udemy.com/course/ultimate-fretboard-notes-memorization/
Traditional Style Electric Blues Guitar - Part 2/Lead Guitar,1248848,David Moore,"Blues Guitar, Instruments, Music",Bass Guitar,Beginner,3 hours,4.6,32,503,"Rp149,000",1/2020,0,0,4,https://www.udemy.com/course/traditional-style-electric-blues-guitar-for-beginners-l/
Blues Guitar Call & Response: Lead Guitar For Blues Improv,6542985,Erich Andreas,"Blues Guitar, Guitar, Rock Guitar, Music Techniques, Music",Bass Guitar,Beginner,4.5 hours,4.7,12,184,"Rp149,000",3/2025,0,0,31,https://www.udemy.com/course/blues-guitar-call-response/
Chord Creation for Guitar - Learn 100's of Chords Easily,6100075,Guitar Joolz,"Guitar Chords, Instruments, Music",Bass Guitar,All Levels,3.5 hours,4.7,17,245,"Rp159,000",12/2024,0,0,84,https://www.udemy.com/course/chord-creation-for-guitar/
BB King Guitar Licks: 1947-1953,2760714,David Moore,"Blues Guitar, Instruments, Music",Bass Guitar,All Levels,4 hours,4.6,42,296,"Rp149,000",6/2020,0,0,91,https://www.udemy.com/course/bb-king-guitar-licks-1947-1953/
How To Play Bass Guitar,3290654,HowExpert,"Bass Guitar, Instruments, Music",Bass Guitar,Beginner,30 mins,5.0,N/A,2,"Rp349,000",7/2020,0,0,0,https://www.udemy.com/course/how-to-play-bass-guitar/
MASTER GUITAR STRUMMING - Strumming Patterns for the Guitar,661328,Lesson Pros,"Guitar, Design Patterns (software), Music Techniques, Music",Bass Guitar,All Levels,32.5 hours,4.5,236,4117,"Rp149,000",11/2025,3,0,0,https://www.udemy.com/course/beginner-to-advanced-strumming-patterns-for-the-guitar/
Fingerstyle/Fingerpick Guitar How to Play w/Beg/Int Exercise,5400390,Erich Andreas,"Guitar, Fingerstyle Guitar, Acoustic Guitar, Music Techniques, Music",Bass Guitar,All Levels,1.5 hours,4.8,25,172,"Rp149,000",9/2024,0,0,10,https://www.udemy.com/course/fingerstyle-guitar-how-to-play/
Producing A Future Bass Track From Start To Finish Ableton,896910,Francois Rengère,"Ableton Live, Music Production, Music",Bass Guitar,Intermediate,5.5 hours,4.5,166,748,"Rp149,000",8/2016,0,0,1,https://www.udemy.com/course/producing-a-future-bass-track-from-start-to-finish-ableton/
Music Theory Extended Bass Volume 2 Building Intervals,1502868,Vinnie Venkov,"Bass Guitar, Music Theory, Instruments, Music",Bass Guitar,Beginner,2.5 hours,5.0,2,31,"Rp149,000",7/2019,0,0,14,https://www.udemy.com/course/extended-range-bass-build-intervals-volume-3/
Learn Guitar Chords: Electric & Acoustic for All Levels,6216845,Marc Barnacle,"Guitar Chords, Guitar, Music Theory, Instruments, Music",Bass Guitar,All Levels,2 hours,5.0,21,1290,"Rp149,000",10/2024,0,0,15,https://www.udemy.com/course/learn-guitar-chords-electric-acoustic-for-all-levels/
Learn Blues Rhythm Guitar for Beginners 18 Play Along Tracks,6995921,Guitar Joolz,"Guitar, Blues Guitar, Guitar Chords, Instruments, Music",Bass Guitar,Beginner,3 hours,4.7,8,111,"Rp149,000",1/2026,0,0,92,https://www.udemy.com/course/learn-blues-rhythm-guitar-for-beginners-18-play-along-track/
Learn How To Play The Bass Like A Professional,807584,Lee Ferguson,"Bass Guitar, Google Play, Music Fundamentals, Music",Bass Guitar,Beginner,1.5 hours,4.0,19,136,"Rp149,000",4/2016,2,0,0,https://www.udemy.com/course/learn-how-to-play-the-bass-like-a-professional/
Amazing Guitar Chord Progressions,5126454,Gabriel Felix,"Guitar Chords, Harmony (music), Music Techniques, Music",Bass Guitar,All Levels,2 hours,4.3,14,2015,"Rp149,000",2/2023,0,0,6,https://www.udemy.com/course/amazing-guitar-chord-progressions/
Unique Guitar Lessons ( A Crash Course In Guitar Looping),3832490,Tony Cull (Guitar Made Easy),"Guitar, Live Looping, Instruments, Music",Bass Guitar,All Levels,1 hour,4.8,17,563,"Rp149,000",2/2021,0,0,3,https://www.udemy.com/course/stand-by-me-guitar-lesson/
Fingerstyle Guitar For Beginners | STEP BY STEP Course,3378410,Fingerstyle Club,"Fingerstyle Guitar, Music Techniques, Music",Bass Guitar,All Levels,6 hours,4.8,1588,9172,"Rp149,000",7/2020,0,0,133,https://www.udemy.com/course/fingerstyle-guitar-for-beginners-step-by-step-course/
Jazz Chord Base: a new Approach for Jazz Chords on Guitar,1181854,Stefan Mens,"Guitar Chords, Jazz, Jazz Guitar, Guitar, Instruments",Bass Guitar,Intermediate,3.5 hours,4.7,429,2671,"Rp159,000",11/2024,7,0,143,https://www.udemy.com/course/the-jazz-chord-base/
Blues Lead Guitar Made Easy: Minimalistic Blues Guitar,4776598,Erich Andreas,"Blues Guitar, Music Improvisation, Guitar, Music Techniques, Music",Bass Guitar,Beginner,4.5 hours,4.6,281,2299,"Rp149,000",3/2023,0,0,29,https://www.udemy.com/course/blues-lead-guitar-made-easy-minimalistic-blues-guitar/
"Campfire Guitar Lessons: Strumming, Chords, Capos, Songs",4728568,Erich Andreas,"Guitar, Music Techniques, Music",Bass Guitar,Beginner,4.5 hours,4.8,28,257,"Rp149,000",12/2024,0,0,21,https://www.udemy.com/course/campfire-guitar-lessons-strumming-chords-capos-songs/
Jazz for the Curious Guitarist,1475070,Dan Dresnok,"Guitar, Acoustic Guitar, Guitar Chords, Music Theory, Instruments",Bass Guitar,All Levels,12.5 hours,4.6,697,9003,"Rp149,000",9/2025,0,0,43,https://www.udemy.com/course/jazz-for-the-curious-guitarist/
Ableton Live - Bass Masterclass,1435848,Josh Van Riel,"Ableton Live, Electronics, Music Theory, Music Production, Music",Bass Guitar,All Levels,6.5 hours,4.6,369,2249,"Rp149,000",6/2018,0,0,0,https://www.udemy.com/course/ableton-live-emp-bass-fundamentals-masterclass/
Pure Pentatonic Professionals for Guitar,3041984,Guitar Joolz,"Guitar, Rock Guitar, Instruments, Music",Bass Guitar,Intermediate,5 hours,4.9,134,1898,"Rp149,000",5/2023,0,0,75,https://www.udemy.com/course/pure-pentatonic-pros-for-guitar/
GUITAR CONTROL: Masterclass For How To Play Guitar,3976218,"Marius Worch, Philipp Godart","Guitar, Guitar Chords, Instruments, Music",Bass Guitar,All Levels,18.5 hours,4.6,69,522,"Rp149,000",11/2024,0,0,172,https://www.udemy.com/course/guitar-control-eng/
Bass Layering and Mixing For Electronic Music,1407324,Nathan Nyquist,"Music Production, Sound Design, Audio Engineering, EDM, Music",Bass Guitar,All Levels,1 hour,4.3,60,349,"Rp149,000",3/2018,3,0,3,https://www.udemy.com/course/ultimate-bass-secrets/
Crafting Fingerstyle Guitar Arrangements,5623066,Nir Mehlman,"Fingerstyle Guitar, Instruments, Music",Bass Guitar,All Levels,10.5 hours,4.6,28,365,"Rp149,000",11/2023,0,0,2,https://www.udemy.com/course/crafting-fingerstyle-guitar-arrangements/
Traditional Acoustic Blues Guitar - For Beginners,1314348,David Moore,"Blues Guitar, Instruments, Music",Bass Guitar,Beginner,9.5 hours,4.4,70,646,"Rp149,000",4/2019,0,0,65,https://www.udemy.com/course/traditional-acoustic-blues-guitar-for-beginners/
Guitar Triads Unlocked - The Secret Map of the Guitar Neck,5318552,Guitar Joolz,"Guitar, Instruments, Music",Bass Guitar,All Levels,3.5 hours,4.5,82,873,"Rp159,000",1/2026,0,0,61,https://www.udemy.com/course/guitar-triads-unlocked/
21 Day Easy Rock and Blues Beginners Guitar Course,3284926,Guitar Joolz,"Guitar, Instruments, Music",Bass Guitar,Beginner,3 hours,4.6,39,433,"Rp159,000",12/2025,0,0,125,https://www.udemy.com/course/the-21-steps-beginners-guitar-course/
Practical Music Theory 101 For Guitar,1457810,Henry Olsen,"Music Theory, Guitar, Guitar Chords, Instruments, Music",Bass Guitar,All Levels,5 hours,4.7,1242,10697,"Rp159,000",3/2019,0,0,26,https://www.udemy.com/course/music-theory-101-for-guitar/
Guitar Chords Visualization: Chord Method For Instant Chords,5917294,Erich Andreas,"Guitar Chords, Acoustic Guitar, Music Theory, Guitar, Music Fundamentals",Bass Guitar,Beginner,3 hours,4.9,23,295,"Rp149,000",5/2024,0,0,22,https://www.udemy.com/course/guitar-chord-visualization/
Gibson's Learn & Master Guitar,315812,Legacy Learning Systems,"Guitar, Learning Strategies, Instruments, Music",Bass Guitar,All Levels,33 hours,4.8,436,1552,"Rp399,000",10/2014,0,0,0,https://www.udemy.com/course/learnandmasterguitar/
Play Modern Blues Now,561718,Steve Stine,"Blues Guitar, Google Play, Music Techniques, Music",Bass Guitar,Intermediate,4.5 hours,4.8,819,6614,"Rp149,000",12/2015,0,0,8,https://www.udemy.com/course/play-modern-blues-now/
Master the Low End of Your Music,1884084,Mikael Baggström,"Music Production, Music Composition, Sound Design, Music",Bass Guitar,All Levels,1.5 hours,4.6,63,478,"Rp149,000",9/2025,2,0,1,https://www.udemy.com/course/how-to-get-powerful-bass-in-your-music/
Arpeggios for Guitar made Easy - Lead Guitars Secret Weapon,1173716,Guitar Joolz,"Guitar, Instruments, Music",Bass Guitar,All Levels,3 hours,4.6,126,1457,"Rp149,000",3/2026,0,0,30,https://www.udemy.com/course/arpeggios-for-guitar-made-easy/
15 Must Learn Strumming Patterns for Guitar,5230766,Guitar Joolz,"Guitar, Instruments, Music",Bass Guitar,All Levels,2.5 hours,4.8,17,301,"Rp159,000",3/2023,0,0,62,https://www.udemy.com/course/15-must-learn-strumming-patterns-for-guitar/
"Learn Guitar Repair - Module 1, How To Maintain A Guitar",1097950,Kevin Webb,"Luthiery, Guitar, Other Music, Music",Bass Guitar,Beginner,1.5 hours,4.6,670,2622,"Rp149,000",10/2023,27,0,19,https://www.udemy.com/course/learn-guitar-repair/
Jazz Guitar For Beginners Musicians,4156536,Gabriel Felix,"Jazz Guitar, Jazz, Instruments, Music",Bass Guitar,Beginner,2.5 hours,4.1,36,1154,"Rp159,000",6/2024,0,0,8,https://www.udemy.com/course/jazz-guitar-for-beginners-musicians/
101 Blues riffs - learn how the harmonica superstars do it!,384928,Ben Hewlett,"Blues Harmonica, Harmonica, Instruments, Music",Bass Guitar,All Levels,6.5 hours,4.8,315,7505,"Rp149,000",2/2024,2,0,80,https://www.udemy.com/course/play-harmonica-riffs-like-the-blues-harp-superstars-part-1/
"Music Theory Comprehensive Complete! (Parts 1, 2, & 3)",882594,J. Anthony Allen,"Music Theory, Music Fundamentals, Music",Bass Guitar,Beginner,12 hours,4.7,23423,129118,"Rp379,000",12/2025,35,0,34,https://www.udemy.com/course/music-theory-complete/
The Easiest Fingerstyle/Chord Melody Method For Beginners,5037530,Gabriel Felix,"Fingerstyle Guitar, Guitar Chords, Instruments, Music",Bass Guitar,Beginner,2 hours,4.5,26,1644,N/A,8/2024,0,0,6,https://www.udemy.com/course/the-easiest-fingerstylechord-melody-method-for-beginners/
Master the Blues: Blues Lead Guitar & Licks Course,6212069,Erich Andreas,"Blues Guitar, Guitar, Rock Guitar, Music Techniques, Music",Bass Guitar,Beginner,4 hours,4.6,37,325,"Rp149,000",10/2024,0,0,37,https://www.udemy.com/course/master-the-blues-blues-lead-guitar-licks-course/
Build a Rock-Solid SENSE OF RHYTHM; Course for All Musicians,1617846,Alon Kuper,"Guitar, Music Fundamentals, Music",Bass Guitar,All Levels,3.5 hours,4.4,103,9020,"Rp499,000",9/2024,11,0,12,https://www.udemy.com/course/sense-of-rhythm/
The Guitar Gym,2339422,Guitar Joolz,"Guitar, Instruments, Music",Bass Guitar,All Levels,1 hour,4.7,135,6507,"Rp149,000",7/2019,0,0,0,https://www.udemy.com/course/theguitargym/
Fingerstyle Guitar Techniques | Beginner to Intermediate,4092640,Dave Connell,"Fingerstyle Guitar, Music Improvisation, Guitar, Instruments, Music",Bass Guitar,All Levels,7 hours,4.5,104,2101,"Rp149,000",2/2023,0,0,101,https://www.udemy.com/course/fingerstyleguitartechniques/
"Guitar Chords Must Knows, Hacks & Logic: Basic to Advanced",5766218,Erich Andreas,"Guitar Chords, Music Fundamentals, Music",Bass Guitar,Beginner,4.5 hours,4.9,20,446,"Rp149,000",5/2024,0,0,22,https://www.udemy.com/course/guitar-chord-must-knows-hacks-logic/
The Ultimate Guitar Tone School Course,1196496,David Wills,"Guitar, Instruments, Music",Bass Guitar,All Levels,5 hours,4.4,568,2553,"Rp149,000",12/2017,0,0,0,https://www.udemy.com/course/the-ultimate-guitar-tone-school-course/
Nashville Number System (NNS): The Ultimate Guitar Hack,5447960,Erich Andreas,"Music Theory, Music Recording, Music Composition, Guitar, Music Fundamentals",Bass Guitar,Beginner,3.5 hours,4.7,40,453,"Rp149,000",7/2023,0,0,17,https://www.udemy.com/course/nashville-number-system-nns-the-ultimate-guitar-hack/
The Ultimate Complete Course for Beginners to Intermediate,812914,FretHub Guitar Lessons,"Guitar, Instruments, Music",Bass Guitar,Beginner,19 hours,4.4,248,1877,"Rp149,000",7/2021,0,0,22,https://www.udemy.com/course/beginner-guitar-lessons-your-complete-foundation-course/
Guitar Chords & Progressions - Rhythm Guitar Foundation,3973938,Sanket N,"Guitar Chords, Guitar, Instruments, Music",Bass Guitar,Beginner,2.5 hours,4.7,62,5529,"Rp149,000",4/2021,0,0,4,https://www.udemy.com/course/guitar-chords-progressions-rhythm-guitar-foundation/
Blues Guitar Lessons - Volume 3 - Minor Blues Essentials,761122,FretHub Guitar Lessons,"Blues Guitar, Guitar, Instruments, Music",Bass Guitar,All Levels,2 hours,4.4,33,585,Free,4/2016,0,0,13,https://www.udemy.com/course/blues-guitar-lessons-volume-3-minor-blues-essentials/
Playing Guitar By Ear: Unlock Your Ear To Musical Freedom,4826506,Erich Andreas,"Ear Training, Guitar, Music Theory, Playing Music by Ear, Music Techniques",Bass Guitar,Beginner,3 hours,4.6,133,1069,"Rp149,000",6/2023,0,0,13,https://www.udemy.com/course/playing-guitar-by-ear/
Write Songs on Guitar the Easy Way Songwriting Music Theory,6498379,Guitar Joolz,"Guitar Chords, Guitar, Instruments, Music",Bass Guitar,Beginner,1.5 hours,4.3,8,143,"Rp149,000",1/2026,0,0,31,https://www.udemy.com/course/songwriting-foundations-for-guitar/
Dorico: Complete Music Notation Course,5382626,Luke Carlson,"Music Theory, Music Instruction, Music Software, Music",Bass Guitar,All Levels,7.5 hours,4.7,622,3094,"Rp149,000",4/2025,0,0,18,https://www.udemy.com/course/dorico-complete-music-notation-course/
Play YOUR Favorite Songs: The Guitar Super-Course,1247672,Alon Kuper,"Guitar, Instruments, Music",Bass Guitar,Beginner,12 hours,4.6,542,45403,"Rp899,000",9/2024,44,0,21,https://www.udemy.com/course/guitar-super-course/
"Learn Blues Guitar in the style BB King -""KING OF THE BLUES""",1619984,David Taub,"Guitar, Blues Guitar, Instruments, Music",Bass Guitar,Beginner,4 hours,4.4,66,572,"Rp149,000",5/2024,0,0,6,https://www.udemy.com/course/learn-blues-guitar-in-the-style-bb-king-king-of-the-blues/
"R&B, Soul, Motown, & Blues Lead & Rhythm Guitar Techniques",1306738,David Taub,"Guitar, Music Techniques, Music",Bass Guitar,All Levels,1.5 hours,4.3,88,733,"Rp149,000",5/2024,0,0,13,https://www.udemy.com/course/rb-soul-motown-blues-lead-rhythm-guitar-techniques/
150 Rock Guitar Licks You MUST Know,759972,FretHub Guitar Lessons,"Rock Guitar, Guitar, Instruments, Music",Bass Guitar,All Levels,4.5 hours,4.6,177,1763,"Rp149,000",2/2016,0,0,0,https://www.udemy.com/course/150-rock-guitar-licks-you-must-know/
CAGED Guitar Chord System Simplified-Beginner Guitar Lessons,5585950,Erich Andreas,"Guitar Chords, Guitar, Music Theory, Acoustic Guitar, Music Fundamentals",Bass Guitar,Beginner,1.5 hours,4.7,36,334,"Rp149,000",10/2023,0,0,7,https://www.udemy.com/course/caged-guitar-chord-system-simplified-beginner-guitar-lessons/
Building Up To Barre Chords,1113008,Robert Seeley,"Guitar, Guitar Chords, Instruments, Music",Bass Guitar,All Levels,43 mins,4.8,16,116,"Rp149,000",3/2017,0,0,11,https://www.udemy.com/course/building-up-to-barre-chords/
The Complete Guitar Course - Beginner to Advanced,2809953,Gabriel Felix,"Guitar, Guitar Chords, Instruments, Music",Bass Guitar,Beginner,5.5 hours,4.0,28,1343,"Rp149,000",6/2025,0,0,15,https://www.udemy.com/course/the-complete-guitar-course-beginner-to-advanced/
Mastering the Circle of Fifths: Ultimate Music Theory Hack,6150975,Erich Andreas,"Music Theory, Music Composition, Guitar, Guitar Chords, Music Fundamentals",Bass Guitar,Beginner,1 hour,4.6,67,375,"Rp149,000",8/2024,0,0,1,https://www.udemy.com/course/mastering-the-circle-of-fifths/
Easy Barre Chords for Guitar,2785442,Guitar Joolz,"Guitar Chords, Instruments, Music",Bass Guitar,All Levels,1.5 hours,4.8,35,319,"Rp159,000",7/2024,0,0,57,https://www.udemy.com/course/easy-barre-chords-for-guitar/
10 Awesome and Easy Guitar Solos Any Beginner Can Learn,3694368,Gabriel Felix,"Guitar, Music Techniques, Music",Bass Guitar,All Levels,2.5 hours,4.7,14,1810,"Rp149,000",9/2025,0,0,4,https://www.udemy.com/course/10-awesome-and-easy-guitar-solos-any-beginner-can-learn/
"Learn Guitar Repair - Module 4, Repairing Loose Guitar Frets",3174040,Kevin Webb,"Luthiery, Guitar, Instruments, Music",Bass Guitar,Expert,1 hour,4.7,94,734,"Rp149,000",1/2021,40,0,21,https://www.udemy.com/course/learn-guitar-repair-module-4-fret-repair/
"Learn Guitar Repair - Module 6, Replace Your Guitar Frets",5245692,Kevin Webb,"Guitar, Instruments, Music",Bass Guitar,Expert,1.5 hours,4.8,18,217,"Rp149,000",8/2023,73,0,20,https://www.udemy.com/course/learn-guitar-repair-module-6-replace-your-guitar-frets/
STRUMMING IS DRUMMING: Learn 32 Easy Guitar Strum Patterns,4823040,Sean Huddleston,"Guitar, Music Techniques, Music",Bass Guitar,All Levels,14 hours,4.5,23,223,"Rp149,000",11/2023,0,0,7,https://www.udemy.com/course/strummingisdrumming/
Learn Guitar: Zero to Guitar Fingerpicking in 30 days,971962,Patrick O'Malley,"Fingerstyle Guitar, Guitar, Instruments, Music",Bass Guitar,Beginner,2.5 hours,4.4,2414,27066,"Rp149,000",2/2022,3,0,46,https://www.udemy.com/course/zero-to-guitar-fingerpicking/
"Learn Guitar Repair - Module 5, Fret Stone and Profile",3660550,Kevin Webb,"Guitar, Luthiery, Instruments, Music",Bass Guitar,Expert,1.5 hours,4.6,62,541,"Rp149,000",5/2023,42,0,10,https://www.udemy.com/course/learn-guitar-repair-module-5-stone-and-profile/
Blues Guitar Lessons - Volume 2 - Slow Blues Essentials,760300,FretHub Guitar Lessons,"Blues Guitar, Guitar, Instruments, Music",Bass Guitar,All Levels,2 hours,4.4,100,1007,"Rp149,000",2/2016,0,0,11,https://www.udemy.com/course/blues-guitar-lessons-volume-2-slow-blues-essentials/
Musical Meditations for Guitar - A Simple Beginners System,2438654,Guitar Joolz,"Guitar, Instruments, Music",Bass Guitar,All Levels,3 hours,4.8,46,554,"Rp159,000",6/2020,0,0,44,https://www.udemy.com/course/musical-meditations-for-guitar/
Folk style finger-picking Guitar Course,5254628,Dominic Finley,"Fingerstyle Guitar, Instruments, Music",Bass Guitar,Intermediate,1 hour,4.4,5,49,N/A,9/2023,0,0,13,https://www.udemy.com/course/folk-finger-style-guitar-course/
"Learn Guitar Repair - Module 3, Making a New Guitar Nut",2679802,Kevin Webb,"Luthiery, Crafting, Guitar, Instruments, Music",Bass Guitar,Intermediate,1 hour,4.7,119,985,"Rp149,000",1/2021,16,0,5,https://www.udemy.com/course/learn-guitar-repair-module-3-making-a-new-bone-nut/
How to Improvise Solos With Guitar Licks – Beginners,3618254,Gabriel Felix,"Guitar, Music Improvisation, Instruments, Music",Bass Guitar,Beginner,3 hours,4.5,19,3201,"Rp149,000",8/2024,0,0,7,https://www.udemy.com/course/how-to-improvise-solos-with-guitar-licks-beginners/
18 Ways to Spice-Up Your Guitar Cover Songs,2098308,Alon Kuper,"Guitar, Guitar Chords, Acoustic Guitar, Instruments, Music",Bass Guitar,Intermediate,12 hours,4.8,108,16040,"Rp649,000",11/2024,36,0,48,https://www.udemy.com/course/spice-up-your-guitar-songs/
Learn Whammer Jammer today - harmonica monster rock classic,2398412,Ben Hewlett,"Guitar, Harmonica, Instruments, Music",Bass Guitar,All Levels,1 hour,4.6,14,106,"Rp149,000",8/2019,1,0,7,https://www.udemy.com/course/learn-whammer-jammer-today-harmonica-monster-rock-classic/
Ultimate Worship Electric & Acoustic Guitar Lessons,4487796,"Erich Andreas, Dave Cleveland","Guitar, Music Techniques, Music",Bass Guitar,Beginner,3.5 hours,4.6,126,771,"Rp149,000",5/2022,0,0,35,https://www.udemy.com/course/ultimate-worship-electric-acoustic-guitar-lessons/
Acoustic Guitar Lessons For Beginners,832514,Todd Porter,"Guitar, Music Theory, Instruments, Music",Bass Guitar,Beginner,3.5 hours,4.3,13,100,"Rp149,000",8/2021,0,0,6,https://www.udemy.com/course/the-music-coach-online-guitar-lesson-program/
Freddy King - The Classic Instrumentals - Volume I,1421512,David Moore,"Blues Guitar, Instruments, Music",Bass Guitar,Intermediate,7 hours,4.6,84,603,"Rp149,000",12/2019,0,0,91,https://www.udemy.com/course/freddy-king-the-classic-instrumentals-volume-i/
Blues Guitar Lessons - From Texas To Carolina,101498,Jim Bruce,"Blues Guitar, Guitar, Instruments, Music",Bass Guitar,Intermediate,2.5 hours,4.9,18,1489,"Rp149,000",6/2016,0,0,8,https://www.udemy.com/course/jim-bruce-blues-guitar-lessons-texas-carolina/
Guitar Lessons - Blind Blake - King Of Ragtime Blues Guitar,101500,Jim Bruce,"Blues Guitar, Guitar, Instruments, Music",Bass Guitar,Expert,4 hours,4.7,25,313,"Rp149,000",12/2013,0,0,12,https://www.udemy.com/course/guitar-lessons-ragtime-blues-blind-blake/
"Singing and Playing the Guitar Together, Lessons Course",5503152,Erich Andreas,"Guitar, Singing, Acoustic Guitar, Songwriting, Music Techniques",Bass Guitar,Beginner,1 hour,4.6,39,330,"Rp149,000",8/2023,0,0,8,https://www.udemy.com/course/singing-and-playing-the-guitar-together/
Easy Blues Guitar Crash Course,2582012,Dan Dresnok,"Blues Guitar, Instruments, Music",Bass Guitar,All Levels,3 hours,4.6,31,215,"Rp149,000",9/2025,0,0,11,https://www.udemy.com/course/easy-blues-guitar-crash-course/
Sound Like Your Favorite Guitar Player - Guitar Effects,4858514,Gabriel Felix,"Guitar, Music Production, Music",Bass Guitar,All Levels,1 hour,4.2,14,1143,"Rp149,000",9/2022,0,0,2,https://www.udemy.com/course/sound-like-your-favorite-guitar-player-guitar-effects/
Pentatonic Guitar Scales For Beginners,2808817,Gabriel Felix,"Pentatonic Scales, Blues Guitar, Instruments, Music",Bass Guitar,Beginner,3 hours,4.2,39,2073,"Rp149,000",8/2024,0,0,9,https://www.udemy.com/course/pentatonic-guitar-scales-for-beginners/
Blues Guitar Lessons - Volume 1 - Blues Shuffle Essentials,760066,FretHub Guitar Lessons,"Guitar, Instruments, Music",Bass Guitar,All Levels,3 hours,4.4,137,1037,"Rp149,000",2/2016,0,0,14,https://www.udemy.com/course/blues-guitar-magic-volume-1/
How To Read Music For Guitar,2576880,Sean Laughton,"Acoustic Guitar, Music Fundamentals, Music",Bass Guitar,All Levels,3.5 hours,4.7,102,548,"Rp149,000",8/2022,2,0,10,https://www.udemy.com/course/how-to-read-music-for-guitar/
Beginner Guitar Lessons: Rhythm Guitar Basics: Acoustic/Elec,6434451,Erich Andreas,"Guitar, Acoustic Guitar, Guitar Chords, Rock Guitar, Music Fundamentals",Bass Guitar,Beginner,3.5 hours,4.9,12,146,"Rp149,000",1/2025,0,0,13,https://www.udemy.com/course/rhythm-guitar-basics/
The Jimmy Reed Guitar Style,1824318,David Moore,"Guitar, Instruments, Music",Bass Guitar,Intermediate,5 hours,4.5,50,285,"Rp149,000",8/2019,0,0,45,https://www.udemy.com/course/the-jimmy-reed-guitar-style/
Acoustic Blues Guitar Lessons,647276,Daniele Pacchini,"Blues Guitar, Guitar, Instruments, Music",Bass Guitar,Intermediate,4.5 hours,4.5,154,1299,"Rp149,000",11/2019,0,0,70,https://www.udemy.com/course/acoustic-blues-guitar-lessons/
How to Break Down a Fingerstyle Piece of Music:Fingerpicking,6100255,Erich Andreas,"Guitar, Fingerstyle Guitar, Acoustic Guitar, Music Techniques, Music",Bass Guitar,Beginner,1.5 hours,4.5,5,146,"Rp149,000",8/2024,0,0,3,https://www.udemy.com/course/how-to-break-down-a-fingerstyle-piece-of-music/
Guitar: Master The Guitar Fretboard In 6 Easy Steps,515260,Henry Olsen,"Guitar, Music Theory, Instruments, Music",Bass Guitar,Beginner,1 hour,4.5,137,2109,"Rp149,000",2/2021,0,0,3,https://www.udemy.com/course/fretboard-mastery/
Guitar Lessons - Soloing With Arpeggios - Essential Guide,761584,FretHub Guitar Lessons,"Guitar, Instruments, Music",Bass Guitar,Intermediate,5 hours,4.2,123,1276,"Rp149,000",2/2019,0,0,10,https://www.udemy.com/course/guitar-lessons-soloing-with-arpeggios-essential-guide/
Modal Node System (MNS) – Music Theory - Guitar,6610959,Robert (Bob) Steele,"Music Theory, Music Fundamentals, Music",Bass Guitar,All Levels,109.5 hours,5.0,1,139,"Rp149,000",3/2026,0,0,46,https://www.udemy.com/course/modal-node-system-mns-music-theory-guitar/
Christmas Song: Play O Holy Night - different accompaniment,1299084,Rosa Suen,"Music Theory, Piano, Music Techniques, Music",Bass Guitar,Intermediate,2 hours,5.0,2,135,"Rp149,000",10/2019,47,0,1,https://www.udemy.com/course/christmas-song-play-o-holy-night-different-accompaniment/
"Musical Washboard, learn simple percussion for fun and gigs!",2554549,Ben Hewlett,"Percussion Instruction, Instruments, Music",Bass Guitar,All Levels,1.5 hours,4.3,36,146,"Rp149,000",12/2019,0,0,0,https://www.udemy.com/course/musical-washboard-learn-simple-percussion-for-fun-and-gigs/
"Beginners Guitar Course: guitar lessons, learn the easy way",1815028,Massimiliano Alfieri,"Guitar, Instruments, Music",Bass Guitar,Beginner,10 hours,4.7,25,758,"Rp149,000",8/2018,0,0,11,https://www.udemy.com/course/beginners-guitar-course-learn-to-play-guitar-the-easy-way/
Blues Guitar For Beginners,725820,TrueFire Guitar Lessons,"Blues Guitar, Guitar, Instruments, Music",Bass Guitar,Beginner,6 hours,4.4,217,11011,"Rp149,000",1/2023,0,0,216,https://www.udemy.com/course/blues-guitar-for-beginners/
Blues for the Curious Guitarist,1461774,Dan Dresnok,"Blues Guitar, Guitar, Acoustic Guitar, Guitar Chords, Instruments",Bass Guitar,All Levels,9 hours,4.6,174,4061,"Rp149,000",9/2025,0,0,32,https://www.udemy.com/course/blues-for-the-curious-guitarist/
Single Note Guitar Runs To Major Chords and Beyond - Part I,3019046,John Kearney,"Guitar, Instruments, Music",Bass Guitar,All Levels,6 hours,4.8,5,69,"Rp149,000",11/2022,19,0,16,https://www.udemy.com/course/single-note-runs-to-major-chords-and-beyond-part-i/
Essential Techniques for Guitar Player,2975074,Gabriel Felix,"Guitar, Fingerstyle Guitar, Instruments, Music",Bass Guitar,Beginner,2.5 hours,4.3,6,1809,"Rp149,000",1/2025,0,0,13,https://www.udemy.com/course/essencial-techniques-for-guitar-player/
Blues Guitar Lessons - Ragtime Blues Guitar,101504,Jim Bruce,"Blues Guitar, Guitar, Instruments, Music",Bass Guitar,Expert,2 hours,4.1,13,199,"Rp149,000",9/2015,0,0,6,https://www.udemy.com/course/guitar-lessons-learn-ragtime-blues-guitar/
Open G Guitar Tuning & 101 Blues Riffs,6107123,Brent C Robitaille,"Blues Guitar, Guitar, Instruments, Music",Bass Guitar,Intermediate,3 hours,4.0,1,55,"Rp149,000",11/2024,0,0,59,https://www.udemy.com/course/open-g-guitar-tuning-101-blues-riffs/
Guitar Lessons - Walking Blues Guitar on Treble Strings - I,3250326,John Kearney,"Guitar, Acoustic Guitar, Blues Guitar, Guitar Chords, Instruments",Bass Guitar,All Levels,3 hours,4.9,6,9500,"Rp149,000",11/2022,9,0,8,https://www.udemy.com/course/guitar-lessons-walking-blues-guitar-on-treble-strings-i/
Acoustic Guitar and Electric Guitar Lessons: Getting Started,41884,Erich Andreas,"Guitar, Blues Guitar, Guitar Chords, Acoustic Guitar, Instruments",Bass Guitar,Beginner,4 hours,4.7,3941,104909,"Rp149,000",6/2022,0,0,21,https://www.udemy.com/course/getting-started-with-playing-guitar/
"Guitar Maintenance Mastery: DIY Setup, Electric/Acoustic",6334959,Erich Andreas,"Guitar, Guitar Chords, Acoustic Guitar, Instruments, Music",Bass Guitar,Beginner,1.5 hours,4.1,17,99,N/A,12/2024,0,0,0,https://www.udemy.com/course/guitar-maintenance-mastery/
Learning The Neck -CAGED system & Complete Fretboard Mastery,764534,FretHub Guitar Lessons,"Guitar, Instruments, Music",Bass Guitar,All Levels,6 hours,4.5,270,2274,"Rp149,000",7/2021,0,0,0,https://www.udemy.com/course/guitar-lessons-learning-the-neck-fretboard-mastery/
Read Music for Guitar - Beginners,4813052,John Chamley,"Guitar, Reading Music, Instruments, Music",Bass Guitar,Beginner,N/A,4.8,33,259,N/A,4/2025,0,0,0,https://www.udemy.com/course/read-music-for-guitar-beginners/
"Music Theory, Guitar and Ear Training",602812,Music Chef,"Guitar, Instruments, Music",Bass Guitar,Beginner,4 hours,4.4,205,1567,"Rp149,000",8/2022,0,0,36,https://www.udemy.com/course/holistic-guitar-ear-essentials/
Funk Rhythm Guitar Techniques,760698,FretHub Guitar Lessons,"Guitar, Instruments, Music",Bass Guitar,All Levels,1.5 hours,4.3,74,669,"Rp149,000",2/2016,0,0,0,https://www.udemy.com/course/funk-rhythm-guitar-techniques/
Guitar Lessons - zero 2 hero - Christmas Songs - Part I,3572833,John Kearney,"Guitar, Guitar Chords, Instruments, Music",Bass Guitar,All Levels,5 hours,4.4,6,28,"Rp149,000",6/2023,13,0,17,https://www.udemy.com/course/guitar-lessons-zero-2-hero-christmas-songs-part-i/
Beginner's Guide to Producing Basslines,5785022,Rob Jones,"Music Composition, Music Production, Music",Bass Guitar,Beginner,2.5 hours,3.7,4,25,"Rp149,000",1/2024,0,0,1,https://www.udemy.com/course/bassline-fundamentals/
Guitar 201: Breakthroughs,721202,TrueFire Guitar Lessons,"Guitar, Instruments, Music",Bass Guitar,Beginner,2.5 hours,4.7,130,11970,"Rp149,000",1/2016,0,0,61,https://www.udemy.com/course/guitar-201-breakthroughs/
#10 Play Piano Trick: Music Box Dance -Alberti Bass Fingers,1283844,Rosa Suen,"Piano, Bass Guitar, Music Theory, Music Techniques, Music",Bass Guitar,Intermediate,1 hour,3.9,4,68,"Rp149,000",6/2025,8,0,1,https://www.udemy.com/course/10-play-piano-trick-music-box-dance-alberti-bass-fingers/
Learn Soul Rhythm Guitar,4433686,Stuart Ryan,"Guitar, Instruments, Music",Bass Guitar,Intermediate,3 hours,4.5,58,496,Free,4/2024,0,0,69,https://www.udemy.com/course/learn-soul-rhythm-guitar/
"Blues And Jazz - Chords, Harmony, and Exercises for Guitar.",4489372,Gabriel Felix,"Blues Guitar, Jazz Guitar, Music Techniques, Music",Bass Guitar,Intermediate,2 hours,4.5,20,2170,"Rp149,000",8/2024,0,0,3,https://www.udemy.com/course/blues-and-jazz-chords-harmony-and-exercises-for-guitar/
Hands On Guitar: Beyond Beginner,720072,TrueFire Guitar Lessons,"Guitar, Instruments, Music",Bass Guitar,Beginner,3 hours,4.7,135,8618,"Rp447,000.00",1/2016,0,0,66,https://www.udemy.com/course/hands-on-guitar-beyond-beginner/
Create Melodic Guitar Chord Progressions: ”Chord Noodling”,4749214,Erich Andreas,"Guitar Chords, Acoustic Guitar, Guitar, Rock Guitar, Music Techniques",Bass Guitar,Beginner,1 hour,4.6,79,577,"Rp149,000",3/2023,0,0,3,https://www.udemy.com/course/create-melodic-guitar-chord-progressions-chord-noodling/
Jazz Guitar - Beyond the Blues,4777696,The Guitar Guy,"Pentatonic Scales, Music Theory, Music Techniques, Music",Bass Guitar,Intermediate,1 hour,4.4,37,198,"Rp159,000",11/2022,0,0,29,https://www.udemy.com/course/blues-jazz-smooth-jazz-and-the-pentatonic-scale/
Learn How to Produce Rock and Metal in Studio One,2092602,Gary Hiebner,"Music Production, Music Software, Music",Bass Guitar,Intermediate,2.5 hours,4.5,181,1015,"Rp149,000",1/2022,8,0,1,https://www.udemy.com/course/produce-rock-and-metal-in-studio-one/
Unlock New Harmonic Possibilities w/ Borrowed Chords,6384933,Erich Andreas,"Songwriting, Guitar, Music Theory, Music Composition, Music Fundamentals",Bass Guitar,Beginner,1 hour,5.0,7,97,"Rp149,000",1/2025,0,0,1,https://www.udemy.com/course/borrowed-chords/
Learn Guitar in 21 Days,26956,TrueFire Guitar Lessons,"Guitar, Instruments, Music",Bass Guitar,Beginner,2.5 hours,4.6,3382,90415,"Rp149,000",10/2012,0,0,47,https://www.udemy.com/course/learn-guitar-in-21-days/
CAGED Soloing System: Use the CAGED System For Lead Guitar,6387767,Erich Andreas,"Guitar, Rock Guitar, Music Theory, Guitar Chords, Music Fundamentals",Bass Guitar,Beginner,1.5 hours,4.4,15,204,"Rp149,000",1/2025,0,0,5,https://www.udemy.com/course/caged-soloing-system/
Learn Triad Inversions on Guitar and Master your Fretboard!,6190477,N B Guitarist,"Guitar Chords, Guitar, Music Theory, Instruments, Music",Bass Guitar,Intermediate,8 hours,4.1,9,45,"Rp149,000",8/2025,0,0,61,https://www.udemy.com/course/master-triads-across-guitar-neck-become-fretboard-fluent/
"Learn Guitar Chords with Songs - Major, Minor & Barre Chords",4555708,Edina Balczo,"Guitar Chords, Guitar, Instruments, Music",Bass Guitar,Beginner,2 hours,4.8,24,252,"Rp149,000",12/2022,0,0,57,https://www.udemy.com/course/learn-guitar-chords-with-songs-and-exercises/
Learn to play guitar and sing at the same time,1008098,Henry Olsen,"Singing, Guitar, Instruments, Music",Bass Guitar,Beginner,1 hour,4.0,16,172,Free,8/2017,1,0,2,https://www.udemy.com/course/play-and-sing/
#5 Read Music Notes Fast: Read 22 Treble & Bass Clef Notes,557880,Rosa Suen,"Reading Music, Guitar, Music Theory, Music Fundamentals, Music",Bass Guitar,Beginner,1 hour,3.9,8,1880,"Rp149,000",10/2019,12,0,13,https://www.udemy.com/course/read-music-notes-fast-l5-22-treble-and-bass-clef-notes/
Guitar: Learn To Play 10 Guitar Songs Using Just 3 Chords,757214,Henry Olsen,"Guitar, Instruments, Music",Bass Guitar,Beginner,1.5 hours,4.5,92,7713,Free,3/2016,0,0,10,https://www.udemy.com/course/10-beginner-guitar-songs/
Blues Guitar Guide (Beginners),2699662,Gabriel Felix,"Blues Guitar, Guitar, Rock Guitar, Music Improvisation, Instruments",Bass Guitar,All Levels,3.5 hours,4.4,16,1923,"Rp149,000",8/2024,0,0,12,https://www.udemy.com/course/blues-guitar-guide-beginners/
The Guitar: Music Theory Essentials,2460946,Owen Mul,"Guitar, Music Theory, Instruments, Music",Bass Guitar,Beginner,1.5 hours,4.6,134,1466,"Rp149,000",8/2019,0,0,13,https://www.udemy.com/course/the-guitar-music-theory-essentials/
The Complete Guitar Chord Masterclass - Intermediate Chords,5417330,Jacob Lamb,"Guitar Chords, Instruments, Music",Bass Guitar,Intermediate,1.5 hours,4.8,6,36,"Rp149,000",7/2023,0,0,0,https://www.udemy.com/course/the-complete-guitar-chord-masterclass-intermediate-chords/
Beginner Guitar Learn EASY SONGS on the Guitar - Lessons,699236,Lesson Pros,"Guitar, Instruments, Music",Bass Guitar,Beginner,9.5 hours,4.1,13,1314,"Rp169,000",11/2025,3,0,0,https://www.udemy.com/course/guitar-lessons-easy-songs-on-the-guitar/
How To Count Beats and Gain Rhythm | How to Develop Rhythm!,2078772,Brian Bee,"Music Appreciation, Other Music, Music",Bass Guitar,Beginner,2 hours,4.5,43,349,"Rp149,000",12/2018,0,0,0,https://www.udemy.com/course/rhythm-exercises/
The Elements of Music | Music Theory and Foundations!,1725080,Rajiv Narang,"Music Theory, Music Fundamentals, Music",Bass Guitar,Intermediate,5 hours,4.6,98,1938,Free,7/2024,29,0,13,https://www.udemy.com/course/the-elements-of-music-theory-ear-training-foundations/
Harmony and theory for intermediate guitar players,2974506,Gabriel Felix,"Music Theory, Guitar Chords, Harmony (music), Music Fundamentals, Music",Bass Guitar,Intermediate,2.5 hours,4.2,46,3020,"Rp149,000",9/2025,0,0,4,https://www.udemy.com/course/harmony-and-theory-for-intermediate-guitar-players/
The Phrase Trainer: Lead Guitar Lessons: Learn Thru Looping,2775730,"Robbie Calvo, Erich Andreas","Guitar, Blues Guitar, Jazz Guitar, Acoustic Guitar, Instruments",Bass Guitar,All Levels,3 hours,4.7,451,3606,"Rp149,000",1/2021,0,0,7,https://www.udemy.com/course/the-phrase-trainer/
Pure Rock Guitar - Play Guitar Like the Gods of Rock,902480,Guitar Joolz,"Rock Guitar, Guitar, Instruments, Music",Bass Guitar,All Levels,4 hours,4.5,217,3053,"Rp159,000",10/2024,0,0,61,https://www.udemy.com/course/pure-rock-guitar-play-like-the-gods-of-rock/
"Play Leyenda, Canarios, and Bach on Classical Guitar",615226,Brian Riggs,"Classical Guitar, Google Play, Guitar, Instruments, Music",Bass Guitar,Intermediate,7.5 hours,4.6,45,724,"Rp149,000",11/2015,0,0,12,https://www.udemy.com/course/play-leyenda-canarios-and-bach-on-classical-guitar/
Guitar Fretboard Secrets,876396,John Chamley,"Guitar, Guitar Chords, Music Theory, Acoustic Guitar, Instruments",Bass Guitar,Intermediate,3 hours,4.4,66,575,"Rp149,000",11/2024,5,0,24,https://www.udemy.com/course/guitar-fretboard-secrets/
Learn How to Play the Guitar - The Beginners Guide,2402778,"Tomas George, Jeffrey Hewer, Digital Music Masters","Guitar, Guitar Chords, Instruments, Music",Bass Guitar,Beginner,5 hours,4.6,324,30509,"Rp149,000",3/2026,2,0,7,https://www.udemy.com/course/the-essential-guitar-course-for-guitar-chords-scales-and-songs/
Hands-On Guitar: The Beginner's Guide,719920,TrueFire Guitar Lessons,"Guitar, Instruments, Music",Bass Guitar,Beginner,4 hours,4.5,383,13375,"Rp149,000",1/2016,0,0,58,https://www.udemy.com/course/hands-on-guitar-the-beginners-guide/
Motivate yourself to practice guitar,1721898,Valentin Spasov,"Motivation, Guitar, Instruments, Music",Bass Guitar,All Levels,2 hours,4.6,15,93,"Rp149,000",7/2019,0,0,0,https://www.udemy.com/course/motivate-yourself-to-practice-guitar/
Learn to play your favourite guitar songs by ear,1229488,Henry Olsen,"Guitar, Playing Music by Ear, Instruments, Music",Bass Guitar,All Levels,1.5 hours,4.4,149,15094,Free,4/2020,1,0,3,https://www.udemy.com/course/play-by-ear/
QUICKLY Become a JAZZY CHORDS Master (Guitar),2617142,Alon Kuper,"Guitar, Guitar Chords, Instruments, Music",Bass Guitar,Intermediate,7 hours,4.6,155,10901,"Rp649,000",3/2025,13,0,22,https://www.udemy.com/course/jazz-chords-master/
Over the Waterfall Guitar Fiddle Tune Guitar Song Bluegrass,1298734,Lesson Pros,"Guitar, Violin, Music Fundamentals, Music",Bass Guitar,All Levels,2 hours,4.3,9,1398,"Rp149,000",11/2025,3,0,0,https://www.udemy.com/course/learn-the-fiddle-tune-over-the-waterfall-on-guitar/
Guitar Fretboard Mastery for the Blues Guitarist,147404,Mark Thomson,"Guitar, Instruments, Music",Bass Guitar,All Levels,1 hour,4.8,10,312,"Rp249,000",1/2014,2,0,0,https://www.udemy.com/course/fretboard-mastery-for-the-blues-guitarist/
Learning the FUNK,1525214,Cori Jacobs,"Music Production, Music",Bass Guitar,Beginner,1 hour,4.3,23,111,"Rp149,000",1/2018,0,0,15,https://www.udemy.com/course/learning-the-funk/
Complete Guitar Megacourse: Beginner to Expert,4837340,Skillademia Academy,"Guitar, Blues Guitar, Guitar Chords, Acoustic Guitar, Instruments",Bass Guitar,All Levels,66 hours,4.1,131,12150,"Rp149,000",1/2023,0,0,45,https://www.udemy.com/course/complete-guitar-megacourse-beginner-to-expert/
Learn Guitar Chords with Songs : The 7th Chords,4710712,Edina Balczo,"Guitar Chords, Instruments, Music",Bass Guitar,Intermediate,1.5 hours,4.9,10,98,"Rp149,000",7/2024,0,0,42,https://www.udemy.com/course/learn-guitar-chords-with-songs-the-7th-chords/
Songwriting 1: How To Write A Hit Song,887666,Robert Prosser,"Songwriting, Music Composition, Music Fundamentals, Music",Bass Guitar,Intermediate,2.5 hours,4.0,24,401,"Rp149,000",11/2018,2,0,23,https://www.udemy.com/course/songwriting-1-how-to-write-a-hit-song/
Practical Guitar Theory,1076244,Darryl Syms,"Guitar, Music Theory, Instruments, Music",Bass Guitar,All Levels,3.5 hours,4.3,305,1566,"Rp149,000",9/2018,5,0,22,https://www.udemy.com/course/practical-guitar-theory-level-1/
The building blocks of modern Rock/Pop guitar playing,4504886,John Cargill,"Guitar, Music Fundamentals, Music",Bass Guitar,Beginner,3.5 hours,4.7,4,23,"Rp149,000",1/2026,3,0,36,https://www.udemy.com/course/the-building-blocks-of-modern-rockpop-guitar-playing/
"Guitar Intervals C Major, A Minor, & Related Modes",6428875,Robert (Bob) Steele,"Music Fundamentals, Music",Bass Guitar,All Levels,33 hours,5.0,1,25,"Rp149,000",3/2025,0,0,38,https://www.udemy.com/course/guitar-intervals-c-major-a-minor-related-modes/
How to Practice Guitar: Ensure Faster Progress and Enjoyment,6157315,Erich Andreas,"Guitar, Guitar Chords, Acoustic Guitar, Music Techniques, Music",Bass Guitar,Beginner,5 hours,4.5,19,236,"Rp149,000",9/2024,0,0,3,https://www.udemy.com/course/how-to-practice-guitar/
Learn how to make Greek music with Cubase,1328318,Yossi Aharon,"Cubase, Music Production, Music",Bass Guitar,Beginner,1.5 hours,4.2,3,22,"Rp149,000",6/2023,0,0,0,https://www.udemy.com/course/learn-how-to-make-greek-music-with-cubase/
Weird Tricks to Remember All Major & Minor Chords,3085736,Gabriel Felix,"Guitar Chords, Instruments, Music",Bass Guitar,Beginner,2.5 hours,4.6,18,3896,"Rp149,000",8/2024,0,0,6,https://www.udemy.com/course/weird-tricks-to-remember-all-major-minor-chords/
Bossa Nova - Guitar for Beginners,825186,Gabriel Felix,"Guitar, Instruments, Music",Bass Guitar,Beginner,1 hour,3.8,45,1293,"Rp149,000",11/2022,0,0,13,https://www.udemy.com/course/bossanovaguitarforbeginners/
The Complete Guitar Chord Masterclass,5350780,Jacob Lamb,"Guitar Chords, Instruments, Music",Bass Guitar,Beginner,1 hour,4.6,5,19,"Rp149,000",7/2023,0,0,0,https://www.udemy.com/course/the-complete-guitar-chord-masterclass/
Complete Guitar Method Masterclass - Part 1,2547101,Hani Gamal,"Guitar, Fingerstyle Guitar, Instruments, Music",Bass Guitar,Beginner,6.5 hours,4.9,38,269,"Rp149,000",12/2022,0,0,2,https://www.udemy.com/course/complete-guitar-method-masterclass-part-1/
Guitar - 12 Strumming Patterns You Must Know For Guitar,515256,Henry Olsen,"Guitar, Instruments, Music",Bass Guitar,Beginner,1 hour,4.6,94,2694,"Rp149,000",4/2025,0,0,2,https://www.udemy.com/course/12-must-know-strumming-patterns/
"Guitar Courses on African Music: Soukouss, Makossa, Rumba.",4712962,Stephane Girod,"Fingerstyle Guitar, Guitar, Instruments, Music",Bass Guitar,All Levels,2 hours,4.0,24,113,"Rp149,000",6/2022,0,0,10,https://www.udemy.com/course/sgi-music-academy-guitar-courses-on-african-music/
Guitar Jam Method,2063855,Dan Dresnok,"Guitar, Acoustic Guitar, Guitar Chords, Music Theory, Instruments",Bass Guitar,Intermediate,3.5 hours,4.6,21,598,"Rp149,000",9/2025,0,0,10,https://www.udemy.com/course/guitar-jam-method/
Music Theory Essentials - MAJOR SCALES FOR GUITAR PLAYERS,4292972,Sanket N,"Guitar, Music Theory, Instruments, Music",Bass Guitar,All Levels,1 hour,4.8,41,4995,"Rp149,000",9/2021,0,0,0,https://www.udemy.com/course/music-theory-essentials-major-scales-for-guitar-players/
10 intermediate guitar solos for musicians,4394716,Gabriel Felix,"Rock Guitar, Instruments, Music",Bass Guitar,Intermediate,2 hours,4.7,19,2410,"Rp149,000",11/2022,0,0,2,https://www.udemy.com/course/10-intermediate-guitar-solos-for-musicians/
51 Left Hand Techniques for Guitar,521368,Brian Riggs,"Guitar, Music Techniques, Music",Bass Guitar,All Levels,5 hours,4.6,49,831,"Rp149,000",6/2015,0,0,98,https://www.udemy.com/course/51-left-hand-techniques-for-guitar/
Learn Guitar | Discover Your Sound on Guitar,2254201,"eqp us, Brett Moore","Guitar Chords, Acoustic Guitar, Guitar, Songwriting, Instruments",Bass Guitar,Beginner,2 hours,4.7,78,4240,"Rp149,000",6/2024,0,0,1,https://www.udemy.com/course/guitar-eqp/
Beginner Guitar Lessons Crash Course,1567286,Dan Dresnok,"Guitar, Instruments, Music",Bass Guitar,Beginner,2.5 hours,4.7,34,5128,"Rp169,000",9/2025,0,0,16,https://www.udemy.com/course/beginner-guitar-lessons-crash-course/
Musical grooves - how to master and own the TRAMP groove now,1449580,Ben Hewlett,"Harmonica, Instruments, Music",Bass Guitar,All Levels,1 hour,4.8,3,45,"Rp149,000",10/2020,2,0,4,https://www.udemy.com/course/musical-grooves-how-to-master-and-own-the-tramp-groove-now/
Master the Modes on Guitar,4248024,Jack Beddows,"Guitar, Instruments, Music",Bass Guitar,All Levels,2 hours,4.7,8,2760,"Rp149,000",8/2021,0,0,8,https://www.udemy.com/course/master-the-modes-on-guitar/
How To Play Guitar: 3 Minutes Daily Lessons,1337044,J. Anthony Allen,"Guitar, Instruments, Music",Bass Guitar,Beginner,2 hours,4.7,37,306,"Rp149,000",2/2023,1,0,1,https://www.udemy.com/course/how-to-play-guitar-3-minutes-daily-lessons/
"Harmony +arranging 4 Classical,Acoustic Fingerstyle guitar",2615990,Luigi Pati,"Harmony (music), Acoustic Guitar, Guitar, Guitar Chords, Instruments",Bass Guitar,Intermediate,1.5 hours,4.2,9,49,"Rp149,000",3/2025,0,0,5,https://www.udemy.com/course/learn-harmony-arranging-classical-acoustic-guitar-pro-music-theory-now/
TRIADS Guitar Theory: Play All Over The Fretboard,4301207,Steve Briggs,"Guitar, Blues Guitar, Guitar Chords, Music Theory, Music Techniques",Bass Guitar,All Levels,1 hour,4.7,41,362,"Rp149,000",4/2022,0,0,6,https://www.udemy.com/course/triads-guitar-theory-play-all-over-the-fretboard-part-1/
Blues Fundamentals Masterclass,4428076,Rodrigo Souza,"Blues Guitar, Music Fundamentals, Music",Bass Guitar,Beginner,1 hour,4.6,3,21,"Rp149,000",7/2024,0,0,0,https://www.udemy.com/course/blues-fundamentals-masterclass/
Brazilian Music Expert,5141874,Clayton Gonçalves de Oliveira Filho,"Music History, Music Fundamentals, Music",Bass Guitar,All Levels,8 hours,4.7,4,30,"Rp149,000",12/2023,0,0,0,https://www.udemy.com/course/brazilian-music-expert/
Guitar Outside for Beginners,4384062,Gabriel Felix,"Guitar, Blues Guitar, Music Techniques, Music",Bass Guitar,Beginner,2 hours,4.6,8,2725,"Rp149,000",8/2024,0,0,4,https://www.udemy.com/course/guitar-outside-for-beginners/
Usable Music Theory Part 1: Harmony and Chord Progressions,733744,Ted Gould,"Music Theory, Harmony (music), Music Fundamentals, Music",Bass Guitar,All Levels,3 hours,4.3,38,384,"Rp149,000",2/2016,0,0,0,https://www.udemy.com/course/musictheoryforyou/
Bluegrass Guitar Licks - Guitar Improvisation,1402450,Lesson Pros,"Guitar, Instruments, Music",Bass Guitar,Intermediate,1 hour,4.2,22,828,"Rp149,000",11/2025,3,0,0,https://www.udemy.com/course/licks-unlocked-on-the-guitar-key-of-g/
Awesome Lead Guitar 1,519212,Rob Barnes,"Guitar, Instruments, Music",Bass Guitar,Beginner,3.5 hours,4.6,18,192,"Rp149,000",12/2015,0,0,64,https://www.udemy.com/course/awesome-lead-guitar/
Pentatonic Scale Masterclass,3868438,Rodrigo Souza,"Pentatonic Scales, Instruments, Music",Bass Guitar,Intermediate,1 hour,4.6,20,88,"Rp149,000",3/2021,0,0,0,https://www.udemy.com/course/pentatonic-scales-masterclass/
Blues Guitar - Beyond The Pentatonic,2447410,John Robson,"Blues Guitar, Music Techniques, Music",Bass Guitar,Intermediate,1 hour,4.7,84,657,"Rp149,000",7/2019,0,0,23,https://www.udemy.com/course/blues-guitar-beyond-the-pentatonic/
Slide Guitar- Slide Soloing Essentials,757284,FretHub Guitar Lessons,"Guitar, Instruments, Music",Bass Guitar,All Levels,3 hours,4.2,72,673,"Rp149,000",2/2016,0,0,17,https://www.udemy.com/course/slide-guitar/
Kick & bass mixing in electronic music,672886,Nikita Om,"Electronic Music, Bass Guitar, Electronics, Music Theory, Music Production",Bass Guitar,Intermediate,1.5 hours,3.9,22,99,"Rp249,000",4/2017,0,0,0,https://www.udemy.com/course/kick-bass-complete/
Queen's Guitar Legacy Brian May's Techniques and Songs,5623794,Gabriel Felix,"Rock Guitar, Other Music, Music",Bass Guitar,All Levels,1.5 hours,4.2,N/A,214,"Rp149,000",1/2025,0,0,7,https://www.udemy.com/course/queens-guitar-legacy-brian-mays-techniques-and-songs/
Guitar Chords: Learn to Play Any Guitar Chord,824452,Dan Amerson,"Guitar Chords, Google Play, Guitar, Music Fundamentals, Music",Bass Guitar,Intermediate,2 hours,3.9,12,115,"Rp149,000",4/2016,0,0,0,https://www.udemy.com/course/guitar-chords-learn-to-play-all-guitar-chords/
Ninja Chord Changes - Master your guitar chord changes,455054,Dan Thorpe (Guitar Domination),"Guitar Chords, Guitar, Instruments, Music",Bass Guitar,Beginner,1 hour,4.6,59,1654,"Rp249,000",5/2018,1,0,0,https://www.udemy.com/course/ninja-chord-changes/
Rhythm Guitar Lessons : Secret to Learning New Guitar Chords,1062232,Jim Britton,"Guitar, Guitar Chords, Music Fundamentals, Music",Bass Guitar,All Levels,1 hour,4.4,12,1624,"Rp149,000",4/2018,0,0,3,https://www.udemy.com/course/guitar-lesson-that-will-expand-your-chord-knowledge-quickly/
Guitar Lessons - Two Handed Tapping Essentials,762240,FretHub Guitar Lessons,"Guitar, Instruments, Music",Bass Guitar,Intermediate,1.5 hours,4.5,29,320,"Rp149,000",2/2016,0,0,0,https://www.udemy.com/course/guitar-lessons-two-handed-tapping-essentials/
Best and Easy Acoustic Guitar Songs to Play at Parties,3661818,Gabriel Felix,"Acoustic Guitar, Guitar Chords, Instruments, Music",Bass Guitar,Beginner,2 hours,4.2,10,1095,"Rp149,000",8/2024,0,0,0,https://www.udemy.com/course/best-and-easy-acoustic-guitar-songs-to-play-at-parties/
"Composition & Form 4 Acoustic Fingerstyle,Classical Guitar",2554585,Luigi Pati,"Guitar, Instruments, Music",Bass Guitar,Intermediate,1.5 hours,4.6,3,54,"Rp149,000",3/2025,0,0,2,https://www.udemy.com/course/composition-harmony-musictheory-acoustic-fingerstyle-classical-guitar/
How to Improvise Blues Guitar Solos For Beginners,4591820,Gabriel Felix,"Blues Guitar, Music Techniques, Music",Bass Guitar,Beginner,1.5 hours,4.4,11,1248,"Rp149,000",11/2022,0,0,2,https://www.udemy.com/course/how-to-improvise-blues-guitar-solos-for-beginners/
Creating Organic Beats in FL Studio,1147102,Riley Weller,"FL Studio, Beat, Music Production, Music",Bass Guitar,Intermediate,1.5 hours,4.1,22,2214,"Rp149,000",6/2019,0,0,1,https://www.udemy.com/course/organic-beats/
#3 Piano Hand Coordination: Play 5 Fun Variations of Ballad,250834,Rosa Suen,"Piano Chords, Google Play, Piano, Music Techniques, Music",Bass Guitar,All Levels,39 mins,4.6,14,851,"Rp149,000",10/2019,16,0,5,https://www.udemy.com/course/piano-technique-5-open-10th-feel-techniques-in-c-key/
Play Acoustic Guitar,5537010,Chris Pottle,"Acoustic Guitar, Instruments, Music",Bass Guitar,Beginner,2 hours,4.3,9,1027,"Rp149,000",4/2024,0,0,17,https://www.udemy.com/course/acoustic-guitar-for-complete-beginners/
Mexican And Mariachi Guitar,3047844,"Music Course Online, Daniel Antonio Milan Cabrera","Guitar, Spanish Language, Instruments, Music",Bass Guitar,All Levels,2.5 hours,4.4,31,185,"Rp149,000",1/2021,0,0,9,https://www.udemy.com/course/mexican-and-mariachi-guitar/
Guitar Chord Riot! Learn to Play Guitar Like a Guitar Jedi,783292,Pippin Jag,"Guitar Chords, Guitar, Instruments, Music",Bass Guitar,Intermediate,29 mins,3.4,14,1125,"Rp149,000",12/2017,17,0,13,https://www.udemy.com/course/guitar-chord-riot-learn-to-play-guitar-like-a-guitar-jedi/
Learn to Play Guitar In 20 Days - Guitar Beginner Lessons,1724208,Khurshid Sherani,"Guitar, Music Production, Guitar Chords, Instruments, Music",Bass Guitar,Beginner,1.5 hours,4.3,115,17003,"Rp149,000",5/2018,0,0,0,https://www.udemy.com/course/learn-guitar/
JAZZ MASTERCLASS: Step-by-Step / Pachelbel Canon Improv,524106,Martan Mann,"Jazz, Improv, Music Fundamentals, Music",Bass Guitar,Intermediate,35 mins,4.7,11,206,"Rp149,000",7/2015,0,0,11,https://www.udemy.com/course/jazz-masterclass-step-by-step-pachelbel-canon-improv/
Good Guitar Habits,3264000,Music Chef,"Guitar, Fingerstyle Guitar, Pentatonic Scales, Instruments, Music",Bass Guitar,Beginner,1.5 hours,4.9,5,43,"Rp149,000",7/2020,0,0,2,https://www.udemy.com/course/good-guitar-habits/
The Complete ARPEGGIO SONGS Guitar Course: Beautify Songs!,2352300,Alon Kuper,"Acoustic Guitar, Instruments, Music",Bass Guitar,Intermediate,3.5 hours,4.4,125,10659,"Rp449,000",9/2024,16,0,19,https://www.udemy.com/course/arpeggio-songs-guitar/
Music Analysis For Guitar Players,3085762,Gabriel Felix,"Music Theory, Guitar Chords, Music Fundamentals, Music",Bass Guitar,Intermediate,1.5 hours,4.2,16,2729,"Rp149,000",11/2024,0,0,2,https://www.udemy.com/course/music-analysis-for-guitar-players/
How to Write a Rock Song,3335844,HowExpert,"Rock Guitar, Music Production, Music",Bass Guitar,Intermediate,34 mins,3.0,1,4,"Rp349,000",7/2020,0,0,0,https://www.udemy.com/course/how-to-write-a-rock-song/
#3 Play PIano Trick: Rosa's Octave Rhythmic Dramatic Drum,1282874,Rosa Suen,"Piano, Drums, Instruments, Music",Bass Guitar,Intermediate,43 mins,4.2,3,981,"Rp149,000",10/2023,9,0,1,https://www.udemy.com/course/3-play-piano-trick-rosas-octave-rhythmic-dramatic-drum/
"Classical Guitar Master Class: ""Alman""",398224,Brian Riggs,"Classical Guitar, Guitar, Instruments, Music",Bass Guitar,Intermediate,2 hours,4.3,13,294,"Rp149,000",4/2015,0,0,6,https://www.udemy.com/course/classical-guitar-master-class-alman/
Beginner Guitar Lessons by Paul Gronow,585946,Paul Gronow,"Guitar, Instruments, Music",Bass Guitar,All Levels,3.5 hours,4.2,9,688,"Rp149,000",3/2016,4,0,3,https://www.udemy.com/course/beginner-guitar-lessons-by-paul-gronow/
Music Theory in a Zombie Apocalypse,6200159,J. Anthony Allen,"Music Theory, Music Fundamentals, Music",Bass Guitar,Beginner,2 hours,4.7,63,1044,"Rp149,000",11/2025,4,0,4,https://www.udemy.com/course/zombieclass/
Greek Mode - Guitar Improvisation,2976310,Gabriel Felix,"Jazz Guitar, Instruments, Music",Bass Guitar,Intermediate,2.5 hours,3.6,12,1820,"Rp149,000",1/2025,0,0,7,https://www.udemy.com/course/greek-mode-guitar-improvisation/
ABRSM Music Theory Practice Exam: Grade 5 & Grade 6,3332078,J. Anthony Allen,"Music Theory, Music Fundamentals, Music",Bass Guitar,Intermediate,N/A,4.5,7,185,"Rp149,000",11/2023,0,0,0,https://www.udemy.com/course/abrsm-music-theory-practice-exam-grade-5-grade-6/
Music Theory Made Easy (Lessons 14-27),330974,"David Spondike, Ph.D.","Music Theory, Other Music, Music",Bass Guitar,Intermediate,2 hours,4.6,20,167,"Rp149,000",2/2019,0,0,463,https://www.udemy.com/course/music-theory-level-ii/
Guitar Lessons - The Modal System - Modes Essentials,761938,FretHub Guitar Lessons,"Guitar, Instruments, Music",Bass Guitar,All Levels,2 hours,4.4,48,581,"Rp149,000",2/2016,0,0,21,https://www.udemy.com/course/guitar-lessons-the-modal-system-modes-essentials/
#3 Read Music Notes Fast: Speed Read 11 Treble Clef Notes,545184,Rosa Suen,"Speed Reading, Guitar, Music Fundamentals, Music",Bass Guitar,All Levels,2 hours,4.6,31,1422,"Rp149,000",10/2019,9,0,6,https://www.udemy.com/course/read-music-notes-fast-l3-how-to-read-music-notes-in-speed/
Queens Of The Stone Age - Little Sister - Guitar Tutorial,2635080,Gabriel Felix,"Rock Guitar, Instruments, Music",Bass Guitar,All Levels,1 hour,4.3,8,2037,"Rp149,000",1/2025,0,0,12,https://www.udemy.com/course/queen-of-the-stone-age-little-sister-guitar-tutorial/
Guitar Basics: Fingerpicking for Beginners,6369051,Jason Rivera,"Fingerstyle Guitar, Instruments, Music",Bass Guitar,Beginner,1.5 hours,4.8,18,179,"Rp149,000",1/2025,0,0,1,https://www.udemy.com/course/guitar-basics-fingerpicking-for-beginners/
Easy Beginner Guitar Lessons,1018148,Music Course Online,"Guitar, Music Techniques, Music",Bass Guitar,Beginner,2 hours,4.6,41,5625,"Rp149,000",11/2021,0,0,1,https://www.udemy.com/course/easy-beginner-guitar-lessons/
A Modern Approach To Guitar.,4402135,Teo Santos Jr.,"Guitar, Instruments, Music",Bass Guitar,All Levels,1.5 hours,5.0,3,14,"Rp149,000",12/2021,0,0,115,https://www.udemy.com/course/a-modern-approach-to-guitar/
Guitar Foundations,1474558,Mitch Smith,"Guitar, Instruments, Music",Bass Guitar,Beginner,6 hours,4.8,31,1176,"Rp149,000",1/2019,0,0,23,https://www.udemy.com/course/guitar-foundations/
Learn Fun Dreamy Piano Techniques #1 - Play White Christmas,631416,Rosa Suen,"Piano Chords, Piano, Instruments, Music",Bass Guitar,All Levels,1.5 hours,4.6,14,1558,"Rp149,000",10/2019,34,0,4,https://www.udemy.com/course/learn-piano-christmas-song-play-dreamy-piano-music-white-christmas/
Essential Theory and Technique for Guitar,1116196,Troy Davidson (Studio33Guitar),"Guitar, Music Theory, Instruments, Music",Bass Guitar,Beginner,2 hours,4.5,544,10047,"Rp149,000",2/2017,1,0,1,https://www.udemy.com/course/essential-theory-and-technique-for-guitar/
Ableton Live Boogie Funk Course G-Funk Style,2356988,Rob Webster,"Music Production, Electronic Music, Music",Bass Guitar,Intermediate,3 hours,4.6,13,99,"Rp149,000",5/2019,1,0,1,https://www.udemy.com/course/ableton-live-boogie-funk-course-g-funk-style/
Learn Jazz and Neo Soul chords 101,4923608,Jacob Lamb,"Jazz Guitar, Instruments, Music",Bass Guitar,Intermediate,38 mins,4.1,3,24,"Rp149,000",10/2022,1,0,0,https://www.udemy.com/course/learn-jazz-and-neo-soul-chords-101/
Create a Chord Progression on Guitar (Major Key),5223906,Jason Rivera,"Guitar, Instruments, Music",Bass Guitar,Beginner,32 mins,4.9,20,5257,"Rp149,000",1/2025,0,0,4,https://www.udemy.com/course/create-a-chord-progression-on-guitar-major-key/
Beginner Chord Melody Guitar Course,4230466,Graeme Barnes,"Guitar, Instruments, Music",Bass Guitar,Beginner,1.5 hours,4.4,13,105,"Rp149,000",10/2021,0,0,31,https://www.udemy.com/course/beginner-chord-melody-guitar-course/
Visual Guitar Mastery,6184267,Robert (Bob) Steele,"Instruments, Music",Bass Guitar,Intermediate,72.5 hours,4.4,8,7002,"Rp149,000",11/2024,0,0,35,https://www.udemy.com/course/visual-guitar-mastery/
Starter Guitar Course,2395930,Dan Dresnok,"Guitar, Acoustic Guitar, Guitar Chords, Music Theory, Instruments",Bass Guitar,Beginner,4 hours,4.3,15,1979,"Rp149,000",9/2025,0,0,11,https://www.udemy.com/course/starter-guitar-course/
Join the Beatles; play Yesterday today. On your harmonica.,729464,Ben Hewlett,"Harmonica, Instruments, Music",Bass Guitar,All Levels,1 hour,4.7,13,333,"Rp149,000",11/2018,0,0,13,https://www.udemy.com/course/instant-harmonica-play-the-groovy-beatles-yesterday-today/
"Music workout practice for tune players, quick, easy & fun!",1417620,Ben Hewlett,"Ear Training, Jazz, Music Fundamentals, Music",Bass Guitar,All Levels,40 mins,4.6,8,101,"Rp149,000",11/2017,0,0,7,https://www.udemy.com/course/music-workout-practice-for-tune-players-quick-easy-fun/
The 4 Elements for boosting your guitarplaying,1421980,Andy Riedman,"Guitar, Instruments, Music",Bass Guitar,All Levels,4 hours,4.6,13,96,"Rp149,000",11/2019,1,0,2,https://www.udemy.com/course/jamman-bob-supercharge-your-sound/
Funk Keyboard Technique 101,1533388,Willie Myette,"Piano, Music Techniques, Music",Bass Guitar,Intermediate,1 hour,3.3,5,126,"Rp149,000",2/2018,0,0,1,https://www.udemy.com/course/funk-keyboard-technique-101/
Blues & Rock Theory for Guitar,4243860,Jack Beddows,"Guitar, Music Fundamentals, Music",Bass Guitar,All Levels,2 hours,4.8,5,4450,"Rp149,000",8/2021,0,0,3,https://www.udemy.com/course/blues-rock-theory-for-guitar/
Beginner's Guitar Crash Course,1033670,John Chamley,"Guitar, Instruments, Music",Bass Guitar,Beginner,2.5 hours,4.8,22,1278,"Rp149,000",9/2022,3,0,3,https://www.udemy.com/course/guitar-crash-course-for-adult-beginners-who-want-to-play-now/
Music Theory Vol.4: Mastering Extended Chords,2237148,Ilse Lozoya,"Jazz, Piano Chords, Music Appreciation, Music Fundamentals, Music",Bass Guitar,Beginner,2 hours,5.0,2,418,"Rp149,000",11/2024,1,0,1,https://www.udemy.com/course/music-theory-vol4/
Guitar Lessons Technique - Arpeggios,2382595,Faida Sebuhoro,"Guitar, Music Techniques, Music",Bass Guitar,Beginner,41 mins,4.7,2,8,"Rp149,000",5/2021,0,0,3,https://www.udemy.com/course/how-to-do-arpeggios-on-guitar/
Dominant Pentatonics,3599452,Steve Agnew,"Pentatonic Scales, Music Techniques, Music",Bass Guitar,Intermediate,16 mins,4.4,3,812,"Rp149,000",10/2020,0,0,1,https://www.udemy.com/course/dominant-pentatonics/
From Funk and Flop to Focus and Flow,5945944,Summer Diya Selva,"Time Management, Personal Productivity, Personal Development",Bass Guitar,All Levels,2 hours,4.6,N/A,N/A,"Rp149,000",5/2024,1,0,1,https://www.udemy.com/course/from-funk-and-flop-to-focus-and-flow/
Piano For Guitarists: music theory to learn on guitar FAST,3239239,Luigi Pati,"Piano, Guitar, Music Techniques, Music",Bass Guitar,All Levels,1 hour,4.7,3,20,"Rp149,000",6/2025,0,0,1,https://www.udemy.com/course/piano-for-guitarists-music-theory-guitar-technique-scales-chords-score/
Learn to play Reggae on Harmonica - play with a band/tracks!,2564496,Ben Hewlett,"Harmonica, Instruments, Music",Bass Guitar,All Levels,1.5 hours,4.7,16,134,"Rp149,000",9/2019,0,0,12,https://www.udemy.com/course/learn-to-play-reggae-on-harmonica-play-with-a-bandtracks/
Innovative Interactive Metronome (IM) Task Ideas,6646617,BrainSync Becky Lawson,"Neuroplasticity, Other Health & Fitness, Health & Fitness",Bass Guitar,Intermediate,1 hour,5.0,17,42,"Rp329,000",6/2025,0,0,1,https://www.udemy.com/course/innovativeimtasks/
The Ultimate Guitar Scales Library,1302920,Theodore Kalantzakos,"Guitar, Music Fundamentals, Music",Bass Guitar,All Levels,1 hour,5.0,5,43,"Rp149,000",4/2019,0,0,48,https://www.udemy.com/course/the-ultimate-guitar-scales-library/
RelationShapes 2: Complete Intervals System for Guitar,3128638,Trey Xavier,"Guitar, Music Techniques, Music",Bass Guitar,All Levels,1 hour,4.8,15,208,"Rp999,000",5/2020,0,0,26,https://www.udemy.com/course/relationshapes2/
Hybrid Arpeggios,3580205,Steve Agnew,"Guitar, Music Improvisation, Music Techniques, Music",Bass Guitar,Intermediate,30 mins,4.2,2,707,"Rp149,000",1/2023,0,0,4,https://www.udemy.com/course/hybrid-arpeggios/
Total beginner to intermediate guitar - Learn to play by ear,625974,Daniel Boudreau,"Playing Music by Ear, Guitar, Instruments, Music",Bass Guitar,Beginner,3 hours,4.4,15,267,"Rp149,000",5/2016,1,0,1,https://www.udemy.com/course/beginner-guitar-learn-to-play-by-ear/
"Guitar Music Theory in Excel-Scales, Intervals, Modes & More",6043540,Robert (Bob) Steele,"Music Fundamentals, Music",Bass Guitar,All Levels,6 hours,4.5,13,6756,"Rp149,000",7/2024,0,0,10,https://www.udemy.com/course/guitar-music-theory-in-excel-scales-intervals-modes-more/
"Chord Confidence 1: Beginner Guitar Chords (Major, Minor)",1139216,Charles Dupuis,"Guitar, Music Fundamentals, Music",Bass Guitar,Beginner,1.5 hours,4.4,18,947,Free,11/2022,0,0,10,https://www.udemy.com/course/chord-confidence-part-1-beginner-guitar/
How to Play - Red Hot Chili Peppers - Scar Tissue,6765449,Tomas Stundzia,"Guitar, Instruments, Music",Bass Guitar,Intermediate,2.5 hours,4.6,N/A,1,"Rp547,000.00",8/2025,0,0,2,https://www.udemy.com/course/how-to-play-red-hot-chili-peppers-scar-tissue/
The Complete Wedding Guitarist.,2960814,Mark Honeyman,"Guitar, Other Music, Music",Bass Guitar,Intermediate,4 hours,4.6,18,38,Free,6/2023,0,0,36,https://www.udemy.com/course/the-complete-wedding-guitarist-course/
Master BOSSA NOVA Harmony & Rhythm,1491138,Marcel Rocha,"Music Instruction, Instruments, Music",Bass Guitar,Intermediate,37 mins,5.0,7,233,"Rp149,000",9/2019,23,0,23,https://www.udemy.com/course/master-bossa-nova/
Learn The Beatles: 'Imagine' on Piano,6687533,Benedict Lewis-Smith,"Piano, Piano Chords, Instruments, Music",Bass Guitar,All Levels,30 mins,4.8,N/A,1,"Rp149,000",6/2025,0,0,1,https://www.udemy.com/course/beatlesimagine/
Master Strumming Technique for Guitar,3958726,Oliver Leu,"Guitar, Acoustic Guitar, Instruments, Music",Bass Guitar,Beginner,3.5 hours,4.5,4,21,"Rp149,000",12/2021,0,0,8,https://www.udemy.com/course/master-strumming-technique-for-guitar/
The easiest way to play the Guitar - no chord fingerings!,4179002,Songbooks Info,"Guitar, Acoustic Guitar, Guitar Chords, Instruments, Music",Bass Guitar,Beginner,3 hours,5.0,1,7,"Rp279,000",6/2023,0,0,4,https://www.udemy.com/course/the-easiest-way-to-play-the-guitar-no-chord-fingerings/
Stepwise Guide to Learning Guitar in Sheet Music,5892252,Ujjal Kumar Saha,"Guitar Chords, Instruments, Music",Bass Guitar,Beginner,1 hour,5.0,2,5,"Rp149,000",9/2024,0,0,22,https://www.udemy.com/course/learn-guitar-in-24-hours-r/
QuickStarter -The Fastest and Easiest Way to Learn Guitar,3402396,Troy Davidson (Studio33Guitar),"Guitar, Instruments, Music",Bass Guitar,Beginner,1 hour,4.6,24,2483,"Rp149,000",3/2024,0,0,0,https://www.udemy.com/course/quickstarter/
Learn guitar With The One Chord Method,1224900,Johan van Rooyen,"Guitar, Guitar Chords, Music Techniques, Music",Bass Guitar,Beginner,1.5 hours,4.6,24,2300,"Rp149,000",6/2017,0,0,0,https://www.udemy.com/course/learn-guitar-with-the-one-chord-method/
Music Theory Mastery for Newbies: A Beginner's Blueprint!,5740718,Hashini Herath,"Music Theory, Music Fundamentals, Music",Bass Guitar,All Levels,2.5 hours,4.2,7,1110,"Rp379,000",1/2024,0,0,8,https://www.udemy.com/course/music-theory-mastery-for-newbies-a-beginners-blueprint/
3 step formula for playing guitar by ear,687248,Daniel Boudreau,"Guitar, Instruments, Music",Bass Guitar,Beginner,1.5 hours,4.4,63,4029,"Rp149,000",10/2016,0,0,4,https://www.udemy.com/course/3-step-formula-for-playing-guitar-by-ear/
The Right Chord,4631828,Eran Solomon,"Harmony (music), Ear Training, Guitar Chords, Piano Chords, Music Techniques",Bass Guitar,All Levels,3 hours,4.6,5,56,"Rp149,000",9/2022,0,0,1,https://www.udemy.com/course/the-right-chord/
JAZZ MASTERCLASS: Step-by-Step: Preparing to Learn a Tune,749118,Martan Mann,"Jazz, Music Fundamentals, Music",Bass Guitar,Intermediate,1 hour,4.5,2,157,"Rp149,000",5/2017,0,0,5,https://www.udemy.com/course/jazz-masterclass-step-by-step-preparing-to-learn-a-tune/
Compose at the Keyboard with the Pyramids Variations,912100,Mister Musicarta,"Keyboard Instrument, Music Techniques, Music",Bass Guitar,All Levels,1 hour,4.5,34,350,"Rp149,000",9/2016,2,0,27,https://www.udemy.com/course/compose-at-the-keyboard-with-the-pyramids-variations/
How To Produce Modern Day G Funk / Future Funk in Ableton,5189124,Rob Webster,"Music Production, Music",Bass Guitar,Beginner,1.5 hours,4.4,4,19,"Rp149,000",3/2023,0,0,2,https://www.udemy.com/course/how-to-produce-modern-day-g-funk-future-funk-in-ableton/
Learn Guitar in 30 Days: Free Crash Course for Beginners,3892642,Nandkishor Dalvi,"Acoustic Guitar, Music Theory, Instruments, Music",Bass Guitar,Beginner,2 hours,4.3,119,4259,"Rp149,000",11/2025,2,0,14,https://www.udemy.com/course/guitar-crash-course-for-beginners/
"Learn Scales and Chords (Piano, Guitar, or any Instrument)",602654,Micah Blake,"Music Theory, Music Fundamentals, Music",Bass Guitar,All Levels,1.5 hours,4.5,21,1927,Free,8/2024,1,0,3,https://www.udemy.com/course/understanding-scales-and-chords/
FREE Beginner Bass Guitar Lessons Start Learning Today Bass,2836598,Lesson Pros,"Bass Guitar, Instruments, Music",Bass Guitar,Beginner,1.5 hours,4.6,335,6504,Free,11/2025,2,0,0,https://www.udemy.com/course/free-online-beginner-bass-lessons-free-bass-video-lessons-study-online/
Walking Bass Blues for All Guitar Players Part I - FREE,2420514,John Kearney,"Guitar, Instruments, Music",Bass Guitar,All Levels,2 hours,4.6,39,2762,Free,11/2022,9,0,9,https://www.udemy.com/course/walking-bass-blues-for-all-guitar-players-part-i-free/
Beginner Fingerpicking Blues Guitar,6232473,Tom Feldmann,"Acoustic Guitar, Blues Guitar, Guitar, Music Techniques, Music",Bass Guitar,Beginner,1 hour,5.0,3,502,Free,10/2024,0,0,7,https://www.udemy.com/course/beginner-fingerpicking-blues-guitar/
Walking Bass Arrangement For Jazz Guitar Players.,4326460,Gabriel Felix,"Jazz Guitar, Jazz, Music Fundamentals, Music",Bass Guitar,Beginner,2 hours,4.0,23,1654,Free,5/2023,0,0,3,https://www.udemy.com/course/walking-bass-arrangement-for-jazz-guitar-players/
Essential Chords 1,4027112,Rafael Bianzeno,"Guitar Chords, Instruments, Music",Bass Guitar,All Levels,33 mins,4.7,5,891,Free,5/2021,0,0,23,https://www.udemy.com/course/essentialchords1/
"Metallicas ""Nothing Else Matters"" simplified for LEVEL 3",5023366,Learn The Guitar By Learning Songs,"Guitar, Instruments, Music",Bass Guitar,Intermediate,1 hour,4.8,18,957,Free,12/2022,0,0,1,https://www.udemy.com/course/metallicas-nothing-else-matters-simplified-for-level-3/
Guitar Essentials,3824120,Rafael Bianzeno,"Guitar, Instruments, Music",Bass Guitar,All Levels,33 mins,4.7,14,1696,Free,2/2021,0,0,17,https://www.udemy.com/course/guitaressentials/
"The Beatles ""Here Comes The Sun"" simplified for LEVEL 1",5023382,Learn The Guitar By Learning Songs,"Guitar, Instruments, Music",Bass Guitar,Beginner,32 mins,4.5,15,1002,Free,12/2022,0,0,1,https://www.udemy.com/course/the-beatles-here-comes-the-sun-simplified-for-level-1/
7 Day Guitar Quick Start,6700681,Guitar Fastlane,"Guitar, Acoustic Guitar, Instruments, Music",Bass Guitar,Beginner,43 mins,4.7,7,430,Free,7/2025,0,0,8,https://www.udemy.com/course/7-day-guitar-quick-start/
Play Fit for Guitars and Bowed Strings,4659424,Taylor Weetman,"Occupational Therapy, General Health, Health & Fitness",Bass Guitar,Beginner,36 mins,5.0,1,382,Free,4/2022,0,0,12,https://www.udemy.com/course/play-fit-for-guitars-and-bowed-strings/
The Essentials of Acoustic Guitar Strumming Patterns,521440,Dan Thorpe (Guitar Domination),"Acoustic Guitar, Design Patterns (software), Guitar, Instruments, Music",Bass Guitar,Beginner,1 hour,4.6,263,14172,Free,4/2019,3,0,0,https://www.udemy.com/course/strumming-mastery/
Learn The Guitar By Learning Songs - LEVEL 1,2814501,Learn The Guitar By Learning Songs,"Guitar, Instruments, Music",Bass Guitar,Beginner,8.5 hours,4.7,332,15486,Free,3/2022,0,0,43,https://www.udemy.com/course/learn-the-guitar-by-learning-songs-level-1/
12 Guitar Practice Tips for FAST Improvement,4760080,Alon Kuper,"Guitar, Instruments, Music",Bass Guitar,All Levels,40 mins,4.6,18,1541,Free,9/2024,0,0,1,https://www.udemy.com/course/guitar-fast-improvement/
ART OF LEAD GUITAR,6098823,Abhishek Mittal,"Guitar, Rock Guitar, Instruments, Music",Bass Guitar,Beginner,1.5 hours,4.9,12,572,Free,8/2024,0,0,20,https://www.udemy.com/course/art-of-lead-guitar/
Guitar Lessons - String Bending And Vibrato Essentials,762374,FretHub Guitar Lessons,"Guitar, Instruments, Music",Bass Guitar,All Levels,1 hour,4.7,97,10573,Free,2/2016,0,0,0,https://www.udemy.com/course/guitar-lessons-string-bending-and-vibrato-essentials/
A Sessions Guitarist 9 Lead Guitar Approaches & Techniques,5456294,Altin Gjoni,"Guitar, Rock Guitar, Instruments, Music",Bass Guitar,All Levels,43 mins,4.7,16,805,Free,12/2023,0,0,0,https://www.udemy.com/course/a-sessions-guitarist-9-lead-guitar-approaches-techniques/
FREE - Red Haired Boy Bluegrass Fiddle Tune Learn on Guitar,1298754,Lesson Pros,"Guitar, Violin, Music Techniques, Music",Bass Guitar,All Levels,2 hours,4.5,42,4549,Free,11/2025,3,0,0,https://www.udemy.com/course/learn-the-bluegrass-fiddle-tune-red-haired-boy-on-guitar/
"Lynyrd Skynyrds ""Sweet Home Alabama"" simplified for LEVEL 4",5012836,Learn The Guitar By Learning Songs,"Guitar, Instruments, Music",Bass Guitar,Intermediate,1 hour,5.0,6,798,Free,12/2022,0,0,1,https://www.udemy.com/course/lynyrd-skynyrds-sweet-home-alabama-simplified-for-level-4/
Guitar Arpeggios - All the step by step to soloing,4236190,Gabriel Felix,"Music Improvisation, Instruments, Music",Bass Guitar,Beginner,2 hours,4.7,32,2845,Free,5/2023,0,0,4,https://www.udemy.com/course/guitar-arpeggios-all-the-step-by-step-to-soloing/
8 Strings Guitar Essentials,3844158,Rafael Bianzeno,"Guitar, Music Techniques, Music",Bass Guitar,All Levels,1 hour,4.4,3,864,Free,2/2021,0,0,40,https://www.udemy.com/course/8stringsguitaressentials/
Beginner Strumming 15-Video Digital Course,1305786,Guitar Jamz Guitar Lessons,"Acoustic Guitar, Personal Growth & Wellness, Music Fundamentals, Udemy Free Resource Center, Vodafone",Bass Guitar,Beginner,1.5 hours,4.5,466,21950,Free,8/2017,0,0,0,https://www.udemy.com/course/beginner-strumming-secrets-15-video-digital-course/
Learn how to Read Music,1863962,Elizabeth Louise,"Reading Music, Music Fundamentals, Music",Bass Guitar,Beginner,39 mins,4.5,107,7154,Free,8/2018,0,0,13,https://www.udemy.com/course/learn-how-to-read-music-c/
Guitar Technique Mastery: The Ultimate Chop Building Workout,147754,Mark Thomson,"Guitar, Fitness, Instruments, Music",Bass Guitar,All Levels,1.5 hours,4.7,37,5522,Free,3/2018,0,0,0,https://www.udemy.com/course/the-ultimate-chop-building-workout-for-the-blues-guitarist/
Beginner Guitar System,1806430,Vinnie D,"Guitar, Instruments, Music",Bass Guitar,Beginner,3.5 hours,4.6,221,10731,Free,1/2019,0,0,26,https://www.udemy.com/course/beginner-guitar-system/
"A beginner`s guide to fingerpicking and strumming guitar""",955914,Dan Thorpe (Guitar Domination),"Guitar, Instruments, Music",Bass Guitar,Beginner,2 hours,4.1,121,13730,Free,12/2018,9,0,1,https://www.udemy.com/course/guitar-domination-fingerpicking-strumming-beginners/
Introduction to Guitar Soloing,3384746,Jorge Salas,"Guitar, Music Techniques, Music",Bass Guitar,All Levels,1 hour,4.5,57,2008,Free,8/2020,0,0,0,https://www.udemy.com/course/introduction-to-guitar-soloing/
The Total Beginner's Guitar Course,645202,Michael Palmisano,"Guitar, Personal Growth & Wellness, Instruments, Udemy Free Resource Center, Vodafone",Bass Guitar,Beginner,1.5 hours,4.5,1965,72329,Free,8/2017,0,0,16,https://www.udemy.com/course/total-beginner-guitar-lessons/
Ultimate Lead Player Guitar Tips,3774998,Paul Sundt,"Guitar, Guitar Chords, Instruments, Music",Bass Guitar,Intermediate,31 mins,4.6,30,2165,Free,1/2021,0,0,5,https://www.udemy.com/course/ultimate-lead-player-guitar-tips/
Modes of the harmonic minor for guitarists,1723352,Tom Goldsmith,"Guitar, Guitar Chords, Music Techniques, Music",Bass Guitar,Intermediate,36 mins,4.4,6,2704,Free,5/2018,0,0,0,https://www.udemy.com/course/modes-of-the-harmonic-minor-for-guitarists/
Changing Oud strings like a luthier,1456726,Ihab Radwan,"Luthiery, Oud, Instruments, Music",Bass Guitar,Beginner,30 mins,4.8,97,2915,Free,12/2017,0,0,0,https://www.udemy.com/course/changing-oud-strings-like-a-luthier/
7 Simple Tips That Will Improve Your Barre Chords!,2019864,Dan Thorpe (Guitar Domination),"Guitar Chords, Instruments, Music",Bass Guitar,Beginner,32 mins,4.5,52,6118,Free,7/2019,13,0,2,https://www.udemy.com/course/7-simple-improve-your-barre-chords-instantly/
Ten Essential Skills for Guitar Players,1337768,Dan Amerson,"Guitar, Instruments, Music",Bass Guitar,Intermediate,1 hour,4.2,89,8547,Free,9/2017,0,0,13,https://www.udemy.com/course/ten-essential-skills-for-guitar-players/
FREE guitar course for vets! (Vet proof required) LEVEL 1,5664508,Jason Muchemore,"Guitar, Creativity, Personal Development",Bass Guitar,Beginner,1 hour,3.3,3,423,Free,9/2024,0,0,6,https://www.udemy.com/course/free-guitar-course-for-vets/
Guitar Licks For Beginners,4245894,Gabriel Felix,"Guitar, Music Improvisation, Instruments, Music",Bass Guitar,Beginner,2 hours,4.1,12,2464,Free,8/2024,0,0,4,https://www.udemy.com/course/guitar-licks-for-beginners/
New Guitarist Guidebook & Checklist,633408,Scott Perry,"Guitar, Personal Growth & Wellness, Music Fundamentals, Udemy Free Resource Center, Vodafone",Bass Guitar,Beginner,1 hour,4.0,171,18311,Free,3/2016,0,0,7,https://www.udemy.com/course/new-guitarist-guidebook-checklist/
Learn Guitar Basics in 7 days for Complete Beginners,1651800,Ze Wen Seah,"Guitar, Instruments, Music",Bass Guitar,Beginner,1 hour,4.3,69,5943,Free,6/2018,2,0,0,https://www.udemy.com/course/learn-guitar-basics-in-7-days-for-complete-beginners/
The 80/20 Guitar: Write Music and Play Guitar in 30 Days,807934,Eric Johnson,"Guitar, Music Theory, Writing, Instruments, Music",Bass Guitar,All Levels,3.5 hours,4.6,199,16314,Free,11/2017,0,0,26,https://www.udemy.com/course/8020guitar/
Guitar Playing Crash Course for Beginners,2001516,Austin Reed,"Guitar, Acoustic Guitar, Instruments, Music",Bass Guitar,Beginner,33 mins,4.3,159,8153,Free,11/2018,0,0,4,https://www.udemy.com/course/guitar-playing-crash-course-for-beginners/
Guitar Secrets - John Frusciante,4266922,Gabriel Felix,"Rock Guitar, Instruments, Music",Bass Guitar,Beginner,2 hours,4.6,21,2034,Free,2/2022,0,0,6,https://www.udemy.com/course/guitar-secrets-john-frusciante/
Your Guitar Sage Kids/Teens: Jumpstart Guitar Lessons,5939674,Erich Andreas,"Acoustic Guitar, Instruments, Music",Bass Guitar,Beginner,39 mins,4.3,21,793,Free,7/2024,0,0,3,https://www.udemy.com/course/your-guitar-sage-kidsteens-jumpstart-guitar-lessons/
Rock Guitar Power - Volume 1,4998144,Mike Deiure,"Guitar, Instruments, Music",Bass Guitar,Beginner,1 hour,3.2,2,1080,Free,12/2022,0,0,6,https://www.udemy.com/course/rock-guitar-power-volume-1/
Learning modes on guitar,1711840,Tom Goldsmith,"Guitar, Music Fundamentals, Music",Bass Guitar,Intermediate,31 mins,2.9,30,3038,Free,5/2018,0,0,0,https://www.udemy.com/course/learning-modes-on-guitar/
Write Guitar Music Notation & TAB with Noteflight FREE,3454780,John Chamley,"Music Appreciation, Music Software, Music",Bass Guitar,Beginner,32 mins,4.3,22,1604,Free,8/2020,0,0,0,https://www.udemy.com/course/write-guitar-music-notation-tab-with-noteflight-free/
Mala Slap Advanced,1613410,Only the Best Music Lessons,"Bass Guitar, Instruments, Music",Bass Guitar,Intermediate,2 hours,4.7,49,500,N/A,11/2018,0,0,10,https://www.udemy.com/course/mala-slap-advanced/
Slap Bass For Beginners,846962,Bogdan Radovic,"Bass Guitar, Instruments, Music",Bass Guitar,All Levels,1.5 hours,4.5,98,915,"Rp149,000",11/2019,0,0,39,https://www.udemy.com/course/slap-bass-for-beginners/
Walking Bassics - Beginners Guide to Walking Basslines,5572632,Tony Gardiner,"Bass Guitar, Instruments, Music",Bass Guitar,Beginner,1 hour,5.0,N/A,7,N/A,8/2024,0,0,2,https://www.udemy.com/course/walking-bassics-beginners-guide-to-walkling-basslines/
The Ultimate Guitar Soloing Course - Lead Guitar Mastery,2694372,Mark Shian,"Guitar, Instruments, Music",Bass Guitar,All Levels,10.5 hours,4.3,780,6221,"Rp159,000",8/2025,1,0,80,https://www.udemy.com/course/guitarsolomastery/
Acoustic Guitar System | Melodic Guitar Lessons for Beginner,2029644,Marco Cirillo,"Acoustic Guitar, Guitar Chords, Fingerstyle Guitar, Music Techniques, Music",Bass Guitar,Beginner,7.5 hours,4.9,1639,12653,"Rp149,000",5/2020,0,0,57,https://www.udemy.com/course/acoustic-guitar-system/
Ultimate Beginner Electric Guitar Masterclass,1359058,Henry Olsen,"Guitar, Instruments, Music",Bass Guitar,All Levels,12.5 hours,4.8,2731,26412,"Rp159,000",6/2022,1,0,66,https://www.udemy.com/course/rock-guitar-masterclass/
How to Make a Professional Future Bass Track,3867218,Memphy // Mathias Stromqvist,"Music Production, Music Mixing, Music",Bass Guitar,Beginner,1.5 hours,4.0,4,28,"Rp149,000",4/2024,1,0,0,https://www.udemy.com/course/how-to-make-a-professional-future-bass-track/
Beginner Guitar Course: Have More Fun With Your Guitar,1244302,Lauren Bateman,"Guitar, Instruments, Music",Bass Guitar,Beginner,6 hours,4.7,393,6963,"Rp149,000",9/2020,3,0,176,https://www.udemy.com/course/guitar-strumming-101-have-more-fun-playing-songs-you-love/
Fingerstyle With The Beatles,4891682,Nir Mehlman,"Fingerstyle Guitar, Instruments, Music",Bass Guitar,All Levels,11.5 hours,4.8,96,615,"Rp149,000",10/2022,0,0,1,https://www.udemy.com/course/fingerstyle-with-the-beatles/
Bass Clef Basics - Note Reading for Adult Beginners,6724035,Cellopedia Courses,"Cello, Music Theory, Instruments, Music",Bass Guitar,Beginner,1 hour,4.9,10,69,"Rp149,000",7/2025,0,0,25,https://www.udemy.com/course/bass-clef-basics-note-reading-for-adult-beginners/
Beginner Bass Fundamental Course,6691333,Brandon Bartley,"Music Fundamentals, Music",Bass Guitar,Beginner,1 hour,N/A,N/A,N/A,"Rp149,000",7/2025,0,0,0,https://www.udemy.com/course/beginner-bass-fundamental-course/
Easy Rock Guitar for Beginners,2683344,Guitar Joolz,"Rock Guitar, Instruments, Music",Bass Guitar,Beginner,3.5 hours,4.9,165,1119,"Rp159,000",4/2020,0,0,74,https://www.udemy.com/course/easy-rock-guitar-for-beginners/
Master Barre Chords on Guitar - a step-by-step curriculum,2040360,David Taub,"Guitar, Instruments, Music",Bass Guitar,Beginner,4 hours,4.8,57,417,"Rp159,000",11/2018,0,0,0,https://www.udemy.com/course/master-barre-chords-on-guitar-a-step-by-step-curriculum/
Modal Magic: Guitar Scales & Modes for Rhythm & Lead Guitar,6791593,Guitar Joolz,"Instruments, Music",Bass Guitar,All Levels,3 hours,4.6,4,111,"Rp149,000",1/2026,0,0,39,https://www.udemy.com/course/essential-guitar-modes-unlock-scales-jam-tracks-and-solos/
THE SLAP BASS FORMULA,210990,Danny Merriman,"Bass Guitar, Music Techniques, Music",Bass Guitar,All Levels,1 hour,3.7,32,1904,Free,4/2020,0,0,9,https://www.udemy.com/course/the-slap-bass-formula/
Guitar Chord Multiplier & Music Maker Create music EZ n fast,1418135,David Taub,"Guitar Chords, Guitar, Instruments, Music",Bass Guitar,Beginner,4 hours,4.8,26,232,"Rp149,000",5/2024,0,0,2,https://www.udemy.com/course/guitar-chord-multiplier-music-maker-create-music-ez-n-fast/
Acoustic Blues Guitar Lessons : Learn Acoustic Blues Guitar,112314,Jim Bruce,"Blues Guitar, Guitar, Instruments, Music",Bass Guitar,Intermediate,12.5 hours,4.2,261,2858,"Rp149,000",11/2020,0,0,39,https://www.udemy.com/course/jim-bruce-blues-guitar-lessons-36-pack/
Rock Guitar Mastery - 50 Essential Fast Legato Licks,763100,FretHub Guitar Lessons,"Guitar, Instruments, Music",Bass Guitar,Intermediate,3 hours,4.6,79,806,"Rp149,000",7/2021,0,0,3,https://www.udemy.com/course/guitar-lessons-50-essential-fast-legato-licks/
Master Chords & Harmony in Music,1740826,Mikael Baggström,"Music Composition, Music Production, Music Theory, Music",Bass Guitar,All Levels,3 hours,4.7,411,2719,"Rp149,000",9/2025,1,0,3,https://www.udemy.com/course/music-composition-master-chords-in-your-music/
Electric Guitar For Beginners,3613796,Deniz Sayman,"Guitar, Blues Guitar, Guitar Chords, Rock Guitar, Instruments",Bass Guitar,Beginner,4 hours,4.8,361,2430,"Rp149,000",7/2023,3,0,15,https://www.udemy.com/course/electric-guitar-for-beginners/
Fingerstyle Guitar Songbook - Fingerstyle For Beginners,1373074,Nir Mehlman,"Fingerstyle Guitar, Instruments, Music",Bass Guitar,Beginner,16 hours,4.8,90,635,"Rp149,000",12/2024,0,0,2,https://www.udemy.com/course/fingerstyle-guitar-songbook/
MASTER BLUES GUITAR,6093765,"Marko ""Coconut"" Sternal","Guitar, Instruments, Music",Bass Guitar,All Levels,2 hours,5.0,1,21,"Rp149,000",7/2024,0,0,0,https://www.udemy.com/course/master-blues-guitar/
Traditional-Style Electric Blues Guitar For Beginners,1198302,David Moore,"Blues Guitar, Guitar, Instruments, Music",Bass Guitar,Beginner,3 hours,4.7,93,593,"Rp149,000",6/2017,0,0,1,https://www.udemy.com/course/traditional-style-electric-blues-guitar-for-beginners/
Classical Guitar Essentials - The Basics Part 1,412970,Hani Gamal,"Classical Guitar, Guitar, Instruments, Music",Bass Guitar,Beginner,4.5 hours,4.7,1989,9522,"Rp349,000",6/2024,0,0,11,https://www.udemy.com/course/classical-guitar-essentials-the-basics-part1/
Classical Guitar Course for Adults Level 2,2074364,Valentin Spasov,"Classical Guitar, Music Fundamentals, Music",Bass Guitar,Beginner,7 hours,4.7,77,759,"Rp159,000",2/2019,1,0,24,https://www.udemy.com/course/classical-guitar-course-for-adults-level-2/
Guitar: Start Playing Solo Guitar The Simple Way,839625,Henry Olsen,"Guitar, Music Theory, Instruments, Music",Bass Guitar,Beginner,2 hours,4.7,124,3085,"Rp149,000",1/2022,1,0,13,https://www.udemy.com/course/solo-guitar/
Master Guitar Pentatonic's - Create A Unique Sound,3734366,Simon Smith,"Pentatonic Scales, Music Techniques, Music",Bass Guitar,All Levels,4 hours,4.7,29,414,"Rp149,000",3/2021,0,0,135,https://www.udemy.com/course/pentatonic-scales-with-a-difference/
"Learn Guitar Techniques with 75 ""MOVABLE"" Guitar Licks",3664756,Omkar Shirsat,"Guitar, Instruments, Music",Bass Guitar,All Levels,2.5 hours,4.8,23,210,"Rp149,000",5/2021,0,0,81,https://www.udemy.com/course/learn-guitar-techniques-with-75-movable-guitar-licks/
Guitar Lessons - Sweep Picking Arpeggio Essentials,762648,FretHub Guitar Lessons,"Guitar, Instruments, Music",Bass Guitar,Intermediate,1.5 hours,4.1,49,488,"Rp149,000",2/2016,0,0,0,https://www.udemy.com/course/guitar-lessons-sweep-picking-arpeggio-essentials/
Acoustic Blues Guitar Licks & Soloing Strategies,2981040,David Taub,"Guitar, Music Techniques, Music",Bass Guitar,Beginner,2 hours,4.7,35,363,"Rp149,000",5/2024,0,0,12,https://www.udemy.com/course/acoustic-blues-guitar-licks-soloing-strategies/
Learn Old School Authentic Blues Lead & Rhythm guitar,2035606,David Taub,"Guitar, Instruments, Music",Bass Guitar,Beginner,2.5 hours,4.4,20,262,"Rp149,000",5/2024,0,0,11,https://www.udemy.com/course/learn-old-school-authentic-blues-lead-rhythm-guitar/
Beginner Guitar Lessons: Learn Guitar - The Complete Guide,3817820,Marc Barnacle,"Guitar, Guitar Chords, Music Theory, Music Improvisation, Instruments",Bass Guitar,Beginner,7 hours,4.7,208,7452,"Rp149,000",7/2024,0,0,91,https://www.udemy.com/course/learn-guitar-the-complete-beginners-guide/
Chord Progression Masterclass,3931018,Mikael Baggström,"Music Composition, Music Production, Songwriting, Music",Bass Guitar,All Levels,4 hours,4.6,263,2216,"Rp149,000",9/2025,0,0,0,https://www.udemy.com/course/chord-progressions/
Guitar Lessons - Master The Art Of Strumming The Guitar,4632306,Geoff Sinker,"Guitar, Instruments, Music",Bass Guitar,Beginner,2 hours,4.6,6,32,Free,6/2023,0,0,3,https://www.udemy.com/course/master-the-art-of-strumming-the-guitar/
Classical Guitar Essentials - The Basics Part 2,1051856,Hani Gamal,"Classical Guitar, Fingerstyle Guitar, Music Theory, Guitar, Instruments",Bass Guitar,Intermediate,4.5 hours,4.9,545,5256,"Rp149,000",12/2022,0,0,1,https://www.udemy.com/course/classical-guitar-essentials-the-basics-part-2/
Guitar Bar Chords: Unlocked - Barre Chord Mastery in 6 steps,5977472,Erich Andreas,"Guitar Chords, Music Techniques, Music",Bass Guitar,Intermediate,1 hour,4.5,13,102,"Rp149,000",5/2024,0,0,6,https://www.udemy.com/course/guitar-bar-chords-unlocked-barre-chord-mastery-in-6-steps/
"Acoustic Guitar Redefined. Learn Chords, Rhythm and Melody!",1958472,Marco Cirillo,"Acoustic Guitar, Guitar Chords, Fingerstyle Guitar, Music Techniques, Music",Bass Guitar,Intermediate,4.5 hours,4.6,1088,10070,"Rp219,000",12/2018,8,0,8,https://www.udemy.com/course/acoustic-guitar-redefined/
Complete Guitar Chord Construction Method: Guitar Lessons,5849056,Erich Andreas,"Guitar Chords, Music Theory, Music Fundamentals, Music",Bass Guitar,All Levels,3 hours,4.5,15,240,"Rp149,000",3/2024,0,0,16,https://www.udemy.com/course/complete-guitar-chord-construction/
"Open Tunings Fingerstyle Guitar - Open D, Open G & DADGAd",3431826,Nir Mehlman,"Fingerstyle Guitar, Guitar, Instruments, Music",Bass Guitar,All Levels,26 hours,4.8,91,828,"Rp149,000",10/2022,0,0,15,https://www.udemy.com/course/open-tunings-fingerstyle-guitar-course/
Modern Country Guitar: Technique Booster,1048188,Vinnie D,"Country Guitar, Guitar, Instruments, Music",Bass Guitar,Intermediate,2.5 hours,4.7,111,1857,"Rp149,000",2/2019,0,0,14,https://www.udemy.com/course/modern-country-guitar/
SLIDE GUITAR UNLOCKED How To Play Slide Guitar,4646174,Paul Greig,"Guitar, Blues Guitar, Fingerstyle Guitar, Instruments, Music",Bass Guitar,Beginner,3 hours,4.6,32,216,"Rp149,000",6/2023,0,0,23,https://www.udemy.com/course/learn-slide-guitar/
The Guitar of Chuck Berry,1623532,David Moore,"Guitar, Instruments, Music",Bass Guitar,Beginner,7 hours,4.6,184,1131,"Rp149,000",7/2019,0,0,103,https://www.udemy.com/course/the-guitar-of-chuck-berry/
How to Break Down a Guitar Solo: Lead Guitar Soloing Lessons,6070275,Erich Andreas,"Rock Guitar, Guitar, Music Improvisation, Music Techniques, Music",Bass Guitar,Intermediate,1.5 hours,4.5,11,235,"Rp149,000",7/2024,0,0,4,https://www.udemy.com/course/how-to-break-down-a-guitar-solo/
Acoustic Guitar For Beginners,721126,TrueFire Guitar Lessons,"Acoustic Guitar, Guitar, Instruments, Music",Bass Guitar,Beginner,3 hours,4.6,538,18864,"Rp149,000",1/2023,0,0,30,https://www.udemy.com/course/acoustic-guitar-for-beginners/
Country Guitar Essentials: Chicken Pickin',618634,Vinnie D,"Country Guitar, Guitar, Music Techniques, Music",Bass Guitar,All Levels,3.5 hours,4.5,616,3717,"Rp149,000",3/2019,0,0,29,https://www.udemy.com/course/country-guitar-lessons/
Learn guitar the Right way! Beginner to intermediate guitar,1119092,Troy Davidson (Studio33Guitar),"Guitar, Music Theory, Instruments, Music",Bass Guitar,Beginner,9 hours,4.6,603,5539,"Rp149,000",4/2020,4,0,4,https://www.udemy.com/course/learn-guitar-the-right-way/
Music Theory #3 - Circle of 5ths - Compose & Improvise,631418,Rosa Suen,"Music Theory, Bass Guitar, Ukulele, Google Play, Music Fundamentals",Bass Guitar,All Levels,3 hours,4.7,28,2087,"Rp149,000",10/2019,36,0,11,https://www.udemy.com/course/circle-of-5ths-l3-improvisation-on-major-pentatonic-scales/
"Songwriting Hit Mastery: Lyric Writing, Music Theory",4166182,"Erich Andreas, Melissa Peirce","Songwriting, Lyric Writing, Music Composition, Music Theory, Music Fundamentals",Bass Guitar,All Levels,3.5 hours,4.8,1944,11776,"Rp159,000",6/2025,0,0,22,https://www.udemy.com/course/songwriting-hit-mastery/
Cherokee Shuffle Guitar Bluegrass Fiddle Tune Easy to learn,1298682,Lesson Pros,"Guitar, Violin, Music Techniques, Music",Bass Guitar,Beginner,2 hours,5.0,4,424,"Rp149,000",11/2025,3,0,0,https://www.udemy.com/course/learn-the-fiddle-tune-cherokee-shuffle-on-guitar/
Electric Guitar Fundamentals - Beginner Guitar Masterclass,4865516,Sascha Rebbe,"Guitar, Instruments, Music",Bass Guitar,Beginner,6.5 hours,4.7,81,408,"Rp149,000",10/2023,0,0,106,https://www.udemy.com/course/rock-guitar-beginner-learn-to-play-the-electric-guitar/
Learn Every Note On Your Guitar With One Simple Concept,682140,Don Roberts,"Guitar, Music Theory, Music Fundamentals, Music",Bass Guitar,Beginner,1 hour,4.6,56,358,Free,2/2016,0,0,8,https://www.udemy.com/course/learn-every-note-on-your-guitar-with-one-simple-concept/
Electric Guitar (Intermadiate to Advanced),3680748,Deniz Sayman,"Guitar, Instruments, Music",Bass Guitar,Intermediate,3 hours,4.4,219,2133,"Rp149,000",11/2021,16,0,15,https://www.udemy.com/course/electric-guitar-intermediate-to-advanced/
Classical Guitar for Beginners,5823202,David Hartley,"Classical Guitar, Instruments, Music",Bass Guitar,Beginner,1.5 hours,4.5,3,13,N/A,2/2024,0,0,0,https://www.udemy.com/course/classical-guitar-for-beginners/
CAGED Pentatonic System for Guitar - Level 3,902476,Vinnie D,"Guitar, Instruments, Music",Bass Guitar,All Levels,1.5 hours,4.7,39,1740,"Rp149,000",2/2019,0,0,28,https://www.udemy.com/course/caged-country-guitar/
Introduction To Guitar Pro 7 Music Notation Software,1998460,Geoff Sinker,"Guitar, Music Composition, Music Software, Music",Bass Guitar,Beginner,2 hours,4.5,84,903,"Rp149,000",11/2018,1,0,0,https://www.udemy.com/course/introduction-to-guitar-pro/
BEGINNER GUITAR LESSONS - Beginner Guitar Course - Guitar,1257976,Lesson Pros,"Guitar, Instruments, Music",Bass Guitar,Beginner,8 hours,4.5,134,1802,"Rp149,000",11/2025,3,0,0,https://www.udemy.com/course/your-first-10-guitar-lessons-learn-how-to-play-guitar/
The Complete Jazz Theory Course - Jazz Chords/Scales & More,1594728,Martin Cohen,"Jazz, Music Theory, Music Fundamentals, Music",Bass Guitar,Intermediate,3.5 hours,4.7,651,4576,"Rp159,000",1/2024,10,0,10,https://www.udemy.com/course/complete-jazz-theory-course-jazz-chords-scales/
Make Your First Future Bass Track - In FL Studio,1112804,Colin Warn,"FL Studio, Music Production, Music",Bass Guitar,Intermediate,2.5 hours,4.2,79,633,"Rp149,000",1/2019,1,0,0,https://www.udemy.com/course/futurebass/
Learn Guitar Fingerstyle Blues: Master Country Blues Guitar,453126,Jim Bruce,"Acoustic Guitar, Google Play, Guitar, Instruments, Music",Bass Guitar,Beginner,33 mins,4.0,16,122,"Rp149,000",5/2025,0,0,5,https://www.udemy.com/course/acoustic-guitar-how-to-finger-pick-the-guitar-for-beginners/
How to Design Your Own Guitar,175278,Mark Bailey,"Guitar, User Experience (UX) Design, Instruments, Music",Bass Guitar,All Levels,2.5 hours,4.9,80,296,"Rp599,000",9/2018,1,0,15,https://www.udemy.com/course/how-to-design-your-own-guitar/
Electric Guitar Setup - Make your guitar sound better!,1967312,Adi Steinulf,"Guitar, Instruments, Music",Bass Guitar,All Levels,1 hour,4.2,39,161,"Rp149,000",10/2018,0,0,0,https://www.udemy.com/course/electric-guitar-setup-make-your-guitar-sound-better/
Master Tapping On Electric Guitar,4681222,Deniz Sayman,"Rock Guitar, Instruments, Music",Bass Guitar,Intermediate,1.5 hours,4.8,34,526,"Rp149,000",7/2022,0,0,55,https://www.udemy.com/course/master-tapping-on-electric-guitar/
Gypsy Jazz Guitar,2107530,Tolga During,"Jazz Guitar, Instruments, Music",Bass Guitar,All Levels,2.5 hours,4.8,462,2460,Free,3/2020,0,0,0,https://www.udemy.com/course/gypsy-jazz-guitar/
Music Theory Masterclass: Music Theory for All Levels,6513953,"Skillet Academy, PhD Alexandra Belibou","Music Theory, Music Fundamentals, Music",Bass Guitar,All Levels,21 hours,4.7,113,2291,"Rp159,000",5/2025,1,0,0,https://www.udemy.com/course/music-theory-course-music-theory-for-beginners/
How to play acoustic guitar for beginners in 10 weeks,2241210,Chris Richter,"Acoustic Guitar, Instruments, Music",Bass Guitar,Beginner,2.5 hours,4.7,34,206,"Rp149,000",7/2021,0,0,0,https://www.udemy.com/course/how-to-play-guitar-for-beginners-in-10-weeks/
Learn to Improvise on Guitar with Exercises,5897770,Edina Balczo,"Music Improvisation, Guitar, Music Techniques, Music",Bass Guitar,Beginner,6 hours,4.7,32,355,Free,2/2025,0,0,230,https://www.udemy.com/course/learn-to-improvise-on-guitar-with-exercises/
Songwriting Control: Songwriting Masterclass,4512464,"Marius Worch, Philipp Godart","Songwriting, Music Fundamentals, Music",Bass Guitar,All Levels,14 hours,4.7,32,397,N/A,11/2024,0,0,73,https://www.udemy.com/course/songwriting-control/
Lead Guitar Course - All The Lessons (#1-7),2128484,Thomas V. Dekker,"Jazz Guitar, Instruments, Music",Bass Guitar,Intermediate,6 hours,4.5,63,474,"Rp149,000",3/2019,0,0,21,https://www.udemy.com/course/lead-guitar-course-all-the-lessons/
Master Fingerstyle Blues Guitar: Acoustic Blues Techniques,1964892,Jim Bruce,"Blues Guitar, Fingerstyle Guitar, Acoustic Guitar, Music Techniques, Music",Bass Guitar,Intermediate,2.5 hours,4.7,11,330,"Rp149,000",5/2025,0,0,9,https://www.udemy.com/course/fingerstyle-blues-guitar-acoustic-blues-7-blues-men/
Country Guitar: Picking Exercises,841484,Vinnie D,"Country Guitar, Guitar, Music Techniques, Music",Bass Guitar,All Levels,2 hours,4.6,162,3403,"Rp149,000",2/2019,0,0,16,https://www.udemy.com/course/guitar-picking-exercises/
"Guitar Simplified - Master the chords, beats & rhythms",3483682,Yeeshu Sharma,"Acoustic Guitar, Instruments, Music",Bass Guitar,Beginner,8 hours,4.7,28,187,"Rp149,000",1/2021,0,0,2,https://www.udemy.com/course/guitar-simplified/
Read Music FAST! Part 2: intervals & key signatures,707168,Benedict Westenra,"Reading Music, Music Fundamentals, Music",Bass Guitar,Beginner,4 hours,4.9,1462,12540,"Rp159,000",3/2021,12,0,36,https://www.udemy.com/course/key-signatures/
"The BEST Slide Guitar Lessons: Chords, Licks, Songs",2527774,"R.J. Ronquillo, Erich Andreas","Blues Guitar, Fingerstyle Guitar, Acoustic Guitar, Guitar Chords, Instruments",Bass Guitar,All Levels,2 hours,4.8,607,2885,"Rp149,000",1/2021,0,0,34,https://www.udemy.com/course/how-to-play-slide-guitar/
31 Day Guitar Challenge,670640,Nathan Forrest,"Guitar, Instruments, Music",Bass Guitar,Beginner,3.5 hours,4.7,52,1205,"Rp149,000",12/2015,0,0,0,https://www.udemy.com/course/31dayguitar/
Bass House Basics for Beginners,6020944,Murmur Music,"Music Production, EDM, Music Mixing, House Music, Music",Bass Guitar,Beginner,1 hour,5.0,2,8,"Rp149,000",6/2024,3,0,0,https://www.udemy.com/course/bass-house-basics-for-beginners/
Fingerstyle Guitar Lessons: Master Blues Chords On Acoustic,205520,Jim Bruce,"Blues Guitar, Guitar, Music Techniques, Music",Bass Guitar,All Levels,1 hour,4.3,85,9531,"Rp149,000",5/2025,0,0,0,https://www.udemy.com/course/blues-guitar-finger-picking-basics-with-jim-bruce/
How to Play the Guitar: Your 30-Day Guide to Learn Guitar,749686,Dan Amerson,"Guitar, Google Play, Instruments, Music",Bass Guitar,Beginner,5 hours,4.6,13,2766,"Rp149,000",4/2016,0,0,30,https://www.udemy.com/course/absolute-beginners-30-day-guitar-challenge/
Chords and Chord Progressions 301,4992512,Josh Cook,"Harmony (music), Music Theory, Piano Chords, Music Fundamentals, Music",Bass Guitar,Expert,1.5 hours,4.8,16,138,"Rp149,000",3/2025,0,0,0,https://www.udemy.com/course/chords-and-chord-progressions-301/
The Complete Guitar Strumming System - Beginner to Advanced,416434,Jack Long,"Guitar, Instruments, Music",Bass Guitar,All Levels,8.5 hours,4.6,341,3140,"Rp159,000",5/2015,0,0,1,https://www.udemy.com/course/complete-guitar-strummimg-system-beginner-to-advanced/
Build Your Own Guitar,34810,Mark Bailey,"Luthiery, Guitar, Instruments, Music",Bass Guitar,All Levels,7 hours,4.9,58,171,"Rp1,799,000",9/2018,0,0,25,https://www.udemy.com/course/build-your-own-guitar/
Learn to read musical notes,3667110,Cris Bass,"Reading Music, Classical Music, Music Theory, Music Fundamentals, Music",Bass Guitar,Beginner,1 hour,4.7,12,68,"Rp149,000",12/2020,0,0,15,https://www.udemy.com/course/learn-to-read-musical-notes/
Blues Rock Masters Inspired Series-Modern & Classic Volume 2,1333944,David Taub,"Guitar, Instruments, Music",Bass Guitar,Beginner,2.5 hours,4.9,9,166,"Rp149,000",9/2017,4,0,31,https://www.udemy.com/course/blues-rock-masters-inspired-series-modern-classic-volume-2/
CAGED Pentatonic System for Guitar - Level 2,920194,Vinnie D,"Guitar, Pentatonic Scales, Instruments, Music",Bass Guitar,All Levels,1.5 hours,4.5,47,1737,"Rp149,000",2/2019,0,0,19,https://www.udemy.com/course/caged-system-guitar-level-2/
Guitar: Learn 12 Must Know Beginner Rock Guitar Riffs,515262,Henry Olsen,"Rock Guitar, Guitar, Instruments, Music",Bass Guitar,Beginner,2 hours,4.6,70,2118,"Rp149,000",1/2016,0,0,1,https://www.udemy.com/course/beginner-electric-guitar/
African Guitar Essentials: Rumba/Soukouss/Sebene Tutos,4995832,Stephane Girod,"Guitar, Instruments, Music",Bass Guitar,Intermediate,1 hour,4.7,3,46,"Rp149,000",5/2025,0,0,12,https://www.udemy.com/course/african-guitar-essentials-rumbasoukousssebene-tutos/
Blues Rock Masters Inspired Series-Modern & Classic Volume 1,1333938,David Taub,"Guitar, Instruments, Music",Bass Guitar,Beginner,2.5 hours,4.4,21,280,"Rp149,000",9/2017,4,0,35,https://www.udemy.com/course/blues-rock-masters-inspired-series-modern-classic-volume-1/
Music Theory for Songwriters Masterclass,6071291,J. Anthony Allen,"Music Theory, Music Fundamentals, Music",Bass Guitar,All Levels,6 hours,4.7,53,434,"Rp149,000",12/2025,13,0,15,https://www.udemy.com/course/theory-for-songwriters/
The Percussive Acoustic Guitar Method,2271416,Miguel Rivera,"Acoustic Guitar, Guitar, Instruments, Music",Bass Guitar,All Levels,1.5 hours,4.5,20,246,"Rp149,000",3/2019,1,0,18,https://www.udemy.com/course/the-percussive-acoustic-guitar-method/
Percussive Fingerstyle Guitar,403078,Tobias Rauscher,"Fingerstyle Guitar, Acoustic Guitar, Songwriting, Guitar, Instruments",Bass Guitar,Intermediate,43 mins,4.6,345,3206,Free,10/2016,10,0,28,https://www.udemy.com/course/percussive-fingerstyle-course/
Master Rhythm & Percussion in Music,2493012,Mikael Baggström,"Music Composition, Music Production, Music",Bass Guitar,All Levels,5.5 hours,4.7,118,1120,"Rp149,000",9/2025,1,0,0,https://www.udemy.com/course/cinematic-music-composition-rhythm/
Songwriting for the Curious Guitarist,1586740,Dan Dresnok,"Songwriting, Acoustic Guitar, Guitar Chords, Music Theory, Instruments",Bass Guitar,All Levels,5.5 hours,4.4,108,2136,"Rp149,000",9/2025,0,0,23,https://www.udemy.com/course/songwriting-for-the-curious-guitarist/
"Rock, Punk and Metal - Learn the basic and have fun",5176066,Gabriel Felix,"Rock Guitar, Instruments, Music",Bass Guitar,Beginner,2 hours,4.2,6,1249,"Rp149,000",8/2024,0,0,5,https://www.udemy.com/course/rock-punk-and-metal-learn-the-basic-and-have-fun/
BEGINNER GUITAR CHORDS Course - How to Play Guitar Chords,693240,Lesson Pros,"Guitar, Guitar Chords, Instruments, Music",Bass Guitar,Beginner,6.5 hours,4.3,98,4143,"Rp149,000",11/2025,3,0,0,https://www.udemy.com/course/free-beginner-guitar-course-with-chuck-millar/
Learn How to Improvise on Guitar in 30 Days,658816,Filippo Dall'Asta,"Guitar, Music Composition, Music Theory, Instruments, Music",Bass Guitar,Beginner,2.5 hours,4.5,879,10906,"Rp159,000",12/2022,8,0,38,https://www.udemy.com/course/learn-how-to-improvise-on-guitar/
Chords and Chord Progressions 101,4909002,Josh Cook,"Piano Chords, Harmony (music), Music Theory, Music Fundamentals, Music",Bass Guitar,Beginner,1 hour,4.9,38,148,"Rp149,000",3/2025,0,0,0,https://www.udemy.com/course/chords-and-progressions-101/
Ear Training for the Curious Guitarist,1727372,Dan Dresnok,"Guitar, Acoustic Guitar, Music Theory, Instruments, Music",Bass Guitar,All Levels,2.5 hours,4.4,114,2559,"Rp149,000",9/2025,0,0,12,https://www.udemy.com/course/ear-training-for-the-curious-guitarist/
How To Play 30 Essential Fingerstyle Slide Guitar Licks,2599134,"R.J. Ronquillo, Erich Andreas","Blues Guitar, Guitar Chords, Acoustic Guitar, Fingerstyle Guitar, Instruments",Bass Guitar,All Levels,2.5 hours,4.8,64,1134,"Rp149,000",1/2021,0,0,72,https://www.udemy.com/course/30-essential-slide-guitar-licks/
Beginner Jazz Guitar-Mastering The 2-5-1 Progression,5791980,Toth Balazs,"Jazz Guitar, Guitar, Jazz, Instruments, Music",Bass Guitar,Beginner,2 hours,4.7,6,60,"Rp159,000",1/2024,0,0,0,https://www.udemy.com/course/beginner-jazz-guitar-mastering-the-2-5-1-progression/
"Music Theory for Electronic Music COMPLETE: Parts 1, 2, & 3",1147828,J. Anthony Allen,"Electronic Music, Music Production, Ableton Live, Music Theory, Music Fundamentals",Bass Guitar,Beginner,12.5 hours,4.7,9283,53305,"Rp299,000",11/2025,12,0,10,https://www.udemy.com/course/music-theory-for-electronic-music-complete-parts-1-2-3/
"Music Theory Comprehensive Complete: Part 4, 5, & 6",1148430,J. Anthony Allen,"Music Theory, Music Composition, Music Fundamentals, Music",Bass Guitar,Intermediate,10 hours,4.7,3905,49825,"Rp349,000",1/2026,28,0,28,https://www.udemy.com/course/music-theory-comprehensive-combined-part-4-5-6/
Alternate Picking Mastery Guitar Lessons: Speed/Accuracy,6458991,Erich Andreas,"Guitar, Rock Guitar, Guitar Chords, Acoustic Guitar, Music Techniques",Bass Guitar,Beginner,1 hour,3.8,7,94,Free,2/2025,0,0,107,https://www.udemy.com/course/alternate-picking-mastery/
Blues Rock Lead Guitar For Beginners.,2308362,Craig Garwood,"Guitar, Rock Guitar, Blues Guitar, Music Techniques, Music",Bass Guitar,Beginner,6 hours,4.7,68,502,"Rp149,000",9/2025,0,0,72,https://www.udemy.com/course/electric-blues-rock-beginners-lead-guitar-course/
How to Play Guitar Bar Chords (Barre Shapes & Power Chords),1706012,John Chamley,"Guitar Chords, Guitar, Instruments, Music",Bass Guitar,Beginner,1.5 hours,4.7,27,2281,"Rp149,000",9/2022,1,0,4,https://www.udemy.com/course/how-to-play-guitar-bar-chords/
Percussive Fingerstyle Masterclass | Acoustic Mathrock,5263576,Dave Connell,"Guitar, Fingerstyle Guitar, Percussion Instruction, Instruments, Music",Bass Guitar,Intermediate,4 hours,4.3,14,616,"Rp149,000",1/2026,0,0,20,https://www.udemy.com/course/fingerstyleguitarmasterclass/
Guitar Lessons: Play guitar to HEY JUDE (Beatles) in 1 Hour!,1564798,Joe Borowsky,"Guitar, Acoustic Guitar, Guitar Chords, Singing, Instruments",Bass Guitar,All Levels,1 hour,5.0,8,738,"Rp149,000",3/2018,0,0,1,https://www.udemy.com/course/guitarlessonsheyjude/
Learn to play The Beatles,3665106,Pietro Viviani,"Guitar, Instruments, Music",Bass Guitar,All Levels,12 hours,4.1,13,175,"Rp149,000",4/2022,0,0,11,https://www.udemy.com/course/learn-to-play-the-beatles-the-ultimate-guitar-course/
"Learn Guitar to Worship: Learn 4 Songs and unlock a 1,000!",265888,Sam Choi,"Guitar, Instruments, Music",Bass Guitar,Beginner,3 hours,4.5,142,1913,"Rp149,000",11/2016,2,0,0,https://www.udemy.com/course/learnguitartoworship/
Intermediate - 6 weeks to become a better acoustic guitarist,3510864,Chris Richter,"Acoustic Guitar, Instruments, Music",Bass Guitar,Intermediate,5 hours,4.4,14,89,"Rp149,000",7/2024,0,0,0,https://www.udemy.com/course/learn-how-to-play-guitar-intermediate-guitar-edition/
Blues Rock Masters Inspired Series-Modern & Classic Volume 4,1333950,David Taub,"Guitar, Instruments, Music",Bass Guitar,Intermediate,3 hours,4.6,17,242,"Rp149,000",9/2017,4,0,31,https://www.udemy.com/course/blues-rock-masters-inspired-series-modern-classic-volume-4/
CAGED Pentatonic System for Guitar - Level 1,902474,Vinnie D,"Guitar, Pentatonic Scales, Instruments, Music",Bass Guitar,All Levels,1.5 hours,4.4,191,2150,"Rp149,000",2/2019,0,0,21,https://www.udemy.com/course/caged-system-guitar-level-1/
Guitar Scales For Beginners,2693308,Gabriel Felix,"Pentatonic Scales, Guitar, Music Improvisation, Instruments, Music",Bass Guitar,All Levels,3 hours,4.0,31,1494,"Rp149,000",8/2024,0,0,17,https://www.udemy.com/course/guitar-scales-for-beginners/
"Music Theory Comprehensive Complete: Part 7, 8, & 9",1327254,J. Anthony Allen,"Music Theory, Music Fundamentals, Music",Bass Guitar,Intermediate,9.5 hours,4.8,992,26382,"Rp339,000",11/2025,23,0,28,https://www.udemy.com/course/music-theory-comprehensive-combined-part-7-8-9/
Guitar Basics: Learn Barre Chords,5753758,Jason Rivera,"Guitar, Instruments, Music",Bass Guitar,Beginner,37 mins,5.0,13,1200,"Rp149,000",1/2025,0,0,1,https://www.udemy.com/course/guitar-basics-learn-barre-chords/
CRASH COURSE IN SCALES: over 55 scales and modes for guitar,6115075,"Marko ""Coconut"" Sternal","Instruments, Music",Bass Guitar,All Levels,41 mins,5.0,1,8,"Rp149,000",8/2024,0,0,0,https://www.udemy.com/course/crash-course-in-scales-over-55-scales-and-modes-for-guitar/
Learn lead guitar in the high octane style of Gary Moore,1330482,David Taub,"Guitar, Instruments, Music",Bass Guitar,Intermediate,1 hour,4.7,23,300,"Rp149,000",5/2024,1,0,3,https://www.udemy.com/course/learn-lead-guitar-in-the-high-octane-style-of-gary-moore/
Guitar Lessons - Fun With Harmonic Interval Runs and Beyond,3387134,John Kearney,"Guitar, Instruments, Music",Bass Guitar,All Levels,3.5 hours,5.0,2,48,"Rp149,000",11/2022,7,0,6,https://www.udemy.com/course/guitar-lessons-fun-with-harmonic-interval-runs-and-beyond/
"Music Theory Comprehensive Complete: Part 10, 11, & 12",1641538,J. Anthony Allen,"Music Theory, Music Fundamentals, Music",Bass Guitar,Intermediate,8 hours,4.9,486,15558,"Rp239,000",11/2025,15,0,20,https://www.udemy.com/course/music-theory-comprehensive-combined-part-10-11-12/
"Music Theory Comprehensive Complete: Parts 16, 17, & 18",3121272,J. Anthony Allen,"Music Theory, Music Fundamentals, Music",Bass Guitar,Expert,7 hours,4.9,226,6371,"Rp149,000",11/2025,11,0,18,https://www.udemy.com/course/music-theory-comprehensive-complete-parts-16-17-18/
#1 Chord Progression:Music Theory 10 Levels Joy To The World,1279336,Rosa Suen,"Music Theory, Piano Chords, Music Fundamentals, Music",Bass Guitar,All Levels,1 hour,3.7,9,129,"Rp149,000",6/2025,11,0,10,https://www.udemy.com/course/1-chord-progressionmusic-theory-10-levels-joy-to-the-world/
Blues Rock Rhythm Guitar For Beginners.,1830300,Craig Garwood,"Blues Guitar, Guitar, Music Techniques, Music",Bass Guitar,Beginner,9.5 hours,4.4,114,603,"Rp149,000",9/2025,0,0,131,https://www.udemy.com/course/the-complete-blues-rhythm-guitar-beginner-course/
Fingerstyle and Fingerpicking Lessons for Acoustic Guitar,1325852,Guitar Jamz Guitar Lessons,"Acoustic Guitar, Fingerstyle Guitar, Music Techniques, Music",Bass Guitar,All Levels,2.5 hours,3.7,87,594,"Rp149,000",8/2017,0,0,0,https://www.udemy.com/course/fingerstyle-and-fingerpicking-lessons-for-acoustic-guitar/
#1 Read Music Notes Fast: Beginners - Music Note Attack,541466,Rosa Suen,"Reading Music, Google Play, Music Theory, Music Fundamentals, Music",Bass Guitar,Beginner,1 hour,4.7,207,2413,"Rp149,000",10/2019,16,0,3,https://www.udemy.com/course/read-music-notes-fast-l1-speed-read-music-notes-to-memory/
Chords,4125740,Jonathan Peters,"Piano Chords, Music Fundamentals, Music",Bass Guitar,Beginner,4 hours,4.7,27,305,"Rp149,000",8/2023,15,0,57,https://www.udemy.com/course/chords-read-play-write/
Chart Topping Country Guitar!,2614954,"Sam Lawson, Stuart Ryan","Country Guitar, Instruments, Music",Bass Guitar,All Levels,5 hours,4.1,14,178,"Rp149,000",10/2019,0,0,79,https://www.udemy.com/course/chart-topping-country-guitar/
Guitar Lessons - play guitar In the style of Joe Bonamassa,2035244,Geoff Sinker,"Guitar, Blues Guitar, Rock Guitar, Instruments, Music",Bass Guitar,Intermediate,1.5 hours,4.4,21,147,"Rp149,000",6/2023,2,0,26,https://www.udemy.com/course/learn-to-play-guitar-in-the-style-of-joe-bonamassa/
Music Theory: Learn to Read Rhythm - Beginners to Mastery,3817766,Edina Balczo,"Music Theory, Music Fundamentals, Music",Bass Guitar,Beginner,2 hours,4.7,81,473,"Rp149,000",3/2023,0,0,39,https://www.udemy.com/course/learn-to-read-rhythm-from-beginners-to-mastery/
"Music Theory Comprehensive Complete: Parts 19, 20, & 21",3448288,J. Anthony Allen,"Music Theory, Music Fundamentals, Music",Bass Guitar,Expert,8 hours,4.8,169,5166,"Rp149,000",11/2025,11,0,11,https://www.udemy.com/course/music-theory-comprehensive-complete-parts-19-20-21/
"Music Theory Comprehensive Complete: Parts 13, 14, & 15",2556168,J. Anthony Allen,"Music Theory, Music Fundamentals, Music",Bass Guitar,Intermediate,8.5 hours,4.9,305,8047,"Rp149,000",11/2025,14,0,23,https://www.udemy.com/course/music-theory-comprehensive-parts-13-14-15/
"Orchestration Masterclass, Part 2: Brass, Voice, & Guitar",4544694,J. Anthony Allen,"Music Theory, Music Composition, Music Production, Music Techniques, Music",Bass Guitar,Beginner,3 hours,4.9,66,1217,"Rp149,000",11/2025,1,0,1,https://www.udemy.com/course/orchestration2/
Easy to play Christmas Songs for Guitar - Christmas Songs,692658,Lesson Pros,"Guitar, Google Play, Instruments, Music",Bass Guitar,All Levels,5.5 hours,4.3,32,1354,"Rp149,000",11/2025,39,0,24,https://www.udemy.com/course/howtoplaychristmassongsontheguitar/
Foundations of Jazz Guitar w/ Chip Henderson,3691670,"Chip Henderson, Erich Andreas","Jazz Guitar, Guitar Chords, Blues Guitar, Acoustic Guitar, Instruments",Bass Guitar,Intermediate,1 hour,4.3,154,1310,"Rp159,000",8/2021,0,0,216,https://www.udemy.com/course/foundations-of-jazz-guitar-w-chip-henderson/
Acoustic Guitar Basics,5624440,Jason Rivera,"Acoustic Guitar, Instruments, Music",Bass Guitar,Beginner,2.5 hours,4.8,174,5079,"Rp149,000",1/2025,0,0,22,https://www.udemy.com/course/acoustic-guitar-basics-1/
The Complete Guitar Chord Masterclass - Advanced Chords,5488432,Jacob Lamb,"Guitar Chords, Instruments, Music",Bass Guitar,Expert,1 hour,4.2,4,42,"Rp149,000",8/2023,0,0,0,https://www.udemy.com/course/advancedguitar/
Rhythm Guitar Charts,2470982,Thomas Ender,"Guitar, Ukulele, Instruments, Music",Bass Guitar,Beginner,3.5 hours,4.8,38,2687,"Rp149,000",4/2023,1,0,32,https://www.udemy.com/course/rhythmguitartraining/
Reading Music: Rhythm Training,2903172,Jonathan Peters,"Reading Music, Music Fundamentals, Music",Bass Guitar,Beginner,3 hours,4.6,144,830,"Rp149,000",10/2023,16,0,72,https://www.udemy.com/course/reading-music-rhythm-training/
Music Theory #2: Circle of 5ths - Dominant 7 & Tritones,529500,Rosa Suen,"Music Theory, Google Play, Bass Guitar, Ukulele, Music Fundamentals",Bass Guitar,Intermediate,2.5 hours,4.7,64,2030,"Rp149,000",10/2019,39,0,12,https://www.udemy.com/course/circle-of-5ths-level-2-tritones-tritone-chord-substitutions/
Master Guitar Soloing: Minor Pentatonic & Improvisation,7074809,Rishabh Sharma (Level Music Edu),"Guitar, Acoustic Guitar, Instruments, Music",Bass Guitar,Beginner,1.5 hours,5.0,3,10,"Rp749,000",3/2026,1,0,0,https://www.udemy.com/course/the-art-of-soloing-clarity-through-the-minor-pentatonic/
Songwriting techniques for beginners,3743864,Gabriel Felix,"Songwriting, Music Recording, Music Production, Music",Bass Guitar,Beginner,2.5 hours,4.2,24,1970,"Rp149,000",6/2025,0,0,0,https://www.udemy.com/course/songwriting-techniques-for-beginners/
The Secrets of Gypsy Jazz Guitar,2136562,Yaakov Hoter,"Jazz Guitar, Instruments, Music",Bass Guitar,All Levels,3 hours,4.7,127,809,"Rp149,000",1/2019,17,0,0,https://www.udemy.com/course/the-secrets-of-gypsy-jazz-guitar/
Guitar Shapes - Theory & Voicings for Beginners,5472398,Dave Connell,"Guitar, Guitar Chords, Instruments, Music",Bass Guitar,All Levels,6.5 hours,4.6,12,1140,"Rp149,000",1/2026,0,0,68,https://www.udemy.com/course/guitar-shapes-theory-voicings-for-modern-worship-or-pop/
Beginner Blues Guitar,3070222,Troy Davidson (Studio33Guitar),"Blues Guitar, Instruments, Music",Bass Guitar,Beginner,2.5 hours,4.5,17,100,"Rp149,000",7/2020,0,0,0,https://www.udemy.com/course/beginner-blues-guitar-lessons/
Finger Style Blues Guitar Made Easy,1057050,David Green,"Blues Guitar, Classical Guitar, Instruments, Music",Bass Guitar,Intermediate,8 hours,4.4,71,704,"Rp149,000",1/2018,14,0,28,https://www.udemy.com/course/finger-style-blues-guitar-made-easy/
Worship Guitar For Beginners,3196382,Justin Owens,"Acoustic Guitar, Music Fundamentals, Music",Bass Guitar,Beginner,1.5 hours,4.9,11,79,"Rp149,000",6/2021,0,0,3,https://www.udemy.com/course/worship-guitar-for-beginners/
The Art of the Rock Shuffle - Guitarist's Guide,798134,Scott Perry,"Blues Guitar, Guitar, Music Techniques, Music",Bass Guitar,All Levels,1 hour,4.6,13,84,"Rp149,000",5/2016,0,0,9,https://www.udemy.com/course/shuffle-school-101a-the-rock-shuffle-a-primer-for-guitar/
StichMethod Blues Master Class Part 1.,1149658,Ian Stich,"Blues Guitar, Music Fundamentals, Music",Bass Guitar,Intermediate,1.5 hours,4.8,1225,4022,"Rp379,000",3/2017,0,0,4,https://www.udemy.com/course/stichmethod-blues-master-class-part-1/
Beginners Guide to Playing Guitar - Step-by-step System,41890,Erich Andreas,"Guitar, Blues Guitar, Guitar Chords, Acoustic Guitar, Instruments",Bass Guitar,Beginner,11.5 hours,4.4,132,933,"Rp149,000",5/2021,0,0,63,https://www.udemy.com/course/beginners-guide-to-playing-guitar/
Capo Mastery: A guide how to use it right on the guitar,6472005,Francesco Domenichetti,"Guitar, Acoustic Guitar, Music Instruction, Instruments, Music",Bass Guitar,All Levels,30 mins,4.6,N/A,2,"Rp149,000",2/2025,0,0,8,https://www.udemy.com/course/capo-mastery-a-guide-how-to-use-it-right-on-the-guitar/
GUITAR IS FUN AND EASY: Beginner Guitar Lessons Step-By-Step,489912,Kevin Patrick Fleming,"Guitar, Instruments, Music",Bass Guitar,Beginner,1.5 hours,4.7,3,41,"Rp149,000",8/2025,0,0,9,https://www.udemy.com/course/guitar-is-fun-and-easy-beginner-guitar-lessons-step-by-step/
A Beginner's Guide To Modes On The Guitar,1259018,Chris Zoupa,"Guitar, Music Fundamentals, Music",Bass Guitar,Beginner,2.5 hours,4.6,174,1072,"Rp149,000",6/2018,0,0,33,https://www.udemy.com/course/a-beginners-guide-to-modes-on-the-guitar/
Essential Guitar Theory: Spread Voiced Triads & Exercises,4311974,Steve Briggs,"Guitar, Blues Guitar, Guitar Chords, Music Theory, Instruments",Bass Guitar,All Levels,1.5 hours,4.8,14,203,"Rp149,000",6/2022,0,0,17,https://www.udemy.com/course/triads-guitar-theory-play-all-over-the-fretboard-part-2/
Slide Guitar Made Easy,2607920,John Robson,"Guitar, Rock Guitar, Instruments, Music",Bass Guitar,Intermediate,1 hour,4.8,25,245,"Rp149,000",10/2019,0,0,31,https://www.udemy.com/course/slide-guitar-made-easy/
Music Theory for Beginners,1139624,Cody Weinmann,"Music Theory, Music Fundamentals, Music",Bass Guitar,Beginner,5 hours,4.7,N/A,3,"Rp149,000",7/2024,0,0,4,https://www.udemy.com/course/music-theory-for-beginners-b/
How To Read Music,746096,J. Anthony Allen,"Reading Music, Music Fundamentals, Music",Bass Guitar,Beginner,3.5 hours,4.6,72,602,"Rp149,000",11/2025,2,0,1,https://www.udemy.com/course/reading-music/
Guitar Lessons - The CAGED System,2135468,Geoff Sinker,"Guitar, Music Techniques, Music",Bass Guitar,Intermediate,2 hours,4.4,23,1178,"Rp149,000",6/2023,0,0,18,https://www.udemy.com/course/the-intermediate-sessions-for-guitar-prt-1-the-caged-system/
Jazz Improvisation 101,2499132,Peter Saxe,"Jazz, Other Music, Music",Bass Guitar,Beginner,1 hour,4.4,25,113,"Rp249,000",8/2019,0,0,7,https://www.udemy.com/course/jazz-improvisation-101/
Blues Improvisation for the Advancing Guitarist,4492190,Dave Kirby,"Blues Guitar, Music Techniques, Music",Bass Guitar,Expert,2 hours,4.6,6,76,"Rp149,000",1/2022,0,0,18,https://www.udemy.com/course/blues-improvisation-for-the-advancing-guitarist/
Music Theory ABRSM Grade 7 Complete,6325045,Victoria Williams LmusTCL BA(Mus),"Music Theory, Music Fundamentals, Music",Bass Guitar,Expert,5.5 hours,4.9,7,135,"Rp149,000",1/2026,3,0,1,https://www.udemy.com/course/music-theory-abrsm-grade-7-complete/
7 Decades Of Strumming -The Ultimate Guitar Strumming Course,494912,Jack Long,"Guitar, Instruments, Music",Bass Guitar,Beginner,5 hours,4.5,53,672,"Rp159,000",1/2016,0,0,0,https://www.udemy.com/course/7-decades-of-strumming/
"Distortions, Fuzz, Pre Amp & everything about Guitar Drives",4772228,Gabriel Felix,"Guitar, Music Production, Music",Bass Guitar,All Levels,1 hour,3.6,9,1020,"Rp149,000",7/2022,0,0,1,https://www.udemy.com/course/distortions-fuzz-pre-amp-and-everthing-about-guitar-drives/
Master Guitar In 90 Days: Step-By-Step Lessons For Beginners,667186,Music Matchr,"Guitar, Instruments, Music",Bass Guitar,Beginner,25 hours,4.3,1162,9075,"Rp149,000",11/2020,0,0,87,https://www.udemy.com/course/rockstar-guitar-90-day-challenge/
Learn Hybrid Picking On Electric Guitar,4385474,Deniz Sayman,"Rock Guitar, Instruments, Music",Bass Guitar,Expert,38 mins,5.0,3,126,"Rp149,000",11/2021,0,0,0,https://www.udemy.com/course/learn-hybrid-picking-on-electric-guitar/
Play By Ear #3: Use 3 Major Chord Trick to Harmonize Songs,406058,Rosa Suen,"Piano Chords, Music Theory, Google Play, Music Fundamentals, Music",Bass Guitar,All Levels,3.5 hours,4.8,34,2162,"Rp149,000",10/2019,40,0,0,https://www.udemy.com/course/play-by-ear-3-use-my-3-chord-trick-to-harmonize-many-songs/
Music Theory #1- Circle of 5ths Master Class 12 Keys,322968,Rosa Suen,"Music Theory, Guitar, Ukulele, Google Play, Music Fundamentals",Bass Guitar,All Levels,3 hours,4.5,536,7521,"Rp149,000",10/2019,65,0,6,https://www.udemy.com/course/the-magic-circle-circle-of-5ths-or-circle-of-4ths/
Fingerstyle Guitar Lessons - Beginner Fingerpicking,4377114,Marc Barnacle,"Fingerstyle Guitar, Guitar, Guitar Chords, Songwriting, Instruments",Bass Guitar,Beginner,1.5 hours,4.6,18,439,"Rp149,000",3/2022,0,0,15,https://www.udemy.com/course/fingerstyle-guitar-lessons-beginner-fingerpicking/
"Ear Training & Aural Skills, Part 3: Melodies",4322114,J. Anthony Allen,"Ear Training, Music Fundamentals, Music",Bass Guitar,All Levels,3 hours,4.7,32,1403,"Rp149,000",11/2025,3,0,5,https://www.udemy.com/course/ear-training-3-melodies/
"Modulation Guitar Pedals - Flanger, Chorus, Phaser and more",4802326,Gabriel Felix,"Guitar, Music Production, Instruments, Music",Bass Guitar,All Levels,1 hour,4.8,15,1118,"Rp149,000",8/2022,0,0,1,https://www.udemy.com/course/modulation-guitar-pedals-flanger-chorus-phaser-and-more/
Play Like Hendrix & John Mayer: The Rock N Roll THUMB Course,1683956,Alon Kuper,"Guitar, Instruments, Music",Bass Guitar,Intermediate,2.5 hours,4.4,68,8641,Free,9/2024,11,0,11,https://www.udemy.com/course/guitar-thumb-rock-n-roll/
Christmas Songs - Learn Easy Christmas Songs on the Guitar,1422604,Lesson Pros,"Guitar, Instruments, Music",Bass Guitar,Beginner,1 hour,5.0,17,504,"Rp149,000",11/2025,41,0,38,https://www.udemy.com/course/learn-how-to-play-easy-christmas-songs-on-the-guitar/
Play Lead Guitar... The EASY Way!,2394058,John Robson,"Guitar, Pentatonic Scales, Instruments, Music",Bass Guitar,Intermediate,40 mins,4.7,422,1229,"Rp149,000",1/2020,0,0,14,https://www.udemy.com/course/play-lead-guitar-the-easy-way/
Gypsy Jazz / Jazz Manouche Rhythm Guitar Fundamentals,1384114,Harry Edwards,"Jazz Guitar, Instruments, Music",Bass Guitar,All Levels,3 hours,4.5,32,274,"Rp149,000",8/2019,0,0,3,https://www.udemy.com/course/gypsy-jazz-rhythm-guitar-course/
Guitar Basics: Strumming for Beginners,6048385,Jason Rivera,"Guitar, Instruments, Music",Bass Guitar,Beginner,35 mins,4.3,20,1518,"Rp149,000",1/2025,0,0,1,https://www.udemy.com/course/guitar-basics-strumming-for-beginners/
"Ear Training & Aural Skills, Part 2: Intervals",4139598,J. Anthony Allen,"Ear Training, Music Fundamentals, Music",Bass Guitar,Intermediate,5.5 hours,4.6,82,1908,"Rp149,000",11/2025,24,0,47,https://www.udemy.com/course/ear-training-aural-skills-intervals/
"Ear Training & Aural Skills, Part 1: Rhythms",4065008,J. Anthony Allen,"Ear Training, Music Fundamentals, Music",Bass Guitar,Beginner,4 hours,4.8,287,2978,"Rp149,000",11/2025,1,0,1,https://www.udemy.com/course/ear-training/
"Blues Guitar Chords, Rhythm and Lead: Blues Guitar Tab",970880,"Brian Jackson, Writing a Book with ChatGPT AI, Creative Writing , Nonfiction, Amazon KDP Self-publishing. Moho 2D Animation, AI","Blues Guitar, Guitar, Instruments, Music",Bass Guitar,Beginner,3 hours,4.1,33,3594,"Rp249,000",N/A,4,0,3,https://www.udemy.com/course/blues-guitar-lessons-for-beginners-chords-rhythm-and-lead/
Let's try scat singing -Jazz vocal improvisation for singers,3943818,さとのうた SATONOUTA アカデミー ACADEMY,"Jazz, Singing, Vocal, Music",Bass Guitar,Beginner,1.5 hours,4.6,31,192,"Rp149,000",2/2022,1,0,31,https://www.udemy.com/course/scatsinging/
Electric Guitar beginners- play the Electric Guitar -2022!,1993516,Ofer mali,"Guitar, Music Fundamentals, Music",Bass Guitar,Beginner,4 hours,4.2,31,183,"Rp249,000",2/2022,0,0,41,https://www.udemy.com/course/15-minutes-a-day-learn-to-play-the-electric-guitar/
Lucas Imbiriba - All Guitar Tutorials,6304507,Lucas Cesar de Oliveira Imbiriba,"Guitar, Flamenco Guitar, Classical Guitar, Fingerstyle Guitar, Instruments",Bass Guitar,All Levels,5.5 hours,4.8,13,91,"Rp1,199,000",11/2024,0,0,0,https://www.udemy.com/course/lucas-imbiriba-all-guitar-tutorials/
Blues Rock Lead Guitar Foundation Course.,1724092,Craig Garwood,"Guitar, Music Techniques, Music",Bass Guitar,Beginner,3 hours,4.5,24,177,"Rp149,000",9/2025,0,0,53,https://www.udemy.com/course/lead-guitar-foundation-course/
Guitar Basics Simplified: The Ultimate Beginner’s Shortcut,4671802,Peter Holland,"Guitar, Instruments, Music",Bass Guitar,Beginner,9.5 hours,4.8,8,1038,"Rp149,000",6/2025,0,0,0,https://www.udemy.com/course/shortcut-to-guitar-beginner-guitar-course/
Music Theory for People who Hate Music Theory,6121577,J. Anthony Allen,"Music Theory, Music Fundamentals, Music",Bass Guitar,Beginner,6 hours,4.6,23,163,"Rp149,000",11/2025,13,0,15,https://www.udemy.com/course/music-theory-for-people-who-hate-music-theory/
Music Theory Intro: DIY Circle of 5th -Guitar Piano Ukulele,530122,Rosa Suen,"Music Theory, Piano, Ukulele, Guitar, Music Fundamentals",Bass Guitar,All Levels,1 hour,4.4,45,1615,"Rp149,000",10/2019,9,0,2,https://www.udemy.com/course/fun-diy-circle-of-5ths-for-musicians-guitar-piano-ukulele/
Guitar Lessons For Beginners - Basics,681390,Kevin Zugschwert,"Guitar, Music Theory, Instruments, Music",Bass Guitar,Beginner,1 hour,4.8,2,36,"Rp149,000",2/2023,0,0,7,https://www.udemy.com/course/practice-guitar-with-no-previous-experience-and-become-a-pro/
Mathrock for the Modern Guitarist,6759271,Dave Connell,"Guitar, Guitar Chords, Fingerstyle Guitar, Instruments, Music",Bass Guitar,Intermediate,2.5 hours,5.0,1,12,"Rp149,000",1/2026,0,0,28,https://www.udemy.com/course/mathrock-for-the-modern-guitarist/
Blues Guitar Lessons for Beginners,2590272,James Rogers,"Guitar, Blues Guitar, Guitar Chords, Instruments, Music",Bass Guitar,Beginner,3.5 hours,4.6,13,108,"Rp149,000",10/2019,1,0,4,https://www.udemy.com/course/blues-guitar-lessons-for-beginners/
Learn how to Read Music Fast : Sheet Music and Note Reading,6754353,"Tomas George, Digital Music Masters","Reading Music, Music Techniques, Music",Bass Guitar,All Levels,1.5 hours,4.4,26,251,"Rp149,000",3/2026,2,0,40,https://www.udemy.com/course/sheet-music-note-reading/
Reading Music: Intervals,3918730,Jonathan Peters,"Reading Music, Music Fundamentals, Music",Bass Guitar,Beginner,1.5 hours,4.8,32,349,"Rp149,000",11/2022,5,0,19,https://www.udemy.com/course/reading-music-intervals/
MuseScore-FREE music notation software-Full course,1459136,Martin Cohen,"MuseScore, Music Software, Music",Bass Guitar,All Levels,4.5 hours,4.8,160,1941,"Rp149,000",2/2021,4,0,3,https://www.udemy.com/course/musescore-free-music-notation-software-full-course/
Rhythm Fundamentals - How to listen and count rhythms,3319832,Michael Emenau,"Music Instruction, Music Theory, Music Fundamentals, Music",Bass Guitar,All Levels,1.5 hours,4.4,22,1605,"Rp149,000",7/2020,0,0,7,https://www.udemy.com/course/rhythm-fundamentals/
Christmas Songs on the Guitar Course - Merry Christmas!,1425258,Lesson Pros,"Guitar, Instruments, Music",Bass Guitar,Beginner,1 hour,5.0,5,1118,"Rp149,000",11/2025,39,0,36,https://www.udemy.com/course/christmas-songs-on-the-guitar-easy/
All You Need To Know About Legato - For Guitar,6447091,Bobby Harrison,"Rock Guitar, Blues Guitar, Guitar, Music Techniques, Music",Bass Guitar,Intermediate,3.5 hours,5.0,4,35,"Rp149,000",2/2025,0,0,8,https://www.udemy.com/course/all-you-need-to-know-about-legato-for-guitar/
Ultra Simple Guitar Secrets,5632112,Matt Simon,"Guitar, Instruments, Music",Bass Guitar,Beginner,1.5 hours,5.0,1,3,"Rp149,000",10/2023,0,0,0,https://www.udemy.com/course/ultra-simple-guitar-secrets/
Beginner Guitar Lessons and Basics: Learn Guitar Today!,1522966,Joe Borowsky,"Guitar, Instruments, Music",Bass Guitar,Beginner,1 hour,4.4,24,2259,"Rp149,000",3/2018,0,0,2,https://www.udemy.com/course/intro-guitar-lessons/
Gypsy Jazz Guitar Basics Vol. 2 - Exploring Harmony,1346402,Alex Simon,"Jazz Guitar, Harmony (music), Music Improvisation, Instruments, Music",Bass Guitar,Beginner,42 mins,5.0,2,155,"Rp149,000",12/2018,0,0,0,https://www.udemy.com/course/gypsy-jazz-basics-exploring-harmony/
College Level Jazz Theory part 1.,583384,Joseph Armetta,"Jazz, College Admissions, Other Music, Music",Bass Guitar,Intermediate,2 hours,4.0,51,359,"Rp149,000",10/2015,0,0,11,https://www.udemy.com/course/college-level-jazz-theory-part-1/
"Popular Music History: Pop, Rock & Dance in the 20th Century",1887944,"Jonathan Armandary, Tomas George, Digital Music Masters","Music History, Music Appreciation, Other Music, Music",Bass Guitar,All Levels,3 hours,4.1,60,3040,"Rp149,000",2/2025,3,0,4,https://www.udemy.com/course/popular-music-history-course/
10 of the best guitar riffs for beginners,2689504,Gabriel Felix,"Guitar, Guitar Chords, Music Improvisation, Instruments, Music",Bass Guitar,All Levels,3.5 hours,4.4,17,1957,"Rp149,000",8/2024,0,0,15,https://www.udemy.com/course/10-of-the-best-guitar-riffs-for-beginners/
How to Play Acoustic Guitar from Scratch - Beginner Course,4913828,Elco Wennink,"Fingerstyle Guitar, Guitar, Guitar Chords, Reading Music, Instruments",Bass Guitar,Beginner,9 hours,4.4,10,104,"Rp149,000",12/2022,0,0,90,https://www.udemy.com/course/how-to-play-acoustic-guitar-from-scratch-beginner-course/
Ear Training for the Very Beginner Vol.1,1021528,Ilse Lozoya,"Ear Training, Music Theory, Music Fundamentals, Music",Bass Guitar,Beginner,2.5 hours,4.5,80,3416,"Rp149,000",11/2024,7,0,67,https://www.udemy.com/course/ear-training-for-the-very-beginner/
Learn Music Rhythms,1014612,"Music Course Online, Seth Rouse","Reading Music, Music Fundamentals, Music",Bass Guitar,All Levels,7 hours,4.8,88,679,"Rp149,000",12/2020,0,0,2,https://www.udemy.com/course/learn-music-rhythms/
Complete Guitar Lessons - Soukous African Style Now,2380580,Faida Sebuhoro,"Guitar, Music Techniques, Music",Bass Guitar,Intermediate,2 hours,4.3,22,123,"Rp149,000",9/2022,0,0,0,https://www.udemy.com/course/how-to-play-soukous-style-from-beginning-to-advanced-level/
The Musicarta Pentatonics Workbook,1380880,Mister Musicarta,"Pentatonic Scales, Music Theory, Piano, Music Fundamentals, Music",Bass Guitar,All Levels,11.5 hours,4.4,27,313,"Rp149,000",2/2021,0,0,26,https://www.udemy.com/course/the-musicarta-pentatonics-workbook/
"The Complete History of Music, COMPLETE: Parts 1, 2, and 3",2381720,J. Anthony Allen,"Music History, Music Fundamentals, Music",Bass Guitar,Beginner,9.5 hours,4.2,402,2328,"Rp149,000",12/2025,4,0,3,https://www.udemy.com/course/the-history-of-music/
Intros And Outros For Blues And Ragtime Guitar,171308,Rick Payne,"Blues Guitar, Guitar, Music Techniques, Music",Bass Guitar,Intermediate,37 mins,4.8,10,91,"Rp149,000",8/2017,0,0,5,https://www.udemy.com/course/intros-and-outros-for-blues-and-ragtime-guitar/
#2 Read Music Notes Fast: Read 22 Music Notes in 7 Days,543170,Rosa Suen,"Reading Music, Google Play, Music Theory, Music Fundamentals, Music",Bass Guitar,Beginner,1.5 hours,4.6,76,1250,"Rp149,000",10/2019,27,0,33,https://www.udemy.com/course/read-music-notes-fast-l2-read-22-music-notes-in-7-days/
Music Composition - Rhythm Fundamentals,1609760,Mikael Baggström,"Music Composition, Music Theory, Music Fundamentals, Music",Bass Guitar,All Levels,1.5 hours,4.2,102,807,"Rp149,000",8/2021,1,0,1,https://www.udemy.com/course/music-composition-rhythm-percussion/
Neo Soul Guitar | Basic Chord Substitution & Reharmonization,5624816,Dave Connell,"Guitar, Jazz Guitar, Music Improvisation, Instruments, Music",Bass Guitar,Intermediate,1.5 hours,4.3,8,1081,"Rp149,000",1/2025,0,0,32,https://www.udemy.com/course/neosoulguitar/
An Introduction To Jazz Improvisation,3410424,Jay Stebb,"Jazz, Music Improvisation, Music Techniques, Music",Bass Guitar,All Levels,2.5 hours,4.5,41,179,"Rp159,000",11/2020,0,0,0,https://www.udemy.com/course/an-introduction-to-jazz-improvisation/
Guitar Technique,2138388,Dan Dresnok,"Guitar, Acoustic Guitar, Instruments, Music",Bass Guitar,All Levels,3 hours,4.6,33,1962,"Rp149,000",9/2025,0,0,19,https://www.udemy.com/course/guitar-technique/
The Beginner’s Roadmap to Guitar Fretboard Memorization,6573645,Gabriel Felix,"Guitar, Instruments, Music",Bass Guitar,Beginner,40 mins,4.2,N/A,102,Free,4/2025,0,0,3,https://www.udemy.com/course/the-beginners-roadmap-to-guitar-fretboard-memorization/
Rhythm - the basics,2283688,Michael Emenau,"Playing Music by Ear, Drums, Music Fundamentals, Music",Bass Guitar,Beginner,1 hour,4.8,33,194,"Rp149,000",3/2019,0,0,1,https://www.udemy.com/course/rhythm-the-basics/
"The Complete History of Music, Part 4: The Late Baroque",5387012,J. Anthony Allen,"Music History, Music Fundamentals, Music",Bass Guitar,All Levels,2 hours,4.7,19,280,"Rp149,000",11/2025,2,0,2,https://www.udemy.com/course/baroque-music/
Play By Ear #1: Pick Out Melodies with 7 Tones in 1 Hour,390436,Rosa Suen,"Piano Chords, Music Theory, Google Play, Music Fundamentals, Music",Bass Guitar,All Levels,2 hours,4.5,171,3969,"Rp149,000",10/2019,46,0,1,https://www.udemy.com/course/play-by-ear-1-pick-out-melody-of-songs-with-7-scale-tones/
Time To Play Guitar,4672784,Joshua King,"Guitar, Instruments, Music",Bass Guitar,All Levels,5 hours,5.0,5,42,"Rp169,000",9/2023,0,0,50,https://www.udemy.com/course/time-to-play-guitar/
#5 Chord Progression: Music Theory 10 Levels A Child Is Born,1300980,Rosa Suen,"Music Theory, Piano, Music Fundamentals, Music",Bass Guitar,All Levels,1 hour,3.9,3,49,"Rp149,000",1/2025,11,0,10,https://www.udemy.com/course/5-chord-progression-music-theory-10-levels-a-child-is-born/
Strumming from scratch - Rhythm guitar lesson for Beginners,1200374,Tamal Ghosh,"Guitar, Instruments, Music",Bass Guitar,Beginner,2 hours,4.5,30,1225,"Rp149,000",5/2017,1,0,0,https://www.udemy.com/course/strumming-from-scratch-rhythm-guitar-lesson-for-beginners/
Guitar Fingerpicking for Be-WINNERS!,2489014,"Sean Daniel, Kyle Thompson","Fingerstyle Guitar, Instruments, Music",Bass Guitar,Beginner,3.5 hours,4.5,85,434,"Rp349,000",4/2021,0,0,20,https://www.udemy.com/course/guitar-fingerpicking-for-be-winners/
Fingerstyle Focus - Learn to play Fingerstyle Guitar!,1995328,"Sam Lawson, Stuart Ryan","Fingerstyle Guitar, Guitar, Acoustic Guitar, Instruments, Music",Bass Guitar,Beginner,4.5 hours,4.5,478,2417,"Rp149,000",1/2019,0,0,67,https://www.udemy.com/course/fingerstyle-focus-learn-to-play-fingerstyle-guitar/
Play MORE Lead Guitar... The Easy Way,2567852,John Robson,"Guitar, Blues Guitar, Pentatonic Scales, Instruments, Music",Bass Guitar,Intermediate,1 hour,4.8,97,491,"Rp149,000",9/2019,0,0,20,https://www.udemy.com/course/play-more-lead-guitar-the-easy-way/
Essential Guitar Techniques and 10 Iconic Classic Rock Riffs,3774084,Nikhil Jadav,"Guitar, Instruments, Music",Bass Guitar,Beginner,2 hours,4.3,7,51,"Rp149,000",1/2021,0,0,91,https://www.udemy.com/course/classic-rock-on-guitar-with-10-iconic-riffs/
You Got Rhythm! The Complete Course On Rhythm,4558562,Anne Plummer,"Music Theory, Music Techniques, Music",Bass Guitar,Beginner,6 hours,4.4,54,350,"Rp149,000",2/2025,2,0,13,https://www.udemy.com/course/you-got-rhythm/
#6 Chord Progression: Music Theory 10 Lev Morning Has Broken,1303612,Rosa Suen,"Music Theory, Music Fundamentals, Music",Bass Guitar,All Levels,1 hour,5.0,2,75,"Rp149,000",10/2019,11,0,10,https://www.udemy.com/course/6-chord-progression-music-theory-10-lev-morning-has-broken/
#8 Chord Progression:Music Theory 10 Levels Old Rugged Cross,1303384,Rosa Suen,"Piano, Music Fundamentals, Music",Bass Guitar,All Levels,1 hour,4.3,9,1370,"Rp149,000",10/2019,11,0,10,https://www.udemy.com/course/8-chord-progressionmusic-theory-10-levels-old-rugged-cross/
How To Play The Guitar - A Guide For Complete Beginners,2504026,John Robson,"Guitar, Guitar Chords, Instruments, Music",Bass Guitar,Beginner,1.5 hours,4.8,29,102,"Rp149,000",8/2019,0,0,12,https://www.udemy.com/course/how-to-play-the-guitar-a-guide-for-complete-beginners/
Let's Django Gypsy Jazz Guitar,2206204,Rick Payne,"Jazz Guitar, Music Techniques, Music",Bass Guitar,Intermediate,1 hour,4.5,4,70,"Rp149,000",8/2019,2,0,22,https://www.udemy.com/course/letsdjango/
The Blues Guitar Of John Lee Hooker,2280256,Rick Payne,"Blues Guitar, Music Techniques, Music",Bass Guitar,Intermediate,34 mins,4.3,7,95,"Rp149,000",8/2019,1,0,20,https://www.udemy.com/course/hooker-blues/
"The Complete History of Music, Part 3: The Early Baroque",2357246,J. Anthony Allen,"Music History, Music Fundamentals, Music",Bass Guitar,Beginner,3.5 hours,4.7,22,392,"Rp149,000",2/2023,2,0,2,https://www.udemy.com/course/the-complete-history-of-music-part-3-the-early-baroque/
Music Theory and Reading Music - The Beginners Guide!,1863032,"Tomas George, Jeremy Deighan - 300,000+ Students, Digital Music Masters","Music Theory, Reading Music, Songwriting, Music Composition, Music Fundamentals",Bass Guitar,Beginner,5.5 hours,4.5,192,7993,"Rp149,000",3/2026,1,0,0,https://www.udemy.com/course/music-theory-and-reading-music-course/
Classical Guitar Technique,6360975,Doon Guitar Lessons,"Classical Guitar, Instruments, Music",Bass Guitar,All Levels,1 hour,5.0,5,438,Free,6/2025,1,0,2,https://www.udemy.com/course/classical-guitar-technique/
#2 Chord Progression - Music Theory 10 Levels - Cradle Song,1289166,Rosa Suen,"Music Theory, Piano Chords, Music Fundamentals, Music",Bass Guitar,All Levels,1.5 hours,3.8,3,63,"Rp149,000",1/2025,11,0,10,https://www.udemy.com/course/2-chord-progression-music-theory-10-levels-cradle-song/
Introduction to Gypsy Jazz Guitar,1132694,Alex Simon,"Jazz Guitar, Instruments, Music",Bass Guitar,All Levels,2.5 hours,4.5,200,1512,"Rp149,000",8/2017,0,0,0,https://www.udemy.com/course/gypsy-jazz-guitar-lessons/
Fun Music Games - At what speed do you read music notes?,554176,Rosa Suen,"Music Theory, Google Play, Speed Reading, Music Fundamentals, Music",Bass Guitar,All Levels,1 hour,4.6,14,3488,"Rp149,000",10/2019,10,0,1,https://www.udemy.com/course/fun-music-games-at-what-speed-do-you-read-music-notes/
Music Theory in 90 Minutes: Practical Skills for Musicians,6585553,J. Anthony Allen,"Music Theory, Music Fundamentals, Music",Bass Guitar,Beginner,1.5 hours,4.4,8,104,"Rp149,000",12/2025,4,0,4,https://www.udemy.com/course/music-theory-in-90-minutes-practical-skills-for-musicians/
Introduction to Lead Guitar,103662,Rick Spurgin,"Guitar, Instruments, Music",Bass Guitar,Intermediate,1.5 hours,4.1,16,290,"Rp169,000",12/2013,0,0,23,https://www.udemy.com/course/introduction-to-lead-guitar/
Learn Open D Tuning for Guitar: Step-by-Step Videos & Tabs,6609645,Stef Rosen,"Blues Guitar, Acoustic Guitar, Music Theory, Instruments, Music",Bass Guitar,All Levels,1.5 hours,4.7,4,12,"Rp149,000",5/2025,0,0,8,https://www.udemy.com/course/learn-open-d-tuning-for-guitar-step-by-step-videos-tabs/
Play Piano 3: Improvise Chords to Enchanted Evening by Ear,996888,Rosa Suen,"Piano Chords, Google Play, Piano, Instruments, Music",Bass Guitar,All Levels,1.5 hours,4.6,5,849,"Rp149,000",10/2023,18,0,15,https://www.udemy.com/course/play-piano-3-improvise-chords-to-enchanted-evening-by-ear/
Guitar Techniques and Effects (Female Presenter),4555878,Peter Campbell,"Guitar, Music Techniques, Music",Bass Guitar,All Levels,3.5 hours,4.6,N/A,N/A,"Rp799,000",3/2022,1,0,1,https://www.udemy.com/course/guitar-techniques-and-effects-female-presenter/
Music Theory Comprehensive: Part 1 - How To Read Music,740204,J. Anthony Allen,"Music Theory, Reading Music, Music Fundamentals, Music",Bass Guitar,Beginner,3.5 hours,4.5,410,2708,"Rp149,000",3/2025,3,0,3,https://www.udemy.com/course/music-theory1/
Learn Piano #8: Use Augmented Chord Sub & Whole Tone Scales,356060,Rosa Suen,"Piano Chords, Google Play, Piano, Instruments, Music",Bass Guitar,All Levels,1 hour,4.6,6,1213,"Rp149,000",10/2019,16,0,3,https://www.udemy.com/course/learn-piano-8-use-augmented-chord-sub-whole-tone-scales/
#4 Chord Progression: Music Theory 10 Levels - O Holy Night,1298016,Rosa Suen,"Music Theory, Music Fundamentals, Music",Bass Guitar,All Levels,1 hour,4.8,5,2082,"Rp149,000",10/2019,11,0,10,https://www.udemy.com/course/4-chord-progression-music-theory-10-levels-o-holy-night/
#16 Piano Trick: Play EZ Groupings Nostalgic Accompaniment,1307318,Rosa Suen,"Piano, Instruments, Music",Bass Guitar,Intermediate,1 hour,2.3,2,42,"Rp149,000",1/2025,12,0,2,https://www.udemy.com/course/16-piano-trick-play-ez-groupings-nostalgic-accompaniment/
Learn Blues Guitar,1808874,Music Course Online,"Blues Guitar, Guitar, Music Techniques, Music",Bass Guitar,Beginner,1.5 hours,4.3,22,1258,"Rp149,000",6/2021,0,0,1,https://www.udemy.com/course/blues-guitar-made-simple/
The Professional Guitar Masterclass,456284,Michael Palmisano,"Guitar, Blues Guitar, Country Guitar, Instruments, Music",Bass Guitar,All Levels,7.5 hours,4.6,6035,52485,Free,8/2017,0,0,98,https://www.udemy.com/course/the-professional-guitar-masterclass/
#13 Play Piano Trick: Rosa's Half Step Slides to Syncopate,1290818,Rosa Suen,"Piano, Music Techniques, Music",Bass Guitar,Intermediate,1 hour,4.3,2,69,"Rp149,000",10/2023,7,0,1,https://www.udemy.com/course/13-play-piano-trick-rosas-half-step-slides-to-syncopate/
#7 Chord Progression: Music Theory 10 Levels -Love Me Tender,1304362,Rosa Suen,"Music Theory, Piano, Piano Chords, Music Fundamentals, Music",Bass Guitar,All Levels,1 hour,5.0,2,56,Free,10/2023,11,0,10,https://www.udemy.com/course/7-chord-progression-music-theory-10-levels-love-me-tender/
Guitar Techniques and Effects (Male Presenter),4612458,Peter Campbell,"Guitar, Music Techniques, Music",Bass Guitar,All Levels,3.5 hours,4.6,N/A,N/A,"Rp799,000",3/2022,1,0,1,https://www.udemy.com/course/guitar-techniques-and-effects-male-presenter/
Guitar Essentials for Beginners,4261228,Jason Rivera,"Guitar, Instruments, Music",Bass Guitar,Beginner,1 hour,4.8,65,5074,"Rp149,000",1/2025,0,0,5,https://www.udemy.com/course/guitar-essentials-for-beginners/
Learn Piano in 45 Days (Part two),1524014,Thomas bazzoon,"Piano, Instruments, Music",Bass Guitar,Beginner,2.5 hours,4.6,30,3396,"Rp149,000",2/2018,0,0,1,https://www.udemy.com/course/learn-piano-in-45-days-part-two/
Guitar & Microsoft Excel,4396512,Robert (Bob) Steele,"Guitar, Microsoft Excel, Music Fundamentals, Music",Bass Guitar,All Levels,50 hours,4.6,90,16700,"Rp149,000",4/2024,0,0,58,https://www.udemy.com/course/guitar-microsoft-excel/
#12 Play Piano Trick: Play Off-Beat - EZ Swing & Syncopate,1297036,Rosa Suen,"Piano, Music Techniques, Music",Bass Guitar,Intermediate,1 hour,4.6,2,43,"Rp149,000",10/2023,5,0,1,https://www.udemy.com/course/12-play-piano-trick-play-off-beat-ez-swing-syncopate/
Bossa Nova - Learn the right way,6464827,"W.A. Barbosa Negocios Digitais - Ltda, Giana Viscardi","Music Theory, Music Fundamentals, Music",Bass Guitar,Beginner,3.5 hours,4.7,N/A,1,"Rp1,799,000",2/2025,0,0,0,https://www.udemy.com/course/bossa-nova-learn-the-right-way-s/
Complete Acoustic Guitar Intermediate Course,4020260,Jakob Puchmayr,"Guitar, Singing, Instruments, Music",Bass Guitar,Intermediate,2.5 hours,4.7,4,91,Free,5/2021,1,0,26,https://www.udemy.com/course/complete-acoustic-guitar-intermediate-course/
Piano Rhythms Vol.3: Bossa Nova Style,1975452,Ilse Lozoya,"Piano, Music Fundamentals, Music",Bass Guitar,Beginner,1.5 hours,4.7,7,687,"Rp149,000",11/2024,14,0,14,https://www.udemy.com/course/piano-rhythms-vol3-bossa-nova-style/
Trinity Grade 3 Music Theory,6135213,Victoria Williams LmusTCL BA(Mus),"Music Theory, Music Fundamentals, Music",Bass Guitar,Intermediate,1.5 hours,4.5,5,50,"Rp149,000",1/2026,8,0,5,https://www.udemy.com/course/trinity-grade-3-music-theory/
Solfège and Ear Training: Intermediate 201 (Minor Blues),6243177,Josh Cook,"Music Theory, Music Fundamentals, Music",Bass Guitar,Intermediate,1.5 hours,5.0,1,9,"Rp149,000",10/2024,0,0,0,https://www.udemy.com/course/solfege-and-ear-training-minor-blues/
Easy Guitar for Beginners,3983820,Filip Flego,"Guitar, Instruments, Music",Bass Guitar,Beginner,3.5 hours,4.5,224,55276,"Rp149,000",6/2022,0,0,62,https://www.udemy.com/course/easy-guitar-for-beginners/
5 Easy Christmas Songs for Guitar,5672898,Jason Rivera,"Guitar, Instruments, Music",Bass Guitar,Beginner,1 hour,5.0,12,1689,"Rp149,000",12/2023,0,0,2,https://www.udemy.com/course/5-easy-christmas-songs-for-guitar/
Songwriting 101: START New Songs & Enjoy Endless Inspiration,4699888,Alon Kuper,"Songwriting, Music Fundamentals, Music",Bass Guitar,Beginner,1 hour,3.9,7,1035,"Rp349,000",9/2024,4,0,5,https://www.udemy.com/course/songwriting-101/
Pentatonics and Blues Guitar Solo Mastery,791620,Dan Amerson,"Blues Guitar, Guitar, Music Fundamentals, Music",Bass Guitar,Intermediate,6 hours,3.6,23,2242,"Rp149,000",4/2016,0,0,9,https://www.udemy.com/course/blues-guitar-solo-mastery/
Beginners Guitar Lessons - Part 2.,1283674,Michael Warren,"Guitar, Music Techniques, Music",Bass Guitar,Beginner,10 hours,4.5,25,158,"Rp149,000",7/2023,0,0,59,https://www.udemy.com/course/the-ultimate-beginners-guitar-lessons-part-2/
The 3 key Elements of Perfect Guitar Picking,2734134,Samir Maamari,"Guitar, Instruments, Music",Bass Guitar,Intermediate,1 hour,4.2,11,36,"Rp149,000",8/2021,0,0,24,https://www.udemy.com/course/the3keyelementsofperfectpicking/
Christmas Songs for the Curious Guitarist,1423188,Dan Dresnok,"Guitar, Guitar Chords, Instruments, Music",Bass Guitar,All Levels,3 hours,4.3,25,1355,"Rp149,000",9/2025,0,0,47,https://www.udemy.com/course/christmas-songs-for-the-curious-guitarist/
How to Record Electric Guitar at Home: A Step-by-Step Course,1598088,Paweł Tarkowski,"Music Recording, Music Production, Music",Bass Guitar,Beginner,2 hours,4.3,21,96,"Rp149,000",3/2018,0,0,0,https://www.udemy.com/course/how-to-record-electric-guitar/
The Ultimate Guide To Barre Chords!,1948190,Dan Thorpe (Guitar Domination),"Guitar Chords, Instruments, Music",Bass Guitar,All Levels,3.5 hours,4.6,26,174,"Rp1,799,000",12/2018,50,0,26,https://www.udemy.com/course/ultimate-guide-to-barre-chords/
Add Slide To Your Guitar Playing,201894,Dave Matthis,"Guitar, Instruments, Music",Bass Guitar,All Levels,33 mins,4.4,9,128,"Rp149,000",5/2014,12,0,0,https://www.udemy.com/course/add-slide-to-your-guitar-playing/
The Musicarta Beat and Rhythm Workbook,3214875,Mister Musicarta,"Piano, Music Fundamentals, Music",Bass Guitar,All Levels,4.5 hours,4.8,16,164,"Rp149,000",11/2020,0,0,13,https://www.udemy.com/course/the-musicarta-beat-and-rhythm-workbook/
Slide Guitar Essentials: Open E Tuning,1187516,Vinnie D,"Guitar, Instruments, Music",Bass Guitar,All Levels,3 hours,4.7,68,1535,"Rp149,000",8/2017,0,0,14,https://www.udemy.com/course/slide-guitar-lessons/
Music Theory for Beginners: Applied Harmony,3144140,Marco Galvan,"Harmony (music), Keyboard Instrument, Music Fundamentals, Music",Bass Guitar,Beginner,3.5 hours,4.8,11,196,"Rp149,000",2/2026,9,0,1,https://www.udemy.com/course/applied-modern-harmony-part-1/
The Birth of the Blues: A Social and Musical History,3483920,Tony Manca,"Music History, Other Music, Music",Bass Guitar,All Levels,2 hours,3.7,12,35,Free,5/2022,0,0,0,https://www.udemy.com/course/the-birth-of-the-blues-a-social-and-musical-history/
"Ultimate Ableton Live 10, Part 2: Recording & Warping",1529814,J. Anthony Allen,"Ableton Live, Music Software, Music",Bass Guitar,Intermediate,2.5 hours,4.7,32,361,"Rp149,000",2/2023,1,0,1,https://www.udemy.com/course/ultimate-ableton-live-10-part-2-recording-warping/
Complete Reading Music Megacourse: Beginner to Expert,4874234,Skillademia Academy,"Reading Music, Keyboard Instrument, Piano, Piano Chords, Music Fundamentals",Bass Guitar,All Levels,9.5 hours,4.4,31,10138,"Rp149,000",1/2023,0,0,1,https://www.udemy.com/course/complete-reading-music-megacourse-beginner-to-expert/
How To Play Blues Guitar - Open G and D,99946,Jim Bruce,"Blues Guitar, Guitar, Instruments, Music",Bass Guitar,Intermediate,1.5 hours,4.3,16,391,"Rp149,000",12/2017,0,0,5,https://www.udemy.com/course/open-g-and-d-guitar-lessons/
Ultimate Acoustic Guitar Essentials - Lessons For Beginners,2321444,Matthew D,"Guitar, Instruments, Music",Bass Guitar,Beginner,2.5 hours,4.7,25,154,"Rp149,000",10/2019,0,0,19,https://www.udemy.com/course/the-ultimate-acoustic-guitar-essentials/
The Art of String Orchestration: from instrumentation to exp,5843220,Negin Zomorodi,"Instruments, Music",Bass Guitar,Intermediate,1.5 hours,4.7,17,93,"Rp149,000",3/2026,0,0,0,https://www.udemy.com/course/strings-journey-to-orchestra/
Play 'COMPLETE UNKNOWN' Bob Dylan's Blowing in the Wind,705890,Ben Hewlett,"Harmonica, Instruments, Music",Bass Guitar,All Levels,1 hour,4.6,9,106,"Rp149,000",1/2025,0,0,16,https://www.udemy.com/course/instant-harmonica-play-dylans-blowing-in-the-wind-today/
Learn the CAGED system on Guitar!,6421783,Jacob Lamb,"Guitar, Instruments, Music",Bass Guitar,All Levels,1 hour,4.1,3,14,"Rp149,000",1/2025,7,0,17,https://www.udemy.com/course/learn-the-caged-system-on-guitar/
Modern Fingerstyle Workout,4215704,Andrew Axenov,"Fingerstyle Guitar, Acoustic Guitar, Guitar, Instruments, Music",Bass Guitar,All Levels,4.5 hours,4.8,16,249,"Rp299,000",8/2021,0,0,24,https://www.udemy.com/course/guitarworkout/
Jazz Guitar Basics,1353786,"Jan Pospisil, Martin Cohen","Jazz Guitar, Instruments, Music",Bass Guitar,Beginner,4 hours,4.3,27,222,"Rp149,000",3/2026,0,0,153,https://www.udemy.com/course/jazz-guitar-basics/
Beginner Guitar Chords: Easy Strumming and Picking,5338296,Anthony Pell,"Guitar Chords, Instruments, Music",Bass Guitar,Beginner,1.5 hours,4.5,2,15,"Rp149,000",5/2023,0,0,34,https://www.udemy.com/course/beginner-guitar-chords/
Complete Guitar Method Masterclass - Part 2,3788974,Hani Gamal,"Acoustic Guitar, Instruments, Music",Bass Guitar,Intermediate,7.5 hours,4.8,20,196,"Rp349,000",12/2022,0,0,4,https://www.udemy.com/course/complete-guitar-method-masterclass-part-2/
Switch Chords EFFORTLESSLY >>> Play Songs Fluently (Guitar),1962600,Alon Kuper,"Guitar, Instruments, Music",Bass Guitar,Beginner,3 hours,4.4,200,24984,"Rp799,000",9/2024,13,0,12,https://www.udemy.com/course/guitar-switch-chords-effortlessly/
"Introduction to Guitar ""A Course for Beginners""",151027,Rick Spurgin,"Guitar, Instruments, Music",Bass Guitar,Beginner,2.5 hours,4.5,18,192,"Rp149,000",9/2015,0,0,28,https://www.udemy.com/course/introduction-to-guitar/
Ear Training for the Very Beginner Vol.3,1328274,Ilse Lozoya,"Ear Training, Music Fundamentals, Music",Bass Guitar,Beginner,2 hours,4.9,5,845,"Rp149,000",11/2024,8,0,4,https://www.udemy.com/course/ear-training-for-the-very-beginner-vol3/
French Polishing for Guitar Makers,3807904,Mr James Lister,"Guitar, Instruments, Music",Bass Guitar,Beginner,2.5 hours,4.8,26,70,"Rp379,000",2/2021,0,0,8,https://www.udemy.com/course/french-polishing-for-guitar-makers/
Acoustic Guitar Recording Guide,6931321,Itay Kashti,"Music Recording, Music Production, Music",Bass Guitar,Intermediate,34 mins,5.0,2,3,N/A,12/2025,0,0,0,https://www.udemy.com/course/acoustic-guitar-recording-guide/
3 Pros 1 Goal: To Help You Write Better Songs,3961448,Colin Odonohoe,"Songwriting, Music Fundamentals, Music",Bass Guitar,All Levels,2 hours,4.7,6,51,"Rp149,000",7/2021,4,0,37,https://www.udemy.com/course/3-pros-1-goal-to-help-you-write-better-songs/
Master the Guitar: From Beginner to Pro in Easy Steps,6917683,Muhammad Husnain,"Guitar, Instruments, Music",Bass Guitar,Beginner,1.5 hours,4.7,29,55,"Rp149,000",11/2025,0,0,0,https://www.udemy.com/course/master-the-guitar-from-beginner-to-pro-in-easy-steps/
Music Theory Vol. 2: Scales and Chords,990624,Ilse Lozoya,"Music Theory, Music Fundamentals, Music",Bass Guitar,Beginner,1.5 hours,4.6,23,1689,"Rp149,000",11/2024,1,0,0,https://www.udemy.com/course/music-theory-vol-2-scales-and-chords/
How to Understand Music Better and Unleash Your Creativity,26648,Stewart Johnson,"Guitar, Google Play, Music Theory, Instruments, Music",Bass Guitar,Beginner,9.5 hours,4.5,9,1758,"Rp169,000",11/2017,0,0,190,https://www.udemy.com/course/how-to-play-guitar-really-understand-music/
Music Theory Vol.3: Harmonic Progressions,1090004,Ilse Lozoya,"Music Theory, Music Fundamentals, Music",Bass Guitar,Beginner,1.5 hours,4.5,9,1463,"Rp149,000",11/2024,3,0,2,https://www.udemy.com/course/music-theory-vol3/
Diminished Lightning Vol. 3 - Advanced Gypsy Jazz Guitar,1930238,Alex Simon,"Jazz Guitar, Instruments, Music",Bass Guitar,Expert,1 hour,4.5,1,89,"Rp149,000",11/2018,0,0,0,https://www.udemy.com/course/diminished-lightning-vol-3-advanced-guitar-soloing/
Guitar Bootcamp ?A to Z Course for Absolute Beginners,1433658,Justin Patrick,"Guitar, Instruments, Music",Bass Guitar,All Levels,6.5 hours,4.7,14,106,"Rp149,000",12/2018,0,0,50,https://www.udemy.com/course/super-easy-guitar-a-to-z-course-for-absolute-beginners/
How to speak Pianish (beginner level),213532,Anton R. Tajanlangit,"Piano, Instruments, Music",Bass Guitar,Beginner,1 hour,4.2,8,560,"Rp149,000",8/2015,0,0,3,https://www.udemy.com/course/pianish101/
Ear Training for the Very Beginner Vol.2,1192192,Ilse Lozoya,"Ear Training, Music Fundamentals, Music",Bass Guitar,Beginner,3 hours,4.3,18,1463,"Rp149,000",11/2024,1,0,0,https://www.udemy.com/course/ear-training-for-the-very-beginner-vol2/
Pentatonics for Pianists,2110862,Martan Mann,"Music Improvisation, Piano, Music Fundamentals, Music",Bass Guitar,Intermediate,43 mins,4.9,4,55,"Rp149,000",9/2023,0,0,12,https://www.udemy.com/course/pentatonics-for-pianists/
Ear Training for the Very Beginner Vol.4,2328824,Ilse Lozoya,"Classical Music, Music Fundamentals, Music",Bass Guitar,Beginner,3.5 hours,4.6,5,751,"Rp149,000",11/2024,0,0,0,https://www.udemy.com/course/ear-training-for-the-very-beginner-vol4/
Worship Revolution,3459084,Charles Dupuis,"Christianity, Personal Transformation, Personal Development",Bass Guitar,All Levels,2 hours,5.0,26,1091,"Rp449,000",3/2025,0,0,1,https://www.udemy.com/course/worship-tip-of-the-spear-of-prayer/
Your FIRST guitar lesson,3907318,Bronson Bragg,"Guitar, Music Fundamentals, Music",Bass Guitar,Beginner,1 hour,5.0,15,52,"Rp149,000",4/2021,0,0,7,https://www.udemy.com/course/beginning-guitar-lessons/
Diminished Lightning Vol.1 - Gypsy Jazz Guitar,1919600,Alex Simon,"Jazz Guitar, Instruments, Music",Bass Guitar,Intermediate,1 hour,4.3,15,136,"Rp149,000",10/2018,0,0,0,https://www.udemy.com/course/diminished-lightning-vol1-gypsy-jazz-guitar/
Creative Arpeggios For Lead Guitar,5394910,Bobby Harrison,"Guitar, Instruments, Music",Bass Guitar,Intermediate,2 hours,4.9,14,133,"Rp149,000",6/2023,0,0,32,https://www.udemy.com/course/creative-arpeggios-for-lead-guitar/
How to play songs on a guitar on the key of G,6392697,Walter Kavai,"Instruments, Music",Bass Guitar,Intermediate,37 mins,5.0,N/A,N/A,"Rp149,000",1/2025,0,0,0,https://www.udemy.com/course/how-to-play-songs-on-a-guitar-on-the-key-of-g/
Music Theory from beginning up to modal systems,5586752,Andreas Dieruff,"Music Theory, Music Fundamentals, Music",Bass Guitar,All Levels,2 hours,4.9,9,42,"Rp149,000",10/2023,0,0,21,https://www.udemy.com/course/music-theory-from-beginning-up-to-modal-systems/
Learn Live Looping On The RC-3 Loop Station.,3772980,Brad Cunningham,"Live Looping, Other Music, Music",Bass Guitar,All Levels,1.5 hours,4.0,2,14,"Rp149,000",6/2021,0,0,0,https://www.udemy.com/course/learn-live-looping/
Getting Started With Acoustic Guitar,433850,Varun Prasad,"Acoustic Guitar, Guitar, Instruments, Music",Bass Guitar,Beginner,1 hour,4.3,78,2484,"Rp249,000",4/2023,2,0,0,https://www.udemy.com/course/getting-started-with-acoustic-guitar/
Learn Scales & Music Theory & Give Yourself An Upper Hand,815606,Mantius Cazaubon,"Music Theory, Music Fundamentals, Music",Bass Guitar,Intermediate,2 hours,4.2,60,375,"Rp149,000",2/2018,1,0,6,https://www.udemy.com/course/scalestheory/
Play Gypsy Jazz Rhythm Guitar! Vol. 2 - Gypsy Bossas,1534246,Alex Simon,"Jazz Guitar, Instruments, Music",Bass Guitar,Beginner,1 hour,4.6,3,108,"Rp149,000",12/2018,0,0,0,https://www.udemy.com/course/play-gypsy-jazz-rhythm-guitar-gypsy-bossas/
Play Gypsy Jazz Rhythm Guitar! Vol 3 - Waltz Accompaniment,1554884,Alex Simon,"Jazz Guitar, Instruments, Music",Bass Guitar,Beginner,1.5 hours,4.9,3,83,"Rp149,000",12/2018,0,0,0,https://www.udemy.com/course/gypsy-jazz-guitar-waltz-accompaniment/
Play by ear any song on guitar/piano (or other instrument),4437330,Martin Cohen,"Playing Music by Ear, Guitar, Piano, Music Techniques, Music",Bass Guitar,All Levels,4.5 hours,4.0,4,119,"Rp149,000",12/2021,4,0,29,https://www.udemy.com/course/play-any-song-by-ear-on-guitar-piano-or-other-instrument/
Learn Exquisite Mathematics at your fingertips.,4155234,Fazal AZIZUDDIN,"Math, Teaching & Academics",Bass Guitar,Intermediate,1 hour,4.5,N/A,N/A,"Rp149,000",7/2021,0,0,5,https://www.udemy.com/course/learn-exquisite-mathematics-at-your-fingertips/
Mini Rock Band Guide,3447322,HowExpert,"Music Business, Music Techniques, Music",Bass Guitar,All Levels,1 hour,4.5,N/A,N/A,"Rp349,000",8/2020,0,0,0,https://www.udemy.com/course/mini-rock-band-guide/
Beginner Music Theory for Guitarists,4478622,Dave Kirby,"Guitar, Music Fundamentals, Music",Bass Guitar,All Levels,1 hour,4.3,2,15,"Rp149,000",1/2022,0,0,10,https://www.udemy.com/course/beginner-music-theory-for-guitarists/
Beginner Guitar Lessons Easy Step By Step - Module 2,3828750,Prabir Jana,"Guitar, Music Theory, Instruments, Music",Bass Guitar,Beginner,1 hour,5.0,10,17,"Rp149,000",2/2021,0,0,0,https://www.udemy.com/course/beginner-level-module-2/
Guitar,6941675,Zelus Academy,"Instruments, Music",Bass Guitar,All Levels,4.5 hours,N/A,N/A,N/A,"Rp149,000",11/2025,0,0,0,https://www.udemy.com/course/guitar-de/
Pentatonic Power Series!,1362156,Shred Scott,"Guitar, Pentatonic Scales, Instruments, Music",Bass Guitar,All Levels,44 mins,4.3,24,192,"Rp149,000",9/2017,0,0,15,https://www.udemy.com/course/pentatonic-power-series/
Beginner Guitar: You Only Need 6 Chords,2055787,Ryan Rostrom,"Guitar, Music Theory, Acoustic Guitar, Guitar Chords, Instruments",Bass Guitar,Beginner,8.5 hours,4.5,30,1197,"Rp149,000",12/2019,11,0,15,https://www.udemy.com/course/you-only-need-6-chords/
"Learn Guitar The Easy Way, It's Faster",112602,Alvaro Avila,"Guitar, Instruments, Music",Bass Guitar,Beginner,4.5 hours,4.6,6,84,"Rp149,000",11/2013,0,0,0,https://www.udemy.com/course/learn-guitar-the-easy-way-its-faster/
Learn To Read & Write Music - Go From Beginner To Advanced,566432,"Joe Parys, Erich Bailey, Joe Parys Support","Music Theory, Go (programming language), Writing, Music Fundamentals, Music",Bass Guitar,All Levels,2 hours,4.6,227,8455,"Rp149,000",7/2017,0,0,0,https://www.udemy.com/course/learnmusic/
Acoustic Guitar 101: Essentials for Beginners,1482002,Darren Alderman,"Acoustic Guitar, Guitar, Instruments, Music",Bass Guitar,Beginner,3.5 hours,4.3,10,80,"Rp149,000",9/2018,12,0,45,https://www.udemy.com/course/acousticguitar101/
RelationShapes: Complete Guitar Scales Learning System,1643582,Trey Xavier,"Guitar, Music Techniques, Music",Bass Guitar,All Levels,1.5 hours,4.5,615,2434,"Rp999,000",6/2018,0,0,20,https://www.udemy.com/course/relationshapes/
Jazz Guitar Reharmonization for Autumn Leaves,200722,John Rhodes,"Jazz Guitar, Jazz, Guitar, Instruments, Music",Bass Guitar,All Levels,34 mins,4.3,3,73,"Rp149,000",7/2014,0,0,99,https://www.udemy.com/course/jazz-guitar-reharmonization-for-autumn-leaves/
Electric Guitar for Beginners - RockStarter Level 1,1159988,Troy Davidson (Studio33Guitar),"Guitar, Rock Guitar, Instruments, Music",Bass Guitar,Beginner,2.5 hours,4.4,39,763,"Rp149,000",3/2017,1,0,1,https://www.udemy.com/course/electric-guitar-for-beginners-rockstarter-level-1/
Piano For Beginners by Keith Nolan,4039342,Keith Nolan,"Piano, Instruments, Music",Bass Guitar,Beginner,2.5 hours,4.1,2,6,"Rp149,000",5/2021,0,0,25,https://www.udemy.com/course/piano-for-beginners-by-keith-nolan/
Music Theory Classroom: Fundamentals of Melody and Harmony 2,3467188,Nate Brown,"Music Theory, Music Fundamentals, Music",Bass Guitar,Beginner,2 hours,4.7,N/A,39,"Rp149,000",8/2022,9,0,28,https://www.udemy.com/course/music-theory-classroom-melody-and-harmony-review/
MASTER of HARMONY at the piano/keyboard!chord music theory,3468898,Luigi Pati,"Music Theory, Music Techniques, Music",Bass Guitar,Intermediate,1 hour,5.0,1,30,"Rp149,000",4/2021,0,0,0,https://www.udemy.com/course/master-harmony-piano-keyboard-music-theory-chord-inversion-scales-mode/
Music Theory Made Easy: Mastering Chords and Scales,608142,Joseph Evans,"Music Theory, Music Production, Music",Bass Guitar,Beginner,1 hour,4.5,124,1800,Free,3/2024,0,0,0,https://www.udemy.com/course/music-theory-for-beat-makers/
The Art of Augmented - Intermediate Gypsy Jazz Guitar,2052415,Alex Simon,"Jazz Guitar, Instruments, Music",Bass Guitar,Intermediate,1 hour,4.4,9,72,"Rp149,000",2/2019,0,0,0,https://www.udemy.com/course/guitar-magic-the-art-of-augmented-vol-1/
The Beginner's Guide To Jazz Drumming,6340673,Eric Ching,"Jazz, Instruments, Music",Bass Guitar,Beginner,41 mins,4.2,4,304,"Rp447,000.00",3/2025,1,0,1,https://www.udemy.com/course/the-beginners-guide-to-jazz-drumming/
Produce a 1980's Electro Funk Track in Ableton Live 9 & 10,1967598,Rob Webster,"Music Production, Music",Bass Guitar,Intermediate,3.5 hours,4.3,13,119,"Rp149,000",10/2018,0,0,1,https://www.udemy.com/course/produce-a-1980s-electronic-funk-track-in-ableton-live-9-10/
"Blues Rock Soloing with Kris Barras, Part I",3215599,Academy of Music & Sound Online,"Blues Guitar, Music Techniques, Music",Bass Guitar,Beginner,1.5 hours,4.9,22,1633,Free,7/2020,0,0,8,https://www.udemy.com/course/blues-rock-soloing-with-kris-barras-part-1/
Fingerstyle Guitar Mastery: 3 Techniques You Need To Know,1034414,Tobias Rauscher,"Fingerstyle Guitar, Acoustic Guitar, Guitar, Personal Growth & Wellness, Instruments",Bass Guitar,All Levels,34 mins,4.8,438,28335,Free,12/2016,5,0,10,https://www.udemy.com/course/3-fingerstyle-guitar-techniques-you-need-to-know/
Free Beginners Guitar Lessons - Part 1,1273998,Michael Warren,"Guitar, Music Techniques, Music",Bass Guitar,Beginner,4 hours,4.5,998,26564,Free,7/2023,0,0,15,https://www.udemy.com/course/free-ultimate-beginners-guitar-lessons-part-1/
The Top 24 Guitar Hacks & Tips for Beginners,1617838,Alon Kuper,"Guitar, Instruments, Music",Bass Guitar,Beginner,2 hours,4.7,157,20096,Free,9/2024,10,0,7,https://www.udemy.com/course/guitar-hacks-tricks/
FREE Online Beginner Guitar Lessons Learn Strumming Patterns,2403784,Lesson Pros,"Guitar, Guitar Chords, Instruments, Music",Bass Guitar,All Levels,2 hours,4.6,237,13943,Free,11/2025,3,0,0,https://www.udemy.com/course/ultimate-master-guitar-strumming-beginner-to-advanced-patterns/
Lead Guitar Lesson #2 - Alternate Picking Technique,1500866,Thomas V. Dekker,"Guitar, Instruments, Music",Bass Guitar,Beginner,1 hour,4.7,37,2633,Free,2/2018,0,0,3,https://www.udemy.com/course/lead-guitar-program-l2-alternate-picking-technique/
Acoustic Guitar Basics,198690,Francis Long,"Acoustic Guitar, Guitar Chords, Instruments, Music",Bass Guitar,Beginner,2 hours,4.3,766,31154,Free,4/2016,4,0,17,https://www.udemy.com/course/acoustic-guitar-basics/
Solfège and Ear Training: Preliminary,5537344,Josh Cook,"Music Theory, Ear Training, Voice Training, Music Fundamentals, Music",Bass Guitar,Beginner,1.5 hours,4.7,47,880,Free,10/2023,0,0,0,https://www.udemy.com/course/solfege-and-ear-training-preliminary/
Approaches & Strategies for the Popular Music Guitarist,5281484,Darren Lindsay,"Music Composition, Music Theory, Songwriting, Music Techniques, Music",Bass Guitar,Beginner,1 hour,4.9,7,1032,Free,5/2023,0,0,12,https://www.udemy.com/course/approaches-strategies-for-the-popular-music-guitarist/
Beginner Guitar Course,4230768,Adam Heath,"Guitar, Instruments, Music",Bass Guitar,Beginner,1 hour,4.4,21,1908,Free,8/2021,0,0,39,https://www.udemy.com/course/adam-beginner-guitar-course/
FREE Beginner Guitar Fast Track - Learn Guitar Basics Online,701210,Lesson Pros,"Guitar, Acoustic Guitar, Guitar Chords, Music Techniques, Music",Bass Guitar,Beginner,2 hours,4.4,87,8970,Free,11/2025,3,0,0,https://www.udemy.com/course/master-guitar-learn-to-play-guitar-lessons-online-guitar-lessons/
Play Your First 100 Songs: Beginner Guitar in the Key of C,5533160,Peter Holland,"Acoustic Guitar, Instruments, Music",Bass Guitar,Beginner,2 hours,5.0,1,285,Free,6/2025,0,0,0,https://www.udemy.com/course/learn-chords-play-songs/
Total Beginner Guitar,3183948,Haley Powers,"Guitar, Guitar Chords, Instruments, Music",Bass Guitar,Beginner,1 hour,4.2,25,3503,Free,5/2020,0,0,3,https://www.udemy.com/course/total-beginner-guitar/
The total kora beginner course!,5459728,Vincent Wilkin,"Instruments, Music",Bass Guitar,Beginner,2 hours,3.5,4,397,Free,8/2024,3,0,4,https://www.udemy.com/course/kora-beginner-course/
Advanced Acoustic Guitar Course,4777346,Victor Fadhili,"Acoustic Guitar, Music Fundamentals, Music",Bass Guitar,All Levels,2 hours,4.4,12,1835,Free,7/2022,0,0,0,https://www.udemy.com/course/advanced-acoustic-guitar-course/
Guitar Tunings 101,2547131,Mitch Smith,"Guitar, Instruments, Music",Bass Guitar,Beginner,1.5 hours,4.2,21,4791,Free,9/2019,0,0,0,https://www.udemy.com/course/guitar-tunings-101/
Free Beginner Guitar Lessons: Step-By-Step Guidance,4074742,Erich Andreas,"Guitar, Guitar Chords, Instruments, Music",Bass Guitar,Beginner,2 hours,4.5,152,4338,Free,6/2022,0,0,10,https://www.udemy.com/course/free-beginner-guitar-lessons-step-by-step-guidance/
Beginner's Guitar Course Part 1,2323638,Jim Tucker-Salfield,"Guitar, Guitar Chords, Instruments, Music",Bass Guitar,Beginner,36 mins,4.5,64,4297,Free,6/2019,17,0,3,https://www.udemy.com/course/mozoislandmusic/
Easy Songs To Develop Speed And Accuracy On Guitar,4394792,Gabriel Felix,"Guitar, Guitar Chords, Music Fundamentals, Music",Bass Guitar,Beginner,2 hours,3.9,17,2608,Free,11/2022,0,0,3,https://www.udemy.com/course/easy-songs-to-develop-speed-and-accuracy-on-guitar/
Introduction to Ear Training,1258718,Ilse Lozoya,"Ear Training, Music Fundamentals, Music",Bass Guitar,Beginner,1 hour,4.5,250,13086,Free,1/2023,1,0,0,https://www.udemy.com/course/introduction-to-ear-training/
Learn to Play Bridge,5691298,Sandro Sossi,"Games & Gaming, Lifestyle",Bass Guitar,Beginner,1 hour,3.9,4,479,Free,12/2023,1,0,1,https://www.udemy.com/course/bridge-basics-a-beginners-guide/
Jazz Album Appreciation with Dosta - Top 10 Jazz Albums,4955626,Dosta Andrew Lake,"Jazz, Other Music, Music",Bass Guitar,All Levels,42 mins,4.6,12,644,Free,11/2022,0,0,0,https://www.udemy.com/course/jazz-appreciation-with-dosta/
Music Production - 7 Essentials in Ableton Live 9!,1285584,"Tomas George, Digital Music Masters","Ableton Live, Music Production, Music Software, Music",Bass Guitar,Beginner,32 mins,4.3,78,6176,Free,1/2023,1,0,0,https://www.udemy.com/course/abletonliveessentials/
Ear Training Starts Here - Identify The Notes,2283144,Gal Peiser,"Music Theory, Ear Training, Other Music, Music",Bass Guitar,Beginner,1 hour,4.5,289,8662,Free,3/2019,0,0,0,https://www.udemy.com/course/ear-training-starts-here-identify-the-notes/
Drum Lessons with ULTIMATE DRUMMING Intermediate R&R #4,2345530,Jim McCall,"Drums, Instruments, Music",Bass Guitar,Intermediate,1 hour,4.2,11,2976,Free,6/2019,0,0,0,https://www.udemy.com/course/intermediate-drum-lessons-with-ultimate-drumming-course-4/
Learn Acoustic Guitar with German Cova ( beginner ),1105716,"John Cannon, German Cova","Acoustic Guitar, Guitar, Music Techniques, Music",Bass Guitar,Beginner,1.5 hours,4.3,26,2760,Free,2/2017,0,0,0,https://www.udemy.com/course/learn-acoustic-guitar-with-german-cova-beginner/
Motivation For Musicians,2386292,Gal Peiser,"Motivation, Music Theory, Other Music, Music",Bass Guitar,All Levels,32 mins,4.7,132,4139,"Rp159,000",5/2019,0,0,0,https://www.udemy.com/course/motivation-for-musicians/
ABRSM and Trinity Music Theory,6334011,Victoria Williams LmusTCL BA(Mus),"Music Theory, Music Fundamentals, Music",Bass Guitar,All Levels,1 hour,4.8,6,630,Free,1/2026,4,0,2,https://www.udemy.com/course/music-theory-all-levels/
Play What You HEAR At The Piano,1596272,Willie Myette,"Piano, Music Theory, Instruments, Music",Bass Guitar,Beginner,1 hour,4.7,45,2144,Free,1/2023,0,0,0,https://www.udemy.com/course/play-what-you-hear-at-the-piano/
How to Get free Sheet Music,2068983,Micah Blake,"Music Appreciation, Music Fundamentals, Music",Bass Guitar,All Levels,40 mins,4.0,71,3837,Free,1/2022,4,0,0,https://www.udemy.com/course/free-sheet-music/
Being a music teacher,640496,Ilse Lozoya,"Music Theory, Instruments, Music",Bass Guitar,Beginner,N/A,4.5,99,5655,"Rp149,000",1/2023,0,0,0,https://www.udemy.com/course/teaching-piano-a-quick-guide-for-begginers/
Music Theory for Electronic Producers - The Beginners Guide!,1020834,"Tomas George, Digital Music Masters","Music Theory, Music Production, Music Techniques, Music",Bass Guitar,Beginner,1 hour,4.2,607,15647,Free,3/2026,1,0,0,https://www.udemy.com/course/beginnerselectronicmusictheory/
Pianoforall - Incredible New Way To Learn Piano & Keyboard,238934,Robin Hall,"Piano, Reading Music, Keyboard Instrument, Instruments, Music",Bass Guitar,All Levels,23.5 hours,4.8,52481,420007,"Rp169,000",2/2026,12,0,137,https://www.udemy.com/course/pianoforall-incredible-new-way-to-learn-piano-keyboard/
Take your double bass drum technique to the next level,808292,Nelson Fernandes,"Drums, Instruments, Music",Bass Guitar,Intermediate,5.5 hours,4.8,101,1241,"Rp149,000",5/2016,3,0,374,https://www.udemy.com/course/take-your-double-bass-drum-technique-to-the-next-level/
Simplest Method for Guitar Improvisation,4647634,Igor Boiko,"Guitar, Instruments, Music",Bass Guitar,All Levels,2.5 hours,4.7,34,957,Free,8/2022,0,0,16,https://www.udemy.com/course/simplest-method-for-guitar-improvisation/
Classical Guitar Course | Learn to Play the Guitar!,6631563,"Akın Mutlu, Akın Mutlu GLOBAL","Classical Guitar, Guitar, Music Theory, Harmony (music), Instruments",Bass Guitar,All Levels,6 hours,5.0,1,24,N/A,11/2025,4,0,52,https://www.udemy.com/course/classicalguitar-course/
"SONGWRITING SIMPLIFIED: Music Theory, Melody & Creativity",1953134,Steve Glazer,"Songwriting, Music Theory, Music Fundamentals, Music",Bass Guitar,Beginner,4.5 hours,4.7,1691,11127,"Rp149,000",6/2019,1,0,38,https://www.udemy.com/course/songwriting-simplified/
Music Theory - Fundamentals for Composition in Any Genre,3549198,Max Konyi,"Music Composition, Music Theory, Music Fundamentals, Music",Bass Guitar,All Levels,8 hours,4.8,1587,7955,"Rp159,000",6/2021,0,0,12,https://www.udemy.com/course/mwd-part1/
Music Theory - Chord Progressions & Harmony for Composition,3957410,Max Konyi,"Music Composition, Music Theory, Music Fundamentals, Music",Bass Guitar,Intermediate,7.5 hours,4.8,366,4914,"Rp159,000",3/2023,0,0,30,https://www.udemy.com/course/music-theory-chords-and-harmony-for-composition/
Learn lead & rhythm guitar in the style of Slash,1334794,David Taub,"Guitar, Instruments, Music",Bass Guitar,Intermediate,4.5 hours,4.7,129,991,"Rp149,000",5/2024,1,0,11,https://www.udemy.com/course/learn-lead-rhythm-guitar-in-the-style-of-slash/
"Music Theory - Melody, Scales & Modes for Composition",3639962,Max Konyi,"Music Composition, Music Theory, Music Techniques, Music",Bass Guitar,Intermediate,6 hours,4.9,448,4773,"Rp149,000",5/2021,0,0,5,https://www.udemy.com/course/mwd-part2/
Monsters of Rock,4590036,"Erich Andreas, Brandon Paul","Rock Guitar, Music Techniques, Music",Bass Guitar,All Levels,7 hours,4.6,172,1413,"Rp149,000",5/2022,0,0,93,https://www.udemy.com/course/monsters-of-rock/
Rhythm 101 (no instrument needed),4362048,Geoff Harris,"Percussion Instruction, Music Techniques, Music",Bass Guitar,Beginner,2 hours,4.6,15,126,"Rp149,000",10/2021,0,0,6,https://www.udemy.com/course/no-instrument-needed/
How to Make Sad Emotional Music,3657074,Mikael Baggström,"Music Composition, Music Production, Songwriting, Music",Bass Guitar,All Levels,2.5 hours,4.7,42,454,"Rp149,000",9/2025,1,0,0,https://www.udemy.com/course/how-to-make-sad-music/
METALLICA ~ Official Guitar Method,6115585,"Marko ""Coconut"" Sternal","Instruments, Music",Bass Guitar,All Levels,3.5 hours,5.0,2,33,"Rp149,000",8/2024,0,0,0,https://www.udemy.com/course/metallica-official-guitar-method/
Bluegrass for the Curious Guitarist,1404802,Dan Dresnok,"Guitar, Acoustic Guitar, Guitar Chords, Instruments, Music",Bass Guitar,All Levels,5.5 hours,4.3,72,2215,"Rp149,000",9/2025,0,0,28,https://www.udemy.com/course/bluegrass-for-the-curious-guitarist/
Learn Guitar Improvisation in 3-Minute Lessons,6758015,Easy Jam Life,"Guitar, Instruments, Music",Bass Guitar,Beginner,1 hour,5.0,8,28,"Rp149,000",11/2025,0,0,0,https://www.udemy.com/course/learn-guitar-improvisation-in-3-minute-lessons/
Jerusalem's Ridge Guitar Bluegrass Fiddle Tune Easy Guitar,1298716,Lesson Pros,"Guitar, Violin, Music Fundamentals, Music",Bass Guitar,Beginner,2 hours,4.7,7,200,"Rp169,000",11/2025,2,0,0,https://www.udemy.com/course/learn-the-fiddle-tune-jerusalems-ridge-on-guitar/
Guitar Lessons for the Curious Guitarist,1348930,Dan Dresnok,"Guitar, Acoustic Guitar, Guitar Chords, Music Theory, Instruments",Bass Guitar,All Levels,25 hours,4.4,453,6826,"Rp149,000",9/2025,0,0,51,https://www.udemy.com/course/guitar-lessons-for-the-curious-guitarist/
EDDIE VAN HALEN: Official Guitar Method,6072945,"Marko ""Coconut"" Sternal","Instruments, Music",Bass Guitar,All Levels,5 hours,4.8,5,96,"Rp149,000",8/2024,0,0,0,https://www.udemy.com/course/eddie-van-halen-approved-official-guitar-lessons/
How to make Memorable Melodies,2711414,Mikael Baggström,"Music Composition, Music Production, Sound Design, Music",Bass Guitar,All Levels,3 hours,4.5,220,1976,Free,9/2025,1,0,0,https://www.udemy.com/course/how-to-write-memorable-melodies/
Read Music FAST!,355662,Benedict Westenra,"Reading Music, Music Techniques, Music",Bass Guitar,Beginner,1.5 hours,4.7,7873,38362,"Rp209,000",5/2022,14,0,0,https://www.udemy.com/course/sight-reading/
Rock Guitar Power - The Guitar Pro Jam,5007972,Mike Deiure,"Guitar, Instruments, Music",Bass Guitar,Intermediate,14 hours,4.7,2,39,"Rp149,000",1/2023,20,0,20,https://www.udemy.com/course/rock-guitar-power-the-guitar-pro-jam/
How to Make a Track Like Marshmello in FL Studio,2671386,Colin Warn,"FL Studio, Music Mixing, Music Production, Music",Bass Guitar,Intermediate,1.5 hours,4.6,20,202,"Rp149,000",11/2019,1,0,0,https://www.udemy.com/course/marshmello/
Blues Accelerator - 21 Days to Blues Guitar Mastery,147174,Mark Thomson,"Blues Guitar, Guitar, Instruments, Music",Bass Guitar,Beginner,7 hours,4.8,29,172,"Rp399,000",1/2014,0,0,10,https://www.udemy.com/course/blues-accelerator-21-days-to-blues-mastery/
Learn lead guitar in the style of Joe Satriani,1330690,David Taub,"Guitar, Instruments, Music",Bass Guitar,Intermediate,4 hours,4.7,53,396,"Rp149,000",5/2024,1,0,8,https://www.udemy.com/course/learn-lead-guitar-in-the-style-of-joe-satriani/
Learn piano or keyboard from scratch - Complete piano course,1111630,Martin Cohen,"Piano, Music Theory, Instruments, Music",Bass Guitar,All Levels,24 hours,4.6,5627,49497,"Rp149,000",11/2023,36,0,495,https://www.udemy.com/course/learn-to-play-the-piano-from-scratch/
Guitar Technique Fundamentals,1418380,Henry Olsen,"Guitar, Instruments, Music",Bass Guitar,All Levels,1.5 hours,4.7,135,11610,"Rp149,000",5/2018,0,0,1,https://www.udemy.com/course/guitar-technique-fundamentals/
Beginner Raga Guitar: First Carnatic Music Geetham on Guitar,4619286,Shyam Monk,"Carnatic Music, Raga Music, Instruments, Music",Bass Guitar,All Levels,1 hour,4.5,37,220,"Rp149,000",5/2022,0,0,25,https://www.udemy.com/course/carnatic-guitar-lambodara/
Ear Training - Develop Your Listening Skills on the Piano,1180722,Arthur Bird,"Piano, Music Fundamentals, Music",Bass Guitar,Beginner,3 hours,4.5,181,1891,"Rp149,000",11/2025,0,0,7,https://www.udemy.com/course/train-your-musical-ear-hear-a-notechordsong-play-it/
Music Theory Classes,70290,Caleb Curry,"Music Theory, Music Fundamentals, Music",Bass Guitar,All Levels,17 hours,4.1,1250,41551,"Rp149,000",2/2015,0,0,0,https://www.udemy.com/course/music-theory-classes/
The Beginners Complete Guide To Guitar Improvisation,2475966,Brandon Carbenia,"Guitar, Instruments, Music",Bass Guitar,All Levels,7.5 hours,4.5,37,274,"Rp149,000",6/2021,7,0,16,https://www.udemy.com/course/the-beginners-complete-guide-to-improvisation/
The Ultimate Guitar Scales Course,3583556,Karl Golden,"Guitar, Jazz Guitar, Rock Guitar, Pentatonic Scales, Music Fundamentals",Bass Guitar,All Levels,6.5 hours,4.5,45,278,"Rp149,000",1/2026,0,0,163,https://www.udemy.com/course/the-ultimate-guitar-scales-course/
Master Emotions in Your Music,4023814,Mikael Baggström,"Music Composition, Music Production, Music",Bass Guitar,All Levels,4 hours,4.6,160,1373,"Rp149,000",1/2026,1,0,0,https://www.udemy.com/course/how-to-master-emotions-in-your-music/
Bluegrass Fiddle Tune Salt Creek - Learn on Guitar,1311918,Lesson Pros,"Guitar, Violin, Instruments, Music",Bass Guitar,All Levels,2 hours,4.4,4,1318,"Rp149,000",11/2025,3,0,0,https://www.udemy.com/course/learn-the-bluegrass-fiddle-tune-salt-creek-on-guitar/
Learn guitar in the style of Jimmy Page from Led Zeppelin,1330390,David Taub,"Guitar, Instruments, Music",Bass Guitar,Intermediate,1.5 hours,4.0,20,141,"Rp149,000",5/2024,2,0,2,https://www.udemy.com/course/learn-guitar-in-the-style-of-jimmy-page-from-led-zeppelin/
Blues Rock Masters Inspired Series-Modern & Classic Volume 3,1333946,David Taub,"Guitar, Instruments, Music",Bass Guitar,Intermediate,3 hours,4.7,30,298,"Rp149,000",9/2017,4,0,31,https://www.udemy.com/course/blues-rock-masters-inspired-series-modern-classic-volume-3/
The CAGED Blueprint,6804297,Adam Pickard,"Guitar, Acoustic Guitar, Music Theory, Instruments, Music",Bass Guitar,All Levels,1 hour,4.3,2,30,"Rp149,000",9/2025,0,0,0,https://www.udemy.com/course/the-caged-blueprint/
Fretboard Memorization Toolbox for Guitar,3489508,Prokopis Skordis,"Guitar Chords, Guitar, Instruments, Music",Bass Guitar,Beginner,1 hour,4.7,126,2363,"Rp149,000",9/2020,2,0,7,https://www.udemy.com/course/fretboard-toolbox/
Guitar Lessons - zero 2 hero - Part I,3489620,John Kearney,"Guitar, Guitar Chords, Instruments, Music",Bass Guitar,All Levels,5.5 hours,5.0,3,34,"Rp149,000",6/2023,14,0,18,https://www.udemy.com/course/guitar-lessons-zero-2-hero-part-i/
Black Metal Beginnings - The Beginner Black Metal Course,6666915,Dev Gohil,"Guitar, Music Techniques, Music",Bass Guitar,All Levels,2.5 hours,4.9,41,162,N/A,6/2025,0,0,11,https://www.udemy.com/course/black-metal-beginnings-the-beginner-black-metal-course/
Classical Guitar Essentials Advanced - Part 1,1787758,Hani Gamal,"Classical Guitar, Instruments, Music",Bass Guitar,Intermediate,3.5 hours,4.8,85,1205,"Rp149,000",12/2022,0,0,1,https://www.udemy.com/course/classical-guitar-essentials-advanced-part-1/
Ear Training Bootcamp for Guitar Players,1466568,Phil Roberts,"Ear Training, Guitar, Music Techniques, Music",Bass Guitar,All Levels,4.5 hours,4.4,89,963,Free,4/2019,11,0,24,https://www.udemy.com/course/ear-training-bootcamp-for-guitarists/
Four-part Harmony,923350,Jonathan Peters,"Harmony (music), Music Theory, Music Fundamentals, Music",Bass Guitar,Beginner,23 mins,4.8,280,2045,"Rp149,000",11/2022,16,0,27,https://www.udemy.com/course/four-part-harmony/
Harmony and Chord Progressions,725996,"Francois Rengère, Tom Wagner","Music Instruction, Piano Chords, Music Theory, Harmony (music), Music Fundamentals",Bass Guitar,Beginner,5.5 hours,4.7,220,1282,Free,8/2016,1,0,2,https://www.udemy.com/course/harmony-and-chord-progressions/
Music Theory for Electronic Producers - The Complete Course!,1020830,"Tomas George, Digital Music Masters","Music Theory, Music Production, Music Techniques, Music",Bass Guitar,All Levels,8.5 hours,4.5,1699,18350,"Rp149,000",3/2026,2,0,1,https://www.udemy.com/course/electronicmusictheory/
Chords and Chord Progressions 201,4943528,Josh Cook,"Piano Chords, Harmony (music), Music Theory, Music Fundamentals, Music",Bass Guitar,Intermediate,1.5 hours,4.9,20,139,"Rp149,000",3/2025,0,0,0,https://www.udemy.com/course/chords-and-chord-progressions-201/
Music Composition with the Piano: Ultimate Keyboard Theory,1592532,Jack Vaughan,"Music Composition, Piano, Music Theory, Music Fundamentals, Music",Bass Guitar,All Levels,8 hours,4.6,1634,9173,"Rp149,000",9/2020,2,0,13,https://www.udemy.com/course/piano-keyboard-music-composition/
Guitar Lessons for Beginner Guitar Players,1625206,Justin Hazel,"Guitar, Instruments, Music",Bass Guitar,Beginner,4.5 hours,4.7,46,266,"Rp149,000",3/2019,0,0,37,https://www.udemy.com/course/key-to-success-beginner-guitar-course/
Learn lead guitar in the style of Carlos Santana,1330416,David Taub,"Guitar, Instruments, Music",Bass Guitar,Beginner,1 hour,4.7,8,190,"Rp149,000",5/2024,1,0,3,https://www.udemy.com/course/learn-lead-guitar-in-the-style-of-carlos-santana/
Flamenco Guitar,427066,R. Collomb,"Flamenco Guitar, Guitar, Instruments, Music",Bass Guitar,Beginner,4 hours,4.4,854,6034,"Rp149,000",8/2022,0,0,31,https://www.udemy.com/course/flamenco-guitar-a/
Foundation In Irish Trad & Folk Music Guitar - DADGAD Tuning,5441060,David Whelan,"Guitar, Guitar Chords, Acoustic Guitar, Music Theory, Instruments",Bass Guitar,All Levels,4 hours,4.6,32,233,"Rp149,000",1/2025,2,0,11,https://www.udemy.com/course/irish-traditional-folk-music-guitar-dadgad-tuning/
#1 Play Piano Trick: Rosa's Easy 4T6 Handshape Color Tones,1303626,Rosa Suen,"Piano Chords, Music Theory, Piano, Music Techniques, Music",Bass Guitar,Expert,1 hour,4.5,11,2181,Free,10/2019,9,0,7,https://www.udemy.com/course/1-piano-trick-rosas-easy-4t6-handshape-color-tones/
Black Metal Guitar Mastery,4964238,Dev Gohil,"Guitar, Instruments, Music",Bass Guitar,Beginner,1 hour,4.9,168,1095,"Rp149,000",2/2023,0,0,10,https://www.udemy.com/course/black-metal-mastery/
Mastering Music Theory - The Language of Music,6266203,Victoria Williams LmusTCL BA(Mus),"Music Theory, Music Fundamentals, Music",Bass Guitar,All Levels,11 hours,4.7,14,101,"Rp149,000",3/2025,4,0,7,https://www.udemy.com/course/mastering-music-theory-the-language-of-music/
Learn Fingerstyle Guitar with 3 Amazing Songs - STEP BY STEP,4046938,Fingerstyle Club,"Fingerstyle Guitar, Instruments, Music",Bass Guitar,All Levels,3 hours,4.9,37,477,"Rp149,000",5/2021,0,0,22,https://www.udemy.com/course/learn-fingerstyle-guitar-with-3-amazing-songs-step-by-step/
MuseScore: Mastering Music Notation on Free Software (2025),6308671,J. Anthony Allen,"MuseScore, Music Fundamentals, Music",Bass Guitar,All Levels,2.5 hours,4.5,56,251,"Rp149,000",11/2025,4,0,4,https://www.udemy.com/course/musescore-free/
Blues Guitar Solo 101: The Ultimate Beginner's Guide,6190073,Gabriel Felix,"Blues Guitar, Instruments, Music",Bass Guitar,Beginner,1 hour,3.7,N/A,97,"Rp149,000",6/2025,0,0,5,https://www.udemy.com/course/blues-guitar-solo-101-the-ultimate-beginners-guide/
Classical Guitar Essentials - Intermediate Part 1,1460546,Hani Gamal,"Classical Guitar, Instruments, Music",Bass Guitar,Intermediate,2.5 hours,4.8,314,5409,"Rp149,000",12/2022,0,0,4,https://www.udemy.com/course/classical-guitar-essentials-intermediate-part-1/
Chugging - it don't mean a thing if it ain't got that swing!,475914,Ben Hewlett,"Harmonica, Instruments, Music",Bass Guitar,All Levels,2.5 hours,4.7,56,728,"Rp149,000",10/2025,0,0,82,https://www.udemy.com/course/getchugging/
Learn How To Play Lo-Fi Guitar,4194588,Max Mason,"Guitar, Instruments, Music",Bass Guitar,Intermediate,41 mins,4.2,14,80,"Rp249,000",7/2021,0,0,1,https://www.udemy.com/course/learn-how-to-play-lo-fi-guitar/
Lead Guitar Techniques,5017838,Sascha Rebbe,"Guitar, Instruments, Music",Bass Guitar,All Levels,2 hours,4.9,20,151,"Rp149,000",2/2023,4,0,34,https://www.udemy.com/course/lead-guitar-techniques/
True Finger Independence - Become a Guitar Master,2428078,Lucas Cesar de Oliveira Imbiriba,"Fingerstyle Guitar, Flamenco Guitar, Guitar, Classical Guitar, Instruments",Bass Guitar,All Levels,1.5 hours,4.5,191,886,"Rp299,000",6/2019,0,0,0,https://www.udemy.com/course/true-finger-independence/
Piano Lessons for the R&B Fan,214328,James Gaither,"Piano, R (programming language), Instruments, Music",Bass Guitar,All Levels,8 hours,4.4,12,472,"Rp149,000",6/2015,0,0,123,https://www.udemy.com/course/piano-lessons-for-the-rb-fan/
How To Sound Like David Gilmour - Lead Guitar Course,2684918,John Robson,"Pentatonic Scales, Instruments, Music",Bass Guitar,Intermediate,1.5 hours,4.8,52,314,Free,12/2019,0,0,20,https://www.udemy.com/course/how-to-sound-like-david-gilmour-lead-guitar-course/
Playing Piano -Scales - Vol.3: Pentatonics and Blues Scales,1675922,Ilse Lozoya,"Pentatonic Scales, Blues Piano, Piano, Music Fundamentals, Music",Bass Guitar,Beginner,N/A,4.7,8,386,N/A,11/2024,0,0,0,https://www.udemy.com/course/playing-piano-scales-vol3-pentatonics-and-blues-scales/
Classical Guitar Essentials - Advanced Pro,2084316,Hani Gamal,"Classical Guitar, Instruments, Music",Bass Guitar,Intermediate,2.5 hours,4.9,39,759,"Rp149,000",12/2022,0,0,1,https://www.udemy.com/course/classical-guitar-essentials-advanced-pro/
Music Theory for Songwriters,2666372,Michael Emenau,"Music Theory, Music Fundamentals, Music",Bass Guitar,Beginner,3.5 hours,4.7,20,114,"Rp149,000",11/2019,0,0,55,https://www.udemy.com/course/music-theory-for-songwriters-1/
Classical & Flamenco Guitar Technique Mastery,7016393,Edina Balczo,"Classical Guitar, Flamenco Guitar, Instruments, Music",Bass Guitar,All Levels,4 hours,5.0,3,30,"Rp149,000",2/2026,0,0,104,https://www.udemy.com/course/classical-flamenco-guitar-technique-mastery/
A GUIDE TO MASTER CLASSICAL GUITAR - Part 1,3405640,Hani Gamal,"Classical Guitar, Instruments, Music",Bass Guitar,Expert,4.5 hours,4.8,20,289,"Rp149,000",7/2023,0,0,14,https://www.udemy.com/course/a-guide-to-master-classical-guitar-part-1/
"Gospel R&B Piano Chords, Feel and Touch Masterclass",4365736,Oluwajoba Odesanya,"Gospel Piano, Piano, Piano Chords, Instruments, Music",Bass Guitar,All Levels,5 hours,4.4,15,1987,"Rp149,000",1/2023,5,0,0,https://www.udemy.com/course/pizno-gospel-rnb-piano-bootcamp-music-piano-keyboard-lesson/
Inversions on the Guitar: Transform Your Playing!,4993004,Jacob Lamb,"Guitar Chords, Instruments, Music",Bass Guitar,Intermediate,36 mins,4.9,7,44,"Rp149,000",12/2022,0,0,5,https://www.udemy.com/course/inversions/
Understanding Diminished Harmony,6793769,Josh Cook,"Music Theory, Piano Chords, Harmony (music), Music Techniques, Music",Bass Guitar,Expert,1.5 hours,4.7,N/A,11,"Rp149,000",9/2025,0,0,1,https://www.udemy.com/course/understanding-diminished-harmony/
Left Hand Piano Techniques,5584378,Josh Cook,"Piano, Music Techniques, Music",Bass Guitar,Beginner,2 hours,4.8,7,143,"Rp149,000",10/2023,0,0,22,https://www.udemy.com/course/left-hand-piano-techniques/
"I, IV, V, & Beyond: Using Music Theory to play like a pro!",4392194,Carmen Spada,"Music Theory, Harmony (music), Music Composition, Music Improvisation, Music Techniques",Bass Guitar,All Levels,10 hours,4.9,58,384,"Rp149,000",12/2021,0,0,33,https://www.udemy.com/course/i-iv-v-and-beyond/
Solfège and Ear Training: Beginner 201 (Major),5541236,Josh Cook,"Music Theory, Voice Training, Music Fundamentals, Music",Bass Guitar,Beginner,1.5 hours,4.7,3,56,"Rp149,000",12/2025,0,0,0,https://www.udemy.com/course/solfege-and-ear-training-major/
Beginning Jazz Improvisation,3028970,Evan Tate,"Music Improvisation, Music Techniques, Music",Bass Guitar,Beginner,1 hour,4.6,16,298,"Rp159,000",8/2022,2,0,46,https://www.udemy.com/course/beginning-jazz-improvisation/
Solfège and Ear Training: Beginner 101 (Pentascales),5538764,Josh Cook,"Music Theory, Voice Training, Ear Training, Music Fundamentals, Music",Bass Guitar,Beginner,2 hours,4.9,7,95,"Rp149,000",10/2023,0,0,0,https://www.udemy.com/course/solfege-and-ear-training-pentascales/
Beginner's Guitar Course Part 2,2400434,Jim Tucker-Salfield,"Guitar, Guitar Chords, Instruments, Music",Bass Guitar,Beginner,3 hours,4.3,22,1166,"Rp149,000",10/2019,32,0,17,https://www.udemy.com/course/beginners-guitar-course-part-2/
Play Piano 1 Master Class Intro: Standards 2-5 Power Chords,995562,Rosa Suen,"Piano Chords, Google Play, Piano, Instruments, Music",Bass Guitar,All Levels,1 hour,4.6,17,1663,"Rp149,000",10/2019,11,0,3,https://www.udemy.com/course/play-piano-1-improvise-2-5-power-chords-on-popular-songs/
Guitar For Content Creators,7095275,Gabriel Felix,"Content Creation, Guitar, Other Music, Music",Bass Guitar,All Levels,1 hour,4.6,N/A,85,"Rp149,000",3/2026,0,0,2,https://www.udemy.com/course/guitar-for-content-creators/
GUITAR BEGINNER PLUS+ TO INTERMEDIATE IN 6 WEEKS,6814237,"Sharifu Badr, Bob Harris","Acoustic Guitar, Instruments, Music",Bass Guitar,Beginner,14.5 hours,4.7,4,42,"Rp899,000",9/2025,0,0,18,https://www.udemy.com/course/fingerpicking-guitar-beginner-plus-to-intermediate-in-6-weeks/
Notewize Beginner Electric Guitar Course,5818472,Greg Studley,"Guitar, Instruments, Music",Bass Guitar,Beginner,2.5 hours,5.0,2,14,"Rp149,000",2/2024,0,0,130,https://www.udemy.com/course/notewize-electric-guitar/
Create Arrangements from Lead Sheets and Fakebooks.,1492988,Willie Myette,"Piano, Instruments, Music",Bass Guitar,All Levels,1.5 hours,4.8,57,426,"Rp149,000",6/2018,0,0,1,https://www.udemy.com/course/my-romance/
Mastering Rhythm on the Piano: Complete Guide with Metronome,5613030,Ilse Lozoya,"Piano, Instruments, Music",Bass Guitar,Beginner,3 hours,5.0,4,358,"Rp149,000",10/2024,0,0,0,https://www.udemy.com/course/piano-course-mastering-rhythmical-figures-and-independence/
Learn Jazz Piano Today,149728,Willie Myette,"Piano, Jazz, Instruments, Music",Bass Guitar,All Levels,3 hours,4.6,579,5151,"Rp149,000",7/2018,1,0,4,https://www.udemy.com/course/learn-jazz-piano-with-willie-today/
Music Theory,182246,Jonathan Peters,"Music Theory, Music Fundamentals, Music",Bass Guitar,All Levels,3.5 hours,4.6,1090,5856,"Rp149,000",6/2025,79,0,80,https://www.udemy.com/course/musictheory/
Music Theory for Songwriters: From Beginner to Producer,4653116,Mike Barnes,"Music Theory, Music Production, Music Recording, Songwriting, Music",Bass Guitar,Beginner,1.5 hours,4.8,321,3346,"Rp149,000",4/2022,0,0,0,https://www.udemy.com/course/music-theory-for-songwriters-from-beginner-to-producer/
Mathrock & Midwest Emo Guitar Progressions,5747850,Dave Connell,"Fingerstyle Guitar, Guitar, Guitar Chords, Instruments, Music",Bass Guitar,Intermediate,1.5 hours,5.0,3,1059,"Rp149,000",1/2025,0,0,12,https://www.udemy.com/course/advanced-mathrock-midwest-emo-guitar-progressions/
How to play SLIDE GUITAR - for acoustic Guitarists,5540872,Iain MacLeod,"Guitar, Instruments, Music",Bass Guitar,Intermediate,2 hours,5.0,4,65,"Rp149,000",9/2023,0,0,5,https://www.udemy.com/course/how-to-play-slide-guitar-for-acoustic-guitarists/
Learn to Appreciate Music on a Deeper Level - Just Listen!,4054546,Rena Ng,"Music Appreciation, Listening Skills, Music Fundamentals, Music",Bass Guitar,Beginner,5 hours,4.7,26,112,Free,2/2022,0,0,3,https://www.udemy.com/course/appreciate-music-deeper-level/
"Learn Classical Guitar Technique and play ""Spanish Romance""",96698,Brian Riggs,"Classical Guitar, Spanish Language, Google Play, Guitar, Instruments",Bass Guitar,All Levels,5 hours,4.6,252,2893,"Rp149,000",11/2020,0,0,52,https://www.udemy.com/course/guitar-techniques/
"The Guitar Routine Method, Master All 12 Keys and Fretboard",7023213,Leonardo Pompei,"Guitar, Guitar Chords, Instruments, Music",Bass Guitar,Intermediate,5 hours,5.0,1,5,"Rp149,000",1/2026,0,0,12,https://www.udemy.com/course/guitar-practice-routine-master-all-12-keys-fretboard/
All About Blues Scales,6203787,Josh Cook,"Music Theory, Pentatonic Scales, Music Fundamentals, Music",Bass Guitar,Beginner,1.5 hours,4.8,3,33,"Rp149,000",9/2024,0,0,0,https://www.udemy.com/course/all-about-blues-scales/
Learn Guitar With Steve Stine: Level 2,5441278,Steve Stine,"Guitar, Instruments, Music",Bass Guitar,Beginner,2.5 hours,4.7,11,73,"Rp149,000",7/2023,0,0,1,https://www.udemy.com/course/learn-guitar-with-steve-stine-level-2/
Spanish Guitar Strumming Techniques,3735162,Edina Balczo,"Flamenco Guitar, Guitar, Instruments, Music",Bass Guitar,All Levels,1.5 hours,4.6,68,628,Free,2/2024,5,0,17,https://www.udemy.com/course/spanish-guitar-strumming-techniques/
How to Improvise Solos With Guitar Licks Intermediate,6265899,Gabriel Felix,"Music Improvisation, Instruments, Music",Bass Guitar,Intermediate,1 hour,4.2,N/A,97,"Rp149,000",6/2025,0,0,12,https://www.udemy.com/course/how-to-improvise-solos-with-guitar-licks-intermediate/
Introduction To Speed Picking: Guitar Lessons Course,3157832,"Erich Andreas, Jeff Duke","Guitar, Rock Guitar, Blues Guitar, Music Techniques, Music",Bass Guitar,Beginner,1.5 hours,4.3,47,668,"Rp149,000",1/2021,0,0,44,https://www.udemy.com/course/introduction-to-speed-picking-guitar-lessons-course/
Saint Anne's Reel Fiddle Tune - Learn on Guitar,1311946,Lesson Pros,"Guitar, Violin, Other Music, Music",Bass Guitar,All Levels,2 hours,4.2,22,2916,"Rp149,000",11/2025,3,0,0,https://www.udemy.com/course/learn-the-bluegrass-fiddle-tune-saint-annes-reel-on-guitar/
Pop Chord Progressions,5223602,Josh Cook,"Harmony (music), Music Theory, Music Fundamentals, Music",Bass Guitar,Intermediate,2 hours,4.8,8,98,"Rp149,000",4/2023,0,0,0,https://www.udemy.com/course/pop-chord-progressions/
Electric Guitar for Beginners: The Ultimate Masterclass,5368562,Fraser Edwards,"Guitar, Instruments, Music",Bass Guitar,Beginner,4 hours,4.8,27,148,"Rp149,000",7/2023,0,0,53,https://www.udemy.com/course/electric-guitar-for-beginners-the-ultimate-masterclass/
John Mayer Guitar Course - Learn 20 Licks In His Style,4878150,Ben Kirmse,"Guitar, Instruments, Music",Bass Guitar,Intermediate,35 mins,5.0,6,82,N/A,9/2022,0,0,18,https://www.udemy.com/course/john-mayer-guitar-course-learn-20-licks-in-his-style/
Electric Guitar Basics,5496212,Jason Rivera,"Guitar, Instruments, Music",Bass Guitar,Beginner,2 hours,4.7,22,4783,"Rp149,000",1/2025,0,0,19,https://www.udemy.com/course/electric-guitar-basics/
Song Science #4: Mastering Modulation in your Songwriting,996296,Musicians Inspired,"Songwriting, Music Composition, Music Theory, Music Fundamentals, Music",Bass Guitar,Beginner,1.5 hours,4.8,258,2953,"Rp149,000",2/2023,1,0,0,https://www.udemy.com/course/song-science-4-modulation-songwriting-key-change/
Etudes for Electric Guitar,6003166,Alfred Potter,"Guitar, Music Techniques, Music",Bass Guitar,Intermediate,34 mins,5.0,3,25,"Rp149,000",6/2024,0,0,45,https://www.udemy.com/course/etudes-for-electric-guitar/
Song Science #2: The Complete Songwriting Chord Guide,885713,Musicians Inspired,"Songwriting, Music Composition, Music Theory, Music Fundamentals, Music",Bass Guitar,All Levels,2.5 hours,4.7,971,7115,"Rp149,000",2/2023,1,0,1,https://www.udemy.com/course/songtheory2/
Play By Ear #4: Play Song By Ear with 3 Chords Using Any Key,413182,Rosa Suen,"Playing Music by Ear, Music Theory, Piano Chords, Instruments, Music",Bass Guitar,All Levels,2 hours,4.5,19,1313,"Rp149,000",10/2019,60,0,0,https://www.udemy.com/course/play-by-ear-4-play-many-songs-by-ear-with-3-chords-sing/
Songs for Spanish and Classical Guitar,3751946,Edina Balczo,"Classical Guitar, Flamenco Guitar, Instruments, Music",Bass Guitar,Intermediate,3 hours,4.9,25,442,"Rp149,000",6/2022,7,0,130,https://www.udemy.com/course/songs-for-spanish-and-classical-guitar/
Romantic Harmony 101,6270451,Josh Cook,"Harmony (music), Music Theory, Piano, Music Fundamentals, Music",Bass Guitar,Intermediate,2 hours,4.7,4,59,"Rp149,000",11/2024,0,0,0,https://www.udemy.com/course/romantic-harmony-101/
Learn Guitar With Steve Stine: Level 1,5425962,Steve Stine,"Guitar, Instruments, Music",Bass Guitar,Beginner,4 hours,4.8,42,103,"Rp149,000",7/2023,0,0,8,https://www.udemy.com/course/learn-guitar-with-steve-stine-level-1/
Guitar -The Beginning,5854002,Guitar Lessons Online,"Guitar, Instruments, Music",Bass Guitar,Beginner,2.5 hours,5.0,3,6,"Rp149,000",11/2025,35,0,3,https://www.udemy.com/course/guitar-the-beginning/
Guitar Lessons - Economy Picking Essentials,762482,FretHub Guitar Lessons,"Guitar, Instruments, Music",Bass Guitar,Intermediate,1.5 hours,4.4,33,314,"Rp149,000",2/2016,0,0,0,https://www.udemy.com/course/guitar-lessons-economy-picking-essentials/
JAZZ MASTERCLASS: Step-by-Step - Learning Boogie Woogie,523050,Martan Mann,"Jazz, Music Fundamentals, Music",Bass Guitar,Intermediate,44 mins,4.6,17,253,"Rp149,000",10/2016,0,0,16,https://www.udemy.com/course/jazz-masterclass-step-by-step-learning-boogie-woogie/
Song Science #1: How Pros Use 6 Chords to Write Hit Songs,752020,Musicians Inspired,"Songwriting, Music Theory, Music Composition, Writing, Music Fundamentals",Bass Guitar,All Levels,N/A,4.7,1577,10315,N/A,2/2023,0,0,0,https://www.udemy.com/course/songtheory1/
Songwriting Simplified: For Guitarists,3227051,Joey Young,"Songwriting, Guitar, Music Fundamentals, Music",Bass Guitar,All Levels,4 hours,4.3,5,62,"Rp149,000",7/2021,0,0,6,https://www.udemy.com/course/songwriting-simplified-for-guitarists/
Music Theory for Beginners,1498430,Mikael Baggström,"Music Composition, Music Theory, Music Fundamentals, Music",Bass Guitar,Beginner,1.5 hours,4.7,73,370,"Rp149,000",8/2021,1,0,0,https://www.udemy.com/course/music-composition-for-beginners/
Indie Rock Music Production & Songwriting with Ableton Live,4788268,Tuna Dokme,"Music Production, Guitar, Songwriting, Ableton Live, Music",Bass Guitar,Beginner,3.5 hours,4.4,16,109,"Rp149,000",12/2022,1,0,8,https://www.udemy.com/course/rock-music-production-songwriting-with-ableton-live/
Master Jazz Standards - Play Solo or in a Group Setting,5430342,Willie Myette,"Piano, Piano Chords, Music Techniques, Music",Bass Guitar,All Levels,4 hours,4.8,26,374,"Rp149,000",7/2023,1,0,0,https://www.udemy.com/course/master-jazz-standards/
Songwriting: 6 Tools to Make Your MELODIES Stand Out,4644070,Alon Kuper,"Songwriting, Music Production, Music",Bass Guitar,All Levels,1 hour,4.9,24,1629,"Rp449,000",1/2025,4,0,4,https://www.udemy.com/course/songwriting-melodies/
Acoustic Guitar For Beginners,4344558,Varun Olimattel,"Guitar, Instruments, Music",Bass Guitar,Beginner,N/A,4.9,6,39,N/A,6/2022,0,0,0,https://www.udemy.com/course/the-ultimate-guitar-course-for-beginners/
Play Music by Ear - from Beginner to Fluency,2189066,Michael Emenau,"Playing Music by Ear, Music Fundamentals, Music",Bass Guitar,All Levels,4.5 hours,4.6,135,1029,"Rp149,000",10/2021,0,0,25,https://www.udemy.com/course/play-music-by-ear-the-basics/
Jazz Piano Improv Tricks 1,4110394,Josh Cook,"Music Improvisation, Jazz, Music Theory, Piano, Music Techniques",Bass Guitar,Intermediate,2 hours,4.8,45,345,"Rp149,000",8/2024,0,0,1,https://www.udemy.com/course/jazz-piano-improv-tricks/
How to Teach Guitar to Kids,2188954,Inga Hope,"Guitar, Music Instruction, Instruments, Music",Bass Guitar,All Levels,3 hours,4.7,59,304,"Rp149,000",1/2021,2,0,1,https://www.udemy.com/course/start-teaching-guitar-to-kids/
Beginner Guitar - 38 Easy Lessons You Needs to Get Started,80844,StrumSchool Shapiro,"Guitar, Instruments, Music",Bass Guitar,Beginner,3 hours,4.8,35,332,"Rp149,000",12/2013,1,0,35,https://www.udemy.com/course/beginner-guitar-8-lessons-everyone-needs/
Master Percussion for Music Composition,2266128,Mikael Baggström,"Music Production, Sound Design, Music Composition, Music",Bass Guitar,All Levels,2.5 hours,4.7,91,1226,"Rp149,000",9/2025,1,0,0,https://www.udemy.com/course/music-composition-master-the-percussion-in-your-music/
Play By Ear #2: Learn to Play By Ear Easily in 12 Keys Fast,404332,Rosa Suen,"Piano Chords, Piano, Google Play, Music Fundamentals, Music",Bass Guitar,All Levels,2.5 hours,4.4,28,1892,"Rp149,000",10/2019,40,0,2,https://www.udemy.com/course/play-by-ear-2-pick-out-melody-of-songs-in-all-12-keys/
Start Playing Guitar: The Complete Beginner Course,6970827,Adam Pickard,"Guitar, Acoustic Guitar, Guitar Chords, Instruments, Music",Bass Guitar,Beginner,2 hours,5.0,1,31,"Rp169,000",12/2025,0,0,9,https://www.udemy.com/course/start-playing-guitar-the-complete-beginner-course/
"Music Theory for Beginners - Piano, Guitar Violin, etc.",3849950,Shervin House,"Music Theory, Music Fundamentals, Music",Bass Guitar,All Levels,8.5 hours,4.5,194,16684,"Rp149,000",9/2021,11,0,39,https://www.udemy.com/course/music-theory-course/
Play Solos in Spanish and Flamenco Guitar,3732516,Edina Balczo,"Flamenco Guitar, Guitar, Instruments, Music",Bass Guitar,All Levels,1.5 hours,4.5,71,607,"Rp149,000",1/2022,0,0,17,https://www.udemy.com/course/play-solos-in-spanish-and-flamenco-guitar/
Learn Piano #5 - Play Piano with Drama: Secondary Dominants,327366,Rosa Suen,"Piano, Piano Chords, Google Play, Music Fundamentals, Music",Bass Guitar,All Levels,1 hour,4.9,16,652,"Rp149,000",10/2019,19,0,4,https://www.udemy.com/course/reharmonization-kit-1-level-5-secondary-dominant-ii7/
How to Find Singer's Key In 2 Seconds + Ear Training & More,4765284,Oluwajoba Odesanya,"Singing, Ear Training, Piano, Music Techniques, Music",Bass Guitar,All Levels,2 hours,5.0,9,1038,"Rp149,000",7/2022,0,0,0,https://www.udemy.com/course/how-to-find-singers-key-in-2-seconds-ear-training-more/
Hands-And-Ears For Jazz Harmony. Part I.,5212296,Anna Frank,"Jazz, Piano Chords, Music Fundamentals, Music",Bass Guitar,All Levels,33 mins,5.0,6,287,"Rp149,000",4/2023,4,0,31,https://www.udemy.com/course/hands-and-ears-for-jazz-harmony-part_1/
Learn Piano #4 - Predict chord progressions - Circle of 5th,320952,Rosa Suen,"Piano Chords, Google Play, Piano, Music Fundamentals, Music",Bass Guitar,All Levels,1 hour,4.8,21,721,"Rp149,000",10/2019,15,0,2,https://www.udemy.com/course/kit-1-level-4-using-circle-of-5ths-to-reharmonize-a-song/
Solfège and Ear Training: Beginner 301 (Natural Minor),5542892,Josh Cook,"Music Theory, Ear Training, Voice Training, Music Fundamentals, Music",Bass Guitar,Beginner,1.5 hours,5.0,1,46,"Rp149,000",1/2024,0,0,0,https://www.udemy.com/course/solfege-and-ear-training-natural-minor/
Acoustic Fingerstyle Guitar Course: Beginner to Advanced,517148,Paul William,"Fingerstyle Guitar, Guitar, Instruments, Music",Bass Guitar,All Levels,4 hours,3.7,240,10736,"Rp149,000",6/2016,0,0,17,https://www.udemy.com/course/acoustic-fingerstyle-guitar/
Fingerstyle for the Curious Guitarist,2387446,Dan Dresnok,"Fingerstyle Guitar, Guitar, Acoustic Guitar, Instruments, Music",Bass Guitar,All Levels,1.5 hours,4.3,48,478,Free,9/2025,0,0,14,https://www.udemy.com/course/fingerstyle-for-the-curious-guitarist/
Precomposition: The Secret to Creating Great Music,6119163,J. Anthony Allen,"Music Composition, Music Production, Music",Bass Guitar,All Levels,2 hours,4.5,43,366,"Rp149,000",12/2025,2,0,6,https://www.udemy.com/course/precomposition/
Music Composition: The Composer’s Mindset (Foundations),6826537,Rovshan Asgarzade,"Music Composition, Music Production, Music",Bass Guitar,Beginner,4 hours,4.9,12,393,"Rp149,000",4/2026,0,0,19,https://www.udemy.com/course/the-composers-mindset-romantic-nostalgic/
Learn to play piano from scratch - Part 1,6028942,Inspired Music,"Piano, Instruments, Music",Bass Guitar,Beginner,1.5 hours,4.7,3,15,"Rp149,000",7/2024,0,0,3,https://www.udemy.com/course/learn-to-play-piano-from-scratch-part-1/
"Learn to Play Tarrega, Bach, and Sor on Classical Guitar",140168,Brian Riggs,"Classical Guitar, Google Play, Guitar, Instruments, Music",Bass Guitar,Intermediate,4 hours,4.8,76,1326,"Rp149,000",11/2015,0,0,5,https://www.udemy.com/course/guitar-pieces/
Acoustic Guitar After The Basics,198692,Francis Long,"Acoustic Guitar, Fingerstyle Guitar, Guitar Chords, Instruments, Music",Bass Guitar,Intermediate,2.5 hours,4.8,29,213,"Rp379,000",11/2014,2,0,15,https://www.udemy.com/course/acoustic-guitar-after-the-basics/
Christmas Songs for Guitar - Sing & Play Christmas Songs,4328020,Jakob Puchmayr,"Guitar, Instruments, Music",Bass Guitar,All Levels,1.5 hours,5.0,3,39,"Rp149,000",10/2021,15,0,24,https://www.udemy.com/course/christmas-songs-for-guitar-sing-play-christmas-songs/
"Flamenco Guitar Beginner Rhythms: ""START HERE"" Series #1",3367526,Chris Jacome,"Flamenco Guitar, Instruments, Music",Bass Guitar,Beginner,2.5 hours,4.7,73,418,"Rp149,000",9/2020,0,0,5,https://www.udemy.com/course/flamenco-guitar-01/
Guitar Lessons: Play & Sing to LANDSLIDE (Fleetwood Mac),2248278,Joe Borowsky,"Guitar, Singing, Instruments, Music",Bass Guitar,All Levels,1 hour,4.3,6,916,"Rp149,000",3/2019,0,0,4,https://www.udemy.com/course/guitarlessonlandslide/
ABRSM Music Theory Practice Exam: Grade 3 & Grade 4,3312878,J. Anthony Allen,"Music Theory, Music Fundamentals, Music",Bass Guitar,Intermediate,N/A,4.8,12,173,"Rp149,000",8/2022,0,0,0,https://www.udemy.com/course/abrsm-music-theory-practice-exam-grade-3-grade-4/
Complete Songwriting Megacourse: Beginner to Expert,4811276,Skillademia Academy,"Songwriting, Music Composition, Music Production, Music Theory, Music Fundamentals",Bass Guitar,All Levels,18.5 hours,4.4,81,13336,"Rp149,000",8/2022,0,0,0,https://www.udemy.com/course/complete-songwriting-megacourse-beginner-to-expert/
Beyond The Delta Slide Guitar,841262,Rick Payne,"Guitar, Music Techniques, Music",Bass Guitar,Intermediate,1 hour,4.0,18,121,"Rp149,000",6/2016,2,0,37,https://www.udemy.com/course/beyond-the-delta-slide-guitar/
MuseScore: Mastering Music Notation Free Software,1488260,J. Anthony Allen,"MuseScore, Music Software, Music",Bass Guitar,All Levels,2 hours,4.6,412,4014,"Rp149,000",11/2025,4,0,1,https://www.udemy.com/course/musescore-mastering-music-notation-free-software/
Understanding Harmonic Modulations,6185251,Josh Cook,"Harmony (music), Music Theory, Music Composition, Piano, Music Fundamentals",Bass Guitar,Intermediate,1.5 hours,4.9,9,68,"Rp149,000",1/2025,0,0,4,https://www.udemy.com/course/understanding-harmonic-modulations/
#2 Piano Trick: Rosa's EZ Octave Hands Play Advanced Chords,1301122,Rosa Suen,"Piano Chords, Music Theory, Piano, Music Techniques, Music",Bass Guitar,Intermediate,1 hour,4.4,3,1547,"Rp149,000",10/2019,11,0,4,https://www.udemy.com/course/2-piano-trick-rosas-ez-octave-hands-play-advanced-chords/
Songwriting for Complete Beginners,1174340,Mikael Baggström,"Songwriting, Music Theory, Music Fundamentals, Music",Bass Guitar,Beginner,2 hours,4.4,43,980,"Rp149,000",8/2021,1,0,0,https://www.udemy.com/course/songwriting-for-complete-beginners/
Strumming for the Curious Guitarist,1639610,Dan Dresnok,"Guitar, Acoustic Guitar, Guitar Chords, Reading Music, Instruments",Bass Guitar,All Levels,3 hours,4.6,96,2708,"Rp149,000",9/2025,0,0,13,https://www.udemy.com/course/strumming-for-the-curious-guitarist/
The Complete Piano & Music Theory Beginners Course,953152,Musicians Inspired,"Music Theory, Piano Chords, Piano, Instruments, Music",Bass Guitar,All Levels,1.5 hours,4.4,2947,24186,"Rp149,000",2/2022,4,0,1,https://www.udemy.com/course/piano-lessons-music-theory-beginners-course/
Learn Acoustic Guitar for Worship,1045886,Bret Mavrich,"Acoustic Guitar, Guitar, Instruments, Music",Bass Guitar,Beginner,2 hours,4.4,88,448,"Rp149,000",1/2017,0,0,3,https://www.udemy.com/course/learn-acoustic-guitar-for-worship/
Adventures in Classical Music—Music Appreciation for All!,41273,William Neely,"Classical Music, Music Theory, Music Appreciation, Music Fundamentals, Music",Bass Guitar,All Levels,31 hours,4.8,1191,7854,N/A,9/2020,0,0,16,https://www.udemy.com/course/adventures-in-classical-music/
"The Complete History of Music, Part 2: The Renaissance",2239026,J. Anthony Allen,"Music History, Music Fundamentals, Music",Bass Guitar,Beginner,3.5 hours,4.5,45,496,"Rp149,000",2/2023,2,0,2,https://www.udemy.com/course/renaissance-music/
Music Theory | ABRSM Grade 8 Music Theory Complete Course,644474,Victoria Williams LmusTCL BA(Mus),"Music Theory, ABRSM, Music Composition, Music Fundamentals, Music",Bass Guitar,Expert,7.5 hours,4.5,222,1552,"Rp149,000",1/2026,12,0,2,https://www.udemy.com/course/composition-grade-8-abrsm-music-theory/
"Music Composition 1: Myths, Techniques, and Getting Started",957792,J. Anthony Allen,"Music Composition, Music Theory, Music Fundamentals, Music",Bass Guitar,Beginner,4 hours,4.5,376,3382,"Rp149,000",11/2025,4,0,3,https://www.udemy.com/course/music-composition-techniques/
Super Easy Bite-Sized Melodies for Piano Beginners,3125268,Gabriel Felix,"Keyboard Instrument, Piano, Piano Chords, Instruments, Music",Bass Guitar,Beginner,1.5 hours,4.4,36,1554,"Rp149,000",5/2025,0,0,0,https://www.udemy.com/course/super-easy-bite-sized-melodies-for-piano-beginners/
The Blues Guitar Style Of Big Bill Broonzy,2606360,Rick Payne,"Acoustic Guitar, Blues Guitar, Fingerstyle Guitar, Music Techniques, Music",Bass Guitar,All Levels,35 mins,4.6,18,162,"Rp149,000",11/2019,0,0,17,https://www.udemy.com/course/the-blues-guitar-style-of-big-bill-broonzy/
Guitar for kids (7+),2809013,Rodrigo Souza,"Guitar, Instruments, Music",Bass Guitar,Beginner,1 hour,4.7,7,66,"Rp149,000",12/2020,0,0,0,https://www.udemy.com/course/guitar-for-kids-7/
Trinity Grade 8 Music Theory,6254511,Victoria Williams LmusTCL BA(Mus),"Music Theory, Music Fundamentals, Music",Bass Guitar,Expert,2.5 hours,4.9,8,91,"Rp149,000",1/2026,5,0,3,https://www.udemy.com/course/trinity-grade-8-music-theory/
Accessible Music Theory Basics for the Absolute Beginner,5155894,Carl Eden,"Music Theory, Music Fundamentals, Music",Bass Guitar,Beginner,2.5 hours,4.9,17,1070,"Rp149,000",9/2023,2,0,1,https://www.udemy.com/course/accessible-music-theory-basics-for-the-absolute-beginner/
Play Piano 14: Improvise on Moon River by Ear Power Chords,1039624,Rosa Suen,"Piano Chords, Google Play, Piano, Music Techniques, Music",Bass Guitar,Expert,1.5 hours,4.8,4,1603,"Rp149,000",10/2019,22,0,20,https://www.udemy.com/course/play-piano-14-improvise-on-moon-river-by-ear-power-chords/
8 Pop Songs for Finger-Style Guitar,2269508,Hani Gamal,"Guitar, Instruments, Music",Bass Guitar,All Levels,2.5 hours,4.9,12,259,"Rp149,000",2/2022,0,0,10,https://www.udemy.com/course/8-pop-songs-for-finger-style-guitar/
The Easiest Way To Play Jazz Standards from a Lead Sheet,6387633,Willie Myette,"Piano, Music Fundamentals, Music",Bass Guitar,Beginner,3 hours,4.9,6,107,"Rp149,000",1/2025,1,0,4,https://www.udemy.com/course/play-jazz-piano-standards-lead-sheet/
#10 Hand Coordination - Transfer Chord Ballad 9 - C & Bb Key,1170074,Rosa Suen,"Piano, Music Theory, Google Play, Instruments, Music",Bass Guitar,Intermediate,1 hour,5.0,1,1612,"Rp149,000",10/2023,8,0,2,https://www.udemy.com/course/10-hand-coordination-transfer-chord-ballad-9-he-is-lord/
Music Theory Made Simple,1591156,Kevin Patrick Fleming,"Music Theory, Music Fundamentals, Music",Bass Guitar,All Levels,1 hour,4.9,22,112,"Rp149,000",9/2024,0,0,0,https://www.udemy.com/course/music-theory-made-simple/
Teach Music Full/ Part Time: Grow a Music Teaching Practice,2730944,Eve Williams MMus,"Music Instruction, Humanities, Teaching & Academics",Bass Guitar,All Levels,3 hours,4.7,39,192,"Rp149,000",1/2025,2,0,3,https://www.udemy.com/course/teach-music-full-part-time-start-a-music-teaching-practice/
Learn Piano #10 Tritone Chord Substitution with Jazzy Sounds,993134,Rosa Suen,"Piano, Google Play, Instruments, Music",Bass Guitar,All Levels,38 mins,4.7,5,1305,"Rp149,000",10/2019,2,0,1,https://www.udemy.com/course/learn-piano-10-tritone-chord-substitution-with-jazzy-sounds/
The apprentice - beginner guitar course volume 3,6439101,Daniel Zimmerman,"Guitar, Instruments, Music",Bass Guitar,Intermediate,11 hours,5.0,1,1,"Rp799,000",2/2026,0,0,150,https://www.udemy.com/course/apprentice3/
Fingerstyle Guitar with RIVER FLOWS IN YOU - Easy way,4154546,Fingerstyle Club,"Fingerstyle Guitar, Instruments, Music",Bass Guitar,All Levels,2 hours,4.7,11,111,"Rp149,000",6/2021,0,0,14,https://www.udemy.com/course/fingerstyle-guitar-with-river-flows-in-you-easy-way/
Music Composition 2: Tension & Release,1010002,J. Anthony Allen,"Music Composition, Music Theory, Music Techniques, Music",Bass Guitar,All Levels,3.5 hours,4.4,189,2553,"Rp149,000",11/2025,6,0,8,https://www.udemy.com/course/music-composition-techniques-2/
Pop & Jazz Keyboards & Harmony (beginner),883138,Duncan Millar,"Keyboard Instrument, Harmony (music), Music Theory, Piano Chords, Instruments",Bass Guitar,Beginner,3 hours,4.5,103,841,"Rp149,000",8/2018,0,0,16,https://www.udemy.com/course/pop-and-jazz-keyboards-and-harmony-beginner-level/
Play Any Song in ANY 12 Keys Using A Powerful Number Method,417212,Rosa Suen,"Music Instruction, Music Fundamentals, Music",Bass Guitar,All Levels,1.5 hours,4.3,33,1148,"Rp149,000",10/2019,43,0,4,https://www.udemy.com/course/play-any-song-in-all-12-keys-using-a-powerful-number-method/
Guitar lesson - From scratch To Advanced,3525440,Faida Sebuhoro,"Guitar, Acoustic Guitar, Fingerstyle Guitar, Guitar Chords, Music Techniques",Bass Guitar,All Levels,3 hours,5.0,2,19,"Rp149,000",9/2022,0,0,0,https://www.udemy.com/course/learn-guitar-from-scratch-to-the-advanced-level-with-faida/
Learn Piano #7- Learn Chromatic Chords & Chromatic Scale Run,344234,Rosa Suen,"Piano Chords, Music Theory, Piano, Instruments, Music",Bass Guitar,All Levels,1.5 hours,4.7,10,1057,"Rp149,000",10/2019,19,0,3,https://www.udemy.com/course/learn-piano-7-learn-chromatic-chords-chromatic-scale-run/
Blues: The Next Level,5324210,Bobby Harrison,"Blues Guitar, Jazz Guitar, Guitar, Instruments, Music",Bass Guitar,Intermediate,2 hours,4.8,21,165,"Rp149,000",5/2023,0,0,19,https://www.udemy.com/course/blues-the-next-level/
Learn 4 Chords and Play Thousands of Songs!,566678,Jason Lawrence,"Guitar, Instruments, Music",Bass Guitar,Beginner,1.5 hours,4.5,253,4793,"Rp149,000",2/2016,0,0,4,https://www.udemy.com/course/learn-4-chords-and-play-thousands-of-songs/
College Level Jazz Theory Part 2,641448,Joseph Armetta,"Jazz, Music Improvisation, Music Techniques, Music",Bass Guitar,Intermediate,1.5 hours,4.4,10,202,"Rp149,000",2/2016,0,0,20,https://www.udemy.com/course/college-level-jazz-theory-part-2/
Rhythm #1: Intro - Turn 8th Note to 16th Note Accompaniment,1193994,Rosa Suen,"Piano Chords, Music Techniques, Music",Bass Guitar,Intermediate,2 hours,4.4,7,1686,Free,10/2023,5,0,2,https://www.udemy.com/course/13-hand-coordination-turn-8th-note-to-16th-note-rhythm/
Learn How To Play Guitar Fast - Beginner Level,6061453,Brandon Leavell,"Guitar, Acoustic Guitar, Guitar Chords, Instruments, Music",Bass Guitar,Beginner,1 hour,5.0,3,7,"Rp149,000",7/2024,0,0,9,https://www.udemy.com/course/learn-how-to-play-guitar-fast-beginner-level/
Play Piano 13: Improvise My Heart Will Go On Chords By EAR,1037060,Rosa Suen,"Piano Chords, Music Theory, Google Play, Piano, Music Techniques",Bass Guitar,Expert,1.5 hours,5.0,3,2062,"Rp149,000",10/2019,20,0,18,https://www.udemy.com/course/play-piano-13-improvise-on-my-heart-will-go-on-chords/
Hotel California - Fingerstyle Guitar,4250704,Lucas Cesar de Oliveira Imbiriba,"Fingerstyle Guitar, Instruments, Music",Bass Guitar,All Levels,1 hour,4.8,34,241,"Rp299,000",8/2021,0,0,0,https://www.udemy.com/course/hotel-california/
Mastering Rootless Jazz Chords (Rootless Chords Blueprint),5404010,Willie Myette,"Piano Chords, Jazz, Music Techniques, Music",Bass Guitar,Intermediate,1 hour,4.9,7,86,"Rp149,000",6/2023,1,0,0,https://www.udemy.com/course/mastering-rootless-jazz-chords-blueprint/
Learn Guitar With Steve Stine: Level 3,5441332,Steve Stine,"Guitar, Instruments, Music",Bass Guitar,Beginner,3 hours,4.5,8,66,"Rp149,000",7/2023,0,0,1,https://www.udemy.com/course/learn-guitar-with-steve-stine-level-3/
Play Piano 8 - Play Over the Rainbow by Ear & Free Improvise,1009802,Rosa Suen,"Piano Chords, Piano, Instruments, Music",Bass Guitar,All Levels,1.5 hours,4.9,8,1312,Free,10/2019,19,0,18,https://www.udemy.com/course/play-piano-8-play-over-the-rainbow-by-ear-free-improvise/
#14 Piano Piano Trick: Jazz Waltz Swing 3/4 + Half Step,1290816,Rosa Suen,"Piano, Piano Chords, Jazz, Instruments, Music",Bass Guitar,Intermediate,1 hour,5.0,1,32,"Rp149,000",10/2023,8,0,1,https://www.udemy.com/course/14-piano-piano-trick-jazz-waltz-swing-34-half-step/
Play Piano 15: Improvise You Light Up My Life by Ear Chords,1043482,Rosa Suen,"Piano, Piano Chords, Music Techniques, Music",Bass Guitar,Expert,1.5 hours,4.9,6,1045,"Rp149,000",10/2023,21,0,19,https://www.udemy.com/course/play-piano-15-improvise-you-light-up-my-life-by-ear-chords/
Fundamental Music Theory and HARMONY Training Set,6802929,"Akın Mutlu, Akın Mutlu GLOBAL","Music Theory, Piano Chords, Harmony (music), Music Instruction, Music Fundamentals",Bass Guitar,All Levels,11.5 hours,5.0,1,4,"Rp149,000",11/2025,1,0,27,https://www.udemy.com/course/music-theory-harmony/
Ear Training - Sing The Notes!,2559720,Gal Peiser,"Ear Training, Music Fundamentals, Music",Bass Guitar,Beginner,1 hour,4.7,67,367,"Rp149,000",12/2021,1,0,2,https://www.udemy.com/course/sing-the-notes/
Reading Music - Notes on the Staff and Keyboard,3551098,Jonathan Peters,"Reading Music, Music Fundamentals, Music",Bass Guitar,Beginner,42 mins,4.8,56,388,"Rp149,000",11/2022,29,0,0,https://www.udemy.com/course/reading-music-notes-on-the-staff-and-keyboard/
Practical Counterpoint Music Theory,1499672,Victoria Williams LmusTCL BA(Mus),"Music Theory, Music Fundamentals, Music",Bass Guitar,Expert,2.5 hours,4.9,246,1299,"Rp149,000",1/2026,9,0,1,https://www.udemy.com/course/practical-counterpoint/
Why Music Works,2178258,Music Monkey Guru,"Music Theory, Music Fundamentals, Music",Bass Guitar,All Levels,4 hours,4.8,128,1450,"Rp149,000",1/2026,0,0,20,https://www.udemy.com/course/why-music-works/
Learn how to make RnB beats in FL Studio,4252536,SC TUTS,"Music Production, FL Studio, Beat, Music",Bass Guitar,All Levels,2 hours,4.4,4,60,"Rp149,000",8/2021,0,0,1,https://www.udemy.com/course/learn-how-to-make-rnb-beats-in-fl-studio/
Rhythm #3: Play 16th Note - Ballad 9 & Melody Fill - D Key,1273518,Rosa Suen,"Piano, Music Conducting, Music Theory, Music Techniques, Music",Bass Guitar,Expert,1.5 hours,4.1,3,1172,"Rp149,000",6/2025,7,0,1,https://www.udemy.com/course/15-hand-coordination-16th-note-left-hand-ballad-9-d-key/
Learn Piano #6 - Jazz Cocktail Sound 7b9 in Piano Bar Music,341134,Rosa Suen,"Piano, Music Theory, Piano Chords, Music Fundamentals, Music",Bass Guitar,All Levels,1 hour,4.5,20,547,"Rp149,000",10/2019,25,0,2,https://www.udemy.com/course/tap-into-smooth-jazz-cocktail-sound-in-piano-bar-music/
A1 Guitar Course For The Beginner,1914676,Geoff Sinker,"Guitar, Instruments, Music",Bass Guitar,Beginner,4.5 hours,4.5,9,1180,N/A,10/2019,7,0,33,https://www.udemy.com/course/a1-guitar-course-for-the-beginner/
Master Middle eastern Arabic rhythms on the Guitar & Drums,6938507,Ghina Saad,"Music Fundamentals, Music",Bass Guitar,Beginner,1.5 hours,5.0,3,3,"Rp149,000",2/2026,0,0,0,https://www.udemy.com/course/middle-easternarabic-worship-rhythms-on-the-guitar-drums/
Play Piano 9: Improvise on The Way You Look Tonight Chords,1016538,Rosa Suen,"Piano Chords, Google Play, Piano, Music Fundamentals, Music",Bass Guitar,All Levels,1.5 hours,5.0,3,1138,"Rp149,000",10/2023,18,0,17,https://www.udemy.com/course/play-piano-9-improvise-on-the-way-you-look-tonight-chords/
Ear Training Fundamentals,3006236,Michael Emenau,"Music Instruction, Music Fundamentals, Music",Bass Guitar,Beginner,1.5 hours,4.8,13,139,"Rp149,000",5/2020,0,0,8,https://www.udemy.com/course/ear-training-fundamentals/
Jazz and Blues Made Easy,932112,Willie Myette,"Piano, Instruments, Music",Bass Guitar,Beginner,2.5 hours,4.6,23,259,"Rp149,000",5/2018,1,0,4,https://www.udemy.com/course/piano-jazz-and-blues-made-easy/
Key Signature Boot Camp,4752196,Anne Plummer,"Music Theory, Music Fundamentals, Music",Bass Guitar,Beginner,2.5 hours,5.0,9,49,N/A,11/2023,1,0,16,https://www.udemy.com/course/key-signature-boot-camp/
Basic Guitar Chord Playing and Concepts,5363978,Jim Gaven,"Acoustic Guitar, Instruments, Music",Bass Guitar,Beginner,1.5 hours,4.8,N/A,483,"Rp149,000",1/2025,0,0,0,https://www.udemy.com/course/basic-guitar-chord-playing-and-concepts/
Play Piano 10: Improvise on Love Story By Ear in Minor Key,1020720,Rosa Suen,"Piano, Google Play, Piano Chords, Music Fundamentals, Music",Bass Guitar,Expert,1.5 hours,4.3,5,1321,"Rp169,000",10/2023,19,0,18,https://www.udemy.com/course/play-piano-10-improvise-on-love-story-by-ear-in-minor-key/
#2 Piano Hand Coordination: Nostalgic iBallad in C & F Key,249466,Rosa Suen,"Piano Chords, Piano, Google Play, Music Techniques, Music",Bass Guitar,All Levels,1 hour,4.5,12,2381,"Rp149,000",10/2019,14,0,14,https://www.udemy.com/course/learn-to-play-piano-left-hand-nostalgic-10th-in-5-easy-steps/
"Beginners Music Theory for Rock, Blues and Jazz.",1608284,Phil Davison,"Music Theory, Jazz, Music Fundamentals, Music",Bass Guitar,Beginner,2.5 hours,4.4,17,114,N/A,4/2018,12,0,64,https://www.udemy.com/course/beginners-music-theory-for-rock-blues-and-jazz/
Learn to Play the Musical Saw,2092410,Caroline McCaskey,"Music Instruction, Music Techniques, Music",Bass Guitar,Beginner,1.5 hours,4.8,36,123,"Rp149,000",7/2021,0,0,22,https://www.udemy.com/course/learn-to-play-the-musical-saw/
Trinity Grade 7 Music Theory,6257403,Victoria Williams LmusTCL BA(Mus),"Music Theory, Music Fundamentals, Music",Bass Guitar,Expert,3 hours,4.8,5,70,"Rp149,000",1/2026,5,0,3,https://www.udemy.com/course/trinity-grade-7-music-theory/
Learn Guitar With Steve Stine: Level 4,5441336,Steve Stine,"Guitar, Instruments, Music",Bass Guitar,Beginner,2.5 hours,5.0,5,59,"Rp149,000",7/2023,0,0,14,https://www.udemy.com/course/learn-guitar-with-steve-stine-level-4/
Music Theory: Read and feel musical rhythms like a pro,1361564,Alexandra Belibou,"Music Theory, Music Fundamentals, Music",Bass Guitar,Beginner,2 hours,4.6,39,246,"Rp149,000",12/2017,0,0,1,https://www.udemy.com/course/read-and-feel-musical-rhythms-like-a-pro/
66 Must-Know Licks and Riffs for the Modern Guitar Player,4364654,Adi Steinulf,"Guitar, Instruments, Music",Bass Guitar,All Levels,2.5 hours,3.3,3,71,"Rp149,000",10/2021,0,0,67,https://www.udemy.com/course/must-know-licks-and-riffs-for-the-modern-guitar-player/
"Ultimate Ear Training for Piano, Guitar, & More: Play by Ear",1587108,Nathan Lawrence,"Ear Training, Music Fundamentals, Music",Bass Guitar,All Levels,3 hours,4.2,233,2699,"Rp149,000",1/2019,0,0,0,https://www.udemy.com/course/train-your-ear/
Blues Guitar Lessons - Robert Johnson and Scrapper Blackwell,100916,Jim Bruce,"Blues Guitar, Guitar, Instruments, Music",Bass Guitar,Intermediate,2.5 hours,4.4,29,595,"Rp149,000",2/2019,0,0,6,https://www.udemy.com/course/robert-johnson-scrapper-blackwell-guitar-lessons/
Classical music appreciation: basics,2971258,Giacomo Mura,"Music History, Music Appreciation, Music Fundamentals, Music",Bass Guitar,Beginner,4.5 hours,4.7,207,2650,Free,2/2025,1,0,0,https://www.udemy.com/course/classical-music-appreciation-basics/
18 Traditional Christmas Songs/Carols for Guitar,5648854,Edina Balczo,"Guitar, Acoustic Guitar, Classical Guitar, Fingerstyle Guitar, Instruments",Bass Guitar,All Levels,1.5 hours,5.0,2,83,"Rp149,000",11/2023,0,0,53,https://www.udemy.com/course/18-traditional-christmas-songscarols-for-guitar/
How to play Heavy Metal Guitar,4017212,Reggae Mon,"Rock Guitar, Music Fundamentals, Music",Bass Guitar,All Levels,1.5 hours,4.3,15,103,"Rp149,000",5/2021,0,0,16,https://www.udemy.com/course/how-to-metal/
Street Music Guide | Become a Street Performer!,6735649,"Akın Mutlu, Akın Mutlu GLOBAL","Singing, Guitar, Music Theory, Street Dance, Other Music",Bass Guitar,All Levels,1 hour,5.0,1,9,N/A,11/2025,1,0,3,https://www.udemy.com/course/streetmusic/
Ear Training for Singers and Songwriters,3519628,Sarah Bonsignore,"Piano Chords, Music Fundamentals, Music",Bass Guitar,Beginner,2 hours,4.8,104,522,"Rp399,000",9/2022,0,0,33,https://www.udemy.com/course/ear-training-for-singers-and-songwriters/
The Stratford Music Theory Course,4282014,Madeline Stratford,"Music Theory, Ear Training, Reading Music, Music Fundamentals, Music",Bass Guitar,Beginner,8.5 hours,4.7,84,420,"Rp149,000",7/2023,0,0,85,https://www.udemy.com/course/the-stratford-music-theory-course/
Solfège and Ear Training: Intermediate 101 (Major Blues),6241507,Josh Cook,"Music Theory, Music Fundamentals, Music",Bass Guitar,Intermediate,1.5 hours,5.0,1,11,"Rp149,000",10/2024,0,0,0,https://www.udemy.com/course/solfege-and-ear-training-major-blues/
Rock Music Production For TV/Film & Video Games 2025,4047904,Wojciech Komorowski,"Game Music, Music Production, Music",Bass Guitar,All Levels,2.5 hours,4.2,17,4037,"Rp149,000",3/2025,1,0,5,https://www.udemy.com/course/rock-music-production-for-tvfilm-video-games/
Flamenco Palmas (Rhythmic Hand-Clapping) for Beginners,3651004,Chris Jacome,"Percussion Instruction, Instruments, Music",Bass Guitar,Beginner,2.5 hours,4.8,49,293,"Rp149,000",12/2020,0,0,7,https://www.udemy.com/course/flamenco-palmas-for-beginners/
Master The Fretboard,5078542,Bobby Harrison,"Guitar, Music Techniques, Music",Bass Guitar,All Levels,6.5 hours,4.6,93,796,"Rp149,000",1/2024,0,0,98,https://www.udemy.com/course/master-the-fretboard/
Beginner Guitar Fundamentals - 2 Week Comprehensive Course,5436266,Tomas Stundzia,"Guitar, Acoustic Guitar, Music Theory, Songwriting, Instruments",Bass Guitar,Beginner,21.5 hours,4.7,5,26,"Rp299,000",7/2023,0,0,56,https://www.udemy.com/course/beginner-guitar-fundamentals-2-week-comprehensive-course/
ULTIMATE Beginner to Intermediate: Mastering Music Theory,5211852,Cojocaru Savatie,"Music Theory, Music Fundamentals, Music",Bass Guitar,Beginner,4.5 hours,5.0,1,11,"Rp149,000",8/2023,0,0,39,https://www.udemy.com/course/beginner-to-intermediate-mastering-music-theory/
Acoustic Songwriting. Guitar lessons to create your songs.,301314,John Harper,"Songwriting, Music Fundamentals, Music",Bass Guitar,All Levels,2.5 hours,4.0,54,2208,"Rp149,000",2/2018,2,0,0,https://www.udemy.com/course/acoustic/
The Definitive Guide To Mastering Music Improvisation,209502,Jeffrey Chappell,"Music Improvisation, Music Theory, Music Techniques, Music",Bass Guitar,All Levels,3.5 hours,4.6,45,195,"Rp399,000",7/2015,0,0,3,https://www.udemy.com/course/the-definitive-guide-to-mastering-music-improvisation/
Solfège and Ear Training: Beginner 401 (Harmonic Minor),5543016,Josh Cook,"Music Theory, Ear Training, Voice Training, Music Fundamentals, Music",Bass Guitar,Beginner,1.5 hours,5.0,2,28,"Rp149,000",1/2024,0,0,0,https://www.udemy.com/course/solfege-and-ear-training-harmonic-minor/
Solfège and Ear Training: Beginner 501 (Mixed Maj/Min),5543240,Josh Cook,"Music Theory, Ear Training, Voice Training, Music Fundamentals, Music",Bass Guitar,Beginner,1.5 hours,5.0,2,28,"Rp149,000",1/2024,0,0,0,https://www.udemy.com/course/solfege-and-ear-training-maj-min/
How To Read Music Fast,781110,Mantius Cazaubon,"Reading Music, Music Fundamentals, Music",Bass Guitar,Beginner,2 hours,4.6,130,769,"Rp149,000",4/2016,1,0,32,https://www.udemy.com/course/readmusicfast/
Improvisation in Classical Style,6636279,Alberto L. Ferro,"Music Improvisation, Classical Music, Piano, Music Techniques, Music",Bass Guitar,All Levels,4.5 hours,5.0,5,21,"Rp429,000",6/2025,0,0,7,https://www.udemy.com/course/improvisation-in-classical-style/
Easy Two Finger Guitar,5401000,Alex Edwards,"Rock Guitar, Guitar Chords, Instruments, Music",Bass Guitar,Beginner,38 mins,4.9,2,216,"Rp149,000",6/2023,0,0,2,https://www.udemy.com/course/easytwofingerguitar/
Beginner Acoustic Guitar Lessons,6188549,Walter Kavai,"Instruments, Music",Bass Guitar,Beginner,1 hour,5.0,2,N/A,"Rp149,000",11/2024,0,0,0,https://www.udemy.com/course/beginner-acoustic-guitar-lessons/
How to play simple songs using open chords on the guitar,6183975,Walter Kavai,"Music Instruction, Instruments, Music",Bass Guitar,Beginner,1 hour,5.0,1,N/A,"Rp149,000",12/2024,0,0,0,https://www.udemy.com/course/introduction-to-guitar-z/
Making The Modes Easy! Pro Lead Guitar Course,2318964,John Robson,"Guitar Chords, Guitar, Music Techniques, Music",Bass Guitar,Intermediate,1 hour,4.4,77,412,"Rp149,000",5/2019,0,0,23,https://www.udemy.com/course/making-the-modes-easy-pro-lead-guitar-course/
Instant Harmonica - play Over the Rainbow + Skye Boat now!,854692,Ben Hewlett,"Harmonica, Instruments, Music",Bass Guitar,All Levels,1.5 hours,4.8,9,63,"Rp149,000",7/2016,0,0,22,https://www.udemy.com/course/instant-harmonica-play-over-the-rainbow-skye-boat-now-h/
Music Basics for Non-Musicians,3282244,Maria Githiri,"Music Theory, Music Fundamentals, Music",Bass Guitar,Beginner,1 hour,5.0,1,5,"Rp149,000",6/2023,0,0,0,https://www.udemy.com/course/music-basics-for-non-musicians/
Music Mastermind: Learn the 7 Elements of Music!,2416706,Andrew J. Smith,"Music Theory, Music Fundamentals, Music",Bass Guitar,All Levels,3.5 hours,4.7,26,1464,"Rp149,000",3/2022,0,0,39,https://www.udemy.com/course/best-online-music-theory-course-for-beginner-intermediate-musicians/
Instant Harmonica - play The Kesh (part 2) - easy and fun!,584468,Ben Hewlett,"Harmonica, Instruments, Music",Bass Guitar,Beginner,35 mins,4.8,5,63,"Rp149,000",8/2015,0,0,7,https://www.udemy.com/course/instant-harmonica-play-the-kesh-part-2-easy-and-fun/
"Super Beginner Guitar - start right, start awesome",301686,Robert Prosser,"Guitar, Instruments, Music",Bass Guitar,Beginner,2 hours,4.6,5,617,"Rp149,000",3/2018,2,0,21,https://www.udemy.com/course/super-beginner-guitar-start-right-start-awesome/
Essential Guitar: Barre Chord Bio-Mechanics,3729632,Chris Jacome,"Guitar Chords, Guitar, Acoustic Guitar, Fingerstyle Guitar, Instruments",Bass Guitar,Beginner,2.5 hours,4.5,19,143,Free,3/2025,0,0,10,https://www.udemy.com/course/essential-guitar-barre-chord-bio-mechanics/
"C Major Chords, Scales and Modal Patterns",4076652,Mark Reed,"Guitar, Music Fundamentals, Music",Bass Guitar,Intermediate,1 hour,4.6,N/A,N/A,"Rp149,000",6/2021,0,0,5,https://www.udemy.com/course/c-major-chords-scales-and-modal-patterns/
INRODUCTION TO BAR CHORDS ON THE GUITAR,6365527,Walter Kavai,"Music Instruction, Instruments, Music",Bass Guitar,Intermediate,33 mins,5.0,1,N/A,"Rp447,000.00",12/2024,0,0,0,https://www.udemy.com/course/inroduction-to-bar-chords-on-the-guitar/
Piano Rhythms Vol.1: Rock´n Roll,1425256,Ilse Lozoya,"Piano, Music Fundamentals, Music",Bass Guitar,Beginner,1.5 hours,3.7,16,1292,"Rp149,000",11/2024,10,0,10,https://www.udemy.com/course/piano-rhythms-vol1-rock-n-roll/
Classical music appreciation: basics - part II: Form,3469952,Giacomo Mura,"Classical Music, Music Theory, Music Appreciation, Music Fundamentals, Music",Bass Guitar,Intermediate,4.5 hours,4.7,24,189,"Rp149,000",11/2024,1,0,0,https://www.udemy.com/course/classical-music-appreciation-basics-part-ii-form/
The Greatest Guitar Solo in the World - Learn It Play It,1422670,Alex Simon,"Guitar, Music Improvisation, Flamenco Guitar, Classical Guitar, Instruments",Bass Guitar,Intermediate,2 hours,4.7,7,158,"Rp149,000",11/2017,0,0,0,https://www.udemy.com/course/the-greatest-guitar-solo-in-the-world-learn-it-play-it/
GCSE Music Theory,3955796,Raphael & Katherine,"Music Theory, GCSE, Music Fundamentals, Music",Bass Guitar,Beginner,1 hour,4.5,29,1458,"Rp149,000",4/2021,0,0,0,https://www.udemy.com/course/gcse-music-theory/
Beginner Guitar Lessons Easy Step By Step - Module 1,1444792,Prabir Jana,"Guitar, Music Theory, Instruments, Music",Bass Guitar,Beginner,1.5 hours,4.5,20,73,"Rp149,000",6/2021,0,0,0,https://www.udemy.com/course/absolute-beginner-guitar-lesson-easy-step-by-step-module-1/
Learn How To Read Music From Beginner To Intermediate,1023832,"Matthew Carano, Joe Parys, Joe Parys Support","Reading Music, Music Fundamentals, Music",Bass Guitar,Beginner,1.5 hours,4.4,126,9859,"Rp149,000",11/2016,0,0,6,https://www.udemy.com/course/learn-how-to-read-music-from-beginner-to-intermediate/
Music theory And Everything You Need To Know About Music,6064233,Marwan Hatoom,"Music Theory, Music Production, Music Composition, Music Instruction, Music Techniques",Bass Guitar,All Levels,5 hours,4.7,16,53,"Rp149,000",12/2024,0,0,39,https://www.udemy.com/course/music-theory-and-everything-you-need-to-know-about-music/
SIMPLIFIED SINGER SONGWRITING on guitar for beginners,5558824,Derek Johnson,"Songwriting, Guitar Chords, Lyric Writing, Singing, Vocal",Bass Guitar,Beginner,2 hours,5.0,3,34,"Rp149,000",9/2023,0,0,10,https://www.udemy.com/course/simplified-singer-songwriting-for-beginners/
Music Production - What Is Layering And How To Use It,3793800,Omar Meho,"Music Production, Music",Bass Guitar,All Levels,5.5 hours,5.0,2,2949,"Rp149,000",9/2023,0,0,1,https://www.udemy.com/course/music-production-the-importance-of-layering/
Learn the ins and outs of easy fun Rhythm Harmonica Grooves,4258762,Ben Hewlett,"Harmonica, Blues Harmonica, Instruments, Music",Bass Guitar,All Levels,1.5 hours,4.3,5,61,"Rp149,000",8/2021,0,0,1,https://www.udemy.com/course/learn-the-ins-and-outs-of-easy-fun-rhythm-harmonica-grooves/
HowExpert Guide to Becoming a Country Singer Songwriter,3571291,HowExpert,"Songwriting, Other Music, Music",Bass Guitar,All Levels,2.5 hours,4.3,N/A,2,"Rp349,000",10/2020,0,0,0,https://www.udemy.com/course/becomingacountrysingersongwriter/
Ultimate Ear Training-Discover what you hear-Aural Develop,3866842,Costas Christodoulou,"Ear Training, Piano, Music Fundamentals, Music",Bass Guitar,Intermediate,4 hours,4.3,10,130,"Rp149,000",2/2021,0,0,34,https://www.udemy.com/course/ultimate-ear-training-discover-what-you-hear/
Modal Mayhem,1538420,Shred Scott,"Guitar, Music Techniques, Music",Bass Guitar,All Levels,44 mins,4.7,119,775,"Rp149,000",1/2020,0,0,44,https://www.udemy.com/course/modal-mayhem/
Rhythm Studies and Strumming Patterns,2503852,Kun Loong Chia,"Guitar, Music Techniques, Music",Bass Guitar,All Levels,3 hours,4.7,12,78,"Rp149,000",3/2020,0,0,12,https://www.udemy.com/course/rhythm-studies-and-strumming-patterns/
Guitar Master Class - How to Read Chord Charts,5389430,Joe Elliott,"Guitar, Instruments, Music",Bass Guitar,Intermediate,2 hours,5.0,1,3,"Rp149,000",6/2023,1,0,10,https://www.udemy.com/course/how-to-read-chord-charts/
5-Hour Piano for Beginners,3834982,"Mammoth Interactive, John Bura","Piano, Instruments, Music",Bass Guitar,All Levels,6.5 hours,4.8,4,64,"Rp169,000",2/2021,1,0,1,https://www.udemy.com/course/5-hour-piano-for-beginners/
Music Theory Vol.I : Basic Terminology,812706,Ilse Lozoya,"Music Theory, Music Fundamentals, Music",Bass Guitar,Beginner,1 hour,4.2,124,5286,"Rp149,000",11/2024,1,0,0,https://www.udemy.com/course/music-theory-introduction/
Complete Acoustic Guitar Beginner Course,1506970,Jakob Puchmayr,"Guitar, Acoustic Guitar, Instruments, Music",Bass Guitar,Beginner,3.5 hours,4.5,38,256,"Rp149,000",12/2021,1,0,34,https://www.udemy.com/course/complete-acoustic-guitar-beginner-course/
History of Rock Music I - From the Early Blues to the 1960s,430084,Vasilis Kallis,"Music History, Music Appreciation, Other Music, Music",Bass Guitar,All Levels,3 hours,4.5,51,507,"Rp149,000",4/2018,0,0,28,https://www.udemy.com/course/history-of-rock-music-i-from-the-early-blues-to-the-1960s/
Ear Training Made Easy with a simple method,3795324,Janos Klotz,"Ear Training, Music Fundamentals, Music",Bass Guitar,All Levels,3 hours,4.4,41,2429,"Rp149,000",10/2023,0,0,6,https://www.udemy.com/course/ear-training-made-easy/
The Magic of the Blues Scale,1686398,Stan Prentice,"Piano, Music Fundamentals, Music",Bass Guitar,Beginner,1 hour,4.6,31,181,Free,5/2018,0,0,4,https://www.udemy.com/course/the-magic-of-the-blues-scale/
Jazz Chord Progressions for Piano: Volume 2 of Piano Chords,3631638,Ilse Lozoya,"Piano, Instruments, Music",Bass Guitar,All Levels,2 hours,4.3,7,246,"Rp149,000",11/2024,1,0,1,https://www.udemy.com/course/the-jazz-chord-progression/
Become a guitar ninja: Minor Pentatonic Positions,6235783,Jacob Lamb,"Guitar, Instruments, Music",Bass Guitar,Intermediate,1 hour,4.6,N/A,5,"Rp149,000",1/2025,1,0,1,https://www.udemy.com/course/minor-pentatonic-positions/
Playing Scales for Classical and Finger-Style Guitar,388874,Brian Riggs,"Fingerstyle Guitar, Classical Guitar, Guitar, Music Techniques, Music",Bass Guitar,Intermediate,2 hours,4.5,44,852,"Rp149,000",11/2017,0,0,20,https://www.udemy.com/course/guitar-scales/
Fingerpicking Classics - Stunning songs played fingerstyle!,574428,Dan Thorpe (Guitar Domination),"Fingerstyle Guitar, Instruments, Music",Bass Guitar,All Levels,2 hours,3.9,17,1068,"Rp479,000",2/2019,3,0,0,https://www.udemy.com/course/fingerpicking-learn-fingerstyle-guitar-songs/
Piano Re-harmonization and Improvisation for Very Beginners,2576112,Ilse Lozoya,"Piano, Keyboard Instrument, Instruments, Music",Bass Guitar,Beginner,1 hour,4.6,5,464,"Rp149,000",10/2024,3,0,3,https://www.udemy.com/course/playing-keyboard-quick-tips-for-the-very-beginner/
In Person Guitar Lesson With A Beginner - Your First Month,4939040,Altin Gjoni,"Guitar, Acoustic Guitar, Guitar Chords, Instruments, Music",Bass Guitar,Beginner,1 hour,4.8,13,842,"Rp149,000",1/2023,0,0,0,https://www.udemy.com/course/in-person-guitar-lesson-with-a-beginner-your-first-month/
Music Theory for Pop and Rock Musicians,1193216,Dave Betts,"Music Theory, Music Fundamentals, Music",Bass Guitar,Beginner,2 hours,4.7,37,163,"Rp149,000",5/2017,0,0,6,https://www.udemy.com/course/practicalmusictheory/
ABRSM Piano SCALES and ARPEGGIOS - GRADE 1,5782822,RL Wong,"Piano Chords, ABRSM, Piano, Instruments, Music",Bass Guitar,Beginner,1.5 hours,5.0,2,12,"Rp149,000",8/2025,10,0,0,https://www.udemy.com/course/abrsm-piano-scales-and-arpeggios-grade-1/
Chord Confidence 2 - Intermediate Level: 7 notes to Success,1188640,Charles Dupuis,"Harmony (music), Guitar Chords, Music Techniques, Music",Bass Guitar,Intermediate,1.5 hours,4.5,1,2,"Rp249,000",11/2022,0,0,0,https://www.udemy.com/course/chord-confidence-part-2-harmony-and-understanding-how-notes-relate/
Smart Songwriting: Write Great Songs That Attract Listeners,521718,Christopher Greenwood,"Songwriting, Writing, Music Fundamentals, Music",Bass Guitar,All Levels,2.5 hours,4.2,159,2424,"Rp149,000",5/2016,3,0,0,https://www.udemy.com/course/smartsongwriting/
Ear Training Course for Musicians,5846910,Olusegun Johnson Ogunremi,"Ear Training, Music Techniques, Music",Bass Guitar,All Levels,1 hour,4.4,10,73,"Rp149,000",3/2024,4,0,1,https://www.udemy.com/course/ear-training-course-for-all-musicians/
"Learn to Play Fernando Sor's ""Study in B minor""",149716,Brian Riggs,"Classical Guitar, Google Play, Study Skills, Instruments, Music",Bass Guitar,Intermediate,43 mins,4.8,21,1562,"Rp149,000",12/2015,0,0,1,https://www.udemy.com/course/study-in-b-minor/
Learn to Read Music,957966,Johan van Rooyen,"Reading Music, Music Fundamentals, Music",Bass Guitar,Beginner,3 hours,4.6,49,2529,"Rp149,000",12/2016,23,0,0,https://www.udemy.com/course/learn-to-read-music/
How to Compose Music Like A Boss: Go From Zero to Hero,463720,Tyrone Caballero,"Music Theory, Music Techniques, Music",Bass Guitar,All Levels,3.5 hours,3.7,29,4001,"Rp149,000",8/2017,2,0,10,https://www.udemy.com/course/how-to-write-new-music-with-full-creative-freedom-no-fear/
The Guitar Code,3097444,Thomas Ender,"Guitar, Instruments, Music",Bass Guitar,Intermediate,4.5 hours,4.4,16,7647,"Rp149,000",6/2020,1,0,1,https://www.udemy.com/course/theguitarcode/
Blues Chords & Lessons: The Blues Guitar Of Broonzy & McGhee,101496,Jim Bruce,"Blues Guitar, Guitar, Instruments, Music",Bass Guitar,Intermediate,1.5 hours,4.7,60,9785,"Rp149,000",11/2017,0,0,9,https://www.udemy.com/course/swing-acoustic-blues-guitar-lessons/
