course_title,course_id,lecturer_name,related_topics,subject,level,durations,ratings,num_ratings,student,price,last_update,articles,exercise,downloadable_resources,url
Art And Craft Skills,5298202,Eric Yeboah,"Crafting, Arts & Crafts, Lifestyle",Arts & Crafts,All Levels,3 hours,3.3,6,10,"Rp149,000",9/2025,0,0,0,https://www.udemy.com/course/art-and-craft-skills/
How to Find a Profitable Micro Niche for ARTS & CRAFTS (TM),4343152,"Dr. Noble Arya Full-Stack Data Scientist, AI/ML/DL Researcher","Crafting, Other Teaching & Academics, Teaching & Academics",Arts & Crafts,All Levels,1 hour,4.4,36,702,"Rp149,000",11/2022,0,0,0,https://www.udemy.com/course/how-to-find-a-profitable-micro-niche-for-arts-crafts/
Wholesaling and Consigning your Handmade Arts and Crafts,4094088,Amy Skrocki,"Art Business, Sales, Business",Arts & Crafts,Intermediate,1 hour,4.8,6,26,"Rp149,000",6/2021,0,0,5,https://www.udemy.com/course/wholesaling-and-consigning-your-handmade-arts-and-crafts/
Create a Successful Craft Business: Craft Shows and Online,2182926,Amy Skrocki,"Crafting, Other Business, Business",Arts & Crafts,Beginner,2 hours,4.6,42,344,"Rp149,000",4/2021,3,0,13,https://www.udemy.com/course/create-a-successful-craft-business-craft-shows-and-online/
"Learn about Afro-Colombian customs, arts and crafts.",4350676,Marimbea Colombia,"Cultural Awareness, Arts & Crafts, Lifestyle",Arts & Crafts,All Levels,1 hour,5.0,4,18,"Rp149,000",3/2023,17,0,6,https://www.udemy.com/course/vibrapacificoafro-colombianculture/
How To Teach Craft Workshops,778714,Susan Yeates,"Crafting, Teacher Training, Arts & Crafts, Lifestyle",Arts & Crafts,Beginner,4.5 hours,4.6,202,1066,"Rp149,000",3/2016,0,0,9,https://www.udemy.com/course/how-to-teach-craft-workshops/
Craft Business Power: Online Selling For Artists And Makers,892044,Jason Miles,"Online Business, Entrepreneurship Fundamentals, Entrepreneurship, Business",Arts & Crafts,All Levels,1.5 hours,4.3,116,689,"Rp149,000",2/2018,14,0,14,https://www.udemy.com/course/startup-power-entrepreneurship-for-makers/
Top Tips for Selling at Art & Craft Shows,1148616,Stine Wiemann,"Crafting, Sales Skills, Entrepreneurship, Business",Arts & Crafts,Beginner,1.5 hours,4.6,N/A,2,"Rp149,000",3/2022,0,0,3,https://www.udemy.com/course/craft-shows/
Mandala Art: The Ultimate Mandala Drawing & Design Course,4450556,Art & Craft Letstute,"Mandala, Graphic Design & Illustration, Design",Arts & Crafts,All Levels,7 hours,4.4,174,1126,"Rp149,000",1/2025,0,0,1,https://www.udemy.com/course/mandala-art-the-ultimate-mandala-drawing-course/
Making & Selling Crafts - Craft Fair Strategies for Success,5647242,Kimberly Smith,"Paper Crafting, Arts & Crafts, Lifestyle",Arts & Crafts,Beginner,5 hours,4.7,17,97,"Rp149,000",11/2023,1,0,9,https://www.udemy.com/course/craft-fair/
Your Craft Business: A Step by Step Guide,911136,Kevin Partner,"Crafting, Business Fundamentals, Business Strategy, Home Business, Entrepreneurship",Arts & Crafts,Beginner,3.5 hours,4.5,263,1368,"Rp159,000",8/2016,0,0,1,https://www.udemy.com/course/your-craft-business-a-step-by-step-guide/
How to Start Your Own Hairbow Business,133146,Jacquelyn Louise,"Business Strategy, Business Fundamentals, Arts & Crafts, Lifestyle",Arts & Crafts,All Levels,2 hours,4.2,9,75,"Rp149,000",9/2015,1,0,0,https://www.udemy.com/course/how-to-start-your-own-hairbow-business/
Digital Nomads. Your Artist Bio & Sell Your Art in Galleries,1060082,Aerie North,"Personal Branding, Art Business, Professional Portfolio, Career Development, Personal Development",Arts & Crafts,All Levels,1 hour,4.2,26,261,"Rp149,000",6/2017,0,0,2,https://www.udemy.com/course/your-artist-bio-sell-your-art-in-galleries-museum-shops/
The Ultimate Origami Course - Beginner to Advanced,4108634,Kevin Hutson,"Origami, Creativity, Personal Development",Arts & Crafts,Beginner,13 hours,4.8,434,3437,"Rp149,000",8/2021,0,0,0,https://www.udemy.com/course/the-ultimate-origami-course/
Scrapbook Journalling and Art Therapy,5885980,"Chris Sivewright, Almost Random Theatre, Nancy Bennett, Elina Ghanbari","Art Therapy, Stress Management, Personal Development",Arts & Crafts,All Levels,4.5 hours,4.6,23,2061,"Rp149,000",3/2026,15,0,8,https://www.udemy.com/course/scrapbook-journalling-and-art-therapy/
Fun Crafting and Painting Projects,5440194,Chaoran Liu,"Crafting, Painting, Gouache Painting, Other Teaching & Academics, Teaching & Academics",Arts & Crafts,Beginner,1 hour,5.0,1,351,"Rp149,000",8/2023,1,0,9,https://www.udemy.com/course/fun-crafting-and-painting-projects-for-kids/
An Introduction to the Art of Book Binding,273998,Rachel Curry,"Book Binding, Art History, Arts & Crafts, Lifestyle",Arts & Crafts,All Levels,2 hours,4.4,220,1209,"Rp149,000",9/2014,0,0,2,https://www.udemy.com/course/bookbinding/
Origami Craft: The Ultimate Paper Folding & Art Course,4260578,Art & Craft Letstute,"Origami, Creativity, Personal Development",Arts & Crafts,All Levels,4.5 hours,4.0,26,4735,"Rp149,000",2/2022,0,0,0,https://www.udemy.com/course/origami-course/
Creative Learning with Santi Kusriny,4130594,Librina Creative,"Creativity, Learning Strategies, Other Teaching & Academics, Teaching & Academics",Arts & Crafts,Beginner,1 hour,4.5,N/A,N/A,"Rp149,000",7/2021,0,0,15,https://www.udemy.com/course/creative-learning-with-santi-kusriny/
How To Craft Wire Tree Sculptures With Andy Elliott,1296372,Andy Elliott,"Crafting, Arts & Crafts, Lifestyle",Arts & Crafts,All Levels,42 mins,4.6,580,2127,"Rp149,000",7/2017,0,0,0,https://www.udemy.com/course/how-to-craft-wire-tree-sculptures-with-andy-elliott/
Turn Everyday Objects into Handmade Decorative Art,2407072,BYT 1985,"Crafting, Arts & Crafts, Lifestyle",Arts & Crafts,All Levels,1 hour,5.0,2,158,"Rp149,000",12/2025,0,0,0,https://www.udemy.com/course/ibrahimbyati2/
Gypsum Craft,6689511,Onoghese Cyrilia,"Crafting, Arts & Crafts, Lifestyle",Arts & Crafts,Beginner,1.5 hours,4.4,2,11,"Rp149,000",6/2025,0,0,0,https://www.udemy.com/course/gypsum-craft/
Mindfulness and Mandala Drawing Course (for Beginners),2650566,"Anike , Zebra Soul Art, ZSA Academy","Mindfulness, Happiness, Personal Development",Arts & Crafts,Beginner,9 hours,4.5,150,8438,"Rp149,000",5/2025,10,0,17,https://www.udemy.com/course/mindfulness-based-art-the-mindful-mandala-drawing-course/
The art of folding napkins from Beginner to Expert,4653326,Nikola Jovanović,"Crafting, Arts & Crafts, Lifestyle",Arts & Crafts,Beginner,2 hours,4.7,4,20,"Rp149,000",6/2023,0,0,0,https://www.udemy.com/course/the-art-of-folding-napkins/
"How to Succeed at Street Fairs, Festivals, & Craft Shows",700084,Andy LaPointe,"Crafting, Marketing Strategy, Entrepreneurship, Business",Arts & Crafts,All Levels,1.5 hours,3.8,24,167,"Rp149,000",4/2016,0,0,0,https://www.udemy.com/course/how-to-succeed-at-street-fairs-festivals-and-craft-shows/
"Paper Crafting Like A Pro: Tools, Techniques & Inspiration",3824560,Sandy Dee,"Paper Crafting, Journaling, Mixed Media Art, Greeting Cards, Arts & Crafts",Arts & Crafts,Beginner,5.5 hours,4.1,45,289,"Rp149,000",4/2023,0,0,1,https://www.udemy.com/course/paper-crafting-like-a-pro-tools-techniques-inspiration/
"Pop Up Cards, Paper Animations, and More",3394322,Paper Crane Lab,"Paper Crafting, Engineering, Teaching & Academics",Arts & Crafts,Beginner,3.5 hours,4.8,64,364,"Rp149,000",8/2021,0,0,3,https://www.udemy.com/course/pcl-paper-engineering-101/
100 Inexpensive Homemade Gift Ideas,4073030,Nida Tanveer,"Crafting, Gift Cards, Arts & Crafts, Lifestyle",Arts & Crafts,All Levels,33 mins,1.0,1,6,"Rp447,000.00",6/2021,0,0,0,https://www.udemy.com/course/100-inexpensive-homemade-gift-ideas/
"Origami, Japanese Paper crafts ‐ Challenge course 1",4073540,KOTOMONO JAPAN,"Origami, Arts & Crafts, Lifestyle",Arts & Crafts,All Levels,3 hours,4.7,27,86,"Rp149,000",4/2022,1,0,0,https://www.udemy.com/course/origami-japanese-paper-crafts-challenge-course-1/
Crafting Protection Spell Jars,6843743,Jenny C. Bell,"Witchcraft, Esoteric Practices, Lifestyle",Arts & Crafts,All Levels,1 hour,5.0,4,17,"Rp149,000",10/2025,0,0,1,https://www.udemy.com/course/crafting-protection-spell-jars/
"Polymer Doll Making, Craft and Sculpting Character Art Doll.",2426112,Pornwan Wongpakdee,"Crafting, Sculpting, Arts & Crafts, Lifestyle",Arts & Crafts,Beginner,6.5 hours,4.5,56,486,"Rp447,000.00",12/2023,0,0,0,https://www.udemy.com/course/polymer-doll-making/
Leather Craft! - Literally The Ultimate Leather Masterclass,3746170,Ted Nemeth-Highly Rated Udemy Instructor & Professional Photographer,"Leather Crafting, Other Design, Design",Arts & Crafts,All Levels,3.5 hours,4.6,346,2028,"Rp149,000",2/2021,0,0,6,https://www.udemy.com/course/the-ultimate-leather-masterclass/
Paper Quilling Art - Beginner to Advanced,3050746,Quilling Guru,"Paper Crafting, Crafting, Arts & Crafts, Lifestyle",Arts & Crafts,All Levels,2.5 hours,4.6,83,590,"Rp149,000",8/2020,1,0,7,https://www.udemy.com/course/paper-quilling-art/
The art of towel folding from Beginner to Expert,4544512,Nikola Jovanović,"Interior Design, Design",Arts & Crafts,Beginner,2 hours,4.8,6,34,"Rp149,000",6/2023,0,0,0,https://www.udemy.com/course/towel-art-course/
Quilled Mandala Art for Beginners: Step-by-Step Guide,5998498,Anusha Rajendran,"Paper Crafting, Arts & Crafts, Lifestyle",Arts & Crafts,Intermediate,43 mins,5.0,1,7,"Rp149,000",6/2025,1,0,0,https://www.udemy.com/course/how-to-make-paper-quilled-mandala-art/
Mystery Writing: Craft Tales That Captivate,1768724,Julia Gousseva,"Fiction Writing, Creative Writing, Creativity, Personal Development",Arts & Crafts,All Levels,5.5 hours,4.5,20,136,"Rp149,000",8/2023,0,0,11,https://www.udemy.com/course/mystery-writing-craft-tales-that-captivate/
Create a Healing Spirit Art Doll,1236334,jeanie marie mossa,"Art Therapy, Creature Design, Personal Development, Creativity",Arts & Crafts,Beginner,2 hours,4.7,112,453,"Rp149,000",4/2024,2,0,13,https://www.udemy.com/course/create-a-healing-spirit-art-doll/
Start a Craft Business Beginner Etsy Shop Setup SEO Social,4716312,Gwen Wichman,"Etsy, Crafting, Facebook Marketplace, E-Commerce, Business",Arts & Crafts,Beginner,2 hours,4.3,12,59,"Rp149,000",7/2022,0,0,3,https://www.udemy.com/course/start-a-craft-business-beginner-etsy-shop-setup-seo/
Art and craft projects for children 4 years and above,6813755,Janet Omondi,"Creativity, Personal Development",Arts & Crafts,Beginner,2 hours,5.0,N/A,1,"Rp149,000",11/2025,0,0,2,https://www.udemy.com/course/art-and-craft-projects-for-children-four-years-and-above/
How to Make Hanging Art Mobiles,2690820,Richard John Jenkins,"Crafting, Art Direction, Arts & Crafts, Lifestyle",Arts & Crafts,Beginner,1 hour,4.6,44,229,"Rp149,000",5/2021,0,0,12,https://www.udemy.com/course/how-to-make-a-mobile/
The Eight Crafts of Writing: The Map of Storytelling,4614202,Stefan Emunds,"Creative Writing, Storytelling, Writing a Book, Creativity, Personal Development",Arts & Crafts,Beginner,6 hours,4.5,104,14153,"Rp149,000",5/2024,0,0,16,https://www.udemy.com/course/the-eight-crafts-of-writing/
How to Draw on Grey Paper,2560170,Jasmina Susak,"Drawing, Other Design, Design",Arts & Crafts,All Levels,8.5 hours,4.7,15,150,"Rp149,000",11/2022,0,0,49,https://www.udemy.com/course/how-to-draw-on-grey-paper/
Learn Cricut Design Space,2243000,Robert Vanarsdall,"Paper Crafting, Design Tools, Design",Arts & Crafts,Beginner,2.5 hours,4.1,103,764,"Rp149,000",3/2026,2,0,0,https://www.udemy.com/course/learn-cricut-design-space/
Mini Mandala Tutorial-How to draw a Mandala ( Beginner ),2560680,"Anike , Zebra Soul Art","Mandala, Drawing, Arts & Crafts, Lifestyle",Arts & Crafts,Beginner,2.5 hours,4.5,460,7693,"Rp149,000",11/2023,8,0,3,https://www.udemy.com/course/mini-mandala-tutorial-how-to-draw-a-mandala-beginner/
"Brother Scan N Cut - Cut, Draw and Scan With Confidence",1463900,John Bloodworth,"Brother ScanNCut, Design Tools, Design",Arts & Crafts,Beginner,14 hours,4.7,1671,8405,"Rp149,000",12/2023,2,0,1,https://www.udemy.com/course/brother-scan-n-cut-cut-draw-and-scan-with-confidence/
How to Make a Profit Selling Your Crafts at Festivals,5492074,Emerald Hill,"Entrepreneurship Fundamentals, Multi-Channel Selling, Crafting, Entrepreneurship, Business",Arts & Crafts,All Levels,1 hour,4.7,N/A,N/A,"Rp149,000",12/2023,0,0,0,https://www.udemy.com/course/how-to-make-a-profit-selling-your-crafts-at-festivals/
Creative Paper Animal Crafts - Elementary Course,4634286,Mayuri Dhanad,"Paper Crafting, Arts & Crafts, Lifestyle",Arts & Crafts,Beginner,37 mins,4.2,N/A,3,"Rp149,000",4/2022,0,0,0,https://www.udemy.com/course/learn-to-make-simple-paper-animal-crafts-elementary-course/
Home Décor - Learn Fine Art Skills with Warli (Folk) Art,4038392,Puja Modi,"Acrylic Painting, Arts & Crafts, Lifestyle",Arts & Crafts,All Levels,35 mins,4.3,9,3246,"Rp149,000",6/2021,0,0,1,https://www.udemy.com/course/folk-art/
Origami Paper crafts - Elementary Course,925164,TEAM YKY,"Origami, Arts & Crafts, Lifestyle",Arts & Crafts,Beginner,4.5 hours,4.4,314,9338,"Rp149,000",2/2017,0,0,0,https://www.udemy.com/course/origami-paper-crafts-elementary-course/
The Ultimate Craft Design Orgonite Course.,2474368,Paula S. O.,"Jewelry Design, Beauty & Makeup, Lifestyle",Arts & Crafts,All Levels,4 hours,4.2,25,2071,"Rp149,000",1/2023,0,0,14,https://www.udemy.com/course/ultimatecraft/
How to Make Spiritual Healing Tools & Vodou Spiritual Crafts,5221278,"Sufani Garza, Place of Bliss Academy","Spiritual Healing, Esoteric Practices, Lifestyle",Arts & Crafts,All Levels,2 hours,4.8,29,118,"Rp149,000",8/2025,0,0,2,https://www.udemy.com/course/soul-school-practitioner-of-sacred-tools-africanaccredited/
Tips and Techniques for Crafting Captivating and Engaging,5294554,Prabh Kirpa Classes,"Interviewing Skills, Career Development, Personal Development",Arts & Crafts,Intermediate,1 hour,4.4,41,11470,"Rp149,000",10/2023,0,0,0,https://www.udemy.com/course/interview-mastery-how-to-impress-employers/
"Let's Make Money with Craft: Learn, Produce, Sell.",5054520,Ukwudi Ogbeche,"Crafting, Arts & Crafts, Lifestyle",Arts & Crafts,Beginner,4 hours,4.0,N/A,25,"Rp149,000",3/2026,1,0,7,https://www.udemy.com/course/lets-make-money-with-craft-learn-produce-sell/
Craft Blooming Beauty: Learn the Art of Making Stunning Foam,5242880,Betty Dalmi,"Paper Crafting, Arts & Crafts, Lifestyle",Arts & Crafts,All Levels,1 hour,5.0,1,9,"Rp149,000",3/2023,0,0,0,https://www.udemy.com/course/craft-blooming-beauty-learn-the-art-of-making-stunning-foam/
"Wonderful Paper Quilling Art, From Basic to Advanced",1524282,Jade chen,"Paper Crafting, Arts & Crafts, Lifestyle",Arts & Crafts,Beginner,1.5 hours,4.4,81,468,"Rp329,000",10/2020,4,0,3,https://www.udemy.com/course/relaxation-quilling-art-from-basic-to-advanced/
Giant Crepe Paper Flowers Course,5375948,Trang Suchin,"Crafting, Paper Crafting, Arts & Crafts, Lifestyle",Arts & Crafts,Beginner,4 hours,4.5,2,8,"Rp149,000",7/2025,0,0,7,https://www.udemy.com/course/giant-crepe-paper-flowers/
The Art of Paan & Beeda,6771737,Vinay Sreekanthappa,"Food & Beverage, Lifestyle",Arts & Crafts,Beginner,36 mins,5.0,1,15,"Rp149,000",8/2025,0,0,5,https://www.udemy.com/course/the-art-of-paan-beeda/
Paper mache sculpture,5296060,Rachael Fillatre,"Crafting, Arts & Crafts, Lifestyle",Arts & Crafts,All Levels,43 mins,4.7,7,40,"Rp149,000",6/2024,0,0,7,https://www.udemy.com/course/how-to-make-a-papier-mache-fat-lady/
The Craft of Writing,4662852,Christopher Hawke,"Fiction Writing, Creativity, Personal Development",Arts & Crafts,All Levels,4.5 hours,4.7,10,49,"Rp149,000",2/2024,0,0,2,https://www.udemy.com/course/writingcraft/
Powerful Habits for Crafting Successful Careers,4184554,Laura-Alexandra Chis,"Personal Development, Professional Ethics, Career Development",Arts & Crafts,Beginner,1 hour,4.9,9,35,"Rp149,000",11/2021,1,0,5,https://www.udemy.com/course/powerful-habits-for-crafting-successful-careers/
Canvas Workspace - Creating Boxes & Envelopes,3862024,Kimberly Smith,"Brother ScanNCut, Paper Crafting, Arts & Crafts, Lifestyle",Arts & Crafts,Beginner,7 hours,4.8,97,623,"Rp149,000",6/2021,0,0,6,https://www.udemy.com/course/canvas-workspace-boxes/
"Magic of Papier-Mache, turn a plastic bottle into a Vase",6656321,Lily Marte,"Creativity, Personal Development",Arts & Crafts,Beginner,39 mins,3.0,N/A,3,"Rp149,000",6/2025,0,0,0,https://www.udemy.com/course/magic-of-papier-mache-turn-a-plastic-bottle-into-a-vase/
Design and Build Your Own Paper Model,4400890,Chris Weaver,"Blender, 3D & Animation, Design",Arts & Crafts,All Levels,10 hours,4.9,5,51,"Rp149,000",5/2023,0,0,6,https://www.udemy.com/course/design-and-build-your-own-paper-model/
Kids Art: Easy Card making & Landscape Art with Crepe papers,3431214,Sathyapriya Subramaniam,"Mixed Media Art, Creativity, Personal Development",Arts & Crafts,Beginner,1 hour,3.5,3,9,"Rp149,000",9/2020,0,0,0,https://www.udemy.com/course/easy-kids-art-card-making-landscape-art-with-crepe-paper/
"Make Unique Mosaics for Fun, Decorating and Profit!",526338,KT Caselli,"Crafting, Arts & Crafts, Lifestyle",Arts & Crafts,All Levels,1.5 hours,4.4,98,515,"Rp149,000",9/2021,0,0,7,https://www.udemy.com/course/mosaic-making-for-fun-decorating-and-profit/
School of Origami: Learn How to Fold and Master Origami,668104,Jon Chu,"Origami, Arts & Crafts, Lifestyle",Arts & Crafts,Beginner,3.5 hours,4.6,112,1478,"Rp149,000",11/2015,0,0,0,https://www.udemy.com/course/schooloforigami/
Christmas Creations: A Yuletide Decor Masterclass,4949084,Hermance Hora Siccama,"Crafting, Arts & Crafts, Lifestyle",Arts & Crafts,Beginner,1 hour,5.0,4,835,"Rp149,000",11/2023,0,0,0,https://www.udemy.com/course/christmas-creations/
"Origami, Japanese Paper crafts ‐ Challenge course 2",3510048,KOTOMONO JAPAN,"Origami, Arts & Crafts, Lifestyle",Arts & Crafts,All Levels,3 hours,4.3,6,29,"Rp447,000.00",4/2022,1,0,0,https://www.udemy.com/course/origami-japanese-paper-crafts-challenge-course-2/
Making the Shift: From Artist to Entrepreneur,6602185,Rhiannon Saunders,"Business Fundamentals, Arts & Crafts, Lifestyle",Arts & Crafts,Beginner,7.5 hours,4.3,4,8,"Rp149,000",5/2025,0,0,13,https://www.udemy.com/course/making-the-shift/
Easy Origami with Eleni: Master the Basics of Paper Folding,3265120,Eleni Persinger,"Origami, Arts & Crafts, Lifestyle",Arts & Crafts,Beginner,2.5 hours,4.6,18,89,"Rp149,000",6/2020,2,0,2,https://www.udemy.com/course/easy-origami-with-eleni-master-the-basics-of-paper-folding/
Make a Junk Journal From an Amazon Box and Craft Supplies,5588652,Autumn Toñita,"Book Binding, Arts & Crafts, Lifestyle",Arts & Crafts,Beginner,4 hours,4.3,3,28,"Rp149,000",11/2023,0,0,2,https://www.udemy.com/course/make-a-junk-journal-from-an-amazon-box-and-craft-supplies/
Origami in 10 minutes a day,792242,Catherine Moore,"Origami, Paper Crafting, Arts & Crafts, Lifestyle",Arts & Crafts,Beginner,1 hour,5.0,3,16,"Rp149,000",7/2023,0,0,1,https://www.udemy.com/course/origami-in-10-minutes-a-day/
Card Making with the Brother ScanNCut,2562066,Kimberly Smith,"Brother ScanNCut, Paper Crafting, Arts & Crafts, Lifestyle",Arts & Crafts,Intermediate,6.5 hours,4.8,211,1123,"Rp149,000",10/2019,0,0,3,https://www.udemy.com/course/card-making-scanncut/
Card Making Workshop - Creating Gift Card Holders,5300224,Kimberly Smith,"Paper Crafting, Greeting Cards, Arts & Crafts, Lifestyle",Arts & Crafts,Beginner,3 hours,4.9,12,56,"Rp149,000",11/2023,0,0,1,https://www.udemy.com/course/gift-card-holders/
Start a Greetings Card Business on Etsy from a Top 1% Seller,5218056,Emily Blake,"Etsy, Entrepreneurship, Business",Arts & Crafts,Beginner,4 hours,4.4,11,59,"Rp149,000",5/2023,2,0,1,https://www.udemy.com/course/etsy-course-how-to-greetings-card-etsy-shop-online-business/
How to make sugar craft roses,535088,Zoe Hopkinson,"Sugarcraft, Crafting, Arts & Crafts, Lifestyle",Arts & Crafts,All Levels,1 hour,4.8,243,889,"Rp249,000",6/2015,1,0,0,https://www.udemy.com/course/how-to-make-sugar-craft-roses/
Field to Flask-Craft Distilling Fundamentals (WATER MODULE),3328438,Malcolm Bucholtz,"Distilled Spirits, Chemistry, Other Business, Business",Arts & Crafts,Intermediate,1 hour,4.5,28,157,"Rp149,000",7/2020,0,0,0,https://www.udemy.com/course/field-to-flask-craft-distilling-fundamentals-water-module/
Origami Paper Crafts Toys - Elementary Course,4449886,Mariya Sobana,"Origami, Crafting, Paper Crafting, Arts & Crafts, Lifestyle",Arts & Crafts,Beginner,5 hours,5.0,1,13,"Rp149,000",12/2021,0,0,0,https://www.udemy.com/course/origami-paper-crafts-toys-elementary-course/
Leather carving Snake Leather craft,4868648,Wilson Huang,"Leather Crafting, Arts & Crafts, Lifestyle",Arts & Crafts,Expert,1.5 hours,4.7,4,24,"Rp149,000",9/2022,1,0,0,https://www.udemy.com/course/leather-carving-snake-leather-craft/
Positive Discipline Craft,3357706,Maii Emam,"Parenting, Parenting & Relationships, Personal Development",Arts & Crafts,All Levels,3.5 hours,5.0,1,4,"Rp149,000",8/2020,0,0,1,https://www.udemy.com/course/positive-discipline-craft/
Teach your first adult art workshop,468472,Doris Charest,"Adult Education, Teacher Training, Teaching & Academics",Arts & Crafts,Beginner,1 hour,4.3,109,507,"Rp149,000",12/2017,0,0,4,https://www.udemy.com/course/teach-your-first-adult-art-workshop/
Best Ways to Sell Online Jewelry/Painting/Crafts & Art,3378354,Haiqa Amir,"Art Business, Arts & Crafts, Lifestyle",Arts & Crafts,Beginner,1 hour,2.6,3,6,"Rp149,000",9/2021,4,0,0,https://www.udemy.com/course/best-ways-to-sell-online-jewelrypaintingcrafts-art/
Learn How to Make Simple Giant Paper Flower Decoration,4600864,Mayuri Dhanad,"Paper Crafting, Crafting, Arts & Crafts, Lifestyle",Arts & Crafts,Intermediate,2 hours,3.9,3,23,"Rp149,000",3/2022,0,0,0,https://www.udemy.com/course/learn-how-to-make-awesome-giant-paper-flower-decoration/
How to Improve Your Artistic/Drawing & Art Skills,3342916,Haiqa Amir,"Drawing, Other Teaching & Academics, Teaching & Academics",Arts & Crafts,Beginner,1 hour,4.6,N/A,2,"Rp149,000",4/2023,10,0,0,https://www.udemy.com/course/how-to-improve-your-artisticdrawing-art-skills/
Modern Home Decor: Handcrafted Papier Mache Vase,6600667,Lily Marte,"Arts & Crafts, Lifestyle",Arts & Crafts,Beginner,35 mins,3.1,3,4,"Rp149,000",6/2025,0,0,0,https://www.udemy.com/course/modern-home-decor-handcrafted-papier-mache-vase/
Gift Basket Making in 10 Simple Steps,449068,Denise Riley,"Paper Crafting, Teacher Training, Teaching & Academics",Arts & Crafts,Beginner,3.5 hours,4.5,36,283,"Rp249,000",4/2017,0,0,12,https://www.udemy.com/course/giftbaskets/
The Coffee Break Origami Intro Course,4349956,Michael Trew,"Origami, Other Design, Design",Arts & Crafts,Beginner,2.5 hours,4.8,20,331,"Rp249,000",12/2023,0,0,0,https://www.udemy.com/course/the-coffee-break-origami-intro-course/
Beginner's Guide: Crafting Compelling Characters,6110827,Hank Quense,"Fiction Writing, Creativity, Personal Development",Arts & Crafts,Beginner,39 mins,5.0,1,5,"Rp149,000",8/2024,0,0,13,https://www.udemy.com/course/beginners-guide-crafting-compelling-characters/
Teach Therapeutic Art,1108620,Steve Alan,"Teacher Training, Art Therapy, Teaching & Academics",Arts & Crafts,All Levels,2.5 hours,4.3,24,140,"Rp149,000",2/2022,3,0,15,https://www.udemy.com/course/teach-therapeutic-art/
Beginners Paper Quilling,2290715,Anusha Rajendran,"Paper Crafting, Arts & Crafts, Lifestyle",Arts & Crafts,Beginner,1 hour,4.6,31,139,"Rp149,000",3/2019,0,0,7,https://www.udemy.com/course/beginners-paper-quilling/
Paper Cutting Masterclass - Create Beautiful Paper Art,2258278,Maria Tomlinson,"Paper Crafting, Arts & Crafts, Lifestyle",Arts & Crafts,All Levels,1.5 hours,4.2,33,225,"Rp149,000",4/2019,0,0,15,https://www.udemy.com/course/paper-cutting-masterclass/
Growth Opportunities in Luxury Corporate Gifting,6131803,Marilisa Barbieri,"Entrepreneurship, Business",Arts & Crafts,All Levels,34 mins,4.9,5,32,"Rp249,000",8/2024,0,0,5,https://www.udemy.com/course/growth-opportunities-in-luxury-corporate-gifting/
"Kids Art: Creative Galaxy Art, Texture Art with Crepe Papers",3588284,Sathyapriya Subramaniam,"Mixed Media Art, Arts & Crafts, Lifestyle",Arts & Crafts,Beginner,1 hour,3.4,3,4,"Rp149,000",1/2021,0,0,0,https://www.udemy.com/course/kids-art-easy-galaxy-pattern-texture-art-with-crepe-paper/
Card Making Workshop - Creating Easel Cards,4923296,Kimberly Smith,"Crafting, Arts & Crafts, Lifestyle",Arts & Crafts,All Levels,2.5 hours,4.4,13,110,"Rp149,000",11/2022,0,0,2,https://www.udemy.com/course/easel-cards/
Digital Scrapbooking using Canva,6317401,Astha Bhatia,"Video Creation, Other Photography & Video, Photography & Video",Arts & Crafts,Beginner,31 mins,5.0,14,34,"Rp149,000",2/2025,0,0,1,https://www.udemy.com/course/digital-scrapbooking-using-canva/
Resume Mastery: Crafting Your Career Success,5182502,Prabh Kirpa Classes,"Resume and CV Writing, Career Development, Personal Development",Arts & Crafts,All Levels,1 hour,3.8,74,16310,"Rp149,000",10/2023,0,0,0,https://www.udemy.com/course/13-useful-resume-writing-tips/
Funcept Origami - All in Beginner to Advanced Origami course,4400266,Ayush Thaker,"Origami, Arts & Crafts, Lifestyle",Arts & Crafts,All Levels,3 hours,4.5,34,141,"Rp149,000",11/2021,0,0,1,https://www.udemy.com/course/funcept-origami-all-in-beginner-to-advanced-origami-course/
SensoryAlchemy: Crafting Emotions with Materials Design TM,5711590,"Dr. Noble Arya Full-Stack Data Scientist, AI/ML/DL Researcher","Product Design, User Experience Design, Design",Arts & Crafts,All Levels,1 hour,4.8,3,164,"Rp149,000",12/2023,0,0,0,https://www.udemy.com/course/sensoryalchemy-crafting-emotions-with-materials-design-tm/
Giant Organza Flowers Course,5361550,Trang Suchin,"Crafting, Arts & Crafts, Lifestyle",Arts & Crafts,Beginner,6 hours,5.0,2,18,"Rp149,000",7/2025,0,0,12,https://www.udemy.com/course/giant-organza-flowers/
Bill Origami Gifts,810558,Mari G.,"Origami, Personal Finance, Arts & Crafts, Lifestyle",Arts & Crafts,All Levels,1.5 hours,4.4,15,1653,"Rp447,000.00",11/2018,3,0,1,https://www.udemy.com/course/money-origami-gifts/
Learn to Make a Basic Stained Glass Window,500018,KT Caselli,"Crafting, Arts & Crafts, Lifestyle",Arts & Crafts,Beginner,2.5 hours,4.3,223,1281,"Rp149,000",10/2020,0,0,10,https://www.udemy.com/course/basic-leaded-stained-glass/
Decoupage masterclass course,3741682,Rekha Garg,"Crafting, Arts & Crafts, Lifestyle",Arts & Crafts,All Levels,2 hours,3.3,9,63,"Rp149,000",9/2025,1,0,1,https://www.udemy.com/course/decoupage-masterclass-course/
DIY Easter Egg Decorating: Abstract & Creative Design,4608044,PrimeSkills Academy,"Abstract Painting, Arts & Crafts, Lifestyle",Arts & Crafts,All Levels,1 hour,4.3,N/A,2,"Rp149,000",2/2026,0,0,0,https://www.udemy.com/course/learn-how-to-decorate-easter-eggs/
Improve Children's Creativity and Focus With Easy Origami,1713866,Kaija Toivakka,"Creativity, Origami, Personal Development, Teacher Training, Teaching & Academics",Arts & Crafts,All Levels,43 mins,4.5,9,21,"Rp149,000",5/2019,0,0,0,https://www.udemy.com/course/interesting-origami-models-to-improve-childrens-creativity/
DIY Hand Crafted Fantasy Armor - Full suit with patterns!,3873856,Samuel Lee,"Character Design, Fashion Design, Design",Arts & Crafts,All Levels,5 hours,4.5,34,276,"Rp149,000",10/2022,0,0,28,https://www.udemy.com/course/learn-and-craft-amazing-leather-armor-with-premium-patterns/
Origami Inspired Gift Wrapping Course for Beginners!,5708006,Michael Trew,"Paper Crafting, Origami, Arts & Crafts, Lifestyle",Arts & Crafts,Beginner,1.5 hours,4.7,3,17,"Rp249,000",12/2023,0,0,0,https://www.udemy.com/course/origami-inspired-gift-wrapping-course/
Angel Willow Weaving Christmas Craft Course,4412702,Chaz Friend,"Crafting, Arts & Crafts, Lifestyle",Arts & Crafts,Beginner,2 hours,5.0,N/A,7,"Rp149,000",12/2024,0,0,5,https://www.udemy.com/course/angel-willow-weaving-christmas-craft-course/
Giant Eva Foam Flowers Course,5367202,Trang Suchin,"Crafting, Arts & Crafts, Lifestyle",Arts & Crafts,Beginner,2.5 hours,5.0,3,8,"Rp149,000",7/2025,0,0,6,https://www.udemy.com/course/giant-eva-foam-flowers/
Digital Scrapbooking for Absolute Beginners,1990700,Melissa Shanhun,"Image Editing, Digital Photography, Photography & Video",Arts & Crafts,Beginner,1.5 hours,4.2,6,65,"Rp149,000",8/2021,2,0,2,https://www.udemy.com/course/digital-scrapbooking-for-absolute-beginners/
Card Making Workshop - Creating Gate Fold Cards,5088778,Kimberly Smith,"Paper Crafting, Arts & Crafts, Lifestyle",Arts & Crafts,All Levels,2.5 hours,4.7,14,88,"Rp149,000",1/2023,0,0,2,https://www.udemy.com/course/gate-fold-cards/
Texture Paste Techniques for Cards Class,4535892,Cheryl Penner,"Paper Crafting, Arts & Crafts, Lifestyle",Arts & Crafts,Beginner,1 hour,4.6,4,11,"Rp149,000",2/2022,0,0,0,https://www.udemy.com/course/texture-paste-techniques-for-cards-class/
Practical Magick Witchcraft Course - The Basics of the Craft,5321922,Aradia The Witch of Darklight,"Witchcraft, Spirituality, Chakra, Energy Healing, Religion & Spirituality",Arts & Crafts,All Levels,5 hours,4.9,27,133,"Rp249,000",1/2026,4,0,13,https://www.udemy.com/course/practical-magick-witchcraft-course-how-to-manifest-magick/
5-Minute Memory and Brain Training Origami for Better Focus,1648270,Kaija Toivakka,"Origami, General Health, Health & Fitness",Arts & Crafts,All Levels,1 hour,4.2,7,52,"Rp149,000",6/2025,3,0,0,https://www.udemy.com/course/5-minute-memory-brain-training-origami-for-business-trip/
How to make sugar craft faces,996208,Zoe Hopkinson,"Sugarcraft, Crafting, Cake Decorating, Arts & Crafts, Lifestyle",Arts & Crafts,Intermediate,1.5 hours,4.8,724,1976,"Rp349,000",10/2016,2,0,0,https://www.udemy.com/course/how-to-make-sugar-craft-faces/
Giant Cardstock Poinsettia Tutorial,6702955,Trang Suchin,"Crafting, Arts & Crafts, Lifestyle",Arts & Crafts,Beginner,1 hour,5.0,N/A,N/A,"Rp149,000",7/2025,0,0,1,https://www.udemy.com/course/giant-cardstock-poinsettia-tutorial/
Learn to wrap gifts like a Pro,2686764,Moscow Flower School,"Paper Crafting, Arts & Crafts, Lifestyle",Arts & Crafts,Beginner,1.5 hours,4.3,29,153,"Rp149,000",12/2019,0,0,0,https://www.udemy.com/course/learn-to-wrap-gifts/
Crafting Your Headbands : Create Stylish DIY Headbands,4418946,Betty Dalmi,"Crafting, Arts & Crafts, Lifestyle",Arts & Crafts,All Levels,1.5 hours,5.0,14,32,"Rp149,000",11/2021,0,0,0,https://www.udemy.com/course/create-diy-headbands/
Self Publish Greeting Cards,2543153,Delores Orridge Naskrent,"Self-Publishing, Adobe Illustrator, Adobe Photoshop, Graphic Design & Illustration, Design",Arts & Crafts,Beginner,1 hour,4.8,7,49,"Rp149,000",8/2020,0,0,2,https://www.udemy.com/course/learn-to-create-saleable-greeting-cards/
Giant Cardstock Gerbera Tutorial,6702969,Trang Suchin,"Crafting, Arts & Crafts, Lifestyle",Arts & Crafts,Beginner,39 mins,5.0,N/A,N/A,"Rp149,000",7/2025,0,0,1,https://www.udemy.com/course/giant-cardstock-gerbera-tutorial/
Learn Traditional Origami - Video Tutorials & Resources,155842,Christian Fernandez,"Origami, Arts & Crafts, Lifestyle",Arts & Crafts,Beginner,1 hour,4.4,34,2346,"Rp149,000",2/2014,0,0,20,https://www.udemy.com/course/learn-traditional-origami-video-tutorials-and-resources/
Sand Bottles ART,3306742,Yazan Ali Eid,"Mixed Media Art, Arts & Crafts, Lifestyle",Arts & Crafts,All Levels,1.5 hours,5.0,1,14,"Rp479,000",7/2023,0,0,1,https://www.udemy.com/course/sand-bottles-art/
Giant Cardstock Flowers Course,5373758,Trang Suchin,"Paper Crafting, Arts & Crafts, Lifestyle",Arts & Crafts,Beginner,3 hours,4.0,1,5,"Rp149,000",7/2025,0,0,11,https://www.udemy.com/course/giant-art-paper-flowers/
Art Therapy For All - How To Draw Paisley Mandala Workshop,779442,L. Rozine Prock,"Mandala, Art History, Drawing, Art Therapy, Creativity",Arts & Crafts,All Levels,31 mins,4.4,53,220,"Rp149,000",3/2016,0,0,2,https://www.udemy.com/course/paisley-mandala-workshop/
Giant Crepe Paper Butterfly Tutorial,6721404,Trang Suchin,"Crafting, Arts & Crafts, Lifestyle",Arts & Crafts,Beginner,31 mins,5.0,N/A,N/A,"Rp149,000",7/2025,0,0,1,https://www.udemy.com/course/giant-crepe-paper-butterfly-tutorial-khoa-hoc-lam-hoa/
Preparing Papers for Your Art,2331018,Bebe Keith,"Art Composition, Other Design, Design",Arts & Crafts,Beginner,1.5 hours,4.6,80,294,"Rp149,000",3/2023,0,0,2,https://www.udemy.com/course/preparing-papers-for-your-art/
Giant Foam Butterfly Tutorial,6723071,Trang Suchin,"Crafting, Arts & Crafts, Lifestyle",Arts & Crafts,Beginner,30 mins,5.0,N/A,N/A,"Rp149,000",7/2025,0,0,1,https://www.udemy.com/course/giant-foam-butterfly-tutorial-khoa-hoc-lam-hoa/
BrainBoost Origami: 5-Minute Mind & Memory Workouts,1713674,Kaija Toivakka,"Origami, General Health, Health & Fitness",Arts & Crafts,All Levels,1 hour,4.4,7,864,"Rp149,000",6/2025,1,0,0,https://www.udemy.com/course/keep-your-brain-and-memory-sharp-with-5-minute-origami/
"DIY LeatherCraft 5-Courses-IN-1: Wallet, Bag, Shoes, Hat",1498368,Timur Kazantsev,"Leather Crafting, Arts & Crafts, Lifestyle",Arts & Crafts,All Levels,7.5 hours,4.4,171,1855,"Rp149,000",7/2025,9,0,32,https://www.udemy.com/course/leather-wallet/
Etsy & Cricut: Your 24/7 Digital Income Path - Unofficial,5384094,Wenda O'Neill,"Online Business, Entrepreneurship, Business",Arts & Crafts,Beginner,2.5 hours,4.3,11,91,"Rp149,000",7/2023,5,0,0,https://www.udemy.com/course/create-selling-digital-files-etsy/
Sticker Camp,6140115,Lisa Siefert,"Graphic Design & Illustration, Design",Arts & Crafts,Beginner,1.5 hours,3.6,N/A,35,"Rp149,000",8/2024,1,0,2,https://www.udemy.com/course/sticker-camp/
"Origami Challenge: Fold, Create, Amaze",1724034,Kaija Toivakka,"Creativity, Brain Training, Creative Thinking, Logic, Personal Development",Arts & Crafts,All Levels,1 hour,4.5,N/A,705,"Rp149,000",6/2025,1,0,0,https://www.udemy.com/course/exciting-origami-models-to-discover-your-inner-talent/
Creativity and relaxation through quilling,972910,"Judit Osika, István Szép","Paper Crafting, Arts & Crafts, Lifestyle",Arts & Crafts,All Levels,1.5 hours,4.4,63,1109,"Rp149,000",5/2020,1,0,3,https://www.udemy.com/course/paper-quilling-a-tool-for-the-most-unique-decorations/
Origami World: From First Fold to the Epic Dragon,6716507,Origami World,"Origami, Arts & Crafts, Lifestyle",Arts & Crafts,Beginner,3 hours,4.6,N/A,1,"Rp249,000",7/2025,0,0,0,https://www.udemy.com/course/origamiworlden/
Paper Quilling Course,3093372,Trupti More,"Paper Crafting, Arts & Crafts, Lifestyle",Arts & Crafts,All Levels,3 hours,4.6,40,228,"Rp149,000",5/2020,0,0,1,https://www.udemy.com/course/paper-quilling-course/
Chinese Crinkled Paper Flower Tutorial,6723125,Trang Suchin,"Crafting, Arts & Crafts, Lifestyle",Arts & Crafts,Beginner,36 mins,5.0,N/A,N/A,"Rp149,000",7/2025,0,0,0,https://www.udemy.com/course/chinese-crinkled-paper-flower-tutorial-khoa-hoc-lam-hoa/
Paint your own Christmas Cards,664802,Andy Walker,"Watercolor Painting, Arts & Crafts, Lifestyle",Arts & Crafts,All Levels,37 mins,4.4,59,529,"Rp149,000",9/2020,0,0,9,https://www.udemy.com/course/paint-your-own-christmas-cards/
Curve 3d Modeling in Sketchup + Paper Mache for Home Decor,6870321,Amin Najafzadeh,"Crafting, Interior Design, Design",Arts & Crafts,All Levels,2.5 hours,4.8,14,2341,"Rp149,000",1/2026,2,0,1,https://www.udemy.com/course/sketchup-curved-modeling-to-diy-papier-mache-chandelier/
Giant Crepe Paper Daffodil Tutorial,6723035,Trang Suchin,"Crafting, Arts & Crafts, Lifestyle",Arts & Crafts,Beginner,32 mins,5.0,N/A,N/A,"Rp149,000",7/2025,0,0,1,https://www.udemy.com/course/giant-crepe-paper-daffodil-tutorial-khoa-hoc-lam-hoa/
Brother ScanNCut - Complete Beginner's Guide,5012552,Kimberly Smith,"Brother ScanNCut, Arts & Crafts, Lifestyle",Arts & Crafts,Beginner,3 hours,4.8,97,467,"Rp149,000",12/2022,0,0,0,https://www.udemy.com/course/scanncut-beginners/
Brother ScanNCut SDX125,2499966,Kimberly Smith,"Brother ScanNCut, Arts & Crafts, Lifestyle",Arts & Crafts,Beginner,7.5 hours,4.8,386,1237,"Rp149,000",11/2019,0,0,8,https://www.udemy.com/course/brother-scanncut-sdx125/
"Create GREETING CARDS from ribbons, labels, gift wrap & more",1458154,Nicola A Blakemore,"Paper Crafting, Arts & Crafts, Lifestyle",Arts & Crafts,Beginner,1.5 hours,4.5,16,869,"Rp149,000",6/2024,4,0,11,https://www.udemy.com/course/up-cycle-paper-cards-ribbons-labels-cuttings-4-cards/
Giant Crepe Paper Poppy Tutorial,6699615,Trang Suchin,"Crafting, Arts & Crafts, Lifestyle",Arts & Crafts,Beginner,1 hour,5.0,N/A,N/A,"Rp149,000",7/2025,0,0,1,https://www.udemy.com/course/giant-crepe-paper-poppy-tutorial/
Glitter Techniques Card Class,4416588,Cheryl Penner,"Paper Crafting, Arts & Crafts, Lifestyle",Arts & Crafts,All Levels,1 hour,5.0,1,4,"Rp149,000",11/2021,0,0,0,https://www.udemy.com/course/glitter-techniques-card-class/
Learn to Draw Meditative Mandala-Beginner to Advanced Course,4199034,Mayuri Dhanad,"Mandala, Arts & Crafts, Lifestyle",Arts & Crafts,All Levels,2 hours,4.5,46,306,"Rp149,000",7/2021,0,0,0,https://www.udemy.com/course/learn-to-draw-meditative-mandala-beginner-to-advanced-course/
Learn the latest full version on Cricut Design Space 7.35.13,3996852,CK Choo,"T-Shirt Printing, Arts & Crafts, Lifestyle",Arts & Crafts,Beginner,4 hours,3.3,17,250,"Rp149,000",3/2024,0,0,3,https://www.udemy.com/course/learn-the-latest-full-version-on-cricut-design-space-67201/
Raw Materials for Craft Distilling,3430998,Malcolm Bucholtz,"Distilled Spirits, Entrepreneurship, Business",Arts & Crafts,Beginner,2 hours,4.5,80,404,"Rp149,000",8/2020,0,0,10,https://www.udemy.com/course/raw-materials-for-craft-distilling/
Learn how to make Cake Toppers using Cricut,4237888,Bola Eniola,"Cake Decorating, Food & Beverage, Lifestyle",Arts & Crafts,Beginner,1.5 hours,4.8,13,78,"Rp149,000",6/2022,0,0,4,https://www.udemy.com/course/cricutcaketoppers/
Shipping with Crinkle Paper- How to Pack & Ship Your Product,4734880,Katia Davis,"Entrepreneurship, Business",Arts & Crafts,Beginner,30 mins,4.7,3,6,"Rp249,000",7/2023,2,0,1,https://www.udemy.com/course/packing-and-shipping/
Mesmerizing Mandalas- Learn to Draw 7 Colorful Mini Mandalas,4349006,Mayuri Dhanad,"Mandala, Arts & Crafts, Lifestyle",Arts & Crafts,All Levels,2 hours,4.5,10,74,"Rp149,000",10/2021,0,0,0,https://www.udemy.com/course/mesmerizing-mandalas-learn-to-draw-7-colorful-mini-mandalas/
Canvas Workspace A to Z,3507424,Kimberly Smith,"Brother ScanNCut, Arts & Crafts, Lifestyle",Arts & Crafts,All Levels,8 hours,4.8,347,1600,"Rp149,000",2/2022,0,0,6,https://www.udemy.com/course/canvas-workspace/
"FLY with flowing colors, joyfully create your masterpiece",4369404,Ted Barr,"Creativity, Personal Development",Arts & Crafts,All Levels,1.5 hours,4.8,7,16,"Rp149,000",1/2022,0,0,5,https://www.udemy.com/course/fly-creative-workshop-flowing-colors-oil-tar-acrylic-chopsticks-canvas/
Brother ScanNCut - Working with Fonts,2801232,Kimberly Smith,"Brother ScanNCut, Arts & Crafts, Lifestyle",Arts & Crafts,All Levels,7.5 hours,4.7,236,1227,"Rp149,000",3/2020,0,0,7,https://www.udemy.com/course/brother-scanncut-working-with-fonts/
The Craft of Photoshop : Developing Landscapes,2657926,Simon Foster,"Landscape Photography, Digital Photography, Photography & Video",Arts & Crafts,Beginner,5.5 hours,4.7,34,225,"Rp149,000",11/2020,0,0,18,https://www.udemy.com/course/the-craft-of-photoshop-developing-landscapes/
Going 3D: Modular Origami - making unique decorations,1145792,Marina Makarewska,"Origami, Arts & Crafts, Lifestyle",Arts & Crafts,Beginner,1.5 hours,4.4,19,123,"Rp149,000",5/2017,0,0,0,https://www.udemy.com/course/going-3d-modular-origami/
Giant Crepe Paper Peony Tutorial,6699577,Trang Suchin,"Crafting, Arts & Crafts, Lifestyle",Arts & Crafts,Beginner,1 hour,5.0,N/A,N/A,"Rp149,000",7/2025,0,0,1,https://www.udemy.com/course/giant-crepe-paper-peony-tutorial/
Learn Mandala Art - Explore your Inner Self using Mandala,4680722,Mayuri Dhanad,"Mandala, Arts & Crafts, Lifestyle",Arts & Crafts,All Levels,1 hour,4.7,6,41,"Rp149,000",5/2022,0,0,3,https://www.udemy.com/course/learn-mandala-art-explore-your-inner-self-using-mandala/
Giant Velvet Poinsettia Tutorial,6723139,Trang Suchin,"Crafting, Arts & Crafts, Lifestyle",Arts & Crafts,Beginner,39 mins,5.0,N/A,N/A,"Rp149,000",7/2025,0,0,1,https://www.udemy.com/course/giant-velvet-poinsettia-tutorial-khoa-hoc-lam-hoa/
Bookbinding: Make a Perfect Bound Book,344796,Caleb Sylvest,"Book Binding, Arts & Crafts, Lifestyle",Arts & Crafts,All Levels,1 hour,4.5,126,826,"Rp149,000",11/2014,0,0,1,https://www.udemy.com/course/perfect-bound-bookbinding/
"How To Use Photoshop To Make Digital Design Paper Fast, Easy",151564,Cat Whipple,"Adobe Photoshop, User Experience (UX) Design, Design Patterns (software), Digital Painting, Arts & Crafts",Arts & Crafts,Intermediate,2 hours,4.5,331,1967,"Rp149,000",8/2015,6,0,6,https://www.udemy.com/course/how-to-use-photoshop-to-make-digital-design-paper/
Ribbons & Hairbows Galore,163704,The Neely Team,"Crafting, Fashion, Arts & Crafts, Lifestyle",Arts & Crafts,All Levels,1.5 hours,4.9,9,106,"Rp149,000",2/2014,0,0,0,https://www.udemy.com/course/ribbons-hairbows-galore/
Learn To Fold 3D Origami,5146628,Cierra Thornton,"Origami, Arts & Crafts, Lifestyle",Arts & Crafts,Beginner,37 mins,5.0,1,10,"Rp149,000",2/2023,0,0,0,https://www.udemy.com/course/learn-to-fold-3d-origami/
Brother ScanNCut Creative Course: Cut & Be Merry,6692661,Kimberly Smith,"Brother ScanNCut, Arts & Crafts, Lifestyle",Arts & Crafts,Beginner,5 hours,4.9,13,72,"Rp149,000",7/2025,0,0,4,https://www.udemy.com/course/scanncut-be-merry/
The Hidden Gift,4264634,Dr Ana Garcia PhD DTM,"Empowerment, Emotional Intelligence, Self Esteem & Confidence, Personal Development",Arts & Crafts,Beginner,3.5 hours,5.0,1,6,"Rp149,000",3/2025,0,0,1,https://www.udemy.com/course/the-hidden-gift/
Leather crafting: Ultimate Making Tote Bag and Wallet course,2523120,Mariya Karim,"Leather Crafting, Arts & Crafts, Lifestyle",Arts & Crafts,All Levels,3 hours,4.2,31,753,"Rp149,000",9/2022,0,0,0,https://www.udemy.com/course/become-a-master-in-making-leather-shoulder-bag-and-wallet/
The Ultimate Course of Handmade Ankara Bags,4218962,Goodness Mgbakogu,"Crafting, Arts & Crafts, Lifestyle",Arts & Crafts,Beginner,1 hour,5.0,1,17,"Rp149,000",9/2022,0,0,2,https://www.udemy.com/course/the-ultimate-handmade-ankara-bags-course/
Craft Marketing Strategy in 5 Steps With Your AI-Copilot,6478353,"Anton Voroniuk, Anton Voroniuk Support","Marketing Strategy, Digital Marketing, Marketing",Arts & Crafts,All Levels,5 hours,4.3,38,12288,"Rp149,000",3/2026,0,0,2,https://www.udemy.com/course/craft-marketing-strategy-with-your-ai-copilot/
Giant Cardstock Dandelion Tutorial,6723061,Trang Suchin,"Crafting, Arts & Crafts, Lifestyle",Arts & Crafts,Beginner,31 mins,5.0,N/A,N/A,"Rp149,000",7/2025,0,0,0,https://www.udemy.com/course/giant-cardstock-dandelion-tutorial-khoa-hoc-lam-hoa/
Brother ScanNCut - Holiday Projects,6134429,Kimberly Smith,"Brother ScanNCut, Arts & Crafts, Lifestyle",Arts & Crafts,Beginner,5.5 hours,4.9,19,142,"Rp149,000",11/2024,0,0,1,https://www.udemy.com/course/scanncut-holiday-projects/
The Big flower of organza DIY,4143310,Olga Svirydovich,"Floral Design, Creativity, Arts & Crafts, Lifestyle",Arts & Crafts,All Levels,1 hour,4.4,6,35,"Rp149,000",8/2021,0,0,9,https://www.udemy.com/course/the-self-standing-large-flower-of-organza-diy/
The Art of Gift giving - Why do women ask for GIFTS,5492354,How2Date company,"Relationship Building, Happiness, Personal Development",Arts & Crafts,All Levels,33 mins,4.9,4,11,"Rp149,000",8/2023,0,0,0,https://www.udemy.com/course/the-art-of-gift-giving-why-do-women-ask-for-gifts/
Create a Fascinator Hat with a Designer,3840526,Elena Shvab,"Sewing, Fashion Design, Design",Arts & Crafts,Beginner,1 hour,4.5,25,107,"Rp149,000",2/2021,0,0,1,https://www.udemy.com/course/create-a-fascinator-hat/
Gifts And Presents To Make With Herbs,4329126,Margaret Sinclair,"Herbalism, General Health, Health & Fitness",Arts & Crafts,Beginner,1 hour,4.8,4,29,"Rp149,000",11/2021,0,0,5,https://www.udemy.com/course/gifts-and-presents-to-make-with-herbs/
Learn the first steps about better yourself,4252978,Schaquitta Peacock,"Mental Health, Health & Fitness",Arts & Crafts,Beginner,35 mins,4.8,N/A,N/A,"Rp149,000",8/2021,3,0,5,https://www.udemy.com/course/learn-the-first-steps-about-better-yourself/
Eulogies: How to Craft and Deliver Memorable Farewells,1648110,Nicholas Whittall,"Public Speaking, Other Personal Development, Personal Development",Arts & Crafts,All Levels,1.5 hours,4.5,7,36,"Rp149,000",4/2018,0,0,1,https://www.udemy.com/course/eulogies/
Scientific Writing Basics : Crafting and Publishing Research,6183133,Dr Sheeba Valsson,"Other Teaching & Academics, Teaching & Academics",Arts & Crafts,All Levels,2 hours,4.9,4,13,"Rp149,000",9/2024,0,0,0,https://www.udemy.com/course/scientific-writing-basics-crafting-and-publishing-research/
Giant Crepe Paper Daisy Flower Tutorial,6723021,Trang Suchin,"Crafting, Arts & Crafts, Lifestyle",Arts & Crafts,Beginner,30 mins,5.0,N/A,N/A,"Rp149,000",7/2025,0,0,1,https://www.udemy.com/course/giant-crepe-paper-daisy-flower-tutorial-khoa-hoc-lam-hoa/
"JEWELRY MAKING: ALL ABOUT EARRINGS, GIFT, SELL OR KEEP THEM",5437284,Adele Botes,"Crafting, Arts & Crafts, Lifestyle",Arts & Crafts,Beginner,1.5 hours,4.8,4,373,"Rp149,000",5/2025,0,0,3,https://www.udemy.com/course/5-easy-crafts-gift-them-or-sell-them/
Creating Unique Handmade Anklets: Techniques and Design,4251554,PrimeSkills Academy,"Jewelry Making, Fashion Design, Design",Arts & Crafts,All Levels,2 hours,5.0,1,18,"Rp149,000",1/2026,3,0,3,https://www.udemy.com/course/how-to-make-handmade-anklets/
Beginning Paper Mosaic Collages,3171232,Bebe Keith,"Collaging, Other Design, Design",Arts & Crafts,All Levels,2.5 hours,4.6,89,469,"Rp149,000",10/2024,1,0,0,https://www.udemy.com/course/beginning-paper-mosaic-collages/
Learn Dot Mandala: Mindfulness Meditative Art,6165203,Letstute .... Make it Easy,"Mandala, Arts & Crafts, Lifestyle",Arts & Crafts,Beginner,4 hours,4.2,10,50,"Rp149,000",1/2025,0,0,0,https://www.udemy.com/course/complete-dot-mandala-course/
"Creative Writing: Art, Business, & Craft of Young Adult Lit",2550363,Thomas Leveen,"Writing a Book, Creativity, Personal Development",Arts & Crafts,Beginner,2.5 hours,4.6,7,54,"Rp149,000",6/2023,0,0,5,https://www.udemy.com/course/creative-writing-how-to-write-a-young-adult-novel/
Simple Watercolours: Painting monochromatic landscapes,4726432,Mandar Marathe,"Watercolor Painting, Illustration, Arts & Crafts, Lifestyle",Arts & Crafts,All Levels,1 hour,3.8,2,22,"Rp149,000",6/2022,0,0,0,https://www.udemy.com/course/simple-watercolours-painting-monochromatic-landscapes/
Giant Eva Foam Rose Tutorial,6703009,Trang Suchin,"Crafting, Arts & Crafts, Lifestyle",Arts & Crafts,Beginner,44 mins,5.0,N/A,N/A,"Rp149,000",7/2025,0,0,1,https://www.udemy.com/course/giant-eva-foam-rose-tutorial/
Leather crafting:The Ultimate Sewing Tote bag Masterclass,2517016,Mariya Karim,"Leather Crafting, Arts & Crafts, Lifestyle",Arts & Crafts,All Levels,2 hours,4.0,91,1461,"Rp149,000",9/2022,0,0,0,https://www.udemy.com/course/become-a-master-in-making-leather-bag/
Giant Organza Daffodils Tutorial,6698135,Trang Suchin,"Crafting, Arts & Crafts, Lifestyle",Arts & Crafts,Beginner,1 hour,5.0,N/A,N/A,"Rp149,000",7/2025,0,0,1,https://www.udemy.com/course/giant-organza-daffodils-tutorial/
Giant Crepe Paper Lotus Tutorial,6699711,Trang Suchin,"Crafting, Arts & Crafts, Lifestyle",Arts & Crafts,Beginner,1 hour,5.0,N/A,N/A,"Rp447,000.00",7/2025,0,0,1,https://www.udemy.com/course/giant-crepe-paper-lotus-tutorial/
"Bespoke Headbands, Create a Stylish Headband from Scratch",6089163,Elena Shvab,"Fashion Design, Sewing, Design",Arts & Crafts,Beginner,1 hour,4.5,1,9,"Rp149,000",7/2024,0,0,0,https://www.udemy.com/course/bespoke-headbands-create-a-stylish-headband-from-scratch/
Triangulated Bird: Origami Styled Bird in Adobe Illustrator,1151326,Andrey Bzhitskikh,"Vector Graphics, Drawing, Graphic Design, Adobe Illustrator, Graphic Design & Illustration",Arts & Crafts,Intermediate,30 mins,4.5,37,2168,"Rp149,000",4/2017,1,0,3,https://www.udemy.com/course/triangulated-bird-origami-styled-bird-in-adobe-illustrator/
Create Paper Art in Procreate: From Sketch to Final Piece,2603432,Lettie Blue,"Procreate Digital Illustration App, Digital Art, Digital Painting, Illustration, Graphic Design & Illustration",Arts & Crafts,All Levels,1.5 hours,4.8,68,422,"Rp149,000",11/2022,0,0,12,https://www.udemy.com/course/paperartinprocreate/
Living Willow:,3754468,Chaz Friend,"Gardening, Home Improvement & Gardening, Lifestyle",Arts & Crafts,Beginner,2.5 hours,4.6,15,49,"Rp149,000",8/2022,0,0,5,https://www.udemy.com/course/living-willow/
The Blueprint To Writing Your First Book,1479026,Sophia Davis-Fagan M.Sc.,"Writing a Book, Personal Brand Building, Personal Development",Arts & Crafts,All Levels,2.5 hours,4.0,16,152,"Rp149,000",1/2018,2,0,0,https://www.udemy.com/course/expert-author-blueprint/
Giant Organza Poppy Flower (Style 2),6699555,Trang Suchin,"Crafting, Arts & Crafts, Lifestyle",Arts & Crafts,Beginner,1 hour,5.0,N/A,N/A,"Rp149,000",7/2025,0,0,1,https://www.udemy.com/course/giant-organza-poppy-flower-style-2/
The Greeting Card Business: Design and Sell Your Own Cards,1054150,Kate Harper,"Home Business, Crafting, Greeting Cards, Arts & Crafts, Lifestyle",Arts & Crafts,Beginner,1 hour,4.2,129,524,"Rp149,000",2/2017,13,0,0,https://www.udemy.com/course/the-greeting-card-business-design-and-sell-your-own-cards/
Brother ScanNCut Advanced,1733330,Kimberly Smith,"Brother ScanNCut, Arts & Crafts, Lifestyle",Arts & Crafts,Intermediate,5 hours,4.6,270,2096,"Rp149,000",5/2019,0,0,4,https://www.udemy.com/course/brother-scanncut-advanced/
FLOWER MAKING COURSE,2652682,Rekha Garg,"Paper Crafting, Arts & Crafts, Lifestyle",Arts & Crafts,All Levels,3.5 hours,3.7,7,20,"Rp149,000",7/2020,0,0,1,https://www.udemy.com/course/flower-making-course/
Crafting Your Future: Mastering US College Applications,5948092,Zest for Life,"College Admissions, Other Teaching & Academics, Teaching & Academics",Arts & Crafts,Beginner,1 hour,4.6,3,12,"Rp1,799,000",7/2024,1,0,25,https://www.udemy.com/course/crafting-your-future-mastering-us-college-applications/
How To Make a Scrapbook,3360324,HowExpert,"Paper Crafting, Arts & Crafts, Lifestyle",Arts & Crafts,Beginner,1.5 hours,5.0,1,7,"Rp349,000",7/2020,0,0,0,https://www.udemy.com/course/how-to-make-a-scrapbook/
Elixir craft: Powerful nutrition,329290,Ross Johnson,"Nutrition, Nutrition & Diet, Health & Fitness",Arts & Crafts,Beginner,1 hour,4.6,19,1587,"Rp149,000",1/2015,9,0,0,https://www.udemy.com/course/elixir-craft/
Giant Crepe Paper Gerbera Tutorial,6702951,Trang Suchin,"Crafting, Arts & Crafts, Lifestyle",Arts & Crafts,Beginner,1 hour,5.0,N/A,N/A,"Rp149,000",7/2025,0,0,1,https://www.udemy.com/course/giant-crepe-paper-gerbera-tutorial/
Bind' em up (Book Making),3453644,Fatt Seng Wong,"Paper Crafting, Creativity, Personal Development",Arts & Crafts,All Levels,3 hours,4.7,7,52,"Rp149,000",6/2021,0,0,3,https://www.udemy.com/course/bind-em-up-book-making/
Teaching art classes online,2959036,Doris Charest,"Online Course Creation, Teacher Training, Teaching & Academics",Arts & Crafts,Beginner,1 hour,4.2,13,72,"Rp149,000",4/2020,0,0,4,https://www.udemy.com/course/teaching-art-classes-online/
ChromaCraft: Mastering Colors for Designers TM,5705020,"Dr. Noble Arya Full-Stack Data Scientist, AI/ML/DL Researcher","Color Theory, User Experience Design, Design",Arts & Crafts,All Levels,1.5 hours,4.3,2,217,"Rp149,000",12/2023,0,0,0,https://www.udemy.com/course/chromacraft-mastering-colors-for-designers-tm/
How To Make Vinyl Decals/Graphics And Sell Them Online 2025,6403155,Nawanzo Simon,"Creativity, Entrepreneurship, Business",Arts & Crafts,Beginner,4.5 hours,4.8,5,33,"Rp149,000",2/2026,2,0,4,https://www.udemy.com/course/masterclass-how-to-make-vinyl-graphics-to-sell-online-2025/
Giant Crepe Paper Cosmos Tutorial,6699691,Trang Suchin,"Crafting, Arts & Crafts, Lifestyle",Arts & Crafts,Beginner,44 mins,5.0,N/A,N/A,"Rp149,000",7/2025,0,0,1,https://www.udemy.com/course/giant-crepe-paper-cosmos-tutorial/
Giant Organza Lily Tutorial (Style 1),6698169,Trang Suchin,"Crafting, Arts & Crafts, Lifestyle",Arts & Crafts,Beginner,36 mins,5.0,N/A,N/A,"Rp149,000",7/2025,0,0,1,https://www.udemy.com/course/giant-organza-lily-tutorial-style-1/
Giant Eva Foam May Bells Tutorial,6703027,Trang Suchin,"Crafting, Arts & Crafts, Lifestyle",Arts & Crafts,Beginner,40 mins,5.0,N/A,N/A,"Rp149,000",7/2025,0,0,1,https://www.udemy.com/course/giant-eva-foam-may-bells-tutorial/
Crafting a Resume & Cover Letter That Gets You the Interview,2852216,Caryn Ross,"Resume and CV Writing, Cover Letters, Career Development, Personal Development",Arts & Crafts,Beginner,40 mins,5.0,N/A,N/A,"Rp149,000",3/2020,0,0,1,https://www.udemy.com/course/crafting-a-resume-cover-letter-that-gets-you-the-interview/
Giant Organza Butterfly Tutorial,6699535,Trang Suchin,"Crafting, Arts & Crafts, Lifestyle",Arts & Crafts,Beginner,1 hour,5.0,N/A,N/A,"Rp149,000",7/2025,0,0,1,https://www.udemy.com/course/giant-organza-butterfly-tutorial/
Leather carving elves and floral Women's shoulder bag,5557562,Wilson Huang,"Leather Crafting, 3D Sculpting, Other Design, Design",Arts & Crafts,Expert,4 hours,5.0,1,25,"Rp149,000",9/2023,3,0,0,https://www.udemy.com/course/leather-carving-elves-and-floral-womens-shoulder-bag/
Giant Cardstock Hydrangea Tutorial,6702961,Trang Suchin,"Crafting, Arts & Crafts, Lifestyle",Arts & Crafts,Beginner,39 mins,5.0,N/A,N/A,"Rp149,000",7/2025,0,0,1,https://www.udemy.com/course/giant-cardstock-hydrangea-tutorial/
Leather carving Long Wallet,5265954,Wilson Huang,"Leather Crafting, 3D Sculpting, Arts & Crafts, Lifestyle",Arts & Crafts,Intermediate,2 hours,5.0,5,35,"Rp149,000",4/2023,1,0,0,https://www.udemy.com/course/leather-carving-long-wallet/
Giant Eva Foam Dahlia Tutorial,6703041,Trang Suchin,"Crafting, Arts & Crafts, Lifestyle",Arts & Crafts,Beginner,44 mins,5.0,N/A,N/A,"Rp149,000",7/2025,0,0,1,https://www.udemy.com/course/giant-eva-foam-dahlia-tutorial/
Leather carving Native Americans,5536322,Wilson Huang,"Leather Crafting, 3D Sculpting, Other Teaching & Academics, Teaching & Academics",Arts & Crafts,Expert,1 hour,5.0,1,14,"Rp149,000",9/2023,2,0,0,https://www.udemy.com/course/leather-carving-native-americans/
The Happenista Project,814230,Jenny Garrett OBE,"Confidence, Personal Development, Career Coach Training, Career Development",Arts & Crafts,All Levels,1 hour,4.6,146,967,"Rp149,000",11/2019,0,0,12,https://www.udemy.com/course/the-happenista-project/
How to Grow Your Etsy Shop: 4 Businesses you can Start Now,1336992,"Tizzy Labs, LLC","Etsy, Entrepreneurship, Business",Arts & Crafts,Beginner,37 mins,4.4,45,227,"Rp149,000",10/2017,1,0,0,https://www.udemy.com/course/make-money-with-etsy-now-4-businesses-you-can-start-today/
Craft Your Own Arduino-Based Piano: A Melodic Journey!,2209950,"Educational Engineering Team, Ashraf Said AlMadhoun, Educational Engineering","Arduino, Hardware, IT & Software",Arts & Crafts,All Levels,2 hours,4.3,23,5608,"Rp149,000",2/2026,18,0,4,https://www.udemy.com/course/arduino-piano-step-by-step-guide/
DIY Birdhouse made from Cork!,5318746,Charalampos Petrou,"Crafting, Arts & Crafts, Lifestyle",Arts & Crafts,All Levels,44 mins,5.0,3,5,"Rp149,000",5/2023,0,0,0,https://www.udemy.com/course/diy-birdhouse-made-from-cork/
Giant Organza Tulip Tutorial,6723111,Trang Suchin,"Crafting, Arts & Crafts, Lifestyle",Arts & Crafts,Beginner,31 mins,5.0,N/A,N/A,"Rp447,000.00",7/2025,0,0,1,https://www.udemy.com/course/giant-organza-tulip-tutorial-khoa-hoc-lam-hoa/
Leather carving Monkey,4895876,Wilson Huang,"Leather Crafting, 3D Sculpting, Crafting, Arts & Crafts, Lifestyle",Arts & Crafts,Expert,1 hour,4.8,N/A,7,"Rp149,000",9/2022,2,0,0,https://www.udemy.com/course/leather-carving-monkey/
Watercolor paint fun & easy HOLIDAY CARDS for all occasions,1416352,Nicola A Blakemore,"Watercolor Painting, Painting, Arts & Crafts, Lifestyle",Arts & Crafts,Beginner,2.5 hours,4.5,30,1248,"Rp149,000",11/2023,2,0,15,https://www.udemy.com/course/paint-quick-fun-greeting-cards-christmas-more-occasions/
Bookbinding: Make a Coptic Stitch Book,578566,Caleb Sylvest,"Book Binding, Arts & Crafts, Lifestyle",Arts & Crafts,Intermediate,1.5 hours,4.7,58,327,"Rp149,000",10/2015,0,0,1,https://www.udemy.com/course/coptic-stitch-bookbinding/
Brother ScanNCut - Summer Projects,5891200,Kimberly Smith,"Brother ScanNCut, Arts & Crafts, Lifestyle",Arts & Crafts,All Levels,4.5 hours,4.9,17,131,"Rp149,000",7/2024,0,0,3,https://www.udemy.com/course/scanncut-summer-projects/
How to make sugar craft hair styles for your models,3378842,Zoe Hopkinson,"Creativity, Cake Decorating, Architectural Design, Design",Arts & Crafts,Intermediate,4.5 hours,4.8,179,652,"Rp349,000",8/2020,1,0,0,https://www.udemy.com/course/how-to-make-sugar-craft-hair-styles/
Take a step into the world of bags,3668650,Sophie Springer,"Fashion, Sewing, Fashion Design, Design",Arts & Crafts,Beginner,1 hour,4.7,7,43,"Rp149,000",12/2020,0,0,1,https://www.udemy.com/course/take-a-step-into-the-world-of-bags/
Giant Organza Crown Imperial Tutorial,6698189,Trang Suchin,"Crafting, Arts & Crafts, Lifestyle",Arts & Crafts,Beginner,1 hour,5.0,N/A,N/A,"Rp149,000",7/2025,0,0,1,https://www.udemy.com/course/giant-organza-crown-imperial-tutorial/
"Handmade Bracelet Design: Tools, Materials, and Techniques",4247580,PrimeSkills Academy,"Jewelry Design, Fashion Design, Design",Arts & Crafts,All Levels,9.5 hours,3.7,7,69,"Rp149,000",3/2026,3,0,5,https://www.udemy.com/course/how-to-make-handmade-bracelets/
Abstract Painting - Stained Glass Method,1079946,Andy Morris,"Abstract Painting, Arts & Crafts, Lifestyle",Arts & Crafts,All Levels,2.5 hours,4.6,141,682,"Rp149,000",10/2019,1,0,0,https://www.udemy.com/course/abstract-painting-ideas-for-beginners/
UP-CYCLE your paintings to make HOLIDAY greeting cards. EASY,1387642,Nicola A Blakemore,"Watercolor Painting, Arts & Crafts, Lifestyle",Arts & Crafts,All Levels,2 hours,4.7,17,1101,"Rp149,000",11/2023,1,0,13,https://www.udemy.com/course/paint-4-fun-compliments-maybe-profit-with-greeting-cards/
Design and Make A Memory Album with the Scan N Cut,4734168,"John Bloodworth, Cal Summers","Brother ScanNCut, Design Tools, Design",Arts & Crafts,Intermediate,3.5 hours,4.9,39,300,"Rp149,000",10/2022,2,0,1,https://www.udemy.com/course/design-and-make-a-memory-album-with-the-scan-n-cut/
Giant Organza Peony Tutorial (Style 2),6697845,Trang Suchin,"Crafting, Arts & Crafts, Lifestyle",Arts & Crafts,Beginner,40 mins,5.0,N/A,N/A,"Rp149,000",7/2025,0,0,1,https://www.udemy.com/course/giant-organza-peony-tutorial-style-2/
Giant Crepe Paper Rose Tutorial,6723011,Trang Suchin,"Crafting, Arts & Crafts, Lifestyle",Arts & Crafts,Beginner,33 mins,5.0,N/A,N/A,"Rp149,000",7/2025,0,0,1,https://www.udemy.com/course/giant-crepe-paper-rose-tutorial-khoa-hoc-lam-hoa/
Giant Organza Lotus Tutorial,6699527,Trang Suchin,"Crafting, Arts & Crafts, Lifestyle",Arts & Crafts,Beginner,42 mins,5.0,N/A,N/A,"Rp149,000",7/2025,0,0,1,https://www.udemy.com/course/giant-organza-lotus-tutorial/
Giant Cardstock Dahlia Tutorial,6702975,Trang Suchin,"Arts & Crafts, Lifestyle",Arts & Crafts,Beginner,1 hour,5.0,N/A,N/A,"Rp149,000",7/2025,0,0,1,https://www.udemy.com/course/giant-cardstock-dahlia-tutorial/
Exploring the Design Space and Optimizing the Design,3229757,Merit Career Development,"Design Thinking, Design Tools, Design",Arts & Crafts,All Levels,2 hours,4.5,1,8,"Rp149,000",2/2024,7,0,6,https://www.udemy.com/course/getting-design-right-part-3/
Level 1 - Creative Meditation & Mindfulness by Mandala Art,3654574,"Rashmi Musale, AdiGuru AUM","Mindfulness, Meditation, Health & Fitness",Arts & Crafts,All Levels,3.5 hours,4.3,13,56,"Rp149,000",1/2021,0,0,0,https://www.udemy.com/course/creative-meditation-mindfulness-by-mandala-art-level-1/
How to Market Jewelry at Craft Shows,140850,Mary Monique Littlejohn,"Marketing Strategy, Crafting, Jewelry Design, Arts & Crafts, Lifestyle",Arts & Crafts,Beginner,31 mins,3.8,20,139,"Rp149,000",8/2016,0,0,1,https://www.udemy.com/course/how-to-market-jewelry-at-craft-shows-for-fun-and-profit/
Hair Accessory Making: Make Boutique Style Ribbon Hair Bows,4841440,Greta Lan,"Crafting, Fashion Design, Arts & Crafts, Lifestyle",Arts & Crafts,Beginner,1 hour,4.8,6,35,"Rp149,000",8/2022,0,0,1,https://www.udemy.com/course/hair-accessory-making-make-boutique-style-ribbon-hair-bows/
Gothic Church Artwork: Stained Glass and Sculpture,1900626,Dr. Lily Filson,"Art History, Humanities, Teaching & Academics",Arts & Crafts,All Levels,1 hour,4.3,27,165,"Rp149,000",9/2018,0,0,0,https://www.udemy.com/course/gothic-church-artwork-stained-glass-and-sculpture/
Sophie's bag,3749652,Sophie Springer,"Fashion Design, Design",Arts & Crafts,All Levels,1 hour,4.9,5,21,"Rp149,000",1/2021,0,0,1,https://www.udemy.com/course/sophies-bag/
DIY LeatherCrafting: Making Leather Sandals,1830544,Timur Kazantsev,"Leather Crafting, Arts & Crafts, Lifestyle",Arts & Crafts,All Levels,2.5 hours,4.4,46,585,"Rp149,000",2/2025,1,0,0,https://www.udemy.com/course/leathercrafting-sandals/
Decoupage on Faux Leather bag,3779248,Rekha Garg,"Crafting, Fashion Design, Arts & Crafts, Lifestyle",Arts & Crafts,All Levels,1 hour,4.7,N/A,12,"Rp149,000",1/2021,1,0,1,https://www.udemy.com/course/decoupage-on-faux-leather-bag/
Designing Planners Stickers Using Procreate and The Cricut,5296718,Jennifer Lezan,"Procreate Digital Illustration App, Graphic Design & Illustration, Design",Arts & Crafts,Beginner,1 hour,4.4,2,12,"Rp299,000",5/2023,0,0,1,https://www.udemy.com/course/designing-planners-stickers-using-procreate-and-the-cricut/
Leather carving rabbit,4950050,Wilson Huang,"Leather Crafting, 3D Sculpting, Arts & Crafts, Lifestyle",Arts & Crafts,Expert,1.5 hours,4.8,4,24,"Rp149,000",11/2022,1,0,0,https://www.udemy.com/course/leather-carving-rabbit/
Soy Candle Making & Bubble-Free Jesmonite Vessels,7093055,Ivan Orzhakhovskyi,"Candle Making, Arts & Crafts, Lifestyle",Arts & Crafts,All Levels,39 mins,5.0,5,21,"Rp149,000",4/2026,12,0,3,https://www.udemy.com/course/artisan-candle-making-craft-gypsum-vessels-soy-candles/
Leather Carving Art - OwlL,5615342,Wilson Huang,"Leather Crafting, Painting, 3D Sculpting, Crafting, Arts & Crafts",Arts & Crafts,Intermediate,1 hour,5.0,3,15,"Rp149,000",10/2023,2,0,0,https://www.udemy.com/course/leather-carving-art-owll/
Watercolor with Mosaic Effect - New Fun Technique,5614282,Jana Raninis,"Watercolor Painting, Arts & Crafts, Lifestyle",Arts & Crafts,Beginner,1 hour,4.5,3,11,"Rp149,000",10/2023,0,0,4,https://www.udemy.com/course/watercolor-with-mosaic-effect-new-fun-technique/
Leather carving art Beautiful Girl（modeling tools course）,5020738,Wilson Huang,"Leather Crafting, Arts & Crafts, Lifestyle",Arts & Crafts,Expert,1 hour,4.3,3,12,"Rp149,000",12/2022,2,0,0,https://www.udemy.com/course/leather-carving-art-beautiful-girl/
Paper Organization - Tame the Paper Clutter,1291084,KW Professional Organizers,"Decluttering, Personal Productivity, Personal Development",Arts & Crafts,All Levels,2 hours,4.4,48,341,"Rp447,000.00",11/2019,0,0,3,https://www.udemy.com/course/tame-the-paper-clutter/
DIY “Runners & Laced-up Boots” With Printable Patterns,5294150,Lougaya Dehan,"Leather Crafting, Arts & Crafts, Lifestyle",Arts & Crafts,Beginner,4.5 hours,4.9,5,1046,"Rp149,000",4/2023,0,0,2,https://www.udemy.com/course/diy-runners-moccasins-and-boots/
Leather carving passport case,5712738,Wilson Huang,"Leather Crafting, 3D Sculpting, Crafting, Creativity, Personal Development",Arts & Crafts,Intermediate,2 hours,4.6,N/A,5,"Rp149,000",12/2023,2,0,0,https://www.udemy.com/course/leather-carving-passport-case-q/
Craft Candles Like a Boss (Certified): Scents & Recipes,5026718,Crystal Tummala,"Candle Making, Aromatherapy, Home Business, Stress Management, Arts & Crafts",Arts & Crafts,All Levels,2 hours,3.0,12,178,"Rp149,000",5/2025,19,0,23,https://www.udemy.com/course/aromatherapy-candle-making-entrepreneurship/
Leather carving course ~ Skull,4805788,Wilson Huang,"Leather Crafting, Arts & Crafts, Lifestyle",Arts & Crafts,Expert,1.5 hours,3.5,5,27,"Rp149,000",7/2022,1,0,0,https://www.udemy.com/course/leather-carving-course-skull/
Leather carving Rose,5067146,Wilson Huang,"Leather Crafting, 3D Sculpting, Arts & Crafts, Lifestyle",Arts & Crafts,Expert,1.5 hours,2.9,3,20,"Rp149,000",1/2023,2,0,0,https://www.udemy.com/course/leather-carving-rose/
Manager of an Innovative Leather Company,1706816,"Carlos Vaz de Carvalho, Desiree Scalia, Fundacja Rozwoju Przedsiębiorczości, Alcino Martinho, Joaquim Manuel Gaião, Lina Tsakalou, Ana Belén Muñoz Milán, Deselnicu Viorica, Projects Virtual Campus","Innovation, Management Skills, Management, Business",Arts & Crafts,Intermediate,4.5 hours,4.5,35,2544,"Rp149,000",9/2018,0,0,0,https://www.udemy.com/course/manager-of-an-innovative-leather-company/
Leather Art - Peony Flowers and Peony Rings,5519078,Wilson Huang,"Leather Crafting, Fashion Design, Design",Arts & Crafts,Beginner,34 mins,5.0,N/A,5,"Rp149,000",8/2023,2,0,0,https://www.udemy.com/course/leather-art-peony-flowers-and-peony-rings/
Leather carving passport case,5597698,Wilson Huang,"Leather Crafting, 3D Sculpting, Other Teaching & Academics, Teaching & Academics",Arts & Crafts,Expert,2 hours,4.3,N/A,3,"Rp149,000",10/2023,2,0,0,https://www.udemy.com/course/leather-carving-passport-case/
Brother ScanNCut Basics,1637286,Kimberly Smith,"Brother ScanNCut, Arts & Crafts, Lifestyle",Arts & Crafts,Beginner,4 hours,4.7,485,1835,"Rp149,000",3/2019,0,0,2,https://www.udemy.com/course/brother-scanncut-basics/
Paper Mosaic Collage Dog Portraits,3171418,Bebe Keith,"Collaging, Arts & Crafts, Lifestyle",Arts & Crafts,All Levels,3.5 hours,4.7,46,305,"Rp149,000",5/2020,1,0,0,https://www.udemy.com/course/paper-mosaic-collage-dog-portraits/
Geometric Dot Mandalas on Stone- A meditative experience,3205827,Svenja Kehl,"Mandala, Geometry, Arts & Crafts, Lifestyle",Arts & Crafts,Beginner,30 mins,4.7,11,34,"Rp149,000",8/2023,0,0,1,https://www.udemy.com/course/dotmandalas-learnhowtocreategeometricdotartonstones/
HowExpert Guide to Penguins,3780188,HowExpert,"Biology, Other Lifestyle, Lifestyle",Arts & Crafts,All Levels,3.5 hours,3.6,2,6,"Rp349,000",1/2021,0,0,0,https://www.udemy.com/course/penguinscourse/
Learn how to make a unique bag made of leather and wood,5478184,Stevan Kostic,"Leather Crafting, Fashion Design, Design",Arts & Crafts,All Levels,1.5 hours,4.6,12,64,"Rp149,000",8/2023,0,0,10,https://www.udemy.com/course/learn-how-to-make-a-unique-bag-made-of-leather-and-wood/
Leather carving Cock,5650992,Wilson Huang,"Leather Crafting, 3D Sculpting, Arts & Crafts, Lifestyle",Arts & Crafts,Expert,1 hour,5.0,1,12,"Rp149,000",11/2023,2,0,0,https://www.udemy.com/course/leather-carving-cock/
Turn Nature into Art: The Modern Floral Jewelry Masterclass,3205973,Rekha Garg,"Jewelry Making, Fashion Design, Design",Arts & Crafts,All Levels,5 hours,3.7,5,434,"Rp149,000",1/2026,0,0,2,https://www.udemy.com/course/paper-floral-jewelry/
Leather carving azalea,4832564,Wilson Huang,"Leather Crafting, Arts & Crafts, Lifestyle",Arts & Crafts,Intermediate,2 hours,5.0,1,15,"Rp149,000",8/2022,2,0,0,https://www.udemy.com/course/leather-carving-azalea/
"DIY ""Moon"" Moccasins With Printable Patterns & PDF Tutorial",5298424,Lougaya Dehan,"Leather Crafting, Arts & Crafts, Lifestyle",Arts & Crafts,Beginner,3 hours,4.8,6,1032,"Rp149,000",6/2023,0,0,3,https://www.udemy.com/course/diy-moon-moccasins/
Origami 2.0 add interaction and animation to your designs,442916,Adria Jimenez,"Animation, Prototyping, Design Tools, Design",Arts & Crafts,All Levels,2.5 hours,3.9,20,799,"Rp149,000",8/2018,2,0,17,https://www.udemy.com/course/origami-quartz-composer-animation/
Tessa Hunkin: The Modern History of Mosaic,4262356,LSoM LSoM,"Art History, Humanities, Teaching & Academics",Arts & Crafts,Intermediate,4.5 hours,4.8,14,43,"Rp749,000",9/2021,0,0,9,https://www.udemy.com/course/tessa-hunkin-the-modern-history-of-mosaic/
DIY LeatherCrafting: Gift Leather Hat and Jacket in 1 hour,3312080,Timur Kazantsev,"Leather Crafting, Arts & Crafts, Lifestyle",Arts & Crafts,All Levels,1 hour,4.6,3,456,"Rp149,000",2/2025,1,0,8,https://www.udemy.com/course/leather-hat-and-jacket/
DIY Leathercrafting: Make your own Leather Bag in 2 hours,2276537,Timur Kazantsev,"Leather Crafting, Arts & Crafts, Lifestyle",Arts & Crafts,All Levels,1.5 hours,4.3,34,346,"Rp149,000",2/2025,2,0,8,https://www.udemy.com/course/diy-leathercrafting-make-own-leather-bag/
An Abundance Mindset: How to Craft Yours,691180,Allison Sutter,"Personal Success, Mindset, Mindfulness, Other Finance & Accounting, Finance & Accounting",Arts & Crafts,Beginner,3 hours,4.4,30,198,"Rp149,000",9/2016,0,0,7,https://www.udemy.com/course/mindset-of-a-6-figure-income-earner-how-to-craft-yours/
"Acrylic Painting for 100% Beginners: ""Golden Girls"" Course",1840438,Melissa Fryer,"Painting, Creativity, Personal Development",Arts & Crafts,Beginner,1.5 hours,4.5,13,71,"Rp149,000",1/2026,2,0,8,https://www.udemy.com/course/acrylic-painting-for-beginners-golden-girls-class/
Giant Organza Lily Tutorial (Style 2),6697855,Trang Suchin,"Crafting, Arts & Crafts, Lifestyle",Arts & Crafts,Beginner,33 mins,2.0,1,1,"Rp149,000",7/2025,0,0,1,https://www.udemy.com/course/giant-organza-lily-tutorial-style-2/
Understand Python's Basics in 2025: Ideal for Beginners,4835682,The Glass Guy,"Python, Programming Languages, Development",Arts & Crafts,Beginner,4 hours,4.6,3,15,"Rp169,000",7/2025,2,0,0,https://www.udemy.com/course/python-course-the-basics/
Advanced paper floral jewelry,3425762,Rekha Garg,"Jewelry Making, Jewelry Design, Fashion Design, Design",Arts & Crafts,All Levels,4 hours,4.8,3,124,"Rp149,000",8/2020,1,0,2,https://www.udemy.com/course/advanced-paper-floral-jewelry/
Leather carving course ~ Squirrel,4770312,Wilson Huang,"Leather Crafting, Arts & Crafts, Lifestyle",Arts & Crafts,Expert,2 hours,5.0,1,14,"Rp149,000",7/2022,2,0,0,https://www.udemy.com/course/leather-carving-course-squirrel/
Mastering Canvas Workspace,3786924,John Bloodworth,"Brother ScanNCut, Arts & Crafts, Lifestyle",Arts & Crafts,Intermediate,4.5 hours,4.7,184,1420,"Rp149,000",12/2023,1,0,3,https://www.udemy.com/course/mastering-canvas-workspace/
Leather carving Sunflower,4884760,Wilson Huang,"Leather Crafting, Arts & Crafts, Lifestyle",Arts & Crafts,Expert,3 hours,5.0,1,14,"Rp149,000",9/2022,1,0,0,https://www.udemy.com/course/leather-carving-sunflower/
DIY Orgonite Energetic Art,1389968,Michael Goddard,"Energy Healing, Arts & Crafts, Lifestyle",Arts & Crafts,Beginner,1 hour,3.9,13,67,"Rp249,000",11/2017,0,0,12,https://www.udemy.com/course/diy-energetic-art/
Leather carving notebook case,5791470,Wilson Huang,"Leather Crafting, 3D Sculpting, User Experience Design, Design",Arts & Crafts,Intermediate,1.5 hours,4.8,3,26,"Rp149,000",1/2024,2,0,0,https://www.udemy.com/course/leather-carving-notebook-case/
Brother ScanNCut - Fall Projects,4830842,Kimberly Smith,"Brother ScanNCut, Arts & Crafts, Lifestyle",Arts & Crafts,Intermediate,6 hours,4.8,40,241,"Rp149,000",9/2022,0,0,6,https://www.udemy.com/course/scanncut-fall-projects/
Wine glasses Decoration,3735988,Rekha Garg,"Crafting, Other Design, Design",Arts & Crafts,All Levels,N/A,5.0,1,14,"Rp149,000",1/2021,0,0,0,https://www.udemy.com/course/wine-glasses-decoration/
Start A Traditional Greeting Card Business For Print,523730,Nicholas Nebelsky,"Business Strategy, Business Fundamentals, Greeting Cards, Media, Business",Arts & Crafts,Intermediate,2.5 hours,3.8,59,363,"Rp149,000",10/2021,8,0,7,https://www.udemy.com/course/how-to-start-a-greeting-card-company-for-beginners/
Fabric Flowers course,5352066,Rekha Garg,"Crafting, Arts & Crafts, Lifestyle",Arts & Crafts,All Levels,2 hours,5.0,N/A,2,"Rp149,000",6/2023,0,0,3,https://www.udemy.com/course/fabric-flowers-course/
"Getting Started With Canva - Graphics, Functions and More",4449284,Gabriel Felix,"Canva, Logo Design, Design Tools, Design",Arts & Crafts,All Levels,1.5 hours,4.2,34,3218,"Rp149,000",7/2025,0,0,2,https://www.udemy.com/course/getting-started-with-canva-graphics-functions-and-more/
Mandala Rock Painting: Complete and easy step-by-step class,2492278,Mary Thompson,"Painting, Mandala, Arts & Crafts, Lifestyle",Arts & Crafts,Beginner,1.5 hours,4.6,67,267,"Rp349,000",7/2020,1,0,1,https://www.udemy.com/course/mandala-rock-painting-complete-step-by-step-for-beginners/
Leather Carving Art - Eagle,5695836,Wilson Huang,"Leather Crafting, 3D Sculpting, Crafting, Arts & Crafts, Lifestyle",Arts & Crafts,Intermediate,1 hour,4.2,6,34,"Rp149,000",12/2023,2,0,0,https://www.udemy.com/course/leather-carving-art-eagle/
Jesmonite AC100 - Complete Course On Working With Eco-Resin,5894284,Zahan Georgiana,"Crafting, Creativity, Personal Development",Arts & Crafts,All Levels,1 hour,3.8,9,27,"Rp149,000",9/2024,0,0,0,https://www.udemy.com/course/jesmonite-ac100-complete-course-on-working-with-eco-resin/
Leather carving Calla Lily Leathercraft,4859446,Wilson Huang,"Leather Crafting, Arts & Crafts, Lifestyle",Arts & Crafts,Expert,1.5 hours,5.0,2,15,"Rp149,000",8/2022,2,0,0,https://www.udemy.com/course/leather-carving-calla-lily/
Watercolor Painting for beginners/5 easy watercolor projects,6061295,Parshwika bhandari,"Watercolor Painting, Calligraphy and Lettering, Art Therapy, Abstract Painting, Arts & Crafts",Arts & Crafts,Beginner,1.5 hours,3.2,3,385,"Rp149,000",7/2024,0,0,0,https://www.udemy.com/course/watercolor-painting-for-beginners5-easy-watercolor-projects/
Leather carving butterfly（modeling tools course）,5008732,Wilson Huang,"Leather Crafting, 3D Sculpting, Arts & Crafts, Lifestyle",Arts & Crafts,Intermediate,1 hour,5.0,2,18,"Rp149,000",12/2022,1,0,0,https://www.udemy.com/course/leather-carving-butterflymodeling-tools-course/
"DIY ""Trimini"" Sandals - Minimalist Leather Sandals",5294770,Lougaya Dehan,"Leather Crafting, Arts & Crafts, Lifestyle",Arts & Crafts,Beginner,2 hours,5.0,1,1005,"Rp149,000",4/2023,0,0,1,https://www.udemy.com/course/trimini-leather-barefoot-sandals/
Leather Carved Bull,5310134,Wilson Huang,"Leather Crafting, 3D Sculpting, Other Design, Design",Arts & Crafts,Expert,1.5 hours,4.5,2,14,"Rp149,000",6/2023,2,0,0,https://www.udemy.com/course/leather-carved-bull/
Brother ScanNCut - Winter Projects,4375506,Kimberly Smith,"Brother ScanNCut, Arts & Crafts, Lifestyle",Arts & Crafts,All Levels,3.5 hours,4.9,47,327,"Rp149,000",11/2021,0,0,3,https://www.udemy.com/course/scanncut-winter-projects/
Leather Craft Beginners|Make Personalized Leather Keychains,1843670,Nancy Sealy,"Leather Crafting, Arts & Crafts, Lifestyle",Arts & Crafts,Beginner,1 hour,4.1,19,80,"Rp149,000",9/2018,0,0,1,https://www.udemy.com/course/leather-craft-beginnersmake-personalized-leather-keychains/
Adventures in Wine Crafting,2603922,Linda Watson-Call,"Wine Appreciation and Oenology, Food & Beverage, Lifestyle",Arts & Crafts,All Levels,2 hours,4.3,18,94,"Rp149,000",11/2019,0,0,6,https://www.udemy.com/course/adventures-in-wine-crafting/
Make effective Orgone Energy Healing Tools for Spirituality,4233136,Ezequiel Reyes,"Energy Healing, Esoteric Practices, Lifestyle",Arts & Crafts,Intermediate,1 hour,4.7,53,819,"Rp149,000",11/2021,0,0,0,https://www.udemy.com/course/make-effective-orgone-energy-tools-for-spiritual-growth/
Snow Landscapes: Make 9 Watercolor Greeting Cards,3672816,Watercolour Mentor,"Watercolor Painting, Painting, Greeting Cards, Arts & Crafts, Lifestyle",Arts & Crafts,Beginner,2.5 hours,4.3,8,28,"Rp149,000",6/2023,0,0,9,https://www.udemy.com/course/christmascards/
"NFT Mastery: Crafting, Trading, and Profits",4785420,Roman Dushkin,"NFT (Non-Fungible Tokens), Cryptocurrency & Blockchain, Finance & Accounting",Arts & Crafts,Beginner,3.5 hours,4.7,5,23,"Rp149,000",8/2023,0,0,19,https://www.udemy.com/course/nft-creating-and-sales/
Design a Gift Box in Fusion 360,1614628,Vladimir Mariano,"Autodesk Fusion, 3D & Animation, Design",Arts & Crafts,Intermediate,1.5 hours,4.7,90,484,"Rp149,000",11/2019,0,0,0,https://www.udemy.com/course/design-a-gift-box-in-fusion-360/
Step into the World of Arduino: Craft Your Digital Ohmmeter,2867382,"Educational Engineering Team, Ashraf Said AlMadhoun, Educational Engineering","Arduino, Hardware, IT & Software",Arts & Crafts,All Levels,2 hours,4.0,17,3604,"Rp149,000",2/2026,35,0,3,https://www.udemy.com/course/arduino-digital-ohmmeter/
Leather carving Leaves and cicadas,4919692,Wilson Huang,"Leather Crafting, 3D Sculpting, Painting, Arts & Crafts, Lifestyle",Arts & Crafts,Expert,2 hours,5.0,1,15,"Rp149,000",10/2022,1,0,0,https://www.udemy.com/course/leather-carving-leaves-and-cicadas/
Leather carving card bag,4725892,Wilson Huang,"3D Sculpting, Arts & Crafts, Lifestyle",Arts & Crafts,Beginner,1 hour,5.0,1,9,"Rp149,000",6/2022,2,0,0,https://www.udemy.com/course/leather-carving-card-bag/
Procreate to Paper,2709978,Ksenia Annis,"Digital Art, Digital Painting, Painting, Arts & Crafts, Lifestyle",Arts & Crafts,Intermediate,1.5 hours,4.9,11,76,"Rp449,000",12/2019,0,0,0,https://www.udemy.com/course/procreate-to-paper/
Crafting Customer-Centric Success Emails with AI Assistance,5470332,Victor Freire Casal,"Artificial Intelligence (AI), Communication, Business",Arts & Crafts,Beginner,31 mins,4.2,4,555,"Rp149,000",7/2024,7,0,1,https://www.udemy.com/course/crafting-customer-centric-success-emails-with-ai-assistance/
Leather carving course - Tiger,4757792,Wilson Huang,"Leather Crafting, 3D Sculpting, Arts & Crafts, Lifestyle",Arts & Crafts,Expert,2 hours,4.2,6,55,"Rp149,000",1/2024,2,0,0,https://www.udemy.com/course/leather-carving-course-tiger/
Substance Painter - Digital Gift,3841624,Luke PolyGoods 3D,"3D Texturing, Substance Painter, 3D & Animation, Design",Arts & Crafts,All Levels,1 hour,4.7,22,4581,"Rp149,000",2/2021,0,0,1,https://www.udemy.com/course/substance-painter-digital-gift/
Give your T-shirt a second chance-Upcycling,3598062,Sophie Springer,"Fashion Design, Design",Arts & Crafts,Beginner,1 hour,5.0,8,172,"Rp149,000",11/2020,0,0,2,https://www.udemy.com/course/give-your-t-shirt-a-second-chance-upcycling/
Leather carving Fritillaria imperalis flower,4991116,Wilson Huang,"Leather Crafting, Arts & Crafts, Lifestyle",Arts & Crafts,Expert,1 hour,5.0,N/A,5,"Rp447,000.00",11/2022,1,0,0,https://www.udemy.com/course/leather-carving-fritillaria-imperalis-flower/
Beyond Paper: Mastering AR Business Cards,5494652,"Educational Engineering Team, Educational Engineering, Ashraf Said AlMadhoun","Business Card Design, Communication, Business",Arts & Crafts,Beginner,1 hour,4.0,6,2673,"Rp149,000",2/2026,10,0,0,https://www.udemy.com/course/augmented-reality-beyond-paper-crafting-cutting-edge-ar-business-cards/
Dream Sandals: moccasin sandals from leather and fabric,3657374,Ayala Yedgar,"Fashion Design, Design",Arts & Crafts,Beginner,30 mins,4.3,6,32,"Rp149,000",8/2022,2,0,3,https://www.udemy.com/course/dream-sandals-moccasin-sandals-from-leather-and-fabric/
Leather carved eyeglass case,5775146,Wilson Huang,"Leather Crafting, 3D Sculpting, User Experience Design, Design",Arts & Crafts,Intermediate,1 hour,5.0,1,7,"Rp149,000",1/2024,2,0,0,https://www.udemy.com/course/leather-carved-eyeglass-case/
Leather carving Dragon,5278830,Wilson Huang,"Leather Crafting, 3D Sculpting, Arts & Crafts, Lifestyle",Arts & Crafts,Intermediate,1.5 hours,5.0,1,21,"Rp149,000",4/2023,2,0,0,https://www.udemy.com/course/leather-carving-dragon/
Creative Watercolours Near Beginners,312098,Deborah Burrow,"Watercolor Painting, Arts & Crafts, Lifestyle",Arts & Crafts,Beginner,1 hour,4.2,82,4562,"Rp149,000",3/2016,0,0,0,https://www.udemy.com/course/creative-watercolours-near-beginners/
Awaken Your Arduino Skills: Craft a Custom Alarm Clock!,1353328,"Educational Engineering Team, Ashraf Said AlMadhoun, Educational Engineering","Arduino, Real-Time Communication (RTC), Hardware, IT & Software",Arts & Crafts,All Levels,1.5 hours,3.9,29,7537,"Rp149,000",2/2026,25,0,0,https://www.udemy.com/course/arduino-alarm-clock-using-a-real-time-clock-and-lcd-screen/
Create a Paper-Cut Light Box in Procreate,2606492,Lettie Blue,"Digital Art, Digital Painting, Illustration, Procreate Digital Illustration App, Graphic Design & Illustration",Arts & Crafts,All Levels,1 hour,4.3,12,1008,"Rp149,000",11/2022,0,0,3,https://www.udemy.com/course/papercutlightboxinprocreate/
Master Creative Writing | Creative Writing Certification,7092139,School of Professional Psychology,"Creative Writing, Creativity, Personal Development",Arts & Crafts,All Levels,1.5 hours,4.9,33,80,"Rp149,000",4/2026,0,0,0,https://www.udemy.com/course/creative-writing-masterclass-build-storytelling-skills/
Painting the Corpus Christy Church in Cozumel- For Beginners,4407926,Autumn Toñita,"Painting, Arts & Crafts, Lifestyle",Arts & Crafts,Beginner,4.5 hours,4.9,6,10,"Rp1,197,000.00",1/2022,0,0,13,https://www.udemy.com/course/acrylics-painting-the-corpus-christy-church-in-cozumel-for-beginners/
Leather carving course ~ Pig,4792186,Wilson Huang,"Leather Crafting, Arts & Crafts, Lifestyle",Arts & Crafts,Expert,2 hours,5.0,1,5,"Rp149,000",8/2022,1,0,0,https://www.udemy.com/course/leather-carving-course-pig/
Learn to sew fabric and leather tote handbags,1714854,Lister Kom,"Sewing, Arts & Crafts, Lifestyle",Arts & Crafts,Beginner,6.5 hours,4.8,29,175,"Rp949,000",6/2018,0,0,2,https://www.udemy.com/course/learn-to-sew-fabric-and-leather-tote-handbags/
Master Business Success: Your unique business guide,4063524,Nesrine BELDI,"Entrepreneurship Fundamentals, Leadership, Entrepreneurship, Business",Arts & Crafts,All Levels,2.5 hours,4.3,10,613,"Rp149,000",6/2024,4,0,12,https://www.udemy.com/course/the-ultimate-leadership-guide-for-startups-founders-ceos/
Creating Endless Designs Of Calligraphy Greeting Cards,4981584,Joy Tay,"Greeting Cards, Calligraphy and Lettering, Drawing, Arts & Crafts, Lifestyle",Arts & Crafts,Beginner,1 hour,5.0,1,11,"Rp149,000",10/2023,0,0,1,https://www.udemy.com/course/calligraphy-greeting-cards/
Hippopotamus car key pack,5513298,Wilson Huang,"Leather Crafting, 3D Sculpting, 3D & Animation, Design",Arts & Crafts,Beginner,30 mins,5.0,N/A,3,"Rp149,000",9/2023,2,0,0,https://www.udemy.com/course/hippopotamus-car-key-pack/
Dream Weaving: The KEY to Unveiling your Passion and Purpose,5451814,Jeff Griffin,"Personal Transformation, Personal Development",Arts & Crafts,All Levels,1 hour,4.7,90,2266,"Rp149,000",7/2023,0,0,5,https://www.udemy.com/course/dream-weaving-the-key-to-unveiling-your-passion-and-purpose/
Wood Shingling Secrets Simplified,6492407,Gabriel Wynn-Gould,"Woodworking and Carpentry, Home Improvement, Construction, Home Improvement & Gardening, Lifestyle",Arts & Crafts,All Levels,2 hours,5.0,2,3,"Rp447,000.00",4/2025,0,0,0,https://www.udemy.com/course/wood-shingling-secrets-simplified/
Leather carving course ~ Goat,4779176,Wilson Huang,"Leather Crafting, Arts & Crafts, Lifestyle",Arts & Crafts,Expert,2 hours,5.0,N/A,15,"Rp149,000",7/2022,2,0,0,https://www.udemy.com/course/leather-carving-course-goat/
Brother ScanNCut - Spring Projects,4562580,Kimberly Smith,"Brother ScanNCut, Arts & Crafts, Lifestyle",Arts & Crafts,Intermediate,5 hours,4.8,42,271,"Rp149,000",3/2022,0,0,5,https://www.udemy.com/course/scanncut-spring-projects/
Leather carving pencil case,4793806,Wilson Huang,"Leather Crafting, 3D Sculpting, Arts & Crafts, Lifestyle",Arts & Crafts,Intermediate,1 hour,4.6,3,21,"Rp149,000",12/2022,1,0,0,https://www.udemy.com/course/leather-carving-course-cartoon-girl/
DIY Cowrie Shell Jewelry: Techniques to Make Stylish Jewelry,4930886,PrimeSkills Academy,"Jewelry Making, Arts & Crafts, Lifestyle",Arts & Crafts,All Levels,1 hour,4.0,N/A,3,"Rp149,000",2/2026,2,0,2,https://www.udemy.com/course/handmade-cowrie-shell-jewelry-for-beginners/
How to Build a Powerful Brand Through The Media,6697051,"CRFT Productions, Arti Halai","Business Branding, Media Training, Media, Business",Arts & Crafts,All Levels,1 hour,4.7,13,64,"Rp149,000",7/2025,0,0,4,https://www.udemy.com/course/build-a-powerful-brand-in-the-media/
DIY LeatherCrafting: Make Your Own Embossed Leather Bracelet,1299886,Timur Kazantsev,"Leather Crafting, Arts & Crafts, Lifestyle",Arts & Crafts,All Levels,39 mins,4.3,77,2039,"Rp149,000",1/2018,0,0,1,https://www.udemy.com/course/leather-bracelet/
Digital Collage Sheets Quick and Easy with Photoshop Kit,571386,Cat Whipple,"Adobe Photoshop, Collaging, Arts & Crafts, Lifestyle",Arts & Crafts,All Levels,1.5 hours,4.7,133,558,"Rp149,000",11/2015,2,0,5,https://www.udemy.com/course/digital-collage-sheets-quick-and-easy-with-photoshop-kit/
Data Storytelling & Visualization Practice Test,6853949,Naila Rais,"Data Visualization, Data Analysis, Data Storytelling, Business Analytics & Intelligence, Business",Arts & Crafts,All Levels,N/A,4.4,N/A,9,"Rp149,000",10/2025,0,0,0,https://www.udemy.com/course/data-storytelling-visualization-practice-test/
Gingival Retraction Cord Packing Like a Pro!,2798764,Ashley Wynn,"Dentistry, Other Teaching & Academics, Teaching & Academics",Arts & Crafts,All Levels,31 mins,3.2,6,12,"Rp149,000",2/2020,0,0,0,https://www.udemy.com/course/gingival-retraction-cord-packing-like-a-pro/
Watercolours with Confidence: RED Tulips,5916596,Wendy Framst,"Watercolor Painting, Drawing, Arts & Crafts, Lifestyle",Arts & Crafts,Beginner,1.5 hours,5.0,1,98,"Rp149,000",12/2024,0,0,4,https://www.udemy.com/course/watercolours-with-confidence-red-tulips/
The Happenista Project Step 2,821432,Jenny Garrett OBE,"Career Development, Personal Development, Confidence",Arts & Crafts,All Levels,2 hours,4.7,15,124,"Rp149,000",8/2016,1,0,13,https://www.udemy.com/course/happenista-project-step2/
Adobe Illustrator for Photoshop Users,343828,Helen Bradley,"Adobe Illustrator, Adobe Photoshop, Design Tools, Design",Arts & Crafts,Beginner,4 hours,4.8,33,302,"Rp447,000.00",9/2019,0,0,16,https://www.udemy.com/course/illustrator-for-photoshop-users/
Business Execution: Crafting a Strategy that Executes,4398118,Sorin Dumitrascu,"Business Fundamentals, Operations, Business",Arts & Crafts,Beginner,2.5 hours,4.6,13,164,"Rp149,000",11/2025,3,0,42,https://www.udemy.com/course/business-execution-crafting-a-strategy-that-executes/
Your Effective Creativity & Data Driven Positioning,5514308,Maryna Babich,"Business Branding, Marketing Strategy, Branding, Marketing",Arts & Crafts,All Levels,1 hour,5.0,3,9,"Rp149,000",8/2023,0,0,17,https://www.udemy.com/course/your-effective-creativity-data-driven-positioning/
Negotiation Skills: Strategies for Career & Workplace,6791709,PowerToFly Courses,"Negotiation, Business Strategy, Communication Skills, Communication, Business",Arts & Crafts,All Levels,30 mins,5.0,2,14,"Rp149,000",10/2025,1,0,2,https://www.udemy.com/course/mastering-the-art-of-negotiation/
Never Miss a Pill Again: Automate with Arduino!,2716604,"Educational Engineering Team, Ashraf Said AlMadhoun, Educational Engineering","Arduino, Hardware, IT & Software",Arts & Crafts,All Levels,2 hours,4.2,48,9374,"Rp149,000",2/2026,24,0,0,https://www.udemy.com/course/arduino-automatic-medicine-reminder/
VueJS V1 Introduction to VueJS JavaScript Framework,900434,Laurence Svekis,"Vue JS, JavaScript, Web Development, Development",Arts & Crafts,Beginner,2 hours,3.9,83,22994,"Rp149,000",11/2019,9,0,2,https://www.udemy.com/course/vuejs-introduction-to-vuejs-javascript-framework/
The art of copywriting:Mastering Persuation And Conversion,5113138,Alin Bota,"Copywriting, Digital Marketing, Marketing",Arts & Crafts,All Levels,1.5 hours,4.4,4,10,"Rp149,000",1/2023,0,0,0,https://www.udemy.com/course/the-art-of-copywritingmastering-persuation-and-conversion/
Message Stack©: Universal principles for messaging success,4701476,John Rees,"Content Writing, Copywriting, Content Creation, Content Marketing, Marketing",Arts & Crafts,All Levels,1 hour,4.5,N/A,N/A,"Rp447,000.00",2/2024,0,0,6,https://www.udemy.com/course/message-stack-universal-principles-for-messaging-success/
CCNA 200-301: Networking Essentials Practice Lab Test,5855294,Irfan Azmat,"Cisco Certified Network Associate (CCNA), IT Networking Fundamentals, Cisco, Computer Network, Network & Security",Arts & Crafts,All Levels,N/A,3.9,3,4343,"Rp169,000",2/2025,0,0,0,https://www.udemy.com/course/ccna-200-301-networking-essentials-practice-lab-test-2024/
How to Make 3 Styles of Plush Bumblebees,2180494,Ashlee Craft,"Crafting, Arts & Crafts, Lifestyle",Arts & Crafts,Beginner,1 hour,4.1,20,1936,Free,1/2019,0,0,6,https://www.udemy.com/course/how-to-make-3-styles-of-plush-bumblebees/
Strategic Acumen for Product Leaders,4027952,Institute of Product Leadership,"Product Development, Business Strategy, Business",Arts & Crafts,Beginner,2 hours,4.3,4,23,"Rp149,000",4/2025,0,0,1,https://www.udemy.com/course/strategic-acumen-for-product-leaders/
Mathematical Magic and Craft,5271472,Poh Yew Teoh,"Teacher Training, Math, Teaching & Academics",Arts & Crafts,Beginner,36 mins,4.6,12,953,Free,4/2023,0,0,0,https://www.udemy.com/course/mathematical-magic-and-craft/
"Origami, Japanese Paper crafts ‐ Free Beginner course",3499246,KOTOMONO JAPAN,"Origami, Arts & Crafts, Lifestyle",Arts & Crafts,Beginner,1 hour,4.5,111,5752,Free,4/2022,1,0,0,https://www.udemy.com/course/origami-japanese-paper-crafts-free-beginner-course/
Paper Craft - BEAUTIFUL WALL HANGING | For your Home Decor,4358160,Vrushali Kamthe,"Paper Crafting, Arts & Crafts, Lifestyle",Arts & Crafts,Beginner,42 mins,4.0,15,995,Free,10/2021,0,0,0,https://www.udemy.com/course/paper-craft-beautiful-wall-hanging/
Origami for beginners,4929598,Haiying Yang,"Origami, Arts & Crafts, Lifestyle",Arts & Crafts,Beginner,37 mins,4.5,35,1564,Free,11/2022,0,0,0,https://www.udemy.com/course/origami-for-beginners/
Digital 1: We've Just Begun!,2451802,Jessica Sprague,"Adobe Photoshop, Graphic Design & Illustration, Design",Arts & Crafts,Beginner,1 hour,4.3,47,4811,Free,7/2019,5,0,6,https://www.udemy.com/course/digital-1-weve-just-begun/
Origami Training,4847830,KUZEM KONYA,"Origami, Arts & Crafts, Lifestyle",Arts & Crafts,Beginner,38 mins,4.1,13,1709,Free,8/2022,0,0,0,https://www.udemy.com/course/origami-training/
Mica Powder Techniques for Paper Crafting,4689906,Cheryl Penner,"Paper Crafting, Arts & Crafts, Lifestyle",Arts & Crafts,Beginner,44 mins,3.9,12,506,Free,5/2022,0,0,0,https://www.udemy.com/course/mica-powder-techniques-for-paper-crafting/
Developing Skills towards a Sustainable Leather Production,5479680,"Projects Virtual Campus, Carlos Vaz de Carvalho, Joaquim Manuel Gaião, Concepción Casas, Maya Dimitriadou, Anna Bacardit, Mete MUTLU, Detek Egitim, Joanna Kwiecień-Głuc, Constantinos Arvanitopoulos, Michele Coluccia","Innovation, Management Skills, Industry, Business",Arts & Crafts,Intermediate,2 hours,4.7,11,460,Free,7/2024,0,0,0,https://www.udemy.com/course/developing-skills-towards-a-sustainable-leather-production/
Autoklose Masterclass,6375557,Mike Pawner,"Other IT & Software, IT & Software",Arts & Crafts,All Levels,2 hours,5.0,1,89,Free,1/2025,0,0,0,https://www.udemy.com/course/autoklose-masterclass/
"How To Make a Book, Journal, Scrapbook by Book Binding",2312700,Joe WALDRON,"Book Binding, Architectural Design, Design",Arts & Crafts,Beginner,1 hour,2.4,25,1960,Free,1/2021,0,0,6,https://www.udemy.com/course/how-to-make-a-book-journal-scrapbook-by-book-binding/
Play Cricket To Become Fit,6931865,Deepak Tiwary,"Cricket (sport), Sports, Health & Fitness",Arts & Crafts,Beginner,34 mins,4.4,3,100,Free,11/2025,0,0,0,https://www.udemy.com/course/play-cricket-to-become-fit/
Learn the art of crafting a compelling children's book,4180376,Danny Nicolosi,"Writing a Book, Other Teaching & Academics, Teaching & Academics",Arts & Crafts,Beginner,37 mins,3.8,34,1841,Free,8/2021,0,0,5,https://www.udemy.com/course/learn-the-art-of-crafting-a-compelling-childrens-book/
Crafting Healing Massage Oils with Botanical Blends,6796143,Rodney Joseph Lombos Garcia,"General Health, Health & Fitness",Arts & Crafts,Beginner,33 mins,5.0,2,504,Free,8/2025,0,0,5,https://www.udemy.com/course/massageoils/
Finding Your Voice as a Romance Writer,6887947,James Baudry,"Creative Writing, Creativity, Personal Development",Arts & Crafts,All Levels,32 mins,5.0,5,253,Free,10/2025,0,0,0,https://www.udemy.com/course/finding-your-voice-as-a-romance-writer/
Art Therapy Course (Beginners to Advanced),2351192,"Anike , Zebra Soul Art, ZSA Academy","Art Therapy, Personal Development, Creativity, Personal Transformation",Arts & Crafts,Beginner,7 hours,4.5,988,12332,"Rp209,000",5/2025,23,0,152,https://www.udemy.com/course/personal-development-and-self-healing-through-art-beginner/
Oxford Diploma : Art Therapy – Create Books & Run Workshops,3573011,"Chris Sivewright, Almost Random Theatre, Oxford School of Learning","Art Therapy, Mental Health, Other Health & Fitness, Health & Fitness",Arts & Crafts,All Levels,44 hours,4.3,420,3021,"Rp149,000",4/2026,52,0,63,https://www.udemy.com/course/art-therapy-create-a-book-run-a-workshop/
Neuro-therapeutic Arts Foundation,3565541,Charles Lai,"Figure Drawing, Creativity, Personal Development",Arts & Crafts,Beginner,1.5 hours,4.4,345,982,"Rp159,000",4/2021,0,0,0,https://www.udemy.com/course/neurographic-art-foundation/
Diploma in Fine Arts & Drawing Certification,3612466,Global Education Foundation,"Drawing, Graphic Design, Image Editing, Technical Drawing, Graphic Design & Illustration",Arts & Crafts,All Levels,3.5 hours,4.0,194,5842,"Rp149,000",4/2021,3,0,9,https://www.udemy.com/course/diploma-in-fine-arts-drawing-certification/
Art Therapy for Beginners- Express your SELF LOVE with Art,4582070,"Anike , Zebra Soul Art","Art Therapy, Mental Health, Health & Fitness",Arts & Crafts,Beginner,5.5 hours,4.6,18,456,"Rp149,000",5/2025,6,0,5,https://www.udemy.com/course/expressive-art-course-your-journey-to-self-love-through-art/
Internationally Accredited Certificate in Expressive Arts,4736954,Kavita Vasudeev,"Art Therapy, Mental Health",Arts & Crafts,Intermediate,6.5 hours,4.5,34,111,"Rp159,000",4/2024,0,0,33,https://www.udemy.com/course/ignite-healing-through-expressive-arts/
Mastering Spanish from Beginner to Advanced: Ultimate Course,4016910,Hugo Garza,"Spanish Language, Language Learning, Teaching & Academics",Arts & Crafts,All Levels,103 hours,4.6,1759,18786,"Rp149,000",7/2025,0,0,0,https://www.udemy.com/course/mastering-spanish-from-beginner-to-advanced-ultimate-course/
Internationally Accredited Certificate in Art Therapy,5956032,"Prof. Krishna N. Sharma, Ph.D.","Art Therapy, Color Therapy, Life Coach Training, Psychotherapy, Personal Transformation",Arts & Crafts,All Levels,1 hour,4.4,205,2314,"Rp149,000",1/2026,15,0,2,https://www.udemy.com/course/accredited-professional-diploma-certificate-color-art-therapy-new/
AI Art Midjourney Passive Income: Make and Sell Arts (2026),5360168,"DFA Course Academy, Krystian Wojtarowicz","Midjourney, Other IT & Software, IT & Software",Arts & Crafts,All Levels,9.5 hours,4.6,409,4172,"Rp159,000",3/2026,4,0,9,https://www.udemy.com/course/ai-art-passive-income-create-and-sell-your-ai-art/
30 Art Therapy Exercises to Unwind and Explore Your Mind,2864798,Emma Lau,"Art Therapy, Creativity, Personal Development",Arts & Crafts,All Levels,2.5 hours,4.4,389,2563,"Rp149,000",4/2020,0,0,0,https://www.udemy.com/course/art-therapy-exercises/
"Business for Fine Artists: How to Market, Sell, and Ship",1510420,Kenney Mencher,"Sales Skills, Business Fundamentals, Business Strategy, Market Research, Other Business",Arts & Crafts,Beginner,16 hours,4.6,96,6923,"Rp149,000",12/2025,0,0,46,https://www.udemy.com/course/business-for-fine-artists-how-to-market-sell-and-ship/
Intuitive Graphic Drawing and Art Meditation. Map of wishes.,2184208,Galina Stark,"Art Therapy, Neuroplasticity, Personal Transformation, Personal Development",Arts & Crafts,All Levels,2 hours,4.1,75,409,"Rp149,000",8/2019,28,0,0,https://www.udemy.com/course/intuitive-graphic-drawing-and-art-meditation-map-of-wishes/
ArtWorks! Art Therapy Guide For Personal Development,1906014,"LYFE Academy, Pamela Malkoff Hayes","Art Therapy, Relationship Building, Anxiety Management, Fear, Personal Transformation",Arts & Crafts,Beginner,1.5 hours,4.7,1025,4446,"Rp149,000",2/2019,3,0,15,https://www.udemy.com/course/art-therapy/
100 YouTube Channel Ideas: From Concept to Creation,6001920,"AI Video School, Adam Jones, YouTube Academy : Support","YouTube Marketing, Other Photography & Video, Photography & Video",Arts & Crafts,Beginner,15 hours,4.4,19,368,"Rp149,000",1/2026,0,0,1,https://www.udemy.com/course/100-youtube-channel-ideas-from-concept-to-creation/
Art and Guided Drawing Therapy,5778844,Saskia Kalwinek,"Art Therapy, Personal Transformation, Personal Development",Arts & Crafts,All Levels,4 hours,4.6,40,194,"Rp149,000",1/2024,0,0,2,https://www.udemy.com/course/art-and-guided-drawing-therapy/
Craft Alcohol Fermentation,3433726,Malcolm Bucholtz,"Distilled Spirits, Entrepreneurship, Business",Arts & Crafts,Beginner,1.5 hours,4.6,92,526,"Rp149,000",8/2020,0,0,9,https://www.udemy.com/course/craft-alcohol-fermentation/
Alan Sharpe's Grant Writing Masterclass,6651957,Alan Sharpe,"Grant Writing, Other Business, Business",Arts & Crafts,All Levels,7 hours,4.7,66,297,"Rp149,000",1/2026,0,0,54,https://www.udemy.com/course/write-to-win-grant-writing-masterclass/
Crafting Dynamic Characters (Writing Mastery),3367986,"Jessica Brody, Mary Kole, Writing Mastery","Fiction Writing, Creative Writing, Novel Writing, Communication, Business",Arts & Crafts,All Levels,5.5 hours,4.5,890,7823,"Rp149,000",12/2024,2,0,16,https://www.udemy.com/course/crafting-dynamic-characters-writing-mastery/
Personality Development Confidence: The Life Craft Course,4562630,"Life Crafting, Charles Paul Collins","Personal Transformation, Personal Development, Self-Esteem",Arts & Crafts,All Levels,3 hours,4.8,120,3522,"Rp149,000",10/2025,0,0,0,https://www.udemy.com/course/life-crafting/
How to Find a Profitable Micro Niche for BUSINESS GROWTH TM,4343162,"Dr. Noble Arya Full-Stack Data Scientist, AI/ML/DL Researcher","Business Fundamentals, Entrepreneurship, Business",Arts & Crafts,All Levels,1 hour,4.8,31,1644,"Rp149,000",11/2022,0,0,0,https://www.udemy.com/course/how-to-find-a-profitable-micro-niche-for-business-growth/
The Mala Making Course | Create Your Own Mala Profesionaly,3212483,Id yani,"Mindfulness, Yoga, Creativity, Personal Development",Arts & Crafts,All Levels,41 mins,4.7,46,246,"Rp149,000",6/2020,3,0,0,https://www.udemy.com/course/the-mala-making-course-create-your-own-mala-profesionaly/
The Architecture of Frank Lloyd Wright,1455778,Federico von Borstel,"Architectural History, Architectural Design, Humanities, Teaching & Academics",Arts & Crafts,All Levels,2.5 hours,4.3,87,445,"Rp149,000",8/2021,0,0,0,https://www.udemy.com/course/the-architecture-of-frank-lloyd-wright/
(Oxford) Diploma : Art as Therapy - the Instructor's work,4416194,"Chris Sivewright, Almost Random Theatre, Elina Ghanbari","Art Therapy, Personal Transformation, Personal Development",Arts & Crafts,All Levels,8 hours,4.4,22,1511,"Rp159,000",3/2026,2,0,20,https://www.udemy.com/course/art-as-therapy-for-an-hour-and-a-half/
(Oxford) Diploma in the Tools of Art Therapy,5328928,"Chris Sivewright, Elina Ghanbari, Almost Random Theatre, Oxford School of Learning","Art Therapy, Mental Health, Health & Fitness",Arts & Crafts,All Levels,13.5 hours,4.3,27,225,"Rp149,000",3/2026,24,0,10,https://www.udemy.com/course/the-tools-of-art-therapy/
Learn How to Sell Paintings/jewellery/Art & Crafts Online,3882294,Nida Tanveer,"Online Business, Sales Skills, Entrepreneurship, Business",Arts & Crafts,All Levels,1 hour,4.5,N/A,8,"Rp149,000",3/2021,2,0,0,https://www.udemy.com/course/learn-how-to-sell-paintingsjewelleryart-crafts-online/
Imaginative Background Arts,4128406,Travis McDougald,"Drawing, Arts & Crafts, Lifestyle",Arts & Crafts,Beginner,13 hours,5.0,7,1456,"Rp149,000",6/2021,0,0,18,https://www.udemy.com/course/imaginative-background-arts/
"Art, Craft, and Identity: Jewelry Across Historical Periods",3918112,PrimeSkills Academy,"Jewelry Making, Fashion Design, Design",Arts & Crafts,All Levels,6 hours,3.6,8,26,"Rp149,000",1/2026,3,0,4,https://www.udemy.com/course/making-jewelry-from-different-historical-periods/
"Professional Incense Making: Craft, Ritual and Business",6740819,Danniessa Nasir,"Arts & Crafts, Lifestyle",Arts & Crafts,Beginner,1 hour,3.0,1,15,"Rp149,000",8/2025,0,0,0,https://www.udemy.com/course/professional-incense-making-craft-ritual-and-business/
Tree of Success. Art Meditation. Energy psychology.,2266194,Galina Stark,"Art Therapy, Personal Success, Personal Transformation, Personal Development",Arts & Crafts,Beginner,1 hour,4.1,23,120,"Rp149,000",8/2019,9,0,1,https://www.udemy.com/course/tree-of-success-art-meditation-energy-psychology/
Midjourney Masterclass: Complete Guide For Better AI Arts,5601682,"DFA Course Academy, Krystian Wojtarowicz","Midjourney, Other IT & Software, IT & Software",Arts & Crafts,All Levels,4.5 hours,4.6,99,1134,"Rp149,000",6/2025,2,0,22,https://www.udemy.com/course/midjourney-masterclass-complete-guide-for-better-ai-arts/
Calligraphy: The Ultimate Modern Brush Pen Lettering Course,3819234,Art & Craft Letstute,"Calligraphy and Lettering, Other Design, Design",Arts & Crafts,Beginner,4 hours,4.3,57,421,"Rp149,000",2/2022,0,0,1,https://www.udemy.com/course/brush-pen-lettering-modern-calligraphy-course/
The Art and Craft of Jewelry Making: Skills and Techniques,3578413,PrimeSkills Academy,"Jewelry Making, Fashion Design, Design",Arts & Crafts,All Levels,2.5 hours,4.1,11,79,"Rp149,000",2/2026,2,0,2,https://www.udemy.com/course/jewelry-making-course-for-beginners/
Art Therapy Mastery: Comprehensive Certification Course,6178135,Dr. Lisa Tumwine,"Art Therapy, Mental Health, Health & Fitness",Arts & Crafts,Beginner,1.5 hours,4.4,7,31,"Rp149,000",9/2024,0,0,9,https://www.udemy.com/course/art-therapy-mastery-comprehensive-certification-course/
The Craft of Photoshop : Solid Foundations,2466320,Simon Foster,"Adobe Photoshop, Image Editing, Digital Photography, Photography & Video",Arts & Crafts,Beginner,27 hours,4.6,216,1483,"Rp149,000",11/2024,0,0,123,https://www.udemy.com/course/the-craft-of-photoshop-solid-foundations/
The Art Therapy Secrets: Explained by a Certified Therapist!,6114993,"Sascha Delp, Katharina Voit","Art Therapy, Creativity, Personal Development",Arts & Crafts,All Levels,4 hours,4.6,14,38,"Rp149,000",10/2024,0,0,1,https://www.udemy.com/course/the-art-therapy-secrets-explained-by-a-certified-therapist/
Learn to Draw Mandala from Basics to Advanced,3253500,Chaitra Hebbar,"Mandala, Arts & Crafts, Lifestyle",Arts & Crafts,All Levels,18.5 hours,4.3,168,5941,"Rp149,000",8/2025,1,0,1,https://www.udemy.com/course/learn-to-draw-mandala-from-basics-to-advanced/
Magic Mirror & Scrying: Crafting and Divination Techniques,6172127,Dr. Himani Sharma,"Magic Tricks, Spirituality, Esoteric Practices, Lifestyle",Arts & Crafts,All Levels,4 hours,4.4,7,857,"Rp149,000",8/2025,3,0,21,https://www.udemy.com/course/magic-mirror-scrying-crafting-and-divination-techniques/
Learn to Teach Art to Kids,5707900,Jacqui Grantford,"Teacher Training, Teaching & Academics",Arts & Crafts,Beginner,5.5 hours,5.0,11,28,"Rp1,199,000",8/2024,82,0,49,https://www.udemy.com/course/artists-who-teach/
Craft Distillation Fundamentals,3438184,Malcolm Bucholtz,"Distilled Spirits, Entrepreneurship, Business",Arts & Crafts,Beginner,1.5 hours,4.2,212,989,"Rp149,000",8/2020,0,0,5,https://www.udemy.com/course/craft-distillation-fundamentals/
Art Therapy: Art Therapy Exercises For Healing In Life,1407314,Tatiana Ambrose,"Art Therapy, Painting, Drawing, Creativity, Personal Development",Arts & Crafts,Beginner,3 hours,4.1,420,6572,"Rp149,000",10/2025,4,0,14,https://www.udemy.com/course/16-art-therapy-exercises-drawing-painting-crafts-coloring-creativity/
Exploring Neurographic Art - From Drawing to Digitising,6072397,Ridhi Rajpal,"Arts & Crafts, Lifestyle",Arts & Crafts,All Levels,2.5 hours,4.8,14,65,"Rp149,000",1/2025,0,0,0,https://www.udemy.com/course/exploring-neurographic-art-from-drawing-to-digitising/
Unlock Your Potential Through Visual Art & Self-Awareness,5906236,Daniel Shorkend,"No-Code Development, Development",Arts & Crafts,Intermediate,3.5 hours,4.8,12,655,"Rp149,000",6/2025,0,0,0,https://www.udemy.com/course/enhancing-your-life-through-visual-arts-awareness/
"Messy Flower Doodles - Draw, Cut, and Craft!",6306069,Debasree Dey,"Drawing, Arts & Crafts, Lifestyle",Arts & Crafts,Beginner,2.5 hours,4.7,4,19,"Rp149,000",11/2024,2,0,1,https://www.udemy.com/course/messy-flower-doodles-black-and-white-drawing/
How to Find a Profitable Micro Niche PERSONAL DEVELOPMENT TM,4343136,"Dr. Noble Arya Full-Stack Data Scientist, AI/ML/DL Researcher","Relationship Building, Parenting & Relationships, Personal Development",Arts & Crafts,All Levels,1 hour,4.9,38,1125,"Rp149,000",11/2022,0,0,0,https://www.udemy.com/course/how-to-find-a-profitable-micro-niche-personal-development/
Create Low Sodium Spices-Condiments-Sauces-Mixes,1902556,Judy Craft,"Cooking, Food & Beverage, Lifestyle",Arts & Crafts,All Levels,3 hours,4.5,7,116,"Rp149,000",9/2021,0,0,33,https://www.udemy.com/course/learn-to-prepare-low-sodium-spices-condiments-sauces-mixes/
Learn How to Craft & Dedicate a Sacred Shamanic Frame Drum,2329038,"Sharon Ramel, Artesany - Karina & Pedro, Jose Santos Chiriboga Minaya","Crafting, Meditation, Spiritual Healing, Shamanism, Esoteric Practices",Arts & Crafts,All Levels,3 hours,4.7,77,692,"Rp149,000",12/2024,6,0,51,https://www.udemy.com/course/the-call-of-the-drum-craft-and-dedicate-a-shamanic-drum/
The Craft Behind Cinematic Storytelling,497350,Kamal Sucharan Burri,"Storytelling, Crafting, Creativity, Personal Development",Arts & Crafts,All Levels,36 mins,4.2,112,6588,"Rp149,000",1/2018,0,0,0,https://www.udemy.com/course/the-craft-behind-cinematic-storytelling/
Art Therapy -symbols and analysis,5632864,"Chris Sivewright, Almost Random Theatre, Elina Ghanbari","Art Therapy, Personal Transformation, Personal Development",Arts & Crafts,All Levels,3 hours,4.1,9,3394,"Rp149,000",12/2025,10,0,6,https://www.udemy.com/course/art-therapy-the-grand-finale-4/
"Wood working , hand coping saw and wood carving , diy crafts",6959001,Niloofar Heidari,"Woodworking and Carpentry, Woodburning, Wood Carving, Teacher Training, Teaching & Academics",Arts & Crafts,All Levels,1.5 hours,4.2,N/A,1,"Rp149,000",2/2026,0,0,0,https://www.udemy.com/course/diy-crafts/
Soap Making Essentials: Crafting & Starting Your Business,2898616,Crystal Tummala,"Soapmaking, Other Lifestyle, Lifestyle",Arts & Crafts,All Levels,1.5 hours,4.1,150,704,"Rp159,000",12/2024,0,0,4,https://www.udemy.com/course/soapmaking-for-fun-and-profit/
Crafting Invitations with Elegance and Precision,4686690,Prabh Kirpa Classes,"Writing, Career Development, Personal Development",Arts & Crafts,All Levels,1 hour,4.2,21,11467,"Rp149,000",10/2023,0,0,0,https://www.udemy.com/course/invitation-writing-formal-and-informal-reply-to-invitation/
Luxury Shoe Design Masterclass: From Idea to Launch,6657577,Andrea Buiatti,"Fashion Design, Personal Branding, Design",Arts & Crafts,Beginner,3 hours,3.7,9,54,"Rp149,000",9/2025,0,0,7,https://www.udemy.com/course/create-your-own-shoe-brand-from-design-to-launch/
Crafting A Basic Block - Pattern Design Basics,6142535,Stella JB Fashion,"Pattern Making (fashion), Fashion Design, Design",Arts & Crafts,Beginner,2 hours,4.5,23,1122,"Rp149,000",10/2024,2,0,0,https://www.udemy.com/course/crafting-a-basic-block-pattern-design-basics/
Art Therapy - the Grand Finale : 1,5632104,"Chris Sivewright, Almost Random Theatre, Oxford School of Learning","Art Therapy, Positive Psychology, Arts & Crafts, Lifestyle",Arts & Crafts,All Levels,5 hours,4.9,7,4337,"Rp149,000",6/2025,0,0,3,https://www.udemy.com/course/art-therapy-the-grand-finale-1/
Creativity in Rustic Jewelry,5753738,Belén Link,"Jewelry Design, Other Design, Design",Arts & Crafts,Beginner,36 mins,4.2,N/A,1,"Rp149,000",2/2024,7,0,1,https://www.udemy.com/course/creativity-in-elegant-rustic-jewelry/
Therapeutic Art: Intentions and Aspirations,2697684,Anya Walsh,"Art Therapy, Personal Development, Creativity",Arts & Crafts,Beginner,2 hours,4.5,9,46,"Rp457,000.00",4/2021,0,0,0,https://www.udemy.com/course/art-therapy-intentions-and-aspirations/
Learn Painting Dot Mandala Art & Cherry Blossom Dot Art,4151094,Arty Vibes by Sanika,"Mandala, Acrylic Painting, Painting, Arts & Crafts, Lifestyle",Arts & Crafts,Beginner,1 hour,4.2,20,88,"Rp149,000",10/2021,0,0,0,https://www.udemy.com/course/learn-painting-dot-mandala-art-cherry-blossom-dot-art/
Crafting Powerful Incantations with Madame Pamita,5415466,Madame Pamita,"Witchcraft, Esoteric Practices, Lifestyle",Arts & Crafts,All Levels,44 mins,4.8,9,30,"Rp149,000",6/2023,0,0,0,https://www.udemy.com/course/crafting-powerful-incantations/
The Star of David: Mystical Powers & Sacred Amulet Crafting,6493849,Orna Ben-Shoshan,"Personal Transformation, Personal Development",Arts & Crafts,All Levels,2 hours,4.7,27,151,"Rp149,000",2/2025,0,0,18,https://www.udemy.com/course/the-star-of-david-mystical-powers-sacred-amulet-crafting/
Launching Your Fine Art Career Bootcamp,1486996,Alix Sloan,"Art Business, Career Development, Personal Development",Arts & Crafts,All Levels,2.5 hours,4.7,146,826,"Rp149,000",1/2018,0,0,1,https://www.udemy.com/course/launching-your-fine-art-career-bootcamp/
Stress Relief for Busy Lives,6290455,Gergana Deenichina,"Stress Management, Personal Development",Arts & Crafts,Beginner,1 hour,4.3,17,178,"Rp149,000",2/2026,1,0,0,https://www.udemy.com/course/stress-relief-for-busy-lives-relax-with-neurographica/
Conversation With Self,4195816,Isa Gesseau,"Art Therapy, Personal Transformation, Personal Development",Arts & Crafts,Beginner,37 mins,4.5,10,41,"Rp149,000",7/2021,0,0,1,https://www.udemy.com/course/conversation-with-self/
"Craft Unique Handmade Jewelry: Bracelets, Necklaces & More",3859096,PrimeSkills Academy,"Jewelry Making, Fashion Design, Design",Arts & Crafts,All Levels,4 hours,4.3,3,27,"Rp149,000",12/2025,2,0,2,https://www.udemy.com/course/learn-to-make-handmade-jewelry/
Your personal Neurographic Lotus (Neurolotus) Bloom,3803060,Charles Lai,"Art Therapy, Creativity, Personal Transformation, Personal Development",Arts & Crafts,Intermediate,2.5 hours,4.7,21,172,"Rp149,000",1/2021,0,0,0,https://www.udemy.com/course/neurolotus-bloom/
Character Crafting with Blender for Absolute Newbies,5171830,NIkolay Naydenov,"Blender, 3D & Animation, Design",Arts & Crafts,Beginner,N/A,4.8,258,1299,"Rp149,000",2/2023,0,0,0,https://www.udemy.com/course/character-crafting-with-blender-for-absolute-newbies/
Cathartic Release thru Neuroarts,3583828,Charles Lai,"Art Therapy, Stress Management, Personal Development",Arts & Crafts,Intermediate,1 hour,4.5,65,277,"Rp149,000",3/2024,0,0,0,https://www.udemy.com/course/cathartic-release-thru-neurographic-arts/
Footwear Design Basics: From Sketch to Tech Pack,6833757,Andres Farias Schonarth,"Fashion Design, Adobe Illustrator, Graphic Design, Design",Arts & Crafts,Beginner,3.5 hours,4.8,29,139,"Rp149,000",12/2025,0,0,3,https://www.udemy.com/course/footwear-design-basics-from-sketch-to-tech-pack/
Learn how to Price your Embroidery or Dressmaking crafts,45826,"Philip Viljoen, Jacqui Viljoen","Pricing, Embroidery, Arts & Crafts, Lifestyle",Arts & Crafts,All Levels,1.5 hours,4.0,5,634,"Rp149,000",12/2016,8,0,14,https://www.udemy.com/course/how-to-price-your-product-service-stitching-for-profit/
SYLAMBUM - Indian Stick BASICS,6771673,Sudarshan Dev,"Fitness, Health & Fitness",Arts & Crafts,Beginner,2 hours,5.0,5,68,"Rp149,000",9/2025,0,0,1,https://www.udemy.com/course/sylambum-indian-stick-basics/
High-Quality Grant Writing Skills for the Arts,5072440,Melynda von Wayward,"Grant Writing, Other Business, Business",Arts & Crafts,Beginner,1 hour,4.7,4,32,"Rp149,000",1/2025,0,0,52,https://www.udemy.com/course/high-quality-grant-writing-skills/
Kickstart your Goal/s or Project/s with a Neurographic Tree,3651386,Charles Lai,"Art Therapy, Creativity, Goal Setting, Personal Transformation, Personal Development",Arts & Crafts,Intermediate,2 hours,4.3,43,242,"Rp149,000",1/2021,0,0,0,https://www.udemy.com/course/goals-and-projects-neurotree/
Flat Arts with Adobe Illustrator,4924918,"shepherdd-X -, Laureate Amissah","Adobe Illustrator, Graphic Design & Illustration, Design",Arts & Crafts,All Levels,8.5 hours,4.6,28,7170,"Rp149,000",7/2023,14,0,0,https://www.udemy.com/course/flat-art-with-adobe-illustrator/
Art Therapy- The Global Webinar with certificate & freebies,3937518,Kubi May,"Art Therapy, Creativity, Psychotherapy, Mental Health, Health & Fitness",Arts & Crafts,All Levels,2.5 hours,4.6,32,114,"Rp149,000",3/2021,0,0,3,https://www.udemy.com/course/arttherapywebinar/
Create Horror Survival Game In Unity & C# Part2(Craft/Quest),4556936,Paul Hadizad,"3D Game Development, C# (programming language), Game Development Fundamentals, Unity, Game Development",Arts & Crafts,All Levels,8.5 hours,4.8,13,220,"Rp149,000",3/2022,0,0,2,https://www.udemy.com/course/create-horror-survival-game-in-unity-c-part-2/
"The Creative Teacher 4: Expressive Marks, Painting & Drawing",4857802,Ruth Churchill Dower,"Early Childhood Education, Teacher Training, Teaching & Academics",Arts & Crafts,All Levels,1 hour,4.1,9,25,"Rp149,000",10/2022,0,0,3,https://www.udemy.com/course/the-creative-teacher-4-mark-making-painting-drawing/
Art As Medicine Series - Markmaking,5253784,Jacqueline Auvigne,"Creativity, Spiritual Healing, Art Therapy, Mindfulness, Arts & Crafts",Arts & Crafts,All Levels,3.5 hours,4.5,1,5,"Rp149,000",2/2024,0,0,9,https://www.udemy.com/course/art-as-medicine-series-markmaking/
Learn Low Sodium Cooking Secrets! Attack Sodium in Recipes!,1353132,Judy Craft,"Cooking, Nutrition, Food & Beverage, Lifestyle",Arts & Crafts,All Levels,2 hours,4.6,33,172,"Rp149,000",12/2020,0,0,21,https://www.udemy.com/course/learn-low-sodium-secrets-tips-attack-sodium-in-your-diet/
Space Craft: Clean Language and Clean Space Demonstrations,185206,Judy Rees,"Crafting, Astronomy, Other Personal Development, Personal Development",Arts & Crafts,Intermediate,3.5 hours,4.5,86,682,"Rp149,000",4/2014,3,0,0,https://www.udemy.com/course/space-craft/
Therapeutic Art: Self Exploration,2524864,Anya Walsh,"Art Therapy, Personal Development, Creativity",Arts & Crafts,Beginner,1.5 hours,4.3,20,90,"Rp149,000",4/2021,0,0,0,https://www.udemy.com/course/art-therapy-self-exploration/
Brushstrokes of Knowledge: Foundations in Art Education,5745552,Dr. Swati Chakraborty,"Teacher Training, Other Teaching & Academics, Teaching & Academics",Arts & Crafts,All Levels,7 hours,5.0,1,3,"Rp149,000",2/2024,3,0,0,https://www.udemy.com/course/art-education-an-introduction/
Kyokushin Karate lessons,2022886,RG MARTIAL ARTS,"Martial Arts, Self-Defense, Health, Martial Arts & Self Defense, Health & Fitness",Arts & Crafts,Intermediate,3.5 hours,4.5,34,330,"Rp149,000",6/2020,0,0,0,https://www.udemy.com/course/kyokushin-karate-lessons/
Understand Qigong 6: Martial Arts Qigong Breathing -Dr Yang,3011786,YMAA Publication Center,"Martial Arts, Martial Arts & Self Defense, Health & Fitness",Arts & Crafts,Beginner,2 hours,4.8,128,961,"Rp149,000",2/2023,0,0,3,https://www.udemy.com/course/understanding-qigong-martial-arts-qigong-breathing-dr-yang/
Pablo Picasso and Cubism,1968476,Federico von Borstel,"Art History, Humanities, Teaching & Academics",Arts & Crafts,All Levels,1 hour,4.3,27,137,"Rp149,000",4/2022,0,0,0,https://www.udemy.com/course/pablo-picasso/
Complete Filipino Course: Learn Filipino for Beginners,4094418,"Linguae Learning, Linguae Teaching Assistant","Filipino Language, Language Learning, Teaching & Academics",Arts & Crafts,Beginner,13.5 hours,4.7,299,23652,"Rp149,000",8/2025,0,0,2,https://www.udemy.com/course/complete-filipino-course-learn-tagalog-for-beginners/
Assessing the effectiveness and value of Art Therapy,6057667,"Chris Sivewright, Almost Random Theatre","Art Therapy, Mental Health, Health & Fitness",Arts & Crafts,All Levels,1 hour,5.0,N/A,102,"Rp149,000",12/2024,0,0,0,https://www.udemy.com/course/evaluating-techniques-in-art-therapy/
Mindful Mandala: Learn to Draw Creative Mandala Designs,4978222,Mayuri Dhanad,"Mandala, Drawing, Arts & Crafts, Lifestyle",Arts & Crafts,All Levels,1 hour,5.0,3,24,"Rp149,000",11/2022,0,0,1,https://www.udemy.com/course/mindful-mandala-learn-to-draw-creative-mandala-designs/
The Craft Of Espionage,4861220,P.J. Agness,"Intelligence Analysis (security), Social Science, Teaching & Academics",Arts & Crafts,Beginner,1.5 hours,4.6,93,2404,"Rp149,000",2/2024,0,0,0,https://www.udemy.com/course/intelligence-and-espionage-tradecraft-certificate-course/
Fundamentals for The World-Building Artist,5916508,Nicole Kolawole,"Drawing, Painting, Research Methods, Book Binding, Other Design",Arts & Crafts,All Levels,1 hour,4.6,N/A,1,"Rp429,000",12/2025,0,0,6,https://www.udemy.com/course/fundamentals-for-the-world-building-artist/
Crochet Flower Bouquet Making,6431377,Rashmi (Kanika),"Crochet, Other Design, Design",Arts & Crafts,Intermediate,2 hours,5.0,1,10,"Rp149,000",1/2025,0,0,0,https://www.udemy.com/course/crochet-flower-bouquet-making/
Candle Making Business | From Hobby to Profit Step-by-Step,2908556,Crystal Tummala,"Candle Making, Home Business, Creativity, Entrepreneurship Fundamentals, Entrepreneurship",Arts & Crafts,All Levels,2 hours,3.8,162,769,"Rp149,000",6/2025,0,0,3,https://www.udemy.com/course/candle-making-how-to-make-candles-for-beginners/
Craft your own 2D game backgrounds with Inkscape!,2451306,István Szép,"Inkscape, Game Design, Design",Arts & Crafts,Intermediate,2.5 hours,4.8,39,647,"Rp149,000",7/2019,0,0,0,https://www.udemy.com/course/2d-game-background-design-with-inkscape/
Master Godot 4: Craft a Survivors Roguelite with GDScript,6644449,Chris Tutorials,"Godot, Game Development, Development",Arts & Crafts,Beginner,12 hours,4.3,18,184,"Rp149,000",1/2026,0,0,50,https://www.udemy.com/course/master-godot-4-craft-a-survivors-roguelike-with-gdscript/
DIY Christmas Tree Hair Clip | Craft Step by Step 101,6903633,Akunuge Chamathsara Nethsarani Pinnalanda,"Hair Styling, Christianity, Arts & Crafts, Lifestyle",Arts & Crafts,Beginner,44 mins,5.0,5,13,"Rp149,000",11/2025,0,0,1,https://www.udemy.com/course/diy-christmas-tree-hair-clip-craft-step-by-step-101/
Art Therapy (based on Vedic Sciences),917426,Elena Zelenina,"Art Therapy, Mental Health, Health & Fitness",Arts & Crafts,All Levels,1 hour,4.0,53,432,"Rp149,000",12/2017,0,0,1,https://www.udemy.com/course/art-therapy-based-on-vedic-sciences/
Anger Management: Crafting an Anger-Free Life,5875134,Australian Institute of Training and Career Development Pty Ltd,"Personal Development, Anger Management, Personal Transformation",Arts & Crafts,All Levels,3 hours,4.6,115,198,"Rp149,000",12/2024,0,0,24,https://www.udemy.com/course/anger-management-crafting-an-anger-free-life-2024/
Mandala Art Therapy : Learn to draw Mandala from basics,4737022,Mayuri Dhanad,"Mandala, Arts & Crafts, Lifestyle",Arts & Crafts,All Levels,1 hour,4.3,16,69,"Rp149,000",6/2022,0,0,4,https://www.udemy.com/course/mandala-art-therapy-learn-to-draw-mandala-from-basics/
Learn How to Cook Low Sodium Meals with Your Air Fryer!,1358470,Judy Craft,"Cooking, Food & Beverage, Lifestyle",Arts & Crafts,All Levels,3 hours,4.8,17,141,"Rp149,000",11/2021,0,0,30,https://www.udemy.com/course/learn-low-sodium-air-fryer-cooking-recipe-secrets/
"Karate framework - API, UI & Performance using Gatling & AI",2196792,Lucky Trainings,"API Testing, Automation Testing, Other IT & Software, IT & Software",Arts & Crafts,Beginner,17.5 hours,4.5,1487,6942,"Rp149,000",3/2026,0,0,29,https://www.udemy.com/course/api-automation-testing-using-karate-framework/
Beginner Sewing: Making a Tote Bag,820452,Kimberly Irwin,"Sewing, Fashion Design, Design",Arts & Crafts,Beginner,3.5 hours,4.7,63,657,"Rp149,000",11/2017,3,0,22,https://www.udemy.com/course/beginner-sewing-making-a-tote-bag/
"Capoeira Master course beginners, intermediate and advanced",4629028,Sio Vaspa,"Capoeira, Martial Arts & Self Defense, Health & Fitness",Arts & Crafts,All Levels,1 hour,5.0,6,56,"Rp149,000",7/2022,0,0,0,https://www.udemy.com/course/capoeira-master-course-beginners-intermediate-and-advanced/
Learn Making Vector Arts in Adobe Illustrator CC,4890614,Tiger Verse,"Digital Art, Animation, Graphic Design & Illustration, Design",Arts & Crafts,Beginner,2 hours,4.4,6,1021,"Rp149,000",11/2022,0,0,0,https://www.udemy.com/course/vector-arts-by-tigerverse/
"Designing Logo, Vector Arts, Icons, Packaging & QR with AI",5742794,Christ Raharja,"Generative AI (GenAI), Logo Design, Graphic Design, Vector Graphics, Graphic Design & Illustration",Arts & Crafts,All Levels,2.5 hours,3.9,24,4434,"Rp149,000",10/2025,0,0,16,https://www.udemy.com/course/designing-logo-vector-arts-icons-packaging-qr-with-ai/
Basic Crochet Stitches and Twisted Crochet Headband Project,3330252,Rashmi (Kanika),"Crochet, Arts & Crafts, Lifestyle",Arts & Crafts,Beginner,1 hour,4.9,8,1363,"Rp149,000",7/2020,0,0,0,https://www.udemy.com/course/basic-crochet-stitches-and-twisted-crochet-headband-project/
ART of de-stressing RESEARCH - 'play for your mental health',903970,Nicola A Blakemore,"Art Therapy, Creativity, Arts & Crafts, Lifestyle",Arts & Crafts,All Levels,1 hour,4.2,34,779,"Rp149,000",6/2024,3,0,1,https://www.udemy.com/course/paint-with-your-intuition-feel-the-healing-creative-flow/
The Business of Craft Distilled Alcohol,3427894,Malcolm Bucholtz,"Distilled Spirits, Entrepreneurship Fundamentals, Entrepreneurship, Business",Arts & Crafts,Beginner,2 hours,4.4,50,224,"Rp149,000",8/2020,0,0,5,https://www.udemy.com/course/the-business-of-craft-distilled-alcohol/
"Stage Craft, Mic Tech & Overcoming Nerves For ALL Performers",4854564,Peter Vox,"Music Instruction, Singing, Other Music, Music",Arts & Crafts,All Levels,41 mins,3.5,1,4,"Rp149,000",1/2025,0,0,0,https://www.udemy.com/course/stage-craft-mic-technique-crowd-interaction-for-singers/
Basic Resin Epoxy Flowers Course Make & Sell Xmas Ornaments,6951001,Ilona Belousova,"Resin Art, Other Design, Design",Arts & Crafts,Beginner,41 mins,4.7,N/A,1,"Rp149,000",3/2026,2,0,1,https://www.udemy.com/course/basic-resin-course-create-and-sell-epoxy-xmas-ornaments/
Advance Sugar Display by World Pastry Champion,4393814,APCA CHEF Online,"Sugarcraft, Food & Beverage, Lifestyle",Arts & Crafts,All Levels,6.5 hours,5.0,7,75,"Rp149,000",11/2021,0,0,0,https://www.udemy.com/course/advance-sugar-display-by-world-pastry-champion/
Make A Beaded Fashion Hand Bag. Beginner To Advance Beading,4842640,Pepres Creations,"Crafting, Arts & Crafts, Lifestyle",Arts & Crafts,All Levels,2 hours,4.5,5,74,"Rp149,000",11/2023,0,0,1,https://www.udemy.com/course/beginner-to-advance-beading-make-a-beaded-fashion-hand-bag/
Giant Eva Foam Sunflower Tutorial,6702985,Trang Suchin,"Crafting, Arts & Crafts, Lifestyle",Arts & Crafts,Beginner,1 hour,5.0,N/A,N/A,"Rp149,000",7/2025,0,0,1,https://www.udemy.com/course/giant-eva-foam-sunflower-tutorial/
Giant Crepe Paper Royal Poinciana Tutorial,6723051,Trang Suchin,"Crafting, Arts & Crafts, Lifestyle",Arts & Crafts,Beginner,35 mins,5.0,N/A,N/A,"Rp149,000",7/2025,0,0,1,https://www.udemy.com/course/giant-crepe-paper-royal-poinciana-tutorial-khoa-hoc-lam-hoa/
Empowerment Self-Defense Life Coach Certification ACCREDITED,4571536,"Joeel & Natalie of Transformation Services, Iyémote, Tasha Church, Transformation Services","Self-Defense, Life Coach Training, Martial Arts & Self Defense, Health & Fitness",Arts & Crafts,All Levels,4 hours,4.6,148,730,"Rp149,000",3/2026,4,0,20,https://www.udemy.com/course/empowerment-self-defense-life-coach-certification-accredited/
Learn Modern Embroidery Designs-Simple Steps to Embroidery,6667949,Shanas Fathima,"Arts & Crafts, Lifestyle",Arts & Crafts,All Levels,1.5 hours,4.1,4,22,"Rp149,000",9/2025,0,0,2,https://www.udemy.com/course/easy-embroidery/
How to Create Winning Book Covers,6623675,Mucsi Ferenc,"Book Cover Design, Color Theory, Graphic Design & Illustration, Design",Arts & Crafts,All Levels,5 hours,5.0,N/A,1,"Rp149,000",1/2026,0,0,0,https://www.udemy.com/course/how-to-create-winning-book-covers/
The Creative Teacher 8: Working creatively with artists,4863116,Ruth Churchill Dower,"Early Childhood Education, Teacher Training, Teaching & Academics",Arts & Crafts,All Levels,1 hour,4.8,2,18,"Rp149,000",10/2022,0,0,3,https://www.udemy.com/course/the-creative-teacher-8-working-creatively-with-artists/
Epoxy Clay Sculpture Course + Painting Techniques for Pieces,2425892,Francesca Dalla Benetta,"Sculpting, Arts & Crafts, Lifestyle",Arts & Crafts,Beginner,5.5 hours,4.6,43,510,"Rp149,000",1/2025,0,0,1,https://www.udemy.com/course/learn-to-sculpt-with-epoxic-clay/
Cultural Chronicles Design Indigenous Innovation Crafts TM,5706004,"Dr. Noble Arya Full-Stack Data Scientist, AI/ML/DL Researcher","Product Design, User Experience Design, Design",Arts & Crafts,All Levels,1 hour,4.8,2,113,"Rp149,000",12/2023,0,0,0,https://www.udemy.com/course/cultural-chronicles-design-indigenous-innovation-crafts-tm/
The Ultimate User Story Guide: Crafting Agile Requirements,367462,Tom and Angela Hathaway,"User Stories, Software Development, Other IT & Software, IT & Software",Arts & Crafts,All Levels,4 hours,4.6,1893,8790,"Rp159,000",4/2026,1,0,1,https://www.udemy.com/course/writing-effective-user-stories/
Godot 4 Shaders: Craft Stunning Visuals,6076333,"GameDev.tv Team, Kaan Alpar","Godot, Game Development Fundamentals, 3D Game Development, Game Design, Game Development",Arts & Crafts,All Levels,5 hours,4.7,245,2285,"Rp149,000",5/2025,0,0,4,https://www.udemy.com/course/godot-4-shaders/
Kung Fu for Kids Workouts 1 & 2: Fun & Easy Home Exercise,3267134,YMAA Publication Center,"Home Workout, Cardio, Fitness, Kung Fu, Health & Fitness",Arts & Crafts,Beginner,3 hours,4.7,24,162,"Rp149,000",9/2020,0,0,0,https://www.udemy.com/course/kung-fu-home-workout-real-kung-fu-exercise-and-instruction/
Prompt Engineering for Everyone Bootcamp,6643105,"Navid Shirzadi, Ph.D.","Prompt Engineering, Artificial Intelligence (AI), Large Language Models (LLM), Other IT & Software, IT & Software",Arts & Crafts,All Levels,4 hours,4.5,11186,22659,"Rp149,000",1/2026,1,0,2,https://www.udemy.com/course/prompt-engineering-for-everyone-bootcamp/
Mandala- Basics of Mandala Drawing,3830070,Sonal Chauhan,"Mandala, Arts & Crafts, Lifestyle",Arts & Crafts,All Levels,1 hour,4.6,35,307,"Rp149,000",2/2021,0,0,2,https://www.udemy.com/course/mandala-basics-of-mandala-drawing/
Giant Foam White Poinsettia Tutorial,6723077,Trang Suchin,"Crafting, Arts & Crafts, Lifestyle",Arts & Crafts,Beginner,33 mins,5.0,N/A,N/A,"Rp149,000",7/2025,0,0,1,https://www.udemy.com/course/giant-foam-white-poinsettia-tutorial-khoa-hoc-lam-hoa/
"Learn how to make the ""Cassy"" beaded bag from scratch",6117263,Dorcas Asantewaa,"Online Business, Fashion Design, Fashion, Creativity, Design",Arts & Crafts,All Levels,3.5 hours,4.6,N/A,2,"Rp149,000",1/2025,0,0,1,https://www.udemy.com/course/learn-how-to-make-the-cassy-beaded-bag-from-scratch/
Giant Organza Peony Tutorial (Style 1),6697809,Trang Suchin,"Crafting, Arts & Crafts, Lifestyle",Arts & Crafts,Beginner,41 mins,5.0,N/A,N/A,"Rp149,000",7/2025,0,0,1,https://www.udemy.com/course/giant-organza-peony-tutorial-style-1/
Level 4 Double Sword in Krabikrabong Thai Martial art,3864254,Chanuphon Yodsamai,"Self-Defense, Close Combat, Sword, Martial Arts & Self Defense, Health & Fitness",Arts & Crafts,Intermediate,1.5 hours,5.0,14,179,"Rp149,000",2/2021,0,0,0,https://www.udemy.com/course/level-4-double-sword-in-krabikrabong-thai-martial-art/
Kickstart Your Hyvä Adventure: Crafting Lightweight Magento,6206425,Adam Varga,"Adobe Commerce (Magento), Web Development, Development",Arts & Crafts,All Levels,10.5 hours,4.3,66,550,"Rp149,000",2/2026,3,0,6,https://www.udemy.com/course/kickstart-your-hyva-adventure-crafting-lightweight-magento/
Craft Cocktails,2988972,TLC Drinks,"Cocktails and Bartending, Food & Beverage, Lifestyle",Arts & Crafts,Intermediate,2 hours,4.7,31,110,"Rp149,000",5/2020,0,0,0,https://www.udemy.com/course/craft-cocktails/
The arts of meditation,5277116,Crystal Fontanez,"Personal Development, Spirituality, Journaling, Religion & Spirituality",Arts & Crafts,Intermediate,42 mins,4.7,N/A,N/A,"Rp149,000",3/2026,1,0,5,https://www.udemy.com/course/the-arts-of-meditation/
Mastering Concrete Décor & Launch Your Handmade Business,6556993,Alyaa Alaa,"Arts & Crafts, Lifestyle",Arts & Crafts,All Levels,4 hours,2.3,3,12,"Rp149,000",4/2025,0,0,0,https://www.udemy.com/course/mastering-concrete-decor/
MACRAME CORD ART FOR BEGINNERS,6793095,Mittlearn (Mittsure),"Arts & Crafts, Lifestyle",Arts & Crafts,Beginner,2.5 hours,4.0,1,3,"Rp149,000",8/2025,0,0,0,https://www.udemy.com/course/macrame-cord-art-for-beginners/
Giant Eva Foam Peach Blossom Tutorial,6702997,Trang Suchin,"Crafting, Arts & Crafts, Lifestyle",Arts & Crafts,Beginner,40 mins,5.0,N/A,N/A,"Rp149,000",7/2025,0,0,1,https://www.udemy.com/course/giant-eva-foam-peach-blossom-tutorial/
Giant Organza Poppy Tutorial (Style 1),6697765,Trang Suchin,"Crafting, Arts & Crafts, Lifestyle",Arts & Crafts,Beginner,1 hour,5.0,N/A,N/A,"Rp447,000.00",7/2025,0,0,1,https://www.udemy.com/course/giant-organza-poppy-tutorial-style-1/
"Tai Chi Basics: KungFu, Qigong, and Mind-Body Transformation",6358355,Wonder Orient,"Tai Chi, Martial Arts, Qigong, Martial Arts & Self Defense, Health & Fitness",Arts & Crafts,All Levels,1 hour,4.9,477,927,"Rp149,000",4/2025,0,0,2,https://www.udemy.com/course/tai-chi-basics-kungfu-qigong-and-mind-body-transformation/
"Kali Concepts Knife Basic Techniques ""Baraw""",5236320,Mario Masberg,"Martial Arts, Martial Arts & Self Defense, Health & Fitness",Arts & Crafts,All Levels,1 hour,4.7,10,68,"Rp149,000",3/2023,0,0,0,https://www.udemy.com/course/kali-concepts-knife-basic-techniques-baraw/
Learn Derby Pattern Making – A Fundamental Shoe Style,6626853,IUSTIN IGNAT,"Leather Crafting, Arts & Crafts, Lifestyle",Arts & Crafts,All Levels,2.5 hours,4.7,6,24,"Rp149,000",10/2025,2,0,0,https://www.udemy.com/course/learn-derby-pattern-making-shoe/
"""Ultimate Zipper Pouch Sewing Course - Box and Coin Pouches""",6131979,Shanzay Rahim,"Sewing, Arts & Crafts, Lifestyle",Arts & Crafts,Beginner,1.5 hours,5.0,3,16,"Rp149,000",8/2024,0,0,0,https://www.udemy.com/course/ultimate-zipper-pouch-sewing-course-box-and-coin-pouches/
"Stencil Magic-I, Creating a Tool for Design Application.",6754761,Ritu Sangal,"Painting, Graphic Design & Illustration, Design",Arts & Crafts,Beginner,2 hours,5.0,7,18,"Rp149,000",9/2025,0,0,1,https://www.udemy.com/course/stencil-magic-i-creating-a-tool-for-design-application/
Art of Teaching,4321724,Vinay Arya,"Teacher Training, Teaching Online, Other Teaching & Academics, Teaching & Academics",Arts & Crafts,Beginner,2 hours,4.3,5,7,"Rp149,000",9/2021,0,0,0,https://www.udemy.com/course/art-of-teaching/
"Brewing your Favourite Craft Beers at home, definitive guide",2313990,Jim Callender,"Beer Brewing, Food & Beverage, Lifestyle",Arts & Crafts,All Levels,1 hour,4.0,19,782,"Rp149,000",8/2019,0,0,20,https://www.udemy.com/course/learn-how-to-brew-amazing-craft-home-beers/
Level 3 Double sword in Krabikrabong Thai martial art,3836196,Chanuphon Yodsamai,"Close Combat, Sword, Martial Arts & Self Defense, Health & Fitness",Arts & Crafts,All Levels,1 hour,4.9,16,217,"Rp149,000",2/2021,0,0,0,https://www.udemy.com/course/level-3-double-sword-in-krabikrabong-thai-martial-art/
THE COMPLETE SHOE TUTORIAL,7045401,Thivolan Moodley,"Game Asset Creation, 3D & Animation, Design",Arts & Crafts,Beginner,7.5 hours,4.3,N/A,N/A,"Rp149,000",2/2026,0,0,2,https://www.udemy.com/course/complete-shoe-tutorial/
21 Day Self-Defense CHALLENGE for Personal Empowerment,4571532,"Joeel & Natalie of Transformation Services, Iyémote, Tasha Church, Transformation Services","Self-Defense, Empowerment, Martial Arts & Self Defense, Health & Fitness",Arts & Crafts,All Levels,3 hours,4.3,4,63,"Rp149,000",3/2026,2,0,19,https://www.udemy.com/course/empowerment-self-defense-for-personal-empowerment/
Giant Eva Foam Tulip Tutorial,6703017,Trang Suchin,"Crafting, Arts & Crafts, Lifestyle",Arts & Crafts,Beginner,38 mins,5.0,N/A,N/A,"Rp149,000",7/2025,0,0,1,https://www.udemy.com/course/giant-eva-foam-tulip-tutorial/
"DIY ""Heart"" Moccasins With Printable Patterns & PDF Tutorial",2520274,Lougaya Dehan,"Leather Crafting, Arts & Crafts, Lifestyle",Arts & Crafts,Beginner,3 hours,5.0,5,40,"Rp149,000",4/2023,0,0,3,https://www.udemy.com/course/diy-heart-moccasins/
Leonardo AI Mastery: Create Cool AI Arts & Talking Portraits,5343630,Christ Raharja,"Leonardo.Ai, AI Content Generation, Video Creation, AI Art Generation, Entrepreneurship",Arts & Crafts,All Levels,3 hours,3.5,14,2064,"Rp149,000",2/2025,0,0,14,https://www.udemy.com/course/leonardo-ai-mastery-create-cool-ai-arts-talking-portraits/
Kosho Concepts - The Healing Arts,5328906,Grand Master Ali,"Health, General Health, Health & Fitness",Arts & Crafts,All Levels,5 hours,5.0,2,1028,"Rp149,000",5/2023,2,0,2,https://www.udemy.com/course/kosho-concepts-the-healing-arts/
"Gymnastics Tips Vol 5 Strength, Conditioning and Flexibility",4891776,Sport Videos,"Gymnastics, Sports, Health & Fitness",Arts & Crafts,All Levels,1.5 hours,4.9,12,74,"Rp149,000",9/2022,0,0,0,https://www.udemy.com/course/gymnastics-tips-vol-5-strength-conditioning-and-flexibility/
Karate DSL: API Automation and Performance from Zero to Hero,3488228,Artem Bondar,"API Testing, Automation Testing, Software Testing, Development",Arts & Crafts,All Levels,7.5 hours,4.6,4502,19143,"Rp149,000",3/2026,1,0,10,https://www.udemy.com/course/karate-dsl-api-automation-and-performance-from-zero-to-hero/
Screenwriting Masterclass: Crafting Complex Characters,2307092,"IFH Courses, Karl Iglesias","Screenwriting and Scriptwriting, Writing, Filmmaking, Creative Writing, Creativity",Arts & Crafts,All Levels,1 hour,4.6,112,1740,"Rp149,000",4/2019,0,0,0,https://www.udemy.com/course/screenwriting-masterclass-writing-complex-characters/
Draw & Paint With Color: 12 Fun Art Projects for Beginners,2832602,Em Winn,"Painting, Drawing, Arts & Crafts, Lifestyle",Arts & Crafts,Beginner,4 hours,4.6,62,1189,"Rp149,000",1/2025,2,0,0,https://www.udemy.com/course/drawing-painting-with-color-5-fun-art-projects-for-kids/
Candle Making for Beginners - for Fun or to Build a Business,753350,Kevin Partner,"Candle Making, Business Idea Generation, Crafting, Home Business, Arts & Crafts",Arts & Crafts,Beginner,2 hours,4.4,412,1932,"Rp149,000",8/2016,6,0,0,https://www.udemy.com/course/candle-making-for-beginners-a-craft-for-pleasure-or-profit/
"Kung Fu Mantis Fist,a quick-start martial art for beginners",6513785,Wonder Orient,"Kung Fu, Martial Arts, Self-Defense, Health, Martial Arts & Self Defense",Arts & Crafts,All Levels,1.5 hours,4.9,275,410,"Rp149,000",3/2025,0,0,0,https://www.udemy.com/course/kung-fu-mantis-fista-quick-start-martial-art-for-beginners/
Fighting Techniques taken from Sambo & MMA Vol.1,6158409,Mario Masberg,"Martial Arts, Martial Arts & Self Defense, Health & Fitness",Arts & Crafts,All Levels,1 hour,4.7,7,61,"Rp149,000",8/2024,0,0,0,https://www.udemy.com/course/fighting-techniques-taken-from-sambo-mma-vol1/
Contemporary Handmade Jewelry: Creative Techniques and Craft,3990330,PrimeSkills Academy,"Fashion Design, Design",Arts & Crafts,All Levels,2.5 hours,5.0,N/A,1,"Rp149,000",1/2026,2,0,4,https://www.udemy.com/course/learn-how-to-make-handmade-jewelry/
How to design a fashion bag,6160769,Pranamita Das,"Fashion Design, Design",Arts & Crafts,Beginner,N/A,N/A,N/A,2,"Rp149,000",3/2025,0,0,0,https://www.udemy.com/course/how-to-design-a-fashion-bag/
Basics for Realistic Portrait Drawing,4133750,Artist Ankit Jasmatiya,"Pencil Drawing, Drawing, Sketching, Art Composition, Other Teaching & Academics",Arts & Crafts,All Levels,3.5 hours,4.3,38,288,"Rp149,000",8/2021,0,0,8,https://www.udemy.com/course/basics-for-realistic-portrait-drawing/
Design and Sell AI Art: Complete DALL-E & MidJourney Course,5515532,Stefan Toshkov Zhelyazkov,"Generative AI (GenAI), Other IT & Software, IT & Software",Arts & Crafts,All Levels,2.5 hours,4.7,29,11558,"Rp149,000",11/2023,0,0,0,https://www.udemy.com/course/dall-e-unleashed-creative-artistry-and-ai-transformations/
Love Yourself Now: A 7-Day Journaling Journey,5475616,Jenelle Amelia,"Self-Awareness, Journaling, Personal Transformation, Personal Development",Arts & Crafts,All Levels,1.5 hours,5.0,14,46,"Rp149,000",8/2023,0,0,7,https://www.udemy.com/course/love-yourself-now-a-7-day-journaling-journey/
Unveil the Magic of Gaming — Powered by Arduino!,3554295,"Educational Engineering Team, Educational Engineering, Ashraf Said AlMadhoun","Arduino, Hardware, IT & Software",Arts & Crafts,All Levels,2.5 hours,4.4,23,10833,"Rp149,000",2/2026,3,0,5,https://www.udemy.com/course/create-a-game-with-arduino-and-processing/
Leather making flowers-ZINNIA,5570466,Wilson Huang,"Leather Crafting, 3D Sculpting, Fashion Design, Design",Arts & Crafts,Beginner,30 mins,5.0,N/A,5,"Rp149,000",9/2023,2,0,0,https://www.udemy.com/course/leather-making-flowers-zinnia/
Sisterhood Self-Defense & Psychological Warfare Coach| ACRED,5000536,"Sufani Garza, Place of Bliss Academy","Self-Defense, Martial Arts & Self Defense, Health & Fitness",Arts & Crafts,All Levels,4 hours,4.8,60,279,"Rp149,000",8/2025,0,0,2,https://www.udemy.com/course/sisterhood-self-defense-psychological-warfare-boot-camp/
Art for Beginners: Draw & Acrylic Paint 10 Fearless Animals,2908896,Em Winn,"Painting, Drawing, Arts & Crafts, Lifestyle",Arts & Crafts,Beginner,4 hours,4.5,31,469,"Rp149,000",12/2023,2,0,0,https://www.udemy.com/course/art-for-kids-draw-paint-4-fearless-animals-with-acrylic/
Transformation Through Creative Expression & Meditation,4328016,Michalla Brianna,"Personal Transformation, Personal Development",Arts & Crafts,All Levels,3 hours,4.7,5,42,"Rp149,000",11/2024,1,0,2,https://www.udemy.com/course/transformation-through-creative-expression-meditation/
Mandala Fusion: Learn to draw Beautiful Mandalas,4912136,Mayuri Dhanad,"Mandala, Drawing, Arts & Crafts, Lifestyle",Arts & Crafts,All Levels,1.5 hours,5.0,1,5,"Rp149,000",10/2022,0,0,2,https://www.udemy.com/course/mandala-fusion-learn-to-draw-beautiful-mandalas/
Designing and Crafting Stylish Surf & Beach-Inspired Jewelry,3809118,PrimeSkills Academy,"Jewelry Design, Fashion Design, Design",Arts & Crafts,All Levels,12 hours,4.8,N/A,10,"Rp149,000",12/2025,2,0,2,https://www.udemy.com/course/creating-surf-and-beach-jewelry/
"Fitness Ninja Certification(Flips, Martial Art, Calisthenic)",1865956,Sio Vaspa,"Calisthenics, Martial Arts, Breakdancing, Fitness, Health & Fitness",Arts & Crafts,All Levels,2.5 hours,4.6,55,1678,"Rp149,000",7/2024,1,0,0,https://www.udemy.com/course/urban-ninja-flips-martial-arts-breakdance-calisthenic/
"Crochet with Plastic Bags: Tote Bag, Jar Covers and Coasters",5173834,Naama Yaffe Mendelboim,"Crochet, Crafting, Arts & Crafts, Lifestyle",Arts & Crafts,All Levels,1.5 hours,4.5,N/A,7,"Rp447,000.00",3/2025,0,0,5,https://www.udemy.com/course/crochet-with-plastic-bags-make-a-tote-bag-and-jar-covers/
Create amazing 2D Polyart works!,5519408,Derek Low,"Adobe Illustrator, Graphic Design & Illustration, Design",Arts & Crafts,Beginner,30 mins,5.0,8,12,"Rp149,000",9/2023,0,0,2,https://www.udemy.com/course/2d-polyart-masterclass/
Lightsaber Combat - Form One - Shii Cho,2735210,Keith Mylett,"Sword, Martial Arts, Other Health & Fitness, Health & Fitness",Arts & Crafts,Beginner,1 hour,4.7,24,212,"Rp149,000",1/2020,0,0,0,https://www.udemy.com/course/saber-ohana-shii-cho/
Pencak Silat - Master the Golok,5582114,Mario Masberg,"Martial Arts, Martial Arts & Self Defense, Health & Fitness",Arts & Crafts,All Levels,1 hour,4.9,9,53,"Rp149,000",9/2023,0,0,0,https://www.udemy.com/course/pencak-silat-master-the-golok/
How to Become a Handbag Designer & How to Sew a Handbag,3378384,Haiqa Amir,"Sewing, Fashion Design, Design Thinking, Design",Arts & Crafts,Beginner,1 hour,1.5,5,43,"Rp149,000",8/2022,8,0,0,https://www.udemy.com/course/how-to-become-a-handbag-designer-how-to-sew-a-handbag/
The Creative Teacher 3: Modelling with Malleable Materials,4856706,Ruth Churchill Dower,"Early Childhood Education, Teacher Training, Teaching & Academics",Arts & Crafts,All Levels,37 mins,4.6,6,22,"Rp149,000",10/2022,0,0,3,https://www.udemy.com/course/the-creative-teacher-3-malleable-and-modelling-materials/
Single Sword level 1 in Krabikrabong martial art of Thailand,3941502,Chanuphon Yodsamai,"Martial Arts, Sword, Close Combat, Martial Arts & Self Defense, Health & Fitness",Arts & Crafts,Beginner,1.5 hours,4.8,53,297,"Rp149,000",3/2021,0,0,0,https://www.udemy.com/course/single-sword-level-1-in-krabikrabong-martial-art-of-thailand/
"Bracelet Making Essentials: Clasps, Crimps, and Cord Ends",5410498,PrimeSkills Academy,"Jewelry Making, Fashion Design, Design",Arts & Crafts,All Levels,3 hours,4.3,N/A,4,"Rp447,000.00",1/2026,4,0,6,https://www.udemy.com/course/clasps-crimps-and-cord-ends-handmade-bracelets-findings/
Extreme Stretching & Kicking Techniques by Chloe Bruce,5905970,Mario Masberg,"Stretching Exercise, Martial Arts, Martial Arts & Self Defense, Health & Fitness",Arts & Crafts,All Levels,1 hour,5.0,2,8,"Rp149,000",4/2024,0,0,0,https://www.udemy.com/course/extreme-stretching-kicking-techniques-by-chloe-bruce/
Creative parenting,5899158,Teodora Jurca,"Parenting, Creativity, Personal Development",Arts & Crafts,Beginner,4 hours,5.0,7,13,"Rp149,000",4/2024,1,0,1,https://www.udemy.com/course/creative-parenting/
Succeeding as a Fine Artist,4606398,Jennylynd James,"Painting, Arts & Crafts, Lifestyle",Arts & Crafts,Intermediate,4 hours,4.5,6,27,"Rp149,000",4/2022,0,0,0,https://www.udemy.com/course/succeeding-as-a-fine-artist/
Gymnastics Lessons Vol. 1 - Floor Exercise,4831922,Sport Videos,"Gymnastics, Sports, Health & Fitness",Arts & Crafts,All Levels,38 mins,5.0,15,82,"Rp159,000",9/2022,0,0,0,https://www.udemy.com/course/gymnastics-lessons-vol-1-floor-exercise/
AI-Powered Credit Solutions: Craft Letters Like a Pro,5431034,"Becky J Martin, Wamm Financial Solutions","ChatGPT, Artificial Intelligence (AI), Credit Analysis, Credit Repair, Money Management Tools",Arts & Crafts,All Levels,1 hour,4.9,34,6313,"Rp149,000",11/2024,0,0,0,https://www.udemy.com/course/how-to-use-chat-gpt-to-create-credit-letters-ai-for-credit/
Single Sword level 2 in Krabikrabong martial art of Thailand,3949752,Chanuphon Yodsamai,"Sword, Close Combat, Martial Arts & Self Defense, Health & Fitness",Arts & Crafts,Intermediate,1 hour,4.9,21,160,"Rp149,000",4/2021,0,0,0,https://www.udemy.com/course/single-sword-level-2-in-krabikrabong-martial-art-of-thailand/
iOS Development Kickstart: Craft Your First App With SwiftUI,5896642,"Anton Voroniuk, Illia Postoienko, Anton Voroniuk Support","iOS Development, SwiftUI, Mobile Development, Development",Arts & Crafts,Beginner,3.5 hours,4.5,321,33870,"Rp149,000",6/2025,2,3,0,https://www.udemy.com/course/ios-development-craft-your-first-app-with-swiftui/
HTML5 and CSS3: Craft your own websites (with 4 projects),4675320,"Matheus Battisti, Hora de Codar","HTML, CSS, Responsive Design, CSS Flexbox, Web Development",Arts & Crafts,All Levels,15 hours,4.3,63,361,"Rp149,000",10/2024,1,0,0,https://www.udemy.com/course/html5-and-css3-craft-your-own-websites-with-4-projects/
Crafting Profitable Marketing Strategies for Wellnesspreneur,6278155,Alexandria Tomayko,"Marketing Strategy, Online Business, Business Fundamentals, Marketing Fundamentals, Marketing",Arts & Crafts,Intermediate,2.5 hours,5.0,2,6,"Rp149,000",11/2024,0,0,0,https://www.udemy.com/course/marketing-strategies-for-online-businesses/
From Wood to Whirl: Craft Your Own Bullroarer,5445414,David Dye,"Woodworking and Carpentry, Creativity, Personal Development",Arts & Crafts,Beginner,1 hour,5.0,1,4,"Rp149,000",7/2023,0,0,14,https://www.udemy.com/course/from-wood-to-whirl-craft-your-own-bullroarer/
Shoe Drawing Course with Perspective Techniques,4271738,Yasin YILDIZ,"Drawing, Perspective Drawing, Other Design, Design",Arts & Crafts,All Levels,3 hours,3.9,39,240,"Rp149,000",1/2022,0,0,0,https://www.udemy.com/course/shoe-drawing-course-with-perspective-techniques/
How to Sew a Zipper Tote Bag - Sewing your own with pockets,5934746,Shanzay Rahim,"Sewing, Arts & Crafts, Lifestyle",Arts & Crafts,Beginner,1.5 hours,3.8,11,94,"Rp149,000",4/2024,0,0,0,https://www.udemy.com/course/how-to-sew-a-zipper-tote-bag-sewing-your-own-with-pockets/
Creative Color - for Fine Art Painters!,2489258,Nancy Reyner,"Creativity, ArtStudio, Arts & Crafts, Lifestyle",Arts & Crafts,All Levels,1 hour,4.6,17,94,"Rp249,000",7/2024,0,0,5,https://www.udemy.com/course/creative-color-for-fine-art-painters/
Web Designer Preparation Practice Tests,6134293,Practice Exams Helpline,"IT Certifications, IT & Software",Arts & Crafts,All Levels,N/A,N/A,N/A,N/A,"Rp149,000",8/2024,0,0,0,https://www.udemy.com/course/web-designer-preparation-practice-tests/
3D Object Modeling - Model a Female Hand Bag in Maya,5716374,Dr. Zeeshan Bhatti,"Autodesk Maya, 3D Modeling, 3D & Animation, Design",Arts & Crafts,Beginner,3.5 hours,3.5,N/A,1,"Rp149,000",3/2026,0,0,4,https://www.udemy.com/course/model-a-female-hand-bag-in-maya/
Animal Figure and Anatomy with Charcoal Drawing Technique,4271734,Yasin YILDIZ,"Drawing, Other Design, Design",Arts & Crafts,All Levels,2.5 hours,4.6,25,143,"Rp149,000",1/2022,0,0,0,https://www.udemy.com/course/animal-figure-and-anatomy-with-charcoal-drawing-technique/
Crafting Jewelry: Bone and Wood Carving Essentials,4380216,PrimeSkills Academy,"Fashion Design, Design",Arts & Crafts,All Levels,3.5 hours,3.7,3,30,"Rp149,000",1/2026,2,0,4,https://www.udemy.com/course/bone-and-wood-jewelry-carving-for-beginners/
"Creating Modern Men’s Jewelry: Tools, Materials, and Design",3795388,PrimeSkills Academy,"Jewelry Making, Jewelry Design, Fashion Design, Design",Arts & Crafts,All Levels,5.5 hours,4.7,4,46,"Rp149,000",12/2025,2,0,2,https://www.udemy.com/course/creating-jewelry-for-men/
Craft a Captivating Business Plan: Unconventional Strategies,5555242,Rebecca Brizi,"Business Plan, Business Strategy, Business",Arts & Crafts,Intermediate,2 hours,4.8,8,178,"Rp149,000",3/2026,0,0,21,https://www.udemy.com/course/3-creative-ways-to-write-a-business-plan/
Essential Techniques for Crafting Stunning Seed Bead Jewelry,3952572,PrimeSkills Academy,"Jewelry Making, Fashion Design, Design",Arts & Crafts,All Levels,8.5 hours,4.3,6,53,"Rp149,000",12/2025,2,0,2,https://www.udemy.com/course/making-jewelry-using-seed-beads/
Become a Visual Artist,2146958,Francisco Capelo,"Art Composition, Abstract Painting, Art History, Marketing Strategy, Arts & Crafts",Arts & Crafts,All Levels,5 hours,4.0,25,1900,"Rp149,000",7/2025,33,0,0,https://www.udemy.com/course/become-a-visual-artist-in-1-hour/
Craft Your Winning Resume: A 30-Minute Crash Course,5166742,Vik Gambhir,"Resume and CV Writing, Job Search, Career Development, Personal Development",Arts & Crafts,All Levels,32 mins,4.7,42,388,"Rp149,000",5/2023,1,0,1,https://www.udemy.com/course/recruiter-ready-resumes/
Copywriting : Master the Art of Crafting Magnetic Headlines,5321314,Analytics Academy,"Copywriting, Digital Marketing, Marketing",Arts & Crafts,All Levels,1 hour,5.0,25,64,"Rp149,000",7/2025,2,0,2,https://www.udemy.com/course/copywriting-master-the-art-of-crafting-magnetic-headlines/
Kids Anti-Bullying Program,3290330,Nick Drossos,"Bullying Prevention, Krav Maga, Martial Arts, Self-Defense, Martial Arts & Self Defense",Arts & Crafts,Beginner,1.5 hours,4.4,10,57,"Rp149,000",7/2020,0,0,0,https://www.udemy.com/course/kids-anti-bullying-program/
Long Sword level 2 in Krabikrabong martial art of Thailand,3935662,Chanuphon Yodsamai,"Martial Arts, Sword, Martial Arts & Self Defense, Health & Fitness",Arts & Crafts,Intermediate,1.5 hours,4.9,9,81,"Rp149,000",3/2021,0,0,0,https://www.udemy.com/course/long-sword-level-2-in-krabikrabong-martial-art-of-thailand/
Gymnastics Tips and Techniques Vol. 1 - Bars,2043252,Sport Videos,"Gymnastics, Sports, Health & Fitness",Arts & Crafts,All Levels,44 mins,4.6,14,69,"Rp149,000",11/2018,0,0,0,https://www.udemy.com/course/gymnastics-tips-and-techniques-vol-1-bars/
Otaku 101,3481044,HowExpert,"Manga, Games & Gaming, Lifestyle",Arts & Crafts,All Levels,1.5 hours,4.5,N/A,4,"Rp647,000.00",9/2020,0,0,0,https://www.udemy.com/course/otaku101/
Master Class in Curriculum development with Project,6427793,Human and Emotion: CHRMI,"Other Teaching & Academics, Teaching & Academics",Arts & Crafts,Expert,5.5 hours,3.7,38,1057,"Rp149,000",2/2025,0,0,0,https://www.udemy.com/course/master-class-in-curriculum-development-with-project/
Design Unveiled: Vienna's MAK Museum - Crafting Modernism TM,5708316,"Dr. Noble Arya Full-Stack Data Scientist, AI/ML/DL Researcher","User Research, User Experience Design, Design",Arts & Crafts,All Levels,1 hour,4.9,3,147,"Rp149,000",12/2023,0,0,0,https://www.udemy.com/course/design-unveiled-viennas-mak-museum-crafting-modernism-tm/
Short Stick Work Out – Cross Between Sticks & Juggling Pens,6428853,Robert (Bob) Steele,"Fitness, Health & Fitness",Arts & Crafts,All Levels,2 hours,5.0,1,23,"Rp149,000",2/2025,0,0,0,https://www.udemy.com/course/short-stick-work-out-cross-between-sticks-juggling-pens/
Prompt Engineering 101 - The Complete Beginner’s Guide,5591718,Vidhi Bharat Shah,"Prompt Engineering, Other IT & Software, IT & Software",Arts & Crafts,Beginner,2 hours,4.8,11,145,"Rp149,000",1/2026,3,0,0,https://www.udemy.com/course/promptcraft/
Gymnastics for Children,5303762,Sport Videos,"Gymnastics, Sports, Health & Fitness",Arts & Crafts,Beginner,1 hour,4.6,16,82,"Rp149,000",5/2023,0,0,0,https://www.udemy.com/course/gymnastics-for-children/
Cosplay Makeup,2107214,Stephanie Nery,"Makeup Artistry, Comic Book Creation, Anime, Beauty & Makeup, Lifestyle",Arts & Crafts,All Levels,1.5 hours,4.6,72,391,"Rp149,000",8/2019,0,0,3,https://www.udemy.com/course/cosplaymakeup/
How to Invest in Luxury Handbags,3998596,Anastasiya Bagaholic,"Investing, Entrepreneurship Fundamentals, Entrepreneurship, Business",Arts & Crafts,All Levels,2 hours,4.4,6,12,"Rp1,099,000",5/2021,0,0,8,https://www.udemy.com/course/how-to-resell-and-invest-in-luxury-handbags/
HowExpert Guide to Craft Beer,3947188,HowExpert,"Beer Brewing, Food & Beverage, Lifestyle",Arts & Crafts,All Levels,2.5 hours,4.4,N/A,8,"Rp349,000",3/2021,0,0,0,https://www.udemy.com/course/craftbeers/
How to make powerful orgone generators with maximum range,6105477,Christina Goff,"Resin Art, Crystal Energy, Spiritual Healing, Energy Healing, Arts & Crafts",Arts & Crafts,All Levels,2.5 hours,5.0,1,8,"Rp899,000",8/2024,0,0,29,https://www.udemy.com/course/how-to-make-powerful-orgone-generators-with-maximum-range/
Intuitive Painting with Mandalas,170214,Satyama Lasby,"Painting, Arts & Crafts, Lifestyle",Arts & Crafts,All Levels,2.5 hours,3.6,54,550,"Rp149,000",10/2014,0,0,0,https://www.udemy.com/course/painting-mandalas-with-meditation-instruction-for-creativity/
Acrylic Painting Workshop: Art Projects for Beginners,662571,Em Winn,"Acrylic Painting, Painting, Arts & Crafts, Lifestyle",Arts & Crafts,Beginner,3.5 hours,4.5,36,948,"Rp149,000",4/2025,2,0,0,https://www.udemy.com/course/acrylic-painting-workshop-art-projects-for-kids-beginners/
Learn the craft of Witches,4748668,Joseph Badar,"Witchcraft, Other Lifestyle, Lifestyle",Arts & Crafts,Beginner,1 hour,4.3,28,1659,"Rp447,000.00",12/2025,1,0,0,https://www.udemy.com/course/learn-the-craft-of-witches/
Printing on Fabric: 5 Techniques to Get You Started,851130,Kimberly Irwin,"Fashion, Fashion Design, Design",Arts & Crafts,Beginner,1 hour,4.2,50,243,"Rp149,000",6/2016,1,0,1,https://www.udemy.com/course/printing-on-fabric-5-techniques-to-get-you-started/
Learn to Make Sandals – A Fundamental Shoemaking Style,6890609,IUSTIN IGNAT,"Arts & Crafts, Lifestyle",Arts & Crafts,All Levels,1 hour,4.5,1,1,"Rp149,000",10/2025,3,0,0,https://www.udemy.com/course/learn-to-make-sandals-a-fundamental-shoemaking-style/
Making Fresh Sausages at Home,1488910,JP Drobey,"Cooking, Food & Beverage, Lifestyle",Arts & Crafts,Beginner,1 hour,4.4,50,229,"Rp149,000",1/2018,0,0,1,https://www.udemy.com/course/making-sausages-at-home/
Oak Ageing of Alcohol,3443360,Malcolm Bucholtz,"Distilled Spirits, Entrepreneurship, Business",Arts & Crafts,Beginner,1 hour,4.6,23,159,"Rp149,000",8/2020,0,0,5,https://www.udemy.com/course/oak-ageing-of-alcohol/
Punk style fish shaped submarine,5614934,Wilson Huang,"Leather Crafting, 3D Sculpting, Arts & Crafts, Lifestyle",Arts & Crafts,Expert,1 hour,5.0,N/A,4,"Rp149,000",10/2023,1,0,0,https://www.udemy.com/course/punk-style-fish-shaped-submarine/
Waikru Swords Dancing in Krabikrabikrabong Double sword,6539135,Chanuphon Yodsamai,"Martial Arts, Martial Arts & Self Defense, Health & Fitness",Arts & Crafts,All Levels,1 hour,5.0,5,22,"Rp149,000",3/2025,0,0,0,https://www.udemy.com/course/waikru-swords-dancing-in-krabikrabikrabong-double-sword/
Pencak Silat - Pamonyet - The Monkey Fighting System Vol.1,5882154,Mario Masberg,"Martial Arts, Martial Arts & Self Defense, Health & Fitness",Arts & Crafts,All Levels,2 hours,5.0,8,63,"Rp159,000",3/2024,0,0,0,https://www.udemy.com/course/pencak-silat-pamonyet-the-monkey-fighting-system-vol1/
Coiling and Wrapping Methodology in Baguazhang,2643562,Kelly Whelan-Enns,"Martial Arts, Martial Arts & Self Defense, Health & Fitness",Arts & Crafts,Intermediate,1 hour,5.0,5,51,"Rp149,000",11/2019,0,0,0,https://www.udemy.com/course/coiling-and-wrapping-methodology-in-baguazhang/
'Greensleeves' Creative Piano Lessons Course,1040596,Mister Musicarta,"Piano, Creativity, Instruments, Music",Arts & Crafts,All Levels,2 hours,4.9,5,89,"Rp149,000",10/2017,0,0,8,https://www.udemy.com/course/greensleeves-creative-piano-lessons-course/
Long Sword in Krabi krabong martial art of Thailand level 1,3925234,Chanuphon Yodsamai,"Sword, Close Combat, Martial Arts & Self Defense, Health & Fitness",Arts & Crafts,Beginner,1 hour,4.8,17,113,"Rp149,000",3/2021,0,0,0,https://www.udemy.com/course/long-sword-in-krabi-krabong-martial-art-of-thailand-level-1/
Designing Handmade Jewelry for Pets: Principles and Safety,3841144,PrimeSkills Academy,"Jewelry Making, Fashion Design, Design",Arts & Crafts,All Levels,4 hours,4.8,2,15,"Rp447,000.00",12/2025,2,0,3,https://www.udemy.com/course/making-handmade-jewelry-for-your-pet/
Kajukenbo Belt Promotion - White Belt to Brown Belt,5042182,Mario Masberg,"Martial Arts, Martial Arts & Self Defense, Health & Fitness",Arts & Crafts,All Levels,2 hours,4.7,23,120,"Rp149,000",12/2022,0,0,0,https://www.udemy.com/course/kajukenbo-belt-promotion-white-belt-to-brown-belt/
Isomalt 3D 'Crystal/Glass' Shoe With Stiletto Heel Course,1498926,Beata Khoo,"Cake Decorating, Food & Beverage, Lifestyle",Arts & Crafts,Beginner,2 hours,5.0,5,19,"Rp329,000",2/2018,0,0,1,https://www.udemy.com/course/how-to-make-isomalt-crystalglass-shoe-with-stiletto-heel/
Zero to Hero Full Blown Ninja Masterclass,5150108,Sio Vaspa,"Gymnastics, Calisthenics, Martial Arts, Self-Defense, Martial Arts & Self Defense",Arts & Crafts,All Levels,9.5 hours,4.8,13,265,"Rp149,000",2/2023,0,0,0,https://www.udemy.com/course/zero-to-hero-full-blown-ninja-masterclass/
EMBROIDERY DESIGN- BASICS TO PRO,1856328,Ehtasham Alam,"Embroidery, Fashion Design, Design",Arts & Crafts,All Levels,5 hours,3.6,14,310,"Rp149,000",2/2024,0,0,0,https://www.udemy.com/course/become-a-embroidery-designer-beginners-to-pro/
Create a Mandala: A Meditation Practice for Beginners,4639434,"Robin Norgren, M.A.","Creativity, Mandala, Meditation, Health & Fitness",Arts & Crafts,Beginner,1 hour,4.5,.,1,"Rp149,000",1/2025,1,0,8,https://www.udemy.com/course/make-art-and-meditate-create-a-mandala-and-calming-practice/
Kick basics in muay thai martial art of Thailand,3987972,Chanuphon Yodsamai,"Muay Thai, Martial Arts & Self Defense, Health & Fitness",Arts & Crafts,Beginner,1 hour,5.0,15,124,"Rp149,000",4/2021,0,0,0,https://www.udemy.com/course/kick-basics-in-muay-thai-martial-art-of-thailand/
All 17 Goju Ryu Karate Kata,5320824,Mario Masberg,"Martial Arts, Martial Arts & Self Defense, Health & Fitness",Arts & Crafts,All Levels,1.5 hours,4.6,31,227,"Rp149,000",5/2023,0,0,0,https://www.udemy.com/course/all-17-goju-ryu-karate-kata/
How to turn a graphic t-shirt into a cosmetic bag,1653100,Christie Daugherty,"Sewing, Arts & Crafts, Lifestyle",Arts & Crafts,Intermediate,1.5 hours,4.6,10,27,"Rp149,000",12/2019,0,0,1,https://www.udemy.com/course/how-to-turn-a-graphic-t-shirt-into-a-cosmetic-bag/
Pencak Silat - Garis Paksi Vol. 2 English,5794458,Mario Masberg,"Martial Arts, Martial Arts & Self Defense, Health & Fitness",Arts & Crafts,All Levels,1.5 hours,4.8,7,65,"Rp149,000",1/2024,0,0,0,https://www.udemy.com/course/pencak-silat-garis-paksi-vol-2-english/
Pencak Silat - Garis Paksi Vol. 1 English,5794168,Mario Masberg,"Martial Arts, Martial Arts & Self Defense, Health & Fitness",Arts & Crafts,All Levels,1.5 hours,4.7,11,85,"Rp149,000",1/2024,0,0,0,https://www.udemy.com/course/pencak-silat-garis-paksi-vol-1/
"ChatGPT for Marketing, Content, Social Media, and PR",5127818,Alexander Peter Cwalinski,"ChatGPT, Digital Marketing, Marketing",Arts & Crafts,Intermediate,1 hour,4.5,27981,49150,"Rp149,000",11/2024,0,0,2,https://www.udemy.com/course/chatgpt-marketing-content-socialmedia-pr-emails/
Adobe photoshop advance course: Sneaker/Footwear design,2553267,Mirza muhammad usman baig,"Adobe Photoshop, Graphic Design & Illustration, Design",Arts & Crafts,All Levels,1 hour,4.5,45,1293,"Rp149,000",4/2023,1,0,2,https://www.udemy.com/course/photoshop-digital-art-shoe-design-from-sketch/
Okinawa Uechi-Ryu Karate-Do by Takemi Takayasu Vol.3,6480821,Mario Masberg,"Martial Arts, Martial Arts & Self Defense, Health & Fitness",Arts & Crafts,All Levels,1 hour,4.8,3,22,"Rp149,000",2/2025,0,0,0,https://www.udemy.com/course/okinawa-uechi-ryu-karate-do-by-takemi-takayasu-vol3/
Kung Fu Body Conditioning and Traditional Training Exercises,3227337,YMAA Publication Center,"Kung Fu, Body Building, Martial Arts, Martial Arts & Self Defense, Health & Fitness",Arts & Crafts,Beginner,3 hours,4.7,87,806,"Rp149,000",6/2020,0,0,4,https://www.udemy.com/course/kung-fu-body-conditioning-and-traditional-training-exercises/
Tiger Style Wrestling Drills - On Your Feet,5581962,Sport Videos,"Martial Arts, Sports, Health & Fitness",Arts & Crafts,All Levels,1 hour,4.9,7,44,"Rp149,000",9/2023,0,0,0,https://www.udemy.com/course/tiger-style-wrestling-drills-on-your-feet/
Human Body Pressure Point Therapy Certification,6867721,"Jeet Ghosh (BRIT,DRD,CMS,DITA)","Healthcare, Energy Healing, Fitness, Acupressure, Science",Arts & Crafts,Beginner,2 hours,3.6,3,6,"Rp149,000",1/2026,0,0,14,https://www.udemy.com/course/human-body-pressure-point-therapy-certification/
How To Start a Martial Arts School,3413226,HowExpert,"Martial Arts, Martial Arts & Self Defense, Health & Fitness",Arts & Crafts,Beginner,2 hours,5.0,N/A,1,"Rp349,000",8/2020,0,0,0,https://www.udemy.com/course/how-to-start-a-martial-arts-school-d/
Boxing 102 Footwork Training for Fighters,6309009,Donnie Hodge,"Boxing, Sports, Health & Fitness",Arts & Crafts,All Levels,33 mins,4.9,12,87,"Rp149,000",11/2024,0,0,0,https://www.udemy.com/course/boxing-footwork-101/
Hapkido - From Beginner to Advanced,5529556,Mario Masberg,"Martial Arts, Martial Arts & Self Defense, Health & Fitness",Arts & Crafts,All Levels,1.5 hours,4.8,18,144,"Rp149,000",8/2023,0,0,0,https://www.udemy.com/course/hapkido-from-beginner-to-advanced/
Journaling : Crafting Your Path Through Expressive Journal,6974623,Dr. Kaajal Rohira,"Energy Healing, Mental Health, Creative Writing, Journaling, Personal Transformation",Arts & Crafts,Beginner,2 hours,4.2,2,2,"Rp209,000",12/2025,0,0,1,https://www.udemy.com/course/journaling-crafting-your-path-through-expressive-journal/
"Ultimate Photography Bootcamp: Camera, Lightroom and More",6615603,"立派 汪, FRM,CIA,CCSA","Photography, Landscape Photography, Portrait Photography, Adobe Lightroom, Photography & Video",Arts & Crafts,Beginner,15.5 hours,5.0,1,3,"Rp149,000",11/2025,0,0,0,https://www.udemy.com/course/ultimate-photography-bootcamp/
Fine Art Compositing with Photoshop CC,1002158,Kasia Zmokla,"Adobe Photoshop, Portrait Photography, Photoshop Retouching, Digital Compositing, Digital Photography",Arts & Crafts,All Levels,1.5 hours,4.5,52,1497,"Rp169,000",7/2019,2,0,2,https://www.udemy.com/course/fine-art-compositing/
Kyusho-Jitsu Basic Techniques Pressure Points Anatomy,4973180,Mario Masberg,"Martial Arts, Martial Arts & Self Defense, Health & Fitness",Arts & Crafts,All Levels,1 hour,4.2,11,62,"Rp149,000",11/2022,0,0,0,https://www.udemy.com/course/kyusho-jitsu-basic-techniques-pressure-points-anatomy/
How to Become a Shoe Designer and How to Make Designer Shoes,3604014,Jewaria Tanweir,"Fashion Design, Beauty & Makeup, Lifestyle",Arts & Crafts,Beginner,33 mins,3.7,22,100,"Rp149,000",12/2021,4,0,0,https://www.udemy.com/course/how-to-become-a-shoe-designer-and-how-to-make-designer-shoes/
Mastering Fine Art Renaissance-Style Compositing in Photosho,3826390,Vladimir Chopine,"Adobe Photoshop, Digital Photography, Photography & Video",Arts & Crafts,Intermediate,2.5 hours,4.8,20,204,"Rp149,000",11/2024,0,0,3,https://www.udemy.com/course/fine-art-renaissance-style-compositing-in-photoshop/
Certified in Cybersecurity Certification Mock Exam Test 2026,6121391,Exams Practice Tests Academy,"Certified in Cybersecurity (CC), IT Certifications, IT & Software",Arts & Crafts,All Levels,N/A,4.4,4,1977,"Rp149,000",2/2026,0,0,0,https://www.udemy.com/course/certified-in-cybersecurity-certification-mock-exam-test/
"Chat GPT for Public Speaking: Craft, Captivate, Conquer (AI)",5590742,Howard Tiano,"Public Speaking, Artificial Intelligence (AI), Communication, Business",Arts & Crafts,All Levels,2 hours,4.5,12,40,"Rp149,000",10/2023,0,0,2,https://www.udemy.com/course/chat-gpt-for-public-speaking/
Punch level 1 in ancient muay thai martial art of Thailand,3983310,Chanuphon Yodsamai,"Muay Thai, Martial Arts & Self Defense, Health & Fitness",Arts & Crafts,Beginner,1 hour,5.0,19,107,"Rp149,000",4/2021,0,0,0,https://www.udemy.com/course/punch-level-1-in-ancient-muay-thai-martial-art-of-thailand/
Gymnastics Tips and Techniques Vol. 2 - The Balance Beam,2039392,Sport Videos,"Gymnastics, Sports, Health & Fitness",Arts & Crafts,All Levels,32 mins,4.5,8,40,"Rp149,000",11/2018,0,0,0,https://www.udemy.com/course/gymnastics-tips-and-techniques-vol-2-the-balance-beam/
The Era of Different Subcultures: Then & Now,4612616,Indian Design League,"Fashion, Fashion Design, Design",Arts & Crafts,All Levels,4.5 hours,4.5,N/A,5,"Rp149,000",9/2022,0,0,15,https://www.udemy.com/course/the-era-of-different-subcultures-then-now/
The Property Deal Crafter Masterclass,6657157,Dragos Cristian Mihalte,"Real Estate, Business",Arts & Crafts,Beginner,2 hours,N/A,N/A,N/A,"Rp149,000",11/2025,0,0,4,https://www.udemy.com/course/the-property-deal-crafter-masterclass/
Street Jitsu - Self Defense for the Street,1395840,Neil Fontaine,"Self-Defense, Martial Arts & Self Defense, Health & Fitness",Arts & Crafts,All Levels,7 hours,4.2,22,251,"Rp149,000",11/2017,0,0,0,https://www.udemy.com/course/streetjitsu/
Pencak Silat Pamacan - Tiger Fighting System from Java Vol.1,5280784,Mario Masberg,"Martial Arts, Martial Arts & Self Defense, Health & Fitness",Arts & Crafts,All Levels,1 hour,4.6,15,111,"Rp149,000",4/2023,0,0,0,https://www.udemy.com/course/pencak-silat-pamacan-tiger-fighting-system-from-java-vol1/
How to Become a Shoe Designer/ Sell Designer Shoes Online,3378326,Haiqa Amir,"Fashion Design, Design",Arts & Crafts,Beginner,1 hour,2.7,5,20,"Rp149,000",9/2021,6,0,0,https://www.udemy.com/course/how-to-become-a-shoe-designer-sell-designer-shoes-online/
Bagua Zhang Eight Trigrams Kung Fu by Grandmaster Liang YMAA,2940294,YMAA Publication Center,"Kung Fu, Martial Arts, Qigong, Martial Arts & Self Defense, Health & Fitness",Arts & Crafts,Beginner,3 hours,4.5,110,1017,"Rp149,000",4/2020,0,0,7,https://www.udemy.com/course/bagua-zhang-eight-trigrams-kung-fu-by-grandmaster-liang-ymaa/
Krav Maga - Official program FEKM Green Belt,5202662,Mario Masberg,"Krav Maga, Martial Arts, Martial Arts & Self Defense, Health & Fitness",Arts & Crafts,All Levels,1.5 hours,4.7,9,51,"Rp149,000",3/2023,0,0,0,https://www.udemy.com/course/krav-maga-official-program-fekm-green-belt/
Gluten-Free Chocolate Mastery: Craft Irresistible Desserts,5063570,Crystal Tummala,"Gluten Free Cooking and Baking, Dessert, Vegan Cooking, Food & Beverage, Lifestyle",Arts & Crafts,All Levels,1 hour,5.0,2,11,"Rp149,000",12/2024,1,0,6,https://www.udemy.com/course/learn-to-make-healthy-raw-chocolate-desserts-and-drinks/
Footwear Design School: Learn how to be a footwear designer,1518554,Daneka Malcolm,"Fashion Design, Design",Arts & Crafts,Beginner,1.5 hours,3.7,103,536,"Rp149,000",9/2019,0,0,2,https://www.udemy.com/course/footwear-design-school/
Light Saber Duel by LudoSport - Master Form 1 (Sub. Eng),2688714,"Eugenio Di Fraia, LudoSport Online Light Saber Combat Academy","Sports Coaching, Sports, Health & Fitness",Arts & Crafts,All Levels,5 hours,4.4,279,1433,"Rp349,000",11/2021,6,0,2,https://www.udemy.com/course/lightsaber-combat-by-ludosport-master-form-1/
"Vision Board Workshop: Reflect, Dream Big, Create Focus",6923389,Delphine Mousseau,"Goal Setting, Personal Transformation, Personal Development",Arts & Crafts,Beginner,1.5 hours,4.4,7,40,"Rp149,000",11/2025,0,0,4,https://www.udemy.com/course/vision-board-workshop-reflect-dream-big-create-focus/
Beginning Gymnastics for Girls,5352380,Sport Videos,"Gymnastics, Sports, Health & Fitness",Arts & Crafts,Beginner,1 hour,5.0,1,15,"Rp149,000",6/2023,0,0,0,https://www.udemy.com/course/beginning-gymnastics-for-girls/
Sewing: Making a Tote bag using recycled jeans,1206794,Ariike Ruban,"Sewing, Fashion Design, Arts & Crafts, Lifestyle",Arts & Crafts,All Levels,1.5 hours,4.6,32,1352,"Rp329,000",9/2017,0,0,0,https://www.udemy.com/course/sewing-making-a-tote-bag-using-recycled-jeans/
Basics of Beer | From Grain to Glass,3394942,Jaakko Heikkilä,"Beer Brewing, Food & Beverage, Lifestyle",Arts & Crafts,All Levels,42 mins,4.3,38,5078,"Rp149,000",9/2020,0,0,1,https://www.udemy.com/course/basics-of-beer-in-half-an-hour-or-so/
Kyokushin Karate Syllabus Exam Program Vol.1,5178404,Mario Masberg,"Karate, Martial Arts, Martial Arts & Self Defense, Health & Fitness",Arts & Crafts,All Levels,1 hour,4.8,19,106,"Rp149,000",2/2023,0,0,0,https://www.udemy.com/course/kyokushin-karate-syllabus-exam-program-vol1/
Kori No Ryu self defense Advance,5891810,Amerus Guffey,"Karate, Other Health & Fitness, Health & Fitness",Arts & Crafts,Intermediate,N/A,4.9,6,44,"Rp149,000",12/2025,0,0,0,https://www.udemy.com/course/basic-karate-strikes/
All 27 Shotokan Karate Kata,5318824,Mario Masberg,"Martial Arts, Martial Arts & Self Defense, Health & Fitness",Arts & Crafts,All Levels,2 hours,4.7,25,194,"Rp149,000",5/2023,0,0,0,https://www.udemy.com/course/all-27-shotokan-karate-kata/
Taekwondo Kicks & Fight Techniques,5538158,Mario Masberg,"Taekwondo, Martial Arts & Self Defense, Health & Fitness",Arts & Crafts,All Levels,2 hours,4.6,6,47,"Rp149,000",9/2023,0,0,0,https://www.udemy.com/course/taekwondo-kicks-fight-techniques/
Pencak Silat Pamacan - Tiger Fighting System from Java Vol.3,5280928,Mario Masberg,"Martial Arts, Martial Arts & Self Defense, Health & Fitness",Arts & Crafts,All Levels,1 hour,5.0,7,81,"Rp149,000",4/2023,0,0,0,https://www.udemy.com/course/pencak-silat-pamacan-tiger-fighting-system-from-java-vol3/
Party Planning and Events Management,905864,Lisa Newton,"Party Planning, Event Planning, Other Lifestyle, Lifestyle",Arts & Crafts,All Levels,1 hour,4.0,58,220,"Rp149,000",7/2016,0,0,1,https://www.udemy.com/course/party-planning/
The Agile Samurai Bootcamp,131816,Jonathan Rasmusson,"Agile, Database Design & Development, Development",Arts & Crafts,All Levels,3 hours,4.5,26745,70745,"Rp149,000",7/2023,3,0,2,https://www.udemy.com/course/the-agile-samurai-bootcamp/
Alt Style - Let me teach you the basics to my Alt style,5274960,Switch Stephens,"Fashion Design, Design",Arts & Crafts,Beginner,32 mins,5.0,3,22,"Rp249,000",5/2023,0,0,0,https://www.udemy.com/course/stylewithswitch/
"Lead Generation Wizardry: Craft, Capture, Convert",5563948,"Bernard Martin, WAMM Marketing","Lead Generation, SaaS, Social Media Marketing, Digital Marketing, Marketing Fundamentals",Arts & Crafts,All Levels,14.5 hours,4.4,162,1768,"Rp149,000",11/2024,0,0,0,https://www.udemy.com/course/lead-generation-wizardry-craft-capture-convert/
Master AI Prompt crafting for LLMs in 2026,6701633,Institute of Product Leadership,"Prompt Engineering, IT Certifications, IT & Software",Arts & Crafts,All Levels,1 hour,4.5,39,378,"Rp149,000",11/2025,0,0,0,https://www.udemy.com/course/ai-prompt-crafting/
Data Storytelling: Communicating Data Insights Effectively,6581019,"MTF Institute of Management, Technology and Finance","Data Storytelling, Data Science, Business Analysis, Data Analysis, Business Analytics & Intelligence",Arts & Crafts,All Levels,2.5 hours,4.4,157,13733,"Rp149,000",2/2026,2,0,2,https://www.udemy.com/course/data-storytelling-communicating-data-insights-effectively/
Krav Maga - Official program FEKM Blue Belt,5204538,Mario Masberg,"Krav Maga, Martial Arts, Martial Arts & Self Defense, Health & Fitness",Arts & Crafts,All Levels,1.5 hours,4.7,7,52,"Rp149,000",3/2023,0,0,0,https://www.udemy.com/course/krav-maga-official-program-fekm-blue-belt/
Karate Fit Workout - For everyone,7018187,Mario Masberg,"Fitness, Martial Arts, Health & Fitness",Arts & Crafts,All Levels,1 hour,5.0,1,4,"Rp149,000",1/2026,0,0,0,https://www.udemy.com/course/karate-fit-workout-for-everyone/
Krav Maga - Official program FEKM Orange Belt,5201070,Mario Masberg,"Krav Maga, Martial Arts, Martial Arts & Self Defense, Health & Fitness",Arts & Crafts,All Levels,1 hour,4.9,9,66,"Rp149,000",3/2023,0,0,0,https://www.udemy.com/course/krav-maga-official-program-fekm-orange-belt/
Fine Art: Painting A Landscape With Oil Colors,967964,Mandar Marathe,"Oil Painting, Painting, Arts & Crafts, Lifestyle",Arts & Crafts,All Levels,33 mins,4.2,7,55,"Rp149,000",1/2020,1,0,0,https://www.udemy.com/course/painting-a-landscape-with-oil-colors/
Advanced Gymnastics for Girls,5385606,Sport Videos,"Gymnastics, Sports, Health & Fitness",Arts & Crafts,Expert,1.5 hours,5.0,1,11,"Rp149,000",6/2023,0,0,0,https://www.udemy.com/course/advanced-gymnastics-for-girls/
"QUICK START painting with watercolors, play & learn PART 1",1359330,Nicola A Blakemore,"Watercolor Painting, Painting, Arts & Crafts, Lifestyle",Arts & Crafts,Beginner,1.5 hours,4.6,41,1200,"Rp149,000",8/2023,5,0,9,https://www.udemy.com/course/you-can-paint-with-watercolours-as-you-play-learn-part-1/
Aikido from A to Z Basic Techniques Vol.1,4969932,Mario Masberg,"Martial Arts, Martial Arts & Self Defense, Health & Fitness",Arts & Crafts,All Levels,1 hour,4.7,18,121,"Rp149,000",11/2022,0,0,0,https://www.udemy.com/course/aikido-from-a-to-z-basic-techniques-vol1/
Taekwondo 16 Poomse - From white belt to black belt 7th Dan,5547030,Mario Masberg,"Taekwondo, Martial Arts & Self Defense, Health & Fitness",Arts & Crafts,All Levels,2 hours,5.0,6,102,"Rp149,000",9/2023,0,0,0,https://www.udemy.com/course/taekwondo-16-poomse-from-white-belt-to-black-belt-7th-dan/
Get Started with Digital Collage in Procreate for Beginners,4806022,Bryan C'ngan,"Graphic Design, Graphic Design & Illustration, Design",Arts & Crafts,Beginner,1 hour,4.1,9,55,"Rp149,000",10/2023,0,0,3,https://www.udemy.com/course/beginners-guide-to-digital-collage-in-procreate/
Mastering Men's Gymnastics - Beginning Skills and Drills,5394302,Sport Videos,"Gymnastics, Sports, Health & Fitness",Arts & Crafts,Beginner,1.5 hours,4.5,8,26,"Rp149,000",7/2023,0,0,0,https://www.udemy.com/course/mastering-mens-gymnastics-beginning-skills-and-drills/
Judo Basic Techniques,4866152,Mario Masberg,"Martial Arts, Martial Arts & Self Defense, Health & Fitness",Arts & Crafts,Beginner,1.5 hours,4.5,63,404,"Rp149,000",9/2022,0,0,0,https://www.udemy.com/course/judo-basic-techniques/
The Story Formula with Chat GPT,6158201,Liya Bergen,"Storytelling, Content Marketing, Marketing",Arts & Crafts,All Levels,1.5 hours,4.1,N/A,93,"Rp447,000.00",9/2024,0,0,0,https://www.udemy.com/course/the-story-formula-with-chat-gpt/
Krav Maga - Official program FEKM Brown Belt,5205328,Mario Masberg,"Krav Maga, Martial Arts, Martial Arts & Self Defense, Health & Fitness",Arts & Crafts,All Levels,1.5 hours,4.7,10,52,"Rp149,000",3/2023,0,0,0,https://www.udemy.com/course/krav-maga-official-program-fekm-brown-belt/
Light Saber Duel by LudoSport - Brandish to the Next Level,3000324,"Eugenio Di Fraia, LudoSport Online Light Saber Combat Academy","Sword, Fitness, Health & Fitness",Arts & Crafts,All Levels,2 hours,4.7,139,1398,"Rp1,049,000",1/2025,7,0,2,https://www.udemy.com/course/lightsaber-duel-by-ludosport-brandish-to-the-next-level/
Krav Maga - Official program FEKM Black Belt 1.Darga,5206258,Mario Masberg,"Krav Maga, Martial Arts, Martial Arts & Self Defense, Health & Fitness",Arts & Crafts,All Levels,1.5 hours,4.5,11,54,"Rp149,000",3/2023,0,0,0,https://www.udemy.com/course/krav-maga-official-program-fekm-black-belt-1darga/
Pencak Silat Pamacan - Tiger Fighting System from Java Vol.2,5280852,Mario Masberg,"Martial Arts, Martial Arts & Self Defense, Health & Fitness",Arts & Crafts,All Levels,1 hour,4.9,10,83,"Rp149,000",4/2023,0,0,0,https://www.udemy.com/course/pencak-silat-pamacan-tiger-fighting-system-from-java-vol2/
Krav Maga - Official program FEKM Black Belt 3.Darga,5212008,Mario Masberg,"Krav Maga, Martial Arts, Martial Arts & Self Defense, Health & Fitness",Arts & Crafts,All Levels,1 hour,4.5,9,46,"Rp149,000",3/2023,0,0,0,https://www.udemy.com/course/krav-maga-official-program-fekm-black-belt-3darga/
Crafting your Personal Mission Statement,5694182,Rozelle Pilling,"Personal Transformation, Personal Development",Arts & Crafts,All Levels,1 hour,4.3,4,8,"Rp149,000",4/2024,0,0,1,https://www.udemy.com/course/personal-mission-statement/
QiYo Saber Fusion,6208985,Sheri Miller,"Yoga, Martial Arts, Health & Fitness",Arts & Crafts,All Levels,4.5 hours,5.0,1,1,"Rp549,000",1/2025,0,0,1,https://www.udemy.com/course/qiyo-saber-fusion/
Ultimate Pro Shadow Boxing And MMA Certification Masterclass,2394348,Sio Vaspa,"Close Combat, Boxing, Martial Arts, Martial Arts & Self Defense, Health & Fitness",Arts & Crafts,All Levels,1.5 hours,4.7,11,159,"Rp149,000",8/2024,1,0,0,https://www.udemy.com/course/ultimate-pro-shadow-boxing-and-mma-masterclass/
Crafting a Winning Job Application: The Essentials,5152050,Prabh Kirpa Classes,"Resume and CV Writing, Career Development, Personal Development",Arts & Crafts,All Levels,1 hour,4.0,56,15393,"Rp149,000",10/2023,0,0,0,https://www.udemy.com/course/job-application-format-the-definitive-guide/
"Historical Couture, Making 18th and 19th Century Garments",6438117,PrimeSkills Academy,"Fashion Design, Design",Arts & Crafts,All Levels,1.5 hours,5.0,N/A,2,"Rp149,000",2/2025,0,0,0,https://www.udemy.com/course/historical-couture-making-18th-and-19th-century-garments/
Ju-Jitsu - Become a Black Belt,5143302,Mario Masberg,"Martial Arts, Brazilian Jiu-Jitsu, Martial Arts & Self Defense, Health & Fitness",Arts & Crafts,All Levels,1 hour,4.7,9,68,"Rp149,000",2/2023,0,0,0,https://www.udemy.com/course/ju-jitsu-become-a-black-belt/
Krav Maga - Official program FEKM Yellow Belt,5152052,Mario Masberg,"Krav Maga, Martial Arts & Self Defense, Health & Fitness",Arts & Crafts,All Levels,1 hour,4.7,20,94,"Rp149,000",3/2023,0,0,0,https://www.udemy.com/course/krav-maga-official-program-fekm-yellow-belt/
Gymnastics Tips and Techniques - Vol. 4 Floor Exercise,1994972,Sport Videos,"Gymnastics, Sports, Health & Fitness",Arts & Crafts,All Levels,1 hour,4.5,13,79,"Rp149,000",12/2019,0,0,0,https://www.udemy.com/course/gymnastics-tips-and-techniques-vol-4-floor-exercise/
From Idea to Image: Fundamentals of AI image generation,5832504,John Boyle,"AI Art Generation, Other IT & Software, IT & Software",Arts & Crafts,All Levels,1 hour,4.5,5,14,"Rp149,000",3/2024,2,0,0,https://www.udemy.com/course/ai-image-generation/
Judo Advanced Techniques,5023600,Mario Masberg,"Martial Arts, Martial Arts & Self Defense, Health & Fitness",Arts & Crafts,All Levels,1.5 hours,4.4,13,156,"Rp149,000",12/2022,0,0,0,https://www.udemy.com/course/judo-advanced-techniques/
Brazilian Jiu-Jitsu: + 50 Counter Attacks,2840898,Petko Zhivkov Aleksandrov,"Martial Arts, Personal Development, Self-Defense, Brazilian Jiu-Jitsu, Martial Arts & Self Defense",Arts & Crafts,All Levels,30 mins,4.7,37,303,"Rp149,000",9/2020,0,0,0,https://www.udemy.com/course/brazilian-jiu-jitsu/
"Shotokan Karate Keio Vol.2 Kata & Bunkai 2. Dan ""English""",6193879,Mario Masberg,"Karate, Martial Arts, Martial Arts & Self Defense, Health & Fitness",Arts & Crafts,All Levels,1 hour,5.0,5,18,"Rp149,000",9/2024,0,0,0,https://www.udemy.com/course/shotokan-karate-keio-vol2-kata-bunkai-2-dan-english/
Starting your business: Guide for Turning Ideas into Reality,6018844,"Matthieu Bout, Daan Hannon, Joppe Ballet","Business Idea Generation, Business Fundamentals, Entrepreneurship, Business",Arts & Crafts,Beginner,5 hours,4.6,53,13423,"Rp149,000",8/2025,10,0,29,https://www.udemy.com/course/craft-a-compelling-business-idea-from-scratch/
Learning Autodesk® Revit® Architecture 2013,60111,John Wiley & Sons,"Revit, Design Tools, Design",Arts & Crafts,Beginner,8.5 hours,4.5,96,835,"Rp169,000",6/2013,0,0,19,https://www.udemy.com/course/learning-revit-architecture-2013/
Python Game Development for Beginners,785398,Infinite Skills,"Python Game Development, Game Development, Development",Arts & Crafts,Beginner,2.5 hours,4.1,43,273,"Rp149,000",9/2017,1,0,1,https://www.udemy.com/course/python-game-development-for-beginners/
Gymnastics Lessons Vol. 5 - Parallel Bars,4837444,Sport Videos,"Gymnastics, Sports, Health & Fitness",Arts & Crafts,All Levels,38 mins,5.0,5,20,"Rp149,000",9/2022,0,0,0,https://www.udemy.com/course/gymnastics-lessons-vol-5-parallel-bars/
How to Join and Win International Architecture Competitions,6804813,Maryam Salami,"Technical Drawing, Career Development, Architectural Design, Design",Arts & Crafts,All Levels,5.5 hours,4.0,N/A,1,"Rp149,000",9/2025,0,0,43,https://www.udemy.com/course/how-to-join-and-win-international-architecture-competitions/
Inkscape Mastery: Pictograms to Pro Graphics,1470864,Octo Man,"Inkscape, Graphic Design & Illustration, Design",Arts & Crafts,All Levels,4.5 hours,4.2,42,211,"Rp149,000",1/2024,0,0,3,https://www.udemy.com/course/inkscape-beginner-to-pro/
Content Marketing: Guide to Writing and Selling Online,6336407,EDUCBA Bridging the Gap,"Content Marketing, Marketing",Arts & Crafts,All Levels,1.5 hours,4.6,4,79,"Rp149,000",12/2024,0,0,0,https://www.udemy.com/course/content-marketing-guide-to-writing-and-selling-online/
Master the Craft of Flame Detection with PIC Microcontroller,3526452,"Educational Engineering Team, Educational Engineering, Ashraf Said AlMadhoun","PIC Microcontroller, Hardware, IT & Software",Arts & Crafts,All Levels,3 hours,4.5,16,3343,"Rp149,000",2/2026,22,0,3,https://www.udemy.com/course/pic-microcontroller-flame-detector/
Boxing Tips and Techniques Vol. 3 - Mitt Work,2286191,Sport Videos,"Boxing, Martial Arts & Self Defense, Health & Fitness",Arts & Crafts,All Levels,44 mins,4.3,10,48,"Rp149,000",3/2019,0,0,0,https://www.udemy.com/course/boxing-tips-and-techniques-vol-3-mitt-work/
Krav Maga - Official program FEKM Black Belt 2.Darga,5210396,Mario Masberg,"Krav Maga, Martial Arts, Martial Arts & Self Defense, Health & Fitness",Arts & Crafts,All Levels,1.5 hours,4.7,7,44,"Rp149,000",3/2023,0,0,0,https://www.udemy.com/course/krav-maga-official-program-fekm-black-belt-2darga/
How to Systematic Review & Meta Analyze,6448165,ProMed United,"Self-Publishing, General Health, Health & Fitness",Arts & Crafts,Beginner,N/A,4.0,8,59,"Rp149,000",7/2025,42,0,0,https://www.udemy.com/course/how-to-systematic-review-meta-analyze/
THE GD-PI MASTERCLASS,6464817,Sahil Bhaskar,"Interviewing Skills, Job Search, Case Interview, Career Development, Personal Development",Arts & Crafts,Beginner,2.5 hours,5.0,1,5,"Rp149,000",4/2025,0,0,3,https://www.udemy.com/course/the-gd-pi-masterclass/
Anyone will be able to throw a powerful punch! Part1,5836078,尾下正伸 Masanobu Oshita,"Boxing, Sports, Health & Fitness",Arts & Crafts,All Levels,1 hour,4.8,N/A,10,"Rp149,000",2/2024,0,0,0,https://www.udemy.com/course/oshita-style-punch-theory-part1/
MASTERING FILMMAKING FROM SCRIPT TO SCREEN,5679410,Vartan Vartanyan,"Filmmaking, Other Photography & Video, Photography & Video",Arts & Crafts,All Levels,32 mins,4.7,N/A,N/A,"Rp149,000",1/2024,0,0,3,https://www.udemy.com/course/mastering-filmmaking-from-script-to-screen/
Krav Maga -Master any battle regardless of your power,4932416,Bernd Höhle,"Krav Maga, Martial Arts & Self Defense, Health & Fitness",Arts & Crafts,All Levels,2 hours,4.6,9,1037,"Rp149,000",12/2022,39,0,0,https://www.udemy.com/course/krav-maga-master-any-battle-regardless-of-your-power/
Personal and Business Branding Mastery for Business Success,5701802,Tania du Preez,"Personal Branding, Business Branding, Other Design, Design",Arts & Crafts,All Levels,1.5 hours,3.5,2,5,"Rp149,000",12/2023,0,0,0,https://www.udemy.com/course/personal-and-business-branding-mastery-for-business-success/
The Speech Writer's Guide: Mastering the Craft,5231296,Prabh Kirpa Classes,"Speed Reading, Communication, Business",Arts & Crafts,All Levels,34 mins,3.9,39,12896,"Rp149,000",10/2023,0,0,0,https://www.udemy.com/course/mastering-the-art-of-speech-writing/
Create & Deliver Impactful Presentations With Canva & Gen AI,6424655,"Aaishwarya Chandra, Aclaran Academy","Presentation Skills, Business Communication, Communication Skills, ChatGPT, Communication",Arts & Crafts,All Levels,1 hour,2.4,4,590,"Rp159,000",4/2025,7,0,0,https://www.udemy.com/course/create-deliver-impactful-presentations-with-canva-gen-ai/
Strike Pro Certification Masterclass,2130290,Sio Vaspa,"Kickboxing, Self-Defense, Martial Arts, Boxing, Martial Arts & Self Defense",Arts & Crafts,All Levels,1.5 hours,4.8,15,128,"Rp149,000",8/2024,1,0,0,https://www.udemy.com/course/strike-pro-masterclass/
How I Crafted A Landing Page To Convert At 71%,889422,James Canzanella,"Landing Page Optimization, Digital Marketing, Marketing",Arts & Crafts,Beginner,39 mins,4.4,63,1950,Free,1/2018,0,0,0,https://www.udemy.com/course/how-i-crafted-a-landing-page-to-convert-at-71/
Boxing Tips and Techniques Vol. 1 - Fundamentals,1520508,Sport Videos,"Boxing, Martial Arts & Self Defense, Health & Fitness",Arts & Crafts,All Levels,1 hour,4.2,15,72,"Rp149,000",3/2020,0,0,0,https://www.udemy.com/course/boxing-tips-and-techniques-vol-1-fundamentals/
Arduino Motion Mastery: Craft Your Own Intruder Alert!,1297966,"Educational Engineering Team, Ashraf Said AlMadhoun, Educational Engineering","Arduino, Motion Graphics, Hardware, IT & Software",Arts & Crafts,All Levels,1.5 hours,4.2,10,2660,"Rp149,000",2/2026,23,0,0,https://www.udemy.com/course/arduino-motion-detector-step-by-step-guide/
Introduction to Human Psychology - Practice Tests,5037920,Prf. Dr. Bilal Semih Bozdemir,"Psychology, Humanities, Teaching & Academics",Arts & Crafts,All Levels,N/A,5.0,1,60,"Rp159,000",1/2023,0,0,0,https://www.udemy.com/course/introduction-to-human-psychology-practice-tests-j/
How to Build Custom ChatGPT from Scratch: Step by Step,5892212,Manas Roy | GenAI Instructor,"Generative AI (GenAI), ChatGPT, Prompt Engineering, Digital Marketing, No-Code Development",Arts & Crafts,All Levels,2 hours,3.9,19,52,"Rp149,000",4/2024,0,0,0,https://www.udemy.com/course/custom-chatgpt-plus/
Introduction to the Statistics of Poker,4076354,Federico von Borstel,"Poker, Happiness, Personal Development",Arts & Crafts,All Levels,2 hours,2.5,1,12,"Rp149,000",1/2025,0,0,0,https://www.udemy.com/course/introduction-to-poker-t/
Cut Flower Garden for Beginners - From Seed to Bouquet,5696198,Salman Ikram,"Gardening, Home Improvement & Gardening, Lifestyle",Arts & Crafts,Beginner,1.5 hours,3.6,18,180,"Rp149,000",N/A,0,0,0,https://www.udemy.com/course/cut-flower-garden-for-beginners-from-seed-to-bouquet/
Professional Engineer (PE) in Control Systems Exam QA,6173467,Mahendra Singh,"Engineering, Teaching & Academics",Arts & Crafts,Beginner,N/A,2.6,2,23,"Rp149,000",9/2024,0,0,0,https://www.udemy.com/course/professional-engineer-pe-in-control-systems-exam-qa-s/
Designing the Candidate Experience,5883588,Pasha Academy,"Recruiting and Hiring, Human Resources, Business",Arts & Crafts,All Levels,6 hours,5.0,33,1582,"Rp149,000",4/2025,0,0,0,https://www.udemy.com/course/designing-the-candidate-experience-q/
WPF Windows Presentation MCQ Practice Test 2025,6765075,"Abhishek Pattanayak, It's your Nation, biplab kumar mishra","IT Certifications, IT & Software",Arts & Crafts,All Levels,N/A,4.1,N/A,479,"Rp149,000",10/2025,0,0,0,https://www.udemy.com/course/wpf-windows-presentation-mcq-practice-test-2025/
The Academic CV Writing Bootcamp: A Comprehensive Guide,6285597,Reza Shahin,"Resume and CV Writing, Other Teaching & Academics, Teaching & Academics",Arts & Crafts,All Levels,2.5 hours,5.0,2,3,"Rp447,000.00",2/2025,0,0,1,https://www.udemy.com/course/the-art-of-writing-an-academic-cv-a-comprehensive-guide/
Yoga For Low Back Pain,1100246,Justin Sluyter,"Yoga, Pain Relief, Health & Fitness",Arts & Crafts,Beginner,1 hour,4.7,10,112,"Rp149,000",8/2024,1,0,1,https://www.udemy.com/course/yoga-for-low-back-pain/
CompTIA PenTest+ MCQ Bootcamp: Exam UnOfficial Training,5832534,Irfan Azmat,"CompTIA A+, CompTIA Security+, CompTIA Linux+, CompTIA Network+, Network & Security",Arts & Crafts,All Levels,N/A,4.7,N/A,4127,"Rp149,000",2/2025,0,0,0,https://www.udemy.com/course/comptia-pentest-mcq-bootcamp-exam-unofficial-training-2024/
Mandala Art Workshop [ 3 videos + bonus session ],3504368,SKILLaale .,"Mandala, Creativity, Personal Development",Arts & Crafts,Beginner,2 hours,4.2,31,675,Free,9/2020,0,0,0,https://www.udemy.com/course/mandala-art-workshop-skillaale/
Arts & Mindfulness In Education,4982324,Arts Mindfulness,"Mindfulness, Teacher Training, Teaching & Academics",Arts & Crafts,Beginner,N/A,4.2,17,552,"Rp339,000",1/2024,0,0,0,https://www.udemy.com/course/arts-mindfulness-in-education/
Creative Design Studio | Artistry and Design Lab,5879996,Sunil Tatkar,"Creativity, Personal Development",Arts & Crafts,All Levels,1.5 hours,4.2,3,183,Free,4/2025,1,0,0,https://www.udemy.com/course/artistry-and-design-lab-a-happy-skills-growth-course-4-of-5-b/
Affirmation Mastery for Achieving Your Dreams and Goals,6408025,Sandip D Jadhav,"Personal Transformation, Personal Development",Arts & Crafts,All Levels,33 mins,4.1,6,298,Free,1/2025,0,0,1,https://www.udemy.com/course/how-to-write-effective-affirmations-to-achieve-all-your-goals/
Unity for Beginners: Crafting Creatures and 2D Worlds,6674671,Frank Dvorak,"Game Development Fundamentals, C# (programming language), Unity, 2D Game Development, Game Development",Arts & Crafts,Beginner,1 hour,4.4,14,676,Free,1/2026,0,0,13,https://www.udemy.com/course/unity-for-beginners-crafting-creatures-and-2d-worlds/
Public Speaking Essentials: How to Craft Your Personal Story,450914,Josh Withrow,"Public Speaking, Storytelling, Crafting, Personal Branding, Productivity & Professional Skills",Arts & Crafts,All Levels,1 hour,4.6,2364,76015,"Rp159,000",6/2017,3,0,0,https://www.udemy.com/course/public-speaking-essentials/
"LCA,LCC and Non-technological aspects in Sustainable Leather",5487826,"Projects Virtual Campus, Carlos Vaz de Carvalho, Joaquim Manuel Gaião, Concepción Casas, Constantinos Arvanitopoulos, Maya Dimitriadou, Anna Bacardit, Mete MUTLU, Detek Egitim, Joanna Kwiecień-Głuc, Michele Coluccia","Innovation, Management Skills, Industry, Business",Arts & Crafts,Intermediate,1.5 hours,4.7,11,453,Free,7/2024,0,0,0,https://www.udemy.com/course/lcalcc-and-non-technological-aspects-in-sustainable-leather/
Journey into Imagination: The Art of Storytelling,5727174,Arthur Fong,"Storytelling, Personal Transformation, Personal Development",Arts & Crafts,All Levels,2 hours,3.9,12,1153,Free,2/2024,0,0,2,https://www.udemy.com/course/journey-into-the-art-of-storytelling/
Crafting Your Offer: Turning prospects into customers,6070365,Keap Academy,"Digital Marketing, Sales, Business",Arts & Crafts,Beginner,33 mins,4.4,3,428,Free,7/2024,0,0,0,https://www.udemy.com/course/the-offer/
Silambattam for beginners,4329092,Evangeline Rajakumar,"Martial Arts, Martial Arts & Self Defense, Health & Fitness",Arts & Crafts,Beginner,31 mins,4.5,27,1094,Free,10/2021,0,0,0,https://www.udemy.com/course/silambattam-for-beginners/
Mindset transformation: Craft the life you desire,5403380,Pradnya Sachin Mane,"Personal Transformation, Mindset, Life Purpose, Mind Mapping, Personal Development",Arts & Crafts,All Levels,1 hour,4.2,4,486,Free,6/2023,0,0,0,https://www.udemy.com/course/mindset-transformation-craft-the-life-you-desire/
Learn How To Make Your Own Juggling Balls,3033454,Niklas Kleberg,"Juggling, Creativity, Personal Development",Arts & Crafts,Beginner,1 hour,3.9,30,4925,Free,3/2025,0,0,1,https://www.udemy.com/course/learn-how-to-juggle-and-how-to-make-your-own-juggling-balls/
Machinations Essentials,6237293,Nicolás Alejandro Munafó Lorenzo,"Other IT & Software, IT & Software",Arts & Crafts,Beginner,1 hour,4.5,50,734,Free,10/2024,16,0,0,https://www.udemy.com/course/machinations-essentials/
Martial Arts Kung Fu Workout & Fitness Training Routines,1496750,David Wong,"Martial Arts, Fitness, Martial Arts & Self Defense, Health & Fitness",Arts & Crafts,All Levels,1 hour,4.1,112,14694,Free,1/2019,0,0,0,https://www.udemy.com/course/martial-arts-workout-fitness/
How to write case studies that convert / Sucess stories,4396602,Viktor Osadchii,"Business Case, Content Marketing, Marketing",Arts & Crafts,Intermediate,1 hour,4.3,9,234,Free,10/2023,0,0,4,https://www.udemy.com/course/how-to-write-case-studies-that-convert/
Prompt Engineering for Beginners: Unlock Power of ChatGPT,6565501,Big Data Trunk,"IT Certifications, IT & Software",Arts & Crafts,Beginner,30 mins,4.0,63,1369,Free,4/2025,10,0,0,https://www.udemy.com/course/prompt-engineering-for-beginners/
"17 BEST Self Defense Finishing Moves, Brazilian Jiu Jitsu",852532,David Wong,"Brazilian Jiu-Jitsu, Self-Defense, Martial Arts & Self Defense, Health & Fitness",Arts & Crafts,All Levels,2 hours,4.5,48,4935,Free,8/2016,0,0,0,https://www.udemy.com/course/wing-chun-for-beginners-level-5-learn-fight-enders-full/
Learn the Fine Arts of Vfx using premiere pro,4489238,Duane Thomas Dsouza,"VFX Compositing, VFX Visual Effects, Video Design, Photography & Video",Arts & Crafts,Beginner,31 mins,3.8,18,2379,Free,12/2025,0,0,0,https://www.udemy.com/course/learn-the-dark-arts-of-vfx-using-premiere-pro-under-30-min/
LinkedIn Profile Secrets: Craft an Amazing Linkedin Profile,713540,Melody Wilding,"LinkedIn, Marketing Strategy, Paid Advertising, Marketing",Arts & Crafts,All Levels,1.5 hours,3.9,104,1690,Free,10/2023,0,0,0,https://www.udemy.com/course/advertising-with-linkedin/
Video Editing with Final Cut Pro X: Beginners Guide to FCPX,5912630,Free Courses On Udemy,"Video Editing, Final Cut Pro, Apple Motion, Audio Editing, Other IT & Software",Arts & Crafts,Beginner,1 hour,4.1,10,683,Free,5/2025,1,0,0,https://www.udemy.com/course/video-editing-with-final-cut-pro-x-beginners-guide-to-fcpx/
Crafting Horror Fiction for Books and Movies,5485146,Marianne Podgorski,"Creativity, Personal Development",Arts & Crafts,All Levels,31 mins,4.7,3,40,"Rp149,000",7/2024,40,0,0,https://www.udemy.com/course/horror-fiction-to-film/
Wing Chun Kung Fu Masters Course Dragon Sifu - Martial Arts,4506236,Dragon Sifu,"Wing Chun, Martial Arts & Self Defense, Health & Fitness",Arts & Crafts,All Levels,10 hours,4.6,357,2248,"Rp149,000",1/2024,0,0,12,https://www.udemy.com/course/wing-chun-masters-course-dragon-sifu/
Optimising Creativity for Health & WellBeing Throughout Life,4028306,Maria Simonelli,"Creativity, Personal Development",Arts & Crafts,Beginner,1 hour,5.0,1,2,"Rp149,000",5/2021,0,0,15,https://www.udemy.com/course/optimising-creativity-for-health-wellbeing-throughout-life/
Crafting Memorable Characters: Creative Writing QWIK Course,6638415,Trace Crawford,"Creative Writing, Screenwriting and Scriptwriting, Blogging, Fiction Writing, Creativity",Arts & Crafts,All Levels,1 hour,4.4,5,50,"Rp149,000",7/2025,0,0,22,https://www.udemy.com/course/crafting-memorable-characters-creative-writing-qwik-course/
"Building a Crafting Game, with GameMaker",2496518,Gurpreet Singh Matharoo,"GameMaker, 2D Game Development, Game Development, Development",Arts & Crafts,Beginner,6 hours,4.6,823,3568,"Rp159,000",5/2022,5,0,1,https://www.udemy.com/course/crafting/
"Martial Arts For Kids, Teens & Adults",2894770,Eric Jones,"Self-Defense, Confidence, Martial Arts, Personal Development, Martial Arts & Self Defense",Arts & Crafts,Beginner,1 hour,4.7,5,62,"Rp149,000",3/2025,0,0,0,https://www.udemy.com/course/the-best-online-self-defense-muscle-memory-course/
Mastering the Metaphysical Arts and Self-Discovery,6195463,Niyazi Harmanbaşı,"Mental Health, Personal Development, Personal Transformation",Arts & Crafts,All Levels,37 mins,5.0,2,4,"Rp149,000",9/2024,0,0,0,https://www.udemy.com/course/mastering-the-metaphysical-arts-and-self-discovery/
The Bestseller Blueprint: Crafting High-Concept Story Ideas,827314,"Jessica Brody, Writing Mastery","Writing, Brainstorming Strategies, Creative Writing, Sales Skills, Communication",Arts & Crafts,All Levels,1.5 hours,4.7,1902,10012,"Rp159,000",12/2024,2,0,15,https://www.udemy.com/course/writing-mastery-creating-high-concept-ideas-that-sell/
Gymnastics Fundamentals — Basic Acrobatics For Beginners,3483732,Inauen Thomas,"Gymnastics, Sports, Health & Fitness",Arts & Crafts,Beginner,2 hours,4.7,52,846,"Rp159,000",3/2025,11,0,6,https://www.udemy.com/course/gymnastics-fundamentals-basic-acrobatics-for-beginners/
Silambam for fitness - An Ancient Martial Arts,4449132,Vijayarajan Ramanathan,"Martial Arts, Fitness, Martial Arts & Self Defense, Health & Fitness",Arts & Crafts,Beginner,3.5 hours,4.7,24,1316,"Rp849,000",10/2023,0,0,0,https://www.udemy.com/course/learn-silambam/
Martial Arts - Kenjutsu - Longsword Drawing Foundation,2047067,Richard Roth,"Martial Arts, Sword, Martial Arts & Self Defense, Health & Fitness",Arts & Crafts,Beginner,1 hour,4.7,36,277,"Rp149,000",2/2019,0,0,0,https://www.udemy.com/course/martial-arts-battoujutsu-longsword-drawing-foundation/
Martial Arts - Kenjutsu - Beginner Dagger,2163894,Richard Roth,"Martial Arts, Martial Arts & Self Defense, Health & Fitness",Arts & Crafts,Beginner,1 hour,4.7,18,144,"Rp149,000",2/2021,0,0,0,https://www.udemy.com/course/martial-arts-kenjutsu-dagger-foundation/
The Complete Boxing Fitness & Skills Certificate Course,5534064,Matt Garcia,"Boxing, Fitness, Health & Fitness",Arts & Crafts,All Levels,14.5 hours,4.7,345,8776,"Rp149,000",4/2025,0,0,0,https://www.udemy.com/course/total-boxer-boxing-fitness-skills-course/
Martial Arts - Kenjutsu - Long-sword Foundation,1983872,Richard Roth,"Martial Arts, Sword, Martial Arts & Self Defense, Health & Fitness",Arts & Crafts,Beginner,1 hour,4.8,111,715,"Rp149,000",2/2019,0,0,0,https://www.udemy.com/course/martial-arts-kenjutsu-longsword-foundation/
Crafting a great graphic design portfolio,4218954,Jeremy Mura,"Professional Portfolio, Graphic Design, Graphic Design & Illustration, Design",Arts & Crafts,Beginner,2 hours,4.4,41,209,"Rp149,000",8/2021,0,0,0,https://www.udemy.com/course/crafting-a-great-graphic-design-portfolio/
"Muay Thai, Kick Boxing Training: From Zero to Pro",2829066,Barbaros Özeller,"Kickboxing, Boxing, Martial Arts & Self Defense, Health & Fitness",Arts & Crafts,All Levels,10.5 hours,4.6,229,2604,"Rp149,000",2/2026,4,0,6,https://www.udemy.com/course/heavy-bag-training-system/
Covenant Conjure - Defense Against The Black Arts,1008824,Stacey Tallitsch,"Hoodoo, Esoteric Practices, Lifestyle",Arts & Crafts,Intermediate,4 hours,4.8,578,2920,"Rp149,000",8/2020,0,0,16,https://www.udemy.com/course/covenant-conjure/
Shotokan Karate for Beginners,3888214,Zen-Shin Martial Arts Academy,"Karate, Self-Discipline, Fitness, Self-Defense, Martial Arts & Self Defense",Arts & Crafts,Beginner,4 hours,4.8,22,167,"Rp149,000",4/2021,1,0,1,https://www.udemy.com/course/zenshinbeginnerkaratecourse/
Martial Arts - Taijutsu - Beginner Foundation,1920616,Richard Roth,"Martial Arts, Fitness, Taijutsu, Martial Arts & Self Defense, Health & Fitness",Arts & Crafts,Beginner,1 hour,4.6,26,234,"Rp149,000",9/2018,0,0,0,https://www.udemy.com/course/taijutsu-beginner-foundation/
Master the Craft of Artisan Pizza,1389042,Dragan Matijevic,"Pizza, Food & Beverage, Lifestyle",Arts & Crafts,All Levels,1.5 hours,4.5,328,2221,"Rp149,000",2/2020,8,0,24,https://www.udemy.com/course/master-the-craft-of-artisan-pizza/
Ancient Chinese martial arts:Tiger Fist KungFu for beginners,6464193,Wonder Orient,"Martial Arts, Kung Fu, Self-Defense, Health, Martial Arts & Self Defense",Arts & Crafts,All Levels,1.5 hours,5.0,292,480,"Rp149,000",4/2025,0,0,0,https://www.udemy.com/course/fierce-tiger-fist-kung-fu-learn-the-power-of-the-tiger/
Fine art and it's grammar,5155960,Kumar Avinash,"Painting, Sketching, Online Education, Teaching & Academics",Arts & Crafts,Beginner,1 hour,4.7,N/A,N/A,"Rp149,000",3/2023,0,0,0,https://www.udemy.com/course/fine-art-and-its-grammar/
Learning Bokator (Cambodian Ancient Martial Art),4255198,Pouv Pich,"Martial Arts, Martial Arts & Self Defense, Health & Fitness",Arts & Crafts,All Levels,1 hour,4.6,20,113,"Rp149,000",8/2021,0,0,0,https://www.udemy.com/course/learning-bokator-cambodian-ancient-martial-art/
Martial Arts - Ninjutsu - Beginner Foundation,1908132,Richard Roth,"Martial Arts, Fitness, Yoga, Martial Arts & Self Defense, Health & Fitness",Arts & Crafts,Beginner,1.5 hours,4.5,93,441,"Rp149,000",10/2018,0,0,0,https://www.udemy.com/course/ninjutsu-beginner-foundation/
Martial Arts - Kenjutsu - Shortsword Foundation,2163880,Richard Roth,"Martial Arts, Martial Arts & Self Defense, Health & Fitness",Arts & Crafts,Beginner,1 hour,4.6,21,138,"Rp149,000",1/2019,0,0,0,https://www.udemy.com/course/martial-arts-kenjutsu-shortsword-foundation/
The Ultimate Jeet Kune Do Beginner Course,6279395,"Sifu Rob Doggett, The JKD Process","Jeet Kune Do, Martial Arts, Self-Defense, Martial Arts & Self Defense, Health & Fitness",Arts & Crafts,Beginner,10.5 hours,4.7,45,389,"Rp149,000",11/2024,0,0,0,https://www.udemy.com/course/the-ultimate-jeet-kune-do-beginner-course/
Martial Arts - Ninjutsu - Beginner Secret Fighting,2068139,Richard Roth,"Martial Arts, Martial Arts & Self Defense, Health & Fitness",Arts & Crafts,Beginner,1 hour,4.6,37,245,"Rp149,000",1/2021,0,0,0,https://www.udemy.com/course/martial-arts-nintaijutsu-secret-fighting-foundation/
The Creative Teacher 1: Building your creative pedagogy,4797802,Ruth Churchill Dower,"Early Childhood Education, Teacher Training, Teaching & Academics",Arts & Crafts,All Levels,1 hour,4.4,19,62,"Rp149,000",10/2022,0,0,3,https://www.udemy.com/course/the-creative-teacher-1-why-is-creativity-so-important/
HeavyBody Foundations - Finding Power in Softness,1760062,Christopher Davis,"Health, Martial Arts, Tai Chi, Qigong, Other Health & Fitness",Arts & Crafts,Beginner,2.5 hours,4.9,23,197,"Rp149,000",6/2018,1,0,0,https://www.udemy.com/course/heavybody-foundations/
Crafting Pixel Perfect Icons – The Right Way!,2320474,Icon Utopia,"Icon Design, Illustration, Adobe Illustrator, Graphic Design & Illustration, Design",Arts & Crafts,All Levels,1 hour,4.1,48,181,"Rp149,000",10/2019,0,0,1,https://www.udemy.com/course/crafting-pixel-perfect-icons-the-right-way/
Martial Arts - Ninjutsu - Secret Fighting Framework,2070959,Richard Roth,"Martial Arts, Martial Arts & Self Defense, Health & Fitness",Arts & Crafts,Intermediate,36 mins,4.7,14,128,"Rp149,000",2/2019,0,0,0,https://www.udemy.com/course/martial-arts-nintaijutsu-secret-fighting-framework/
TRITAC Combatives System: 'No Rules' MMA ... with Weapons,2381622,Matthew Bryers,"Close Combat, Martial Arts, Self-Defense, Martial Arts & Self Defense, Health & Fitness",Arts & Crafts,All Levels,7.5 hours,4.7,301,2373,"Rp149,000",6/2019,0,0,0,https://www.udemy.com/course/tritac-combatives/
Mastering the Martial Arts 101 One-Step Sparring Techniques,5527600,Sport Videos,"Martial Arts, Sports, Health & Fitness",Arts & Crafts,All Levels,1.5 hours,5.0,1,12,"Rp149,000",8/2023,0,0,0,https://www.udemy.com/course/mastering-the-martial-arts-101-one-step-sparring-techniques/
Gymnastics — Assistance Exercises To Learn Acrobatics,3733002,Inauen Thomas,"Gymnastics, Martial Arts, Sports, Health & Fitness",Arts & Crafts,Beginner,3 hours,4.8,26,486,"Rp149,000",3/2025,13,0,1,https://www.udemy.com/course/gymnastics-assistance-exercises-to-learn-acrobatics/
Martial Arts - Taijutsu - Beginner Vital Point Striking,2052035,Richard Roth,"Martial Arts, Karate, Taijutsu, Martial Arts & Self Defense, Health & Fitness",Arts & Crafts,Beginner,1 hour,4.6,17,184,"Rp149,000",11/2020,0,0,0,https://www.udemy.com/course/martial-arts-kosshijutsu-vital-point-striking-foundation/
"Elevator Pitch: Write, Craft, & Deliver a Perfect Pitch",5868348,Rob Spence,"Entrepreneurship Fundamentals, Personal Branding, Presentation Skills, Investor Pitching, Sales",Arts & Crafts,All Levels,1 hour,4.8,8,32,"Rp149,000",4/2024,1,0,2,https://www.udemy.com/course/perfect-elevator-pitch/
The Art of Striking,3235161,Thomas Kincaid,"Martial Arts, Martial Arts & Self Defense, Health & Fitness",Arts & Crafts,All Levels,4 hours,4.8,16,175,"Rp149,000",6/2020,0,0,0,https://www.udemy.com/course/the-art-of-striking/
"Minecraft 101: Learn to Play, Craft, Build, & Save the Day",448994,Ryan Carter,"Minecraft, Games & Gaming, Lifestyle",Arts & Crafts,Beginner,4 hours,4.6,70,1089,"Rp149,000",5/2016,7,0,0,https://www.udemy.com/course/minecraft-basics-for-parents-teachers-educators/
"The Creative Teacher 2: Role Play, Puppetry & Story-telling",4856394,Ruth Churchill Dower,"Early Childhood Education, Teacher Training, Teaching & Academics",Arts & Crafts,All Levels,1 hour,4.4,21,73,"Rp149,000",10/2022,0,0,3,https://www.udemy.com/course/the-creative-teacher-2-roleplay-puppetry-storytelling/
"Boxing Training Course, Complete Workout Set",3274392,Barbaros Özeller,"Boxing, Self-Defense, Martial Arts & Self Defense, Health & Fitness",Arts & Crafts,All Levels,11 hours,4.7,520,5140,"Rp149,000",10/2025,3,0,1,https://www.udemy.com/course/raw-boxing/
Flips & Kicks — Beginner Guide for Martial Arts & Gymnastics,2006854,Inauen Thomas,"Gymnastics, Martial Arts, Sports, Health & Fitness",Arts & Crafts,Beginner,3.5 hours,4.8,57,737,"Rp149,000",3/2025,7,0,3,https://www.udemy.com/course/acrobatic-flips-kicks-complete-beginner-to-advanced-guide/
Retail Market Strategy: Crafting Winning Market Strategies,6659005,Dr. Muhammad Tahir Jan,"Marketing Strategy, Business Strategy, Marketing Fundamentals, Marketing",Arts & Crafts,All Levels,1 hour,4.6,2,418,"Rp149,000",3/2026,1,0,0,https://www.udemy.com/course/retailmarketstrategy/
Learn to Teach Math with Dance Introductory Mini-Course,4816874,Miranda Abbott,"Dance, Math, Teaching & Academics",Arts & Crafts,All Levels,1 hour,4.7,4,1015,"Rp149,000",3/2023,0,0,1,https://www.udemy.com/course/teach-math-dance/
Martial Arts - Kenjutsu - Intermediate Longsword,3718266,Richard Roth,"Martial Arts, Sword, Martial Arts & Self Defense, Health & Fitness",Arts & Crafts,Intermediate,1 hour,4.5,15,237,"Rp149,000",12/2020,0,0,0,https://www.udemy.com/course/martial-arts-kenjutsu-intermediate-longsword/
DALL-E and Others: Arts Generation Insider Tips and Tricks,6049363,Tunde Victor Olonitola,"DALL·E, Design Tools, Design",Arts & Crafts,All Levels,3 hours,4.2,12,1031,"Rp149,000",1/2026,0,0,0,https://www.udemy.com/course/dall-e-and-others-arts-generation-insider-tips-and-tricks/
Stick baton how to use in Krabi Krabong Thai martial art,3888650,Chanuphon Yodsamai,"Self-Defense, Martial Arts & Self Defense, Health & Fitness",Arts & Crafts,Beginner,1.5 hours,4.8,25,203,"Rp149,000",3/2021,0,0,0,https://www.udemy.com/course/stick-baton-how-to-use-in-krabi-krabong-thai-martial-art/
Level 2 Double sword in Krabi krabong Thai martial art,3827224,Chanuphon Yodsamai,"Close Combat, Self-Defense, Sword, Martial Arts & Self Defense, Health & Fitness",Arts & Crafts,Intermediate,1 hour,4.8,29,241,"Rp149,000",2/2021,0,0,0,https://www.udemy.com/course/level-2-double-sword-in-krabi-krabong-thai-martial-art/
Wing Chun Chum Kiu (Cham Kiu) Second Form - Martial Arts,3377966,Dragon Sifu,"Martial Arts, Wing Chun, Martial Arts & Self Defense, Health & Fitness",Arts & Crafts,Intermediate,3.5 hours,4.6,19,245,"Rp149,000",1/2023,0,0,0,https://www.udemy.com/course/wing-chun-chum-kiu-cham-kiu-second-form-martial-arts/
Adobe Firefly Mastery Course - Crafting Magic with Firefly,5911782,Ukpoewole Enupe,"Adobe Firefly, Adobe Photoshop, Digital Art, Generative AI (GenAI), Other Design",Arts & Crafts,All Levels,4 hours,4.3,233,13219,"Rp149,000",4/2026,1,0,4,https://www.udemy.com/course/crafting-magic-with-firefly/
Martial Arts Mastery - Brazilian Jiu Jitsu - Sayonara Guard,1425054,Chris Pizzo,"Brazilian Jiu-Jitsu, Martial Arts, Martial Arts & Self Defense, Health & Fitness",Arts & Crafts,Intermediate,30 mins,4.7,34,262,"Rp149,000",11/2017,0,0,0,https://www.udemy.com/course/sayonara-guard/
Double sword in Krabi krabong Thai martial art level 1,3819790,Chanuphon Yodsamai,"Sword, Close Combat, Self-Defense, Martial Arts & Self Defense, Health & Fitness",Arts & Crafts,Beginner,1 hour,4.8,56,383,"Rp149,000",2/2021,0,0,0,https://www.udemy.com/course/double-sword-in-krabi-krabong-thai-martial-art-level-1/
The SQL Programming Essentials Immersive Training,4276906,"SDE Arts, Ahmed El Mohandes","SQL, Database Design & Development, Development",Arts & Crafts,All Levels,3.5 hours,4.5,1641,128224,"Rp149,000",6/2023,0,0,4,https://www.udemy.com/course/the-sql-programming-essentials-immersive-training/
Silambam & Kalari : learn Ancient Indian Bo Staff in 24 days,3950330,Sabari Karthik,"Martial Arts, Martial Arts & Self Defense, Health & Fitness",Arts & Crafts,Beginner,11.5 hours,4.8,105,896,"Rp849,000",1/2022,0,0,0,https://www.udemy.com/course/silambam/
Clip Studio Paint Pro/Ex (Manga Studio 5),1041470,"Brian Jackson, Writing a Book with ChatGPT AI, Creative Writing , Nonfiction, Amazon KDP Self-publishing. Moho 2D Animation, AI","Clip Studio Paint, 3D Animation, Digital Art, Figure Drawing, Arts & Crafts",Arts & Crafts,Beginner,17.5 hours,4.1,832,10751,"Rp249,000",6/2022,30,0,6,https://www.udemy.com/course/digital-figure-drawing-using-3d-models-in-clip-studio-paint/
Judo Success Secrets 2.0,1709546,Rhadi Ferguson,"Martial Arts, Martial Arts & Self Defense, Health & Fitness",Arts & Crafts,Intermediate,9.5 hours,4.6,19,207,"Rp149,000",5/2018,0,0,0,https://www.udemy.com/course/judosuccess/
Kyusho Atemi Martial Arts - Kyusho-Jitsu Basic Techniques,6555551,Mario Masberg,"Martial Arts, Martial Arts & Self Defense, Health & Fitness",Arts & Crafts,All Levels,1 hour,4.0,1,6,"Rp149,000",4/2025,0,0,0,https://www.udemy.com/course/kyusho-atemi-martial-arts-kyusho-jitsu-basic-techniques-q/
Learn to Program with C# from Scratch | C# Immersive,4465000,"SDE Arts, Ahmed El Mohandes","C# (programming language), Programming Languages, Development",Arts & Crafts,All Levels,4 hours,4.3,791,80991,"Rp149,000",6/2023,0,0,8,https://www.udemy.com/course/learn-coding-with-c-from-scratch-c-comprehensive-course/
Siu Nim Tao Part 1 - Chu Shong Tin's Method of Wing Chun,5301652,Sifu Nima King,"Wing Chun, Kung Fu, Martial Arts & Self Defense, Health & Fitness",Arts & Crafts,Beginner,14.5 hours,4.8,40,380,"Rp149,000",5/2023,8,0,0,https://www.udemy.com/course/siu-nim-tao-part-1-chu-shong-tins-method-of-wing-chun/
Gymnastics Fundamentals — Handstand Progression Guide,4785484,Inauen Thomas,"Gymnastics, Sports, Health & Fitness",Arts & Crafts,Beginner,2 hours,4.3,17,241,"Rp149,000",3/2025,7,0,4,https://www.udemy.com/course/gymnastics-fundamentals-handstand-progression-guide/
Giant Organza Daisy Tutorial,6698063,Trang Suchin,"Crafting, Arts & Crafts, Lifestyle",Arts & Crafts,Beginner,1 hour,5.0,N/A,N/A,"Rp149,000",7/2025,0,0,1,https://www.udemy.com/course/giant-organza-daisy-tutorial/
Kid's Anti-Bully Self Defense: Christian Martial Art Paideia,946048,Kalos Agon,"Self-Defense, Christianity, Martial Arts, Martial Arts & Self Defense, Health & Fitness",Arts & Crafts,Beginner,3 hours,4.6,38,262,"Rp149,000",9/2016,0,0,0,https://www.udemy.com/course/kids-anti-bully-self-defense-christian-martial-art-bjj-karate-tkd-mma/
Flips & Kicks — Intermediate Guide Martial Arts & Gymnastics,2569154,Inauen Thomas,"Gymnastics, Sports, Health & Fitness",Arts & Crafts,Intermediate,3.5 hours,5.0,8,156,"Rp159,000",3/2025,8,0,3,https://www.udemy.com/course/acrobatic-flips-kicks-complete-intermediate-level-guide/
The Original Tai Chi Martial Art - Chen Style Old Form One,2772886,David Yao,"Tai Chi, Fitness, Health & Fitness",Arts & Crafts,Intermediate,9 hours,4.3,23,2839,"Rp149,000",3/2021,0,0,0,https://www.udemy.com/course/the-original-tai-chi-martial-art-chen-style-old-form-one/
Boxing For Self Defense Fitness and Martial Arts,2323508,Taylor Kelley,"Boxing, Martial Arts & Self Defense, Health & Fitness",Arts & Crafts,All Levels,1 hour,4.9,22,193,"Rp149,000",4/2019,0,0,0,https://www.udemy.com/course/boxing-for-self-defense-fitness-and-martial-arts/
Learn Chinese Martial Arts-Praying Mantis Kung Fu Techniques,2170040,David Wong,"Martial Arts, Kung Fu, Martial Arts & Self Defense, Health & Fitness",Arts & Crafts,All Levels,1 hour,4.5,26,163,"Rp149,000",1/2019,0,0,0,https://www.udemy.com/course/top-10-praying-mantis-kung-fu-techniques-for-beginners/
Martial Arts Masters,3627164,"Justin Hagen, M.Ed","Philosophy, Martial Arts, Mental Health, Health & Fitness",Arts & Crafts,Beginner,3.5 hours,4.6,17,3892,"Rp149,000",11/2020,0,0,15,https://www.udemy.com/course/martialartsmasters/
Brazilian Jiu-Jitsu Techniques Vol. 8 - Mixed Martial Arts,5632374,Sport Videos,"Martial Arts, Sports, Health & Fitness",Arts & Crafts,All Levels,1 hour,5.0,2,20,"Rp149,000",10/2023,0,0,0,https://www.udemy.com/course/brazilian-jiu-jitsu-techniques-vol-8-mixed-martial-arts/
"MMA Training, Extreme body tranformation (NO EQUIPMENT)",3282430,Barbaros Özeller,"Fat Loss, Fitness, Health & Fitness",Arts & Crafts,All Levels,7 hours,4.7,187,2137,"Rp159,000",3/2024,1,0,2,https://www.udemy.com/course/cardio-martial-arts/
Japanese Swordsmanship Vol.1 The Art of the Samurai,6848899,Mario Masberg,"Martial Arts, Martial Arts & Self Defense, Health & Fitness",Arts & Crafts,All Levels,1 hour,4.7,3,19,"Rp149,000",9/2025,0,0,0,https://www.udemy.com/course/japanese-swordsmanship-vol1-the-art-of-the-samurai/
The Creative Teacher 7: Exploring with Photography and Video,4861440,Ruth Churchill Dower,"Education, Photography, Teacher Training, Teaching & Academics",Arts & Crafts,All Levels,40 mins,4.5,1,11,"Rp447,000.00",10/2022,0,0,3,https://www.udemy.com/course/the-creative-teacher-7-photography-and-video/
Muay Thai Basic Techniques,1869138,Christoph Delp,"Muay Thai, Kickboxing, Martial Arts, Martial Arts & Self Defense, Health & Fitness",Arts & Crafts,All Levels,2.5 hours,4.5,544,3681,"Rp159,000",4/2019,12,0,0,https://www.udemy.com/course/muaythai-basics/
Pencak Silat - Pamonyet - The Monkey Fighting System Vol.2,5882236,Mario Masberg,"Martial Arts, Martial Arts & Self Defense, Health & Fitness",Arts & Crafts,All Levels,2 hours,5.0,1,42,"Rp149,000",3/2024,0,0,0,https://www.udemy.com/course/pencak-silat-pamonyet-the-monkey-fighting-system-vol2/
Muay Thai: Intensive Training,1881042,Christoph Delp,"Muay Thai, Kickboxing, Martial Arts & Self Defense, Health & Fitness",Arts & Crafts,All Levels,1.5 hours,4.8,92,778,"Rp149,000",7/2024,8,0,0,https://www.udemy.com/course/muaythai-training/
Build and craft Virtual Reality experiences,684864,Hackademy _,"Virtual Reality, Unity, Other IT & Software, IT & Software",Arts & Crafts,Intermediate,2.5 hours,4.3,27,303,"Rp149,000",4/2023,12,0,7,https://www.udemy.com/course/your-vr-experiences/
The Complete Course For Krav Maga. (Practitioner 1-5 Level),3088624,Panos Zacharios,"Krav Maga, Boxing, Fitness, Self-Defense, Martial Arts & Self Defense",Arts & Crafts,All Levels,7 hours,4.8,2140,19345,"Rp149,000",2/2021,1,0,0,https://www.udemy.com/course/the-complete-course-for-krav-maga/
Principles of flips and tricks combination,2388940,Sio Vaspa,"Parkour, Calisthenics, Gymnastics, Martial Arts, Sports",Arts & Crafts,Intermediate,1.5 hours,5.0,2,62,"Rp149,000",11/2019,0,0,0,https://www.udemy.com/course/advance-principles-of-flips-and-tricks-combination/
Running A Dojo,33844,Adam Mitchell,"Dojo, Running, Martial Arts & Self Defense, Health & Fitness",Arts & Crafts,All Levels,9 hours,4.6,114,721,"Rp149,000",1/2016,2,0,17,https://www.udemy.com/course/running-a-dojo/
TaiChi Broadsword For Building Strength & Flexibility,4652092,Wu Yuping,"Tai Chi, Martial Arts & Self Defense, Health & Fitness",Arts & Crafts,Beginner,2 hours,4.8,9,114,"Rp149,000",5/2022,0,0,0,https://www.udemy.com/course/taichi-broadsword-for-building-strength-flexibility/
Martial Arts - Jujutsu - Beginner Foundation,1943630,Richard Roth,"Martial Arts, Breathing Techniques, Yoga, Martial Arts & Self Defense, Health & Fitness",Arts & Crafts,Beginner,1 hour,4.5,18,191,"Rp149,000",2/2019,0,0,0,https://www.udemy.com/course/martial-arts-jujutsu-beginner-foundation/
Taijutsu Fundamentals,126156,Adam Mitchell,"Taijutsu, Martial Arts & Self Defense, Health & Fitness",Arts & Crafts,All Levels,7 hours,4.9,229,2031,"Rp149,000",5/2014,0,0,8,https://www.udemy.com/course/taijutsu-fundamentals/
Warrior Jujitsu,7020683,Mario Masberg,"Martial Arts, Martial Arts & Self Defense, Health & Fitness",Arts & Crafts,All Levels,1 hour,4.5,1,9,"Rp149,000",1/2026,0,0,0,https://www.udemy.com/course/warrior-jujitsu/
Crafting Game Narratives for Micro-Dramas,6527425,Isaac Yap,"Short Story Writing, Storytelling, Game Design, Design",Arts & Crafts,All Levels,39 mins,4.1,10,21,"Rp149,000",4/2025,4,0,0,https://www.udemy.com/course/crafting-game-narratives-for-micro-dramas/
Martial Arts Mastery - Brazilian Jiu Jitsu - Killer Crucifix,1426246,Chris Pizzo,"Brazilian Jiu-Jitsu, Martial Arts, Martial Arts & Self Defense, Health & Fitness",Arts & Crafts,All Levels,31 mins,4.8,28,310,"Rp149,000",11/2017,0,0,0,https://www.udemy.com/course/killer-crucifix/
White Crane Tai Chi: 32 count form,3863488,Spencer Bolejack,"Tai Chi, Meditation, Health & Fitness",Arts & Crafts,Beginner,1.5 hours,4.9,8,52,"Rp149,000",2/2021,0,0,0,https://www.udemy.com/course/white-crane-tai-chi-32-count-form/
Devil stick basics how to start with stick,3684288,Chanuphon Yodsamai,"PlayMaker, Creativity, Personal Development",Arts & Crafts,Beginner,1 hour,4.8,12,5402,"Rp447,000.00",9/2023,0,0,0,https://www.udemy.com/course/devil-stick-basics-how-to-start-with-stick/
Kung Fu Bachi-Ki-Do - The New Way of Martial Arts,5364238,Mario Masberg,"Martial Arts, Martial Arts & Self Defense, Health & Fitness",Arts & Crafts,All Levels,1 hour,5.0,1,6,"Rp149,000",6/2023,0,0,0,https://www.udemy.com/course/kung-fu-bachi-ki-do-the-new-way-of-martial-arts/
Crafting the Perfect Job Application with HR Insider Tips,5758538,Thomas Werzinger,"Job Search, Career Development, Personal Development",Arts & Crafts,All Levels,2.5 hours,5.0,34,2321,"Rp149,000",3/2025,0,0,11,https://www.udemy.com/course/the-perfect-application/
Long Baton or Bo Staff how to self defense in Krabikrabong,3898838,Chanuphon Yodsamai,"Close Combat, Martial Arts & Self Defense, Health & Fitness",Arts & Crafts,Beginner,1.5 hours,4.6,30,263,"Rp149,000",3/2021,0,0,0,https://www.udemy.com/course/long-baton-or-bo-staff-how-to-self-defense-in-krabikrabong/
The Ultimate Home Boxing Training Course - 50+ videos,5823014,Matt Garcia,"Boxing, Fitness, Health & Fitness",Arts & Crafts,All Levels,12.5 hours,4.9,61,2652,"Rp149,000",6/2024,0,0,0,https://www.udemy.com/course/the-ultimate-home-boxing-training-course/
Okinawa Strengthening for Karate and Martial Arts,6487515,Mario Masberg,"Martial Arts, Martial Arts & Self Defense, Health & Fitness",Arts & Crafts,All Levels,1 hour,4.1,4,16,"Rp149,000",2/2025,0,0,0,https://www.udemy.com/course/okinawa-strengthening-for-karate-and-martial-arts/
Elbow basics in muay thai martial art Of Thailand,3987962,Chanuphon Yodsamai,"Muay Thai, Martial Arts & Self Defense, Health & Fitness",Arts & Crafts,Beginner,1 hour,4.8,28,189,"Rp149,000",4/2021,0,0,0,https://www.udemy.com/course/elbow-basics-in-muay-thai-martial-art-of-thailand/
Spinning and swing long baton for control weapons,3354464,Chanuphon Yodsamai,"Martial Arts, Martial Arts & Self Defense, Health & Fitness",Arts & Crafts,Beginner,2 hours,4.7,24,2491,"Rp149,000",9/2025,0,0,0,https://www.udemy.com/course/spinning-and-swing-long-baton-for-control-weapons/
"A - Z Freestyle Certify Gymnastics, MA, Calisthenic course",4599976,Sio Vaspa,"Fitness, Health & Fitness",Arts & Crafts,All Levels,6 hours,4.9,6,194,"Rp149,000",8/2024,1,0,0,https://www.udemy.com/course/a-z-freestyle-gymnastics-martial-arts-calisthenic-course/
"Move, Breathe, Live: Authentic Wudang Qi Gong & KungFu",6411405,Maurijn Bracke,"Kung Fu, Qigong, Martial Arts & Self Defense, Health & Fitness",Arts & Crafts,All Levels,12 hours,4.8,30,183,"Rp149,000",2/2025,0,0,4,https://www.udemy.com/course/start-2-kungfu-kickstart-your-kungfu-lifestyle-complete-course/
Okinawan White Crane Karate - Speed and Evasion Vol. 1,7023909,Mario Masberg,"Martial Arts, Martial Arts & Self Defense, Health & Fitness",Arts & Crafts,All Levels,1 hour,5.0,1,9,"Rp149,000",1/2026,0,0,0,https://www.udemy.com/course/okinawan-white-crane-karate-speed-and-evasion-vol-1/
Fighting Techniques taken from Sambo & MMA Vol.2,6161701,Mario Masberg,"Martial Arts, Martial Arts & Self Defense, Health & Fitness",Arts & Crafts,All Levels,1 hour,5.0,1,41,"Rp149,000",9/2024,0,0,0,https://www.udemy.com/course/fighting-techniques-taken-from-sambo-mma-vol2/
Mastering Literary Arts: A Comprehensive Writing Course,5801150,Abhinav Raj,"English Literature, Creative Thinking, Poetry, Humanities, Teaching & Academics",Arts & Crafts,Beginner,32 mins,4.1,N/A,246,"Rp149,000",9/2024,0,0,0,https://www.udemy.com/course/the-literary-odyssey-i/
Covert Combatives: Self Defense Secrets of the Spies,5151300,P.J. Agness,"Self-Defense, Martial Arts & Self Defense, Health & Fitness",Arts & Crafts,All Levels,1 hour,4.6,92,2259,"Rp149,000",12/2023,0,0,0,https://www.udemy.com/course/covert-combatives-self-defense-secrets-of-the-spies-no/
Pencak Silat - The Basis of Pencak Harimau,5028100,Mario Masberg,"Martial Arts, Martial Arts & Self Defense, Health & Fitness",Arts & Crafts,Beginner,1.5 hours,5.0,2,43,"Rp149,000",12/2022,0,0,0,https://www.udemy.com/course/pencak-silat-the-basis-of-pencak-harimau/
Natural Skincare 101: Make Your Own Bath & Body Products,4569506,Sona L. N,"Skincare, Beauty & Makeup, Lifestyle",Arts & Crafts,Beginner,1.5 hours,3.8,36,164,"Rp149,000",12/2025,0,0,8,https://www.udemy.com/course/diy-skincare-learn-variety-of-bath-and-body-products/
Learn Nunchucks/Nunchaku - beginners to advanced,3455736,"Mark Ringer BA Hons PGCE Sifu, William Bridgman","Kung Fu, Martial Arts & Self Defense, Health & Fitness",Arts & Crafts,All Levels,2 hours,4.9,131,991,"Rp149,000",2/2021,2,0,0,https://www.udemy.com/course/learn-nunchucks-online/
Wing Chun Sil Lim Tao (Siu Nim Tau) First Form Basics,3218673,Dragon Sifu,"Wing Chun, Martial Arts, Martial Arts & Self Defense, Health & Fitness",Arts & Crafts,Beginner,4.5 hours,4.4,35,323,"Rp149,000",1/2023,0,0,7,https://www.udemy.com/course/ip-man-lineage-wing-chun-dragon-sifu/
Commando Workout Fitness Supreme,3369424,Sio Vaspa,"HIIT, Calisthenics, Fitness, Home Workout, Health & Fitness",Arts & Crafts,All Levels,2 hours,4.8,5,84,"Rp149,000",8/2021,0,0,0,https://www.udemy.com/course/commando-workout-fitness-supreme/
Prompt Engineering PRO (AI Prompt Engineering FAST-TRACK),6128483,ExpertEase Global,"Prompt Engineering, ChatGPT, Artificial Intelligence (AI), Generative AI (GenAI), Other Office Productivity",Arts & Crafts,All Levels,2.5 hours,4.3,1233,22238,"Rp149,000",1/2026,0,0,1,https://www.udemy.com/course/prompt-engineering-generative-ai-chatgpt/
Wing Chun Master,247266,SiFu Wong,"Wing Chun, Martial Arts & Self Defense, Health & Fitness",Arts & Crafts,All Levels,11.5 hours,4.8,334,3883,"Rp399,000",3/2016,0,0,0,https://www.udemy.com/course/free-wing-chun-forever/
Wing Chun Wooden Dummy (without dummy) fifth form,3523008,Dragon Sifu,"Wing Chun, Self-Defense, Martial Arts & Self Defense, Health & Fitness",Arts & Crafts,Intermediate,3 hours,4.7,10,175,"Rp149,000",1/2023,0,0,0,https://www.udemy.com/course/wing-chun-without-wooden-dummy/
Kung Fu Shaolin: Baji Level 1 - Part 1,1572444,Simone Marini,"Kung Fu, Martial Arts, Self-Defense, Martial Arts & Self Defense, Health & Fitness",Arts & Crafts,Beginner,2.5 hours,4.3,16,168,"Rp149,000",10/2020,0,0,0,https://www.udemy.com/course/kung-fu-shaolin-level-2-part-2/
The Official Boxing Yoga Teacher Training Certificate Course,5570890,Matt Garcia,"Yoga, Health & Fitness",Arts & Crafts,All Levels,11 hours,4.9,89,2824,"Rp149,000",12/2024,16,0,16,https://www.udemy.com/course/boxing-yoga-teacher-training-course/
Martial Arts - Kenjutsu - Intermediate Dagger,3812100,Richard Roth,"Martial Arts, Martial Arts & Self Defense, Health & Fitness",Arts & Crafts,Intermediate,2 hours,4.2,8,89,"Rp149,000",1/2021,0,0,0,https://www.udemy.com/course/martial-arts-kenjutsu-intermediate-dagger/
Okinawa Uechi-Ryu Karate-Do by Takemi Takayasu Vol.2,6480505,Mario Masberg,"Martial Arts, Martial Arts & Self Defense, Health & Fitness",Arts & Crafts,All Levels,1 hour,4.6,4,27,"Rp149,000",2/2025,0,0,0,https://www.udemy.com/course/okinawa-uechi-ryu-karate-do-by-takemi-takayasu-vol2/
Inuyasha Training Program,3739610,Simone Marini,"Home Workout, Fitness, Health & Fitness",Arts & Crafts,Beginner,8.5 hours,4.8,6,95,"Rp149,000",12/2020,0,0,1,https://www.udemy.com/course/inuyasha-training-program/
Pencak Silat - Maenpo Peupeuhan - The Art of Fighting,5884304,Mario Masberg,"Martial Arts, Martial Arts & Self Defense, Health & Fitness",Arts & Crafts,All Levels,1.5 hours,5.0,1,11,"Rp149,000",3/2024,0,0,0,https://www.udemy.com/course/pencak-silat-maenpo-peupeuhan-the-art-of-fighting/
Martial Arts Mastery - Arm Drag Judo,1420252,Chris Pizzo,"Martial Arts, Martial Arts & Self Defense, Health & Fitness",Arts & Crafts,All Levels,38 mins,4.6,77,443,"Rp149,000",11/2017,0,0,0,https://www.udemy.com/course/martial-arts-judo/
Muay Thai Defense and Counter Techniques,1881038,Christoph Delp,"Muay Thai, Krav Maga, Kickboxing, Self-Defense, Martial Arts & Self Defense",Arts & Crafts,Intermediate,3 hours,4.8,169,1504,"Rp149,000",9/2018,10,0,0,https://www.udemy.com/course/muaythai-counter/
Pencak Silat - Garis Paksi Vol. 3 English,5794684,Mario Masberg,"Martial Arts, Martial Arts & Self Defense, Health & Fitness",Arts & Crafts,All Levels,1.5 hours,5.0,3,53,"Rp149,000",1/2024,0,0,0,https://www.udemy.com/course/pencak-silat-garis-paksi-vol-3-english/
Pencak Silat - Garis Paksi Vol. 5 English,5794916,Mario Masberg,"Martial Arts, Martial Arts & Self Defense, Health & Fitness",Arts & Crafts,All Levels,1.5 hours,4.5,1,40,"Rp149,000",1/2024,0,0,0,https://www.udemy.com/course/pencak-silat-garis-paksi-vol-5-english/
Kyusho Jutsu and the 6 Ji Hands of the Bubishi,5393200,Grand Master Ali,"Martial Arts, Martial Arts & Self Defense, Health & Fitness",Arts & Crafts,Intermediate,2.5 hours,4.8,12,1135,"Rp149,000",6/2023,3,0,3,https://www.udemy.com/course/kyusho-jutsu-and-the-6-ji-hands-of-the-bubishi/
Wing Chun Wooden Dummy (Dummy) fourth form,3410052,Dragon Sifu,"Wing Chun, Martial Arts & Self Defense, Health & Fitness",Arts & Crafts,Intermediate,4.5 hours,4.3,18,147,"Rp149,000",2/2023,0,0,0,https://www.udemy.com/course/wing-chun-wooden-dummy-from-ip-mans-lineage/
Sewing: Create the Best Custom-Made Denim Jacket,5355498,Fred Deocariza,"Sewing, Arts & Crafts, Lifestyle",Arts & Crafts,All Levels,8 hours,4.9,14,132,"Rp149,000",6/2023,0,0,0,https://www.udemy.com/course/denimjacket/
Pencak Silat - Ciung Wanara 100% Self Defense,5762734,Mario Masberg,"Martial Arts, Martial Arts & Self Defense, Health & Fitness",Arts & Crafts,All Levels,1 hour,4.5,1,18,"Rp149,000",1/2024,0,0,0,https://www.udemy.com/course/pencak-silat-ciung-wanara-100-self-defense/
MMA Mix Martial Arts Ground Game course,4862738,Sio Vaspa,"Martial Arts, Krav Maga, Brazilian Jiu-Jitsu, Martial Arts & Self Defense, Health & Fitness",Arts & Crafts,All Levels,1 hour,4.8,3,27,"Rp149,000",10/2022,0,0,0,https://www.udemy.com/course/mma-mix-martial-arts-ground-game-course/
Okinawa Makiwaras,6486497,Mario Masberg,"Martial Arts, Martial Arts & Self Defense, Health & Fitness",Arts & Crafts,All Levels,1 hour,4.5,2,7,"Rp149,000",2/2025,0,0,0,https://www.udemy.com/course/okinawa-makiwaras/
Wing Chun Butterfly Knife (Baat Jaam Do) sixth form,3726544,Dragon Sifu,"Wing Chun, Martial Arts & Self Defense, Health & Fitness",Arts & Crafts,Intermediate,3 hours,4.6,20,167,"Rp149,000",2/2023,0,0,0,https://www.udemy.com/course/wing-chun-baat-jaam-do-butterfly-knife/
"Learn effective Self-Defense techniques, Refuse to be victim",5081674,Barbaros Özeller,"Self-Defense, Martial Arts & Self Defense, Health & Fitness",Arts & Crafts,All Levels,2.5 hours,4.7,11,111,"Rp149,000",12/2023,0,0,0,https://www.udemy.com/course/selfdefense/
Kalari - Strength & Conditioning Level-1 Instructor Diploma,2449218,Anil Machado,"Strength Training, Fitness, Health & Fitness",Arts & Crafts,All Levels,2 hours,4.7,44,303,"Rp149,000",7/2019,1,0,0,https://www.udemy.com/course/kalari-strength-conditioning-level-1-instructor-diploma/
Self Defense Academy,2282310,"Nick Drossos, George Giannou","Self-Defense, Martial Arts & Self Defense, Health & Fitness",Arts & Crafts,Beginner,2 hours,4.8,11,79,"Rp149,000",5/2019,0,0,0,https://www.udemy.com/course/self-defense-academy-essentials/
Practical application of nerve pressure points Kyusho Vol.1,5289418,Mario Masberg,"Martial Arts, Martial Arts & Self Defense, Health & Fitness",Arts & Crafts,All Levels,1 hour,4.2,6,32,"Rp149,000",4/2023,0,0,0,https://www.udemy.com/course/practical-application-of-nerve-pressure-points-kyusho-vol1/
Short Power in Baguazhang,2645290,Kelly Whelan-Enns,"Martial Arts, Martial Arts & Self Defense, Health & Fitness",Arts & Crafts,All Levels,1 hour,4.9,10,49,"Rp149,000",11/2019,0,0,0,https://www.udemy.com/course/short-power-in-baguazhang/
Tricking Basic Kicks for Beginners — Learn Kicks with Style!,1474494,Inauen Thomas,"Martial Arts, Martial Arts & Self Defense, Health & Fitness",Arts & Crafts,All Levels,4.5 hours,4.7,70,547,"Rp149,000",3/2025,8,0,1,https://www.udemy.com/course/kick-it-the-comprehensive-course-for-kicks-in-martialarts/
Learn Military Close Combat Training | Captain Chris Pizzo,208726,Chris Pizzo,"Close Combat, Martial Arts, Self-Defense, Martial Arts & Self Defense, Health & Fitness",Arts & Crafts,All Levels,2 hours,4.5,2922,32392,"Rp149,000",10/2020,0,0,0,https://www.udemy.com/course/learn-close-combat-training-military-hand-to-hand-combat/
Okinawa Uechi-Ryu Karate-Do by Takemi Takayasu Vol.1,6478455,Mario Masberg,"Martial Arts, Martial Arts & Self Defense, Health & Fitness",Arts & Crafts,All Levels,1 hour,4.5,6,35,"Rp149,000",2/2025,0,0,0,https://www.udemy.com/course/okinawa-uechi-ryu-karate-do-by-takemi-takayasu-vol1/
Situational Awareness Safety Training,5924598,Nick Drossos,"Self-Defense, Martial Arts & Self Defense, Health & Fitness",Arts & Crafts,Beginner,1 hour,5.0,7,37,"Rp149,000",6/2024,0,0,0,https://www.udemy.com/course/situational-awareness-safety-training/
Boxing Prodigy Develop an Elite Fighter Course Masterclass,6139477,Sio Vaspa,"Boxing, Close Combat, Martial Arts, Self-Defense, Martial Arts & Self Defense",Arts & Crafts,All Levels,8 hours,4.8,3,31,"Rp149,000",9/2024,0,0,0,https://www.udemy.com/course/boxing-prodigy-develop-an-elite-fighter-course-masterclass/
"Aikido from A to Z Aiki-Ken & Aiki-Jo ""Sword & Stick""",5352424,Mario Masberg,"Martial Arts, Martial Arts & Self Defense, Health & Fitness",Arts & Crafts,All Levels,1 hour,3.7,2,18,"Rp149,000",5/2023,0,0,0,https://www.udemy.com/course/aikido-from-a-to-z-aiki-ken-aiki-jo-sword-stick/
Dissect the Dissection of Isshinryu: Seisan Kata,4009290,Jonathan Oshita,"Karate, Martial Arts & Self Defense, Health & Fitness",Arts & Crafts,Beginner,1.5 hours,4.9,22,88,"Rp149,000",8/2023,0,0,0,https://www.udemy.com/course/dissect-the-dissection-of-isshinryu-seisan-kata/
Karate Kicks Every Karateka Needs to Know,4718976,Jonathan Oshita,"Karate, Martial Arts & Self Defense, Health & Fitness",Arts & Crafts,All Levels,2 hours,5.0,8,53,"Rp149,000",6/2022,0,0,0,https://www.udemy.com/course/karate-kicks-every-karateka-needs-to-know/
Dissect the Dissection of Isshinryu: Seisan Kata Bunkai,4038600,Jonathan Oshita,"Karate, Martial Arts & Self Defense, Health & Fitness",Arts & Crafts,All Levels,1 hour,4.9,12,63,"Rp149,000",7/2025,0,0,0,https://www.udemy.com/course/dissect-the-dissection-of-isshinryu-seisan-kata-bunkai/
Urban Krav Maga: Defending The Most Common Street Attacks,755886,Stewart McGill,"Krav Maga, Martial Arts & Self Defense, Health & Fitness",Arts & Crafts,All Levels,1 hour,4.8,782,3652,"Rp149,000",3/2016,0,0,0,https://www.udemy.com/course/urban-krav-maga-defending-the-most-common-street-attacks/
Dissect the Dissection of Isshinryu Karate: Wansu Kata,4494118,Jonathan Oshita,"Karate, Martial Arts & Self Defense, Health & Fitness",Arts & Crafts,Intermediate,1.5 hours,5.0,9,36,"Rp149,000",9/2022,0,0,0,https://www.udemy.com/course/dissect-the-dissection-of-isshinryu-wansu-kata/
Punch level 2 in ancient muay thai martial art of Thailand,3983734,Chanuphon Yodsamai,"Boxing, Martial Arts & Self Defense, Health & Fitness",Arts & Crafts,Intermediate,1 hour,5.0,9,62,"Rp149,000",4/2021,0,0,0,https://www.udemy.com/course/punch-level-2-in-ancient-muay-thai-martial-art-of-thailand/
Hermit contortion Ruesee Dudton level 1,4226992,Chanuphon Yodsamai,"Yoga Sutras, Yoga, Health & Fitness",Arts & Crafts,Beginner,1.5 hours,5.0,10,2122,"Rp149,000",8/2021,0,0,0,https://www.udemy.com/course/hermit-contortion-ruesee-dudton-level-1/
Top 10 Kung Fu Techniques For Beginners - Best Martial Arts,2179266,David Wong,"Kung Fu, Martial Arts, Martial Arts & Self Defense, Health & Fitness",Arts & Crafts,All Levels,1.5 hours,4.6,12,88,"Rp149,000",1/2019,0,0,0,https://www.udemy.com/course/7-star-praying-mantis-kung-fu-form-instruction-level-1/
Art with AI Bootcamp: From Pixel Dummy to Legend Artist,6141783,Skool of AI,"Digital Art, Artificial Intelligence (AI), Graphic Design, Graphic Design & Illustration, Design",Arts & Crafts,All Levels,5 hours,4.1,34,16624,"Rp149,000",8/2024,1,0,0,https://www.udemy.com/course/ai-art-bootcamp-from-pixel-dummy-to-legend-artist/
Martial Arts Pattern and Application in Real Life Scenario,6558149,Sio Vaspa,"Self-Defense, Martial Arts, Taekwondo, Martial Arts & Self Defense, Health & Fitness",Arts & Crafts,All Levels,2 hours,5.0,1,16,"Rp149,000",4/2025,0,0,0,https://www.udemy.com/course/martial-arts-pattern-and-application-in-real-life-scenario/
Module 2: Kyusho Body Points & Mechanics,2937572,Grand Master Ali,"Martial Arts, Martial Arts & Self Defense, Health & Fitness",Arts & Crafts,Beginner,3 hours,4.8,43,325,"Rp149,000",6/2025,3,0,9,https://www.udemy.com/course/module-2-kyusho-body-points-mechanics/
Dissect the Dissection of Isshinryu Karate: Kicks Bunkai,4328300,Jonathan Oshita,"Karate, Martial Arts & Self Defense, Health & Fitness",Arts & Crafts,All Levels,1 hour,5.0,15,50,"Rp149,000",9/2022,0,0,0,https://www.udemy.com/course/dissect-the-dissection-of-isshinryu-kicks-bunkai/
Flips & Kicks — Expert Guide to Martial Arts & Gymnastics,3901374,Inauen Thomas,"Martial Arts, Gymnastics, Martial Arts & Self Defense, Health & Fitness",Arts & Crafts,Intermediate,3.5 hours,5.0,2,88,"Rp149,000",3/2025,8,0,3,https://www.udemy.com/course/flips-kicks-expert-guide-to-martial-arts-gymnastics/
"Shotokan Karate Keio Vol.1 Kata & Bunkai 1. Dan ""English""",6178351,Mario Masberg,"Karate, Martial Arts, Martial Arts & Self Defense, Health & Fitness",Arts & Crafts,All Levels,1 hour,4.6,3,30,"Rp149,000",9/2024,0,0,0,https://www.udemy.com/course/shotokan-karate-keio-vol1-kata-bunkai-1-dan-english/
Double Sword Trick 4 in Krabikrabong by Chanuphon,5553624,Chanuphon Yodsamai,"Martial Arts, Martial Arts & Self Defense, Health & Fitness",Arts & Crafts,Intermediate,1.5 hours,5.0,3,25,"Rp149,000",9/2023,0,0,0,https://www.udemy.com/course/double-sword-trick-4-in-krabikrabong-by-chanuphon/
Duty of Care in Nursing and Caregiving: Aid Patient Safety,6719351,Bespoke Learning Solutions,"Caregiving, General Health, Health & Fitness",Arts & Crafts,All Levels,2 hours,4.9,2,1515,"Rp149,000",7/2025,0,0,0,https://www.udemy.com/course/duty-of-care-in-nursing-and-caregiving-aid-patient-safety/
Knee basics in ancient muay thai martial art of Thailand,4003194,Chanuphon Yodsamai,"Muay Thai, Martial Arts & Self Defense, Health & Fitness",Arts & Crafts,Beginner,1 hour,5.0,11,106,"Rp149,000",4/2021,0,0,0,https://www.udemy.com/course/knee-basics-in-ancient-muay-thai-martial-art-of-thailand/
JKD Street Fight,253786,SiFu Wong,"Self-Defense, Martial Arts & Self Defense, Health & Fitness",Arts & Crafts,All Levels,6.5 hours,4.3,180,6097,"Rp399,000",3/2016,0,0,0,https://www.udemy.com/course/jkd-the-way-off-intercepting-fist/
Silambam: Sword Training,5606328,Vijayarajan Ramanathan,"Sword, Martial Arts, Martial Arts & Self Defense, Health & Fitness",Arts & Crafts,Beginner,1.5 hours,4.9,6,37,"Rp149,000",10/2023,0,0,0,https://www.udemy.com/course/silambam-sword-training/
Wing Chun Chum Kiu,248346,SiFu Wong,"Wing Chun, Martial Arts & Self Defense, Health & Fitness",Arts & Crafts,Intermediate,10.5 hours,4.7,85,580,"Rp399,000",2/2016,0,0,0,https://www.udemy.com/course/wing-chun-chum-kiu-module-1-know-yourself/
Tiger Style Wrestling Drills - On the Mat,5583950,Sport Videos,"Martial Arts, Sports, Health & Fitness",Arts & Crafts,All Levels,1 hour,5.0,2,32,"Rp149,000",9/2023,0,0,0,https://www.udemy.com/course/tiger-style-wrestling-drills-on-the-mat/
Legend of the White Crane - Kata & Bunkai Hakutsuru,6799997,Mario Masberg,"Martial Arts, Karate, Martial Arts & Self Defense, Health & Fitness",Arts & Crafts,All Levels,42 mins,5.0,2,11,"Rp149,000",8/2025,0,0,0,https://www.udemy.com/course/legend-of-the-white-crane-kata-bunkai-hakutsuru/
Wing Chun Self defence - Intermediate,248348,SiFu Wong,"Self-Defense, Wing Chun, Martial Arts & Self Defense, Health & Fitness",Arts & Crafts,Intermediate,12 hours,4.8,43,310,"Rp399,000",2/2016,0,0,0,https://www.udemy.com/course/wing-chun-chum-kiu-module-2-know-your-enemy/
Introduction to Isshinryu Karate: 15 Kihon,3347310,Jonathan Oshita,"Karate, Martial Arts & Self Defense, Health & Fitness",Arts & Crafts,Beginner,1 hour,4.9,51,143,"Rp149,000",2/2024,0,0,0,https://www.udemy.com/course/introduction-to-isshinryu-karate/
Kung Fu Shaolin Student Level 1 - Part 1,1394198,Simone Marini,"Kung Fu, Martial Arts, Martial Arts & Self Defense, Health & Fitness",Arts & Crafts,Beginner,2 hours,4.7,176,1658,"Rp149,000",6/2021,0,0,1,https://www.udemy.com/course/kung-fu-shaolin-level-1-part-1/
Wing Chun Street fighting,247262,SiFu Wong,"Wing Chun, Martial Arts & Self Defense, Health & Fitness",Arts & Crafts,All Levels,9 hours,4.6,123,829,"Rp399,000",4/2016,0,0,0,https://www.udemy.com/course/wing-chun-sil-lim-tao-module-4-know-your-surroundings/
Dissect the Dissection of Isshinryu: Seiunchin Kata Bunkai,4180674,Jonathan Oshita,"Karate, Martial Arts & Self Defense, Health & Fitness",Arts & Crafts,All Levels,1.5 hours,4.8,10,50,"Rp149,000",7/2021,0,0,0,https://www.udemy.com/course/dissect-the-dissection-of-isshinryu-seiunchin-kata-bunkai/
Gymnastics Tips and Techniques Vol. 3 - The Yurchenko Vault,2025180,Sport Videos,"Gymnastics, Sports, Health & Fitness",Arts & Crafts,All Levels,1 hour,4.7,4,28,"Rp149,000",11/2018,0,0,0,https://www.udemy.com/course/gymnastics-tips-and-techniques-vol-3-the-yurchenko-vault/
MMA Prodigy Certified masterclass (Ultimate Fight Champion),4762664,Sio Vaspa,"Close Combat, Boxing, Muay Thai, Brazilian Jiu-Jitsu, Martial Arts & Self Defense",Arts & Crafts,All Levels,7 hours,4.5,42,548,"Rp149,000",7/2024,1,0,3,https://www.udemy.com/course/mma-prodigy-masterclass-ultimate-fighting-champion/
Wing Chun 116 Dummy Training,593020,SiFu Wong,"Wing Chun, Martial Arts & Self Defense, Health & Fitness",Arts & Crafts,All Levels,5.5 hours,4.9,269,1122,"Rp399,000",2/2016,0,0,0,https://www.udemy.com/course/wing-chun-116-dummy/
Advanced Close Combat Training: Scientific Self Defense,225172,Chris Pizzo,"Close Combat, Martial Arts, Self-Defense, Martial Arts & Self Defense, Health & Fitness",Arts & Crafts,Intermediate,3 hours,4.7,546,10141,"Rp149,000",9/2014,0,0,0,https://www.udemy.com/course/scientificselfdefense/
Easy Kung Fu Fighting Applications - Learn Mantis Martial Ar,2173274,David Wong,"Kung Fu, Martial Arts, Martial Arts & Self Defense, Health & Fitness",Arts & Crafts,All Levels,1.5 hours,4.7,32,182,"Rp149,000",1/2019,0,0,0,https://www.udemy.com/course/7-star-praying-mantis-kung-fu-fighting-applications-level-1/
Double Sword Trick 3 in Krabikrabong by Chanuphon,5523060,Chanuphon Yodsamai,"Martial Arts, Martial Arts & Self Defense, Health & Fitness",Arts & Crafts,Intermediate,1 hour,5.0,2,24,"Rp149,000",8/2023,0,0,0,https://www.udemy.com/course/double-sword-trick-3-in-krabikrabong-by-chanuphon/
"Ultimate Strike, Defense and ShadowBoxing Master course",4277452,Sio Vaspa,"Self-Defense, Boxing, Martial Arts, Martial Arts & Self Defense, Health & Fitness",Arts & Crafts,All Levels,2.5 hours,5.0,3,26,"Rp149,000",3/2022,0,0,0,https://www.udemy.com/course/ultimate-strike-defense-and-shadowboxing-master-course/
Pro Kicks — Learn Jump Spin Kicks For Martial Arts Tricking,3769778,Inauen Thomas,"Martial Arts, Karate, Kickboxing, Muay Thai, Martial Arts & Self Defense",Arts & Crafts,Beginner,3 hours,4.7,6,84,"Rp149,000",3/2025,4,0,1,https://www.udemy.com/course/pro-kicks-learn-jump-spin-kicks-for-martial-arts-tricking/
Dissect the Dissection of Isshinryu: Seiunchin Kata,4175632,Jonathan Oshita,"Karate, Martial Arts & Self Defense, Health & Fitness",Arts & Crafts,Beginner,1.5 hours,5.0,15,57,"Rp149,000",7/2021,0,0,0,https://www.udemy.com/course/dissect-the-dissection-of-isshinryu-seiunchin-kata/
Module 8: Kyusho Alarm Points and Knock outs,3280562,Grand Master Ali,"Martial Arts, Martial Arts & Self Defense, Health & Fitness",Arts & Crafts,Expert,4.5 hours,4.7,23,1136,"Rp149,000",6/2025,1,0,4,https://www.udemy.com/course/module-8-kyusho-alarm-points-and-knock-outs/
Ultimate Pro Kicking Evolution Certification Masterclass,3171122,Sio Vaspa,"Martial Arts, Close Combat, Kickboxing, Muay Thai, Martial Arts & Self Defense",Arts & Crafts,All Levels,3.5 hours,4.9,4,62,"Rp149,000",7/2024,1,0,4,https://www.udemy.com/course/ultimate-pro-kicking-evolution-masterclass/
"Pencak Silat - 20 Kuncian 20 Styles Vol.1 ""English Version""",5253762,Mario Masberg,"Martial Arts, Martial Arts & Self Defense, Health & Fitness",Arts & Crafts,All Levels,2 hours,4.6,3,46,"Rp149,000",2/2025,0,0,0,https://www.udemy.com/course/pencak-silat-20-kuncian-20-styles-vol1-english-version/
Pencak Silat - Training for Tanding,5887550,Mario Masberg,"Martial Arts, Martial Arts & Self Defense, Health & Fitness",Arts & Crafts,All Levels,1.5 hours,5.0,3,13,"Rp149,000",3/2024,0,0,0,https://www.udemy.com/course/pencak-silat-training-for-tanding/
Pencak Silat - Garis Paksi Vol. 4 English,5794868,Mario Masberg,"Martial Arts, Martial Arts & Self Defense, Health & Fitness",Arts & Crafts,All Levels,1.5 hours,5.0,2,44,"Rp149,000",1/2024,0,0,0,https://www.udemy.com/course/pencak-silat-garis-paksi-vol-4-english/
"Kick Perfect: Unlock your potentilal, become kick master",4649910,Barbaros Özeller,"Kickboxing, Karate, Martial Arts & Self Defense, Health & Fitness",Arts & Crafts,All Levels,1 hour,4.9,9,128,"Rp149,000",2/2024,0,0,0,https://www.udemy.com/course/kick-perfect/
Kyusho Jutsu Yawara Stick Fighting,5405276,Grand Master Ali,"Martial Arts, Martial Arts & Self Defense, Health & Fitness",Arts & Crafts,All Levels,2.5 hours,4.5,6,150,"Rp149,000",7/2023,2,0,2,https://www.udemy.com/course/kyusho-jutsu-yawara-stick-fighting/
Dissect the Dissection: Isshinryu Snap Kicks and Snap Punch,3911976,Jonathan Oshita,"Karate, Martial Arts & Self Defense, Health & Fitness",Arts & Crafts,All Levels,1 hour,5.0,23,81,"Rp149,000",3/2021,0,0,0,https://www.udemy.com/course/dissect-the-dissection-ishhinryu-snap-kicks-and-snap-punch/
Karate Lessons For Kids,1501200,VLADISLAV DAVYDOV,"Karate, Martial Arts, Martial Arts & Self Defense, Health & Fitness",Arts & Crafts,Beginner,1 hour,4.7,34,180,"Rp149,000",12/2018,1,0,0,https://www.udemy.com/course/kids-and-family-learn-martial-arts-curriculum-of-amerikick/
Double Sword Trick 1 in Krabikrabong Thai by Chanuphon,5502166,Chanuphon Yodsamai,"Martial Arts, Martial Arts & Self Defense, Health & Fitness",Arts & Crafts,Intermediate,1 hour,5.0,5,35,"Rp149,000",8/2023,0,0,0,https://www.udemy.com/course/double-sword-trick-1-in-krabikrabong-thai-by-chanuphon/
Complete Guide Certification A - Z Of Boxing Masterclass,5498852,Sio Vaspa,"Boxing, Martial Arts, Calisthenics, Self-Defense, Martial Arts & Self Defense",Arts & Crafts,All Levels,7 hours,4.3,9,79,"Rp149,000",7/2024,1,0,3,https://www.udemy.com/course/complete-guide-a-z-of-boxing-masterclass/
"Urban Ninja Flips, Martial arts, Powermoves and Calisthenics",2321912,Sio Vaspa,"Parkour, Calisthenics, Gymnastics, Martial Arts, Sports",Arts & Crafts,All Levels,2 hours,3.9,3,88,"Rp149,000",11/2019,0,0,0,https://www.udemy.com/course/urban-ninja-flips-martial-arts-powermoves-and-calisthenic/
Pencak Silat Sunua Bayang - BP. Syofian Nadar Vol.1,5731792,Mario Masberg,"Martial Arts, Martial Arts & Self Defense, Health & Fitness",Arts & Crafts,All Levels,1 hour,5.0,4,8,"Rp149,000",12/2023,0,0,0,https://www.udemy.com/course/pencak-silat-sunua-bayang-bp-syofian-nadar-vol1/
Kung Fu Shaolin Student Level 1 - Part 2,1460618,Simone Marini,"Kung Fu, Martial Arts & Self Defense, Health & Fitness",Arts & Crafts,Beginner,3.5 hours,4.6,34,713,"Rp149,000",10/2020,0,0,0,https://www.udemy.com/course/kung-fu-shaolin-level-1-part-2/
Dissect the Dissection: Bunkai of Isshinryu Kihon,3947148,Jonathan Oshita,"Karate, Martial Arts & Self Defense, Health & Fitness",Arts & Crafts,All Levels,1.5 hours,5.0,17,81,"Rp149,000",4/2021,0,0,0,https://www.udemy.com/course/dissect-the-dissection-bunkai-of-isshinryu-kihon/
Krabikrabong with Mai soak level 2,4308645,Chanuphon Yodsamai,"Close Combat, Martial Arts & Self Defense, Health & Fitness",Arts & Crafts,Intermediate,1.5 hours,4.9,3,2347,"Rp149,000",9/2021,0,0,0,https://www.udemy.com/course/krabikrabong-with-mai-soak-level-2/
Brazilian Jiu Jitsu Course - Escapes That Work,1647908,Gavin Hain,"Brazilian Jiu-Jitsu, Martial Arts, Self-Defense, Martial Arts & Self Defense, Health & Fitness",Arts & Crafts,All Levels,1 hour,4.7,48,500,"Rp149,000",9/2023,1,0,0,https://www.udemy.com/course/brazilin-jiu-jitsu/
Strike And Block Like A Black Belt,780098,Inspired Online Academy,"Martial Arts, Martial Arts & Self Defense, Health & Fitness",Arts & Crafts,All Levels,2 hours,4.9,26,247,"Rp149,000",3/2016,0,0,0,https://www.udemy.com/course/strike-and-block-like-a-black-belt/
Essential Boxing Basics Certificate Course for Beginners,5571570,Matt Garcia,"Boxing, Fitness, Health & Fitness",Arts & Crafts,Beginner,1 hour,5.0,52,2197,"Rp149,000",8/2025,5,0,5,https://www.udemy.com/course/total-boxer-boxing-basics-course/
Knife fighting basics training level 2,4387032,Chanuphon Yodsamai,"Close Combat, Martial Arts & Self Defense, Health & Fitness",Arts & Crafts,Intermediate,1.5 hours,4.7,20,1366,"Rp149,000",11/2021,0,0,0,https://www.udemy.com/course/knife-fighting-basics-training-level-2/
Long baton contact staff special movement for control baton,3730778,Chanuphon Yodsamai,"Master Your Emotions, Physical Therapy, Flowcode, ActiveCampaign, Other Health & Fitness",Arts & Crafts,Beginner,1.5 hours,5.0,4,71,"Rp149,000",12/2020,0,0,0,https://www.udemy.com/course/contact-staff-long-baton-special-movement-for-control-baton/
Double Sword Trick 2 in Krabikrabong Thai by Chanuphon,5511536,Chanuphon Yodsamai,"Martial Arts, Martial Arts & Self Defense, Health & Fitness",Arts & Crafts,Intermediate,1 hour,5.0,4,28,"Rp149,000",8/2023,0,0,0,https://www.udemy.com/course/double-sword-trick-2-in-krabikrabong-thai-by-chanuphon/
Double Sword Trick 5 in Krabikrabong Thai by Chanuphon,5576918,Chanuphon Yodsamai,"Martial Arts, Martial Arts & Self Defense, Health & Fitness",Arts & Crafts,Intermediate,1 hour,5.0,3,26,"Rp149,000",9/2023,0,0,0,https://www.udemy.com/course/double-sword-trick-5-in-krabikrabong-thai-by-chanuphon/
World Kobudo Euro Budo Festival 2023 in France,5726904,Mario Masberg,"Martial Arts, Martial Arts & Self Defense, Health & Fitness",Arts & Crafts,All Levels,4.5 hours,4.0,1,2,"Rp149,000",12/2023,0,0,0,https://www.udemy.com/course/world-kobudo-euro-budo-festival-2023-in-france/
"Hands-On JavaScript, Crafting 10 Projects from Scratch",5378048,Vijay Kumar,"JavaScript, Front End Web Development, Web Development, Development",Arts & Crafts,Beginner,5 hours,4.2,338,62565,"Rp149,000",12/2023,1,0,2,https://www.udemy.com/course/mastering-javascript-by-building-10-projects-from-scratch/
Kyusho-Jitsu - Pressure Poinst Self Defense Vol. 1,7059929,Mario Masberg,"Martial Arts, Martial Arts & Self Defense, Health & Fitness",Arts & Crafts,All Levels,1.5 hours,4.0,1,5,"Rp149,000",2/2026,0,0,0,https://www.udemy.com/course/kyusho-jitsu-pressure-poinst-self-defense-vol-1/
Tai Chi Combat,251568,SiFu Wong,"Tai Chi, Martial Arts & Self Defense, Health & Fitness",Arts & Crafts,All Levels,7.5 hours,4.7,194,3573,"Rp399,000",3/2016,0,0,0,https://www.udemy.com/course/free-tai-chi-lesson/
Taekwondo Examination Program up to Black Belt,5554570,Mario Masberg,"Taekwondo, Martial Arts & Self Defense, Health & Fitness",Arts & Crafts,All Levels,2 hours,4.3,2,52,"Rp149,000",9/2023,0,0,0,https://www.udemy.com/course/taekwondo-examination-program-up-to-black-belt/
10 Essential Rules for Self-Defense,5225942,P.J. Agness,"Self-Defense, Martial Arts & Self Defense, Health & Fitness",Arts & Crafts,All Levels,1 hour,4.5,21,2085,"Rp149,000",4/2023,0,0,0,https://www.udemy.com/course/10-essential-rules-for-self-defense/
Kajukenbo Hawaiian Self Defense,5408886,Mario Masberg,"Martial Arts, Martial Arts & Self Defense, Health & Fitness",Arts & Crafts,All Levels,1.5 hours,3.9,7,41,"Rp149,000",6/2023,0,0,0,https://www.udemy.com/course/kajukenbo-hawaiian-self-defense/
Mastering The Open Guard - Jiu Jitsu,3035864,Gavin Hain,"Brazilian Jiu-Jitsu, Martial Arts, Martial Arts & Self Defense, Health & Fitness",Arts & Crafts,All Levels,2 hours,4.8,20,196,"Rp149,000",5/2021,0,0,0,https://www.udemy.com/course/mastering-spider-guard-jiu-jitsu/
Gold Medal Gymnastics Drills Vol. 2 - Balance Beam,5334370,Sport Videos,"Gymnastics, Sports, Health & Fitness",Arts & Crafts,All Levels,1 hour,4.8,3,24,"Rp149,000",5/2023,0,0,0,https://www.udemy.com/course/gold-medal-gymnastics-drills-vol-2-balance-beam/
Kung Fu Shaolin Student Level 2 - Part 1,1484970,Simone Marini,"Kung Fu, Martial Arts & Self Defense, Health & Fitness",Arts & Crafts,Beginner,3.5 hours,4.5,11,271,"Rp149,000",1/2019,0,0,0,https://www.udemy.com/course/kung-fu-shaolin-level-2-part-1/
Dissect the Dissection of Isshinryu: Naihanchi Kata,4242350,Jonathan Oshita,"Karate, Martial Arts & Self Defense, Health & Fitness",Arts & Crafts,Beginner,1 hour,5.0,12,49,"Rp149,000",9/2021,0,0,0,https://www.udemy.com/course/dissect-the-dissection-of-isshinryu-naihanchi-kata/
The Power of Uechi Ryu Karate,7020313,Mario Masberg,"Martial Arts, Martial Arts & Self Defense, Health & Fitness",Arts & Crafts,All Levels,1 hour,4.0,1,2,"Rp149,000",1/2026,0,0,0,https://www.udemy.com/course/the-power-of-uechi-ryu-karate/
Gymnastics Essentials for Floor Exercise - Vol. 1,4072482,Sport Videos,"Gymnastics, Sports, Health & Fitness",Arts & Crafts,Beginner,1.5 hours,5.0,3,22,"Rp149,000",7/2024,0,0,0,https://www.udemy.com/course/gymnastics-essentials-for-floor-exercise-vol-1/
Judo - Detailed Description of the 4 throws categories,6152871,Mario Masberg,"Martial Arts, Martial Arts & Self Defense, Health & Fitness",Arts & Crafts,All Levels,1 hour,5.0,1,16,"Rp149,000",8/2024,0,0,0,https://www.udemy.com/course/judo-detailed-description-of-the-4-throws-categories/
Kukishinden Bo Staff 2: Kata 1 - 5,4027084,Spencer Bolejack,"Martial Arts, Martial Arts & Self Defense, Health & Fitness",Arts & Crafts,Intermediate,2 hours,4.9,7,84,"Rp149,000",5/2021,0,0,0,https://www.udemy.com/course/kukishinden-bo-staff-2-kata-1-5/
Adding Kyusho Jutsu to Jiu Jitsu,5697246,Grand Master Ali,"Martial Arts, Brazilian Jiu-Jitsu, Martial Arts & Self Defense, Health & Fitness",Arts & Crafts,All Levels,9 hours,5.0,2,140,"Rp149,000",12/2023,3,0,3,https://www.udemy.com/course/adding-kyusho-jutsu-to-jiu-jitsu/
Adding Kyusho Jutsu to Shotokan Karate (Bassai Dai),5677550,Grand Master Ali,"Karate, Martial Arts & Self Defense, Health & Fitness",Arts & Crafts,All Levels,10 hours,4.4,4,1076,"Rp149,000",11/2023,3,0,3,https://www.udemy.com/course/adding-kyusho-jutsu-to-shotokan-karate-bassai-dai/
Revive the Art of Morse Code with Arduino!,2636344,"Educational Engineering Team, Ashraf Said AlMadhoun, Educational Engineering","Arduino, Hardware, IT & Software",Arts & Crafts,All Levels,1.5 hours,4.6,21,7968,"Rp149,000",2/2026,17,0,0,https://www.udemy.com/course/arduino-morse-code-generator-morsecodearduino-mors-code-arduino/
Dissect the Dissection of Isshinryu Karate: Kusanku Kata,5350436,Jonathan Oshita,"Karate, Martial Arts & Self Defense, Health & Fitness",Arts & Crafts,Intermediate,3 hours,5.0,6,27,"Rp149,000",8/2023,0,0,0,https://www.udemy.com/course/dissect-the-dissection-of-isshinryu-karate-kusanku-kata/
Wing Chun Biu Jee (Biu Ji ) Third Form,3375066,Dragon Sifu,"Wing Chun, Martial Arts, Self-Defense, Martial Arts & Self Defense, Health & Fitness",Arts & Crafts,Intermediate,3.5 hours,4.4,13,194,"Rp149,000",1/2023,0,0,0,https://www.udemy.com/course/wing-chun-biu-jee-master-dragon-martial-arts-self-defense/
Crafting a Workplace Policy for Generative AI Masterclass,5773620,Renaldi Gondosubroto,"ChatGPT, Amazon Bedrock, Generative AI (GenAI), Management, Business",Arts & Crafts,All Levels,2 hours,4.4,4,17,"Rp149,000",1/2024,0,0,0,https://www.udemy.com/course/crafting-a-workplace-policy-for-generative-ai-masterclass/
"Pencak Silat - 20 Kuncian 20 Styles Vol.2 ""English Version""",5255462,Mario Masberg,"Martial Arts, Martial Arts & Self Defense, Health & Fitness",Arts & Crafts,All Levels,1.5 hours,4.9,2,26,"Rp149,000",4/2023,0,0,0,https://www.udemy.com/course/pencak-silat-20-kuncian-20-styles-vol2-english-version/
Taido Kokoro Ryu - Hanbojutsu – Basic Techniques,6127223,Mario Masberg,"Martial Arts, Martial Arts & Self Defense, Health & Fitness",Arts & Crafts,All Levels,1 hour,5.0,2,11,"Rp149,000",8/2024,0,0,0,https://www.udemy.com/course/taido-kokoro-ryu-hanbojutsu-basic-techniques/
Gymnastics Lessons Vol. 2 - Pommel Horse,4832134,Sport Videos,"Gymnastics, Sports, Health & Fitness",Arts & Crafts,All Levels,1 hour,5.0,4,15,"Rp149,000",9/2022,0,0,0,https://www.udemy.com/course/gymnastics-lessons-vol-2-pommel-horse/
Dissect the Dissection of Isshinryu: Naihanchi Kata Bunkai,4308359,Jonathan Oshita,"Karate, Martial Arts & Self Defense, Health & Fitness",Arts & Crafts,Intermediate,1 hour,5.0,6,44,"Rp149,000",9/2021,0,0,0,https://www.udemy.com/course/dissect-the-dissection-of-isshinryu-naihanchi-kata-bunkai/
Knife fighting basics training level 4 drill with assistant,4429036,Chanuphon Yodsamai,"Close Combat, Martial Arts & Self Defense, Health & Fitness",Arts & Crafts,Intermediate,1.5 hours,5.0,6,170,"Rp149,000",12/2021,0,0,0,https://www.udemy.com/course/knife-fighting-basics-training-level-4-drill-with-assistant/
Kyusho Jutsu Joint Dislocations,5458438,Grand Master Ali,"Martial Arts, Martial Arts & Self Defense, Health & Fitness",Arts & Crafts,Expert,2 hours,4.7,8,151,"Rp149,000",7/2023,2,0,2,https://www.udemy.com/course/kyusho-jutsu-joint-dislocations/
Jiu Jitsu Escapes That Work 2,2574404,Gavin Hain,"Brazilian Jiu-Jitsu, Martial Arts, Martial Arts & Self Defense, Health & Fitness",Arts & Crafts,Intermediate,1.5 hours,4.6,12,219,"Rp149,000",5/2020,0,0,0,https://www.udemy.com/course/jiu-jitsu-escapes-that-work-2/
Wing Chun Self Defence,247254,SiFu Wong,"Wing Chun, Martial Arts & Self Defense, Health & Fitness",Arts & Crafts,All Levels,7 hours,4.7,229,1287,"Rp399,000",2/2019,0,0,0,https://www.udemy.com/course/wing-chun-sil-lim-tao-module-2-know-your-enemy/
