course_title,course_id,lecturer_name,related_topics,subject,level,durations,ratings,num_ratings,student,price,last_update,articles,exercise,downloadable_resources,url
Autodesk Fusion 360 (2026) - Complete Beginners Guide,6439263,Christopher Richardson,"Autodesk Fusion, Mechanical Engineering, CAD Software, 3D & Animation, Design",Autodesk Fusion,Beginner,10.5 hours,4.7,1949,8507,"Rp159,000",3/2026,0,0,43,https://www.udemy.com/course/autodesk-fusion-360-year-2025-complete-beginners-guide/
Fusion 360 Beginners Course,2668390,Jaiprakash Pandey,"Autodesk Fusion, 3D & Animation, Design",Autodesk Fusion,Beginner,15.5 hours,4.7,6297,28401,"Rp149,000",2/2023,0,0,2,https://www.udemy.com/course/fusion-360-beginners-course/
Complete Fusion 360 All-in-One Course for Beginners (2025),6688295,CADArtifex LLC,"Autodesk Fusion, 3D Modeling, Design Tools, Design",Autodesk Fusion,All Levels,15 hours,4.4,118,1897,"Rp149,000",4/2026,1,0,126,https://www.udemy.com/course/complete-fusion-360-all-in-one-course-for-beginners/
Designing for 3D Printing with Fusion 360,958668,Vladimir Mariano,"Autodesk Fusion, 3D Modeling, 3D Printing, 3D & Animation, Design",Autodesk Fusion,Beginner,4 hours,4.6,9909,38351,"Rp159,000",7/2021,7,0,0,https://www.udemy.com/course/designing-for-3d-printing-with-fusion-360/
Design For 3D Printing | Fusion 360 Masterclass,3991118,Steven Wolfe,"3D Printing, Autodesk Fusion, Other Design, Design",Autodesk Fusion,Beginner,9.5 hours,4.4,905,6088,"Rp149,000",12/2022,1,0,0,https://www.udemy.com/course/design-for-3d-printing-fusion-360-masterclass/
Fusion: Start To Finish Course (2026 Edition),2711086,Steven Mosbrucker,"Autodesk Fusion, 3D & Animation, Design",Autodesk Fusion,All Levels,12.5 hours,4.1,1152,7497,"Rp149,000",2/2026,1,0,10,https://www.udemy.com/course/beginning-fusion-360/
Autodesk Fusion 360 - 3D Modeling and CNC Basics,5844088,Tai Fiebig,"3D Modeling, Manufacturing, Computer Numerical Control (CNC), 3D & Animation, Design",Autodesk Fusion,Beginner,7.5 hours,4.7,177,906,"Rp149,000",1/2025,2,0,6,https://www.udemy.com/course/autodesk_fusion_cnc/
Fusion 360 Complete Course,3181440,Mike Freeman,"Autodesk Fusion, 3D Printing, CAD Software, 3D & Animation, Design",Autodesk Fusion,All Levels,9.5 hours,4.6,1667,7173,"Rp159,000",5/2023,0,0,0,https://www.udemy.com/course/fusion-360-complete-course/
Fusion 360 Design for 3D Printing,4681946,Mike Freeman,"Autodesk Fusion, Design Tools, Design",Autodesk Fusion,Intermediate,5.5 hours,4.3,115,937,"Rp149,000",7/2022,0,0,1,https://www.udemy.com/course/fusion-360-design-for-3d-printing/
Fusion 360 Component Assembly and Joint Design,4541680,J Aatish Rao,"Autodesk Fusion, Assembly Modeling, Mechanical Engineering, Autodesk, 3D & Animation",Autodesk Fusion,Intermediate,4.5 hours,4.6,57,707,"Rp149,000",6/2025,1,0,6,https://www.udemy.com/course/fusion-360-component-assembly/
Beginners Guide to 3D Printing - Bootcamp with Fusion 360,5215802,Philip Cotton,"3D Printing, Autodesk Fusion, CAD Software, 3D & Animation, Design",Autodesk Fusion,Beginner,4 hours,4.6,193,1168,"Rp149,000",5/2024,0,0,13,https://www.udemy.com/course/beginners-ultimate-guide-to-3d-printing-fusion-360/
Learn Fusion 360 with Real-World Mechanical Projects,6571209,CADArtifex LLC,"Autodesk Fusion, Design Tools, Design",Autodesk Fusion,All Levels,8 hours,4.3,34,275,"Rp149,000",8/2025,1,0,54,https://www.udemy.com/course/learn-fusion-360-with-real-world-mechanical-projects/
Fusion 360 Modeling Course - Power Drill,3755894,Kendale Jones,"Autodesk Fusion, 3D Modeling, Product Design, 3D & Animation, Design",Autodesk Fusion,All Levels,2.5 hours,4.6,46,193,"Rp149,000",1/2021,0,0,5,https://www.udemy.com/course/fusion-360-modeling-course-power-drill/
Fusion 360 Practice Questions,6779963,sarvesh Malakolikar,"Engineering, Teaching & Academics",Autodesk Fusion,Intermediate,N/A,4.8,2,6,"Rp149,000",8/2025,0,0,0,https://www.udemy.com/course/fusion-360-practice-questions/
Fusion 360 Surface Design & T-Spline Sculpting,6636321,CADArtifex LLC,"Autodesk Fusion, Engineering, Teaching & Academics",Autodesk Fusion,Beginner,3 hours,4.5,39,219,"Rp149,000",6/2025,1,0,69,https://www.udemy.com/course/fusion-360-surface-design-t-spline-sculpting/
"Autodesk Inventor, a complete guide from beginner to expert",3899754,Marius Brink,"Autodesk Inventor, Design Thinking, Technical Drawing, Engineering Instruction, Design Tools",Autodesk Fusion,All Levels,26 hours,4.6,1245,6716,"Rp159,000",4/2021,0,0,30,https://www.udemy.com/course/complete-guide-to-autodesk-inventor-from-beginner-to-expert/
Beginner's Guide to Fusion 360: Learn 3D Design the Easy Way,3634844,Philip Cotton,"Autodesk Fusion, 3D Modeling, 3D & Animation, Design",Autodesk Fusion,Beginner,1.5 hours,4.5,72,625,"Rp149,000",8/2023,0,0,2,https://www.udemy.com/course/learn-the-basics-of-fusion-360/
Fusion 360 for CNC - The best guide for beginners,3986136,Mathieu Dorion,"Autodesk Fusion, Computer Numerical Control (CNC), 3D & Animation, Design",Autodesk Fusion,All Levels,2 hours,4.6,379,2111,"Rp149,000",8/2023,1,0,5,https://www.udemy.com/course/fusion-360-for-cnc-a-cam-masterclass/
Autodesk Inventor (Year 25/2026) - Complete Beginners Guide,6316513,Christopher Richardson,"Autodesk Inventor, CAD Software, Mechanical Engineering, 3D & Animation, Design",Autodesk Fusion,Beginner,8.5 hours,4.7,348,1105,"Rp159,000",2/2026,0,0,29,https://www.udemy.com/course/autodesk-inventor-2025-complete-beginners-guide/
Best Fusion 360 Mastery Course | Certificate Preparation,5403980,sarvesh Malakolikar,"Autodesk Fusion, 3D Modeling, CAD Software, Mechanical Engineering, Other Design",Autodesk Fusion,Beginner,6 hours,4.6,28,201,"Rp149,000",4/2025,0,0,15,https://www.udemy.com/course/fusion-360-mastery-certificate-preparation-course/
"Fusion 360 Step by Step | CAD, FEM & CAM for Beginners",4244208,M.Eng. Johannes Wild,"Autodesk Fusion, CAD Software, Design Theory, Engineering, Teaching & Academics",Autodesk Fusion,Beginner,3.5 hours,4.4,77,439,"Rp149,000",8/2021,0,0,16,https://www.udemy.com/course/fusion-360-step-by-step-cad-fem-cam-for-beginners/
Fusion 360 3D Modeling Course,3667736,Kendale Jones,"Autodesk Fusion, 3D & Animation, Design",Autodesk Fusion,All Levels,3 hours,4.6,114,505,"Rp149,000",12/2020,0,0,1,https://www.udemy.com/course/fusion-360-modeling-course/
3D Printing from Zero to Hero in Blender – FDM & MSLA,839134,Thomas McDonald,"3D Printing, Blender, 3D Modeling, 3D & Animation, Design",Autodesk Fusion,Beginner,10 hours,4.6,2073,17928,"Rp159,000",2/2026,4,0,119,https://www.udemy.com/course/learn-3d-printing/
Assemble Parts and Components in Fusion 360,2858304,Jomarc Baquiran,"Autodesk Fusion, Design Tools, Design",Autodesk Fusion,Intermediate,3 hours,4.7,128,784,"Rp149,000",4/2020,0,0,23,https://www.udemy.com/course/assemble-parts-and-components-in-fusion-360-d/
Fusion 360 For Woodworking,5417258,Mike Freeman,"Autodesk Fusion, Other Design, Design",Autodesk Fusion,Beginner,5 hours,4.1,93,447,"Rp149,000",9/2025,0,0,0,https://www.udemy.com/course/fusion-360-for-woodworking/
Autodesk Fusion For Complete Beginners,5999970,Martin Lennernäs,"Autodesk Fusion, Other IT & Software, IT & Software",Autodesk Fusion,Beginner,3 hours,4.2,4,15,"Rp149,000",2/2025,0,0,0,https://www.udemy.com/course/autodesk-fusion-for-beginners/
Fusion 360 for 3D Printing - Creating Curved Bodies,1251104,Vladimir Mariano,"3D Printing, CAD Software, 3D Sculpting, Autodesk Fusion, 3D & Animation",Autodesk Fusion,Intermediate,1.5 hours,4.6,535,3115,"Rp149,000",11/2019,0,0,0,https://www.udemy.com/course/fusion-360-for-3d-printing-creating-curved-bodies/
Autodesk Fusion 360 Basic Course,4480596,Pjotrs Vartminskis,"Autodesk Fusion, Autodesk, 3D & Animation, Design",Autodesk Fusion,Beginner,8.5 hours,4.5,13,80,"Rp149,000",4/2022,0,0,19,https://www.udemy.com/course/autodesk-fusion-basic-course/
Creation of 3D model with Autodesk fusion 360,3882956,Febrian Ramadani,"Autodesk Fusion, Software Engineering, Other Design, Design",Autodesk Fusion,Intermediate,3.5 hours,4.3,21,120,"Rp149,000",4/2021,0,0,0,https://www.udemy.com/course/creation-of-3d-model-with-autodesk-fusion-360/
Master Autodesk Fusion 360 - Engineering Model and Assembly,5031948,Sabyasachi Majumder,"Assembly Modeling, Other Design, Design",Autodesk Fusion,Beginner,8.5 hours,4.3,52,278,"Rp149,000",10/2024,0,0,75,https://www.udemy.com/course/modeling-assembly-with-autodesk-fusion-360/
Fusion 360 | CAD Design Projects – Part 1,4446392,M.Eng. Johannes Wild,"Autodesk Fusion, CAD Software, 3D & Animation, Design",Autodesk Fusion,Intermediate,2 hours,4.3,11,58,"Rp149,000",12/2021,0,0,10,https://www.udemy.com/course/fusion-360-advanced-cad-design-projects-part-1/
Autodesk AutoCAD - Beginner to Advanced level,4538614,Steve Clancy,"AutoCAD, Building Information Modeling (BIM), Technical Drawing, Design Tools, Design",Autodesk Fusion,All Levels,19 hours,4.6,2661,21611,"Rp169,000",2/2026,4,0,69,https://www.udemy.com/course/autodesk-autocad-beginner-to-an-advanced-level/
Fusion 360 For Hobbyists and Woodworkers,1183846,Michael Moyer,"Autodesk Fusion, 3D & Animation, Design",Autodesk Fusion,Beginner,9 hours,4.3,3472,16438,"Rp149,000",4/2020,16,0,0,https://www.udemy.com/course/fusion360/
Fusion 360 the complete course,4831284,Nicolas Forgue,"Autodesk Fusion, CAD Software, 3D & Animation, Design",Autodesk Fusion,All Levels,18 hours,4.0,15,157,"Rp149,000",12/2022,0,0,0,https://www.udemy.com/course/fusion-360-the-complete-course/
Fusion 360 Design Concept: Spacecraft,1773146,Jomarc Baquiran,"Autodesk Fusion, Product Design, Design Tools, Design",Autodesk Fusion,Beginner,2.5 hours,4.5,57,2194,"Rp149,000",7/2018,0,0,22,https://www.udemy.com/course/fusion-360-design-concept-spacecraft/
Fusion 360: Assembly from Scratch,3007042,Jomarc Baquiran,"Autodesk Fusion, Assembly Modeling, Design Tools, Design",Autodesk Fusion,Expert,1 hour,4.5,58,296,"Rp149,000",4/2020,0,0,14,https://www.udemy.com/course/fusion-360-assembly-from-scratch/
Fusion 360 for 3D Printing - Designing with Components,1145520,Vladimir Mariano,"3D Animation, User Experience (UX) Design, Autodesk Fusion, 3D & Animation, Design",Autodesk Fusion,Intermediate,1.5 hours,4.7,675,4144,"Rp149,000",11/2019,0,0,0,https://www.udemy.com/course/fusion-360-for-3d-printing-design-an-led-tea-light/
Fusion 360 for 3D Printing - Design Fidget Spinners,1188148,Vladimir Mariano,"Autodesk Fusion, User Experience (UX) Design, 3D Animation, 3D & Animation, Design",Autodesk Fusion,Intermediate,2 hours,4.6,662,3530,"Rp149,000",11/2019,0,0,0,https://www.udemy.com/course/fusion-360-for-3d-printing-design-fidget-spinners/
(10) Ten 2D Drawings to Master 2D Sketching in Fusion 360,989604,Jomarc Baquiran,"Autodesk Fusion, Design Tools, Design",Autodesk Fusion,Beginner,2 hours,4.4,395,1888,"Rp149,000",5/2019,0,0,20,https://www.udemy.com/course/10-ten-2d-drawings-to-master-2d-sketching-in-fusion-360-d/
Generative Design with Autodesk Fusion 360,4475152,Penta Teknoloji,"Autodesk Fusion, 3D Modeling, Design Tools, Design",Autodesk Fusion,All Levels,5.5 hours,3.9,26,198,"Rp149,000",2/2022,0,0,0,https://www.udemy.com/course/generative-design-with-fusion-360/
Fusion 360 : Learn CAD and Earn Money Online.,4956036,Yash Mokashi,"Autodesk Fusion, 3D & Animation, Design",Autodesk Fusion,Beginner,2.5 hours,4.8,34,110,"Rp149,000",1/2023,0,0,5,https://www.udemy.com/course/fusion-360-learn-and-earn-money-online-beginners-course/
"Fusion 360 for Beginners, 3D Design, Modeling, Assembly",4459260,J Aatish Rao,"Autodesk Fusion, 3D Modeling, 3D Rendering, Sketching, 3D & Animation",Autodesk Fusion,Beginner,5 hours,4.1,82,2657,"Rp149,000",6/2025,1,0,8,https://www.udemy.com/course/autodesk-fusion-360-beginners/
Design a Gift Box in Fusion 360,1614628,Vladimir Mariano,"Autodesk Fusion, 3D & Animation, Design",Autodesk Fusion,Intermediate,1.5 hours,4.7,90,484,"Rp149,000",11/2019,0,0,0,https://www.udemy.com/course/design-a-gift-box-in-fusion-360/
Fusion 360 - Robot Design,4267770,Yash Mokashi,"Autodesk Fusion, Robotics, 3D & Animation, Design",Autodesk Fusion,Beginner,6.5 hours,4.2,66,344,"Rp149,000",8/2021,0,0,3,https://www.udemy.com/course/fusion-360-robot-design/
Fusion 360 tutorial for CNC machinists,2143190,Marc Cronin,"Computer Numerical Control (CNC), Other IT & Software, IT & Software",Autodesk Fusion,Beginner,2.5 hours,4.4,694,3614,"Rp149,000",8/2022,0,0,0,https://www.udemy.com/course/fusion-360-tutorial-for-cnc-machinists/
Fusion 360 Pro: Design Smarter & Faster part -1,6503643,Gaddam Ashok,"Design Tools, Design",Autodesk Fusion,Beginner,6 hours,5.0,4,11,"Rp149,000",4/2025,4,0,0,https://www.udemy.com/course/fusion-360-pro-design-smarter-faster-part-1/
3D Modeling for 3D Printing and Laser Cutting on Fusion 360,3730862,Larno Visser,"Autodesk Fusion, 3D Modeling, 3D Printing, Prototyping, 3D & Animation",Autodesk Fusion,Beginner,4 hours,4.6,254,1858,"Rp149,000",8/2021,0,0,17,https://www.udemy.com/course/3d-modeling-for-3d-printing-and-laser-cutting-on-fusion-360/
Advanced 3D Printing With Fusion 360: Design Your Phone Case,4200394,Larno Visser,"Autodesk Fusion, 3D Modeling, 3D Printing, Prototyping, 3D & Animation",Autodesk Fusion,Beginner,3 hours,4.8,18,245,"Rp149,000",8/2022,0,0,15,https://www.udemy.com/course/fusion-360-create-a-3d-print-phone-case-attachments/
Master Autodesk Inventor: From Basics to Advanced,6913245,CADArtifex LLC,"Autodesk Inventor, Design Tools, Design",Autodesk Fusion,Beginner,8.5 hours,4.5,20,105,"Rp149,000",11/2025,1,0,203,https://www.udemy.com/course/master-autodesk-inventor-from-basics-to-advanced/
Learn 10 Key Design Concepts with Fusion 360,4660130,J Aatish Rao,"Autodesk Fusion, 3D Modeling, 3D Sketching, Autodesk, 3D & Animation",Autodesk Fusion,All Levels,2 hours,4.2,26,1610,"Rp149,000",6/2025,1,0,9,https://www.udemy.com/course/fusion-360-design-concepts/
Autodesk Fusion CAD & CAM & SolidWorks CAD Basics (Crash),6533421,Mohamed Gamal,"Autodesk Fusion, SOLIDWORKS, Design Tools, Design",Autodesk Fusion,Beginner,5.5 hours,4.6,7,146,"Rp149,000",4/2025,0,0,3,https://www.udemy.com/course/autodesk-fusion-solidworks-cad-basics-cad-crash-courses/
Introduction to Fusion 360,5469772,Messgerat Labs (GaugeHow),"Autodesk Fusion, Engineering, Teaching & Academics",Autodesk Fusion,Beginner,4.5 hours,4.5,12,158,"Rp149,000",12/2025,1,0,0,https://www.udemy.com/course/learn-fusion-360/
Design Validation Made Simple using FUSION 360 – SIMULATION,6754923,Manekshaw A C,"Autodesk Fusion, Product Design, 3D & Animation, Design",Autodesk Fusion,Intermediate,5.5 hours,4.7,N/A,13,"Rp149,000",8/2025,0,0,10,https://www.udemy.com/course/design-validation-using-fusion-360-simulation/
Learn Generative Design: A Complete Guide for Beginners,4195158,"Design Wagoon, Cengiz Kurtoğlu","Autodesk Fusion, Artificial Intelligence (AI), Mechanical Engineering, 3D Modeling, 3D & Animation",Autodesk Fusion,Beginner,1 hour,1.0,1,20,"Rp149,000",4/2025,0,0,1,https://www.udemy.com/course/mastering-generative-design-a-complete-guide-for-engineers/
Bambu Rundown (Bambu Lab Studio & Printer Course),5307510,Gregg Cerenzio,"3D Printing, Other IT & Software, IT & Software",Autodesk Fusion,Beginner,13.5 hours,4.3,210,1328,"Rp149,000",3/2026,0,0,0,https://www.udemy.com/course/bambu-rundown/
Blender: Precise Modeling,6175957,Allan Brito,"3D Modeling, 3D Printing, Blender, 3D & Animation, Design",Autodesk Fusion,Beginner,10 hours,4.5,124,740,"Rp149,000",3/2026,0,0,14,https://www.udemy.com/course/blender-precise-modeling-architecture-engineering-3d-printing/
Mechanical concept design : Stress simulation in Fusion 360,5480554,Mufaddal Rasheed,"Mechanical Engineering, Autodesk Fusion, Engineering, Teaching & Academics",Autodesk Fusion,Intermediate,4 hours,4.4,22,148,"Rp149,000",10/2023,0,0,0,https://www.udemy.com/course/mechanical-concept-design-stress-simulation-in-fusion-360/
AutoCAD + Fusion 360: A Complete Designer's Guide,1289594,Roy Academy,"AutoCAD, Design Tools, Design",Autodesk Fusion,Beginner,13 hours,4.5,337,9285,"Rp149,000",6/2024,16,0,52,https://www.udemy.com/course/autocad-2018-refreshers-crash-course-program-for-pros/
Autodesk Fusion 360 Basic Modelling Techniques,4162456,Penta Teknoloji,"Autodesk Fusion, Autodesk, Design Tools, Design",Autodesk Fusion,Beginner,3.5 hours,3.5,2,16,"Rp149,000",8/2021,0,0,38,https://www.udemy.com/course/autodesk-fusion-360-basic-modelling-techniques/
Design a Working Light Bulb - Fusion 360 for 3D Printing,1818726,Vladimir Mariano,"3D Printing, 3D Modeling, CAD Software, Autodesk Fusion, 3D & Animation",Autodesk Fusion,Intermediate,1.5 hours,4.7,67,442,"Rp149,000",11/2019,0,0,0,https://www.udemy.com/course/lightbulb/
Fundamentals of Autodesk Fusion 360 and Learn Metal Design,999692,CAD Kraft,"Autodesk Fusion, 3D & Animation, Design",Autodesk Fusion,All Levels,3 hours,4.1,185,1496,"Rp149,000",11/2023,0,0,2,https://www.udemy.com/course/autodesk-fushion-360/
Designing for Laser Cutting with Fusion 360,3815736,Larno Visser,"Autodesk Fusion, 3D Modeling, Prototyping, Laser Cutting, 3D & Animation",Autodesk Fusion,All Levels,4 hours,4.7,351,2298,"Rp149,000",8/2022,0,0,10,https://www.udemy.com/course/designing-for-laser-cutting-with-fusion-360/
3D Printing Masterclass: Beginner to Pro with Complete Start,6922187,NextGen 3D,"3D Printing, 3D & Animation, Design",Autodesk Fusion,All Levels,6.5 hours,4.4,41,1482,"Rp149,000",4/2026,0,0,50,https://www.udemy.com/course/3d-printing-masterclass-beginner-to-pro-with-complete-start/
Fusion 360 Product Concepts: Footwear,1356290,Jomarc Baquiran,"Autodesk Fusion, 3D & Animation, Design",Autodesk Fusion,Expert,3 hours,4.5,124,722,"Rp149,000",10/2017,0,0,17,https://www.udemy.com/course/jomarc-fusion-360-product-concepts-footwear/
Ultimate 3D Printing Course (FDM & Resin),2723354,Steven Mosbrucker,"3D Printing, Design Tools, Design",Autodesk Fusion,All Levels,22 hours,4.4,194,1393,"Rp149,000",6/2025,0,0,1,https://www.udemy.com/course/intro-to-3d-printing/
Complete FreeCAD for Beginners – No Experience Needed,6728503,CADArtifex LLC,"FreeCAD, Design Tools, Design",Autodesk Fusion,All Levels,5.5 hours,4.2,181,858,"Rp159,000",9/2025,1,0,81,https://www.udemy.com/course/complete-freecad-for-beginners-no-experience-needed/
Fusion 360 To URDF,4819162,Hrithik Verma,"Robotics, Other IT & Software, IT & Software",Autodesk Fusion,Beginner,2.5 hours,4.6,18,121,"Rp159,000",8/2022,2,0,11,https://www.udemy.com/course/fusion-360-to-urdf/
Autodesk Fusion 360: A Beginners Guide,6976589,Stephen Cunningham,"3D Modeling, 3D & Animation, Design",Autodesk Fusion,Beginner,9.5 hours,4.8,N/A,7,"Rp149,000",1/2026,0,0,23,https://www.udemy.com/course/autodesk-fusion-360-a-beginners-guide/
PTC Onshape Course (CAD and PDM System),5119560,Paulo Villarreal,"Onshape, CAD Software, Other Design, Design",Autodesk Fusion,Intermediate,23 hours,4.7,135,782,"Rp149,000",3/2026,0,0,43,https://www.udemy.com/course/onshape-course/
TinkerCAD for Complete Beginners,2837430,Mike Freeman,"3D Printing, 3D Sculpting, CAD Software, 3D & Animation, Design",Autodesk Fusion,Beginner,3 hours,4.4,217,846,"Rp149,000",9/2021,0,0,0,https://www.udemy.com/course/tinkercad-for-complete-beginners/
Shapr 3D the complete course,4965214,Nicolas Forgue,"CAD Software, 3D Sketching, FreeCAD, Design Tools, Design",Autodesk Fusion,All Levels,10 hours,4.3,181,951,"Rp149,000",11/2022,0,0,0,https://www.udemy.com/course/shapr-3d-le-cours-complet/
Fusion 360 CAD/CAM for CNC routers,2617118,Marc Cronin,"Autodesk Fusion, CAD Software, Computer Numerical Control (CNC), Hardware, IT & Software",Autodesk Fusion,Beginner,2.5 hours,4.4,489,2807,"Rp149,000",8/2022,0,0,0,https://www.udemy.com/course/fusion-360-cad-cam-for-cnc-routers/
Complete Onshape for Beginners: Project-Based Approach,6719623,CADArtifex LLC,"Onshape, Design Tools, Design",Autodesk Fusion,All Levels,8 hours,4.4,59,1300,"Rp149,000",10/2025,1,0,92,https://www.udemy.com/course/complete-onshape-for-beginners-project-based-approach/
Tinkercad the complete course,4452744,Nicolas Forgue,"Tinkercad, 3D Modeling, 3D & Animation, Design",Autodesk Fusion,All Levels,9.5 hours,4.5,34,206,"Rp149,000",1/2026,0,0,0,https://www.udemy.com/course/3d-modeling-with-tinkercad/
The complete beginners guide to Fusion 360,5582458,Michael-Jason Doliveira,"3D Modeling, Other IT & Software, IT & Software",Autodesk Fusion,Beginner,2.5 hours,4.4,9,43,"Rp149,000",1/2025,0,0,11,https://www.udemy.com/course/the-complete-beginners-guide-to-fusion-360/
Fusion 360 - Geometry Modelling Course,3926384,Swaylen CAD I CAM I CAE Expert,"Autodesk Fusion, Design Tools, Design",Autodesk Fusion,Intermediate,4.5 hours,4.0,4,28,"Rp149,000",3/2021,0,0,0,https://www.udemy.com/course/fusion-360-geometry-modelling-course/
Ultimate Guide to Product Design - Fusion 360 for Beginners,4364080,Eshaan Kothari,"Product Design, 3D Modeling, 3D Rendering, Autodesk Fusion, 3D & Animation",Autodesk Fusion,Beginner,5 hours,4.3,16,77,"Rp149,000",1/2022,3,0,0,https://www.udemy.com/course/the-ultimate-guide-to-product-design/
TinkerCAD for Beginners with final Certificate,5259342,Jean Lambert Salvatori,"Tinkercad, 3D & Animation, Design",Autodesk Fusion,All Levels,3.5 hours,4.5,117,402,"Rp149,000",1/2025,1,0,1,https://www.udemy.com/course/tinkercad-3d-software-with-final-certificate/
Fusion 360 Absolute Beginner Course,5190968,Devasis Samantry,"Autodesk Fusion, 3D & Animation, Design",Autodesk Fusion,Beginner,3 hours,4.0,3,20,"Rp149,000",3/2023,1,0,1,https://www.udemy.com/course/learn-fusion-360-in-4-simple-projects/
Design a Kinetic Sculpture using Fusion 360,1438564,Mahmoud Shehata,"Autodesk Fusion, Design Tools, Design",Autodesk Fusion,Beginner,3.5 hours,4.7,112,667,"Rp149,000",2/2019,0,0,3,https://www.udemy.com/course/kinetic-sculpture-vol1/
Autodesk PowerMILL 4Axis & 5Axis Training,5825142,Umesh Arora,"Autodesk Fusion, Design Tools, Design",Autodesk Fusion,Intermediate,9.5 hours,4.3,39,294,"Rp149,000",10/2025,0,0,67,https://www.udemy.com/course/autodesk-powermill-4axis-5axis-training/
FreeCAD the complete course,4784068,Nicolas Forgue,"FreeCAD, 3D Modeling, 3D & Animation, Design",Autodesk Fusion,All Levels,18 hours,3.9,167,1109,"Rp149,000",3/2026,0,0,0,https://www.udemy.com/course/freecad-3d-modeling/
Learn Onshape for Beginners,3814702,Philip Cotton,"Onshape, 3D & Animation, Design",Autodesk Fusion,Beginner,2 hours,4.6,413,1560,"Rp149,000",5/2024,0,0,2,https://www.udemy.com/course/onshape-for-beginners/
Fusion 360 Circuit Design and PCB Manufacturing,2958432,"Educational Engineering Team, Educational Engineering, Ashraf Said AlMadhoun","Autodesk Fusion, PCB Design, Hardware, IT & Software",Autodesk Fusion,All Levels,2 hours,3.7,199,18018,"Rp149,000",2/2026,2,0,0,https://www.udemy.com/course/fusion-360-crash-course/
TinkerCAD codeblocks and 3D printing for beginners.,3067768,Philip Cotton,"Programming Fundamentals, 3D Printing, Scratch Programming, Other IT & Software, IT & Software",Autodesk Fusion,Beginner,2.5 hours,4.7,25,221,"Rp149,000",12/2023,0,0,7,https://www.udemy.com/course/coding-and-3d-printing-for-kids-beginners-masterclass/
Complete FreeCAD Course : From Zero to Expert !,5512522,Amar Patel,"FreeCAD, 3D Modeling, Design Tools, Design",Autodesk Fusion,All Levels,35.5 hours,4.3,600,3194,"Rp159,000",1/2026,0,0,98,https://www.udemy.com/course/freecad-course-for-beginner/
Fusion 360 Product Concepts: Headphone,1211170,Jomarc Baquiran,"Autodesk Fusion, Product Design, Design Tools, Design",Autodesk Fusion,Intermediate,2 hours,4.4,31,234,"Rp149,000",5/2017,0,0,17,https://www.udemy.com/course/fusion-360-product-concepts-headphones-jomarc-instructor/
"Fusion 360, Master Sketches, Components & Rendering",2972362,Alexey Naturyev,"Autodesk Fusion, 3D & Animation, Design",Autodesk Fusion,All Levels,1.5 hours,4.2,15,86,"Rp149,000",4/2020,0,0,2,https://www.udemy.com/course/alexey-naturyev-fusion360-sketches-components/
Photoshop CC Basic Tools for Beginners,3771652,Penta Teknoloji,"Adobe Photoshop, Design Tools, Design",Autodesk Fusion,All Levels,4 hours,4.8,N/A,13,"Rp149,000",5/2023,0,0,0,https://www.udemy.com/course/adobe-photoshop-cc-basic-tools-and-techniques/
Introduction to CNC Programming,1612318,Marc Cronin,"Computer Numerical Control (CNC), Other IT & Software, IT & Software",Autodesk Fusion,Beginner,2 hours,4.6,2564,10771,"Rp149,000",8/2022,1,0,21,https://www.udemy.com/course/cnc-programming-using-g-code/
Maya for Beginners: Complete Guide to 3D Animation in Maya,1556128,"Video School, Lucas Ridley, Phil Ebiner","Autodesk Maya, 3D Animation, Animation, Motion Graphics, 3D & Animation",Autodesk Fusion,All Levels,30 hours,4.6,8567,43460,"Rp159,000",3/2026,2,0,1,https://www.udemy.com/course/autodesk-maya-3d-animation-course/
Fusion 360 Professional: Learn from Scratch to Expert,6838641,Gaddam Ashok,"3D & Animation, Design",Autodesk Fusion,Intermediate,20 hours,5.0,N/A,1,"Rp149,000",12/2025,0,0,0,https://www.udemy.com/course/fusion-360-professional-learn-from-scratch-to-expert/
Fusion 360 to Unreal Engine - pipeline,3740798,Kendale Jones,"Unreal Engine, Blender, Autodesk Fusion, Substance Painter, Game Design",Autodesk Fusion,All Levels,5.5 hours,4.7,22,108,"Rp149,000",1/2021,0,0,1,https://www.udemy.com/course/fusion-360-to-unreal-engine-pipeline/
Carton Design Using Sheet Metal in Autodesk Fusion,2633978,Jomarc Baquiran,"Autodesk Fusion, Sheet Metal, Design Tools, Design",Autodesk Fusion,All Levels,44 mins,4.1,19,223,"Rp149,000",2/2026,0,0,8,https://www.udemy.com/course/carton-design-using-sheetmetal-with-fusion-360/
The Complete Guide to PTC Onshape (CAD),3590552,"Learn-Ed Online, Mathew Alexander MEng CEng MIMechE, Morgan Brown","Onshape, Design Tools, Design",Autodesk Fusion,Beginner,10 hours,4.5,538,2255,"Rp149,000",10/2023,0,0,63,https://www.udemy.com/course/the-complete-guide-to-ptc-onshape-cad/
3d printing and designing with Fusion 360: Beginner to Pro,2861666,Alexey Naturyev,"Autodesk Fusion, 3D & Animation, Design",Autodesk Fusion,Beginner,4.5 hours,4.0,206,1998,"Rp149,000",4/2020,0,0,6,https://www.udemy.com/course/alexey-naturyev-fusion-360/
Intent-Driven CAD in Autodesk Fusion: Skeleton to Assembly,7041741,Jomarc Baquiran,"Autodesk Fusion, Assembly Modeling, Design Tools, Design",Autodesk Fusion,All Levels,2 hours,4.7,N/A,1,"Rp149,000",2/2026,0,0,20,https://www.udemy.com/course/intent-driven-cad-in-autodesk-fusion-skeleton-to-assembly/
Design for 3D Printing Using Blender,4293762,Steven Wolfe,"3D Modeling, 3D Printing, Design Tools, Design",Autodesk Fusion,All Levels,1.5 hours,4.4,50,251,"Rp149,000",9/2021,0,0,4,https://www.udemy.com/course/design-for-3d-printing-using-blender/
3D Modeling with Fusion 360 (Tutorial Videos),6281331,CADCIM Technologies,"Sketching, Design Tools, Design",Autodesk Fusion,Intermediate,8.5 hours,4.3,43,9680,"Rp149,000",7/2025,0,0,1,https://www.udemy.com/course/3d-modeling-with-fusion-360tutorial-videos/
Siemens NX CAD CAM Post Builder + Autodesk Inventor CAD CAM,5092154,Mohamed Gamal,"Autodesk Inventor, Siemens NX, Design Tools, Design",Autodesk Fusion,All Levels,12.5 hours,4.7,38,1468,"Rp149,000",10/2023,1,0,5,https://www.udemy.com/course/siemens-nx-cad-cam-post-builder-autodesk-inventor-cad-cam/
Fusion 360 Assemblies & Motion: Learn from Scratch to Expert,6955947,Gaddam Ashok,"3D & Animation, Design",Autodesk Fusion,Expert,20 hours,5.0,N/A,2,"Rp149,000",12/2025,0,0,0,https://www.udemy.com/course/fusion-360-assemblies-motion-learn-from-scratch-to-expert/
TinkerCAD for 3D Models and Printing Zero to Hero in hours,4667164,Naman kumar Gandhi,"3D Modeling, Design Tools, Design",Autodesk Fusion,All Levels,1.5 hours,4.7,339,3766,"Rp149,000",3/2024,0,0,0,https://www.udemy.com/course/ultimate-design-course-on-tinkercad-zero-to-hero-in-hours/
Designing On iPad For 3D Printing - Shapr3D,3488768,CAM MENTOR,"3D Printing, 3D Modeling, 3D & Animation, Design",Autodesk Fusion,Beginner,1.5 hours,4.2,65,423,"Rp149,000",2/2026,1,0,1,https://www.udemy.com/course/designing-on-ipad-for-3d-printing-shapr3d-app/
3D Printing: From Start to Finish,1680146,Kevin Volo,"3D Printing, 3D & Animation, Design",Autodesk Fusion,Beginner,5.5 hours,4.5,1269,7619,"Rp159,000",7/2020,3,0,0,https://www.udemy.com/course/3d-printing-from-start-to-finish/
Autodesk Inventor Basic Tools,3945578,Penta Teknoloji,"Autodesk Inventor, Design Tools, Design",Autodesk Fusion,All Levels,12.5 hours,4.1,9,53,"Rp149,000",4/2021,0,0,0,https://www.udemy.com/course/autodesk-inventor-basic-tools/
Fusion 360: 1 Hour Quick-Start,3848996,Larno Visser,"Autodesk Fusion, 3D Modeling, 3D & Animation, Design",Autodesk Fusion,Beginner,1.5 hours,4.6,28,103,"Rp149,000",8/2021,0,0,5,https://www.udemy.com/course/fusion-360-1-hour-quick-start/
Design for 3D Printing with Blender - 2023,4166920,Steven Wolfe,"3D Printing, 3D & Animation, Design",Autodesk Fusion,Beginner,2 hours,4.4,173,1073,"Rp149,000",1/2023,0,0,0,https://www.udemy.com/course/design-for-3d-printing-blender/
OpenSCAD the complete course,6030072,Nicolas Forgue,"3D Rendering, 3D Modeling, 3D Printing, Programming Languages, Development",Autodesk Fusion,All Levels,6.5 hours,3.9,12,89,"Rp149,000",7/2024,0,0,0,https://www.udemy.com/course/openscad-the-complete-course/
Parametric Part Modeling in Onshape,1261328,Jomarc Baquiran,"Onshape, Design Tools, Design",Autodesk Fusion,Beginner,3.5 hours,4.4,103,451,"Rp149,000",8/2017,0,0,13,https://www.udemy.com/course/parametric-part-modeling-in-onshape/
Onshape the complete course,4870246,Nicolas Forgue,"CAD Software, Onshape, 3D & Animation, Design",Autodesk Fusion,All Levels,14 hours,4.2,51,237,"Rp149,000",3/2026,0,0,0,https://www.udemy.com/course/onshape-the-complete-course/
Concept Design of a Double Wishbone Suspension in Fusion 360,3950534,Mufaddal Rasheed,"Automotive Engineering, Engineering, Teaching & Academics",Autodesk Fusion,Expert,4 hours,4.5,189,1046,"Rp149,000",5/2023,0,0,6,https://www.udemy.com/course/concept-design-of-a-double-wishbone-suspension-system/
Autodesk Platform Services Basic Viewer and Javascript,5295268,"Enrique Galicia, Gabriel Pérez Kohler","Autodesk, Other IT & Software, IT & Software",Autodesk Fusion,Beginner,2 hours,4.2,24,146,"Rp149,000",7/2023,1,0,1,https://www.udemy.com/course/apsviewer/
3D Printing 101 | The Ultimate Beginner's Guide,3244118,M.Eng. Johannes Wild,"3D Printing, 3D & Animation, Design",Autodesk Fusion,All Levels,1.5 hours,4.3,64,239,"Rp149,000",1/2022,0,0,2,https://www.udemy.com/course/3d-printing-101-the-ultimate-beginners-guide/
Introduction to Laser-Cutting,3048000,Ben Gatien,"Inkscape, Laser Cutting, Other Design, Design",Autodesk Fusion,Beginner,3 hours,4.8,414,1976,"Rp149,000",2/2021,0,0,0,https://www.udemy.com/course/introduction-to-laser-cutting/
ArtCAM Premium 2018 Complete CAD Course,6577223,Elina Panagakou,"CAD Software, Computer Numerical Control (CNC), Design Tools, Design",Autodesk Fusion,All Levels,12.5 hours,4.6,28,80,"Rp149,000",7/2025,0,0,2,https://www.udemy.com/course/artcam-2018-elinap/
"Architectural 3D Modeling & Rendering: FreeCAD, Blender 2025",2973770,Thomas McDonald,"CAD Software, Architectural Design, Design",Autodesk Fusion,Beginner,6 hours,4.5,197,1885,"Rp149,000",7/2025,2,0,27,https://www.udemy.com/course/architectural-cad-modelling-and-rendering-for-beginners/
Meshmixer the complete course,6797945,Nicolas Forgue,"Sculpting, Digital Character Sculpting, 3D Modeling, 3D Sculpting, 3D & Animation",Autodesk Fusion,All Levels,7.5 hours,3.5,2,9,"Rp149,000",1/2026,0,0,0,https://www.udemy.com/course/meshmixer-the-complete-course/
3D RUNDOWN (3D Printer Course),4514758,Gregg Cerenzio,"3D Printing, Hardware, IT & Software",Autodesk Fusion,Beginner,17 hours,4.6,212,1270,"Rp149,000",12/2025,0,0,7,https://www.udemy.com/course/3d-rundown/
CAD Design 101 | 3D modelling for beginners (by an engineer),3942004,M.Eng. Johannes Wild,"CAD Software, Engineering Instruction, 3D Modeling, 3D & Animation, Design",Autodesk Fusion,All Levels,1.5 hours,4.2,67,329,"Rp149,000",8/2021,0,0,7,https://www.udemy.com/course/cad-design-101-3d-modelling-for-beginners/
Autodesk PowerMILL Essential Training,4536344,Umesh Arora,"Computer Numerical Control (CNC), Design Tools, Design",Autodesk Fusion,All Levels,13.5 hours,4.3,151,833,"Rp149,000",2/2026,0,0,73,https://www.udemy.com/course/autodesk-powermill/
Makers' Guide to Fusion 360,3736904,"Vedansh Goenka, Vishal Goenka","Autodesk Fusion, 3D Modeling, CAD Software, 3D & Animation, Design",Autodesk Fusion,All Levels,1 hour,4.4,11,66,"Rp149,000",6/2021,0,0,0,https://www.udemy.com/course/fusion-360-makers/
SelfCAD 3D the complete course 3D modeling,4730420,Nicolas Forgue,"SelfCAD, 3D Modeling, 3D & Animation, Design",Autodesk Fusion,All Levels,10 hours,4.2,17,70,"Rp149,000",11/2023,0,0,0,https://www.udemy.com/course/selfcad-3d-modeling/
Fusion360 and Eagle integration to design PCB,4017616,Mohannad Rawashdeh,"CAD Software, Autodesk Fusion, Design Tools, Design",Autodesk Fusion,Intermediate,4.5 hours,4.4,30,299,"Rp149,000",4/2022,1,0,17,https://www.udemy.com/course/fusion360-and-eagle-integration-to-design-pcb/
Introduction to Processes & Best Practices Of 3D Printing,4265282,J Aatish Rao,"3D Printing, Engineering, Teaching & Academics",Autodesk Fusion,Beginner,41 mins,4.3,20,220,"Rp149,000",10/2023,5,0,1,https://www.udemy.com/course/a-z-3d-printing/
Fusion 360: Create a slide and pop mechanism,1239194,Mahmoud Shehata,"Autodesk Fusion, CAD Software, 3D & Animation, Design",Autodesk Fusion,Beginner,2 hours,4.4,49,1503,"Rp149,000",8/2017,0,0,1,https://www.udemy.com/course/create-mechanism-fusion-360/
3D Printing Fundamentals: Complete Beginner Theory Course,7078245,NextGen 3D,"3D Rendering, 3D & Animation, Design",Autodesk Fusion,Beginner,3.5 hours,4.5,N/A,113,"Rp149,000",4/2026,0,0,45,https://www.udemy.com/course/3d-printing-fundamentals-complete-beginner-theory-course/
3D Printing Business & Side Hustle Masterclass,6981121,NextGen 3D,"3D Printing, Entrepreneurship, Business",Autodesk Fusion,All Levels,4 hours,4.2,9,1359,"Rp149,000",4/2026,0,0,48,https://www.udemy.com/course/3d-printing-business-side-hustle-masterclass/
Creality Rundown (3D Printer Course),5686962,Gregg Cerenzio,"3D Printing, Hardware, IT & Software",Autodesk Fusion,Beginner,13 hours,4.4,26,174,"Rp149,000",1/2026,0,0,0,https://www.udemy.com/course/creality-rundown/
Mastering OpenSCAD in 10 Projects - Learn by Practicing,5981078,Xiaoqi Zhao,"3D Modeling, Other IT & Software, IT & Software",Autodesk Fusion,Beginner,12.5 hours,4.9,4,79,"Rp159,000",5/2024,0,0,0,https://www.udemy.com/course/mastering-openscad-in-10-projects-learn-by-practicing/
Printing 3D - Fundamentals and advanced course - AulaGEO,3162350,"AulaGEO Academy, Golgi Alvarez","Mechanical Engineering, 3D Printing, CAD Software, SOLIDWORKS, 3D & Animation",Autodesk Fusion,All Levels,7 hours,4.5,148,4632,"Rp149,000",8/2024,0,0,7,https://www.udemy.com/course/solidworks-and-printing-3d-using-cura/
Create and 3D Print Your First Character in Blender,6281973,Samuel Briskar,"3D Modeling, 3D & Animation, Design",Autodesk Fusion,Beginner,3.5 hours,4.9,6,98,"Rp149,000",11/2024,0,0,2,https://www.udemy.com/course/create-and-3d-print-your-first-character-in-blender/
Designing Mechanisms using Fusion 360,1345134,Mahmoud Shehata,"Autodesk Fusion, Product Design, Design Tools, Design",Autodesk Fusion,Intermediate,2 hours,4.4,243,1444,"Rp149,000",11/2017,0,0,0,https://www.udemy.com/course/mechanism-design-using-fusion-360/
FreeCAD v1.0 2025 Ultimate Beginners Course Extended Version,6431967,MJ Solutions,"FreeCAD, 3D Modeling, CAD Software, 3D & Animation, Design",Autodesk Fusion,Beginner,1.5 hours,4.7,573,1817,"Rp249,000",5/2025,0,0,0,https://www.udemy.com/course/freecad-ultimate-beginners-extended-version/
Adobe Illustrator CC Basic Tools for Beginner,3771780,Penta Teknoloji,"Adobe Illustrator, Design Tools, Design",Autodesk Fusion,Beginner,2.5 hours,4.7,N/A,13,"Rp159,000",9/2023,0,0,0,https://www.udemy.com/course/adobe-illustrator-cc-basic-tools-and-techniques/
AI-Powered 3D Modeling for 3D Printing,6876465,Dovydas Kersys,"Artificial Intelligence (AI), 3D Modeling, 3D Printing, 3D & Animation, Design",Autodesk Fusion,Beginner,33 mins,4.5,17,205,"Rp149,000",10/2025,0,0,0,https://www.udemy.com/course/ai-powered-3d-modeling-for-3d-printing/
"Fusion 360, Solidworks & CATIA - CAD Mastery Workshop",4397792,Roy Academy,"SOLIDWORKS, CATIA, Autodesk Fusion, CAD Software, 3D & Animation",Autodesk Fusion,Beginner,7.5 hours,4.5,23,115,"Rp149,000",3/2022,0,0,0,https://www.udemy.com/course/fusion-360-solidworks-catia-cad-mastery-workshop/
3D printer programming using G-Code,1890630,Marc Cronin,"3D Printing, Hardware, IT & Software",Autodesk Fusion,Beginner,1 hour,4.4,228,937,"Rp149,000",10/2018,0,0,2,https://www.udemy.com/course/3d-printer-programming-using-g-code/
Zbrush to 3d Printing: Bring your 3d Models to Life,4644750,Nexttut Education Pvt.Ltd.,"zBrush, 3D Printing, 3D & Animation, Design",Autodesk Fusion,Intermediate,14 hours,4.6,149,1485,"Rp149,000",5/2022,0,0,0,https://www.udemy.com/course/zbrush-to-3d-printing/
Autodesk Inventor: A Complete Step-by-Step Tutorial Guide,6154201,CADCIM Technologies,"Autodesk Inventor, Design Tools, Design",Autodesk Fusion,All Levels,9 hours,4.4,36,6632,"Rp149,000",6/2025,33,0,68,https://www.udemy.com/course/autodesk-inventor-a-complete-step-by-step-tutorial-guide/
3D Printing & Additive Manufacturing with Tinkercad & Cura,4346776,Naman kumar Gandhi,"3D Printing, Design Thinking, Engineering, Teaching & Academics",Autodesk Fusion,All Levels,5.5 hours,4.5,1004,8539,"Rp149,000",12/2025,0,0,3,https://www.udemy.com/course/additive-manuf-design-of-3d-printing-with-tinkercad-cura/
Bambu Studio: Design Suitable for Manufacturing,6595009,Emincan Kutlu,"3D Printing, 3D Modeling, 3D & Animation, Design",Autodesk Fusion,All Levels,1.5 hours,4.1,43,242,"Rp149,000",6/2025,0,0,3,https://www.udemy.com/course/bambu-studio-design-suitable-for-manufacturing/
CAD for Kids - Intro to 3D Design & 3D Printing,2556906,Kids Can CAD Academy,"CAD Software, 3D Printing, 3D & Animation, Design",Autodesk Fusion,Beginner,2.5 hours,4.4,203,1004,"Rp149,000",5/2020,4,0,13,https://www.udemy.com/course/3d-design-and-3d-printing-for-kids/
Trigonometry - Machine Shop Maths,3613452,Marc Cronin,"Trigonometry, Math, Teaching & Academics",Autodesk Fusion,Beginner,1 hour,4.6,73,385,"Rp149,000",11/2020,0,0,0,https://www.udemy.com/course/trigonometry-machine-shop-maths/
Autodesk Inventor 2020 Complete Beginners Course,2656110,Mike Freeman,"3D Modeling, 3D Printing, Autodesk Inventor, CAD Software, 3D & Animation",Autodesk Fusion,Beginner,6.5 hours,4.5,330,2874,"Rp149,000",9/2021,0,0,1,https://www.udemy.com/course/autodesk-inventor-2020-for-beginners/
Sheet metal Stamping design with Fusion 360 - Chassis frame,3965852,Mufaddal Rasheed,"Autodesk Fusion, CAD Software, Design Tools, Design",Autodesk Fusion,Expert,6 hours,4.3,53,360,"Rp149,000",7/2023,1,0,8,https://www.udemy.com/course/concept-design-of-full-chassis-ladder-frame-in-fusion-360/
"CURA Rundown (Slicer Program, for 3D Printing)",5152110,Gregg Cerenzio,"3D Printing, 3D & Animation, Design",Autodesk Fusion,Beginner,2 hours,4.6,46,290,"Rp149,000",8/2025,0,0,2,https://www.udemy.com/course/cura-rundown/
FreeCAD 1.0 in 25 Days: Complete CAD Course,6026114,Umair Ahmad Khan,"FreeCAD, 3D Modeling, CAD Software, Design Tools, Design",Autodesk Fusion,Beginner,12 hours,4.3,96,527,"Rp159,000",7/2025,0,0,5,https://www.udemy.com/course/freecadcompletecourse/
CNC Programming with CNC Simulator Pro,5620256,Messgerat Labs (GaugeHow),"Computer Numerical Control (CNC), Engineering, Teaching & Academics",Autodesk Fusion,Beginner,5 hours,4.4,96,604,"Rp149,000",12/2025,1,0,0,https://www.udemy.com/course/cnc-programming/
Design 3D Printed Enclosure for Arduino Boards Fusion 360,3208477,"Educational Engineering Team, Ashraf Said AlMadhoun, Educational Engineering","Autodesk Fusion, 3D & Animation, Design",Autodesk Fusion,All Levels,2.5 hours,4.2,49,10490,"Rp149,000",2/2026,29,0,2,https://www.udemy.com/course/fusion360-design-3d-printed-enclosure-for-arduino-boards-fusion-360/
Mechanical Part Modeling & Technical Drawing in FreeCAD,6614081,Amar Patel,"FreeCAD, 3D & Animation, Design",Autodesk Fusion,Intermediate,37.5 hours,4.5,2,42,"Rp149,000",3/2026,0,0,82,https://www.udemy.com/course/mastering-advanced-modeling-detailing-in-freecad/
FreeCAD 1.0 Easy Parametric Modeling: Spreadsheets & VarSets,6580529,MJ Solutions,"FreeCAD, 3D Modeling, CAD Software, 3D & Animation, Design",Autodesk Fusion,All Levels,2.5 hours,4.8,44,220,"Rp249,000",6/2025,0,0,0,https://www.udemy.com/course/freecad-easy-parametric-modeling-with-spreadsheets-varsets/
Fusion and Blender VFX Masterclass,5860302,Ruan Lotter,"VFX Visual Effects, 3D Animation, Video Design, Photography & Video",Autodesk Fusion,All Levels,2 hours,4.8,57,379,"Rp149,000",3/2024,0,0,2,https://www.udemy.com/course/fusion_blender_vfx/
The Fundamentals of 3D Printing,5223568,Colin Meltzer,"3D Printing, Tinkercad, 3D & Animation, Design",Autodesk Fusion,Beginner,2 hours,4.7,33,175,"Rp149,000",3/2023,0,0,1,https://www.udemy.com/course/the-fundamentals-of-3d-printing/
The Complete Course of CNC and Autodesk PowerMill 2025,6248267,The Tech Courses,"Computer Numerical Control (CNC), Engineering, Teaching & Academics",Autodesk Fusion,All Levels,10.5 hours,4.2,18,102,"Rp149,000",1/2025,0,0,11,https://www.udemy.com/course/powermill/
How to Make Money With Your 3D Printer,2251910,Kevin Volo,"3D Printing, 3D & Animation, Design",Autodesk Fusion,Intermediate,3.5 hours,4.6,193,1455,"Rp149,000",2/2021,4,0,5,https://www.udemy.com/course/how-to-make-money-with-your-3d-printer/
"3D Printing with "" Ultimaker CURA Slicer- Start to finish""",4408814,Naman kumar Gandhi,"3D Printing, Engineering, Teaching & Academics",Autodesk Fusion,All Levels,1 hour,4.8,180,5875,"Rp149,000",1/2025,0,0,0,https://www.udemy.com/course/ultimaker-cura-slicing-software-3d-printing-start-to-finish/
Blender for 3D Printing - Beginner Basics & Effects (101),2291885,Jayson Wall,"3D Printing, Prototyping, Blender, 3D & Animation, Design",Autodesk Fusion,Beginner,4.5 hours,4.6,294,2822,"Rp149,000",1/2025,0,0,10,https://www.udemy.com/course/blender-for-3d-printing/
CNC Milling machine programming using G-Code,1813868,Marc Cronin,"Computer Numerical Control (CNC), Hardware, IT & Software",Autodesk Fusion,Intermediate,1.5 hours,4.3,416,2556,"Rp149,000",10/2023,0,0,34,https://www.udemy.com/course/cnc-milling-machine-programming-using-g-code/
FREECAD BASIC COURSE,5900132,Paulo Villarreal,"FreeCAD, CAD Software, Other Design, Design",Autodesk Fusion,Beginner,5 hours,4.5,6,71,"Rp149,000",4/2024,0,0,0,https://www.udemy.com/course/freecad-course-s/
3D Builder the complete course,5409990,Nicolas Forgue,"3D Rendering, 3D Printing, 3D Modeling, 3D & Animation, Design",Autodesk Fusion,All Levels,6 hours,3.0,4,8,"Rp149,000",8/2023,0,0,0,https://www.udemy.com/course/3d-builder-the-complete-course/
Learning OpenSCAD for 3D Modelling,5928420,Xiaoqi Zhao,"3D Modeling, CAD Software, Other IT & Software, IT & Software",Autodesk Fusion,Beginner,11 hours,4.4,3,237,"Rp149,000",2/2026,0,0,0,https://www.udemy.com/course/learning-openscad-for-3d-modelling/
Autodesk Featurecam-Siemens NX CAM-Solidcam-NX CAM2027 Intro,4887466,Mohamed Gamal,"Autodesk, Siemens NX, SolidCAM, Design Tools, Design",Autodesk Fusion,All Levels,12 hours,4.7,43,1369,"Rp149,000",10/2023,1,0,3,https://www.udemy.com/course/cam-diploma-autodesk-featurecam-siemens-nx-cam-solidcam/
Autodesk VRED Basic Tools And Techniques,4163206,Penta Teknoloji,"3D Rendering, Autodesk, Design Tools, Design",Autodesk Fusion,Beginner,5.5 hours,3.7,20,123,"Rp149,000",8/2022,0,0,1,https://www.udemy.com/course/autodesk-vred-basic-tools-and-techniques/
The Complete FreeCAD Bootcamp 2025,5941056,The Tech Courses,"FreeCAD, 3D Modeling, CAD Software, Engineering, Teaching & Academics",Autodesk Fusion,All Levels,7 hours,3.6,77,278,"Rp149,000",1/2025,0,0,0,https://www.udemy.com/course/course-freecad/
Learn 3D printing (Additive Manufacturing),2334320,Dr. Rauf Tailony,"3D Printing, Engineering, Teaching & Academics",Autodesk Fusion,All Levels,7.5 hours,4.3,105,465,"Rp149,000",4/2019,0,0,19,https://www.udemy.com/course/learn-3d-printing-additive-manufacturing/
CAD Autodesk Inventor Basics: Beginner Crash Course,5798852,Jordan Keech,"Autodesk Inventor, CAD Software, Design Tools, Design",Autodesk Fusion,Beginner,6 hours,4.4,28,112,"Rp149,000",6/2025,0,0,5,https://www.udemy.com/course/cad-autodesk-inventor-tools-and-basics-for-beginners/
Autodesk Inventor 2021 / 2022 - Essential training,3545942,MCAD Skill,"Autodesk Inventor, Design Tools, Design",Autodesk Fusion,Beginner,11.5 hours,4.5,697,2879,"Rp449,000",4/2021,1,0,11,https://www.udemy.com/course/autodesk-inventor-2021-essential-training/
Surface Modeling in Onshape,5038334,Jomarc Baquiran,"Onshape, CAD Software, Design Tools, Design",Autodesk Fusion,Intermediate,44 mins,4.3,13,57,"Rp149,000",12/2022,0,0,1,https://www.udemy.com/course/surface-modeling-in-onshape/
"Autodesk Inventor as a Pro, use Skeleton Modelling.",2707716,Joris Steurs,"CAD Software, Design Tools, Design",Autodesk Fusion,Intermediate,1.5 hours,4.4,56,220,"Rp149,000",12/2019,0,0,0,https://www.udemy.com/course/autodesk-inventor-as-a-pro-use-skeleton-modelling/
Mastercam CAD CAM and CNC Milling Programming Professional,2660066,TechSchool Institute,"Mastercam, Engineering, Teaching & Academics",Autodesk Fusion,All Levels,30 hours,4.1,246,2205,"Rp159,000",3/2026,13,0,109,https://www.udemy.com/course/mastercam-cad-cam-and-cnc-programming-professional/
Blender for 3D Printing - Learn All Blender Tools (201),5106864,Jayson Wall,"Blender, 3D Printing, 3D & Animation, Design",Autodesk Fusion,Intermediate,5 hours,4.5,70,581,"Rp149,000",1/2024,1,0,2,https://www.udemy.com/course/blender-tools-201/
Engineering Design in Autodesk Inventоr,705808,Dmytro Zinoviev,"Autodesk Inventor, Software Engineering, Design Tools, Design",Autodesk Fusion,Beginner,1.5 hours,4.6,14,86,"Rp149,000",12/2015,0,0,10,https://www.udemy.com/course/inventror/
Onshape Complete Course For Beginners (2026),7039261,Alen Oletic,"Onshape, Engineering, Teaching & Academics",Autodesk Fusion,Beginner,5 hours,4.5,7,214,"Rp149,000",3/2026,2,0,6,https://www.udemy.com/course/onshape-fundamentals-2026/
Autodesk Inventor: Introduction to Part Modeling & Assembly,4671866,Jomarc Baquiran,"Autodesk Inventor, 3D Modeling, 3D & Animation, Design",Autodesk Fusion,Beginner,1 hour,2.6,2,9,"Rp149,000",5/2022,0,0,3,https://www.udemy.com/course/autodesk-inventor-introduction-to-part-modeling-assembly/
"Fusion 360 for Woodworkers, Designing an Adirondack Chair",2409540,Benjamin Tuttle,"Autodesk Fusion, Woodworking and Carpentry, 3D & Animation, Design",Autodesk Fusion,Intermediate,3.5 hours,3.8,16,104,"Rp149,000",2/2020,0,0,0,https://www.udemy.com/course/fusion-360-for-woodworkers-designing-an-adirondack-chair/
"Autodesk Inventor, Essential Training",5039108,"Amin Khaliq, Arwa Habib","Autodesk Inventor, Mechanical Engineering, Design Tools, Design",Autodesk Fusion,All Levels,7 hours,4.4,78,724,"Rp149,000",7/2025,0,0,11,https://www.udemy.com/course/autodesk-inventor-2023-essential-training/
3D Printing and Tinkercad Crash Course,2646096,Michael Andrew,"Tinkercad, 3D Printing, Other Design, Design",Autodesk Fusion,Beginner,2 hours,4.5,87,1786,"Rp249,000",2/2020,0,0,0,https://www.udemy.com/course/3d-printing-and-tinkercad-crash-course/
NX CAM 2027 (Latest Version) & Autodesk Inventor CAD Basics,5030602,Mohamed Gamal,"Autodesk Inventor, Siemens NX, Design Tools, Design",Autodesk Fusion,Intermediate,5 hours,4.7,15,1238,"Rp149,000",10/2023,1,0,3,https://www.udemy.com/course/autodesk-inventor-cad-nx-cam-2027-latest-version-basics/
FreeCAD For Beginner : Learn 3D Modeling from Scratch !,5818652,Amar Patel,"FreeCAD, Design Tools, Design",Autodesk Fusion,All Levels,24.5 hours,3.9,35,190,"Rp149,000",12/2025,0,0,45,https://www.udemy.com/course/freecad-for-beginner-learn-3d-modeling-from-scratch/
3D Resin Printing: From Start to Finish,3245812,Kevin Volo,"3D Printing, 3D & Animation, Design",Autodesk Fusion,Beginner,3 hours,4.8,447,2561,"Rp149,000",6/2020,2,0,0,https://www.udemy.com/course/3d-resin-printing-from-start-to-finish/
Design and Introduction to Applications in 3D Printing,4396060,Juan Carlos Munguia Castañeda,"3D Printing, 3D & Animation, Design",Autodesk Fusion,Beginner,4.5 hours,4.9,6,45,"Rp149,000",11/2021,0,0,9,https://www.udemy.com/course/design-and-introduction-to-applications-in-3d-printing/
AUTODESK TINKERCAD: 3D DESIGN FROM ZERO TO HERO,3565531,Penta Teknoloji,"Tinkercad, Design Tools, Design",Autodesk Fusion,Beginner,7 hours,3.7,9,81,"Rp149,000",10/2020,0,0,0,https://www.udemy.com/course/autodesk-tinkercad-3d-design-from-zero-to-hero/
Blender for 3D Printing - Intro to Flexible Design (102),3154232,Jayson Wall,"3D Printing, CAD Software, Product Design, Product Manufacturing, 3D & Animation",Autodesk Fusion,Beginner,2 hours,4.5,49,343,"Rp149,000",1/2024,1,0,11,https://www.udemy.com/course/blender-28-for-3d-printing-intro-to-flexible-design/
Learn Circuits with Tinkercad: Arduino based Robots Design,3243932,"Sandeep Saini, Manpreet Kaur","Robotics, Arduino, PCB Design, Hardware, IT & Software",Autodesk Fusion,All Levels,4.5 hours,4.5,134,3110,"Rp149,000",10/2023,0,0,10,https://www.udemy.com/course/learn-circuits-with-tinkercad/
Autodesk Inventor CAD & Solidcam 2023 & NX Mold Wizard,5029650,Mohamed Gamal,"Siemens NX, Autodesk Inventor, Injection Molding, Design Tools, Design",Autodesk Fusion,All Levels,8 hours,5.0,9,33,"Rp149,000",10/2023,1,0,4,https://www.udemy.com/course/autodesk-inventor-cad-solidcam-2023-nx-mold-wizard/
3D Designs with TinkerCad for kids,5260784,IoT KIDS,"3D Sketching, 3D & Animation, Design",Autodesk Fusion,Beginner,1 hour,4.2,2,20,"Rp149,000",4/2023,0,0,0,https://www.udemy.com/course/3d-modeling-designs-and-basics-with-tinkercad/
Autocad for 3d Printing,3828496,Marcelo Gomez,"3D Modeling, Design Tools, Design",Autodesk Fusion,All Levels,6 hours,4.0,8,49,"Rp149,000",2/2021,0,0,2,https://www.udemy.com/course/autocad-for-3d-printing/
"Blender: 3D Game Assets, Texturing & 3D Printing Models",6934257,Nested Mango Private Limited,"Blender, 3D & Animation, Design",Autodesk Fusion,All Levels,4 hours,5.0,1,21,"Rp149,000",3/2026,0,0,0,https://www.udemy.com/course/blender-3d-game-assets-texturing-3d-printing-models/
3D Printing(Additive Manufacturing) in Industry 4.0,5842220,IndustryX.ai Smart Manufacturing,"3D Printing, Industry 4.0, Engineering, Teaching & Academics",Autodesk Fusion,Beginner,7 hours,4.7,21,253,"Rp149,000",12/2025,1,0,0,https://www.udemy.com/course/3d-printing-industry4/
Master 3D Printing: Transforming the Future of Manufacturing,5196242,Tayseer Almattar,"3D Printing, Business Strategy, Business",Autodesk Fusion,Beginner,2.5 hours,4.6,4,34,"Rp149,000",11/2024,3,0,6,https://www.udemy.com/course/3d-printing-am/
Getting Started with TinkerCAD,4052728,Nathan Nagele,"3D Modeling, 3D & Animation, Design",Autodesk Fusion,Beginner,1.5 hours,4.6,40,4098,"Rp149,000",5/2021,0,0,5,https://www.udemy.com/course/getting-started-with-tinkercad/
Blackmagic Fusion - The Ultimate Guide,2152300,Data Training Campus,"BlackMagic Fusion, 3D & Animation, Design",Autodesk Fusion,All Levels,26 hours,2.8,58,4778,"Rp159,000",1/2024,0,0,0,https://www.udemy.com/course/blackmagic-fusion/
The Complete 3D-Printing Course - Masterclass,1605958,Manuel Stange,"3D Printing, 3D & Animation, Design",Autodesk Fusion,Beginner,2 hours,4.4,360,1715,"Rp149,000",6/2020,0,0,2,https://www.udemy.com/course/the-complete-3d-printing-course-masterclass/
Create Custom 3D Designs With Tinkercad,2113416,Andrew O'Neill,"Tinkercad, 3D & Animation, Design",Autodesk Fusion,Beginner,1 hour,4.7,68,289,"Rp149,000",8/2019,0,0,0,https://www.udemy.com/course/create-3d/
3D Printing Using Ultimaker Cura,4604646,Scholarsight Learning,"3D Printing, 3D Modeling, 3D & Animation, Design",Autodesk Fusion,All Levels,5 hours,4.2,41,179,"Rp149,000",4/2022,1,0,0,https://www.udemy.com/course/3d-printing-using-ultimaker-cura/
Creating Games in Multimedia Fusion 2: Beginner Course,42219,Danny James,"Game Development Fundamentals, Autodesk Fusion, Game Development, Development",Autodesk Fusion,Beginner,4 hours,4.2,28,210,"Rp299,000",4/2013,0,0,7,https://www.udemy.com/course/creating-games-in-multimedia-fusion-2-beginner-course/
The Complete Course of Onshape CAD: From zero to hero!,5334506,The Tech Courses,"Onshape, 3D Sketching, 3D Modeling, CAD Software, Engineering",Autodesk Fusion,All Levels,8 hours,3.2,28,140,"Rp149,000",1/2025,0,0,0,https://www.udemy.com/course/course-onshape/
Autodesk Inventor CAD & NX CAM & NX Post Builder & NX Mold,5029574,Mohamed Gamal,"Autodesk Inventor, Autodesk, Siemens NX, Design Tools, Design",Autodesk Fusion,All Levels,8.5 hours,5.0,7,131,"Rp149,000",10/2023,1,0,4,https://www.udemy.com/course/autodesk-inventor-cad-nx-cam-nx-post-builder-nx-mold/
3D Printing for Engineers & Makers with Practical approach,6596471,Dr. Santhosh Kumar Kamarapu,"CAD Software, Mechanical Engineering, 3D Printing, Design Tools, Design",Autodesk Fusion,Beginner,5 hours,4.2,N/A,N/A,"Rp457,000.00",5/2025,1,0,5,https://www.udemy.com/course/3d-printing-for-engineers-makers-with-practical-approach/
"Arduino coding with 3D-Printing, Product Design, Fabrication",2698222,Brennen Pak,"3D Printing, Arduino, Autodesk Fusion, Hardware, IT & Software",Autodesk Fusion,All Levels,5.5 hours,4.6,14,127,"Rp149,000",1/2020,1,0,0,https://www.udemy.com/course/product-design-fabrication-3d-printing-arduino-coding/
Blender 2.79 Discover 3D printing,2086816,Julien Deville,"Blender, 3D Printing, 3D & Animation, Design",Autodesk Fusion,Intermediate,11 hours,4.6,50,628,"Rp149,000",12/2018,0,0,24,https://www.udemy.com/course/blender-279-discover-3d-printing/
3D Printing from Zero to Hero with TINKERCAD & CURA (Hindi),4215680,Naman kumar Gandhi,"Tinkercad, Engineering, Teaching & Academics",Autodesk Fusion,All Levels,5.5 hours,4.5,61,1519,"Rp149,000",3/2024,0,0,1,https://www.udemy.com/course/design-of-3d-printing-with-tinkercad/
Blender for 3D Printing - Intro to Pro Techniques (103),3158024,Jayson Wall,"3D Printing, Blender, CAD Software, Product Design, 3D & Animation",Autodesk Fusion,Beginner,2.5 hours,4.5,34,288,"Rp149,000",1/2024,1,0,11,https://www.udemy.com/course/blender-28-for-3d-printing-intro-to-pro-techniques/
Autodesk Inventor 2021 / 2022 - Advanced Assembly Training,3575805,MCAD Skill,"Autodesk Inventor, Design Tools, Design",Autodesk Fusion,Beginner,6 hours,4.5,105,602,"Rp449,000",4/2021,1,0,1,https://www.udemy.com/course/autodesk-inventor-2021-advanced-assembly-training/
3D Printing Through To Painting,3090014,Tyson Washburn,"3D Printing, Arts & Crafts, Lifestyle",Autodesk Fusion,All Levels,2 hours,4.5,48,327,"Rp149,000",6/2020,0,0,4,https://www.udemy.com/course/3d-printing-through-to-painting/
Basics of 3D printing,6066205,Isaac Porter,"3D Printing, Design Tools, Design",Autodesk Fusion,Beginner,1 hour,4.2,9,23,"Rp149,000",7/2024,0,0,0,https://www.udemy.com/course/basics-of-3d-printing-for-kids/
Start 3D Printing at Home - Even Without a 3D Printer!,848220,Jason King,"3D Printing, 3D Animation, Other IT & Software, IT & Software",Autodesk Fusion,Beginner,1 hour,4.4,83,1404,"Rp149,000",12/2017,0,0,1,https://www.udemy.com/course/introduction-to-3d-printing-at-home/
Advanced Autodesk Inventor 2016,861696,Infinite Skills,"Autodesk Inventor, Design Tools, Design",Autodesk Fusion,Intermediate,9 hours,4.5,219,1288,"Rp149,000",1/2017,1,0,1,https://www.udemy.com/course/advanced-autodesk-inventor-2016/
"Think it, make it, sell it! 3D Printing for Fun and Profit!",302500,"Jonathan Jarc, M.Ed","3D Printing, 3D Animation, Sales Skills, 3D & Animation, Design",Autodesk Fusion,All Levels,2 hours,4.1,45,731,"Rp149,000",1/2015,2,0,4,https://www.udemy.com/course/think-it-make-it-sell-it/
Additive Manufacturing Applications,6644065,Dr. Pankaj Kumar,"Engineering, Teaching & Academics",Autodesk Fusion,Intermediate,4.5 hours,N/A,N/A,1,"Rp149,000",5/2025,0,0,0,https://www.udemy.com/course/additive-manufacturing-applications/
ZBrush Preparing 3D Scans for 3D printing!,1632534,David Newton,"3D Printing, zBrush, 3D & Animation, Design",Autodesk Fusion,All Levels,3.5 hours,4.9,6,161,"Rp149,000",4/2018,1,0,1,https://www.udemy.com/course/zbrush-preparing-3d-scans-for-3d-printing/
Ten 2D Drawings to Master 2D Sketching in Solidworks,3983236,Jomarc Baquiran,"SOLIDWORKS, 3D & Animation, Design",Autodesk Fusion,Beginner,1.5 hours,4.9,36,104,"Rp149,000",4/2021,0,0,12,https://www.udemy.com/course/ten-2d-drawings-to-master-2d-sketching-in-solidworks/
3D Printing - Everything You Need To Know,4514718,Zia Arzoo,"3D Printing, 3D Modeling, SOLIDWORKS, Design Tools, Design",Autodesk Fusion,Intermediate,2.5 hours,4.1,22,76,"Rp149,000",2/2022,0,0,10,https://www.udemy.com/course/3d-printing-everything-you-need-to-know/
3D for Medicine and Orthopedic Surgery,1509992,Bruno Borralho Gobbato Gobbato,"3D Animation, General Health, Health & Fitness",Autodesk Fusion,Intermediate,5 hours,4.0,135,4366,"Rp149,000",1/2019,1,0,0,https://www.udemy.com/course/3d_medicine_orthopedic/
3D Printing Design Skills for Special Needs / Neurodiverse,4128770,Atar Singh,"3D Printing, 3D & Animation, Design",Autodesk Fusion,Beginner,5.5 hours,4.7,12,5067,"Rp159,000",4/2024,0,0,0,https://www.udemy.com/course/special-needs-people-digital-tech-training/
Mastering FreeCAD with AI: Hands-On 3D Modelling Projects,6121203,Shashvat Rastogi,"FreeCAD, 3D & Animation, Design",Autodesk Fusion,All Levels,3 hours,4.2,11,70,"Rp149,000",8/2024,0,0,0,https://www.udemy.com/course/mastering-freecad-with-ai/
3D Printing Quickstart with SketchUp Make,765782,Jared Murphy,"3D Printing, 3D Animation, SketchUp, 3D & Animation, Design",Autodesk Fusion,Beginner,2 hours,4.7,96,404,"Rp149,000",4/2016,0,0,3,https://www.udemy.com/course/3d-printing-quickstart-with-sketchup-make/
Autodesk Inventor Professional 3D modeling course,793246,Veer Tutorial,"Autodesk Inventor, Graphic Design & Illustration, Design",Autodesk Fusion,Beginner,8 hours,4.4,62,239,"Rp159,000",1/2019,0,0,0,https://www.udemy.com/course/learn-autodesk-inventor-2016/
3D Printing for Entrepreneurs & Business Owners,7078253,NextGen 3D,"3D Modeling, 3D & Animation, Design",Autodesk Fusion,Beginner,2.5 hours,4.8,N/A,101,"Rp149,000",N/A,0,0,48,https://www.udemy.com/course/3d-printing-for-entrepreneurs-business-owners/
Comprehensive Guide & Walkthrough of 3D Printing,97336,Michael Golubev,"3D Printing, 3D Animation, 3D & Animation, Design",Autodesk Fusion,All Levels,6 hours,3.5,46,6000,"Rp149,000",4/2016,0,0,19,https://www.udemy.com/course/start-a-3d-printing-business/
"Autodesk Inventor, built-in intell and advanced adaptivity",4631428,Joris Steurs,"Autodesk, Engineering, Teaching & Academics",Autodesk Fusion,Intermediate,4.5 hours,4.4,16,151,"Rp149,000",4/2022,0,0,0,https://www.udemy.com/course/autodesk-inventor-built-in-intell-and-advanced-adaptivity/
3D Printing For Beginners,1364168,Nikko Mendoza,"3D Printing, Arts & Crafts, Lifestyle",Autodesk Fusion,Beginner,1 hour,4.0,138,684,"Rp149,000",9/2017,0,0,0,https://www.udemy.com/course/3d-printing-for-beginners/
Introduction to Robotics & Entrepreneurship,1550862,Mahadi Hasan Meem,"Robotics, Engineering, Teaching & Academics",Autodesk Fusion,All Levels,4 hours,3.7,70,3899,"Rp149,000",3/2018,0,0,17,https://www.udemy.com/course/introduction-to-robotics-entrepreneurship/
SolidWorks CAD & Solid CAM Milling & Turning(CAD-CAM) Basics,6535983,Mohamed Gamal,"SOLIDWORKS, SolidCAM, Design Tools, Design",Autodesk Fusion,Intermediate,5.5 hours,4.5,15,191,"Rp149,000",3/2025,0,0,3,https://www.udemy.com/course/solidworks-cad-solid-cam-milling-turning-cad-cam/
Autodesk Inventor 2020 - Advanced Part Training,2482260,MCAD Skill,"Autodesk Inventor, Autodesk, Design Tools, Design",Autodesk Fusion,Intermediate,5.5 hours,4.5,292,1430,"Rp449,000",10/2020,1,0,1,https://www.udemy.com/course/autodesk-inventor-2020-advanced-part-training/
Autodesk Inventor 2021 / 2022 - Weldment Training,3592580,MCAD Skill,"Autodesk Inventor, Design Tools, Design",Autodesk Fusion,Intermediate,3 hours,4.3,33,250,"Rp449,000",4/2021,1,0,1,https://www.udemy.com/course/autodesk-inventor-2021-weldment-training/
3D Print MasterCourse,5669360,David Augustine,"3D Printing, 3D Modeling, Entrepreneurship, Business",Autodesk Fusion,All Levels,3 hours,4.6,4,18,"Rp149,000",2/2024,0,0,5,https://www.udemy.com/course/3d-print-mastercourse/
Blender for 3D Printing - Design a Pet Product (203),5124554,Jayson Wall,"3D Sculpting, Blender, 3D & Animation, Design",Autodesk Fusion,Intermediate,3 hours,5.0,4,108,"Rp149,000",1/2024,1,0,3,https://www.udemy.com/course/blender-product-design-dog/
3D Printing Standards & Certification (Global 3D Standards),7078255,NextGen 3D,"3D Modeling, 3D & Animation, Design",Autodesk Fusion,Beginner,3 hours,4.8,N/A,101,"Rp149,000",4/2026,0,0,49,https://www.udemy.com/course/3d-printing-standards-certification-global-3d-standards/
How to Create High Quality 3D Scanned Model,2871742,Stefan Ivanov,"3D Modeling, 3D & Animation, Design",Autodesk Fusion,Intermediate,31 mins,4.2,20,125,"Rp149,000",3/2020,0,0,22,https://www.udemy.com/course/how-to-create-high-quality-3d-scanned-model/
"Virtual Reality Visualisation ( VRED , Blender ) and Coding",6162231,Khaja Mohamed,"3D Rendering, 3D Texturing, 3D Modeling, Other IT & Software, IT & Software",Autodesk Fusion,Beginner,1.5 hours,3.9,8,779,"Rp149,000",3/2026,66,0,0,https://www.udemy.com/course/vred-high-end-3d-visualization-and-design-software-course/
How to create amazing 3D arts with Artcam,1669096,Murad Gulaliyev,"Computer Numerical Control (CNC), Woodworking and Carpentry, 3D Sculpting, Other Design, Design",Autodesk Fusion,Intermediate,3 hours,4.0,109,664,"Rp149,000",4/2018,0,0,0,https://www.udemy.com/course/artcam-3d-video-course/
Introduction To Additive Manufacturing,5651038,ATMASUTRA INSTITUTE OF CAREER DEVELOPMENT AND TRAINING (AICDT),"3D Printing, Engineering, Teaching & Academics",Autodesk Fusion,Beginner,1.5 hours,4.1,9,237,"Rp149,000",11/2025,10,0,0,https://www.udemy.com/course/introduction-to-additive-manufacturing-s/
Autodesk Inventor 2021 / 2022 - Sheetmetal Training,3596048,MCAD Skill,"Autodesk Inventor, Design Tools, Design",Autodesk Fusion,Intermediate,3.5 hours,4.1,158,733,"Rp449,000",4/2021,1,0,1,https://www.udemy.com/course/autodesk-inventor-2021-sheetmetal-training/
Blender for 3D Printing - Sculpting & Product Design (104),3158440,Jayson Wall,"3D Printing, 3D Sculpting, Blender, Product Design, Design Tools",Autodesk Fusion,Beginner,2.5 hours,4.6,17,230,"Rp149,000",1/2024,1,0,2,https://www.udemy.com/course/blender-28-for-3d-printing-pro-design-sculpting-eevee/
"3D Printing Design for Autism, Dyslexic (Neurodiverse)",4316822,Infinite Minds Academy,"3D Printing, Autism, Dyslexia, Special Education, 3D & Animation",Autodesk Fusion,Beginner,5.5 hours,4.8,163,16762,"Rp149,000",4/2024,0,0,0,https://www.udemy.com/course/3d-printing-design-skills-for-people-with-autism-dyslexia/
FreeCAD: A Practical Guide to 3D Modeling,7000521,Giovanni Pisani,"FreeCAD, Design Tools, Design",Autodesk Fusion,All Levels,2 hours,3.9,12,57,"Rp149,000",1/2026,0,0,18,https://www.udemy.com/course/learn-freecad-3d-modeling/
3D Designing and Printing,6167911,Ed-En.Pro [Education Enhanced Program],"3D Printing, Other Design, Design",Autodesk Fusion,Beginner,2 hours,5.0,1,6,"Rp149,000",9/2024,0,0,1,https://www.udemy.com/course/3d-designing-and-printing/
Transportation Design with Tinkercad,3242152,Kids Can CAD Academy,"3D Modeling, Tinkercad, 3D & Animation, Design",Autodesk Fusion,Beginner,1.5 hours,4.7,6,63,"Rp149,000",9/2020,1,0,7,https://www.udemy.com/course/all-about-transportation/
NX CAD + Autodesk Inventor 2023 CAD + Solid Edge 2022 CAD,5029694,Mohamed Gamal,"Siemens NX, Autodesk Inventor, Solid Edge, Design Tools, Design",Autodesk Fusion,Intermediate,10 hours,3.9,13,48,"Rp149,000",10/2023,1,0,4,https://www.udemy.com/course/autodesk-inventor-2023-cad-solid-edge-2022-cad-nx-cad/
Sculpt 3D Printable Rogues with Zbrush and Autodesk Maya,3201456,"Christian McNachtan, Joshua O'Hala","3D Modeling, 3D Sculpting, Autodesk Maya, zBrush, 3D & Animation",Autodesk Fusion,Beginner,18.5 hours,4.8,28,329,"Rp149,000",6/2020,0,0,1,https://www.udemy.com/course/sculpt-3d-printable-rogues-with-zbrush-and-autodesk-maya/
3D Mechanical Design & 3D Printing Prototypes part using AI,6820845,Ayman Khoshouey,"Mechanical Engineering, 3D Printing, Industry, Business",Autodesk Fusion,All Levels,1 hour,4.4,N/A,2,"Rp149,000",12/2025,0,0,0,https://www.udemy.com/course/3d-mechanical-design-3d-printing-prototypes-part-using-ai/
CAD for Kids,4206094,Kids Can CAD Academy,"CAD Software, 3D Modeling, 3D & Animation, Design",Autodesk Fusion,Beginner,1.5 hours,4.4,16,80,"Rp149,000",7/2021,0,0,5,https://www.udemy.com/course/cad-for-kids/
Master Sheet Metal Design in FreeCAD: From Zero to Expert !,6986639,Amar Patel,"FreeCAD, Sheet Metal, Design Tools, Design",Autodesk Fusion,Beginner,5 hours,2.0,1,10,"Rp149,000",1/2026,0,0,0,https://www.udemy.com/course/master-sheet-metal-design-freecad/
Blender for 3D Printing - Sculpting Brushes Explained (202),5114494,Jayson Wall,"3D Sculpting, Blender, 3D & Animation, Design",Autodesk Fusion,Intermediate,4.5 hours,4.4,22,267,"Rp149,000",1/2024,1,0,3,https://www.udemy.com/course/blender-sculpting-brushes-202/
The Fundamentals Of 3D Printing,618618,Jeffrey Ito,"3D Printing, Entrepreneurship, Business",Autodesk Fusion,All Levels,1.5 hours,3.9,41,1528,"Rp149,000",1/2016,2,0,9,https://www.udemy.com/course/fundamentals-of-3d-printing/
Robotic Design & Digital Fabrication in Architecture,7039493,Ahmed Khairadeen Ali,"Architectural Design, Design",Autodesk Fusion,All Levels,3 hours,4.5,N/A,N/A,"Rp149,000",2/2026,0,0,8,https://www.udemy.com/course/robotic-design/
3D Printed Electronics Enclosure Design: CAD to Prototype,6983551,"Naeem Rahman, Arwa Habib","SOLIDWORKS, 3D Printing, Design Tools, Design",Autodesk Fusion,All Levels,3.5 hours,5.0,2,5,"Rp149,000",12/2025,0,0,0,https://www.udemy.com/course/3d-printed-electronics-enclosure-design-cad-to-prototype/
Advanced 3D Logo Animation in Autodesk Maya,2184754,Lucas Ridley,"Motion Graphics, Autodesk Maya, 3D Animation, 3D & Animation, Design",Autodesk Fusion,Intermediate,3 hours,4.9,24,240,"Rp149,000",2/2019,1,0,1,https://www.udemy.com/course/advanced-3d-logo-animation-in-autodesk-maya/
Application of 3D Printing Technology in Dentistry (2030),7078243,NextGen 3D,"3D Printing, 3D & Animation, Design",Autodesk Fusion,All Levels,2.5 hours,4.6,N/A,103,"Rp159,000",4/2026,0,0,33,https://www.udemy.com/course/application-of-3d-printing-technology-in-dentistry/
The Complete Course of FreeCAD 2025,5059750,The Tech Courses,"3D Sketching, CAD Software, FreeCAD, 3D & Animation, Design",Autodesk Fusion,All Levels,6.5 hours,3.4,122,628,"Rp149,000",1/2025,0,0,0,https://www.udemy.com/course/freecad-course/
3D Printing Technology,6437853,Samanwita Bagg,"3D Printing, Test Prep, Teaching & Academics",Autodesk Fusion,All Levels,N/A,4.6,N/A,N/A,"Rp149,000",2/2025,0,0,0,https://www.udemy.com/course/3d-printing-technology/
Building a RepRap 3D Printer,351774,Packt Publishing,"3D Printing, 3D Animation, Hardware, IT & Software",Autodesk Fusion,All Levels,2 hours,4.3,111,686,"Rp149,000",11/2014,0,0,1,https://www.udemy.com/course/building-a-reprap-3d-printer/
Become CNC Master with Vectric Cut2D,1693432,Murad Gulaliyev,"Computer Numerical Control (CNC), Manufacturing, Other Design, Design",Autodesk Fusion,Beginner,2 hours,4.0,76,314,"Rp149,000",6/2018,0,0,0,https://www.udemy.com/course/become-cnc-master-with-vectric-cut2d/
Master Solidworks 2018 - 3D CAD using real-world examples,2008010,Johno Ellison,"SOLIDWORKS, CAD Software, 3D Sketching, Design Tools, Design",Autodesk Fusion,All Levels,11.5 hours,4.7,1657,6254,"Rp149,000",6/2020,0,0,13,https://www.udemy.com/course/solidworks-2018/
Dental Course : Prepare your STL Teeth Model for 3D Printer,4091366,Ahmed metwalli,"Dentistry, Other Teaching & Academics, Teaching & Academics",Autodesk Fusion,Beginner,30 mins,4.3,10,877,"Rp149,000",6/2021,0,0,0,https://www.udemy.com/course/dental-course-prepare-your-stl-teeth-model-for-3d-printer/
Additive Manufacturing,6926339,Dr. Vikram Kedambadi Vasu,"Engineering, Teaching & Academics",Autodesk Fusion,Beginner,N/A,N/A,N/A,1,"Rp149,000",11/2025,0,0,0,https://www.udemy.com/course/additive-manufacturing/
Learning Autodesk Maya 2015 - A Practical Hands On Course,222094,Infinite Skills,"Autodesk Maya, 3D & Animation, Design",Autodesk Fusion,All Levels,7 hours,4.5,53,620,"Rp149,000",1/2017,1,0,1,https://www.udemy.com/course/maya-2015/
Additive Manufacturing-Foundation,3876656,BIZM Consulting Pvt.Ltd,"3D Printing, Engineering, Teaching & Academics",Autodesk Fusion,Beginner,1 hour,4.1,267,587,"Rp149,000",3/2021,3,0,5,https://www.udemy.com/course/bizmaddmfgfoundation/
Introduction to 3D Modeling with OpenSCAD,378172,"Sukhada Fadnavis, Arunanshu Roy","3D Modeling, 3D Animation, Financial Modeling, 3D & Animation, Design",Autodesk Fusion,Beginner,30 mins,3.7,74,1282,"Rp149,000",1/2015,0,0,8,https://www.udemy.com/course/introduction-to-openscad/
Learning Autodesk 123D Design,858722,Infinite Skills,"Autodesk Inventor, 3D Printing, User Experience (UX) Design, 3D & Animation, Design",Autodesk Fusion,All Levels,1.5 hours,4.5,35,130,"Rp149,000",1/2017,1,0,1,https://www.udemy.com/course/learning-autodesk-123d-design/
How To Use a 3D Printer,3424886,HowExpert,"3D Printing, 3D & Animation, Design",Autodesk Fusion,All Levels,33 mins,1.5,1,1,"Rp349,000",8/2020,0,0,0,https://www.udemy.com/course/how-to-use-a-3d-printer/
Learn 3D Printing and also how to build a 3d printer,3419978,Akilesh K,"3D Printing, 3D & Animation, Design",Autodesk Fusion,Beginner,3 hours,4.3,6,66,"Rp149,000",8/2020,0,0,0,https://www.udemy.com/course/learn-3d-printing-and-also-how-to-build-a-3d-printer/
Blackmagic Fusion - From Novice to Expert,1664416,Eric Eisenmann,"BlackMagic Fusion, Digital Compositing, Motion Graphics, VFX Visual Effects, 3D & Animation",Autodesk Fusion,Intermediate,4.5 hours,3.9,80,798,"Rp149,000",4/2019,0,0,7,https://www.udemy.com/course/blackmagic-fusion-from-novice-to-expert/
Create 3D Design Model for 3D Printing in 2 Minutes,6984587,Ayman Khoshouey,"Substance 3D Designer, 3D & Animation, Design",Autodesk Fusion,All Levels,1.5 hours,5.0,2,4,"Rp149,000",1/2026,0,0,0,https://www.udemy.com/course/create-3d-design-model-for-3d-printing-in-2-minutes/
Master Productivity Tools in FreeCAD,6614067,Amar Patel,"FreeCAD, 3D & Animation, Design",Autodesk Fusion,Beginner,3.5 hours,3.5,1,8,"Rp149,000",1/2026,0,0,1,https://www.udemy.com/course/mastering-productivity-tools-in-freecad-10/
Getting Started with 3D Printing,292966,Justin Mitchel,"3D Printing, 3D Modeling, 3D & Animation, Design",Autodesk Fusion,All Levels,44 mins,3.8,324,18956,"Rp159,000",9/2014,0,0,0,https://www.udemy.com/course/getting-started-with-3d-printing/
3D Figurine Printing,6507609,Jon Holland,"3D Modeling, 3D & Animation, Design",Autodesk Fusion,Beginner,6 hours,4.8,N/A,1,"Rp149,000",4/2025,0,0,14,https://www.udemy.com/course/3d-figurine-printing/
Mastering Artcam 2017 2D and CNC machine,1310598,Murad Gulaliyev,"Computer Numerical Control (CNC), Other Design, Design",Autodesk Fusion,Beginner,3.5 hours,4.1,156,662,"Rp149,000",8/2017,0,0,0,https://www.udemy.com/course/mastering-artcam-2017/
Laser Cutting,6442501,Rabia Atika,"Online Education, Teaching & Academics",Autodesk Fusion,All Levels,1 hour,4.3,3,154,"Rp149,000",1/2026,0,0,0,https://www.udemy.com/course/laser-cutting-z/
Sculpting Characters for 3D Printing in Zbrush,3454874,Digital Art HQ School,"zBrush, 3D Printing, Character Design, 3D & Animation, Design",Autodesk Fusion,Intermediate,16 hours,4.1,34,5756,"Rp149,000",11/2020,0,0,1,https://www.udemy.com/course/sculpting-characters-for-3d-printing-in-zbrush/
Create Professional Lower thirds with Blackmagic Fusion 9,1612232,Abhay Kumar Sharma,"BlackMagic Fusion, Motion Graphics, Design Tools, Design",Autodesk Fusion,Beginner,4 hours,4.3,36,217,"Rp149,000",3/2018,0,0,0,https://www.udemy.com/course/create-professional-lower-thirds-with-blackmagic-fusion-9/
Upskill yourself CAD - Tinkercad and FreeCAD For Students,3848940,Khaja Mohamed,"CAD Software, Tinkercad, Design Tools, Design",Autodesk Fusion,All Levels,4.5 hours,4.3,8,754,"Rp149,000",11/2025,5,0,1,https://www.udemy.com/course/tinkercad-q/
Learning Autodesk AutoCAD 2016,845054,Infinite Skills,"AutoCAD, Architectural Design, Design",Autodesk Fusion,All Levels,11 hours,4.6,211,997,"Rp149,000",1/2017,1,0,1,https://www.udemy.com/course/learning-autodesk-autocad-2016/
Learning Autodesk Inventor 2016,854020,Infinite Skills,"Autodesk Inventor, Other Design, Design",Autodesk Fusion,Beginner,9.5 hours,4.4,546,1698,"Rp149,000",1/2017,1,0,1,https://www.udemy.com/course/learning-autodesk-inventor-2016/
Onshape CAD Complete Fundamentals: Make Your 1st Design Now!,5057108,Vishal Vira,"CAD Software, Design Tools, Design",Autodesk Fusion,Beginner,1 hour,5.0,3,13,"Rp149,000",1/2023,0,0,0,https://www.udemy.com/course/onshape-free-cad-complete-fundamentals-make-your-1st-design-now/
Laser Technology: Basics to Cutting-Edge Applications,6409495,Dr. Endla Purushotham,"Science, Teaching & Academics",Autodesk Fusion,Beginner,7 hours,4.5,15,44,"Rp149,000",2/2025,12,0,0,https://www.udemy.com/course/laser-technology-basics-to-cutting-edge-applications/
The Complete Laser-Cutting Design Masterclass 2025,5851746,Rishabh yadav,"Laser Cutting, Online Business, Freelancing, Graphic Design, Other Design",Autodesk Fusion,All Levels,2.5 hours,4.0,20,135,"Rp149,000",4/2025,0,0,5,https://www.udemy.com/course/laser-cutting-design-masterclass/
OnShape CAD Tutorials - UpSkill Your self with Learning CAD,5309040,Khaja Mohamed,"Onshape, Other IT & Software, IT & Software",Autodesk Fusion,Beginner,2 hours,3.5,7,652,"Rp149,000",3/2026,12,0,0,https://www.udemy.com/course/onshape-cad-tutorials-upskill-your-self-with-learning-cad/
Delcam PowerMILL CAD CAM CNC Programming,2831190,Swaylen CAD I CAM I CAE Expert,"Computer Numerical Control (CNC), Design Tools, Design",Autodesk Fusion,All Levels,2.5 hours,3.8,51,241,"Rp149,000",5/2020,0,0,2,https://www.udemy.com/course/delcam-powermill-cad-i-cam-i-cnc-programming/
Autodesk Revit Step by Step,3980592,Sam Parulekar,"Revit, Design Tools, Design",Autodesk Fusion,Beginner,7 hours,4.5,2,8,"Rp149,000",5/2021,0,0,24,https://www.udemy.com/course/autodesk-revit-step-by-step/
Tinkercad 3D Modeling for Beginners: Create Your Designs!,6315935,Basheer Ahamed Mohamed Nishad,"Tinkercad, 3D Modeling, 3D Printing, 3D & Animation, Design",Autodesk Fusion,All Levels,1.5 hours,4.0,1,42,"Rp149,000",4/2025,0,0,0,https://www.udemy.com/course/tinkercad-3d-modeling-for-beginners-create-your-designs/
3D Animation & Data Visualization in Autodesk Maya,1518908,Lucas Ridley,"3D Animation, Animation, Data Visualization, Autodesk, 3D & Animation",Autodesk Fusion,All Levels,5 hours,4.7,39,668,"Rp149,000",1/2018,0,0,17,https://www.udemy.com/course/3d-animation-data-visualization-in-autodesk-maya/
"Learn modeling for 3D Printing using Blender 3D, Netfabb",255614,Abhishek Singh,"3D Printing, 3D Animation, Blender, Financial Modeling, 3D & Animation",Autodesk Fusion,All Levels,1.5 hours,3.4,20,1163,"Rp149,000",5/2016,0,0,5,https://www.udemy.com/course/learn-modeling-tactics-and-tools-for-3d-printing/
TinkerCAD - For Engineering Graphics,5200632,Amit Nichat,"Tinkercad, Other Design, Design",Autodesk Fusion,Beginner,1 hour,4.3,54,631,"Rp149,000",6/2025,1,0,0,https://www.udemy.com/course/tinkercad-for-engineering-graphics/
Autodesk Inventor 2020 - Essential training,2482256,MCAD Skill,"Autodesk Inventor, Design Tools, Design",Autodesk Fusion,Beginner,9.5 hours,4.5,773,2826,"Rp449,000",10/2020,1,0,1,https://www.udemy.com/course/autodesk-inventor-2020-essential-training/
iOS iPad Game Development 3D Character Sculpting & Modeling,2618248,Class Creatives,"iOS Development, 3D Sculpting, Character Modeling, Productivity Apps, Game Development",Autodesk Fusion,Beginner,1.5 hours,3.9,40,183,"Rp149,000",11/2025,1,0,0,https://www.udemy.com/course/ios-ipad-game-development-3d-character-sculpting-modeling/
Sculpting a Caricature Character for 3D Printing in ZBrush,1563666,Victory3D LLC,"zBrush, 3D Animation, Caricature, 3D & Animation, Design",Autodesk Fusion,Intermediate,5.5 hours,4.7,47,474,"Rp149,000",3/2018,0,0,6,https://www.udemy.com/course/sculptingfor3dprinting/
Autodesk Inventor 2021 / 2022 - Advanced Part Training,3573747,MCAD Skill,"Autodesk Inventor, Design Tools, Design",Autodesk Fusion,Beginner,5.5 hours,4.4,161,866,"Rp449,000",5/2021,1,0,1,https://www.udemy.com/course/autodesk-inventor-2021-advanced-part-training/
Learning Tinkercad from Scratch,4015206,Pratik Pradhan,"Tinkercad, 3D Modeling, Other IT & Software, IT & Software",Autodesk Fusion,Beginner,2 hours,3.8,6,24,"Rp149,000",6/2025,0,0,0,https://www.udemy.com/course/learning-tinkercad-from-scratch/
FreeCAD for Mechanical Engineers : Technical 2D Drawing,3266664,Mohamed Fathi,"FreeCAD, 3D Modeling, 3D & Animation, Design",Autodesk Fusion,Beginner,4.5 hours,4.1,20,139,"Rp149,000",3/2023,0,0,12,https://www.udemy.com/course/freecad-sketcher/
Introduction to Gecode Programming - Part 1,5857416,Lucas Bazilio,"Linear Programming, Programming Fundamentals, Computer Science, C++ (programming language), Programming Languages",Autodesk Fusion,All Levels,2 hours,5.0,1,379,"Rp149,000",7/2025,0,0,13,https://www.udemy.com/course/the-complete-gecode-course-from-zero-to-expert/
3D Jewelry,4074248,Shweta Thapa,"3D Printing, CAD Software, Jewelry Design, Design Thinking, Other Design",Autodesk Fusion,Beginner,31 mins,4.1,11,56,"Rp149,000",5/2021,0,0,1,https://www.udemy.com/course/3d-jewelry/
Learning Autodesk AutoCAD 3D 2016,851968,Infinite Skills,"AutoCAD, 3D Animation, 3D & Animation, Design",Autodesk Fusion,All Levels,6 hours,4.4,70,350,"Rp169,000",1/2017,1,0,1,https://www.udemy.com/course/learning-autodesk-autocad-3d-2016/
Autodesk Inventor 2021 / 2022 - Advanced Drawing Training,3579321,MCAD Skill,"Autodesk Inventor, Design Tools, Design",Autodesk Fusion,Beginner,4 hours,4.3,55,407,"Rp449,000",4/2021,1,0,1,https://www.udemy.com/course/autodesk-inventor-2021-advanced-drawing-training/
Designing Apple Charging Stands On iPad For 3D Printing,3517578,CAM MENTOR,"3D Printing, 3D Modeling, Apple Products Basics, 3D & Animation, Design",Autodesk Fusion,Beginner,1 hour,3.5,1,3,"Rp149,000",9/2020,1,0,2,https://www.udemy.com/course/designing-apple-charging-stands-on-ipad-for-3d-printing/
Autodesk Inventor: The Basics,862480,Gabe Bentz,"Autodesk Inventor, 3D & Animation, Design",Autodesk Fusion,Beginner,1.5 hours,4.4,104,294,"Rp149,000",7/2016,0,0,0,https://www.udemy.com/course/autodesk-inventor-the-basics/
Autodesk Maya 2013,97346,VTC Software Training,"Autodesk Maya, Design Tools, Design",Autodesk Fusion,All Levels,7.5 hours,4.5,5,17,"Rp349,000",9/2013,0,0,1,https://www.udemy.com/course/autodesk-maya-2013-vtc/
Learn Blackmagic Fusion: Free After Effects Altenative,1406298,Eric Eisenmann,"BlackMagic Fusion, Motion Graphics, VFX Visual Effects, Digital Compositing, 3D & Animation",Autodesk Fusion,Beginner,2 hours,3.9,103,3479,"Rp149,000",4/2018,2,0,4,https://www.udemy.com/course/learn-blackmagic-fusion-free-after-effects-altenative/
NURBS Modeling with Autodesk Maya,3923194,Maximilian Schönherr,"Autodesk Maya, 3D Modeling, 3D & Animation, Design",Autodesk Fusion,Intermediate,4 hours,4.3,15,81,"Rp149,000",3/2021,0,0,0,https://www.udemy.com/course/nurbs-modeling-with-autodesk-maya/
Game Dev Crash Course (Clickteam Fusion 2.5),1577662,Danny James,"Clickteam, Game Design, Game Development Fundamentals, Game Theory, Game Development",Autodesk Fusion,All Levels,6 hours,4.6,42,222,"Rp399,000",3/2018,0,0,22,https://www.udemy.com/course/game-dev-crash-course-fusion/
OpenSCAD A-Z,4310130,Syed-Mohammad Raza,"CAD Software, Other IT & Software, IT & Software",Autodesk Fusion,All Levels,3 hours,3.9,20,163,"Rp149,000",10/2021,0,0,29,https://www.udemy.com/course/openscad-a-z/
Autodesk Inventor 2014 Fundamentals,87596,Brian Benjamin,"Autodesk Inventor, Design Tools, Design",Autodesk Fusion,Beginner,1.5 hours,4.1,8,170,"Rp149,000",9/2013,1,0,1,https://www.udemy.com/course/autodesk-inventor-2014-fundamentals/
[New] How to 3D redesign the industrial Oil & Gas platforms,7117025,Ayman Khoshouey,"3D Modeling, Design Tools, Design",Autodesk Fusion,All Levels,1 hour,4.3,N/A,N/A,"Rp149,000",4/2026,0,0,0,https://www.udemy.com/course/new-how-to-3d-redesign-the-industrial-oil-gas-platforms/
Autodesk AutoCAD 2016 : Ultimate Guide to 3D / 2D Modelling,682508,Veer Tutorial,"AutoCAD, 3D Modeling, 3D Animation, Architectural Design, Design",Autodesk Fusion,All Levels,8 hours,4.4,44,437,"Rp149,000",5/2016,0,0,1,https://www.udemy.com/course/autocad-2016-2d-fundamentals-veertutorial/
Learning Autodesk® Maya® 2013,64980,John Wiley & Sons,"Autodesk Maya, Design Tools, Design",Autodesk Fusion,All Levels,8.5 hours,4.3,27,315,"Rp149,000",12/2013,0,0,1,https://www.udemy.com/course/learning-autodesk-maya-2013/
Learning Autodesk Maya 2014 - A Practical Hands On Course,81872,Infinite Skills,"Autodesk Maya, Design Tools, Design",Autodesk Fusion,All Levels,10.5 hours,4.3,20,299,"Rp149,000",1/2017,1,0,1,https://www.udemy.com/course/autodesk-maya-2014/
Learn Maya - Intro to 3D Box Modeling Techniques with Maya,737242,"Kyle Pew • 2,000,000+ Students","Autodesk Maya, 3D Animation, 3D Modeling, 3D & Animation, Design",Autodesk Fusion,Beginner,2 hours,4.3,211,3323,"Rp149,000",12/2016,2,0,1,https://www.udemy.com/course/intro-to-mastering-3d-box-modeling-techniques-with-maya-2014/
BIM Generative Design Architecture Placement Autodesk Revit,1478512,Enrique Galicia,"Building Information Modeling (BIM), Other IT & Software, IT & Software",Autodesk Fusion,Intermediate,1.5 hours,3.7,34,311,"Rp149,000",3/2023,1,0,1,https://www.udemy.com/course/bimgdsite/
Project Management Professional (PMP) - Practice Exams (2),6464191,Sagar Joshi,"Project Management, PMI Project Management Professional (PMP), Business",Autodesk Fusion,Expert,N/A,4.6,N/A,2,"Rp449,000",6/2025,0,0,0,https://www.udemy.com/course/project-management-professional-pmp-practice-exams-new/
Learning Autodesk Maya 2016,809536,Infinite Skills,"Autodesk Maya, 3D & Animation, Design",Autodesk Fusion,All Levels,6.5 hours,4.3,260,1396,"Rp149,000",1/2017,1,0,1,https://www.udemy.com/course/learning-autodesk-maya-2016/
Autodesk Maya the Basics for Beginners,1157536,UK Online Training Centre,"Autodesk Maya, 3D & Animation, Design",Autodesk Fusion,Beginner,1 hour,4.5,58,1355,Free,3/2017,2,0,1,https://www.udemy.com/course/autodesk-maya-the-basics-for-beginners/
3D Text Animation in Autodesk Maya,2181198,Lucas Ridley,"Kinetic Typography, Autodesk Maya, 3D & Animation, Design",Autodesk Fusion,Beginner,4 hours,4.6,18,172,"Rp149,000",5/2021,0,0,2,https://www.udemy.com/course/3d-text-animation-in-autodesk-maya/
BIM Generative Design for Facades Autodesk Revit Dynamo 2.0,1478514,Enrique Galicia,"Dynamo BIM, Revit, Building Information Modeling (BIM), Other IT & Software, IT & Software",Autodesk Fusion,Intermediate,2 hours,3.5,32,414,"Rp149,000",8/2020,0,0,1,https://www.udemy.com/course/bimgdfacade/
Autodesk Maya - The Perfect Guide to 3D Animation,4507954,DIGIFLAX E-LEARNING,"Autodesk Maya, Autodesk, 3D & Animation, Design",Autodesk Fusion,All Levels,1 hour,4.0,25,3828,"Rp149,000",1/2022,0,0,0,https://www.udemy.com/course/autodesk-maya-course/
Design for 3D printing using Autodesk Fusion 360,5497036,Prashant Kumar,"3D Modeling, Product Design, 3D Printing, Autodesk Fusion, Design Tools",Autodesk Fusion,Beginner,1.5 hours,4.4,175,2565,Free,8/2023,0,0,2,https://www.udemy.com/course/design-for-3d-printing-using-autodesk-fusion-360/
"Fusion 360 course for Beginner, 3D Printable Soapbox Design",6242341,Prashant Kumar,"3D & Animation, Design",Autodesk Fusion,Beginner,1 hour,4.5,106,1453,Free,10/2024,0,0,1,https://www.udemy.com/course/fusion-360-course-for-beginner-3d-printable-soapbox-design/
Create Your Own Chess in Fusion 360,869540,Jakob Andersson,"Autodesk Fusion, 3D Modeling, CAD Software, 3D & Animation, Design",Autodesk Fusion,Beginner,2 hours,4.0,66,4622,Free,6/2016,0,0,15,https://www.udemy.com/course/create-your-own-chess-in-fusion-360/
Fusion 360 3d printing learn by building projects (Demo),5610488,Atulya Modi,"Autodesk Fusion, 3D Printing, Engineering, Teaching & Academics",Autodesk Fusion,Beginner,1.5 hours,4.3,72,2023,Free,10/2023,0,0,2,https://www.udemy.com/course/learn-fusion-360-3d-printing-by-building-projects-demo/
"Learn 3D printing - Laser Powder Bed Fusion (LPBF), plastic",6386707,Danish Technological Institute,"Product Development, Product Design, 3D Printing, Manufacturing, Engineering",Autodesk Fusion,Beginner,1 hour,4.7,9,461,Free,1/2025,0,0,0,https://www.udemy.com/course/learn-3d-printing-laser-powder-bed-fusion-lpbf-plastic/
Learn 3D printing - Fused Deposition Modeling (FDM),5011782,Danish Technological Institute,"3D Printing, Manufacturing, Product Design, Product Development, Engineering",Autodesk Fusion,Beginner,N/A,4.7,39,443,"Rp159,000",12/2022,0,0,0,https://www.udemy.com/course/learn-3d-printing-fused-deposition-modeling-fdm/
Fusion 360 with VEX Robotics,5040692,Dhruv Gupta,"Autodesk Fusion, VEX Robotics, 3D & Animation, Design",Autodesk Fusion,Beginner,37 mins,4.0,18,1082,Free,12/2022,2,0,0,https://www.udemy.com/course/fusion-360-with-vex-robotics/
Learn 3D printing - Material Jetting (MJ),6389169,Danish Technological Institute,"3D Printing, Manufacturing, Product Development, Engineering, Teaching & Academics",Autodesk Fusion,Beginner,36 mins,4.6,23,534,Free,1/2025,0,0,0,https://www.udemy.com/course/learn-3d-printing-material-jetting-mj/
Fusion 360 Circuit Design,4786514,"Educational Engineering Team, Educational Engineering, Ashraf Said AlMadhoun","Autodesk Fusion, PCB Design, Hardware, IT & Software",Autodesk Fusion,All Levels,2 hours,4.3,72,2630,Free,5/2025,2,0,0,https://www.udemy.com/course/fusion-360-circuit-design/
Learn 3D printing - Binder Jetting and Multi Jet Fusion,6389207,Danish Technological Institute,"3D Printing, Manufacturing, Product Design, Product Development, Engineering",Autodesk Fusion,Beginner,40 mins,4.4,8,423,Free,1/2025,0,0,0,https://www.udemy.com/course/learn-3d-printing-binder-jetting-and-multi-jet-fusion/
"Learn 3D printing - Laser Powder Bed Fusion (LPBF), metal",6386597,Danish Technological Institute,"3D Printing, Manufacturing, Product Design, Product Development, Engineering",Autodesk Fusion,Beginner,30 mins,4.2,20,398,Free,1/2025,0,0,0,https://www.udemy.com/course/learn-3d-printing-laser-powder-bed-fusion-lpbf-metal/
3D Printing Basics,346876,Assembl Academy,"3D Printing, 3D Animation, 3D & Animation, Design",Autodesk Fusion,Beginner,38 mins,4.1,910,12677,Free,7/2015,0,0,0,https://www.udemy.com/course/3d-printing-basics/
Structural Frame Design & Weldments Using Solid Edge 3D CAD,2266746,John Devitry,"Siemens, 3D & Animation, Design",Autodesk Fusion,Beginner,4 hours,4.7,219,11182,Free,5/2019,0,0,1,https://www.udemy.com/course/framedesign/
Learn CAD with Fusion 360 and FreeCAD,5418576,Khaja Mohamed,"Autodesk Fusion, CAD Software, Other IT & Software, IT & Software",Autodesk Fusion,All Levels,2 hours,3.9,28,1397,Free,3/2026,1,0,0,https://www.udemy.com/course/learn-cad-with-freecad-and-fusion-360/
3D Printing Workshop. How to use and maintain a 3D Printer.,1166456,Core Electronics,"3D Printing, Creativity, Personal Development",Autodesk Fusion,Beginner,2 hours,4.7,786,19096,Free,6/2017,0,0,0,https://www.udemy.com/course/3d-printing-ultimate-workshop-and-full-step-by-step-guide/
Learn 3D printing - Quality assurance,6389115,Danish Technological Institute,"3D Printing, Manufacturing, Product Design, Product Development, Engineering",Autodesk Fusion,Intermediate,32 mins,4.6,12,411,Free,1/2025,0,0,0,https://www.udemy.com/course/learn-3d-printing-quality-assurance/
Learn 3D printing - Directed Energy Deposition (DED),4995032,Danish Technological Institute,"3D Printing, Engineering, Teaching & Academics",Autodesk Fusion,Beginner,30 mins,4.6,9,226,Free,11/2022,0,0,0,https://www.udemy.com/course/learn-3d-printing-directed-energy-deposition-ded/
An introduction to 3D printing,5002944,Danish Technological Institute,"3D Printing, 3D & Animation, Design",Autodesk Fusion,Beginner,1.5 hours,4.5,81,2251,Free,11/2022,0,0,1,https://www.udemy.com/course/an-introduction-to-3d-printing/
TinkerCad for Beginners,1673542,Brian Relay,"Tinkercad, 3D Modeling, 3D Sculpting, 3D Animation, 3D & Animation",Autodesk Fusion,Beginner,1 hour,4.7,1027,10832,Free,5/2018,0,0,0,https://www.udemy.com/course/tinkercad-for-beginners/
Fabricating 3D printed assistive equipment with ChildServe,6570569,Young Jang,"Occupational Therapy, No-Code Development, Development",Autodesk Fusion,Beginner,30 mins,3.8,4,283,Free,4/2025,0,0,0,https://www.udemy.com/course/fabricating-3d-printed-assistive-equipment-with-childserve/
Learn 3D printing - Vat Photopolymerization (VPP),6389131,Danish Technological Institute,"3D Printing, Manufacturing, Product Development, Engineering, Teaching & Academics",Autodesk Fusion,Beginner,32 mins,4.5,18,438,Free,1/2025,0,0,0,https://www.udemy.com/course/learn-3d-printing-vat-photopolymerization-vpp/
3D Printing - in a Nutshell,1246148,Anant Bhat,"3D Printing, Other IT & Software, IT & Software",Autodesk Fusion,Beginner,1 hour,4.1,246,9017,"Rp159,000",11/2017,0,0,2,https://www.udemy.com/course/3d-printing-in-a-nutshell/
Fundamentals of Additive Manufacturing,4554522,Davit Ayvazyan,"Manufacturing, Engineering, Teaching & Academics",Autodesk Fusion,Beginner,33 mins,4.5,109,1816,Free,3/2022,0,0,0,https://www.udemy.com/course/fundamentals-of-additive-manufacturing-d/
Tinkercad - Design & 3D Print A Custom Keyring,3142698,Ruan Lotter,"3D Printing, 3D Modeling, 3D & Animation, Design",Autodesk Fusion,All Levels,44 mins,4.7,54,894,Free,9/2023,0,0,0,https://www.udemy.com/course/tinkercadkeyring/
Learn 3D printing - Economy,6389123,Danish Technological Institute,"3D Printing, Manufacturing, Product Development, Engineering, Teaching & Academics",Autodesk Fusion,Intermediate,30 mins,3.9,15,529,Free,1/2025,0,0,0,https://www.udemy.com/course/learn-3d-printing-economy/
Shapr3D Fundamentals (Part 1): From Setup to 3D Modeling,7045877,Shapr3D Official,"CAD Software, Other IT & Software, IT & Software",Autodesk Fusion,Beginner,1.5 hours,4.5,121,1868,Free,2/2026,0,0,21,https://www.udemy.com/course/shapr3d-fundamentals-from-setup-to-3d-modeling/
The 3D Printer Hardware Guide,2509732,Robin John,"3D Printing, Electronics, Engineering, Teaching & Academics",Autodesk Fusion,Intermediate,38 mins,4.1,151,6370,Free,8/2019,0,0,0,https://www.udemy.com/course/the-3d-printer-hardware-guide/
3D Modeling with TinkerCAD,4926354,Meu Labs,"Tinkercad, 3D Modeling, Design Tools, Design",Autodesk Fusion,Beginner,32 mins,4.6,95,2760,Free,10/2022,0,0,0,https://www.udemy.com/course/tinkercad-for-kids/
SO YOU HAVE A GREAT IDEA - NOW WHAT?,2532572,John Devitry,"Intellectual Property, Engineering, Teaching & Academics",Autodesk Fusion,All Levels,N/A,4.4,111,5090,Free,8/2019,0,0,0,https://www.udemy.com/course/new-idea/
Getting Started with Onshape,4835438,Nathan Nagele,"Onshape, Other IT & Software, IT & Software",Autodesk Fusion,Beginner,1.5 hours,4.7,253,1921,N/A,8/2022,0,0,0,https://www.udemy.com/course/onshapecourse/
Introduction to Basic 3D Modeling with Microsoft Paint 3D,5528210,VISHAL SAHU,"3D Modeling, 3D & Animation, Design",Autodesk Fusion,Beginner,1 hour,4.7,76,1990,Free,3/2025,0,0,0,https://www.udemy.com/course/introduction-to-basic-3d-modeling-with-microsoft-paint-3d/
"3D Printing with Makerbot Replicator 2, 2X, 5th Generation",124862,Michael Golubev,"3D Printing, 3D Animation, 3D & Animation, Design",Autodesk Fusion,All Levels,1 hour,3.6,83,6494,Free,7/2014,0,0,0,https://www.udemy.com/course/makerbot-replicator/
The Role of Materials in 3D Printing/Additive Manufacturing,2965652,Brando Okolo,"3D Printing, Engineering, Teaching & Academics",Autodesk Fusion,Intermediate,1 hour,4.4,155,2727,Free,9/2020,0,0,0,https://www.udemy.com/course/the-role-of-materials-in-3d-printing-additive-manufacturing/
Shapr3D Fundamentals (Part 2): Modeling to Documentation,7046301,Shapr3D Official,"CAD Software, Other IT & Software, IT & Software",Autodesk Fusion,Intermediate,1.5 hours,4.8,12,444,Free,2/2026,0,0,4,https://www.udemy.com/course/shapr3d-fundamentals-complex-modeling-to-documentation/
Introduction to 3D Clay Printing,4629962,Hendrien Horn,"3D Printing, Pottery, 3D & Animation, Design",Autodesk Fusion,Beginner,30 mins,4.4,63,1770,Free,4/2022,0,0,0,https://www.udemy.com/course/introduction-to-3d-clay-printing/
Autodesk Revit: How to create various wall types,6785299,Steve Clancy,"Revit, Other IT & Software, IT & Software",Autodesk Fusion,All Levels,30 mins,4.7,15,804,Free,9/2025,1,0,3,https://www.udemy.com/course/autodesk-revit-how-to-create-various-wall-types/
Create 3D Models of Furniture and Books in Paint 3D,5805932,VISHAL SAHU,"3D & Animation, Design",Autodesk Fusion,Beginner,43 mins,4.6,8,787,Free,3/2025,0,0,2,https://www.udemy.com/course/microsoft-paint-3d-create-3d-furniture-and-books/
Onshape CAD Essential Training Course,5224656,Wasif Ullah,"3D Modeling, Sketching, Assembly Modeling, Technical Drawing, Other Design",Autodesk Fusion,All Levels,2 hours,3.8,5,182,Free,4/2023,0,0,0,https://www.udemy.com/course/onshape-cad-essential-training-course/
Free Course: Mini Truck,6796179,Arrimus 3D,"3D Modeling, CAD Software, 3D & Animation, Design",Autodesk Fusion,Beginner,2 hours,5.0,8,400,Free,8/2025,0,0,0,https://www.udemy.com/course/free-course-mini-truck/
Model a Product in Maya to Sell on Shapeways 3D Print Store,2728440,Young Lee,"Autodesk Maya, 3D Modeling, 3D Printing, 3D & Animation, Design",Autodesk Fusion,All Levels,1.5 hours,4.3,40,4153,Free,1/2020,0,0,0,https://www.udemy.com/course/model-a-product-in-maya-to-sell-on-shapeways-3d-print-store/
Mastercam CAD CAM and CNC Milling Programming Fundamental,3449920,TechSchool Institute,"Mastercam, Computer Numerical Control (CNC), Engineering, Teaching & Academics",Autodesk Fusion,Beginner,2 hours,3.8,166,8552,Free,8/2023,1,0,9,https://www.udemy.com/course/mastercam-cad-cam-and-cnc-programming-fundamental/
Mastercam CAD CAM and CNC Milling Fundamental More Practical,5586384,TechSchool Institute,"Mastercam, CAD Software, Engineering, Teaching & Academics",Autodesk Fusion,Beginner,1.5 hours,4.6,37,2079,Free,2/2026,1,0,2,https://www.udemy.com/course/mastercam-2024-cad-cam-and-cnc-milling-programming-free/
Digital Tech Skills for Neurodiverse people to Self-Sustain,4289312,Atar Singh,"Special Education, Autism, Digital Art, Dyslexia, Personal Transformation",Autodesk Fusion,All Levels,30 mins,4.3,15,712,Free,4/2024,0,0,6,https://www.udemy.com/course/digital-tech-skills-for-special-needs-people-to-self-sustain/
Autodesk Revit - Beginner to Advanced level,5367312,Steve Clancy,"Revit, Architectural Design, Design",Autodesk Fusion,All Levels,22 hours,4.6,3306,17702,"Rp169,000",3/2026,6,0,6,https://www.udemy.com/course/autodesk-revit-beginner-to-advanced-level/
Oracle Fusion Introduction for Beginners - Oracle Fusion ERP,6578803,Ahsan Riaz | Oracle Fusion HCM,"Oracle Visual Builder, Other IT & Software, IT & Software",Autodesk Fusion,Beginner,2.5 hours,4.6,142,288,"Rp149,000",9/2025,2,0,1,https://www.udemy.com/course/oracle-fusion-simplified-for-absolute-beginners/
Oracle Fusion Financials Cloud Accounts Payables Implementat,4317254,Chandra Mohan,"Oracle Fusion Cloud Financials, Other IT & Software, IT & Software",Autodesk Fusion,All Levels,31 hours,4.6,667,3958,"Rp149,000",11/2023,0,0,6,https://www.udemy.com/course/oracle-fusion-financials-cloud-accounts-payables-implementat/
Hands-On Clickteam Fusion 2.5 Mini-Degree,4511038,Trenton Kidder,"Clickteam, Game Design, Game Mechanics, Game Development, Development",Autodesk Fusion,All Levels,4 hours,4.6,19,106,"Rp149,000",3/2022,0,0,3,https://www.udemy.com/course/hands-on-clickteam-fusion-25-mini-degree/
BIM- Revit Architecture 2026- From Zero to Advanced Level,5246522,Amir Karami • BIM,"3D Modeling, Revit, Building Information Modeling (BIM), Architectural Design, Design",Autodesk Fusion,All Levels,55 hours,4.5,1640,17376,"Rp159,000",2/2026,13,0,13,https://www.udemy.com/course/bim-revit-architecture-full-course-from-zero-to-advanced/
Oracle Fusion Cloud SCM Inventory R13 Implementation(Latest),4741628,Chandra Mohan,"Oracle Cloud, Network & Security, IT & Software",Autodesk Fusion,Expert,23.5 hours,4.6,699,3345,"Rp149,000",9/2025,0,0,9,https://www.udemy.com/course/oracle-fusion-cloud-scm-inventory-r13-implementationlatest/
Autodesk Construction Cloud (ACC) BIM Management,6478089,Mohamed Gamal,"Building Information Modeling (BIM), Design Tools, Design",Autodesk Fusion,Intermediate,2 hours,4.2,185,1467,"Rp149,000",2/2025,0,0,0,https://www.udemy.com/course/autodesk-construction-cloud-acc-bim-management-p/
Autodesk Revit - Beginner to Intermediate level,1777838,Steve Clancy,"Revit, Building Information Modeling (BIM), CAD Software, Architectural Design, Design",Autodesk Fusion,Beginner,8 hours,4.5,11001,49964,"Rp169,000",3/2026,6,0,53,https://www.udemy.com/course/autodesk-revit-for-beginners-up-to-intermediate-level/
Mastercam 2D Milling – Skills Training Tutorial Series,6811259,Arun Murali,"Computer Numerical Control (CNC), Mastercam, Engineering, Teaching & Academics",Autodesk Fusion,All Levels,9 hours,4.8,39,276,"Rp149,000",3/2026,0,0,27,https://www.udemy.com/course/mastercam-2d-milling-skills-training-tutorial-series/
Learn Autodesk Docs (Autodesk Construction Cloud),5391790,Krishan pathirana,"Autodesk, Building Information Modeling (BIM), Revit, Document Management, Other IT & Software",Autodesk Fusion,Beginner,1 hour,4.0,28,111,"Rp149,000",6/2023,0,0,0,https://www.udemy.com/course/learn-autodesk-docs-autodesk-construction-cloud/
Revit Architecture 2026: For Architects and BIM Modelers,5875968,Ghasem Ariyani • BIM Manager,"Revit, Building Information Modeling (BIM), Architectural Design, Design",Autodesk Fusion,All Levels,116.5 hours,4.3,478,7553,"Rp159,000",2/2026,48,0,47,https://www.udemy.com/course/revit-architecture-mastery-for-architects-and-bim-modelers/
Autodesk Navisworks 2026 - From Zero to BIM Coordination,6472327,Ghasem Ariyani • BIM Manager,"Construction Management, Building Information Modeling (BIM), Navisworks, Revit, Architectural Design",Autodesk Fusion,All Levels,19 hours,3.9,155,762,"Rp159,000",12/2025,13,0,19,https://www.udemy.com/course/autodesk-navisworks-2025-from-zero-to-bim-coordination/
Inventor Nastran - Mechanical simulation - AulaGEO,3108688,"AulaGEO Academy, Felix Enzo Garofalo Lanzuisi","Mechanical Engineering, Autodesk Inventor, Finite Element Analysis (FEA), Principles and Practice of Engineering (PE) - Mechanical Exam, Engineering",Autodesk Fusion,All Levels,9.5 hours,4.1,161,879,"Rp149,000",8/2024,0,0,42,https://www.udemy.com/course/mechanical-simulation-using-inventor-nastran/
Mastercam 2026: Complete CNC Design and Manufacturing Course,6299973,David sanchez ablanque,"Mastercam, Other IT & Software, IT & Software",Autodesk Fusion,Expert,15 hours,4.0,15,97,"Rp149,000",3/2026,21,0,20,https://www.udemy.com/course/mastercam-2025-complete-cnc-design-and-manufacturing-course/
LightBurn: Learn to Cut and Engrave Like a Pro in 2025,5697582,Marcin Gontarz,"Laser Cutting, Arts & Crafts, Lifestyle",Autodesk Fusion,All Levels,6.5 hours,4.1,165,1114,"Rp149,000",4/2025,5,0,3,https://www.udemy.com/course/lightburn-practical-skills/
Revit Autodesk Essentials 2025 – Beginner to Intermediate,6302261,Thomas McDonald,"Revit, Architectural Design, Design",Autodesk Fusion,Beginner,5 hours,4.6,20,67,"Rp149,000",8/2025,0,0,41,https://www.udemy.com/course/autodesk-revit-essentials-2025-beginner-to-intermediate/
Python for Maya: Beginner to Advanced Rigging Automation,5398318,Nick Hughes,"Python, Autodesk Maya, PyCharm, Autodesk, Software Development Tools",Autodesk Fusion,All Levels,25.5 hours,4.6,185,1483,"Rp159,000",1/2024,1,9,20,https://www.udemy.com/course/python-for-maya-beginner-to-advanced-rigging-automation/
Design Spark Mechanical the complete guide,4938622,Nicolas Forgue,"CAD Software, Autodesk Fusion, FreeCAD, Design Tools, Design",Autodesk Fusion,All Levels,10.5 hours,4.5,23,83,"Rp149,000",7/2025,0,0,0,https://www.udemy.com/course/design-spark-mechanical-r/
Oracle Fusion HCM Training for Beginners - Oracle HCM Cloud,6532049,Ahsan Riaz | Oracle Fusion HCM,"Oracle ERP, Oracle, Office Productivity",Autodesk Fusion,Beginner,9.5 hours,4.5,227,649,"Rp149,000",6/2025,1,0,1,https://www.udemy.com/course/introduction-to-oracle-fusion-hcm-for-beginners/
SolidCam CAD CAM and CNC Programming,3550294,TechSchool Institute,"SolidCAM, Engineering, Teaching & Academics",Autodesk Fusion,All Levels,26 hours,3.6,99,681,"Rp149,000",8/2023,1,0,58,https://www.udemy.com/course/solidcam-cad-cam-and-cnc-programming-professional/
Revit Project Workshop: Designing a Single-Storey House,6798177,Steve Clancy,"Revit, Architectural Design, Design",Autodesk Fusion,All Levels,8.5 hours,4.9,47,2097,"Rp149,000",3/2026,3,0,14,https://www.udemy.com/course/revit-made-easy-your-first-single-storey-house-project/
Oracle Fusion Cloud Procurement Implementation (SCM) R13-23C,5380334,Chandra Mohan,"Oracle Cloud, Other IT & Software, IT & Software",Autodesk Fusion,Expert,20 hours,4.4,812,3476,"Rp149,000",1/2026,0,0,3,https://www.udemy.com/course/oracle-fusion-cloud-procurement-implementation-scm/
AutoCAD - Autodesk Certified Professional,3234211,Islam Abdelaty,"AutoCAD, Other Design, Design",Autodesk Fusion,All Levels,3.5 hours,4.4,490,1886,"Rp149,000",7/2020,0,0,0,https://www.udemy.com/course/autocad-autodesk-certified-professional/
Maya for Absolute Beginners: Complete Course,3928002,Nexttut Education Pvt.Ltd.,"Autodesk Maya, 3D & Animation, Design",Autodesk Fusion,Beginner,16 hours,4.8,507,2445,"Rp149,000",6/2023,0,0,0,https://www.udemy.com/course/maya-2020-for-absolute-beginners/
Complete Guide to Maya 2024,5429130,Nexttut Education Pvt.Ltd.,"Autodesk Maya, 3D Modeling, 3D & Animation, Design",Autodesk Fusion,Beginner,17 hours,4.6,599,3273,"Rp149,000",7/2023,0,0,0,https://www.udemy.com/course/complete-guide-to-maya-2024/
Mastering AutoCAD 2D & 3D for Beginners,6715273,CADArtifex LLC,"AutoCAD, Engineering, Teaching & Academics",Autodesk Fusion,Beginner,11 hours,4.3,26,1067,"Rp149,000",8/2025,1,0,0,https://www.udemy.com/course/mastering-autocad-2d-3d-for-beginners/
"CNC Programming for Beginners, Turning, Milling, G Codes",4354514,J Aatish Rao,"Computer Numerical Control (CNC), Manufacturing, Mechanical Engineering, Programming Fundamentals, Engineering",Autodesk Fusion,Beginner,1.5 hours,4.2,68,2050,"Rp149,000",6/2025,1,0,5,https://www.udemy.com/course/introduction-to-cnc-programming/
Learn Autodesk BIM Collaborate Pro(Construction Cloud),5392078,Krishan pathirana,"Autodesk, Building Information Modeling (BIM), Other IT & Software, IT & Software",Autodesk Fusion,Beginner,1 hour,3.6,25,102,"Rp149,000",6/2023,0,0,0,https://www.udemy.com/course/learn-autodesk-bim-collaborate-proconstruction-cloud/
BIM- Autodesk Navisworks Manage 2026 - from Zero to Advanced,5230890,Amir Karami • BIM,"Building Information Modeling (BIM), Navisworks, Revit, Architectural Design, Design",Autodesk Fusion,All Levels,12.5 hours,4.4,368,9060,"Rp159,000",10/2025,3,0,2,https://www.udemy.com/course/bim-autodesk-navisworks-manage-2023-from-zero-to-advanced/
Oracle Fusion Cloud HCM R13 Global HR Implementation,4263800,Chandra Mohan,"Oracle Fusion HCM, Oracle, Office Productivity",Autodesk Fusion,Expert,26 hours,4.6,2338,11558,"Rp149,000",7/2024,0,0,11,https://www.udemy.com/course/oracle-fusion-cloud-hcm-r13-global-hr-implementation/
"Complete BIM Course with Revit, Dynamo, Navisworks, BIM 360",5692504,Augmintech Education Pvt Ltd,"Revit, Dynamo BIM, Building Information Modeling (BIM), Navisworks, Architectural Design",Autodesk Fusion,All Levels,33 hours,4.2,373,1806,"Rp159,000",2/2025,0,0,23,https://www.udemy.com/course/complete-bim-course-with-revit-dynamo-navisworks-bim-360/
Multi-Axis CNC Programming with Mastercam Practical Project,4614118,TechSchool Institute,"Manufacturing, Computer Numerical Control (CNC), Mastercam, Engineering, Teaching & Academics",Autodesk Fusion,Expert,8.5 hours,4.4,29,255,"Rp149,000",2/2026,1,0,28,https://www.udemy.com/course/multi-axis-cnc-programming-with-mastercam/
Shop Drawing & Details-Autodesk Revit 2025- for BIM Modelers,6639553,Danial Bagherzadeh,"Revit, Documentation, Technical Drawing, 3D Modeling, Architectural Design",Autodesk Fusion,All Levels,N/A,4.7,231,4523,N/A,11/2025,0,0,0,https://www.udemy.com/course/revit-2025_-detailing-sheets-documentation_project-based/
Oracle Fusion Financials Cloud GL (Implementation)Latest R13,5402330,Chandra Mohan,"Oracle Fusion Cloud Financials, Oracle, Office Productivity",Autodesk Fusion,Expert,19 hours,4.6,431,2730,"Rp149,000",4/2024,0,0,3,https://www.udemy.com/course/oracle-fusion-financials-cloud-gl-implementationlatest-r13/
5 Practice Tests | Autodesk Revit Certified User Exam (ACU),4271870,Tarek sabra,"Revit, Architectural Design, Design",Autodesk Fusion,All Levels,N/A,4.5,76,618,"Rp149,000",3/2025,0,0,0,https://www.udemy.com/course/5-practice-tests-autodesk-revit-certified-user-exam-acu/
The Complete Autodesk Navisworks Course (BIM Tool),304452,"Mohamed Elhout, PMP, PMI-PBA, PMI-RMP, P3O","Navisworks, 3D & Animation, Design",Autodesk Fusion,All Levels,2 hours,4.3,947,3778,"Rp149,000",8/2023,1,0,1,https://www.udemy.com/course/autodesk-navisworks-course/
Oracle Fusion ERP Foundations 1Z0-1160-1 Practice Tests,6728471,Numan Javeed,"Oracle ERP, IT Certifications, IT & Software",Autodesk Fusion,All Levels,N/A,4.5,1,9,"Rp149,000",2/2026,0,0,0,https://www.udemy.com/course/oracle-fusion-cloud-applications-erp-process-essentials/
Mastercam l CNC Programming,2267758,Swaylen CAD I CAM I CAE Expert,"Mastercam, 3D & Animation, Design",Autodesk Fusion,All Levels,15.5 hours,4.3,474,3145,"Rp159,000",10/2023,0,0,11,https://www.udemy.com/course/mastercam-i-computer-aided-manufacturing/
Hard Surface Modelling in Maya,4488876,Nexttut Education Pvt.Ltd.,"Hard Surface Modeling, 3D & Animation, Design",Autodesk Fusion,Beginner,16.5 hours,4.7,467,2563,"Rp149,000",6/2023,0,0,0,https://www.udemy.com/course/hard-surface-modelling-in-maya-2022/
Autodesk Navisworks Manage & Revit Review (Crash Course),5760522,Mohamed Gamal,"Navisworks, Building Information Modeling (BIM), Revit, Design Tools, Design",Autodesk Fusion,All Levels,3.5 hours,4.8,40,361,"Rp149,000",5/2025,0,0,4,https://www.udemy.com/course/autodesk-navisworks-manage-2023-revit-reviewcrash-course/
Oracle Fusion Cloud HCM ORC Recruitment Cloud Implementation,6828615,RTL Online Trainings Chandra,"Other IT & Software, IT & Software",Autodesk Fusion,Expert,20.5 hours,4.3,30,127,"Rp399,000",1/2026,0,0,4,https://www.udemy.com/course/oracle-fusion-cloud-hcm-orc-recruitment-cloud-implementation/
Beginner to Intermediate level in 10h - Autodesk Revit,5899548,Lelde Savoni,"Revit, Software Architecture, Other IT & Software, IT & Software",Autodesk Fusion,Beginner,10.5 hours,4.7,195,963,"Rp149,000",2/2025,0,0,7,https://www.udemy.com/course/beginner-to-intermediate-level-autodesk-revit/
3D Modeling Course for Beginners in Maya,5155772,CG BLAST,"3D Modeling, Autodesk Maya, Hard Surface Modeling, 3D & Animation, Design",Autodesk Fusion,All Levels,11.5 hours,4.6,141,623,"Rp149,000",3/2023,0,0,9,https://www.udemy.com/course/3d-modeling-course-for-beginners-in-maya/
Mechanical Creature Modelling in Maya,5120646,Nexttut Education Pvt.Ltd.,"3D Modeling, 3D & Animation, Design",Autodesk Fusion,Intermediate,20 hours,4.8,40,251,"Rp149,000",11/2025,0,0,0,https://www.udemy.com/course/mechanical-creature-making-for-production/
The Complete Intro to Mudbox for Games and Film,330158,3dmotive LLC,"Mudbox, 3D Modeling, 3D Sculpting, Digital Character Sculpting, 3D & Animation",Autodesk Fusion,Beginner,3.5 hours,4.4,61,458,"Rp149,000",9/2016,2,0,3,https://www.udemy.com/course/3dmotive-the-complete-intro-to-mudbox-for-games-and-film/
MasterCAM Multi-Axis Programming,2312254,Swaylen CAD I CAM I CAE Expert,"CAD Software, Mastercam, Graphic Design & Illustration, Design",Autodesk Fusion,All Levels,7.5 hours,4.2,81,576,"Rp149,000",1/2022,0,0,0,https://www.udemy.com/course/mastrecam-tip-create-and-modify-geometry/
"How to use xTool XCS(2.0) with M1,D1Pro,F1 & F1 Ultra",5094780,CK Choo,"Laser Cutting, Design Tools, Design",Autodesk Fusion,Beginner,15.5 hours,4.1,54,476,"Rp149,000",1/2026,0,0,99,https://www.udemy.com/course/how-to-use-xtool-creative-space-xcs-with-m1-d1-d1-pro/
Master Hard Surface Modeling in Maya 2020,3435320,Digital Saucer Studios,"3D Modeling, 3D Rendering, 3D Rigging, 3D & Animation, Design",Autodesk Fusion,All Levels,55 hours,4.3,75,9671,"Rp149,000",6/2025,0,0,19,https://www.udemy.com/course/master-hard-surface-modeling-in-maya-2020/
Autodesk AutoCAD Masterclass: The Ultimate Guide to AutoCAD,2504232,Ozgur Gorgun,"AutoCAD, Architectural Design, Interior Design, CAD Software, Design",Autodesk Fusion,All Levels,11 hours,4.5,217,954,"Rp149,000",9/2019,0,0,1,https://www.udemy.com/course/autodesk-autocad-masterclass-the-ultimate-guide-to-autocad/
Maya Lighting Masterclass: Become Pro at Rendering,4792696,Nexttut Education Pvt.Ltd.,"Autodesk Maya, 3D Lighting, Autodesk Arnold, 3D & Animation, Design",Autodesk Fusion,Intermediate,9 hours,4.7,217,1649,"Rp149,000",8/2022,1,0,0,https://www.udemy.com/course/cinematic-lighting-in-maya/
Oracle Fusion Cloud HCM Technical(BI Reports Development),5641812,Chandra Mohan,"Oracle Fusion HCM, Oracle, Office Productivity",Autodesk Fusion,Expert,12 hours,4.2,152,1051,"Rp149,000",12/2024,0,0,22,https://www.udemy.com/course/oracle-fusion-cloud-hcm-technicalbi-reports-dev-customiz/
Autodesk Revit API: Mastering Dimensions,5419936,"Enrique Galicia, Yaroslav, Gabriel Pérez Kohler","Revit, Other IT & Software, IT & Software",Autodesk Fusion,Intermediate,2 hours,4.7,13,132,"Rp149,000",10/2024,1,0,1,https://www.udemy.com/course/dimensions/
Creating a Gundam Character in Maya 2022,6052743,Digital Saucer Studios,"3D Modeling, 3D & Animation, Design",Autodesk Fusion,Intermediate,36.5 hours,4.0,4,1049,"Rp149,000",7/2024,0,0,22,https://www.udemy.com/course/creating-a-gundam-character-in-maya-2022/
Oracle Fusion Payroll Cloud (US) R13 Implementation(Expert),4387112,Chandra Mohan,"Oracle Fusion HCM, Other IT & Software, IT & Software",Autodesk Fusion,Expert,11.5 hours,4.3,668,3137,"Rp149,000",4/2024,0,0,5,https://www.udemy.com/course/oracle-fusion-payroll-cloud-us-r13-implementationexpert/
The Complete Course of SolidCAM and CNC Programming,5462208,The Tech Courses,"SolidCAM, Computer Numerical Control (CNC), Engineering, Teaching & Academics",Autodesk Fusion,All Levels,8.5 hours,3.8,32,238,"Rp149,000",1/2025,0,0,0,https://www.udemy.com/course/solidcam-course/
LightBurn Software For Beginner Laser Engravers 2024,5600124,Mitch Stevens,"Laser Cutting, Arts & Crafts, Lifestyle",Autodesk Fusion,Beginner,2 hours,3.8,201,4035,"Rp149,000",2/2024,0,0,1,https://www.udemy.com/course/lightburn-beginner/
Siemens Femap Nastran : Learn Engineering Simulations,4012046,Veer Tutorial,"Finite Element Analysis (FEA), Engineering, Teaching & Academics",Autodesk Fusion,Beginner,6.5 hours,4.4,187,884,"Rp149,000",7/2022,0,0,1,https://www.udemy.com/course/siemens-nx-nastran-learn-engineering-simulations/
Vectric Aspire CAD CAM 3-Axis CNC REAL EXAMPLES,6399575,Samira Iamandi,"Machine Learning, Code Generation, Computer Numerical Control (CNC), Graphic Design, Engineering",Autodesk Fusion,All Levels,2 hours,4.1,15,58,"Rp149,000",3/2025,1,0,27,https://www.udemy.com/course/vectric-aspire-cad-cam-3-axis-cnc-real-examples/
Autodesk Inventor Job-Ready/The Beginner's Quick Start 2025,6860623,Jeff Skubal,"Autodesk Inventor, Autodesk, Autodesk 3ds Max, AutoCAD, Graphic Design & Illustration",Autodesk Fusion,All Levels,7.5 hours,4.6,N/A,1,"Rp149,000",10/2025,0,0,0,https://www.udemy.com/course/autodesk-inventor-job-readythe-beginners-quick-start-2025/
The Complete Bootcamp of Mastercam and CNC Programming 2025,5939782,The Tech Courses,"Mastercam, Computer Numerical Control (CNC), 3D Modeling, CAD Software, Engineering",Autodesk Fusion,All Levels,10.5 hours,3.7,101,437,"Rp149,000",1/2025,0,0,1,https://www.udemy.com/course/mastercam-cnc/
Maya For FX Artists - Projects Based Course,2051941,Raffi Bedross,"Computational Fluid Dynamics (CFD), VFX Visual Effects, Autodesk Maya, 3D & Animation, Design",Autodesk Fusion,All Levels,9 hours,4.4,641,4603,"Rp149,000",11/2024,14,0,17,https://www.udemy.com/course/complete-maya-fluids-bootcamp/
Autodesk Revit - Complete Beginner to advanced level Course,5700020,Engr Hedaetullah,"Revit, Engineering, Teaching & Academics",Autodesk Fusion,All Levels,5.5 hours,4.1,18,535,"Rp149,000",5/2024,0,0,0,https://www.udemy.com/course/autodesk-revit-complete-beginner-to-advanced-level-course/
Oracle Fusion Cloud HCM Absence Management ImplementationR13,4523392,Chandra Mohan,"Oracle Fusion HCM, Oracle, Office Productivity",Autodesk Fusion,Expert,7 hours,4.5,637,2886,"Rp149,000",12/2025,0,0,6,https://www.udemy.com/course/oracle-fusion-cloud-hcm-absence-management-implementationr13/
BIM-Autodesk Navisworks Manage 22/23 (From Beginner to Pro ),4396454,Honey Sharma,"Autodesk, Engineering, Teaching & Academics",Autodesk Fusion,All Levels,4 hours,4.3,255,1221,"Rp149,000",4/2023,1,0,10,https://www.udemy.com/course/autodesk-navisworks-manage-2022-complete-course/
4 Practice Tests | Adobe Certified Workfront Developer,5025982,Kumar K,"Project Management, IT Certifications, IT & Software",Autodesk Fusion,All Levels,N/A,4.3,41,162,"Rp149,000",5/2025,0,0,0,https://www.udemy.com/course/4-practice-tests-adobe-certified-workfront-developer-v/
"CNC Milling, ISO and Macro Programming, SwanSoft Simulation",2715470,TechSchool Institute,"Computer Numerical Control (CNC), Engineering, Teaching & Academics",Autodesk Fusion,All Levels,17.5 hours,3.8,65,520,"Rp149,000",8/2024,0,0,19,https://www.udemy.com/course/cnc-machine-iso-and-macro-programming-swansoft-simulation/
The Complete Course of PCB Design using Autodesk Eagle,5552308,Digital Courses,"PCB Design, Digital Electronics, Digital Circuit Design, Engineering, Teaching & Academics",Autodesk Fusion,All Levels,6 hours,4.4,18,105,Free,1/2025,0,0,0,https://www.udemy.com/course/pcb-design-course/
CNC Lathe Programming with Mastercam More Practical Examples,4604100,TechSchool Institute,"Mastercam, Engineering, Teaching & Academics",Autodesk Fusion,All Levels,16.5 hours,3.7,35,342,"Rp149,000",2/2026,1,0,60,https://www.udemy.com/course/cnc-lathe-programming-with-mastercam/
Autodesk BIM 360 - Docs,3209065,AIPAL Academy,"Building Information Modeling (BIM), Document Management, Architectural Design, Design",Autodesk Fusion,Beginner,1.5 hours,4.2,96,322,"Rp149,000",6/2020,1,0,3,https://www.udemy.com/course/autodesk-bim-360-docs/
The Complete Beginners Guide to Autodesk Revit Architecture,1743328,Ian Nichols,"Revit, Autodesk, Other IT & Software, IT & Software",Autodesk Fusion,Beginner,18 hours,4.5,907,8716,"Rp149,000",6/2021,2,0,1,https://www.udemy.com/course/the-complete-beginners-guide-to-autodesk-revit-architecture/
Hard Surface Vehicles - The Complete 3D Production Pipeline,3393502,David Bittorf,"Hard Surface Modeling, Autodesk Maya, Substance Painter, 3D Modeling, Game Design",Autodesk Fusion,All Levels,23.5 hours,4.5,109,849,"Rp149,000",10/2020,0,0,9,https://www.udemy.com/course/hard-surface-vehicles-the-complete-3d-production-pipeline/
Autodesk Navisworks Manage (Clash Detection-4D-5D-BOQ-Walk),6589459,Mohamed Gamal,"Navisworks, Building Information Modeling (BIM), Design Tools, Design",Autodesk Fusion,All Levels,5.5 hours,4.6,54,1054,"Rp149,000",8/2025,0,0,3,https://www.udemy.com/course/autodesk-navisworks-manage-essentials-advanced/
Oracle Cloud/EBS Accounts Payables (AP) Interview Readiness,6311123,Vilas Bachhav,"Other IT & Software, IT & Software",Autodesk Fusion,Expert,N/A,N/A,N/A,3,"Rp149,000",12/2024,0,0,0,https://www.udemy.com/course/oracle-cloudebs-accounts-payables-interview-readiness/
Maya for Beginners: Complete 3D Animation Masterclass,3672664,Class Creatives,"3D Animation, Character Animation, Game Development Fundamentals, Unreal Engine, 3D & Animation",Autodesk Fusion,Beginner,15 hours,4.4,111,1044,"Rp149,000",11/2025,1,0,23,https://www.udemy.com/course/maya-for-beginners-complete-3d-animation-masterclass/
Autodesk Revit Architecture Professional Certificate,718638,Enrique Galicia,"Revit, Architectural Design, Design",Autodesk Fusion,Expert,36 mins,3.9,125,528,"Rp149,000",8/2020,1,0,1,https://www.udemy.com/course/cara2015/
Autodesk Revit Complete Course 2025 | From Zero To Mastery,6845801,Hasan Kareem,"Architectural Design, Design",Autodesk Fusion,All Levels,12 hours,4.3,20,441,"Rp149,000",10/2025,0,0,22,https://www.udemy.com/course/revit-2025-beginner-course/
Learn CNC (Operating+Setting) in English,4607102,Mech Trainers,"Computer Numerical Control (CNC), Programming Languages, Development",Autodesk Fusion,All Levels,2.5 hours,4.3,110,418,"Rp149,000",4/2022,0,0,0,https://www.udemy.com/course/learn-cnc-operatingsettingprogramming-in-english/
Autodesk Software (Install & Troubleshoots) English,1119042,Samaah Sultaan,"Autodesk, Revit, AutoCAD, 3D Modeling, Engineering",Autodesk Fusion,All Levels,1 hour,4.0,109,7892,"Rp447,000.00",4/2026,4,0,13,https://www.udemy.com/course/free-software-downloads-autodesk-education/
MAYA 3D: Modeling for Beginners - Create now !,6231595,Antoine LEFEBVRE,"3D Modeling, Autodesk Maya, 3D & Animation, Design",Autodesk Fusion,Beginner,9.5 hours,3.7,4,32,"Rp149,000",10/2024,0,0,26,https://www.udemy.com/course/maya-3d-modeling-for-beginners/
Fuze01 - Introduction to 3D and Maya,6728273,Wizix CHAULIAC,"Autodesk Maya, 3D Modeling, Other IT & Software, IT & Software",Autodesk Fusion,Beginner,10 hours,5.0,2,6,"Rp149,000",7/2025,0,0,0,https://www.udemy.com/course/fuze01-introduction-to-3d-and-maya/
Realistic Character Modeling For Game In Maya and Zbrush,1533210,Nalini Kanta Jena,"Character Modeling, zBrush, Autodesk Maya, 3D & Animation, Design",Autodesk Fusion,Beginner,21.5 hours,4.4,1632,10458,"Rp149,000",5/2020,4,0,113,https://www.udemy.com/course/realistic-character-modeling-for-game-in-maya-and-zbrush/
3D Medical Animation in Autodesk Maya,1550686,Lucas Ridley,"3D Animation, Animation, Autodesk, 3D & Animation, Design",Autodesk Fusion,All Levels,9.5 hours,4.5,127,996,"Rp149,000",8/2021,0,0,6,https://www.udemy.com/course/3d-medical-animation-in-autodesk-maya/
BIM Generative Design for Buildings Dynamo 2.0 and Refinery,1478510,Enrique Galicia,"Building Information Modeling (BIM), Other IT & Software, IT & Software",Autodesk Fusion,Intermediate,1.5 hours,3.9,118,668,"Rp149,000",2/2019,1,0,2,https://www.udemy.com/course/generative-dynamo-01/
Creating a Cartoon Monster in Maya 2020,3567857,Digital Saucer Studios,"3D Lighting, 3D Modeling, 3D Rendering, 3D Texturing, 3D & Animation",Autodesk Fusion,All Levels,13 hours,4.9,14,6298,"Rp149,000",11/2020,0,0,3,https://www.udemy.com/course/creating-a-cartoon-monster-in-maya-2020/
Mastering Autodesk Maya: Modelling 3D Medieval Architecture,5710916,Dr. Zeeshan Bhatti,"Autodesk Maya, 3D Modeling, 3D & Animation, Design",Autodesk Fusion,Intermediate,11.5 hours,3.5,3,165,"Rp149,000",1/2024,0,0,11,https://www.udemy.com/course/3d-medieval-architecture-modelling-using-autodesk-maya/
Introduction to Animation in Maya,4227144,Nexttut Education Pvt.Ltd.,"3D Animation, 3D & Animation, Design",Autodesk Fusion,Beginner,10 hours,4.7,293,2302,"Rp149,000",6/2023,0,0,0,https://www.udemy.com/course/introduction-to-animation-in-maya-2022/
Complete Guide to Maya,4743994,Nexttut Education Pvt.Ltd.,"Autodesk Maya, 3D & Animation, Design",Autodesk Fusion,Beginner,18 hours,4.6,234,1356,"Rp149,000",6/2023,1,0,0,https://www.udemy.com/course/complete-guide-to-maya-2023/
Introduction to Autodesk's Motionbuilder for Games and Film,83630,3dmotive LLC,"Autodesk, Animation, 3D Animation, Design Tools, Design",Autodesk Fusion,Intermediate,2 hours,4.3,84,592,"Rp149,000",4/2017,1,0,1,https://www.udemy.com/course/3dmotive-introduction-to-autodesks-motionbuilder/
Maya Environment Creation for Film,2820153,Nexttut Education Pvt.Ltd.,"Environment Lighting, 3D Environment Modeling, 3D & Animation, Design",Autodesk Fusion,Intermediate,23.5 hours,4.7,191,2014,"Rp149,000",9/2021,0,0,0,https://www.udemy.com/course/environment-creation-for-film/
3ds Max for Beginners,4641898,Nexttut Education Pvt.Ltd.,"Autodesk 3ds Max, 3D & Animation, Design",Autodesk Fusion,Beginner,17.5 hours,4.1,56,391,"Rp149,000",6/2023,0,0,0,https://www.udemy.com/course/3ds-max-2023-for-beginners/
Autodesk Navisworks Freedom 2021 (or earlier),3239919,AIPAL Academy,"Navisworks, 3D Rendering, Building Information Modeling (BIM), Project Management, 3D & Animation",Autodesk Fusion,Beginner,1.5 hours,4.1,43,142,"Rp149,000",7/2020,1,0,1,https://www.udemy.com/course/navisworks-freedom/
LightBurn Masterclass,3715182,Jose Portals,"Laser Cutting, Arts & Crafts, Lifestyle",Autodesk Fusion,Beginner,1 hour,3.3,141,589,"Rp149,000",12/2020,0,0,1,https://www.udemy.com/course/lightburn-masterclass/
Rimac Nevera: Low Poly 3D Car Modeling for Beginners in MAYA,5903652,MWHD LearningZONE,"3D Modeling, 3D & Animation, Design",Autodesk Fusion,Beginner,6.5 hours,4.6,6,31,"Rp149,000",12/2024,0,0,2,https://www.udemy.com/course/mastering-3d-car-modeling-ll-from-novice-to-expert-with-maya/
Revit Architecture 2026 [Animated Lessons],6175505,Vahid Salimi,"Revit, Architectural Design, Design",Autodesk Fusion,All Levels,3 hours,4.7,31,140,"Rp699,000",1/2026,1,0,1,https://www.udemy.com/course/revit-architecture-basics/
CNC programming with SolidWorks CAM,2687328,Vaheh Golestanian,"Computer Numerical Control (CNC), SOLIDWORKS, 3D & Animation, Design",Autodesk Fusion,Beginner,2.5 hours,4.2,119,511,"Rp159,000",3/2020,0,0,5,https://www.udemy.com/course/solidworks-cam/
Maya 3D Masterclass - Modeling a 3D Sci-Fi Vehicle in Maya,3722808,Digital Saucer Studios,"3D Lighting, 3D Modeling, 3D Rendering, Autodesk, 3D & Animation",Autodesk Fusion,All Levels,23 hours,4.7,67,13103,"Rp149,000",12/2020,0,0,17,https://www.udemy.com/course/maya-3d-masterclass-modeling-a-3d-sci-fi-vehicle-in-maya/
Autodesk Revit Basic to Advance in Hindi,5522856,Ar.Prasad Kothawade,"Revit, Documentation, Architectural Design, Design",Autodesk Fusion,All Levels,8.5 hours,4.5,135,1207,"Rp149,000",8/2024,0,0,18,https://www.udemy.com/course/revitfullcourse/
Modeling Fundamentals in Maya 2020,3430516,Digital Saucer Studios,"3D Lighting, 3D Modeling, 3D Rendering, 3D & Animation, Design",Autodesk Fusion,Beginner,14.5 hours,4.5,21,9659,"Rp149,000",9/2020,0,0,5,https://www.udemy.com/course/modeling-fundamentals-in-maya-2020/
Complete Davinci Resolve 20 Bootcamp - Fusion - Particles,6275499,Raffi Bedross,"DaVinci Resolve, Video Editing, BlackMagic Fusion, VFX Visual Effects, Video Design",Autodesk Fusion,All Levels,8 hours,4.4,60,465,"Rp149,000",7/2025,0,0,18,https://www.udemy.com/course/complete-davinci-resolve-bootcamp-fusion-particles/
3D Animation & Modeling Master Class | Beginner to Advanced,1366296,[ School of Game Design ],"3D Animation, VFX Visual Effects, Game Design, Animation, 3D & Animation",Autodesk Fusion,All Levels,22.5 hours,4.2,320,6459,"Rp149,000",8/2020,1,0,6,https://www.udemy.com/course/3d-animation-and-modeling-master-class/
Complete Character Creation in Maya for Beginners,2960736,"Nalini Kanta Jena, Nexttut Education Pvt.Ltd.","Autodesk Maya, 3D & Animation, Design",Autodesk Fusion,Beginner,28 hours,4.5,337,1828,"Rp149,000",4/2020,1,0,0,https://www.udemy.com/course/complete-character-creation-in-maya-for-beginners/
Modeling and Rendering a Robot in Maya 2020,3511010,Digital Saucer Studios,"3D Modeling, 3D Lighting, 3D Rendering, 3D & Animation, Design",Autodesk Fusion,All Levels,6.5 hours,4.3,16,6981,"Rp149,000",10/2020,0,0,2,https://www.udemy.com/course/modeling-and-rendering-a-robot-in-maya-2020/
Introduction to Rigging in Maya,4289376,Nexttut Education Pvt.Ltd.,"Autodesk Maya, 3D & Animation, Design",Autodesk Fusion,Beginner,10.5 hours,4.5,667,4210,"Rp149,000",6/2023,0,0,0,https://www.udemy.com/course/introduction-to-rigging-in-maya-2022/
Topography and Site Modeling With Autodesk Revit and Dynamo,2851830,Enrique Galicia,"Dynamo BIM, Revit, IT Certifications, IT & Software",Autodesk Fusion,Intermediate,2.5 hours,4.4,22,221,"Rp149,000",3/2023,1,0,2,https://www.udemy.com/course/tsmdynrvt/
Introduction to 3D Character Animation for Beginners in Maya,5789600,Nurdin Momodu,"3D Animation, 3D & Animation, Design",Autodesk Fusion,Beginner,6.5 hours,4.5,151,1534,"Rp159,000",5/2024,0,0,5,https://www.udemy.com/course/introduction-to-3d-character-animation-for-beginners-in-maya/
Learn Maya - A Beginners guide to Creating Realistic Scenes,732578,Bhaumik Patel,"Autodesk Maya, 3D Rendering, 3D Modeling, 3D Lighting, 3D & Animation",Autodesk Fusion,Beginner,18.5 hours,4.6,1528,10240,"Rp149,000",2/2019,0,0,2,https://www.udemy.com/course/learn-maya-for-beginners/
Autodesk Civil 3D: 3D Drawing Techniques,3825228,Penta Teknoloji,"AutoCAD Civil 3D, Autodesk, Design Tools, Design",Autodesk Fusion,All Levels,9.5 hours,4.2,11,80,"Rp149,000",6/2021,16,0,16,https://www.udemy.com/course/autodesk-civil-3d-3d-drawing-techniques/
Learn Complete CNC Programming in English,4623418,Mech Trainers,"Computer Numerical Control (CNC), Programming Languages, Development",Autodesk Fusion,All Levels,6 hours,4.3,147,806,"Rp149,000",4/2022,0,0,0,https://www.udemy.com/course/learn-cnc-programming-in-english/
Parametric Families For Autodesk Revit BIM LOD 200-400,1123752,Enrique Galicia,"Building Information Modeling (BIM), Revit, Other IT & Software, IT & Software",Autodesk Fusion,Beginner,2.5 hours,4.0,206,913,"Rp149,000",8/2020,0,0,0,https://www.udemy.com/course/pffarq200/
3D Modeling for Video Games : Beginners Guide,2123478,Bradley Wascher,"3D Modeling, 3D & Animation, Design",Autodesk Fusion,Beginner,6.5 hours,4.7,122,576,"Rp149,000",3/2019,0,0,0,https://www.udemy.com/course/3d-modeling-for-video-games-beginners-guide/
Realistic Animal Creation for Film in Maya & Zbrush,4784126,Nexttut Education Pvt.Ltd.,"zBrush, 3D & Animation, Design",Autodesk Fusion,Beginner,20 hours,3.7,13,299,"Rp149,000",9/2022,1,0,5,https://www.udemy.com/course/animal-creation-for-film-tiger/
Understanding Autodesk Maya,4559472,Harold Hanson,"3D Modeling, 3D Animation, 3D Environment Modeling, 3D & Animation, Design",Autodesk Fusion,All Levels,21.5 hours,4.4,N/A,5,"Rp149,000",9/2022,1,0,9,https://www.udemy.com/course/understanding-autodesk-maya/
Learn Advanced Scripting in Maya by Building Custom Tools,790714,3dmotive LLC,"Autodesk Maya, Game Mechanics, Game Development, Development",Autodesk Fusion,Expert,9.5 hours,4.4,33,1105,"Rp149,000",9/2016,2,0,5,https://www.udemy.com/course/3dmotive-learn-advanced-scripting-in-maya-by-building-custom-tools/
3D Modeling In Mudbox - A Definitive Mudbox Tutorial,107552,Infinite Skills,"Mudbox, 3D Animation, Financial Modeling, 3D & Animation, Design",Autodesk Fusion,All Levels,9.5 hours,4.4,60,564,Free,1/2017,1,0,2,https://www.udemy.com/course/3d-modeling-in-mudbox/
Substance Painter & Maya Course: Low Poly Character Making,4075436,Nexttut Education Pvt.Ltd.,"Character Modeling, Substance Painter, 3D & Animation, Design",Autodesk Fusion,Beginner,13 hours,4.8,49,524,"Rp149,000",5/2021,0,0,0,https://www.udemy.com/course/substance-painter-maya-course-low-poly-character-making/
Autodesk Revit Model Language Translation with Dynamo,3472444,Enrique Galicia,"Dynamo BIM, Revit, IT Certifications, IT & Software",Autodesk Fusion,Intermediate,2.5 hours,4.0,16,91,"Rp149,000",3/2023,1,0,1,https://www.udemy.com/course/rvtmodeltrans/
Kickoff your CNC Milling career,4652424,Tornu Prince,"Computer Numerical Control (CNC), Engineering, Teaching & Academics",Autodesk Fusion,All Levels,9.5 hours,3.3,6,68,"Rp149,000",5/2022,0,0,1,https://www.udemy.com/course/cnc-milling/
The Art and Science of PCB Design with Autodesk Eagle,2074464,Amit Rana,"PCB Design, Software Development Tools, Development",Autodesk Fusion,Beginner,3.5 hours,4.2,1074,4713,"Rp159,000",2/2026,4,0,2,https://www.udemy.com/course/pcb-design-with-eagle/
BIM Dynamo Geometry Modeling Autodesk Revit,1269386,Enrique Galicia,"3D Modeling, Building Information Modeling (BIM), Geometry, Dynamo BIM, Other IT & Software",Autodesk Fusion,Beginner,3 hours,3.6,225,1022,"Rp149,000",8/2020,0,0,23,https://www.udemy.com/course/dynamo-geometry/
Autodesk Eagle : PCB & Hardware Design for Beginners,5031430,Piyush Charpe,"PCB Design, Arduino, Electronics, Embedded Systems, Hardware",Autodesk Fusion,Beginner,21.5 hours,4.5,129,579,"Rp149,000",11/2024,9,0,0,https://www.udemy.com/course/autodesk-eagle-pcb-hardware-design-for-beginners/
Build a Platformer Game in Clickteam Fusion 2.5,1329326,Danny James,"Clickteam, Game Development, Development",Autodesk Fusion,All Levels,3 hours,4.5,52,248,"Rp299,000",8/2017,1,0,1,https://www.udemy.com/course/build-platformer-game-clickteam-fusion-2-5/
Basics on Autodesk Inventor,5791046,Benji Slidders,"CAD Software, 3D & Animation, Design",Autodesk Fusion,All Levels,2.5 hours,4.1,N/A,N/A,"Rp149,000",5/2024,0,0,9,https://www.udemy.com/course/basics-on-autodesk-inventor/
Autodesk Combustion: Beginner to Advanced VFX Techniques,6043330,EDUCBA Bridging the Gap,"Design Tools, Design",Autodesk Fusion,All Levels,15 hours,4.9,5,1061,"Rp149,000",6/2024,0,0,0,https://www.udemy.com/course/autodesk-combustion-beginner-to-advanced-vfx-techniques/
Creating a robot in Maya and ZBrush,1527880,Rey3D .com,"Character Modeling, Autodesk Maya, 3D Sculpting, zBrush, 3D & Animation",Autodesk Fusion,All Levels,13 hours,4.0,30,322,"Rp149,000",5/2021,0,0,0,https://www.udemy.com/course/creating-a-robot-in-maya-and-zbrush/
Davinci Resolve 16/15: Fusion Basics,1981832,Abdelmalek Litim,"DaVinci Resolve, BlackMagic Fusion, Video Design, Photography & Video",Autodesk Fusion,Beginner,2.5 hours,4.4,113,502,"Rp149,000",10/2019,0,0,1,https://www.udemy.com/course/dr15-fusion-basics/
CNC Lathe Programming Using Fanuc G-Coding & M-Coding,4352034,Chris Pearce,"Computer Numerical Control (CNC), Programming Languages, Development",Autodesk Fusion,Beginner,2 hours,4.4,125,562,"Rp149,000",2/2023,0,0,0,https://www.udemy.com/course/cnc-lathe-programming-using-fanuc-g-coding-m-coding/
Arabic Autodesk®AutoCAD®2021First Completed Advanced Lessons,3186606,Wagih Abbas,"AutoCAD, CAD Software, Autodesk, Architectural Design, Design",Autodesk Fusion,Expert,7 hours,4.7,21,1593,"Rp149,000",2/2021,0,0,26,https://www.udemy.com/course/autodesk-autocad2021-first-completed-advanced-lectures/
Architectural Visualization in Maya and Arnold - Modeling,6039322,McDonald John,"Architectural Design, Design",Autodesk Fusion,Beginner,8.5 hours,3.9,4,33,"Rp149,000",6/2024,1,0,2,https://www.udemy.com/course/architectural-visualization-in-maya-and-arnold-modeling/
The Complete 2025 Guide to 3D Facial Rigging in Maya,4325752,Anass Cherkaoui,"3D Rigging, 3D Animation, Autodesk Maya, 3D & Animation, Design",Autodesk Fusion,All Levels,9 hours,4.4,55,644,"Rp149,000",3/2026,2,0,2,https://www.udemy.com/course/facial-rigging-for-beginners-in-maya/
Autodesk Revit 2023 Family Calibration for C# AddIn Creation,5494902,"Enrique Galicia, Yaroslav","Revit, Other IT & Software, IT & Software",Autodesk Fusion,Intermediate,2.5 hours,5.0,3,36,"Rp149,000",8/2023,1,0,1,https://www.udemy.com/course/familycalibration/
Autodesk Revit Masterclass: A Complete Guide for Beginners,2124000,Ozgur Gorgun,"Revit, Building Management System (BMS), Building Information Modeling (BIM), Architectural Design, Design",Autodesk Fusion,All Levels,7 hours,4.4,49,222,"Rp149,000",7/2019,1,0,1,https://www.udemy.com/course/autodesk-revit-masterclass/
Creating a Cute Character in Maya and Photoshop,3861016,Digital Saucer Studios,"3D Modeling, 3D Lighting, 3D Texturing, UV Mapping, 3D & Animation",Autodesk Fusion,All Levels,9 hours,4.6,31,13973,"Rp149,000",2/2021,0,0,7,https://www.udemy.com/course/creating-a-cute-character-in-maya-and-photoshop/
3D Modeling & Animation with Maya,2548797,Ben Taylor,"3D Modeling, Autodesk Maya, 3D & Animation, Design",Autodesk Fusion,Beginner,12.5 hours,4.5,463,10276,"Rp149,000",10/2022,0,0,22,https://www.udemy.com/course/3d-modeling-animation-with-maya/
Modeling and Rendering a Robot in Maya 2020 Vol. 2,3581155,Digital Saucer Studios,"3D Modeling, 3D Lighting, 3D Rendering, Photoshop Retouching, 3D & Animation",Autodesk Fusion,All Levels,31.5 hours,4.5,33,8161,"Rp149,000",11/2020,0,0,2,https://www.udemy.com/course/modeling-and-rendering-a-robot-in-maya-2020-vol-2/
Autodesk Combustion Training Hands-on,4738884,EDUCBA Bridging the Gap,"Autodesk, 3D & Animation, Design",Autodesk Fusion,All Levels,4 hours,4.5,11,8816,"Rp149,000",6/2022,0,0,0,https://www.udemy.com/course/autodesk-combustion-training-hands-on/
Laser Cutting Training Course,2620938,Amardeep Singh,"Laser Cutting, Manufacturing, Product Manufacturing, Engineering, Teaching & Academics",Autodesk Fusion,All Levels,2.5 hours,3.5,20,94,"Rp149,000",11/2025,0,0,0,https://www.udemy.com/course/advanced-laser-cutting-process/
Designing PCB using Autodesk Eagle for Everyone!,3004178,Mohannad Rawashdeh,"PCB Design, Electronics, Autodesk, Computer Hardware, Hardware",Autodesk Fusion,Beginner,7.5 hours,4.6,455,2289,"Rp149,000",1/2021,1,0,18,https://www.udemy.com/course/designing-pcb-using-autodesk-eagle-for-beginners/
Creating a Stylized Horror Character in Maya 2022,5983554,Digital Saucer Studios,"3D & Animation, Design",Autodesk Fusion,Intermediate,16.5 hours,5.0,6,1028,"Rp149,000",5/2024,0,0,4,https://www.udemy.com/course/creating-a-stylized-horror-character-in-maya-2022/
Maya Modeling BOOST,4406776,Mitchell Nickerson,"3D Modeling, 3D & Animation, Design",Autodesk Fusion,Beginner,3.5 hours,4.7,32,143,"Rp149,000",12/2021,0,0,1,https://www.udemy.com/course/maya-modeling-boost/
Interior design- autodesk 3dsmax and vray- from zero,6523461,Navid Abbas Zadeh,"3D Rendering, V-Ray, Interior Design, Autodesk 3ds Max, Architectural Design",Autodesk Fusion,Beginner,2 hours,4.7,5,217,"Rp149,000",3/2025,0,0,11,https://www.udemy.com/course/interior-design-autodesk-3dsmax-and-vray-from-zero/
Autodesk Revit Architecture – Beginner to Intermediate,6611765,Zahed Zisan,"Building Information Modeling (BIM), Architectural Design, Design",Autodesk Fusion,All Levels,9.5 hours,4.6,14,29,"Rp149,000",7/2025,4,0,75,https://www.udemy.com/course/autodesk-revit-architecture-beginner-to-intermediate/
Creating a Robot Character in Maya 2022,5982734,Digital Saucer Studios,"3D & Animation, Design",Autodesk Fusion,Intermediate,14 hours,4.4,N/A,6,"Rp149,000",1/2025,0,0,1,https://www.udemy.com/course/creating-a-robot-character-in-maya-2022/
Model a complex 3d SciFi Ship with Maya and ZBrush,2060467,3dmotive LLC,"3D Modeling, 3D Sculpting, 3D & Animation, Design",Autodesk Fusion,Intermediate,7 hours,4.3,14,164,"Rp149,000",2/2019,2,0,5,https://www.udemy.com/course/3dmotive-model-a-complex-3d-scifi-ship-with-maya-and-zbrush/
learn autodesk maya last edition from scratch,6386461,Mostafa Sayed,"Product Design, 3D & Animation, Design",Autodesk Fusion,Beginner,8.5 hours,5.0,13,27,"Rp149,000",3/2026,0,0,0,https://www.udemy.com/course/learn-autodesk-maya-last-edition-from-scratch/
3D Modeling in Maya for Beginners,5434854,Илья Хлынин,"3D Modeling, 3D & Animation, Design",Autodesk Fusion,Beginner,7 hours,4.8,9,31,"Rp149,000",7/2023,0,0,1,https://www.udemy.com/course/3d-modeling-in-maya-for-beginners/
Advanced Revit Architecture 2016 Training,878092,Infinite Skills,"Revit, Architectural Design, Design",Autodesk Fusion,Intermediate,8.5 hours,4.6,513,2737,"Rp149,000",1/2017,1,0,1,https://www.udemy.com/course/advanced-revit-architecture-2016-training/
3D Animation Course for Beginners in Maya,5171010,CG BLAST,"Autodesk Maya, 3D Animation, 3D & Animation, Design",Autodesk Fusion,All Levels,6 hours,4.7,36,201,"Rp149,000",3/2023,0,0,9,https://www.udemy.com/course/3d-animation-course-for-beginners-in-maya/
"Autodesk Infraworks, Civil3d, Revit and Dynamo",1321244,Enrique Galicia,"Revit, Building Information Modeling (BIM), Dynamo BIM, AutoCAD Civil 3D, Other IT & Software",Autodesk Fusion,Intermediate,2.5 hours,4.3,85,800,"Rp149,000",8/2020,2,0,2,https://www.udemy.com/course/icrdyna18/
Learn Character Rigging For Absolute Beginners in Maya 2025,4230452,Anass Cherkaoui,"3D Animation, 3D Rigging, 3D & Animation, Design",Autodesk Fusion,All Levels,6.5 hours,4.7,52,390,"Rp149,000",3/2026,2,0,2,https://www.udemy.com/course/character-rigging-for-beginners-in-maya/
Maya 2022 Beginners Course,2177210,iVito .,"Autodesk Maya, 3D & Animation, Design",Autodesk Fusion,All Levels,5 hours,4.5,55,241,"Rp149,000",2/2025,1,0,2,https://www.udemy.com/course/maya-beginners-course/
Hard Surface Vehicle 3D Modeling in Maya,2903276,David Bittorf,"Hard Surface Modeling, 3D Modeling, 3D & Animation, Design",Autodesk Fusion,Intermediate,11.5 hours,4.5,59,356,"Rp149,000",5/2020,0,0,63,https://www.udemy.com/course/hard-surface-vehicle-modeling-in-maya/
"CNC cutting tools, and machining techniques",2513124,Vaheh Golestanian,"Computer Numerical Control (CNC), Engineering, Teaching & Academics",Autodesk Fusion,Beginner,2 hours,4.2,241,1210,"Rp149,000",9/2019,0,0,0,https://www.udemy.com/course/cnc-cutting-tools-and-machining-techniques/
Advance Maya Modeling,3082796,Waelthepro m,"Autodesk Maya, 3D & Animation, Design",Autodesk Fusion,Intermediate,5.5 hours,4.2,22,117,"Rp149,000",5/2020,0,0,0,https://www.udemy.com/course/advance-maya-modeling/
Disney character creation in MAYA,5369572,Илья Хлынин,"Character Modeling, 3D & Animation, Design",Autodesk Fusion,All Levels,9 hours,4.7,5,30,"Rp149,000",6/2023,0,0,1,https://www.udemy.com/course/disney-character-creation-in-maya/
Fundamental of FEA and Basics of MSC Nastran,6125863,Caesar Wiratama,"Finite Element Analysis (FEA), Other IT & Software, IT & Software",Autodesk Fusion,Beginner,6 hours,4.0,48,218,"Rp149,000",9/2024,0,0,5,https://www.udemy.com/course/fundamental-of-fea-and-basics-of-msc-nastran/
Comprehensive 3D Animation Complete Course in Autodesk Maya,5206062,Pradeep Kumar Singha,"Autodesk Maya, 3D Modeling, 3D Animation, 3D Lighting, 3D & Animation",Autodesk Fusion,All Levels,5 hours,4.7,140,437,"Rp149,000",1/2026,0,0,70,https://www.udemy.com/course/comprehensive-3d-animation-course-in-autodesk-maya/
DaVinci Resolve 16 Guide to Fusion Effects,2818489,Chris Tutorials,"DaVinci Resolve, Video Design, Photography & Video",Autodesk Fusion,Beginner,2 hours,4.0,59,2327,"Rp149,000",6/2020,0,0,1,https://www.udemy.com/course/resolve-fusion-guide-2020-titles-effects-and-3d/
"Maya Training - Creating/Modelling ""The Brooklyn Bridge""",1845006,mojomojo design,"Autodesk Maya, 3D Modeling, 3D & Animation, Design",Autodesk Fusion,Intermediate,27.5 hours,4.1,19,264,"Rp149,000",8/2018,0,0,2,https://www.udemy.com/course/maya-training-creating-modelling-the-brooklyn-bridge/
Learn Maya In Three Hours,1757858,Ruan Lotter,"Autodesk Maya, 3D Animation, 3D Lighting, 3D Rendering, 3D & Animation",Autodesk Fusion,All Levels,3 hours,4.7,213,751,"Rp149,000",6/2023,0,0,6,https://www.udemy.com/course/learnmaya/
Learn Inkscape for Glowforge Laser Cutter,2691004,J.E. Moores,"Inkscape, Laser Cutting, Design Tools, Design",Autodesk Fusion,All Levels,1.5 hours,3.8,43,310,"Rp149,000",1/2024,0,0,9,https://www.udemy.com/course/inkscape-for-glowforge/
Facial Rigging 101 - Maya 2020,3799096,Digital Art HQ School,"Character Rigging, 3D Rigging, 3D & Animation, Design",Autodesk Fusion,Intermediate,17 hours,4.4,68,9865,"Rp149,000",1/2021,0,0,0,https://www.udemy.com/course/facial-rigging-101-maya-2020/
Learn to Model a Cartoon Car in Maya,1074612,Alan Balodi,"Autodesk Maya, Game Art, 3D & Animation, Design",Autodesk Fusion,All Levels,5.5 hours,4.6,29,249,"Rp149,000",2/2017,1,0,5,https://www.udemy.com/course/learn-to-model-a-cartoon-car-in-maya/
The Complete Course of Mastercam and CNC Programming,4453008,The Tech Courses,"Mastercam, 3D Modeling, CAD Software, Computer Numerical Control (CNC), Engineering",Autodesk Fusion,All Levels,5 hours,3.5,39,252,"Rp149,000",1/2025,1,0,0,https://www.udemy.com/course/mastercam-course/
All Basic Learning Skills of Autodesk Inventor (Complete),4069416,Ashok Pundpal,"Autodesk Inventor, Design Tools, Design",Autodesk Fusion,Beginner,2 hours,4.5,1,4,"Rp149,000",5/2021,0,0,1,https://www.udemy.com/course/all-basic-learning-skills-of-autodesk-inventor-complete/
CNC milling machine programing,4655336,muhammed adel,"Computer Numerical Control (CNC), Mechanical Engineering, IT Certifications, IT & Software",Autodesk Fusion,Beginner,2.5 hours,1.9,2,16,"Rp149,000",6/2022,0,0,25,https://www.udemy.com/course/learn-cnc-milling-machine-programing-2022/
Mastercam 2021 (CAD+CAM) Basic to Professional level course,3429690,Manoj Vishwakarma,"Mastercam, CAD Software, Computer Numerical Control (CNC), Dynamic Programming, Design Tools",Autodesk Fusion,All Levels,5.5 hours,4.2,174,1078,"Rp149,000",11/2020,0,0,8,https://www.udemy.com/course/mastercam-2020-cadcam-basic-to-professional-level-course/
Revit 2023 Complete Course: Revit from Beginner to Advanced,5525062,Meta Brains,"Revit, Architectural Design, Design",Autodesk Fusion,All Levels,4.5 hours,4.3,346,33332,"Rp149,000",3/2024,2,0,1,https://www.udemy.com/course/revit-2023-complete-course-revit-from-beginner-to-advanced/
CNC Programming l Write G-Code and M-Code,2539146,Swaylen CAD I CAM I CAE Expert,"Computer Numerical Control (CNC), Manufacturing, Programming Fundamentals, Product Manufacturing, 3D & Animation",Autodesk Fusion,All Levels,1.5 hours,3.7,45,217,"Rp149,000",5/2020,0,0,0,https://www.udemy.com/course/cnc-programming-manual-with-ecam-software/
Next Generation: Immersive 3D Creation in VR and CGI or VFX,6468847,Victor A. L. Santos,"Virtual Reality, 360 Video, Video Design, Photography & Video",Autodesk Fusion,All Levels,34 mins,5.0,3,612,"Rp149,000",5/2025,0,0,1,https://www.udemy.com/course/virtual-reality-video-3d-fx-masterclass/
Autodesk Revit 2023 Nested Family by Selection C# Revit API,5494898,Enrique Galicia,"Revit, Other IT & Software, IT & Software",Autodesk Fusion,Beginner,1.5 hours,4.2,6,50,"Rp149,000",8/2023,1,0,1,https://www.udemy.com/course/famnested/
Create animated avatars with MASH for Maya,4478268,Jonathon Parker,"Autodesk Maya, 3D Animation, 3D & Animation, Design",Autodesk Fusion,Intermediate,1.5 hours,4.6,15,2015,"Rp149,000",1/2022,0,0,0,https://www.udemy.com/course/create-animated-avatars-with-mash-for-maya/
Maya 2018 VFX - Learn to create Visual effects using Maya,1261570,Bhaumik Patel,"Autodesk Maya, VFX Compositing, 3D & Animation, Design",Autodesk Fusion,Intermediate,12.5 hours,4.4,231,1833,"Rp149,000",7/2018,0,0,5,https://www.udemy.com/course/maya-2018-vfx/
Introduction to MASH for Maya,4476472,Jonathon Parker,"Autodesk Maya, 3D Animation, 3D & Animation, Design",Autodesk Fusion,Beginner,2 hours,4.6,32,2264,"Rp149,000",1/2022,0,0,0,https://www.udemy.com/course/introduction-to-mash-for-maya/
CompTIA A+ Core 1 (220-1201): 600+ Practice Exam Questions,6996263,Pass Certified,"CompTIA A+, Network & Security, IT & Software",Autodesk Fusion,Intermediate,N/A,4.9,N/A,2,"Rp149,000",1/2026,0,0,0,https://www.udemy.com/course/comptia-a-core-1-600-practice-exam-questions/
Autodesk AutoCAD 2021 (2D+3D) Basics,2758886,Munawar Hussain,"AutoCAD, Architectural Design, Design",Autodesk Fusion,All Levels,4 hours,4.7,5,35,"Rp149,000",4/2021,1,0,1,https://www.udemy.com/course/autodesk-autocad-2021-2d-3d-basics/
Autodesk Revit: From Beginner to Intermediate | BIM Project,4259784,Thiago Oliveira,"Revit, Other IT & Software, IT & Software",Autodesk Fusion,Beginner,3 hours,4.5,22,87,"Rp149,000",10/2021,0,0,1,https://www.udemy.com/course/autodesk-revit-from-beginner-to-intermediate-bim-project/
Master Autodesk AutoCAD 2017,971570,Simply edukator,"AutoCAD, Design Tools, Design",Autodesk Fusion,Beginner,10.5 hours,4.3,427,1658,"Rp149,000",8/2018,1,0,0,https://www.udemy.com/course/autodesk-autocad-2017-r/
Animate a Professional Looking Walk in Autodesk Maya,3463880,Amedeo Beretta,"3D Animation, Autodesk Maya, 3D & Animation, Design",Autodesk Fusion,Beginner,3 hours,4.6,80,502,"Rp149,000",7/2023,1,0,5,https://www.udemy.com/course/animateprowalks/
Build a Space Shooter game in Clickteam Fusion 2.5,1356890,Danny James,"Clickteam, Game Design, Game Development Fundamentals, Game Development, Development",Autodesk Fusion,All Levels,4 hours,4.7,55,249,"Rp399,000",10/2017,0,0,1,https://www.udemy.com/course/build-space-shooter-game-clickteam-fusion-25/
From Maya to Blender | Blender Basics for Maya user,3567313,Digital Art HQ School,"Blender, Autodesk Maya, 3D & Animation, Design",Autodesk Fusion,Beginner,4 hours,4.1,46,9394,"Rp149,000",11/2020,0,0,0,https://www.udemy.com/course/learning-blender-for-maya-artists-making-the-jump/
Unwrapping Techniques in Maya,1797850,Really Fun Games Educational,"Autodesk Maya, 3D & Animation, Design",Autodesk Fusion,Beginner,5.5 hours,4.6,73,349,"Rp149,000",12/2018,0,0,3,https://www.udemy.com/course/unwrapping-techniques-in-maya/
Interior Design using Autodesk Revit - Curtain Wall Finishes,4071298,Joe Myerscough,"Revit, Interior Design, Other IT & Software, IT & Software",Autodesk Fusion,Intermediate,2 hours,5.0,12,65,"Rp149,000",7/2021,0,0,0,https://www.udemy.com/course/interior-design-using-revit-curtain-wall-finishes/
Maya & Unreal: Complete Guide to Fast 3D Animation & Rigging,2490780,Class Creatives,"3D Animation, 3D Game Development, 3D Rigging, Unreal Engine, Game Development",Autodesk Fusion,Beginner,6.5 hours,4.2,63,812,"Rp149,000",11/2024,1,0,7,https://www.udemy.com/course/maya-unreal-complete-guide-to-fast-3d-animation-rigging/
Learning Autodesk Revit Architecture 2016,874834,Infinite Skills,"Revit, Architectural Design, Design",Autodesk Fusion,All Levels,7.5 hours,4.6,1099,4006,"Rp149,000",1/2017,1,0,1,https://www.udemy.com/course/learning-autodesk-revit-architecture-2016/
Autodesk BIM 360 - Administration,3208979,AIPAL Academy,"Building Information Modeling (BIM), Cloud Computing, Architectural Design, Design",Autodesk Fusion,Intermediate,1 hour,4.0,56,160,"Rp149,000",6/2020,0,0,0,https://www.udemy.com/course/autodesk-bim-360-administration/
Game Character Rigging in Maya: The Complete Guide in 2025,4429130,Anass Cherkaoui,"3D Rigging, 3D Animation, 3D & Animation, Design",Autodesk Fusion,All Levels,13 hours,4.5,79,667,"Rp149,000",3/2026,2,0,2,https://www.udemy.com/course/game-character-rigging-for-beginners-in-maya/
Modeling and Rendering Cute Characters in Maya 2020,3844180,Digital Saucer Studios,"3D Modeling, 3D Lighting, 3D Rendering, 3D Texturing, 3D & Animation",Autodesk Fusion,All Levels,10.5 hours,4.5,22,9297,"Rp149,000",2/2021,0,0,4,https://www.udemy.com/course/modeling-and-rendering-cute-characters-in-maya-2020/
Laser Basics & Beyond – Adobe Illustrator,3687726,Trotec Laser Canada,"Adobe Illustrator, Other Design, Design",Autodesk Fusion,All Levels,3 hours,3.6,20,227,"Rp149,000",12/2020,0,0,0,https://www.udemy.com/course/laser-basics-beyond-adobe-illustrator/
Fusion VFX in Davinci Resolve 16,2529082,Nick Carter,"DaVinci Resolve, Video Editing, VFX Visual Effects, BlackMagic Fusion, Video Design",Autodesk Fusion,Beginner,3 hours,4.3,283,1404,"Rp149,000",8/2019,0,0,8,https://www.udemy.com/course/fusion-vfx-in-davinci-resolve/
Maya 2017 - Create realistic images using Arnold renderer,986544,Bhaumik Patel,"Autodesk Arnold, 3D Lighting, 3D Rendering, Autodesk Maya, 3D & Animation",Autodesk Fusion,All Levels,3.5 hours,4.6,245,1487,"Rp149,000",2/2017,0,0,1,https://www.udemy.com/course/maya-2017-arnold-renderer/
Sustainability on BIM using Autodesk Revit and Insigth 360,1321246,Enrique Galicia,"Revit, Sustainable Architecture, Other IT & Software, IT & Software",Autodesk Fusion,Intermediate,3 hours,3.9,91,553,"Rp149,000",3/2019,0,0,7,https://www.udemy.com/course/sbpacrvt/
Maya Game Character Rigging: Professional Biped Rigs,4178856,"Baka Dan, Tyler Gogan","3D Animation, Autodesk Maya, 3D Rigging, Game Design, Design",Autodesk Fusion,All Levels,9 hours,4.4,25,221,"Rp149,000",12/2025,1,0,4,https://www.udemy.com/course/rigging-101-for-game-characters-maya-20203/
Learning Autodesk Revit Structure 2016,877168,Infinite Skills,"Revit, Architectural Design, Design",Autodesk Fusion,All Levels,10 hours,4.3,415,1668,"Rp149,000",1/2017,1,0,1,https://www.udemy.com/course/learning-autodesk-revit-structure-2016/
Character Rigging Crash Course In Autodesk Maya,5213266,Shubham Bhardwaj,"3D Rigging, Autodesk Maya, 3D & Animation, Design",Autodesk Fusion,Intermediate,5 hours,4.7,27,124,"Rp149,000",6/2025,0,0,14,https://www.udemy.com/course/character-rigging-crash-course-in-maya-for-intermediate-user/
Animate a professional looking jump in Autodesk Maya,3668964,Amedeo Beretta,"3D Animation, Autodesk Maya, 3D & Animation, Design",Autodesk Fusion,Intermediate,4.5 hours,4.7,69,428,"Rp149,000",4/2021,0,0,4,https://www.udemy.com/course/animate-a-professional-looking-jump-in-autodesk-maya/
BIM Autodesk Revit Rebar Modeling Dynamo Player Data Shapes,1329894,Enrique Galicia,"Revit, Building Information Modeling (BIM), Dynamo BIM, Other IT & Software, IT & Software",Autodesk Fusion,Intermediate,3 hours,4.2,82,574,"Rp149,000",8/2020,0,0,5,https://www.udemy.com/course/bimrebdyn/
Maya Rigging Guide for Your Characters,4608904,Maya Rigging School,"Autodesk Maya, 3D & Animation, Design",Autodesk Fusion,Beginner,2 hours,5.0,12,38,"Rp149,000",7/2022,0,0,2,https://www.udemy.com/course/maya-rigging-guide-for-your-characters/
Express 4d Simulation on Autodesk Revit Models with Dynamo,2851846,Enrique Galicia,"Revit, Navisworks, Autodesk, Dynamo BIM, 3D & Animation",Autodesk Fusion,Intermediate,2 hours,4.6,27,168,"Rp149,000",3/2023,1,0,1,https://www.udemy.com/course/xprs4dsim/
3d rendering- autodesk 3dsmax and vray- for beginners,6656165,Navid Abbas Zadeh,"3D Rendering, Interior Design, 3D Modeling, Autodesk 3ds Max, Architectural Design",Autodesk Fusion,Beginner,2.5 hours,4.6,7,139,"Rp149,000",6/2025,0,0,15,https://www.udemy.com/course/3d-rendering-autodesk-3dsmax-and-vray-for-beginners/
advanced Disintegration Effect inside Maya,550120,Nacer Tag,"Autodesk Maya, 3D & Animation, Design",Autodesk Fusion,All Levels,2.5 hours,4.8,7,120,"Rp149,000",7/2015,0,0,0,https://www.udemy.com/course/advanced-disintegration-effect-inside-maya/
Autodesk Revit From Beginner to Professional,2000976,C. Thi Team,"Revit, Architectural Design, 3D Modeling, Structural Design, Design Tools",Autodesk Fusion,Beginner,29.5 hours,4.3,193,847,"Rp149,000",1/2024,0,0,6,https://www.udemy.com/course/autodesk-revit-2019-from-beginner-to-professional/
Master Maya - A Guide to 3D Modeling With Maya,227786,Infinite Skills,"Autodesk Maya, 3D Animation, Financial Modeling, 3D Modeling, 3D & Animation",Autodesk Fusion,All Levels,12.5 hours,3.9,76,1404,"Rp149,000",1/2017,1,0,1,https://www.udemy.com/course/maya-a-guide-to-3d-modeling/
Creating a Game Character in Maya and Unity,597518,David Newton,"Unity, Autodesk Maya, 3D & Animation, Design",Autodesk Fusion,All Levels,19 hours,4.0,28,446,"Rp149,000",3/2017,0,0,5,https://www.udemy.com/course/creating-a-games-character-maya-unity/
3D Architecture with Maya and 3Ds Max,4736952,EDUCBA Bridging the Gap,"Architectural Design, Autodesk 3ds Max, Autodesk Maya, Design",Autodesk Fusion,All Levels,13.5 hours,4.4,37,18658,"Rp149,000",6/2022,0,0,0,https://www.udemy.com/course/3d-architecture-with-maya-and-3ds-max/
Multi-Axis CNC Programming with Solicam Practical Project,5067504,TechSchool Institute,"SolidCAM, Good Manufacturing Practice (GMP), Manufacturing, Engineering, Teaching & Academics",Autodesk Fusion,All Levels,6 hours,3.7,4,19,"Rp149,000",2/2026,3,0,21,https://www.udemy.com/course/multi-axis-cnc-programming-with-solidcam/
Full Course of MAYA with Experienced 21 years expert Faculty,4413488,Mukesh Kulshrestha,"Autodesk Maya, 3D & Animation, Design",Autodesk Fusion,Beginner,8 hours,3.5,1,6,"Rp149,000",12/2021,0,0,33,https://www.udemy.com/course/full-course-of-maya-with-experienced-21-years-expert-faculty/
BIM Autodesk Revit Dynamo Player for Fast Modeling,1329914,Enrique Galicia,"Revit, Other IT & Software, IT & Software",Autodesk Fusion,Beginner,1.5 hours,3.8,50,414,"Rp149,000",8/2020,1,0,2,https://www.udemy.com/course/brevdpv1/
Mastercam - 3 Axis CNC Programming Guide,3214141,CAM MENTOR,"Mastercam, Computer Numerical Control (CNC), Design Tools, Design",Autodesk Fusion,Beginner,1.5 hours,4.2,39,1013,"Rp149,000",6/2020,0,0,1,https://www.udemy.com/course/mastercam/
3D Motion Capture Looping Animation in Autodesk Maya,3898440,Lucas Ridley,"3D Animation, Animation, Autodesk Maya, Digital Art, 3D & Animation",Autodesk Fusion,Intermediate,4 hours,4.7,27,234,"Rp149,000",11/2023,1,0,1,https://www.udemy.com/course/create-a-sci-fi-3d-animation-loop-in-autodesk-maya/
Autodesk AutoCAD Civil 3D: For Engineers and Designers,2684328,CADCIM Technologies,"AutoCAD Civil 3D, Design Tools, Design",Autodesk Fusion,Intermediate,8 hours,3.6,326,27312,"Rp149,000",12/2019,0,0,35,https://www.udemy.com/course/autocadcivil3d2019/
BIM Autodesk Revit Modeling From Zero with Dynamo 2.1,2454598,Enrique Galicia,"Revit, Dynamo BIM, Other IT & Software, IT & Software",Autodesk Fusion,Beginner,2.5 hours,4.1,104,463,"Rp149,000",3/2023,1,0,2,https://www.udemy.com/course/bimrevdyn/
Mastering LaserCut 5.3 and Laser cutting machine,1095940,Murad Gulaliyev,"Laser Cutting, Product Manufacturing, Engineering, Teaching & Academics",Autodesk Fusion,Beginner,1 hour,4.3,6,60,"Rp149,000",8/2017,0,0,0,https://www.udemy.com/course/lasercut/
"Davinci Resolve 15: FUSION, Robust VFX for FREE",1919762,Film Pro,"DaVinci Resolve, VFX Visual Effects, Video Design, Photography & Video",Autodesk Fusion,All Levels,2.5 hours,4.0,137,733,"Rp149,000",9/2018,0,0,0,https://www.udemy.com/course/davinci-resolve-15-fusion/
Master Autodesk Maya - Course for Beginners,5583798,Dr. Zeeshan Bhatti,"Autodesk Maya, Autodesk, 3D Animation, 3D Modeling, IT Certifications",Autodesk Fusion,Beginner,8 hours,5.0,2,328,"Rp149,000",9/2025,0,0,3,https://www.udemy.com/course/master-maya-ui-in-1-hour/
Autodesk Revit Structure 2021 - Beginner to Intermediate,3486080,AIPAL Academy,"Revit, Building Information Modeling (BIM), Structural Engineering, Structural Design, Architectural Design",Autodesk Fusion,Beginner,7 hours,4.5,75,322,"Rp149,000",9/2020,1,0,1,https://www.udemy.com/course/autodesk-revit-structure/
Intro to Maya 3D Animation for Beginners,3178476,David Bittorf,"Autodesk Maya, 3D Animation, 3D Modeling, 3D Texturing, 3D & Animation",Autodesk Fusion,Beginner,16.5 hours,4.7,97,532,"Rp149,000",7/2020,0,0,8,https://www.udemy.com/course/autodesk-maya-for-beginners-complete-course/
Learn to Rig a Complex Quadruped in Maya for Games and Film,881788,3dmotive LLC,"Autodesk Maya, 3D Animation, Animation, 3D Rigging, 3D & Animation",Autodesk Fusion,Intermediate,6.5 hours,3.9,72,697,"Rp149,000",4/2017,2,0,4,https://www.udemy.com/course/3dmotive-learn-to-rig-a-complex-quadruped-in-maya/
BIM 4D using AutoDesk NavisWork - AulaGEO,3150758,"AulaGEO Academy, Felix Enzo Garofalo Lanzuisi","Navisworks, Building Information Modeling (BIM), Construction, Autodesk, Engineering",Autodesk Fusion,All Levels,5 hours,4.4,36,196,"Rp149,000",8/2024,0,0,27,https://www.udemy.com/course/bim-4d-using-autodesk-naviswork/
BIM Modeling Architecture LOD 300-350 Autodesk Revit,1321252,Enrique Galicia,"Building Information Modeling (BIM), Other IT & Software, IT & Software",Autodesk Fusion,Intermediate,2 hours,3.6,53,322,"Rp149,000",8/2020,0,0,0,https://www.udemy.com/course/bimar300/
Maya 3D Modelling and Rendering Iconic Designs - Extended,948208,UK Online Training Centre,"3D Modeling, 3D Animation, 3D Rendering, Autodesk Maya, 3D & Animation",Autodesk Fusion,All Levels,7 hours,4.3,14,108,"Rp149,000",3/2017,0,0,2,https://www.udemy.com/course/maya-3d-modelling-and-rendering-iconic-designs-extended/
Autodesk Revit Families Shape Shifting Creation with Dynamo,3338354,Enrique Galicia,"Revit, Other IT & Software, IT & Software",Autodesk Fusion,Intermediate,2 hours,4.5,33,141,"Rp149,000",3/2023,1,0,2,https://www.udemy.com/course/rssfamdyn/
Creating and animating a Caveman Scene in Maya,6751347,Omar Kareem Ahmed,"3D Animation, Character Rigging, 3D Texturing, 3D Modeling, 3D & Animation",Autodesk Fusion,All Levels,12 hours,4.5,9,1066,"Rp159,000",8/2025,0,0,2,https://www.udemy.com/course/creating-and-animating-a-caveman-scene-in-maya/
CorelDraw Training with 16 SAMPLE PRODUCT for Laser Cutting.,2221838,Mr. Graphizm,"CorelDRAW, Graphic Design & Illustration, Design",Autodesk Fusion,All Levels,1.5 hours,3.8,33,5187,"Rp149,000",4/2020,0,0,0,https://www.udemy.com/course/coreldraw-training-with-sample-products-for-laser-cutting/
Rigging 101 For Games | Maya 2020,3618078,Digital Art HQ School,"3D Rigging, Character Rigging, Game Design, Design",Autodesk Fusion,Intermediate,14 hours,4.6,94,9189,"Rp149,000",1/2021,0,0,1,https://www.udemy.com/course/rigging-basics-for-games-maya-2020/
CNC Technology Practice Test,3710538,Samanwita Bagg,"Computer Numerical Control (CNC), Test Prep, Teaching & Academics",Autodesk Fusion,All Levels,N/A,4.5,1,12,"Rp149,000",12/2020,0,0,0,https://www.udemy.com/course/cnc-technology-practice-test/
Model a Stylized Aircraft in Maya 2018,1567006,Rodney S. Allen,"Autodesk Maya, 3D Modeling, Hard Surface Modeling, 3D & Animation, Design",Autodesk Fusion,Beginner,8.5 hours,4.5,34,183,"Rp149,000",6/2018,0,0,25,https://www.udemy.com/course/model-a-stylized-aircraft-in-maya-2018/
BIM Modeling Structure LOD 300-350 Autodesk Revit and Dynamo,1123740,Enrique Galicia,"Dynamo BIM, Building Information Modeling (BIM), Structural Design, Other IT & Software, IT & Software",Autodesk Fusion,Intermediate,3 hours,3.9,93,689,"Rp149,000",8/2020,1,0,10,https://www.udemy.com/course/bstr_dyn/
Mastercam 2021 CNC Lathe 2X beginner Level Course - 1,3635872,Manoj Vishwakarma,"Mastercam, Computer Numerical Control (CNC), Design Tools, Design",Autodesk Fusion,Beginner,2 hours,3.8,25,1116,"Rp149,000",12/2021,0,0,0,https://www.udemy.com/course/mastercam-2021-cnc-lathe-2x-expert-level-course/
Fiber Laser Training Set Ezcad,3977560,Bedirhan KABAHOR,"Structural Engineering, Design Tools, Design",Autodesk Fusion,Expert,1.5 hours,3.1,24,104,"Rp1,799,000",4/2021,0,0,0,https://www.udemy.com/course/fiber-laser-tranining-set/
How to model a base mesh in Maya,2867848,David Bittorf,"Character Modeling, 3D Modeling, Autodesk Maya, 3D & Animation, Design",Autodesk Fusion,Beginner,1.5 hours,3.9,15,96,"Rp149,000",3/2020,0,0,12,https://www.udemy.com/course/mayacharacterstart/
Learn Creature Animation with Maya for Games and Film,208390,3dmotive LLC,"Autodesk Maya, Animation, Game Development Fundamentals, Creature Mechanics, 3D & Animation",Autodesk Fusion,Intermediate,1 hour,4.2,30,330,"Rp149,000",4/2017,0,0,1,https://www.udemy.com/course/3dmotive-learn-creature-animation-with-maya/
Particles in Maya -1,2347122,Tauraus CG,"Autodesk Maya, 3D & Animation, Design",Autodesk Fusion,Beginner,3 hours,4.2,11,90,"Rp149,000",5/2023,0,0,2,https://www.udemy.com/course/particles-in-maya-1/
CNC lathe machine programing,4683478,muhammed adel,"Computer Numerical Control (CNC), Other IT & Software, IT & Software",Autodesk Fusion,Beginner,2.5 hours,1.8,6,15,"Rp149,000",6/2022,0,0,4,https://www.udemy.com/course/learn-cnc-turning-machine-programing/
PIC16F877A: Laser-Based Object Counter & Security System.,6670403,Learning Microcontrollers,"Microcontroller, Engineering, Teaching & Academics",Autodesk Fusion,Beginner,2.5 hours,4.6,N/A,1,"Rp159,000",6/2025,0,0,1,https://www.udemy.com/course/pic16f877a-laser-based-object-counter-security-system/
CNC Technology Practice Test-II,6433777,Samanwita Bagg,"Computer Numerical Control (CNC), Test Prep, Teaching & Academics",Autodesk Fusion,All Levels,N/A,N/A,N/A,N/A,"Rp149,000",2/2025,0,0,0,https://www.udemy.com/course/cnc-technology-practice-test-ii/
Mastercam CAD CAM and CNC 2 Axis Milling,5621956,TechSchool Institute,"Mastercam, Computer Numerical Control (CNC), Engineering, Teaching & Academics",Autodesk Fusion,All Levels,2 hours,4.3,N/A,5,"Rp149,000",2/2026,1,0,7,https://www.udemy.com/course/mastercam-cnc-milling/
Design and Simulate Arduino Boards and Test Your Code,1142026,"Educational Engineering Team, Educational Engineering, Ashraf Said AlMadhoun","Arduino, Hardware, IT & Software",Autodesk Fusion,All Levels,1 hour,3.9,77,14165,"Rp149,000",2/2026,23,0,0,https://www.udemy.com/course/simulate-arduino-boards-and-start-testing-your-codes-freely/
Maya Practical - 3D Animal and Character Modeling Mastery,6048937,EDUCBA Bridging the Gap,"Autodesk Maya, Design Tools, Design",Autodesk Fusion,All Levels,6 hours,4.6,7,1077,"Rp149,000",7/2024,0,0,0,https://www.udemy.com/course/maya-practical-3d-animal-and-character-modeling-mastery/
How To Rig A Character In Maya Autodesk,5374042,Dennis Jensen,"Autodesk Maya, 3D & Animation, Design",Autodesk Fusion,Beginner,2 hours,5.0,1,9,"Rp279,000",1/2024,0,0,2,https://www.udemy.com/course/how-to-rig-a-character-in-maya-autodesk/
BIM Dynamo Analysis Autodesk Revit,1269392,Enrique Galicia,"Revit, Building Information Modeling (BIM), Dynamo BIM, Other IT & Software, IT & Software",Autodesk Fusion,Intermediate,1.5 hours,3.6,48,554,"Rp149,000",8/2020,2,0,1,https://www.udemy.com/course/dynamo-analysis/
Maya 3D Modeling SAUCE,4420598,Mitchell Nickerson,"3D Modeling, 3D & Animation, Design",Autodesk Fusion,Beginner,2.5 hours,4.7,8,51,"Rp149,000",1/2022,0,0,0,https://www.udemy.com/course/maya-3d-modeling-sauce/
Intermediate Animation in Autodesk Maya,3831034,Digital Art HQ School,"Character Animation, 3D Animation, Animation, Autodesk Maya, Game Design",Autodesk Fusion,Intermediate,13 hours,4.1,47,12289,"Rp149,000",2/2021,0,0,2,https://www.udemy.com/course/intermediate-animation-in-autodesk-maya/
Hard Surface 3d Vehicle Modeling in Maya for Games,208392,3dmotive LLC,"Autodesk Maya, 3D Modeling, Design Tools, Design",Autodesk Fusion,Intermediate,8.5 hours,4.4,40,485,"Rp447,000.00",4/2017,1,0,5,https://www.udemy.com/course/3dmotive-hard-surface-vehicle-modeling-in-maya/
360 Videos: The Complete Guide to Creating 360 Video,1353556,"Greg Hung, Kealyn Spies, Al Caudullo","360 Video, Videography, Other Photography & Video, Photography & Video",Autodesk Fusion,Beginner,2 hours,4.1,22,688,"Rp149,000",1/2019,0,0,0,https://www.udemy.com/course/learn360videos/
Learn Autodesk Autocad 2D & 3D from Basic to Professional,1440024,Er.Nikhil Raj,"AutoCAD, 3D Modeling, Architectural Design, Design",Autodesk Fusion,All Levels,8.5 hours,4.3,15,96,"Rp249,000",11/2017,0,0,4,https://www.udemy.com/course/autocad-training-2d-3d/
AutoCAD 2014 - 2D Fundamentals,58637,Brian Benjamin,"AutoCAD, Design Tools, Design",Autodesk Fusion,Beginner,6 hours,4.2,47,719,"Rp149,000",9/2013,5,0,5,https://www.udemy.com/course/autocad-2d-fundamentals/
Beginner’s Guide to Autodesk 3ds Max - AulaGEO,3821580,AulaGEO Academy,"Autodesk 3ds Max, 3D Modeling, 3D & Animation, Design",Autodesk Fusion,All Levels,5 hours,3.6,2,9,"Rp149,000",2/2025,0,0,6,https://www.udemy.com/course/learn-autodesk-3ds-max/
Autodesk Revit 2024: Architecture Fundamentals for BIM,5806122,Noble Quantity Surveyors,"Revit, Building Information Modeling (BIM), Architectural Design, Design",Autodesk Fusion,All Levels,8 hours,4.5,2,105,"Rp249,000",2/2024,0,0,1,https://www.udemy.com/course/autodesk-revit-2024-architecture-fundamentals-for-bim/
BIM Mastering Generative Design - AulaGEO,5127574,"AulaGEO Academy, Felix Enzo Garofalo Lanzuisi","Revit, Structural Engineering, Building Information Modeling (BIM), Architectural Design, Structural Design",Autodesk Fusion,All Levels,6 hours,2.8,9,27,"Rp149,000",2/2025,0,0,9,https://www.udemy.com/course/bim-generative-design-with-revit/
Learning Autodesk Revit MEP 2016,873688,Infinite Skills,"Revit, Other Design, Design",Autodesk Fusion,All Levels,11.5 hours,4.5,1130,4221,"Rp149,000",1/2017,1,0,1,https://www.udemy.com/course/learning-autodesk-revit-mep-2016/
The Complete Autodesk Navisworks 2023 Course | BIM,3801940,"Thiago Oliveira, Bim Academy","Navisworks, Other IT & Software, IT & Software",Autodesk Fusion,All Levels,3 hours,4.4,32,118,"Rp149,000",2/2023,0,0,1,https://www.udemy.com/course/navisworks-2021-the-complete-course/
Create a complete 3D Animation -C1- Character modeling,4345268,ALAOUCHICHE Abdelhamid,"Character Modeling, Digital Character Sculpting, 3D & Animation, Design",Autodesk Fusion,Intermediate,3.5 hours,2.5,2,9,"Rp149,000",10/2021,0,0,0,https://www.udemy.com/course/bittersweet-pumpkin-chapter-01-character-modeling/
Quantity Takeoffs from Autodesk Revit,2080804,Enrique Galicia,"Building Information Modeling (BIM), Other IT & Software, IT & Software",Autodesk Fusion,Beginner,3 hours,4.0,99,497,"Rp149,000",8/2020,3,0,1,https://www.udemy.com/course/qtosrvt18/
3D ANIMATION: WALK and RUN CYCLE,718058,John Aurthur Mercader,"3D Animation, Animation, 3D & Animation, Design",Autodesk Fusion,Beginner,1.5 hours,4.2,66,970,"Rp149,000",1/2016,1,0,0,https://www.udemy.com/course/3dwalkandrun/
Rigging for characters in Autodesk Maya,1581310,Rey3D .com,"3D Rigging, 3D & Animation, Design",Autodesk Fusion,Intermediate,8.5 hours,4.2,183,1106,"Rp149,000",11/2018,0,0,0,https://www.udemy.com/course/rigging-for-characters-in-autodesk-maya/
Maya For Beginning Animators,3295858,Paul McGrade,"3D Animation, Autodesk Maya, 3D & Animation, Design",Autodesk Fusion,Beginner,1.5 hours,4.5,17,112,"Rp149,000",7/2020,0,0,0,https://www.udemy.com/course/maya-for-beginning-animators/
Creating Adaptive Families with Dynamo and Autodesk Revit,3370072,Enrique Galicia,"Dynamo BIM, IT Certifications, IT & Software",Autodesk Fusion,Beginner,2.5 hours,4.3,58,371,"Rp149,000",3/2023,1,0,3,https://www.udemy.com/course/afwdynrev/
Develop Desktop / Mobile Quiz Game in Clickteam Fusion 2.5,1608882,Danny James,"Mobile Game Development, Game Design, Game Development Fundamentals, Clickteam, Game Development",Autodesk Fusion,All Levels,4 hours,4.7,6,75,"Rp299,000",3/2018,0,0,2,https://www.udemy.com/course/quiz-game-app-clickteam-fusion/
Autodesk Revit Architecture BIM Training,570058,Elisabetta Cenci,"Revit, Building Information Modeling (BIM), Architectural Design, Design",Autodesk Fusion,All Levels,3.5 hours,4.2,130,644,"Rp149,000",12/2015,0,0,0,https://www.udemy.com/course/autodesk-revit-architecture-bim-training/
"Create a Stylized 3D Fishbowl –Modeling, Shading & Rendering",6756699,Eric Giessmann,"3D Rendering, 3D Environment Modeling, Autodesk Maya, 3D & Animation, Design",Autodesk Fusion,Intermediate,1 hour,5.0,N/A,3,"Rp149,000",8/2025,0,0,1,https://www.udemy.com/course/fishbowl/
The Complete Beginner's Guide to Maya for Games,82552,3dmotive LLC,"Autodesk Maya, 3D Modeling, Game Art, UV Mapping, Design Tools",Autodesk Fusion,Beginner,8 hours,4.4,40,751,"Rp149,000",9/2016,1,0,5,https://www.udemy.com/course/3dmotive-the-complete-beginners-guide-to-maya-for-games/
Maya & Unreal 3D Character Kpop Dance Animation Fundamentals,2541744,Class Creatives,"Character Animation, 3D Animation, Unreal Engine, VFX Visual Effects, Game Development",Autodesk Fusion,Intermediate,9 hours,4.4,11,229,"Rp149,000",11/2025,1,0,6,https://www.udemy.com/course/maya-unreal-3d-character-kpop-dance-animation-fundamentals/
Maya Particles Course: Dynamic Particles and Motion Graphic,488776,Scott Turner,"Autodesk Maya, Graphic Design, Motion Graphics, 3D & Animation, Design",Autodesk Fusion,Intermediate,4.5 hours,4.4,41,453,"Rp149,000",7/2017,0,0,0,https://www.udemy.com/course/mayaparticles/
Learn to Master UV Unwrapping in Maya,371880,3dmotive LLC,"Autodesk Maya, Game Texturing, UV Mapping, 3D & Animation, Design",Autodesk Fusion,Beginner,1.5 hours,4.1,62,450,"Rp149,000",9/2016,1,0,1,https://www.udemy.com/course/3dmotive-learn-to-master-uv-unwrapping-in-maya/
Create Professional 3D Models from Scratch in Maya,1150212,Alex Zaragoza,"Autodesk Maya, 3D Animation, 3D Modeling, 3D & Animation, Design",Autodesk Fusion,Beginner,6.5 hours,4.3,185,2613,"Rp149,000",8/2018,0,0,2,https://www.udemy.com/course/create-professional-3d-models-from-scratch-in-maya/
Learning Autodesk® Revit® Architecture 2013,60111,John Wiley & Sons,"Revit, Design Tools, Design",Autodesk Fusion,Beginner,8.5 hours,4.5,96,835,"Rp149,000",6/2013,0,0,19,https://www.udemy.com/course/learning-revit-architecture-2013/
Autodesk Revit Architecture 2018,1529808,John Smith III,"Autodesk, Revit, Architectural Design, Design",Autodesk Fusion,All Levels,6 hours,4.3,196,5006,"Rp149,000",2/2018,0,0,0,https://www.udemy.com/course/autodesk-revit-architecture-2018/
The Complete Maya Course: Learn 3D Modeling With Examples,1593350,Animation Hacks,"3D Modeling, UV Mapping, 3D Texturing, Autodesk Maya, 3D & Animation",Autodesk Fusion,All Levels,3 hours,4.4,65,1514,"Rp149,000",9/2020,1,0,1,https://www.udemy.com/course/asset-modeling-for-production/
Maya UV Unwrapping a Digital Dinosaur in 2 hours,27511,Isaac Yap,"Autodesk Maya, Dinosaur, Design Tools, Design",Autodesk Fusion,All Levels,2.5 hours,4.4,8,1674,"Rp149,000",7/2013,1,0,3,https://www.udemy.com/course/maya-uv-unwrapping-a-digital-dinosaur-in-2-hours/
Fundamentals of Mechanisms,3930444,GANESH RAYJADE,"Mechanics, Engineering, Teaching & Academics",Autodesk Fusion,Beginner,43 mins,4.0,22,390,"Rp447,000.00",4/2021,0,0,0,https://www.udemy.com/course/fundamentals-of-mechanisms/
"Maya Architecture, Design and Civilization",2157288,Federico von Borstel,"Architectural History, Humanities, Teaching & Academics",Autodesk Fusion,All Levels,2.5 hours,4.5,14,71,"Rp149,000",9/2023,0,0,0,https://www.udemy.com/course/maya-architecture-design-and-civilization/
The Short Course on Goal Crushing,5715182,Serita Wise-Suggs,"Goal Achievement, Goal Setting, Personal Productivity, Personal Development",Autodesk Fusion,All Levels,30 mins,4.5,N/A,N/A,"Rp349,000",8/2025,7,0,0,https://www.udemy.com/course/the-short-course-on-goal-crushing/
Exploring Autodesk Revit for Structure: BIM Tutorials,6142797,CADCIM Technologies,"Building Information Modeling (BIM), Revit, Design Tools, Design",Autodesk Fusion,Beginner,3 hours,4.3,78,7430,"Rp149,000",8/2024,10,0,0,https://www.udemy.com/course/exploring-autodesk-revit-for-structure-bim-tutorials/
Corrective Deformations in Maya 2018,1807714,Eric Kunzendorf,"Autodesk Maya, 3D Rigging, 3D & Animation, Design",Autodesk Fusion,Intermediate,1.5 hours,4.5,13,83,"Rp149,000",7/2018,0,0,1,https://www.udemy.com/course/corrective-deformations-in-maya-2018/
Introduction to High Poly Modeling for Games in 3ds Max,83768,3dmotive LLC,"Autodesk 3ds Max, 3D Sculpting, 3D Game Development, 3D Modeling, Game Development",Autodesk Fusion,Beginner,1.5 hours,4.2,29,302,"Rp149,000",9/2016,1,0,1,https://www.udemy.com/course/3dmotive-introduction-to-high-poly-modeling-for-games-in-3ds-max/
BIM Blueprints from Autodesk Revit,735618,Enrique Galicia,"Building Information Modeling (BIM), Other IT & Software, IT & Software",Autodesk Fusion,Intermediate,1.5 hours,4.0,77,396,"Rp149,000",8/2020,1,0,2,https://www.udemy.com/course/bim-blueprints/
An Introduction to Scripting in Maya,662762,3dmotive LLC,"Autodesk Maya, Game Development Fundamentals, 3D & Animation, Design",Autodesk Fusion,Beginner,2 hours,4.0,57,425,"Rp149,000",9/2016,2,0,1,https://www.udemy.com/course/3dmotive-an-introduction-to-scripting-in-maya/
Course Maya and Vray: Complete Electronic Model.,1579574,"Luiz Henrique ""CG Cursos"", Andre Salles","Autodesk Maya, V-Ray, 3D & Animation, Design",Autodesk Fusion,Intermediate,5.5 hours,4.5,59,272,"Rp149,000",5/2018,1,0,1,https://www.udemy.com/course/course-maya-and-vray-complete-electronic-model/
Maya & Unreal: 3D Character Animation Jump Flip Fundamentals,2495098,Class Creatives,"Character Animation, 3D Animation, 3D Rigging, Unreal Engine, Game Development",Autodesk Fusion,Intermediate,3 hours,3.9,10,144,"Rp149,000",11/2025,1,0,5,https://www.udemy.com/course/maya-unreal-3d-character-animation-jump-flip-fundamentals/
Creating Generating Numbers for Autodesk Revit with Dynamo,3238901,Enrique Galicia,"Dynamo BIM, IT Certifications, IT & Software",Autodesk Fusion,Beginner,2.5 hours,4.6,7,102,"Rp149,000",3/2023,1,0,1,https://www.udemy.com/course/cgnr20d2/
BIM Autodesk Revit Models Tracking and Site Control,1895056,Enrique Galicia,"Revit, Building Information Modeling (BIM), Dynamo BIM, Other IT & Software, IT & Software",Autodesk Fusion,Intermediate,1.5 hours,4.0,50,476,"Rp149,000",12/2021,1,0,3,https://www.udemy.com/course/bimtrack/
Autodesk Navisworks BIM Platform Software for Construction,3370210,Enrique Galicia,"Navisworks, Architectural Design, Design",Autodesk Fusion,Beginner,4 hours,4.1,73,313,"Rp149,000",3/2023,2,0,2,https://www.udemy.com/course/nwfconstruction/
BIM Development of a BEP for Autodesk Revit,1329920,Enrique Galicia,"Building Information Modeling (BIM), Other IT & Software, IT & Software",Autodesk Fusion,Intermediate,1 hour,4.1,117,428,"Rp149,000",8/2020,0,0,0,https://www.udemy.com/course/bimbepdev/
Maya Rigging for Beginners- Part 1 (5 hours),1034780,Daniel López de Medrano,"Autodesk Maya, 3D & Animation, Design",Autodesk Fusion,Beginner,5.5 hours,4.5,40,1560,"Rp149,000",1/2019,1,0,0,https://www.udemy.com/course/rigging-in-maya-2016-for-beginners-part-1-3-hours/
ACES In Davinci Resolve 16,2332494,Film Pro,"DaVinci Resolve, Video Design, Photography & Video",Autodesk Fusion,All Levels,36 mins,4.1,47,148,"Rp149,000",8/2019,0,0,0,https://www.udemy.com/course/aces-in-davinci-resolve-16/
3D Architecture Visualization : Zero to Perfect Rendering,5238090,Animatics Studio,"3D Rendering, Architectural Design, Design",Autodesk Fusion,Intermediate,31 mins,3.1,6,14,"Rp149,000",3/2023,0,0,0,https://www.udemy.com/course/3d-architecture-visualization-zero-to-perfect-rendering/
Create GUI in Maya with MASH,4478550,Jonathon Parker,"Autodesk Maya, Nuke, 3D & Animation, Design",Autodesk Fusion,Intermediate,1.5 hours,4.8,4,1698,"Rp149,000",1/2022,0,0,3,https://www.udemy.com/course/create-gui-in-maya-with-mash/
Learn to Animate a Quadruped Run Cycle in Maya for Games,790744,3dmotive LLC,"Animation, 3D Rigging, 3D Animation, Autodesk Maya, 3D & Animation",Autodesk Fusion,Intermediate,2.5 hours,4.1,10,202,Free,4/2017,2,0,1,https://www.udemy.com/course/3dmotive-learn-to-animate-a-quadruped-run-cycle-in-maya/
Autodesk Navisworks 2021 (or earlier) - Clash Detection,3329536,AIPAL Academy,"Navisworks, Building Information Modeling (BIM), 3D & Animation, Design",Autodesk Fusion,Beginner,3 hours,4.3,10,51,"Rp149,000",7/2020,1,0,1,https://www.udemy.com/course/autodesk-navisworks-clash-detection/
Mudbox Painting a 3D Dinosaur in 2 hours,444394,Isaac Yap,"Painting, 3D Texturing, Dinosaur, Mudbox, 3D & Animation",Autodesk Fusion,All Levels,2 hours,3.5,3,37,"Rp447,000.00",3/2025,3,0,1,https://www.udemy.com/course/mudbox-painting-a-3d-dinosaur/
Learn Maya 2017 for Game Development,1181312,3dmotive LLC,"Autodesk Maya, 3D Modeling, Game Art, Game Development Fundamentals, 3D & Animation",Autodesk Fusion,Beginner,6 hours,4.3,58,526,"Rp149,000",4/2017,2,0,4,https://www.udemy.com/course/3dmotive-learn-maya-2017-for-game-development/
Model a Low Polygon Character in Autodesk Maya 2018,1477772,Eric Kunzendorf,"Autodesk, 3D & Animation, Design",Autodesk Fusion,Intermediate,3 hours,4.6,73,276,"Rp149,000",12/2017,0,0,1,https://www.udemy.com/course/model-a-low-polygon-character-in-autodesk-maya-2018/
Maya 2017 Quickstart - Create a Low poly scene for Beginners,1138770,Bhaumik Patel,"Autodesk Maya, 3D & Animation, Design",Autodesk Fusion,Beginner,2 hours,4.5,309,2634,"Rp149,000",3/2017,0,0,0,https://www.udemy.com/course/maya-quickstart/
BIM Autodesk Revit Information Managment with Dynamo,3238905,Enrique Galicia,"Dynamo BIM, IT Certifications, IT & Software",Autodesk Fusion,Beginner,2.5 hours,4.1,24,110,"Rp149,000",3/2023,1,0,2,https://www.udemy.com/course/brimwdyn/
The Complete Bipedal Rigging for Games in Maya Course,83440,3dmotive LLC,"3D Rigging, 3D Animation, Animation, Autodesk Maya, Design Tools",Autodesk Fusion,All Levels,6 hours,4.6,256,1939,"Rp149,000",4/2017,2,0,4,https://www.udemy.com/course/3dmotive-the-complete-bipedal-rigging-in-maya-course/
The walk cycle animation,3083968,Omar Qandeel,"3D Animation, Animation, Autodesk Maya, 3D & Animation, Design",Autodesk Fusion,Beginner,1.5 hours,5.0,2,20,"Rp159,000",5/2020,0,0,0,https://www.udemy.com/course/the-walk-cycle-animation/
Learn Maya 2018: Modeling a Motorcycle Cartoon.,1487900,"Luiz Henrique ""CG Cursos"", Andre Salles","Autodesk Maya, 3D & Animation, Design",Autodesk Fusion,Intermediate,2.5 hours,4.5,43,415,"Rp149,000",1/2018,1,0,1,https://www.udemy.com/course/learn-maya-2018-modelling-a-motorcycle-cartoon/
"BIM 4D Simulations Autodesk Revit, Dynamo, Navisworks & Max",735580,Enrique Galicia,"Dynamo BIM, Revit, Navisworks, Building Information Modeling (BIM), Other IT & Software",Autodesk Fusion,Intermediate,3 hours,4.2,183,1331,"Rp149,000",11/2024,1,0,10,https://www.udemy.com/course/simulate/
Creating a Cartoon Octopus Monster in Maya 2020,3637750,Digital Saucer Studios,"3D Lighting, 3D Texturing, 3D Modeling, 3D Rendering, 3D & Animation",Autodesk Fusion,Beginner,4 hours,4.4,20,9500,"Rp149,000",11/2020,0,0,2,https://www.udemy.com/course/creating-a-cartoon-octopus-monster-in-maya-2020/
Blender to Maya: A practical guide to transfer your skills,1269308,Bradley Wascher,"Autodesk Maya, Blender, 3D & Animation, Design",Autodesk Fusion,All Levels,1.5 hours,4.4,29,140,"Rp149,000",7/2017,0,0,0,https://www.udemy.com/course/blender-to-maya-a-practical-guide-to-transfer-your-skills/
Mandala Fusion: Learn to draw Beautiful Mandalas,4912136,Mayuri Dhanad,"Mandala, Drawing, Arts & Crafts, Lifestyle",Autodesk Fusion,All Levels,1.5 hours,5.0,1,5,"Rp149,000",10/2022,0,0,2,https://www.udemy.com/course/mandala-fusion-learn-to-draw-beautiful-mandalas/
Animation in Maya 101,3831016,Digital Art HQ School,"3D Animation, Animation, Autodesk Maya, Character Animation, 3D & Animation",Autodesk Fusion,Beginner,7.5 hours,4.7,12,119,"Rp149,000",2/2021,0,0,1,https://www.udemy.com/course/animation-in-maya-101/
How to build a simple Character Rig in Autodesk Maya?,23944,Isaac Yap,"Autodesk Maya, 3D Rigging, Design Tools, Design",Autodesk Fusion,Beginner,3.5 hours,4.4,18,6584,"Rp149,000",6/2015,1,0,1,https://www.udemy.com/course/how-to-setup-a-simple-rig-in-autodesk-maya/
Learn Maya 2018: Modeling a Cartoon Ship.,1507184,"Luiz Henrique ""CG Cursos"", John Biester","Autodesk Maya, 3D Modeling, 3D & Animation, Design",Autodesk Fusion,Intermediate,2 hours,4.3,43,366,"Rp149,000",1/2018,0,0,0,https://www.udemy.com/course/learn-maya-2018-modeling-a-cartoon-ship/
Hair and Paint FX with Maya for Beginners,815640,Zero Limit Channel,"Autodesk Maya, 3D & Animation, Design",Autodesk Fusion,Beginner,2 hours,4.9,8,1109,"Rp149,000",3/2017,0,0,1,https://www.udemy.com/course/nhair-and-paint-fx-bundle-with-maya-2016-for-beginners/
Roaller Coasters with Autodesk Revit and Dynamo,2975720,Enrique Galicia,"Dynamo BIM, IT Certifications, IT & Software",Autodesk Fusion,Intermediate,1 hour,4.3,16,62,"Rp149,000",3/2023,1,0,2,https://www.udemy.com/course/rcrvtdyn/
Introduction to Human IK In Maya for 3d Animation,630038,3dmotive LLC,"Autodesk Maya, 3D Animation, Animation, 3D & Animation, Design",Autodesk Fusion,Beginner,1 hour,4.4,18,149,"Rp149,000",4/2017,1,0,1,https://www.udemy.com/course/3dmotive-introduction-to-human-ik-in-maya/
Learn Character Animation for Games using Maya,147546,3dmotive LLC,"Autodesk Maya, Animation, 3D Animation, Character Animation, Game Design",Autodesk Fusion,Intermediate,4.5 hours,4.3,74,1096,"Rp149,000",9/2016,1,0,1,https://www.udemy.com/course/3dmotive-learn-character-animation-for-games-using-maya/
3D Modeling and Texturing Interior Office in Autodesk Maya,1141536,Andrew Rees,"Autodesk Maya, 3D Modeling, 3D Texturing, 3D Lighting, 3D & Animation",Autodesk Fusion,Intermediate,2.5 hours,4.3,188,11000,"Rp149,000",12/2018,0,0,1,https://www.udemy.com/course/3d-modeling-and-texturing-office-interior-in-maya/
Learn to Create Blendshapes in Maya for Animation in Games,711186,3dmotive LLC,"Autodesk Maya, 3D Animation, Animation, 3D & Animation, Design",Autodesk Fusion,Intermediate,1 hour,3.5,14,138,"Rp447,000.00",4/2017,2,0,1,https://www.udemy.com/course/3dmotive-learn-to-create-blendshapes-in-maya-for-animation/
Maya 2017 - Create Pixar cartoon scene using Arnold and Maya,1849302,Animation Hacks,"Autodesk Arnold, 3D Rendering, 3D Lighting, Autodesk Maya, 3D & Animation",Autodesk Fusion,Beginner,3 hours,4.1,65,441,"Rp149,000",9/2020,1,0,1,https://www.udemy.com/course/maya-2017-create-pixar-cartoon-scene-using-arnold-renderer/
Introduction to The Animation Workflow in Maya for Games,84814,3dmotive LLC,"Animation, 3D Animation, 3D Rigging, Autodesk Maya, Design Tools",Autodesk Fusion,Beginner,3.5 hours,4.5,64,1116,"Rp149,000",4/2017,1,0,1,https://www.udemy.com/course/3dmotive-the-animation-workflow-in-maya/
Dynamo Player on Autodesk Revit for Quantity Takeoff,2440686,Enrique Galicia,"Dynamo BIM, Revit, Other IT & Software, IT & Software",Autodesk Fusion,Intermediate,2 hours,4.3,57,413,"Rp149,000",8/2020,0,0,1,https://www.udemy.com/course/dprvtqto/
Introduction to Autodesk Maya 2016,983084,Andrew Rees,"Autodesk Maya, 3D & Animation, Design",Autodesk Fusion,Beginner,2 hours,4.6,551,14549,"Rp149,000",11/2016,0,0,5,https://www.udemy.com/course/introduction-to-autodesk-maya-2016/
Maya - Advanced Rendering with V-Ray,30718,Arvid Schneider,"V-Ray, Autodesk Maya, Design Tools, Design",Autodesk Fusion,All Levels,2.5 hours,4.2,46,397,"Rp149,000",7/2019,0,0,0,https://www.udemy.com/course/advanced/
Autodesk Revit MEP 2013,96704,VTC Software Training,"Revit, Design Tools, Design",Autodesk Fusion,All Levels,7 hours,3.6,8,29,"Rp349,000",9/2013,0,0,1,https://www.udemy.com/course/autodesk-revit-mep-2013-vtc/
Maya Rigging a Dinosaur in 4 hours,104542,Isaac Yap,"Autodesk Maya, 3D Rigging, Dinosaur, Design Tools, Design",Autodesk Fusion,All Levels,4 hours,4.1,17,1733,"Rp149,000",12/2016,1,0,2,https://www.udemy.com/course/maya-rigging-a-dinosaur/
3D Walk Cycle Animation using Autodesk Maya,4737996,Cristina Zoica Dumitru,"Autodesk, Autodesk Maya, 3D & Animation, Design",Autodesk Fusion,Intermediate,4 hours,4.8,9,33,"Rp149,000",10/2024,0,0,6,https://www.udemy.com/course/3d-walk-cycle-animation-using-autodesk-maya/
Learn to Model a Cartoon Snail in Maya LT,1095696,Alan Balodi,"Autodesk Maya, Game Design, Design",Autodesk Fusion,All Levels,4 hours,4.0,20,130,"Rp149,000",2/2017,1,0,1,https://www.udemy.com/course/learn-to-model-a-cartoon-snail-in-maya-lt/
Autodesk Maya 2023 NURBS Modelling Techniques,3345118,Sushil Kumar Lawaniya,"3D Modeling, 3D & Animation, Design",Autodesk Fusion,All Levels,3.5 hours,3.7,7,343,"Rp149,000",4/2023,0,0,18,https://www.udemy.com/course/autodesk-maya-20202-nurbs-modelling-techniques/
Learn the 12 Principles of Animation for Games in Maya,83654,3dmotive LLC,"Animation, 3D Animation, 3D Rigging, 3D & Animation, Design",Autodesk Fusion,All Levels,2.5 hours,4.6,75,1031,"Rp149,000",4/2017,1,0,3,https://www.udemy.com/course/3dmotive-the-12-principles-of-animation/
Rigging 101 for Video Games - Maya 2018,1386822,Alex Zaragoza,"Autodesk Maya, Character Rigging, 3D Animation, 3D Rigging, 3D & Animation",Autodesk Fusion,Intermediate,6.5 hours,4.4,543,3986,"Rp149,000",4/2018,0,0,10,https://www.udemy.com/course/rigging-101-for-videogames-maya-2018/
Character UV Mapping (Maya),3238935,David Bittorf,"UV Mapping, Character Design, Game Texturing, 3D Texturing, Game Design",Autodesk Fusion,Beginner,43 mins,4.7,29,925,"Rp149,000",6/2020,0,0,7,https://www.udemy.com/course/character-uv-mapping/
Autodesk Maya || Textures Baking,5177338,Animatics Studio,"Autodesk Maya, 3D Modeling, 3D & Animation, Design",Autodesk Fusion,All Levels,37 mins,4.6,5,20,"Rp149,000",3/2023,0,0,2,https://www.udemy.com/course/autodesk-maya-textures-baking/
Fast animation and rigging techniques using Maya 2017,875628,Bhaumik Patel,"Animation, Autodesk Maya, 3D Rigging, 3D & Animation, Design",Autodesk Fusion,All Levels,5 hours,4.7,391,3146,"Rp149,000",12/2017,0,0,2,https://www.udemy.com/course/fast-rig-maya/
3D Character Walk Cycle Animation with Maya for Beginners,528344,Nash Lin,"Autodesk Maya, 3D Animation, Animation, 3D & Animation, Design",Autodesk Fusion,All Levels,5.5 hours,3.3,23,906,"Rp149,000",8/2016,0,0,0,https://www.udemy.com/course/3d-character-walk-cycle-animation-with-maya-for-beginners/
3D Face Modeling for Beginners using Autodesk Maya,931598,Saptarshi Roy,"Autodesk Maya, 3D Animation, 3D & Animation, Design",Autodesk Fusion,Beginner,2.5 hours,4.1,29,168,"Rp149,000",9/2016,0,0,3,https://www.udemy.com/course/superhero-3d-face-modeling-for-beginners-using-autodesk-maya/
Autodesk Revit Structure 2020/2021,3274790,Saad W.S. Alkhalifa,"Structural Design, 3D Modeling, Concrete, Engineering, Teaching & Academics",Autodesk Fusion,All Levels,2 hours,4.0,29,140,"Rp149,000",9/2021,2,0,4,https://www.udemy.com/course/autodesk-revit-structure-2020/
Autodesk - An Introduction,6149529,Rhys Davies,"Architectural Design, Design",Autodesk Fusion,Beginner,1 hour,5.0,1,332,Free,9/2024,0,0,1,https://www.udemy.com/course/autodesk-an-introduction/
Maya Tips and Tricks in Minute,2126320,Dr. Zeeshan Bhatti,"Autodesk Maya, Autodesk, 3D & Animation, Design",Autodesk Fusion,Beginner,1.5 hours,4.1,48,4397,Free,10/2023,0,0,0,https://www.udemy.com/course/mayainminute/
CNC Programming with G Code for Beginners,86656,Brian Benjamin,"Computer Numerical Control (CNC), Web Development, Development",Autodesk Fusion,Beginner,1 hour,4.3,4507,83874,Free,9/2013,4,0,2,https://www.udemy.com/course/cnc-programming-for-beginners/
Plastic Gear & Mold Design using Autodesk Inventor,234388,3DTraining .com,"Autodesk Inventor, User Experience (UX) Design, Design Tools, Design",Autodesk Fusion,Beginner,1 hour,4.4,421,12259,Free,8/2014,0,0,1,https://www.udemy.com/course/inventor_3dtraining_quickstart/
Complete IK/FK Rigging Setup in Maya – Step-by-Step Guide,6870355,Jhankar Singh,"Other Teaching & Academics, Teaching & Academics",Autodesk Fusion,Beginner,1.5 hours,5.0,6,164,Free,10/2025,0,0,0,https://www.udemy.com/course/complete-ikfk-rigging-setup-in-maya-step-by-step-guide/
G Code & CNC Machining (Siemens NX CAM Introduction),4773434,Mohamed Gamal,"Manufacturing, Computer Numerical Control (CNC), Siemens NX, Design Tools, Design",Autodesk Fusion,Beginner,1.5 hours,4.3,62,2597,Free,10/2023,1,0,1,https://www.udemy.com/course/g-code-cnc-machining-overview-manufacturing-guide/
Mass Building using Autodesk Revit,234386,3DTraining .com,"Revit, Architectural Design, Design",Autodesk Fusion,Beginner,1 hour,4.5,1934,35737,Free,8/2014,0,0,1,https://www.udemy.com/course/revit_3dtraining_quickstart/
How To Create A 3D House In 3D Maya,6327923,Maya Rigging School,"Autodesk Maya, IT Certifications, IT & Software",Autodesk Fusion,Beginner,2 hours,5.0,N/A,245,Free,1/2025,0,0,0,https://www.udemy.com/course/how-to-create-a-3d-house-in-3d-maya/
Time Management - A Mindful Approach,4897590,FitWell Fusion,"Time Management, Efficiency, Personal Productivity, Personal Development",Autodesk Fusion,All Levels,1 hour,4.7,34,2615,Free,10/2022,0,0,9,https://www.udemy.com/course/conscious-time-management/
Modeling Executive Details in Autodesk Revit,5957104,Ghasem Ariyani • BIM Manager,"Building Information Modeling (BIM), Architectural Design, Design",Autodesk Fusion,All Levels,1.5 hours,4.8,22,2078,Free,10/2025,1,0,0,https://www.udemy.com/course/modeling-executive-details-in-autodesk-revit/
18 Essential Tools in Autodesk Revit for Beginners,6017624,Nadeera Rajapaksha,"Revit, Architectural Design, Design",Autodesk Fusion,Beginner,1 hour,4.6,18,1022,Free,6/2024,0,0,0,https://www.udemy.com/course/18-essential-tools-in-autodesk-revit-for-beginners/
Mastering Autodesk 3ds Max: Beginner's Guide To 3D Modelling,6481515,Stephen Cunningham,"Autodesk 3ds Max, 3D Rendering, 3D Modeling, 3D & Animation, Design",Autodesk Fusion,Beginner,1.5 hours,4.4,20,795,Free,2/2025,0,0,0,https://www.udemy.com/course/mastering-autodesk-3ds-max-a-beginners-guide/
"CNC Machine, ISO and Macro Programming, SwanSoft Fundamental",4490076,TechSchool Institute,"Computer Numerical Control (CNC), Engineering, Teaching & Academics",Autodesk Fusion,Beginner,2 hours,3.8,41,4197,Free,8/2024,0,0,3,https://www.udemy.com/course/cnc-machine-iso-and-macro-programming-swansoft-fundamental/
Oracle Fusion HCM Functional: Intro to Visual Builder Studio,6643075,Ahsan Riaz | Oracle Fusion HCM,"1Z0-1046-XX: Oracle Global Human Resources Cloud Implementation Professional, IT Certifications, IT & Software",Autodesk Fusion,Beginner,1 hour,4.6,36,664,Free,6/2025,0,0,0,https://www.udemy.com/course/oracle-fusion-hcm-functional-intro-to-visual-builder-studio-express/
Learn Maya - Character Head Modeling for Beginners,1321664,Nalini Kanta Jena,"3D Modeling, Autodesk Maya, 3D & Animation, Design",Autodesk Fusion,Beginner,2 hours,4.4,1075,38300,Free,3/2018,0,0,20,https://www.udemy.com/course/learn-maya-character-head-modeling-for-beginners/
Autodesk Revit download and install for free!,3023964,Steve Clancy,"Revit, Autodesk, Architectural Design, Design",Autodesk Fusion,All Levels,1.5 hours,4.7,30,1537,Free,3/2026,5,0,0,https://www.udemy.com/course/autodesk-revit-download-and-install/
Introduction to Maya Fluids,4947024,Jhankar Singh,"Autodesk Maya, 3D & Animation, Design",Autodesk Fusion,Beginner,44 mins,4.3,14,1787,Free,11/2022,0,0,0,https://www.udemy.com/course/introduction-to-maya-fluids/
A Better Reflection in Autodesk Softimage,111188,Iyad Horani,"3D Animation, Design Tools, Design",Autodesk Fusion,All Levels,1 hour,4.4,19,3964,Free,11/2013,0,0,2,https://www.udemy.com/course/reflection-in-softimage/
Basic Autodesk Revit Modeling ARC &STR (LOD 200),660192,Enrique Galicia,"Revit, Financial Modeling, Building Information Modeling (BIM), Other IT & Software, IT & Software",Autodesk Fusion,Beginner,3.5 hours,4.4,459,11042,Free,3/2023,4,0,0,https://www.udemy.com/course/rvt2018arqest/
Autodesk Revit Complete House design Steps,4875910,Nadeera Rajapaksha,"Revit, Autodesk, Architectural Design, Design",Autodesk Fusion,Beginner,2 hours,4.0,72,4159,Free,9/2022,0,0,2,https://www.udemy.com/course/autodesk-revit-complete-house-design-steps/
The 5 Pillars of Rigging in 3D! (Maya),1568642,Daniel López de Medrano,"Autodesk Maya, 3D & Animation, Design",Autodesk Fusion,Beginner,1 hour,4.2,184,9991,Free,3/2018,2,0,1,https://www.udemy.com/course/the-5-pillars-of-rigging-in-3d-maya/
Mastering Autodesk 3DS Max: A Beginner's Guide To Materials,6469533,Stephen Cunningham,"Autodesk 3ds Max, 3D Rendering, 3D Texturing, 3D & Animation, Design",Autodesk Fusion,All Levels,2 hours,4.5,6,966,Free,2/2025,0,0,0,https://www.udemy.com/course/mastering-autodesk-3ds-max-a-beginners-guide-to-materials/
Maya Modelling - Beginner Projects,929294,John Stopforth,"Autodesk Maya, 3D & Animation, Design",Autodesk Fusion,Beginner,2.5 hours,4.2,181,10830,Free,9/2016,0,0,0,https://www.udemy.com/course/maya-modelling-beginner-projects/
Revit Certification: Complete course for Autodesk Exam,5739708,Ghasem Ariyani • BIM Manager,"Building Information Modeling (BIM), 3D Modeling, Revit, Architectural Design, Design",Autodesk Fusion,All Levels,2 hours,4.5,58,3386,Free,10/2025,1,0,0,https://www.udemy.com/course/revit-certification-complete-course-for-autodesk-exam/
Getting Into Maya 2017,917732,John Stopforth,"Autodesk Maya, 3D & Animation, Design",Autodesk Fusion,Beginner,1 hour,4.1,339,10838,Free,8/2016,1,0,0,https://www.udemy.com/course/getting-into-maya-2017/
Wall post Modeling and its Detail in Autodesk Revit,5957164,Ghasem Ariyani • BIM Manager,"Building Information Modeling (BIM), Revit, Architectural Design, Design",Autodesk Fusion,All Levels,2 hours,4.8,16,1687,Free,4/2025,1,0,0,https://www.udemy.com/course/wall-post-modeling-and-its-detail-in-autodesk-revit/
Autodesk Revit Architecture 2019 - Complete Beginner's Guide,4619298,Muimi Nzangi,"Revit, Architectural Design, Design",Autodesk Fusion,Beginner,2 hours,4.1,91,2882,Free,5/2022,1,0,2,https://www.udemy.com/course/autodesk-revit-architecture-2019-complete-beginners-guide/
3D Logo Design using Autodesk 3ds Max,234324,3DTraining .com,"Autodesk 3ds Max, 3D Animation, User Experience (UX) Design, Logo Design, 3D & Animation",Autodesk Fusion,Beginner,1 hour,4.4,540,26652,Free,8/2014,0,0,1,https://www.udemy.com/course/3dsmax_3dtraining_quickstart/
3D Logo Design using Autodesk Maya,248982,3DTraining .com,"Autodesk Maya, 3D Animation, User Experience (UX) Design, Logo Design, 3D & Animation",Autodesk Fusion,Beginner,1.5 hours,4.5,516,35384,Free,8/2014,0,0,1,https://www.udemy.com/course/3dtraining_maya_quickstart/
Learning Dynamo RoadPaths with Autodesk Revit,3446052,Enrique Galicia,"Dynamo BIM, Other IT & Software, IT & Software",Autodesk Fusion,Beginner,1.5 hours,4.0,94,2925,Free,3/2023,1,0,2,https://www.udemy.com/course/howdynamo/
Pray To Jesus Christ Our Lord and Savior,6714313,Maya Rigging School,"Prayer, IT Certifications, IT & Software",Autodesk Fusion,All Levels,30 mins,5.0,N/A,27,Free,10/2025,0,0,0,https://www.udemy.com/course/pray-to-jesus-christ-our-lord-and-savior/
Oracle Cloud Fusion Project Portfolio Management Part - 1,6638073,Jaya Prakash Reddy - PRANTEK ACADEMY,"Other IT & Software, IT & Software",Autodesk Fusion,All Levels,7.5 hours,4.7,43,156,"Rp149,000",8/2025,0,0,0,https://www.udemy.com/course/oracle-cloud-fusion-project-portfolio-management-prat-1/
Oracle Cloud Fusion Project Portfolio Management Part - 2,6641977,Jaya Prakash Reddy - PRANTEK ACADEMY,"Other IT & Software, IT & Software",Autodesk Fusion,All Levels,6.5 hours,4.8,23,125,"Rp149,000",8/2025,0,0,0,https://www.udemy.com/course/oracle-cloud-fusion-project-portfolio-management-prat-2/
Oracle Cloud Fusion Project Portfolio Management Part - 3,6641985,Jaya Prakash Reddy - PRANTEK ACADEMY,"Other IT & Software, IT & Software",Autodesk Fusion,All Levels,5.5 hours,4.7,19,116,"Rp149,000",8/2025,0,0,0,https://www.udemy.com/course/oracle-cloud-fusion-project-portfolio-management-prat-3/
Navisworks Manage - from Beginner to Advanced,5524822,Ghasem Ariyani • BIM Manager,"Navisworks, Dynamo BIM, Building Information Modeling (BIM), Revit, Architectural Design",Autodesk Fusion,All Levels,23 hours,4.3,413,10349,"Rp159,000",4/2025,14,0,22,https://www.udemy.com/course/navisworks-manage-from-beginners-to-advanced/
Oracle Cloud Fusion Financials Functional Training,6051973,Jaya Prakash Reddy - PRANTEK ACADEMY,"Oracle Fusion Cloud Financials, Other IT & Software, IT & Software",Autodesk Fusion,All Levels,44 hours,4.2,1185,6650,"Rp149,000",8/2025,0,0,0,https://www.udemy.com/course/oracle-cloud-fusion-financials-functional-training/
AutoCAD certification exam preparation with mock exam,4129906,Jaiprakash Pandey,"AutoCAD, Design Tools, Design",Autodesk Fusion,Beginner,15.5 hours,4.6,417,1461,"Rp149,000",5/2022,0,0,1,https://www.udemy.com/course/autocad-certification-exam-preparation/
Oracle Fusion Functional – Financials & SCM Masterclass,4839108,Adeel Aslam,"Oracle Fusion Cloud Financials, IT Certifications, IT & Software",Autodesk Fusion,All Levels,151 hours,3.9,17,297,"Rp149,000",8/2025,0,0,0,https://www.udemy.com/course/oracle-fusion-functional-financials-scm-masterclass/
Oracle Fusion HCM Payroll Costing: Oracle Fusion Cloud,6391369,Ahsan Riaz | Oracle Fusion HCM,"Oracle ERP, Oracle, Office Productivity",Autodesk Fusion,Expert,4 hours,4.6,79,238,"Rp149,000",5/2025,0,0,0,https://www.udemy.com/course/oracle-fusion-hcm-payroll-costing-a-complete-guide/
Navisworks Manage Beginners to Advanced(Contractor Services),4384950,BIM it! AEC,"Navisworks, Building Information Modeling (BIM), Revit, Design Tools, Design",Autodesk Fusion,Beginner,7 hours,4.7,123,582,"Rp149,000",3/2026,0,0,9,https://www.udemy.com/course/navisworks-manage-beginners-to-advancedcontractor-services/
Revit Family Creation- Parametric Nested Families,6226159,Danial Bagherzadeh,"Revit, Architectural Design, Design",Autodesk Fusion,All Levels,2 hours,4.8,151,7762,"Rp149,000",11/2025,3,0,2,https://www.udemy.com/course/revit-nested-families-parametric-container-from-zero/
Oracle Fusion AI Agent Studio Foundations Ass. (1Z0-1145-1),6752243,Giuseppe Amoruso,"AI Agents & Agentic AI, Oracle Cloud, Oracle E-Business Suite, Other IT & Software, IT & Software",Autodesk Fusion,All Levels,N/A,4.8,15,122,"Rp149,000",8/2025,0,0,0,https://www.udemy.com/course/oracle-fusion-ai-agent-studio-foundations-ass-1z0-1145-1/
BIM- Revit Masterclass: Complete Project Modeling+ Rendering,6834539,Hamidreza Ashtiani,"Revit, 3D Rendering, Twinmotion, Building Information Modeling (BIM), Architectural Design",Autodesk Fusion,All Levels,10 hours,4.7,104,536,"Rp149,000",12/2025,7,0,9,https://www.udemy.com/course/bim-revit-masterclass-complete-project-modeling-rendering/
Oracle Fusion Technical - A Complete Technical Guide,2658764,Team sharpenskill.com,"Oracle Cloud, Oracle Fusion Cloud Financials, Other IT & Software, IT & Software",Autodesk Fusion,Intermediate,16.5 hours,4.3,1953,14735,"Rp149,000",7/2022,0,0,3,https://www.udemy.com/course/oracle-fusion-cloud-erp-technical-with-oracle-soa-java/
Data Fusion with Linear Kalman Filter,3420416,Steven Dumble,"Kalman Filter, Probability, Bayesian Statistics, Optimization Problem, Math",Autodesk Fusion,Intermediate,5.5 hours,4.7,795,5294,"Rp149,000",12/2020,5,3,10,https://www.udemy.com/course/data-fusion-with-linear-kalman-filter/
Oracle Cloud Fusion Financials Accounts Payables (Module2/5),6375013,Jaya Prakash Reddy - PRANTEK ACADEMY,"Other IT & Software, IT & Software",Autodesk Fusion,All Levels,19 hours,4.8,62,228,"Rp149,000",3/2025,5,0,2,https://www.udemy.com/course/oracle-cloud-fusion-accounts-payables/
Revit Architecture - An Ultimate Guide,3512114,Mark Thompson,"Revit, Building Information Modeling (BIM), Autodesk, Architectural Design, Design",Autodesk Fusion,All Levels,28 hours,4.7,1584,7549,"Rp159,000",9/2024,0,0,1,https://www.udemy.com/course/revit-architecture-an-ultimate-guide/
Learn AutoCAD 2023- 21 Mechanical 2D and 3D Complete Course,3416356,Ujjwal Tutorial Keep You Ahead,"AutoCAD, Design Tools, Design",Autodesk Fusion,All Levels,37.5 hours,4.6,634,3358,"Rp219,000",2/2024,0,0,79,https://www.udemy.com/course/autocad-2021-mechanical-2d-and-3d-for-beginners-to-advanced/
Robot Structural Analysis Professional course,3391338,Civil Engineer's Destination,"Robot Structural Analysis Professional, Civil Engineering, Structural Design, Other Design, Design",Autodesk Fusion,All Levels,9 hours,4.5,392,2195,"Rp159,000",12/2023,1,0,10,https://www.udemy.com/course/robot-structural-analysis-professional-course/
Revit Families - From Beginner to Pro,3219743,Mark Thompson,"Revit, Architectural Design, Design",Autodesk Fusion,All Levels,11 hours,4.6,1506,8270,"Rp159,000",11/2024,0,0,1,https://www.udemy.com/course/revit-families-from-beginner-to-pro/
Oracle Fusion Financials - Accounts Receivables,6734811,Vikas Handa,"Other IT & Software, IT & Software",Autodesk Fusion,All Levels,10.5 hours,5.0,1,32,"Rp149,000",7/2025,0,0,0,https://www.udemy.com/course/oracle-fusion-financials-accounts-receivables/
"Oracle Fusion Cloud Conversion- FBDI, ADFdi, FBL, SOAP, REST",4473458,Team sharpenskill.com,"Oracle Cloud, Oracle ERP, Oracle Fusion Cloud Financials, Data Migration, Other IT & Software",Autodesk Fusion,Beginner,2 hours,4.7,13,101,"Rp149,000",9/2022,0,0,0,https://www.udemy.com/course/oracle-fusion-data-conversion-fbdi-adfdi-fbl-soap-rest/
Oracle Fusion Cloud SCM Order Management Implementati Part-1,6037452,Chandra Mohan,"Oracle Cloud, Other IT & Software, IT & Software",Autodesk Fusion,Expert,9 hours,4.4,88,510,"Rp149,000",10/2024,0,0,3,https://www.udemy.com/course/oracle-fusion-cloud-scm-order-management-implementati-part-1/
Oracle Cloud Fusion Financials Fixed Assets (Module 5/5),6464423,Jaya Prakash Reddy - PRANTEK ACADEMY,"Other IT & Software, IT & Software",Autodesk Fusion,All Levels,12.5 hours,4.8,61,199,"Rp149,000",3/2025,5,0,2,https://www.udemy.com/course/oracle-cloud-fusion-fixed-assets/
Oracle Cloud Fusion Financials General Ledger (Module 1/5),6331175,Jaya Prakash Reddy - PRANTEK ACADEMY,"Oracle Fusion Cloud Financials, Other IT & Software, IT & Software",Autodesk Fusion,All Levels,17.5 hours,4.8,103,310,"Rp149,000",8/2025,5,0,2,https://www.udemy.com/course/oracle-cloud-fusion-financial-general-ledger/
Autodesk Revit BIM Template - Customize for Project Workflow,5934006,Mason Benesh,"Revit, Autodesk, Building Information Modeling (BIM), Architectural Design, Design",Autodesk Fusion,Beginner,4.5 hours,4.3,N/A,3,"Rp149,000",5/2024,0,0,0,https://www.udemy.com/course/autodesk-revit-bim-template-customize-for-project-workflow/
Advanced Kalman Filtering and Sensor Fusion,3730150,Steven Dumble,"Autonomous Cars, Robotics, Bayesian Statistics, Kalman Filter, Engineering",Autodesk Fusion,Intermediate,8 hours,4.7,981,8387,"Rp149,000",7/2021,8,0,23,https://www.udemy.com/course/advanced-kalman-filtering-and-sensor-fusion/
Oracle Cloud Fusion Financial Accounts Receivables Module3/5,6432927,Jaya Prakash Reddy - PRANTEK ACADEMY,"Other IT & Software, IT & Software",Autodesk Fusion,All Levels,15.5 hours,4.8,51,205,"Rp149,000",3/2025,5,0,3,https://www.udemy.com/course/oracle-cloud-fusion-accounts-receivables/
1D0-1054-25-D Oracle Fusion Cloud Fin GL Imp Prof Delta Prep,6728973,Vilas Bachhav,"IT Certifications, IT & Software",Autodesk Fusion,Expert,N/A,5.0,1,7,"Rp149,000",7/2025,0,0,0,https://www.udemy.com/course/1d0-1054-25-d-oracle-fusion-cloud-fin-gl-imp-prof-delta-prep/
Oracle Fusion Techno Functional Master Class,6787279,Adeel Aslam,"Oracle ERP, Other IT & Software, IT & Software",Autodesk Fusion,All Levels,43.5 hours,4.0,3,75,"Rp329,000",8/2025,0,0,0,https://www.udemy.com/course/oracle-fusion-techno-functional-master-class/
"Learn Dot Net C# coding in AutoCAD , C3d, Revit, Navisworks",6834247,Mohan Bachhety,"Software Development Tools, Development",Autodesk Fusion,All Levels,11.5 hours,4.7,16,517,"Rp149,000",10/2025,0,0,50,https://www.udemy.com/course/lean-dot-net-c-coding-in-autocad-c3d-revit-navisworks/
Unity NEW Multiplayer Photon Fusion Game Development Course!,5155958,Oren Bst,"Unity, Game Development, Development",Autodesk Fusion,Intermediate,6 hours,4.5,192,2131,"Rp159,000",2/2025,0,0,61,https://www.udemy.com/course/unity-multiplayer-2dgame-fusion/
Oracle Fusion Cloud SCM Order Management Interview Q&A,6823125,RTL Online Trainings Chandra,"Other IT & Software, IT & Software",Autodesk Fusion,Expert,1 hour,4.7,4,54,"Rp249,000",9/2025,0,0,1,https://www.udemy.com/course/oracle-fusion-cloud-scm-order-management-interview-qa/
Oracle Fusion Financials - General Ledger,2754502,Vikas Handa,"Other IT & Software, IT & Software",Autodesk Fusion,Expert,15 hours,5.0,5,45,"Rp149,000",7/2025,0,0,4,https://www.udemy.com/course/oracle-fusion-financials-general-ledger/
1Z0-1065-26 : Oracle Fusion Cloud Procurement 2026 Certified,6609351,Optimum Learning Academy,"1Z0-1065-XX: Oracle Fusion Cloud Procurement Implementation Professional, Oracle Cloud, IT Certifications, IT & Software",Autodesk Fusion,All Levels,N/A,3.9,15,68,"Rp149,000",1/2026,0,0,0,https://www.udemy.com/course/1z0-1065-25-oracle-fusion-cloud-procurement-2025-certified/
Oracle Fusion Financials - Fixed Assets,6734879,Vikas Handa,"Other IT & Software, IT & Software",Autodesk Fusion,All Levels,7.5 hours,4.3,3,28,"Rp149,000",7/2025,0,0,0,https://www.udemy.com/course/oracle-fusion-financials-fixed-assets/
Revit Architecture Complete Course,3429338,Mike Freeman,"Revit, Building Information Modeling (BIM), Architectural Design, 3D & Animation, Design",Autodesk Fusion,Beginner,6 hours,4.5,212,890,"Rp149,000",6/2023,0,0,1,https://www.udemy.com/course/autodesk-revit-2021-complete-beginners-guide/
Oracle Fusion Cloud HCM Technical R13 (HDL Data Migration),5052524,Chandra Mohan,"Oracle Fusion HCM, Oracle, Office Productivity",Autodesk Fusion,All Levels,9.5 hours,4.4,106,663,"Rp149,000",12/2024,0,0,20,https://www.udemy.com/course/oracle-fusion-cloud-hcm-technical-r13-hdl-data-migration/
Oracle Fusion Cloud Technical Procure To Pay (P-P) Developer,5370776,Chandra Mohan,"Oracle Fusion Cloud Financials, Other IT & Software, IT & Software",Autodesk Fusion,Expert,11 hours,4.3,20,229,"Rp149,000",6/2023,0,0,6,https://www.udemy.com/course/oracle-fusion-cloud-procure-to-pay-p-p-technical-developer/
Oracle Fusion Financial (ERP) Interview Questions and Answer,5984150,Vilas Bachhav,"IT Certifications, IT & Software",Autodesk Fusion,Expert,N/A,3.3,3,59,"Rp149,000",6/2024,0,0,0,https://www.udemy.com/course/oracle-fusion-financial-erp-interview-questions-and-answer/
Oracle Fusion Technical - BI | OTBI | BICC | FRS | SmartView,2739482,Team sharpenskill.com,"Oracle Business Intelligence, Oracle Fusion HCM, Other IT & Software, IT & Software",Autodesk Fusion,Intermediate,9.5 hours,4.5,1868,11639,"Rp159,000",1/2022,1,0,1,https://www.udemy.com/course/oracle-fusion-technical/
Autodesk Advance Steel - AulaGEO,5127578,"AulaGEO Academy, Felix Enzo Garofalo Lanzuisi","Advance Steel, Civil Engineering, Structural Engineering, Structural Design, Engineering",Autodesk Fusion,All Levels,7.5 hours,4.2,196,5261,"Rp149,000",8/2024,0,0,27,https://www.udemy.com/course/autodesk-advance-steel-aulageo/
Revit Architecture Beginner to Advanced(Contractor Services),4384962,BIM it! AEC,"Revit, Building Information Modeling (BIM), 3D Modeling, Design Tools, Design",Autodesk Fusion,Beginner,20.5 hours,4.5,116,1484,"Rp149,000",3/2026,0,0,2,https://www.udemy.com/course/revit-architecture-beginner-to-advancedcontractor-services/
"1Z0-1160-1, 1Z0-1161-1, 1Z0-1162-1, 1Z0-1163-1 (Level 1 & 2)",6581361,Waseem Saleem,"IT Certifications, IT & Software",Autodesk Fusion,All Levels,N/A,4.3,8,60,"Rp149,000",6/2025,0,0,0,https://www.udemy.com/course/1z0-1160-1-1z0-1161-1-1z0-1162-1-1z0-1163-1/
Unity Multiplayer Photon Fusion 2 Game Development Course!,5934076,Nested Mango Private Limited,"Game Development, Development",Autodesk Fusion,All Levels,3 hours,4.5,46,119,"Rp149,000",8/2025,0,0,7,https://www.udemy.com/course/unity-multiplayer-photon-fusion-2-game-development-course/
Oracle Fusion Cloud SCM Procurement Sourcing Latest Ver-24C,6198101,Chandra Mohan,"Oracle Cloud, Other IT & Software, IT & Software",Autodesk Fusion,Expert,8.5 hours,4.4,68,416,"Rp149,000",10/2024,0,0,6,https://www.udemy.com/course/oracle-fusion-cloud-scm-procurement-sourcing-latest-ver-24c/
1Z0-1145-1 Oracle Fusion AI Agent Studio Foundations Dumps,6759291,Unbox SCM,"IT Certifications, IT & Software",Autodesk Fusion,Beginner,N/A,4.5,13,78,"Rp149,000",8/2025,0,0,0,https://www.udemy.com/course/1z0-1145-1-oracle-fusion-ai-agent-studio-foundations-dumps/
Oracle Fusion Accounting Hub Cloud Training,6106347,Jaya Prakash Reddy - PRANTEK ACADEMY,"Other IT & Software, IT & Software",Autodesk Fusion,All Levels,5 hours,4.1,32,151,"Rp149,000",9/2024,0,0,0,https://www.udemy.com/course/learn-oracle-accounting-hub-cloud/
Diroots Plugins: The best Revit and BIM plugins,5589610,Amir Karami • BIM,"Building Information Modeling (BIM), Revit, 3D Modeling, Architectural Design, Design",Autodesk Fusion,All Levels,9 hours,4.8,93,1358,"Rp149,000",10/2025,1,0,0,https://www.udemy.com/course/diroots-plugins-the-best-revit-and-bim-plugins/
Oracle Cloud Fusion Financials Cash Management (Module 4/5),6490535,Jaya Prakash Reddy - PRANTEK ACADEMY,"Other IT & Software, IT & Software",Autodesk Fusion,All Levels,12 hours,5.0,39,176,"Rp149,000",3/2025,5,0,2,https://www.udemy.com/course/oracle-cloud-fusion-cash-management/
Oracle Apps R12 Financials Course Plus 11 Add On Courses,1621090,Koduru Sridevi,"Oracle E-Business Suite, Other IT & Software, IT & Software",Autodesk Fusion,All Levels,119.5 hours,4.2,554,3355,"Rp149,000",12/2023,3,0,14,https://www.udemy.com/course/oracle-apps-r12-financials-training/
1Z0-1155-1 Oracle Fusion AI Agent Studio Developer (Pro),7020789,Muhammad Junaid,"IT Certifications, IT & Software",Autodesk Fusion,All Levels,N/A,4.5,1,19,"Rp149,000",1/2026,0,0,0,https://www.udemy.com/course/1z0-1155-1-oracle-fusion-ai-agent-studio-developer-pro-r/
Oracle Fusion Financials - Accounts Payables,6734741,Vikas Handa,"Other IT & Software, IT & Software",Autodesk Fusion,All Levels,11.5 hours,4.4,6,38,"Rp149,000",7/2025,0,0,6,https://www.udemy.com/course/oracle-fusion-financials-accounts-payables/
Learn Autodesk Vehicle Tracking,6159867,Sam Jr,"Other IT & Software, IT & Software",Autodesk Fusion,All Levels,1.5 hours,4.7,3,21,"Rp149,000",7/2025,0,0,2,https://www.udemy.com/course/learn-autodesk-vehicle-tracking/
Oracle Fusion Technical Cloud (BI/OTBI/ADF/OICS/SmartView),4408516,Chandra Mohan,"Oracle Fusion HCM, Oracle, Office Productivity",Autodesk Fusion,Expert,22 hours,4.4,263,1716,"Rp149,000",9/2024,0,0,6,https://www.udemy.com/course/oracle-fusion-technical-cloud-r13-beginners-to-expert/
1Z0-1128-24 Oracle Fusion Data Intelligence 2024 Pro,6302127,Sania Khan,"IT Certifications, IT & Software",Autodesk Fusion,All Levels,N/A,3.8,3,24,"Rp149,000",12/2024,0,0,0,https://www.udemy.com/course/1z0-1128-24-oracle-fusion-data-intelligence-2024-pro/
3ds Max: Architectural Modeling Masterclass - From Zero,6559907,Hamidreza Hosseini,"3D Modeling, Autodesk 3ds Max, Architectural Design, Design",Autodesk Fusion,All Levels,10.5 hours,4.3,46,185,"Rp149,000",10/2025,3,0,8,https://www.udemy.com/course/3dmodeling-in-3dsmax-from-zero/
Oracle Fusion Cloud Payroll Interview Questions & Answers,6635167,RTL Online Trainings Chandra,"Other IT & Software, IT & Software",Autodesk Fusion,Expert,2.5 hours,4.7,19,181,"Rp249,000",9/2025,0,0,10,https://www.udemy.com/course/oracle-fusion-cloud-payroll-interview-questions-answers/
Oracle Analytics Data Visualization (DV) Mastery,7022357,Mohammed Abdelkarim,"Data Visualization, Oracle Cloud, 1Z0-1041-XX: Oracle Cloud Infrastructure Enterprise Analytics Professional, Business Intelligence (BI), Other IT & Software",Autodesk Fusion,All Levels,7.5 hours,4.5,28,139,"Rp149,000",4/2026,0,0,8,https://www.udemy.com/course/oracle-analytics-data-visualization/
Deep-dive into Oracle Integration (OIC) | OIC 3,4996592,Ankur Jain,"Oracle Integration Cloud (OIC), Integration Services, Other IT & Software, IT & Software",Autodesk Fusion,Intermediate,34.5 hours,4.5,663,5015,"Rp599,000",3/2026,0,0,28,https://www.udemy.com/course/deep-dive-into-oracle-integration/
1Z0-1155-1 Oracle Fusion AI Agent Studio Developer (Pro),6949861,Sania Khan,"IT Certifications, IT & Software",Autodesk Fusion,All Levels,N/A,3.0,10,102,"Rp149,000",12/2025,0,0,0,https://www.udemy.com/course/1z0-1155-1-oracle-fusion-ai-agent-studio-developer-pro/
Oracle Fusion Cloud HCM Talent Management R13-24C Latest ver,6134849,Chandra Mohan,"Oracle Fusion HCM, Other IT & Software, IT & Software",Autodesk Fusion,Expert,10 hours,4.4,70,423,"Rp249,000",4/2026,0,0,6,https://www.udemy.com/course/oracle-fusion-cloud-hcm-talent-management-r13-24c-latest-ver/
Revit Architecture 2024 from Zero to Hero,5404936,Munir Hamad,"Autodesk, Revit, AutoCAD, Other IT & Software, IT & Software",Autodesk Fusion,All Levels,15.5 hours,4.8,283,1326,"Rp149,000",6/2024,0,0,4,https://www.udemy.com/course/revit-architecture-2024-from-zero-to-hero/
Oracle Fusion Financials Cloud Accounts Receivables Implemen,5227334,Chandra Mohan,"Oracle Fusion Cloud Financials, Other IT & Software, IT & Software",Autodesk Fusion,Expert,17.5 hours,4.5,206,1452,"Rp149,000",11/2023,0,0,2,https://www.udemy.com/course/oracle-fusion-financials-cloud-accounts-receivables-implemen/
Oracle Fusion Cloud SCM Inventory Interview Questions (FAQ),6619175,RTL Online Trainings Chandra,"Other IT & Software, IT & Software",Autodesk Fusion,Expert,1 hour,3.9,14,90,"Rp249,000",9/2025,0,0,1,https://www.udemy.com/course/oracle-fusion-cloud-scm-inventory-interview-questions-faq/
Learn Digital Painting from Scratch: Autodesk Sketchbook,4058042,Venkatesh B,"Digital Painting, Autodesk SketchBook, Graphic Design & Illustration, Design",Autodesk Fusion,All Levels,17.5 hours,4.4,59,765,"Rp149,000",8/2025,0,0,1,https://www.udemy.com/course/learn-digital-painting-from-scratch-autodesk-sketchbook/
OracleAppsTechnical,3590660,panditi malhotra,"Oracle ERP, Other IT & Software, IT & Software",Autodesk Fusion,Expert,50.5 hours,4.6,1321,8543,"Rp149,000",7/2025,0,0,82,https://www.udemy.com/course/oracleappstechnical/
Oracle Fusion Cloud HCM Global HR FAQ's Assignments & Quizs,6262167,RTL Online Trainings Chandra,"Other IT & Software, IT & Software",Autodesk Fusion,Expert,4.5 hours,4.7,57,281,"Rp249,000",11/2025,0,0,10,https://www.udemy.com/course/oracle-fusion-cloud-hcm-global-hr-faq-assignments-quiz/
Oracle Fusion Cloud HCM Technical HCM Extracts R13 -24C,6150525,Chandra Mohan,"Other IT & Software, IT & Software",Autodesk Fusion,Expert,7 hours,4.3,78,387,"Rp149,000",8/2025,0,0,6,https://www.udemy.com/course/oracle-fusion-cloud-hcm-technical-hcm-extracts-r13-24c/
Oracle Fusion Financials - Expenses,6740705,Vikas Handa,"Other IT & Software, IT & Software",Autodesk Fusion,All Levels,4.5 hours,4.3,4,30,"Rp149,000",7/2025,0,0,0,https://www.udemy.com/course/oracle-fusion-financials-expenses/
Diploma in (BIM) and Project Management Professional (PMP),2903496,Chartered Engineers,"Building Information Modeling (BIM), PMI Project Management Professional (PMP), Project Management, Engineering, Teaching & Academics",Autodesk Fusion,All Levels,4.5 hours,4.2,917,14835,"Rp149,000",2/2026,1,0,15,https://www.udemy.com/course/diploma-in-bim-and-project-management-professional-pmp/
Oracle Application Framework (OAF) & Workflow Bonus Sessions,2220628,Sreeram ERPTech,"Oracle Administration, Other IT & Software, IT & Software",Autodesk Fusion,All Levels,23 hours,4.7,433,2200,"Rp149,000",8/2021,0,0,66,https://www.udemy.com/course/oaf-foundation/
Oracle Fusion AI Agent Studio 1Z0-1145-1 Practice Tests,6728465,Numan Javeed,"Oracle Database, Oracle Cloud, IT Certifications, IT & Software",Autodesk Fusion,All Levels,N/A,5.0,1,17,"Rp149,000",2/2026,0,0,0,https://www.udemy.com/course/oracle-fusion-ai-agent-studio-certified-foundations-associate/
Oracle Manufacturing Cloud 2025-1Z0-1075-25 [LATEST & VALID],7042173,Seema Seema,"Oracle Cloud, Oracle Database, 1Z0-1085-XX: Oracle Cloud Infrastructure Foundations Associate, IT Certifications, IT & Software",Autodesk Fusion,All Levels,N/A,4.9,38,46,"Rp149,000",2/2026,0,0,0,https://www.udemy.com/course/oracle-manufacturing-cloud-2025-1z0-1075-25-latest-valid/
BIM- Graphic Presentation & Design in Revit- From Zero,6565053,Hamidreza Ashtiani,"Revit, Building Information Modeling (BIM), Architectural Design, Design",Autodesk Fusion,All Levels,2.5 hours,4.6,103,569,"Rp159,000",2/2026,6,0,7,https://www.udemy.com/course/bim-graphic-presentation-design-in-autodesk-revit-from/
Oracle Fusion HCM Benefits Module,6961831,BISP Solutions,"Other IT & Software, IT & Software",Autodesk Fusion,Intermediate,1.5 hours,2.7,6,14,N/A,12/2025,0,0,0,https://www.udemy.com/course/oracle-fusion-hcm-benefits-module/
BIM- Revit Architecture Modeling- Building Complex Project,5536680,Ghasem Ariyani • BIM Manager,"Building Information Modeling (BIM), Revit, 3D Modeling, Architectural Design, Design",Autodesk Fusion,All Levels,23 hours,4.7,54,5343,Free,11/2025,2,0,1,https://www.udemy.com/course/bim-10-story-building-project-based/
Python for Revit: Building Custom Tools,4552180,Mark Thompson,"Revit, Architectural Design, Design",Autodesk Fusion,Intermediate,4.5 hours,4.7,200,1552,"Rp149,000",6/2024,0,0,1,https://www.udemy.com/course/python-revit-custom-tools/
"Oracle Apps R12 Course Bundle(Tech,Fin,SCM,BOM,WIP,HRMS.....",1735726,koduru sridevi,"Oracle E-Business Suite, Oracle Business Intelligence, Other IT & Software, IT & Software",Autodesk Fusion,All Levels,99.5 hours,4.0,120,676,"Rp159,000",12/2023,4,0,30,https://www.udemy.com/course/oracle-apps-r12-course-bundle/
Oracle Fusion AI Agent Studio Foundations Associate,6678157,"Guha Rajan M., B.Engg, MBA","Oracle Cloud, IT Certifications, IT & Software",Autodesk Fusion,Beginner,N/A,4.4,5,66,"Rp149,000",6/2025,0,0,0,https://www.udemy.com/course/oracle-fusion-ai-agent-studio-foundations-associate/
Oracle Fusion Cloud SCM Procurement Interview Questions (FAQ,6621347,RTL Online Trainings Chandra,"Other IT & Software, IT & Software",Autodesk Fusion,Expert,2 hours,3.6,8,84,"Rp249,000",9/2025,0,0,4,https://www.udemy.com/course/oracle-fusion-cloud-scm-procurement-interview-questions-faq/
OracleAppsTechnical R12 Training(Beginner to Expert),4211016,Chandra Mohan,"Oracle E-Business Suite, Other IT & Software, IT & Software",Autodesk Fusion,Expert,36 hours,4.5,798,5026,"Rp149,000",2/2026,0,0,41,https://www.udemy.com/course/oracle-applications-technical-coursebeginner-experienced/
Oracle Fusion Smart View / Financial Reporting Studio / OTBI,2889006,Vikas Handa,"Oracle Fusion Cloud Financials, Other IT & Software, IT & Software",Autodesk Fusion,All Levels,6.5 hours,4.7,440,2827,"Rp149,000",1/2025,0,0,0,https://www.udemy.com/course/oracle-fusion-smart-view-financial-reporting-studio-otbi/
Autodesk Structural Robot R.C.C Villa Design in UAE,4369436,Ahmad Traboulsi,"Robot Structural Analysis Professional, Civil Engineering, Engineering, Teaching & Academics",Autodesk Fusion,All Levels,4.5 hours,4.4,81,22957,"Rp149,000",11/2022,0,0,7,https://www.udemy.com/course/autodesk-structural-robot-rcc-villa-design-in-uae/
Revit Expert: for Experienced BIM Modelers and Coordinators,5343184,Amir Karami • BIM,"Revit, 3D Modeling, Building Information Modeling (BIM), Architectural Design, Design",Autodesk Fusion,All Levels,8 hours,4.5,178,8439,"Rp149,000",9/2025,2,0,1,https://www.udemy.com/course/revit-expert-for-experienced-bim-modelers-and-coordinators/
Autodesk Advance Steel,3641058,Civil Engineer's Destination,"Advance Steel, Civil Engineering, Autodesk, Other Design, Design",Autodesk Fusion,All Levels,1.5 hours,4.0,93,305,"Rp149,000",8/2023,0,0,1,https://www.udemy.com/course/autodesk-advance-steel-2021/
Learning Dalux Bim Viewer software,6171371,Duc Le,"Building Information Modeling (BIM), Software Engineering, Revit, CAD Software, Design Tools",Autodesk Fusion,All Levels,1 hour,3.0,5,13,"Rp149,000",9/2024,0,0,0,https://www.udemy.com/course/learning-dalux-bim-viewer-software/
From Zero Step by Step C# for Revit API for PlugIn Creation,4774804,Enrique Galicia,"C# (programming language), Programming Languages, Development",Autodesk Fusion,Beginner,3 hours,4.3,145,764,"Rp149,000",5/2023,0,0,1,https://www.udemy.com/course/revitapi01/
AI & Agentic Automation with Oracle Integration (OIC),6957279,Ankur Jain,"Artificial Intelligence (AI), Oracle Integration Cloud (OIC), Other IT & Software, IT & Software",Autodesk Fusion,Intermediate,12.5 hours,4.8,6,81,"Rp599,000",4/2026,0,0,12,https://www.udemy.com/course/ai-agentic-automation-with-oracle-integration-oic/
Oracle Fusion Technical - Procure to Pay Cycle complete flow,3166630,Ravinder Reddy Guduru,"Oracle Fusion Cloud Financials, Other IT & Software, IT & Software",Autodesk Fusion,Intermediate,3.5 hours,4.3,96,518,"Rp149,000",12/2021,0,0,1,https://www.udemy.com/course/complete-procure-to-pay-cycle-in-oracle-cloudfusion-erp/
Oracle Fusion Financials Cloud Online Training Course,2285509,koduru sridevi,"Oracle Fusion Cloud Financials, Oracle Database, Database Design & Development, Development",Autodesk Fusion,All Levels,25.5 hours,3.8,233,1103,"Rp149,000",12/2023,1,0,6,https://www.udemy.com/course/oracle-r13-fusion-financials/
1Z0-1128-24Oracle Fusion Data Intelligence 2024 Professional,6277905,Muhammad Junaid,"IT Certifications, IT & Software",Autodesk Fusion,All Levels,N/A,3.6,11,82,"Rp149,000",11/2024,0,0,0,https://www.udemy.com/course/1z0-1128-24oracle-fusion-data-intelligence-2024-professional/
Create stunning drawing using only REVIT-without Photoshop!,5867468,Lelde Savoni,"Revit, Interior Design, Presentation Skills, Other IT & Software, IT & Software",Autodesk Fusion,Beginner,1.5 hours,4.8,61,376,"Rp149,000",4/2024,0,0,7,https://www.udemy.com/course/create-stunning-drawing-using-only-revit-without-photoshop/
Revit & Robot From Zero to Expert,2510516,Creative Engineering Center,"Revit, Structural Engineering, ETABS, Robot Structural Analysis Professional, Engineering",Autodesk Fusion,Intermediate,6.5 hours,4.0,104,567,"Rp149,000",10/2020,1,0,1,https://www.udemy.com/course/revit-robot-from-zero-to-expert/
Master Autodesk Robot Structural Analysis Professional (RC),6562833,Engr Hedaetullah,"Robot Structural Analysis Professional, Other Design, Design",Autodesk Fusion,All Levels,6 hours,5.0,2,19,"Rp149,000",4/2025,1,0,1,https://www.udemy.com/course/master-autodesk-robot-structural-analysis-professional-rc/
1Z0-1065-25: Oracle Fusion Cloud Procurement 2025 Imple Prep,5974564,Vilas Bachhav,"IT Certifications, IT & Software",Autodesk Fusion,Expert,N/A,3.4,10,98,"Rp159,000",7/2025,0,0,0,https://www.udemy.com/course/1z0-1065-23-oracle-fusion-cloud-procurement-2023-imple-prep/
Oracle Fusion SCM Cloud Self Service Procurement R13-24D,6224977,Chandra Mohan,"Other IT & Software, IT & Software",Autodesk Fusion,Expert,4.5 hours,4.3,22,80,"Rp149,000",10/2024,0,0,4,https://www.udemy.com/course/oracle-fusion-scm-cloud-self-service-procurement-r13-24d/
Oracle Fusion Financials Cloud Cash Management(Implementati),6003802,Chandra Mohan,"Other IT & Software, IT & Software",Autodesk Fusion,All Levels,5.5 hours,4.5,19,118,"Rp149,000",10/2024,0,0,4,https://www.udemy.com/course/oracle-fusion-financials-cloud-cash-managementimplementati/
1Z0-1114-25 Redwood Developer Associate - Practice Tests,6728409,Numan Javeed,"IT Certifications, IT & Software",Autodesk Fusion,All Levels,N/A,4.1,2,17,"Rp149,000",2/2026,0,0,0,https://www.udemy.com/course/oracle-redwood-application-developer-associate/
Autodesk CFD For Mechanical Engineers,7115089,Messgerat Labs (GaugeHow),"Engineering, Teaching & Academics",Autodesk Fusion,Beginner,4 hours,N/A,N/A,N/A,"Rp149,000",3/2026,1,0,0,https://www.udemy.com/course/autodesk-cfd-for-mechanical-engineers/
Oracle Fusion HCM Fast Formula Tutorial,6921049,BISP Solutions,"Other IT & Software, IT & Software",Autodesk Fusion,All Levels,2 hours,3.3,3,33,"Rp149,000",11/2025,0,0,0,https://www.udemy.com/course/oracle-fusion-hcm-fast-formula-tutorial/
Infraworks the infrastructure conceptual design - AulaGEO,4252724,AulaGEO Academy,"Civil Engineering, Architectural Design, Autodesk, AutoCAD Civil 3D, Design",Autodesk Fusion,All Levels,1.5 hours,4.2,20,132,"Rp149,000",8/2024,0,0,0,https://www.udemy.com/course/infraworks-the-infrastructure-conceptual-design/
Revit Templates - A Masterclass,4061992,Mark Thompson,"Revit, Building Information Modeling (BIM), Architectural Design, Design",Autodesk Fusion,Intermediate,5 hours,4.7,247,1287,"Rp149,000",6/2024,0,0,1,https://www.udemy.com/course/revit-templates-a-masterclass/
Master Oracle Fusion BI: Build & Analyze OTBI Reports,1870470,Ravinder Reddy Guduru,"Business Intelligence (BI), Software Development Tools, Development",Autodesk Fusion,Intermediate,19 hours,4.2,1347,8461,"Rp149,000",1/2024,3,0,8,https://www.udemy.com/course/oracle-fusion-technical-bi-publisher-reports/
Oracle Fusion Accounting Hub,6503317,Vikas Handa,"Other IT & Software, IT & Software",Autodesk Fusion,Intermediate,3 hours,4.6,5,35,"Rp149,000",3/2025,0,0,0,https://www.udemy.com/course/qviksoft-oracle-fusion-accounting-hub/
Mastering Revit Schedules (+ Dynamo),3386464,Mark Thompson,"Revit, Building Information Modeling (BIM), Architectural Design, Design",Autodesk Fusion,All Levels,4 hours,4.7,242,2063,"Rp159,000",9/2024,0,0,1,https://www.udemy.com/course/revit-schedules-2021-dynamo/
Oracle Fusion Technical - Oracle Integration Cloud OIC Gen2,3814814,Team sharpenskill.com,"Oracle Integration Cloud (OIC), Other IT & Software, IT & Software",Autodesk Fusion,Intermediate,11 hours,4.4,1619,11405,"Rp149,000",4/2024,1,0,3,https://www.udemy.com/course/oracle-fusion-cloud-paas-technical-oic-vbcs-pcs-dbcs/
BIM Coordinator (BIM Consultant Review & Navisworks Clash),6564875,Mohamed Gamal,"Navisworks, Design Tools, Design",Autodesk Fusion,Expert,4 hours,4.4,80,218,"Rp149,000",4/2025,0,0,2,https://www.udemy.com/course/bim-coordinator-bim-consultant-review-navisworks/
Subassembly Composer for Autodesk Civil 3d,4057892,Nawazish Ali,"Autodesk, Design Tools, Design",Autodesk Fusion,All Levels,3 hours,4.2,112,516,"Rp447,000.00",6/2021,0,0,11,https://www.udemy.com/course/subassembly-composer-for-autodesk-civil-3d/
"A Complete BIM Course with Revit, Dynamo and Navisworks",4722056,Augmintech Education Pvt Ltd,"Revit, Navisworks, Lumion, Dynamo BIM, Architectural Design",Autodesk Fusion,All Levels,29.5 hours,4.1,276,1501,"Rp149,000",1/2024,0,0,13,https://www.udemy.com/course/revit-bim-course-with-dynamo-and-navisworks/
"BIM - Revit Architecture (2024, 2025, 2026) - Beginner",5810354,Luis Laguer,"Autodesk, Revit, Architectural Design, Design",Autodesk Fusion,Beginner,3.5 hours,5.0,3,16,"Rp149,000",6/2025,1,0,4,https://www.udemy.com/course/tbg-core-revit-training/
BIM- Documentation & Annotation in Revit- From Zero to Pro,6584239,Hamidreza Ashtiani,"Revit, Documentation, Building Information Modeling (BIM), Architectural Design, Design",Autodesk Fusion,All Levels,5.5 hours,4.6,80,475,"Rp159,000",8/2025,6,0,32,https://www.udemy.com/course/bim-documentation-annotation-in-revit-from-zero-to-pro/
Oracle Fusion HCM - Talent Management,3997446,Anton Rzhanov,"Oracle Fusion HCM, Oracle Cloud, Talent Management, Oracle, Office Productivity",Autodesk Fusion,All Levels,13 hours,4.4,528,2771,"Rp249,000",4/2021,0,0,0,https://www.udemy.com/course/oracle-fusion-hcm-talent-management-p/
BIM | Revit Arch | Str. | MEP | Dynamo | Hindi / English,7068257,Ashish Pandit,"Revit, Dynamo BIM, Building Information Modeling (BIM), Design Tools, Design",Autodesk Fusion,All Levels,30 hours,5.0,1,309,"Rp169,000",4/2026,0,0,0,https://www.udemy.com/course/bim-revit-arch-str-mep-dynamo-hindi-english/
Introduction to Integration in Oracle Integration 3 (Gen 3),5257476,BEENUM LEARNING,"Oracle Integration Cloud (OIC), Integration Services, Other IT & Software, IT & Software",Autodesk Fusion,Beginner,10.5 hours,4.5,461,3222,"Rp349,000",3/2026,0,0,100,https://www.udemy.com/course/learn-integration-in-oracleintegration3/
"Oracle BI Publisher/OTBI &( FRS,SmartView)- Fusion ERP",5286450,Sreeram ERPTech,"Oracle Business Intelligence, Other IT & Software, IT & Software",Autodesk Fusion,Beginner,11 hours,4.4,29,188,"Rp149,000",6/2025,0,0,73,https://www.udemy.com/course/oracle-bi-publisher-reports-fusion-erp/
1Z0-1053-25 Oracle Benefits Cloud 2025 Implem. Prof Practice,6534155,Vilas Bachhav,"IT Certifications, IT & Software",Autodesk Fusion,Expert,N/A,4.6,6,45,"Rp149,000",7/2025,0,0,0,https://www.udemy.com/course/1z0-1053-24-oracle-benefits-cloud-2024-implem-prof-practice/
Complete Maya Animation Course – Beginner to Advanced,7090647,Krishna Kumar Verma,"3D & Animation, Design",Autodesk Fusion,All Levels,2 hours,N/A,N/A,N/A,"Rp149,000",3/2026,0,0,0,https://www.udemy.com/course/complete-maya-animation-course-beginner-to-advanced/
Complete Oracle ADF 12c Course for Beginners (step-by-step),1327744,Sameh Nassar,"Oracle ADF, Oracle Database, Web Development, Development",Autodesk Fusion,Beginner,14.5 hours,4.5,1285,5631,"Rp149,000",11/2020,4,0,2,https://www.udemy.com/course/oracle-adf-12c-for-beginner-step-by-step/
Advance Steel from Scratch (under construction),3110940,Creative Engineering Center,"Advance Steel, AutoCAD, Structural Engineering, Engineering, Teaching & Academics",Autodesk Fusion,All Levels,5.5 hours,4.1,158,602,"Rp149,000",10/2020,1,0,0,https://www.udemy.com/course/advance-steel-from-scratch-to-expert/
Oracle Fusion Cloud HCM Talent Management Interview Q&A,6823531,RTL Online Trainings Chandra,"Other IT & Software, IT & Software",Autodesk Fusion,Expert,1 hour,3.9,10,145,"Rp249,000",9/2025,0,0,2,https://www.udemy.com/course/oracle-fusion-cloud-hcm-talent-management-interview-qa/
AUTODESK CIVIL 3D ADVANCED ROADS,6371493,"Antonin Vojtesek, PhD","Other IT & Software, IT & Software",Autodesk Fusion,Intermediate,5.5 hours,4.8,16,57,"Rp299,000",2/2025,0,0,1,https://www.udemy.com/course/autodesk-civil-3d-advanced-roads-assemblies-and-subassemblies/
C# Revit API Plugin Creation Forms and Visualizations,4362580,Enrique Galicia,"C# (programming language), Windows Forms, Programming Languages, Development",Autodesk Fusion,Beginner,2 hours,4.4,19,258,"Rp149,000",2/2023,0,0,1,https://www.udemy.com/course/csharpforms/
Oracle Fusion Financials - Cash Management,6734895,Vikas Handa,"Other IT & Software, IT & Software",Autodesk Fusion,All Levels,3.5 hours,4.7,2,12,"Rp149,000",7/2025,0,0,0,https://www.udemy.com/course/oracle-fusion-financials-cash-management/
Revit Architecture 2020 From Zero to Hero,2425894,Munir Hamad,"Revit, Other IT & Software, IT & Software",Autodesk Fusion,All Levels,19.5 hours,4.6,1914,9452,"Rp149,000",5/2023,0,0,13,https://www.udemy.com/course/revit-architecture-2020/
"Architectural Design, documentation and rendering with Revit",3992132,Mawufemo Ametame,"Architectural Design, Revit, Autodesk, Design",Autodesk Fusion,All Levels,13 hours,4.4,40,146,"Rp279,000",11/2022,1,0,1,https://www.udemy.com/course/architectural-design-documentation-and-rendering-with-revit/
Mastering Oracle Process Automation: Rapid Development,6211199,Ankur Jain,"Workflow, Other IT & Software, IT & Software",Autodesk Fusion,Intermediate,7 hours,4.6,2,40,"Rp429,000",10/2024,0,0,1,https://www.udemy.com/course/oracle-process-automation/
Navisworks Essentials: 4D & 5D BIM for Construction,6244749,Michael Mikhail,"Navisworks, Building Information Modeling (BIM), Construction, Revit, Architectural Design",Autodesk Fusion,All Levels,3.5 hours,4.4,25,1238,"Rp149,000",12/2024,1,0,1,https://www.udemy.com/course/navisworks-essentials-4d-5d-bim-for-construction/
Dell Boomi AtomSphere - IPaaS Beginner Training,2889584,Saad Qureshi,"Dell Boomi, Automation, Data Science, Development",Autodesk Fusion,Beginner,5.5 hours,4.2,433,2134,"Rp149,000",3/2021,0,0,16,https://www.udemy.com/course/dellboomi/
Complete AutoCAD 2021 course : [Both 2D and 3D]-MECHANICAL,3564141,Farug Hussiain,"AutoCAD, Mechanical Engineering, CAD Software, Architectural Design, Design",Autodesk Fusion,Beginner,13.5 hours,4.4,68,323,"Rp149,000",6/2022,3,0,4,https://www.udemy.com/course/complete-autocad-mechanical/
Autodesk Revit & Robot Structural Analysis + Sheets + BOQ,3516692,Ahmad Traboulsi,"Robot Structural Analysis Professional, Revit, Engineering, Teaching & Academics",Autodesk Fusion,All Levels,6.5 hours,4.1,444,42261,"Rp149,000",11/2022,0,0,8,https://www.udemy.com/course/autodesk-revit-robot-building-design-sheets-boq/
LumaFusion Ver 2+ for Beginners,1477762,Lance Tegner,"Video Editing, LumaFusion, Video Design, Photography & Video",Autodesk Fusion,Beginner,4 hours,4.4,306,1716,"Rp149,000",8/2019,0,0,1,https://www.udemy.com/course/luma-fusion-for-beginners/
Absolute Beginner Tribal Fusion Belly Dance with Melissa,5455028,Melissa BellyDance,"Belly Dancing, Dance, Health & Fitness",Autodesk Fusion,All Levels,10 hours,4.7,58,520,"Rp149,000",8/2023,0,0,1,https://www.udemy.com/course/absolutebeginnerstribalfusionwithmelissabellydance/
1Z0-1155-1 Oracle Fusion AI Agent Studio Developer Prof-Prep,7096989,Vilas Bachhav,"IT Certifications, IT & Software",Autodesk Fusion,Expert,N/A,5.0,1,3,"Rp149,000",3/2026,0,0,0,https://www.udemy.com/course/1z0-1155-1-oracle-fusion-ai-agent-studio-developer-prof-prep/
Customizing Oracle Redwood Apps Using Visual Builder Studio,6689223,Ankur Jain,"Other IT & Software, IT & Software",Autodesk Fusion,Intermediate,6 hours,4.0,11,74,"Rp599,000",1/2026,0,0,0,https://www.udemy.com/course/customizing-oracle-redwood-apps-using-visual-builder-studio/
Become an OIC 2 Master: Oracle Integration Cloud Masterclass,4399802,Ravinder Reddy Guduru,"Oracle Integration Cloud (OIC), SQL, Oracle Fusion Cloud Financials, Other IT & Software, IT & Software",Autodesk Fusion,Expert,26 hours,4.4,559,5591,"Rp149,000",1/2024,0,0,0,https://www.udemy.com/course/oracle-integration-cloud-oic-job-ready-training/
The Complete Autodesk Navisworks Course (Arabic),2366948,Muhammed Elkhayat,"Building Information Modeling (BIM), Navisworks, 3D & Animation, Design",Autodesk Fusion,All Levels,12 hours,4.7,64,291,"Rp149,000",8/2020,0,0,1,https://www.udemy.com/course/the-complete-autodesk-navisworks-course/
"BIM Clash Detection with Revit, Navisworks, and Dynamo Tools",1269394,Enrique Galicia,"Navisworks, Dynamo BIM, Building Information Modeling (BIM), Revit, Other IT & Software",Autodesk Fusion,Intermediate,2.5 hours,4.5,303,1856,"Rp149,000",10/2024,2,0,4,https://www.udemy.com/course/clash-detection/
Oracle Fusion HCM - Workforce Compensation,2943854,Anton Rzhanov,"Oracle Fusion HCM, Oracle Cloud, Learning Technologies, Oracle, Office Productivity",Autodesk Fusion,All Levels,9.5 hours,4.3,269,2080,"Rp249,000",4/2022,0,0,0,https://www.udemy.com/course/oracle-fusion-hcm-workforce-compensation/
Robot Structural Analysis (Steel Structure),3786552,Ahmad Traboulsi,"Robot Structural Analysis Professional, Advance Steel, Engineering, Teaching & Academics",Autodesk Fusion,All Levels,3 hours,3.9,250,30076,"Rp149,000",7/2021,0,0,7,https://www.udemy.com/course/autodesk-robot-steel-structure-modeling-analysis-and-design/
Oracle Fusion Cloud HCM Absence Management FAQ Interview Q&A,6505119,RTL Online Trainings Chandra,"Other IT & Software, IT & Software",Autodesk Fusion,Expert,1 hour,4.8,20,188,"Rp149,000",3/2025,0,0,0,https://www.udemy.com/course/oracle-fusion-cloud-hcm-absence-management-faq-interview-qa/
Autodesk Sketchbook Pro 6 for Desktop and iPad,97320,VTC Software Training,"Autodesk SketchBook, Design Tools, Design",Autodesk Fusion,All Levels,7.5 hours,4.5,33,184,"Rp349,000",9/2013,0,0,1,https://www.udemy.com/course/autodesk-sketchbook-pro-6-for-desktop-and-ipad-vtc/
Oracle Fusion HCM Compensation Part-2,6973309,BISP Solutions,"Other IT & Software, IT & Software",Autodesk Fusion,All Levels,1 hour,5.0,1,1,N/A,12/2025,0,0,0,https://www.udemy.com/course/oracle-fusion-hcm-compensation-part-2/
C# Revit API Geometry Extraction and Analysis from Revit,4362582,Enrique Galicia,"C# (programming language), Geometry, Programming Languages, Development",Autodesk Fusion,Beginner,2 hours,3.9,25,202,"Rp149,000",5/2023,0,0,1,https://www.udemy.com/course/revitapigeo/
Learn Oracle Cloud Infrastructure Fundamentals,3992416,Chris Parent,"Oracle Cloud, Other IT & Software, IT & Software",Autodesk Fusion,Beginner,7.5 hours,4.6,2405,13209,"Rp149,000",4/2021,1,0,1,https://www.udemy.com/course/learn-oracle-cloud-infrastructure-fundamentals/
Revit Architecture: Step-by-Step Course for Beginners,6127167,Fábio Sánchez,"Other IT & Software, IT & Software",Autodesk Fusion,Beginner,5 hours,4.7,75,563,"Rp149,000",11/2025,0,0,32,https://www.udemy.com/course/step-by-step-course-in-revit-architecture-for-beginners/
Oracle Visual Builder: Hands-On Real-Time Projects Course,5738652,Ankur Jain,"Oracle Visual Builder, Other IT & Software, IT & Software",Autodesk Fusion,Intermediate,12.5 hours,4.7,11,88,"Rp599,000",1/2024,0,0,4,https://www.udemy.com/course/oracle-visual-builder-hands-on-real-time-projects-course/
"Oracle Apps R12 Functional Training Bundle (Financials, SCM)",1746250,koduru sridevi,"Oracle Business Intelligence, Other IT & Software, IT & Software",Autodesk Fusion,All Levels,45 hours,4.0,335,2185,"Rp149,000",12/2023,2,0,15,https://www.udemy.com/course/oracle-apps-r12-functional-course-financials-scm/
Oracle Fusion HCM - Learning Cloud (OLC),6725231,Krishna P,"Other IT & Software, IT & Software",Autodesk Fusion,All Levels,4.5 hours,3.9,19,84,"Rp149,000",8/2025,0,0,0,https://www.udemy.com/course/oracle-fusion-hcm-learning-cloud/
Functional Principles of Oracle ERP (EBS) - Project Modules,2963858,"Guha Rajan M., B.Engg, MBA","Oracle E-Business Suite, Enterprise Resource Planning (ERP), Oracle ERP, Oracle Cloud, Oracle",Autodesk Fusion,Beginner,4.5 hours,3.5,43,230,"Rp149,000",12/2025,0,0,0,https://www.udemy.com/course/functional-principles-of-oracle-erp-ebs-project-modules/
Introduction to Oracle Visual Builder for Developers: Gen 3,6107619,BEENUM LEARNING,"Oracle Visual Builder, Other IT & Software, IT & Software",Autodesk Fusion,Beginner,11 hours,4.6,88,731,"Rp349,000",2/2026,0,0,109,https://www.udemy.com/course/oracle-vbcs-2024/
Basics of Oracle Fusion AppUI and extending Redwood page,6550731,BEENUM LEARNING,"Other IT & Software, IT & Software",Autodesk Fusion,Beginner,4 hours,4.3,7,52,"Rp349,000",2/2026,0,0,36,https://www.udemy.com/course/appui-extend-redwood/
Learn AutoCAD- 2D and 3D Complete Course,4828516,Ujjwal Tutorial Keep You Ahead,"AutoCAD, Mechanical Engineering, Design Tools, Design",Autodesk Fusion,All Levels,32.5 hours,4.5,55,362,"Rp149,000",1/2026,6,0,233,https://www.udemy.com/course/learn-autocad-2023-mechanical-2d-and-3d-complete-course/
Revit Architecture : Master Class,5923668,Akash Madiwale,"Revit, Building Information Modeling (BIM), 3D Modeling, Architectural Design, Design",Autodesk Fusion,All Levels,10.5 hours,4.6,7,32,"Rp149,000",10/2024,0,0,0,https://www.udemy.com/course/master-class-revit-architecture/
"Oracle Cloud ERP(SaaS) Technical- ICS/VBCS, Dell Boomi Bonus",2447420,Sreeram ERPTech,"Oracle Cloud, Other IT & Software, IT & Software",Autodesk Fusion,All Levels,25 hours,4.6,713,5758,"Rp149,000",8/2025,0,0,193,https://www.udemy.com/course/oracle-cloud-erp-technical/
Quickly Learn Oracle Fusion Calculation Manager,4083268,Vikas Handa,"Oracle Fusion Cloud Financials, Other IT & Software, IT & Software",Autodesk Fusion,All Levels,2 hours,4.5,20,104,"Rp149,000",5/2021,0,0,0,https://www.udemy.com/course/quickly-learn-oracle-fusion-calculation-manager/
Oracle Fusion Business Processes- Finance Modules R13,5009330,Mohammed Salah,"Oracle Fusion Cloud Financials, Other IT & Software, IT & Software",Autodesk Fusion,Beginner,1.5 hours,4.4,4,25,"Rp149,000",3/2023,5,0,0,https://www.udemy.com/course/oracle-fusion-business-processes-finance-modules-r13/
Tips & Tricks for Oracle Integration 3 (OIC 3),5521066,BEENUM LEARNING,"Oracle Integration Cloud (OIC), Other IT & Software, IT & Software",Autodesk Fusion,All Levels,17.5 hours,4.5,18,128,"Rp449,000",2/2026,0,0,163,https://www.udemy.com/course/tipstricks-oracleintegration3/
Beginner's Guide to Multiplayer Game Development in Unity,3841328,Noa Calice (aka Blackthornprod),"Unity, C# (programming language), 2D Game Development, Game Development, Development",Autodesk Fusion,Beginner,1.5 hours,4.4,622,3136,"Rp159,000",2/2021,2,0,0,https://www.udemy.com/course/beginners-guide-to-multiplayer-game-development-in-unity/
Oracle Analytics Server (OAS): Analytics Classic Course,6103939,Mohammed Abdelkarim,"Business Analytics, 1Z0-1041-XX: Oracle Cloud Infrastructure Enterprise Analytics Professional, Oracle Business Intelligence, Business Intelligence (BI), IT Certifications",Autodesk Fusion,All Levels,19 hours,4.5,198,1609,"Rp149,000",1/2026,0,0,5,https://www.udemy.com/course/oracle-analytics-server-oas-analytics-classic-course/
Robot and Advance Steel from scratch(Under construction),3235541,Creative Engineering Center,"Advance Steel, Civil Engineering, Structural Engineering, Robot Structural Analysis Professional, Engineering",Autodesk Fusion,All Levels,9 hours,4.3,45,271,"Rp149,000",10/2020,1,0,0,https://www.udemy.com/course/robot-and-advance-steel-from-scratch-to-expert/
"Oracle Cloud/Fusion Conversion - FBDI , ADF-DI , WebServices",2527206,Mani Jal,"Oracle Fusion HCM, Other IT & Software, IT & Software",Autodesk Fusion,All Levels,1.5 hours,4.6,896,3227,"Rp149,000",10/2019,0,0,0,https://www.udemy.com/course/oracle-cloudfusion-conversion/
"Revit Structure, Robot, Concrete, Advance Steel - AulaGEO",2503550,"AulaGEO Academy, Felix Enzo Garofalo Lanzuisi, Golgi Alvarez","Robot Structural Analysis Professional, Structural Engineering, Revit, Advance Steel, Architectural Design",Autodesk Fusion,All Levels,9 hours,4.1,93,612,"Rp149,000",8/2024,1,0,56,https://www.udemy.com/course/autodesk-structural-projects-structure-robot-steel/
Revit for Beginners: Complete BIM Architecture Course,6907413,CGwisdom Online courses,"Revit, Building Information Modeling (BIM), Architectural Design, Design",Autodesk Fusion,Beginner,8 hours,4.0,1,3,"Rp149,000",11/2025,0,0,1,https://www.udemy.com/course/revit-for-beginners-complete-bim-architecture-course/
Autodesk Revit From Beginner to Professional,5543414,C. Thi Team,"Revit, Architectural Design, Design Tools, Design",Autodesk Fusion,Beginner,20.5 hours,4.0,3,10,"Rp149,000",11/2025,0,0,0,https://www.udemy.com/course/revitfrombeginner-to-professional/
Introduction to Oracle Transportation Management (OTM) Cloud,3162724,Solution Architect/Trainer,"Supply Chain, IT Certifications, IT & Software",Autodesk Fusion,All Levels,3.5 hours,4.1,429,1955,"Rp149,000",6/2025,0,1,5,https://www.udemy.com/course/fundamentalsbasics-oracle-transportation-management-cloud/
A Review of Fundamental Concepts of Instrumentation,7028053,Fusion Academy edu,"Engineering, Teaching & Academics",Autodesk Fusion,Beginner,6.5 hours,4.3,2,5,"Rp149,000",1/2026,0,0,7,https://www.udemy.com/course/a-review-of-fundamental-concepts-of-instrumentation/
Oracle Apps DBA - E-Business Suite Release 12.2,3891136,FineLearn Training,"Oracle E-Business Suite, Other IT & Software, IT & Software",Autodesk Fusion,Intermediate,9.5 hours,4.5,651,2306,"Rp159,000",9/2021,0,0,58,https://www.udemy.com/course/oracle-apps-dba/
Unity Multiplayer - Create Battle Royale with Photon Quantum,6165225,Nikola Garabandić,"Unity, Game Development, Development",Autodesk Fusion,Intermediate,5 hours,4.8,46,319,"Rp149,000",1/2025,4,0,3,https://www.udemy.com/course/photon-quantum-3-beginner-course/
Robot Structural Analysis,2300870,Creative Engineering Center,"Structural Design, Structural Engineering, ETABS, Robot Structural Analysis Professional, Engineering",Autodesk Fusion,Beginner,5.5 hours,4.2,235,1052,"Rp199,000",10/2020,1,0,3,https://www.udemy.com/course/learn-robot-structural-analysis/
Hands-On Oracle Redwood Applications with Visual Builder,6041726,Ankur Jain,"Oracle Visual Builder, Other IT & Software, IT & Software",Autodesk Fusion,Intermediate,8.5 hours,4.4,153,1502,"Rp749,000",5/2025,0,0,1,https://www.udemy.com/course/oracle-redwood-applications-with-visual-builder/
ServiceNow CAD Certified Application Developer Practice Exam,5931984,Farida Khan,"ServiceNow Certified Application Developer (CAD), IT Certifications, IT & Software",Autodesk Fusion,All Levels,N/A,1.0,1,3,"Rp149,000",1/2026,0,0,0,https://www.udemy.com/course/servicenow-cad-certified-application-developer-practice-exa/
PCB Design Course in Eagle CAD: Complete PCB Design Course,3785246,Pradeep Raj,"PCB Design, Electronics, Embedded Systems, Autodesk, Design Tools",Autodesk Fusion,Intermediate,13.5 hours,4.5,164,3587,"Rp149,000",9/2025,0,0,27,https://www.udemy.com/course/getting-started-with-eagle-cad-pcb-design/
Oracle Apps Technical R12 Interview Questions FAQ's Realtime,4863032,Chandra Mohan,"Oracle E-Business Suite, Oracle, Office Productivity",Autodesk Fusion,Expert,6 hours,4.2,55,276,"Rp149,000",10/2024,0,0,1,https://www.udemy.com/course/oracle-apps-technical-r12-interview-questions-answers-real/
MaxScript Basic Course,5688130,Vasyl Lukianenko,"Programming Fundamentals, Autodesk 3ds Max, Software Development Tools, Development",Autodesk Fusion,Beginner,1.5 hours,4.3,5,31,"Rp149,000",12/2023,0,0,4,https://www.udemy.com/course/maxscript-basic-course/
Revit Conceptual Design (BIM Series: LOD 100),4595540,Ehsan Amini,"Revit, Building Information Modeling (BIM), Architectural Design, Design",Autodesk Fusion,Beginner,2 hours,4.7,80,140,"Rp149,000",3/2022,0,0,3,https://www.udemy.com/course/revit-conceptual-design-bim-series-lod-100/
1Z0-1118-23 Oracle Cloud Fusion Analytics Warehouse 2023,5730236,Sania Khan,"IT Certifications, IT & Software",Autodesk Fusion,All Levels,N/A,4.8,3,36,"Rp149,000",12/2023,0,0,0,https://www.udemy.com/course/1z0-1118-23-oracle-cloud-fusion-analytics-warehouse-2023-a/
Oracle BPM 12c for Beginners (step-by-step),1941072,Sameh Nassar,"Business Process Management (BPM), Oracle Database, Web Development, Development",Autodesk Fusion,Beginner,5 hours,4.7,320,1513,"Rp149,000",10/2018,1,0,1,https://www.udemy.com/course/oracle-bpm-12c-for-beginners-step-by-step/
Data Integrations for Revit API Plugins C#,4772718,Enrique Galicia,"C# (programming language), Revit, Programming Languages, Development",Autodesk Fusion,Intermediate,1.5 hours,4.0,16,228,"Rp149,000",1/2023,1,0,1,https://www.udemy.com/course/rapidata/
Tips & Tricks for Oracle Visual Builder (VBCS) application,5058568,BEENUM LEARNING,"Oracle Visual Builder, Other IT & Software, IT & Software",Autodesk Fusion,All Levels,18.5 hours,4.6,34,332,"Rp449,000",2/2026,0,0,166,https://www.udemy.com/course/tips-tricks-for-oracle-visual-builder-vbcs/
Introduction to Oracle Fusion (SaaS) for PaaS Developers,6257603,Skill Manor by BEENUM LEARNING,"Other IT & Software, IT & Software",Autodesk Fusion,Beginner,4.5 hours,4.2,5,21,"Rp329,000",7/2025,0,0,36,https://www.udemy.com/course/introduction-to-oracle-saas-for-paas/
LumaFusion for Beginners: Video Editing in LumaFusion (2.3+),3292654,Friedemann Wittlinger,"LumaFusion, Video Creation, Video Editing, Video Design, Photography & Video",Autodesk Fusion,Beginner,1.5 hours,4.6,105,535,"Rp149,000",9/2020,3,0,2,https://www.udemy.com/course/lumafusion-for-beginners/
Certificate Course in Autodesk Sketchbook,4175824,Venkatesh B,"Autodesk SketchBook, Digital Painting, Graphic Design & Illustration, Design",Autodesk Fusion,Beginner,5.5 hours,3.9,21,150,"Rp149,000",8/2025,0,0,0,https://www.udemy.com/course/certificate-course-in-autodesk-sketchbook/
Oracle Apps R12 Course Bundle and Oracle Fusion Financials,2438444,koduru sridevi,"Oracle RAC, Other IT & Software, IT & Software",Autodesk Fusion,All Levels,123 hours,3.9,50,350,"Rp149,000",8/2020,1,0,21,https://www.udemy.com/course/oracle-apps-r12-fusion-cloud-training-course/
Master DaVinci Resolve 20: Pro Video Editing [updated 2025],4660364,Alex Assenmacher,"DaVinci Resolve, Video Design, Photography & Video",Autodesk Fusion,All Levels,3.5 hours,4.5,470,1893,"Rp149,000",1/2026,1,0,2,https://www.udemy.com/course/davinci-18/
Oracle Business Intelligence Publisher (OAS BIP),4259164,Mohammed Abdelkarim,"Oracle Business Intelligence, Other IT & Software, IT & Software",Autodesk Fusion,All Levels,17.5 hours,4.5,674,3947,"Rp149,000",11/2025,1,0,10,https://www.udemy.com/course/oracle-business-intelligence-publisher-oas/
Oracle Fusion Technical-Data Conversion Automation using ATP,4256024,Team sharpenskill.com,"Data Migration, Oracle Cloud, Database Design & Development, Development",Autodesk Fusion,Intermediate,9 hours,4.1,78,819,"Rp149,000",7/2022,0,0,0,https://www.udemy.com/course/fusion-technical-data-migration-automation-with-oracle-atp/
Revit API C# Views Sheets and Schedules,5132680,Enrique Galicia,"Revit, Other IT & Software, IT & Software",Autodesk Fusion,Intermediate,2 hours,4.0,16,159,"Rp149,000",4/2023,0,0,1,https://www.udemy.com/course/apics_vss/
Autodesk Revit for Structural Engineering (For Beginners),5722312,Ismail Fares,"Revit, Structural Engineering, Engineering, Teaching & Academics",Autodesk Fusion,Beginner,3 hours,3.4,4,16,"Rp279,000",12/2023,0,0,0,https://www.udemy.com/course/autodesk-revit-for-structural-engineering-for-beginners/
Oracle Fusion End to End Tax Module Training sessions,3161446,Srinibas Mohanty,"Oracle Fusion Cloud Financials, Oracle Cloud, Other IT & Software, IT & Software",Autodesk Fusion,All Levels,7 hours,3.7,34,145,"Rp379,000",5/2020,0,0,1,https://www.udemy.com/course/oracle-fusion-end-to-end-tax-module-training/
3ds Max fundamentals Practice Tests,5327354,Roman Valiev,"Autodesk 3ds Max, 3D & Animation, Design",Autodesk Fusion,All Levels,N/A,5.0,1,4,"Rp149,000",5/2023,0,0,0,https://www.udemy.com/course/3ds-max-fundamentals-practice-tests/
Build Your Multiplayer VR Game From Scratch With Fusion,5700004,"IRONHEAD Games, Tevfik Ufuk DEMİRBAŞ","Virtual Reality, Game Development Fundamentals, Unity, Game Development, Development",Autodesk Fusion,All Levels,4.5 hours,4.1,31,280,"Rp149,000",4/2024,5,0,21,https://www.udemy.com/course/build-your-multiplayer-vr-game-from-scratch-with-fusion/
Oracle Fusion Payroll,5300504,Pankaj Sharma,"Oracle Fusion HCM, Other IT & Software, IT & Software",Autodesk Fusion,Beginner,5.5 hours,5.0,17,64,"Rp1,799,000",4/2023,0,0,0,https://www.udemy.com/course/oracle-fusion-payroll/
Oracle Fusion General Ledger Cloud Training,2317846,Koduru Sridevi,"Financial Accounting, Other IT & Software, IT & Software",Autodesk Fusion,All Levels,8.5 hours,3.5,25,103,"Rp149,000",11/2019,1,0,5,https://www.udemy.com/course/oracle-fusion-general-ledger-training/
"PMP Exam Maths, Formulas & Equations Simplified for PMP 7",1916776,Ahsan Riaz | Oracle Fusion HCM,"PMI Project Management Professional (PMP), Project Management, Business",Autodesk Fusion,Beginner,6 hours,4.4,366,3819,"Rp149,000",10/2024,0,0,0,https://www.udemy.com/course/pmp-exam-maths-formulas-equations-numericals-simplified/
Basic PlugIn Development with Navisworks API C#,5105268,Enrique Galicia,"Navisworks, Other IT & Software, IT & Software",Autodesk Fusion,Beginner,1.5 hours,4.5,25,170,"Rp149,000",1/2023,1,0,1,https://www.udemy.com/course/nwapicsh/
Skilled building designer - Managing BIM/Revit work,6203759,Wei Lin,"Architectural Design, Design",Autodesk Fusion,Intermediate,3.5 hours,5.0,1,20,"Rp149,000",10/2024,4,0,16,https://www.udemy.com/course/skilled-building-designer-managing-bimrevit-work/
Dell Boomi Fundamentals,6921563,Srinivas Vanamala,"Dell Boomi, Data Science, Development",Autodesk Fusion,All Levels,5 hours,4.5,14,86,"Rp149,000",11/2025,0,0,0,https://www.udemy.com/course/dell-boomi-fundamentals/
Oracle Fusion Procurement Certification -1Z0-1065-20,3945358,Oracle Apps Help,"1Z0-1065-XX: Oracle Fusion Cloud Procurement Implementation Professional, IT Certifications, IT & Software",Autodesk Fusion,Intermediate,N/A,4.2,9,86,"Rp149,000",4/2021,0,0,0,https://www.udemy.com/course/oracle-fusion-procurement-certification-1z0-1065-20/
Revit Made Easy: Complete Course for Architects & Designers,6265233,Shreyank M K,"Architectural Design, Design",Autodesk Fusion,All Levels,6 hours,5.0,1,4,"Rp149,000",11/2024,0,0,0,https://www.udemy.com/course/revit-made-easy-complete-course-for-architects-designers/
Oracle Apps R12 Inventory and Order Management Bundle,3376538,koduru sridevi,"Oracle E-Business Suite, Other IT & Software, IT & Software",Autodesk Fusion,All Levels,13.5 hours,4.1,13,116,"Rp149,000",8/2020,0,0,0,https://www.udemy.com/course/oracle-apps-r12-inventory-order-management/
Complete Revit Architecture From Beginners To Expert,4624498,Daily Learn International Institute,"Revit, Architectural Design, Design",Autodesk Fusion,All Levels,25.5 hours,4.5,126,504,"Rp149,000",1/2023,0,0,4,https://www.udemy.com/course/revit-architecture-a/
Practice exams: 1Z0-1079-23,5560524,Excelevate Courses,"IT Certifications, IT & Software",Autodesk Fusion,All Levels,N/A,4.0,5,55,"Rp149,000",9/2023,0,0,0,https://www.udemy.com/course/practice-exams-1z0-1079-23-k/
The Complete AutoDesk AutoCAD 2D Professional Master Course,5127324,Engr Hedaetullah,"AutoCAD, Architectural Design, Design",Autodesk Fusion,All Levels,4 hours,4.4,44,1878,"Rp149,000",5/2023,1,0,0,https://www.udemy.com/course/the-complete-autodesk-autocad-2d-professional-master-course/
1Z0-1065-24:Oracle Fusion Cloud Procurement 2024,6188689,Aytan Vahidova,"1Z0-1065-XX: Oracle Fusion Cloud Procurement Implementation Professional, IT Certifications, IT & Software",Autodesk Fusion,Intermediate,N/A,4.3,22,114,"Rp149,000",10/2024,0,0,0,https://www.udemy.com/course/1z0-1065-24oracle-fusion-cloud-procurement-2024/
Oracle Process Cloud (PCS),4495234,Ankur Jain,"Oracle Cloud, Process Modeling, Other IT & Software, IT & Software",Autodesk Fusion,All Levels,8 hours,4.5,117,809,"Rp429,000",3/2023,0,0,1,https://www.udemy.com/course/oracle-process-cloud-pcs/
Bridge Specialization - Revit + Robot & OpenBridge - AulaGEO,5802774,Golgi Alvarez,"Civil Engineering, Structural Design, Robot Structural Analysis Professional, Revit, Engineering",Autodesk Fusion,All Levels,7 hours,4.4,18,1164,"Rp149,000",3/2024,0,0,28,https://www.udemy.com/course/bridge-specialization-revit-robot-openbridge-aulageo/
Oracle E-Business Suite (R12.1.3) Technical RICEW,2355222,Sreeram ERPTech,"Oracle E-Business Suite, Other IT & Software, IT & Software",Autodesk Fusion,All Levels,21.5 hours,4.6,1034,6182,"Rp149,000",6/2025,0,0,52,https://www.udemy.com/course/oracle-e-business-suite-r1213-technical-ricew/
Mini project ideas for beginners in OIC/ VBCS/ PCS/ Fusion,4801834,Skill Manor by BEENUM LEARNING,"Oracle Integration Cloud (OIC), Web Development, Oracle Cloud, Oracle Visual Builder, Other IT & Software",Autodesk Fusion,Beginner,3 hours,4.7,3,58,"Rp279,000",12/2023,0,0,23,https://www.udemy.com/course/miniprojects-oic-vbcs-pcs-erp/
Oracle Apps Financials and Fusion Cloud Financials Bundle,2427066,koduru sridevi,"Oracle Fusion Cloud Financials, Oracle Administration, Other IT & Software, IT & Software",Autodesk Fusion,All Levels,49 hours,3.4,44,234,"Rp149,000",8/2020,1,0,12,https://www.udemy.com/course/oracle-apps-r12-financials-fusion-cloud-financials-bundle/
Sketchbook Pro for Beginners on PC Mac and iPad Pro,808542,Rich Graysonn,"Autodesk SketchBook, Digital Art, Graphic Design, Digital Painting, Graphic Design & Illustration",Autodesk Fusion,All Levels,6 hours,4.3,599,10124,"Rp149,000",8/2022,0,0,1,https://www.udemy.com/course/learn-sketchbook-pro-in-a-weekend/
Master Character Animation in 3ds Max with Pro Techniques,1953770,A4Animation School,"Autodesk 3ds Max, 3D Modeling, 3D Rigging, Character Animation, 3D & Animation",Autodesk Fusion,All Levels,2 hours,4.1,73,398,"Rp149,000",5/2024,0,0,25,https://www.udemy.com/course/super-easy-fun-3d-character-animation-in-3dsmax-part-i/
"Draw, Design, and Document Your Structure Projects - AulaGEO",2453732,"AulaGEO Academy, Felix Enzo Garofalo Lanzuisi","Structural Engineering, Structural Design, Building Information Modeling (BIM), Revit, Engineering",Autodesk Fusion,Expert,3.5 hours,3.8,75,395,"Rp149,000",2/2025,1,0,21,https://www.udemy.com/course/revit-for-structural-engineering/
Learn Integration in Oracle Integration 2 (OIC 2): Gen 2,4513728,BEENUM LEARNING,"Oracle Integration Cloud (OIC), Other IT & Software, IT & Software",Autodesk Fusion,Beginner,10 hours,4.4,221,1872,"Rp449,000",8/2024,0,0,47,https://www.udemy.com/course/learn-integration-in-oracle-integration-oic-from-scratch/
Oracle Apps R12 Purchasing and Order Management Bundle,3376258,koduru sridevi,"Oracle E-Business Suite, Other IT & Software, IT & Software",Autodesk Fusion,All Levels,13 hours,4.2,15,104,"Rp149,000",8/2020,0,0,0,https://www.udemy.com/course/oracle-apps-r12-purchasing-order-management/
Learn Oracle Visual Builder by examples,4411176,Ankur Jain,"Oracle Visual Builder, Web Development, Development",Autodesk Fusion,Intermediate,19.5 hours,4.4,249,2471,"Rp699,000",3/2026,0,0,39,https://www.udemy.com/course/learn-oracle-visual-builder-by-examples/
