course_title,course_id,lecturer_name,related_topics,subject,level,durations,ratings,num_ratings,student,price,last_update,articles,exercise,downloadable_resources,url
Be Amazing in Affinity by Canva: Beginner to Intermediate,6913905,Tim Wilson,"Graphic Design & Illustration, Design",Affinity Designer,All Levels,19 hours,4.7,246,1535,"Rp149,000",3/2026,0,0,0,https://www.udemy.com/course/affinity-vector-pixel-layout-complete/
Affinity Designer: The Complete Guide to Affinity Designer,1407170,"Jeremy Hazel, Video School","Affinity Designer, Graphic Design, Design Tools, Design",Affinity Designer,All Levels,23.5 hours,4.5,5240,49392,"Rp159,000",4/2024,22,0,32,https://www.udemy.com/course/affinity-designer-the-complete-guide-to-affinity-designer/
Affinity Designer Desktop V2 - From Beginner to Pro Level,5281376,Tim Wilson,"Affinity Designer, Graphic Design & Illustration, Design",Affinity Designer,All Levels,11.5 hours,4.7,421,2079,"Rp159,000",8/2023,0,0,2,https://www.udemy.com/course/affinity-designer-desktop-v2/
Affinity Designer for Beginners | Updated for Version 2,5009896,Affinity Revolution,"Affinity Designer, Graphic Design & Illustration, Design",Affinity Designer,Beginner,4.5 hours,4.8,468,1868,"Rp149,000",12/2022,1,0,1,https://www.udemy.com/course/affinity-designer-for-beginners-version-2/
Ultimate Affinity Designer V2 on the iPad - Zero to Hero,5831952,Tim Wilson,"Affinity Designer, Graphic Design & Illustration, Design",Affinity Designer,Beginner,8 hours,4.8,184,859,"Rp149,000",3/2024,2,0,0,https://www.udemy.com/course/ultimate-affinity-designerv2-ipad-zerotohero/
Affinity Designer: Solid Foundations,2800882,Simon Foster,"Affinity Designer, Graphic Design & Illustration, Design",Affinity Designer,Beginner,19 hours,4.8,1892,9068,"Rp149,000",12/2023,0,0,74,https://www.udemy.com/course/affinity-designer-solid-foundations/
Affinity Designer: Beyond the Basics!,5137528,Affinity Revolution,"Affinity Designer, Graphic Design & Illustration, Design",Affinity Designer,Intermediate,6 hours,4.7,148,986,"Rp149,000",2/2023,1,0,1,https://www.udemy.com/course/affinity-designer-beyond-the-basics/
Ultimate Affinity Designer 2 on iPad The Complete Course,5395440,Jhon Silva,"Affinity Designer, Illustration, Vector Graphics, Graphic Design & Illustration, Design",Affinity Designer,All Levels,5.5 hours,4.6,149,818,"Rp159,000",6/2023,0,0,1,https://www.udemy.com/course/affinitydesigner2ipad/
"Learn the Entire Affinity Suite: Photo, Designer & Publisher",2613184,"Jeremy Hazel, Lindsay Marsh","Affinity Publisher, Affinity Designer, Affinity Photo, Design Tools, Design",Affinity Designer,Beginner,13 hours,4.3,2191,14581,"Rp199,000",9/2022,8,0,13,https://www.udemy.com/course/learn-the-entire-affinity-suite-photo-designer-publisher/
Isometric Drawing in Affinity Designer,6036492,Affinity Revolution,"Affinity Designer, Graphic Design & Illustration, Design",Affinity Designer,All Levels,5.5 hours,4.8,54,264,"Rp149,000",6/2024,1,0,1,https://www.udemy.com/course/isometric-drawing-in-affinity-designer/
Guide to Make Vector Art in Affinity Designer,6418575,Mark Krukowski,"Affinity Designer, Digital Art, Graphic Design & Illustration, Design",Affinity Designer,Beginner,3 hours,5.0,1,18,"Rp149,000",3/2025,2,0,0,https://www.udemy.com/course/vector-art-in-affinity-designer/
Affinity Publisher for Beginners | Updated for Version 2,5018966,Affinity Revolution,"Affinity Publisher, Graphic Design & Illustration, Design",Affinity Designer,Beginner,5 hours,4.8,520,2112,"Rp149,000",12/2022,1,0,1,https://www.udemy.com/course/affinity-publisher-for-beginners-updated-for-version-2/
Affinity in an Afternoon,4788034,Jeremy Hazel,"Affinity Designer, Vector Graphics, Graphic Design & Illustration, Design",Affinity Designer,Beginner,3 hours,4.9,58,277,"Rp149,000",10/2022,1,0,1,https://www.udemy.com/course/affinity-in-an-afternoon/
Vector Logo Design in Affinity Designer,1067516,Daniel Evans,"Vector Graphics, Personal Branding, Affinity Designer, Logo Design, Graphic Design & Illustration",Affinity Designer,All Levels,4 hours,4.5,963,5944,"Rp149,000",2/2023,2,0,19,https://www.udemy.com/course/logoaffinitydesigner/
Affinity Designer- Design artistic text and Create Fonts,1780164,Jeremy Hazel,"Affinity Designer, Graphic Design & Illustration, Design",Affinity Designer,Beginner,5 hours,4.7,329,3776,"Rp149,000",10/2018,0,0,32,https://www.udemy.com/course/affinity-designer-design-artistic-text-and-create-fonts/
Introduction Affinity Designer 2 for Desktop,5987580,Jhon Silva,"Affinity Designer, Graphic Design, Vector Graphics, Design Tools, Design",Affinity Designer,All Levels,7.5 hours,4.7,3,12,"Rp149,000",6/2024,0,0,0,https://www.udemy.com/course/affinityclass/
Affinity Designer on the iPad Course - Zero to Hero - V1,4617952,Tim Wilson,"Affinity Designer, Graphic Design & Illustration, Design",Affinity Designer,Beginner,6.5 hours,4.8,42,228,"Rp149,000",3/2024,1,0,0,https://www.udemy.com/course/amazing-affinity-designer-ipad-z-h/
Affinity Designer Complete Course: Beginner to Advanced,1552728,Filip Kordanovski,"Affinity Designer, Logo Design, Web Design, Graphic Design, Graphic Design & Illustration",Affinity Designer,All Levels,7.5 hours,4.2,140,1005,"Rp149,000",5/2018,3,0,2,https://www.udemy.com/course/affinity-designer-complete-course-beginner-to-advanced/
The Affinity Designer Crash Course,1678686,Brad Colbow,"Affinity Designer, Design Tools, Design",Affinity Designer,Beginner,3.5 hours,4.7,833,3234,"Rp149,000",5/2018,0,0,22,https://www.udemy.com/course/the-affinity-designer-crash-course/
Affinity Designer: Beginner's Introduction Course,5240392,Weronika Salach,"Affinity Designer, Design Tools, Design",Affinity Designer,Beginner,1.5 hours,4.9,6,28,"Rp149,000",3/2023,0,0,0,https://www.udemy.com/course/affinity-designer-beginners-introduction-course/
T shirt Design in Affinity Designer for Desktop,4044850,Jeremy Hazel,"Affinity Designer, Graphic Design & Illustration, Design",Affinity Designer,Beginner,9 hours,4.7,252,1416,"Rp149,000",5/2021,9,0,9,https://www.udemy.com/course/t-shirt-design-in-affinity-designer-for-desktop/
Affinity Designer 2: From Zero to Digital Creator,6894325,UP GraphicDesign,"Affinity Designer, Graphic Design & Illustration, Design",Affinity Designer,All Levels,8.5 hours,4.7,N/A,5,"Rp149,000",11/2025,0,0,0,https://www.udemy.com/course/affinity-designer-2-course-for-beginners/
Web Design in Affinity Designer Masterclass,1309636,Dawid Tuminski,"Affinity Designer, User Experience (UX) Design, Web Design, Design",Affinity Designer,Intermediate,7.5 hours,4.5,552,3998,"Rp149,000",4/2019,3,0,17,https://www.udemy.com/course/web-design-affinity-designer-affinity-photo-windows-serif/
Affinity Designer Course Project-based Learning Experience,3996040,Mark Krukowski,"Affinity Designer, Vector Graphics, Digital Art, Graphic Design, Graphic Design & Illustration",Affinity Designer,Beginner,6.5 hours,4.3,13,123,"Rp149,000",12/2023,0,0,2,https://www.udemy.com/course/affinity-designer-course-project-based-learning/
How to Draw Vector Shapes in Affinity Designer,5396892,Mark Krukowski,"Affinity Designer, Graphic Design & Illustration, Design",Affinity Designer,All Levels,4 hours,4.8,18,99,"Rp149,000",3/2026,2,0,1,https://www.udemy.com/course/how-to-draw-vector-shapes-in-affinity-designer/
How to Make Logos in Affinity Designer,6385687,Affinity Revolution,"Logo Design, Affinity Designer, Graphic Design & Illustration, Design",Affinity Designer,Beginner,3 hours,5.0,17,101,"Rp149,000",6/2025,1,0,1,https://www.udemy.com/course/how-to-make-logos-in-affinity-designer/
Affinity Photo for Beginners | Updated for Version 2,4975952,Affinity Revolution,"Affinity Photo, Digital Photography, Photography & Video",Affinity Designer,Beginner,7 hours,4.8,683,2814,"Rp149,000",11/2022,1,0,1,https://www.udemy.com/course/affinity-photo-for-beginners-version-2/
Beginner to Wow - Affinity Photo Version 2,4986626,Tim Wilson,"Affinity Photo, Design Tools, Design",Affinity Designer,Beginner,5 hours,4.9,412,1798,"Rp149,000",11/2022,0,0,1,https://www.udemy.com/course/beginner-to-wow-affinity-photo-v2/
Affinity Publisher: Beyond the Basics!,5030604,Affinity Revolution,"Affinity Publisher, Graphic Design & Illustration, Design",Affinity Designer,Intermediate,4.5 hours,4.8,155,911,"Rp149,000",12/2022,1,0,1,https://www.udemy.com/course/affinity-publisher-beyond-the-basics/
Mastering Affinity Designer 17 Tips & Tricks,5694626,Mark Krukowski,"Affinity Designer, Graphic Design & Illustration, Design",Affinity Designer,All Levels,2 hours,4.7,14,63,"Rp149,000",12/2023,0,0,3,https://www.udemy.com/course/mastering-affinity-designer-tips-tricks/
Mastering Affinity Designer V2 on the iPad,6219457,Priscilla Adei-Cardwell,"Affinity Designer, Graphic Design & Illustration, Design",Affinity Designer,All Levels,2 hours,5.0,3,27,"Rp149,000",10/2024,0,0,3,https://www.udemy.com/course/mastering-affinity-designer-v2-on-the-ipad/
Affinity Designer for the iPad,3520908,Simon Foster,"Graphic Design, Graphic Design & Illustration, Design",Affinity Designer,Beginner,16 hours,4.4,664,3293,"Rp149,000",11/2023,0,0,50,https://www.udemy.com/course/affinity-designer-for-the-ipad/
Intermediate - Advanced Course in Affinity Publisher V1 & V2,4277368,Tim Wilson,"Affinity Publisher, Graphic Design & Illustration, Design",Affinity Designer,Intermediate,6 hours,4.7,249,1598,"Rp149,000",11/2022,1,0,11,https://www.udemy.com/course/int-adv-affinity-publisher/
Be a Pen Tool Pro in Affinity on Desktop,6247263,Jeremy Hazel,"Vector Graphics, Graphic Design & Illustration, Design",Affinity Designer,Beginner,1.5 hours,4.8,33,146,"Rp149,000",10/2024,2,0,2,https://www.udemy.com/course/be-a-pen-tool-pro-in-affinity-on-desktop/
Modern Flat Design in Affinity Designer Masterclass,1697906,Dawid Tuminski,"Affinity Designer, Affinity Photo, Adobe Illustrator, Graphic Design & Illustration, Design",Affinity Designer,Intermediate,10 hours,4.6,264,2288,"Rp149,000",9/2019,0,0,7,https://www.udemy.com/course/flat-design-affinity-designer-tutorial-affinity-photo-trial-windows/
Affinity Designer 1.8. From Zero To Superhero,3009604,Dawid Tuminski,"Affinity Designer, Design Tools, Design",Affinity Designer,All Levels,2.5 hours,4.5,58,2148,"Rp149,000",4/2020,0,0,14,https://www.udemy.com/course/affinity-designer-1-8-from-zero-to-superhero/
Affinity Photo for the iPad,1411952,Simon Foster,"Affinity Photo, Photography, Digital Photography, Photography & Video",Affinity Designer,Beginner,12 hours,4.7,1599,7955,"Rp149,000",1/2023,0,0,75,https://www.udemy.com/course/affinity-photo-for-the-ipad/
Affinity Publisher - The Essentials for Beginners V1 & V2,4275050,Tim Wilson,"Affinity Publisher, Graphic Design & Illustration, Design",Affinity Designer,Beginner,5.5 hours,4.6,434,1786,"Rp149,000",11/2022,1,0,1,https://www.udemy.com/course/affinity-publisher-the-essentials/
The robot workshop- Building assets in Affinity Designer,2254211,Jeremy Hazel,"Affinity Designer, Vector Graphics, Design Tools, Design",Affinity Designer,Intermediate,4 hours,4.8,25,265,"Rp149,000",3/2019,0,0,25,https://www.udemy.com/course/the-robot-workshop-building-assets-in-affinity-designer/
Affinity Designer version 2 the complete course,3471744,Nicolas Forgue,"Affinity Designer, Graphic Design & Illustration, Design",Affinity Designer,All Levels,15 hours,4.2,3,20,"Rp149,000",7/2025,0,0,25,https://www.udemy.com/course/affinity-designer-the-complete-course/
Affinity Designer: The Complete Guide to Creating Vector Art,329286,Ronnie McBride,"Vector Graphics, Affinity Photo, Art History, Affinity Designer, Design Tools",Affinity Designer,Beginner,5 hours,4.4,585,3267,"Rp149,000",12/2020,0,0,16,https://www.udemy.com/course/the-beginners-guide-to-affinity-designer/
Affinity Designer : Vector Graphic for Absolute Beginners,1532176,Jay Mayu,"Affinity Designer, Vector Graphics, Digital Art, Illustration, Graphic Design & Illustration",Affinity Designer,All Levels,5.5 hours,4.3,64,2085,"Rp149,000",11/2018,4,0,13,https://www.udemy.com/course/affinity-designer-vector-graphic-for-absolute-beginners/
The Beginner's Ultimate Guide to Affinity Designer,1219114,Dawid Tuminski,"Affinity Designer, Design Tools, Design",Affinity Designer,Beginner,3.5 hours,4.2,229,1236,"Rp149,000",6/2020,4,0,27,https://www.udemy.com/course/how-to-affinity-designer-tutorial-windows-affinity-photo/
Master Selections in Affinity Photo,6804849,Affinity Revolution,"Affinity Photo, Digital Photography, Photography & Video",Affinity Designer,All Levels,4 hours,4.9,11,59,"Rp149,000",9/2025,1,0,1,https://www.udemy.com/course/master-selections-in-affinity-photo/
How To Create App Icons in Affinity Designer,2095440,Dawid Tuminski,"Affinity Designer, Design Tools, Design",Affinity Designer,All Levels,3.5 hours,4.6,30,783,"Rp149,000",12/2018,0,0,1,https://www.udemy.com/course/how-to-affinity-photo-app-icons-affinity-designer/
Affinity Photo: Beyond the Basics!,5192402,Affinity Revolution,"Affinity Photo, Digital Photography, Photography & Video",Affinity Designer,Intermediate,6.5 hours,4.7,206,1314,"Rp149,000",6/2023,1,0,1,https://www.udemy.com/course/affinity-photo-beyond-the-basics/
Affinity Publisher - The Complete Course for Beginners,3442894,George Smarts,"Affinity Publisher, Design Tools, Design",Affinity Designer,Beginner,4 hours,4.6,159,6153,"Rp149,000",3/2026,1,0,6,https://www.udemy.com/course/affinity-publisher-the-complete-tutorial-for-beginners/
What's New in Affinity Designer 2?,5004340,Mark Krukowski,"Affinity Designer, Design Tools, Design",Affinity Designer,All Levels,2.5 hours,4.8,9,120,"Rp149,000",12/2023,3,0,3,https://www.udemy.com/course/whats-new-in-affinitydesigner2/
Affinity Photo 2: Solid Foundations,5139104,Simon Foster,"Affinity Photo, Digital Photography, Photography & Video",Affinity Designer,Beginner,15 hours,4.5,461,2484,"Rp149,000",9/2023,0,0,81,https://www.udemy.com/course/affinity-photo-2-solid-foundations/
Affinity Designer 2 Beginner in Illustration [Updated!],5114100,Jhon Silva,"Affinity Designer, Drawing, Vector Graphics, Illustration, Design Tools",Affinity Designer,Beginner,4.5 hours,4.3,20,97,"Rp149,000",7/2024,0,0,4,https://www.udemy.com/course/affinity-designer-20-beginner-in-illustration-in-1-day/
Affinity Photo 1: Beginner to Pro via Reference and Workflow,1654560,Simon Foster,"Affinity Photo, Workflow, Photography, Digital Photography, Photography & Video",Affinity Designer,Beginner,18 hours,4.5,1458,8397,"Rp149,000",4/2023,0,0,129,https://www.udemy.com/course/affinity-photo-beginner-to-pro-via-reference-and-workflow/
"Graphic Design Bootcamp: Canva, Affinity Designer, Inkscape",6450461,Christ Raharja,"Canva, Graphic Design, Affinity Designer, AI Art Generation, Graphic Design & Illustration",Affinity Designer,All Levels,2.5 hours,4.8,5,2579,"Rp149,000",11/2025,0,0,18,https://www.udemy.com/course/graphic-design-bootcamp-canva-affinity-designer-inkscape/
Affinity Publisher on the iPad Version 2 - The Essentials,5031404,Tim Wilson,"Affinity Publisher, Graphic Design & Illustration, Design",Affinity Designer,Beginner,4 hours,4.8,66,419,"Rp149,000",12/2022,0,0,1,https://www.udemy.com/course/affinity-publisher-ipad-v2-essentials/
Master RAW Editing in Affinity Photo,5957246,Affinity Revolution,"Affinity Photo, Digital Photography, Photography & Video",Affinity Designer,Beginner,1 hour,4.8,30,122,"Rp149,000",5/2024,1,0,1,https://www.udemy.com/course/master-raw-editing-in-affinity-photo/
The ultimate tool makers guide to the Affinity Suite,3546800,Jeremy Hazel,"Affinity Designer, Design Tools, Design",Affinity Designer,Intermediate,9.5 hours,4.6,59,536,"Rp149,000",11/2020,8,0,8,https://www.udemy.com/course/the-ultimate-tool-makers-guide-to-the-affinity-suite/
Graphic Design Masterclass - Learn GREAT Design,1643044,Lindsay Marsh,"Graphic Design, Logo Design, Adobe Illustrator, Adobe Photoshop, Graphic Design & Illustration",Affinity Designer,Beginner,31.5 hours,4.6,72874,295271,"Rp169,000",11/2025,1,0,56,https://www.udemy.com/course/graphic-design-masterclass-everything-you-need-to-know/
Master Adjustment Layers in Affinity Photo,6227131,Affinity Revolution,"Affinity Photo, Digital Photography, Photography & Video",Affinity Designer,Beginner,3 hours,4.7,35,182,"Rp149,000",10/2024,1,0,1,https://www.udemy.com/course/master-adjustment-layers-in-affinity-photo/
The Complete Affinity Designer for iPad Course,1948500,"Jeremy Hazel, Video School, Phil Ebiner","Affinity Designer, Graphic Design & Illustration, Design",Affinity Designer,Beginner,9 hours,4.3,909,10702,"Rp209,000",9/2023,0,0,33,https://www.udemy.com/course/the-complete-affinity-designer-for-ipad-course/
Vector Drawing on the iPad with Affinity Designer,1886802,Brad Colbow,"Affinity Designer, Vector Graphics, Design Tools, Design",Affinity Designer,Beginner,4.5 hours,4.7,1702,7426,"Rp149,000",10/2019,0,0,21,https://www.udemy.com/course/vector-drawing-on-the-ipad-with-affinity-designer/
Master Retouching in Affinity Photo,6061517,Affinity Revolution,"Affinity Photo, Digital Photography, Photography & Video",Affinity Designer,Beginner,5.5 hours,4.7,17,145,"Rp149,000",7/2024,1,0,1,https://www.udemy.com/course/master-retouching-in-affinity-photo/
Create Amazing Macros in Affinity Photo,6029020,Affinity Revolution,"Affinity Photo, Digital Photography, Photography & Video",Affinity Designer,Beginner,4 hours,4.8,17,125,"Rp149,000",6/2024,2,0,1,https://www.udemy.com/course/create-amazing-macros-in-affinity-photo/
Affinity Photo: A Beginner's Guide to Photo Compositing,2335774,"Jeremy Hazel, Video School, Phil Ebiner","Affinity Photo, Graphic Design, Image Editing, Digital Compositing, Graphic Design & Illustration",Affinity Designer,Beginner,5 hours,4.6,474,20168,"Rp149,000",4/2024,8,0,30,https://www.udemy.com/course/affinity-photo-a-beginners-guide-to-photo-compositing/
Affinity Publisher version 2 the complete course,3494038,Nicolas Forgue,"Affinity Publisher, Design Tools, Design",Affinity Designer,All Levels,13 hours,3.9,31,135,"Rp149,000",7/2025,0,0,23,https://www.udemy.com/course/affinity-publisher-the-complete-course/
Affinity Designer 2 - The Crash Course for Beginners,5080358,Kai Pruin,"Affinity Designer, Graphic Design & Illustration, Design",Affinity Designer,Beginner,2 hours,5.0,3,31,"Rp149,000",1/2023,2,0,1,https://www.udemy.com/course/affinity-designer-2-the-crash-course-for-beginners/
Affinity Crash Course,6979769,Rohit Kumar Verma,"Affinity Designer, Affinity Photo, Design Tools, Design",Affinity Designer,Intermediate,3 hours,2.9,4,263,"Rp149,000",3/2026,0,0,0,https://www.udemy.com/course/affinity-crash-course/
Master Black & White Editing in Affinity Photo,6033132,Affinity Revolution,"Affinity Photo, Digital Photography, Photography & Video",Affinity Designer,Beginner,2.5 hours,4.8,30,147,"Rp149,000",6/2024,1,0,1,https://www.udemy.com/course/master-black-white-editing-in-affinity-photo/
Affinity Designer - making seamless patterns,1114164,Sly Hofman,"Affinity Designer, Surface Pattern Design, Graphic Design & Illustration, Design",Affinity Designer,All Levels,1 hour,4.4,96,401,"Rp149,000",2/2017,0,0,0,https://www.udemy.com/course/affinity-designer-making-seamless-patterns/
Affinity Designer: A Comprehensive Guide for Beginners,1288682,Jestoni Esteban,"Affinity Designer, Affinity Photo, Design Tools, Design",Affinity Designer,Beginner,2.5 hours,4.4,43,2545,"Rp149,000",4/2018,3,0,2,https://www.udemy.com/course/affinity-designer-a-comprehensive-guide-for-beginners/
Master Blend Modes in Affinity Photo,6275695,Affinity Revolution,"Affinity Photo, Digital Photography, Photography & Video",Affinity Designer,Beginner,2.5 hours,4.8,14,67,"Rp149,000",11/2024,1,0,1,https://www.udemy.com/course/master-blend-modes-in-affinity-photo/
Affinity Photo: Master Photo Editing in Affinity Photo 2,1246788,"Phil Ebiner, Video School, Jeremy Hazel","Affinity Photo, Photography, Image Editing, Digital Photography, Photography Tools",Affinity Designer,Beginner,19 hours,4.6,1325,8646,"Rp149,000",4/2024,23,0,21,https://www.udemy.com/course/affinity-photo/
Create a Female Cartoon Portrait with Affinity Designer,5785032,Mahmud Shuaib,"Character Design, Graphic Design & Illustration, Design",Affinity Designer,Beginner,2.5 hours,5.0,2,4,"Rp149,000",1/2024,0,0,2,https://www.udemy.com/course/create-a-female-cartoon-portrait-with-affinity-designer/
Mobile App Design in Affinity Designer: UX & UI from Scratch,1954278,Filip Kordanovski,"User Experience (UX) Design, Design Thinking, Affinity Designer, User Interface Design, User Experience Design",Affinity Designer,All Levels,3.5 hours,4.5,27,243,"Rp149,000",11/2018,10,0,2,https://www.udemy.com/course/mobile-app-design-in-affinity-designer-ux-ui-from-scratch/
Affinity Designer For Beginners,362638,Stone River eLearning,"Affinity Designer, Affinity Photo, Design Tools, Design",Affinity Designer,Beginner,2.5 hours,4.2,194,1429,"Rp149,000",6/2022,1,0,2,https://www.udemy.com/course/affinity-designer-for-beginners/
Affinity 3 by Canva: The Ultimate Creative Masterclass,6913165,Ankit Shrivastava,"Affinity Designer, Affinity Photo, Graphic Design & Illustration, Design",Affinity Designer,Expert,4 hours,3.9,11,67,"Rp149,000",3/2026,0,0,0,https://www.udemy.com/course/affinity-by-canva-the-ultimate-creative-masterclass-new/
Affinity Publisher version 2 create book covers,1873778,Nicolas Forgue,"eBook Creation, User Experience (UX) Design, Graphic Design & Illustration, Design",Affinity Designer,All Levels,13 hours,4.0,10,46,"Rp149,000",1/2025,0,0,0,https://www.udemy.com/course/create-an-irresistible-ebook-cover/
Illustrator on the iPad - Zero to Hero,3566469,Tim Wilson,"Adobe Illustrator, Other IT & Software, IT & Software",Affinity Designer,All Levels,5.5 hours,4.7,598,2699,"Rp149,000",11/2022,1,0,18,https://www.udemy.com/course/illustrator-ipad/
Master Photo Restoration in Affinity Photo,6670159,Affinity Revolution,"Affinity Photo, Digital Photography, Photography & Video",Affinity Designer,Beginner,5 hours,4.5,15,83,"Rp149,000",6/2025,1,0,1,https://www.udemy.com/course/master-photo-restoration-in-affinity-photo/
Design a Business Card in Affinity Publisher V2,5677574,Mark Krukowski,"Affinity Publisher, Design Tools, Design",Affinity Designer,Beginner,1.5 hours,5.0,5,32,"Rp149,000",11/2023,4,0,0,https://www.udemy.com/course/design-a-business-card-in-affinity-publisher-v2/
AD 7 Create a Half-Drop Repeat Pattern in Affinity Designer,5042806,Delores Orridge Naskrent,"Surface Pattern Design, Graphic Design & Illustration, Design",Affinity Designer,Intermediate,1.5 hours,3.0,1,7,"Rp149,000",12/2022,0,0,0,https://www.udemy.com/course/ad-7-create-a-half-drop-repeat-pattern-in-affinity-designer/
Remove Unwanted Objects in Affinity Photo 2,5689416,Mark Krukowski,"Affinity Photo, Photography Tools, Photography & Video",Affinity Designer,Beginner,1.5 hours,4.7,17,97,"Rp149,000",12/2023,2,0,1,https://www.udemy.com/course/remove-unwanted-objects-in-affinity-photo-2/
Affinity Photo Designer Publisher version 2 essentials,3628678,Nicolas Forgue,"Affinity Photo, Affinity Designer, Design Tools, Design",Affinity Designer,All Levels,11.5 hours,3.5,1,24,"Rp149,000",12/2024,0,0,19,https://www.udemy.com/course/pack-affinity-photo-designer-publisher-the-essentials/
Learn to use the Pen Tool in Affinity Designer,2234678,Isabel Aracama,"Affinity Designer, Vector Graphics, Illustration, Graphic Design, Design Tools",Affinity Designer,Beginner,1.5 hours,4.5,130,460,"Rp149,000",3/2021,0,0,5,https://www.udemy.com/course/learn-to-use-the-pen-tool-in-affinity-designer/
Mandala Creation With Affinity Designer,5848676,Aldara Dios,"Mandala, Affinity Designer, Graphic Design & Illustration, Design",Affinity Designer,All Levels,1.5 hours,4.7,N/A,5,"Rp149,000",3/2024,0,0,3,https://www.udemy.com/course/mandala-creation-with-affinity-designer/
Affinity Publisher Guide - Affinity Publisher for Beginners,3229341,Nick Nyxson,"Affinity Publisher, Affinity Designer, Affinity Photo, Design Tools, Design",Affinity Designer,Beginner,3 hours,4.2,222,54918,"Rp149,000",7/2020,0,0,0,https://www.udemy.com/course/affinity-publisher-guide/
Affinity Photo: Developing Real Portraits,3818860,Simon Foster,"Photography, Portrait Photography, Photography & Video",Affinity Designer,Intermediate,6 hours,4.7,73,489,"Rp149,000",10/2021,0,0,26,https://www.udemy.com/course/affinity-photo-developing-real-portraits/
Create Golden Hour Lighting in Affinity Photo,6019752,Affinity Revolution,"Affinity Photo, Digital Photography, Photography & Video",Affinity Designer,Beginner,1.5 hours,4.9,10,54,"Rp149,000",6/2024,1,0,1,https://www.udemy.com/course/create-golden-hour-lighting-in-affinity-photo/
Affinity Photo: Digital Painting a Character,1688908,Andrey Bzhitskikh,"Affinity Photo, Painting, Character Design, Cartoon Drawing, Graphic Design & Illustration",Affinity Designer,Intermediate,2 hours,4.0,32,1924,"Rp149,000",6/2018,1,0,7,https://www.udemy.com/course/free-painting-character-in-affinity-photo/
Learn How To Draw Flat Vector Graphics In Affinity Designer,4147670,Robert Henderson,"Vector Graphics, Affinity Designer, Digital Art, Illustration, Graphic Design & Illustration",Affinity Designer,Intermediate,3 hours,3.8,3,9,"Rp457,000.00",2/2022,0,0,0,https://www.udemy.com/course/learn-how-to-draw-flat-vector-graphics-in-affinity-designer/
Affinity Designer for beginners,1158854,Daniel Cremers,"Affinity Designer, Graphic Design & Illustration, Design",Affinity Designer,Beginner,4.5 hours,4.4,23,132,"Rp149,000",2/2020,0,0,2,https://www.udemy.com/course/affinity-designer-for-beginners-dc/
Affinity Photo version 2 the complete course,3453304,Nicolas Forgue,"Affinity Photo, Digital Photography, Photography & Video",Affinity Designer,All Levels,14 hours,3.1,8,44,"Rp149,000",7/2025,0,0,24,https://www.udemy.com/course/affinity-photo-the-complete-course/
Mastering Affinity Photo 17 Tips & Tricks,5739496,Mark Krukowski,"Affinity Photo, Digital Photography, Photography & Video",Affinity Designer,All Levels,2 hours,4.1,5,20,"Rp149,000",3/2024,0,0,5,https://www.udemy.com/course/mastering-affinityphoto-17-tips/
Design Packaging for Etsy using Affinity Designer V1,5282166,Jennifer Lezan,"Graphic Design, Graphic Design & Illustration, Design",Affinity Designer,Beginner,2 hours,5.0,1,7,"Rp299,000",7/2023,0,0,1,https://www.udemy.com/course/design-packaging-for-your-etsy-shop-using-affinity-designer/
Affinity Publisher version 2 create interior book,2018752,Nicolas Forgue,"Affinity Publisher, Design Tools, Design",Affinity Designer,All Levels,14 hours,1.0,2,17,"Rp149,000",12/2024,0,0,11,https://www.udemy.com/course/the-miracle-of-writting/
Procreate for Marketing & Merch: From Beginner to Portfolio,6815223,Tim Wilson,"Procreate Digital Illustration App, Graphic Design & Illustration, Design",Affinity Designer,Beginner,7 hours,4.9,13,114,"Rp159,000",9/2025,0,0,1,https://www.udemy.com/course/procreate-for-marketing-merch-from-beginner-to-portfolio/
"Realistic Vector Art Principles (Affinity,Adobe Illustrator)",2612442,Isabel Aracama,"Vector Graphics, Adobe Illustrator, Graphic Design, Affinity Designer, Other Design",Affinity Designer,Intermediate,3.5 hours,4.7,114,597,"Rp149,000",4/2020,0,0,1,https://www.udemy.com/course/realistic-vector-art-principles/
Master the Art of Book Cover Design with Affinity Publisher,2531720,Affinity Inspiration,"Affinity Publisher, Book Cover Design, Graphic Design & Illustration, Design",Affinity Designer,Intermediate,2 hours,3.8,12,93,"Rp149,000",11/2023,21,0,2,https://www.udemy.com/course/create-an-eye-catching-ebook-cover-with-affinity-publisher/
The Craft of Photoshop : Solid Foundations,2466320,Simon Foster,"Adobe Photoshop, Image Editing, Digital Photography, Photography & Video",Affinity Designer,Beginner,27 hours,4.6,216,1483,"Rp149,000",11/2024,0,0,123,https://www.udemy.com/course/the-craft-of-photoshop-solid-foundations/
How to Draw Vector Icons & Graphics with Affinity Designer,4141910,Robert Henderson,"Icon Design, Vector Graphics, Affinity Designer, Illustration, Graphic Design & Illustration",Affinity Designer,Beginner,4 hours,4.6,N/A,7,"Rp149,000",6/2021,0,0,0,https://www.udemy.com/course/how-to-draw-vector-icons-graphics-with-affinity-designer/
Non-Scary Beginner-Intermediate Adobe Photoshop inc New AI,6543827,Tim Wilson,"Adobe Photoshop, Graphic Design & Illustration, Design",Affinity Designer,Beginner,10 hours,4.7,34,148,"Rp149,000",2/2026,0,0,14,https://www.udemy.com/course/non-scary-photoshop-for-beginners-inc-ai/
"Become a Graphic Designer, Think Like a Graphic Designer",3378386,Haiqa Amir,"Graphic Design, Graphic Design & Illustration, Design",Affinity Designer,Beginner,1 hour,1.0,1,3,"Rp149,000",9/2021,1,0,0,https://www.udemy.com/course/become-a-graphic-designer-think-like-a-graphic-designer/
Merch By Amazon Text-Based T-Shirt Design for Non-Designers,1392616,David James Ault,"T-Shirt Design, T-Shirt Business, Affinity Designer, Merch By Amazon, Fashion Design",Affinity Designer,All Levels,2 hours,4.2,22,329,"Rp447,000.00",11/2020,0,0,0,https://www.udemy.com/course/t-shirt-design/
Logo Design in Adobe Illustrator - for Beginners & Beyond,595876,Daniel Evans,"Logo Design, Business Branding, Personal Branding, Adobe Illustrator, Graphic Design & Illustration",Affinity Designer,All Levels,17 hours,4.5,4286,22528,"Rp149,000",2/2023,2,0,20,https://www.udemy.com/course/logodesign/
Affinity Photo: Essential training Course,4165462,Nshuti Paulin,"Affinity Photo, Image Editing, Photography, Design Tools, Design",Affinity Designer,Beginner,1 hour,5.0,2,14,"Rp149,000",7/2021,0,0,0,https://www.udemy.com/course/affinity-photo-essential-training-course/
Learn Affinity Publisher from scratch,2842426,Prashant Gupta,"Affinity Publisher, Other Design, Design",Affinity Designer,All Levels,4 hours,4.5,88,444,"Rp149,000",5/2020,0,0,0,https://www.udemy.com/course/learn-affinity-publisher-from-scratch/
Figma UI UX Design Essentials,4359576,Daniel Walter Scott,"User Experience (UX) Design, Figma, User Interface Design, User Experience Design, Design",Affinity Designer,All Levels,9.5 hours,4.7,46323,192750,"Rp169,000",8/2025,1,0,1,https://www.udemy.com/course/figma-ux-ui-design-user-experience-tutorial-course/
Master Crime Thriller Book Covers in Affinity Publisher,5540028,Affinity Inspiration,"Book Cover Design, Graphic Design & Illustration, Design",Affinity Designer,Intermediate,39 mins,4.5,N/A,1,"Rp149,000",6/2025,9,0,0,https://www.udemy.com/course/design-a-crime-thriller-book-cover-in-affinity-publisher-v2/
Figma UI UX Design Advanced,5455710,Daniel Walter Scott,"Figma, User Experience (UX) Design, User Experience Design, Design",Affinity Designer,Intermediate,9 hours,4.7,9331,55589,"Rp169,000",11/2025,0,0,1,https://www.udemy.com/course/figma-ui-ux-design-advanced-tutorial/
"Complete Web & Mobile Designer: UI/UX, Figma, +more",3227583,"Andrei Neagoie, Daniel Schifano","Mobile App Design, User Experience (UX) Design, Web Design, User Interface Design, Design",Affinity Designer,All Levels,25 hours,4.5,37946,179054,"Rp169,000",2/2026,57,1,15,https://www.udemy.com/course/complete-web-designer-mobile-designer-zero-to-mastery/
Introduction to AI for Graphic Designers & Creatives,6999431,Lindsay Marsh,"Generative AI (GenAI), Graphic Design, Graphic Design & Illustration, Design",Affinity Designer,All Levels,1.5 hours,4.6,21,96,"Rp149,000",1/2026,0,0,7,https://www.udemy.com/course/ai-basics-for-graphic-designers-creatives/
Digital Design Masterclass For Graphic Designers,2749280,Lindsay Marsh,"Graphic Design, Adobe Illustrator, Adobe Photoshop, Web Design, Graphic Design & Illustration",Affinity Designer,All Levels,9.5 hours,4.6,1534,11684,"Rp249,000",5/2021,0,0,5,https://www.udemy.com/course/digital-design-masterclass-for-graphic-designers/
Create your own font with Affinity Designer and Glyphs Mini,4669808,Jennifer Lezan,"Graphic Design, Typography, Graphic Design & Illustration, Design",Affinity Designer,Beginner,2 hours,5.0,1,6,"Rp349,000",5/2023,0,0,3,https://www.udemy.com/course/create-your-own-font-with-affinity-designer-and-glyphs-mini/
Beginner to Expert: Photoshop on the iPad,4957898,Tim Wilson,"Adobe Photoshop, Graphic Design & Illustration, Design",Affinity Designer,Beginner,4.5 hours,4.8,106,1510,"Rp149,000",10/2023,0,0,51,https://www.udemy.com/course/beg-expert-photoshop-ipad/
Logo Design in Adobe Illustrator - The Advanced Level,1731660,Daniel Evans,"Logo Design, Adobe Illustrator, User Experience (UX) Design, Graphic Design & Illustration, Design",Affinity Designer,All Levels,9 hours,4.6,351,3843,"Rp149,000",2/2023,2,0,15,https://www.udemy.com/course/advancedlogodesign/
Complete UI/UX Design Course 2026: Figma + AI + Real Project,6580053,Muhammad Iqbal,"Mobile App Design, Figma, Web Design, User Experience Design, Design",Affinity Designer,All Levels,26.5 hours,4.5,1289,7527,"Rp159,000",1/2026,0,0,45,https://www.udemy.com/course/complete-uiux-design-course-figma-ai-real-project/
The complete Instructional Designer course,2277253,John Hinchliffe,"Instructional Design, Online Course Creation, Online Education, Teaching & Academics",Affinity Designer,All Levels,5.5 hours,4.4,5632,20721,"Rp149,000",1/2026,15,0,5,https://www.udemy.com/course/online-course-creation-introduction-to-instructional-design/
Affinity Photo iPad Edition,3574103,Michael Howard,"Affinity Photo, Graphic Design & Illustration, Design",Affinity Designer,All Levels,41 mins,4.5,2,21,"Rp149,000",10/2020,0,0,8,https://www.udemy.com/course/affinity-photo-ipad-edition/
Retro Game Character Art Course,5310870,"Joe ""tripplejaz"" Zavaletta","Illustration, Graphic Design & Illustration, Design",Affinity Designer,Beginner,1.5 hours,4.5,1,10,"Rp149,000",11/2025,0,0,8,https://www.udemy.com/course/character-airbrush-course/
Adobe Illustrator CC for iPad,4592480,Daniel Evans,"Adobe Illustrator, Graphic Design & Illustration, Design",Affinity Designer,All Levels,3 hours,4.7,44,180,"Rp149,000",2/2023,0,0,13,https://www.udemy.com/course/illustratoripad/
Affinity Publisher: Essential training Course,4016472,Nshuti Paulin,"Affinity Publisher, Graphic Design, Design Tools, Design",Affinity Designer,Beginner,1 hour,4.4,7,17,"Rp149,000",3/2024,0,0,0,https://www.udemy.com/course/affinity-publisher-essential-training-course/
Affinity Photo for Total Beginners: Photo Editing Simplified,1345532,Hector Carrasquilla,"Photography, Affinity Photo, Graphic Design & Illustration, Design",Affinity Designer,Beginner,1.5 hours,4.2,36,711,"Rp149,000",11/2017,0,0,19,https://www.udemy.com/course/affinity-photo-simplified/
Microsoft Designer Masterclass : Best AI based Designer Tool,5305014,Prince Patni,"Microsoft Designer, Graphic Design, Design Tools, Design",Affinity Designer,All Levels,1 hour,4.2,178,27479,"Rp149,000",5/2023,0,0,0,https://www.udemy.com/course/microsoft-designer-masterclass-best-ai-based-designer-tool/
Affinity Photo: Portrait Retouching Essentials,4267866,Joseph Khalkho,"Affinity Photo, Image Editing, Photography, Photoshop Retouching, Photography & Video",Affinity Designer,Beginner,2 hours,4.5,32,896,"Rp149,000",4/2026,0,0,2,https://www.udemy.com/course/affinity-photo-portrait-retouching-essentials/
Logo Design in Adobe Illustrator - The Intermediate Level,1276050,Daniel Evans,"Logo Design, Adobe Illustrator, Graphic Design & Illustration, Design",Affinity Designer,All Levels,7 hours,4.7,588,9672,"Rp149,000",2/2023,3,0,38,https://www.udemy.com/course/logodesignintermediate/
Complete Figma Megacourse: UI/UX Design Beginner to Expert,4279488,Skillademia Academy,"Figma, User Experience (UX) Design, User Experience Design, Design",Affinity Designer,All Levels,41.5 hours,4.4,4996,61133,"Rp159,000",2/2026,0,0,1,https://www.udemy.com/course/beginners-guide-to-prototyping-and-designing-using-figma/
10 Amazing Logo Tutorials in Adobe Illustrator on the iPad,4446536,Tim Wilson,"Adobe Illustrator, Graphic Design & Illustration, Design",Affinity Designer,Beginner,3.5 hours,4.8,20,1129,"Rp149,000",2/2022,0,0,0,https://www.udemy.com/course/10-amazing-logos-ill-ipad/
Photo Colorization: Colorize Historical Photos in Photoshop,206230,"Phil Ebiner, Video School","Adobe Photoshop, Photoshop Retouching, Black and White Photography, Graphic Design, Other Photography & Video",Affinity Designer,All Levels,2.5 hours,4.5,180,20815,"Rp149,000",8/2022,2,0,1,https://www.udemy.com/course/photo-colorization-how-to-colorize-black-white-photos/
Building a Digital Planner in Affinity Publisher desktop V1,5303346,Jennifer Lezan,"Graphic Design, Graphic Design & Illustration, Design",Affinity Designer,Beginner,2.5 hours,4.8,2,14,"Rp329,000",7/2023,0,0,2,https://www.udemy.com/course/building-a-digital-planner-in-affinity-publisher-desktop/
Merch by Amazon T-Shirt Design for Non-Designers,1292112,David James Ault,"Merch By Amazon, T-Shirt Business, T-Shirt Design, Fashion Design, Design",Affinity Designer,All Levels,4 hours,4.5,72,611,"Rp149,000",11/2020,0,0,0,https://www.udemy.com/course/merch-by-amazon-tshirt-design/
Learn to Digitize traditional art work in Affinity Photo V2,5570018,Jennifer Lezan,"Surface Pattern Design, Graphic Design & Illustration, Design",Affinity Designer,Beginner,1.5 hours,4.5,3,10,"Rp299,000",9/2023,0,0,1,https://www.udemy.com/course/learn-to-digitize-traditional-art-work-in-affinity-photo-v2/
How To Design for Accessibility: for UX Designers (WCAG 2.2),3012636,Liz Brown,"Web Accessibility, User Experience (UX) Design, User Interface Design, User Experience Design, Design",Affinity Designer,All Levels,7.5 hours,4.7,7540,28332,"Rp149,000",3/2026,45,0,23,https://www.udemy.com/course/the-ux-designers-accessibility-guide/
AI Font Magic: Create & Sell Fonts With AI,5751670,Samson Vowles,"Generative AI (GenAI), Graphic Design & Illustration, Design",Affinity Designer,All Levels,3 hours,4.7,37,281,"Rp149,000",11/2024,0,0,2,https://www.udemy.com/course/ai-font-design/
Create Rock Art in Procreate,4679012,Simon Foster,"Procreate Digital Illustration App, Graphic Design & Illustration, Design",Affinity Designer,All Levels,5 hours,5.0,32,262,"Rp149,000",9/2025,0,0,27,https://www.udemy.com/course/create-rock-art-in-procreate/
Microsoft Designer Masterclass: Generative AI for Designers,5766860,Ankit Shrivastava,"Microsoft Designer, Generative AI (GenAI), Design Tools, Design",Affinity Designer,All Levels,1 hour,3.5,2,4,"Rp149,000",6/2025,0,0,0,https://www.udemy.com/course/microsoft-designer-masterclass-generative-ai-for-designers/
Affinity Publisher - The Essentials for Beginners to Start,3926640,Fakhar Ayub,"Affinity Publisher, Graphic Design & Illustration, Design",Affinity Designer,All Levels,2.5 hours,4.1,5,5232,"Rp149,000",3/2022,0,0,0,https://www.udemy.com/course/learn-affinity-publisher-from-scratch-in-less-time/
Affinity Photo 2 Photo Editing Bootcamp,4979120,Dean McIntyre,"Affinity Photo, Photography Tools, Photography & Video",Affinity Designer,Beginner,3.5 hours,4.1,12,50,"Rp149,000",1/2023,5,0,0,https://www.udemy.com/course/affinity-photo-2-bootcamp/
AI-Powered Design,6840805,"Anton Voroniuk, Anton Voroniuk Support","Figma, Canva, Adobe Photoshop, Adobe Firefly, Design Tools",Affinity Designer,All Levels,7 hours,4.6,216,7872,"Rp149,000",3/2026,3,0,0,https://www.udemy.com/course/ai-powered-design/
Complete Guide to Marvelous Designer,4582466,Nexttut Education Pvt.Ltd.,"Marvelous Designer, 3D & Animation, Design",Affinity Designer,Beginner,12 hours,4.5,670,4935,"Rp149,000",6/2023,0,0,0,https://www.udemy.com/course/complete-guide-to-marvelous-desinger-11/
Photoshop on the iPad MasterClass,2883280,Martin Perhiniak,"Adobe Photoshop, Photoshop Retouching, Graphic Design & Illustration, Design",Affinity Designer,Beginner,5 hours,4.6,715,4283,"Rp149,000",2/2024,0,0,1,https://www.udemy.com/course/photoshop-on-the-ipad-masterclass/
Drawing a Realistic Transparent Bubble. 100% Vector Artwork.,2948156,Isabel Aracama,"Affinity Designer, Vector Graphics, Drawing, Illustration, Other Design",Affinity Designer,Intermediate,1.5 hours,4.7,6,46,"Rp149,000",4/2020,0,0,1,https://www.udemy.com/course/drawing-a-realistic-transparent-bubble-100-vector-artwork/
"AI for Creatives: Make ChatGPT your Servant, not your Master",6897803,Simon Foster,"ChatGPT, Creativity, Personal Development",Affinity Designer,Beginner,4.5 hours,4.7,25,132,"Rp149,000",12/2025,0,0,6,https://www.udemy.com/course/ai-for-creatives-make-chatgpt-your-servant-not-your-master/
"Visual Design for Web Designers, UI Designers & Developers",1979760,Muhammad Ahsan Pervaiz,"Visual Design, Design Theory, Web Design, User Interface Design, Graphic Design & Illustration",Affinity Designer,Beginner,5 hours,4.1,436,2443,"Rp149,000",8/2020,1,0,0,https://www.udemy.com/course/graphic-design-for-web-designers-ui-designers-developers/
Adobe Illustrator CC | Beginner | Tools + Workshop,3122270,ROMAIN DUCLOS,"Adobe Illustrator, Illustration, Logo Design, Graphic Design & Illustration, Design",Affinity Designer,Beginner,10 hours,4.3,34,4887,"Rp149,000",6/2023,12,0,12,https://www.udemy.com/course/adobe-illustrator-cc-beginner-tools-creative-workshop/
Create and sell coloring books,4404357,Nicolas Forgue,"Amazon Kindle Direct Publishing (KDP), Affinity Publisher, E-Commerce, Business",Affinity Designer,All Levels,9.5 hours,4.2,20,251,"Rp149,000",8/2022,0,0,0,https://www.udemy.com/course/create-and-sell-coloring-books/
Business Card and Letterhead Design in Adobe Illustrator,870936,Daniel Evans,"Business Card Design, Business Branding, Adobe Illustrator, Graphic Design & Illustration, Design",Affinity Designer,All Levels,2 hours,4.5,158,2099,"Rp149,000",2/2023,2,0,36,https://www.udemy.com/course/stationery/
Become a Fashion Designer: From Beginner to Portfolio-Ready,6040776,Nino Via,"Fashion Design, Sketching, Pattern Making (fashion), Textiles, Design",Affinity Designer,All Levels,4 hours,4.7,248,1249,"Rp159,000",3/2026,1,0,1,https://www.udemy.com/course/how-to-be-a-fashion-designer-4-hour-master-course/
Learn to Design a Digital Zine using Affinity Publisher,4659910,Jennifer Lezan,"Graphic Design, Graphic Design & Illustration, Design",Affinity Designer,Beginner,2 hours,5.0,1,10,"Rp329,000",4/2023,0,0,2,https://www.udemy.com/course/learn-to-design-a-digital-zine-using-affinity-publisher/
Become a Professional Graphic Designer,278948,Stone River eLearning,"Graphic Design, Graphic Design & Illustration, Design",Affinity Designer,All Levels,20.5 hours,4.6,1778,15947,"Rp149,000",7/2023,0,0,4,https://www.udemy.com/course/become-a-professional-graphic-designer-udemy/
Most Wanted Flat Design Techniques in Adobe Illustrator,792232,Dawid Tuminski,"Adobe Illustrator, Graphic Design & Illustration, Design",Affinity Designer,Intermediate,N/A,4.4,113,2653,"Rp149,000",4/2018,0,0,0,https://www.udemy.com/course/flat-design-flat-ui-design-flat-colors-flat-design-illustrator/
How To Master Pen Tool In Illustrator and Photoshop,822648,Dawid Tuminski,"Adobe Illustrator, Adobe Photoshop, Design Tools, Design",Affinity Designer,All Levels,2 hours,4.4,102,1936,"Rp149,000",11/2017,1,0,3,https://www.udemy.com/course/pen-tool-pen-magnetic-pen-tool-illustrator-photoshop-tutorial/
Romance Book Cover Design: How to Create Covers That Sell,5567248,Affinity Inspiration,"Book Cover Design, Graphic Design & Illustration, Design",Affinity Designer,Intermediate,32 mins,3.5,1,4,"Rp149,000",6/2025,6,0,0,https://www.udemy.com/course/design-a-romance-book-cover/
"AI Graphic Design: Faster, Smarter, Become a Better Designer",4879420,Khalil Ibrahim,"Design Theory, Graphic Design, AI Art Generation, Midjourney, Graphic Design & Illustration",Affinity Designer,Beginner,3 hours,4.1,359,9935,"Rp149,000",12/2024,2,0,4,https://www.udemy.com/course/graphic-design-bootcamp/
Learning to See Like a Designer,5037100,"Milena Radzikowska, Stan Ruecker","Graphic Design, Career Development, Personal Development",Affinity Designer,Beginner,1 hour,4.6,9,23,"Rp149,000",5/2023,0,0,2,https://www.udemy.com/course/see-the-world-like-a-designer/
Alteryx Designer Beginners Bootcamp,4808702,Malvik Vaghadia,"ETL, Other IT & Software, IT & Software",Affinity Designer,Beginner,5.5 hours,4.5,329,9344,"Rp149,000",1/2026,4,0,47,https://www.udemy.com/course/alteryx-designer-bootcamp/
Digitize traditional art work in Affinity Photo for Patterns,4669752,Jennifer Lezan,"Surface Pattern Design, Procreate Digital Illustration App, Graphic Design & Illustration, Design",Affinity Designer,Beginner,44 mins,5.0,2,4,"Rp299,000",5/2023,0,0,2,https://www.udemy.com/course/digitize-traditional-art-work-in-affinity-photo-for-patterns/
"AI Powered Graphic Design - Midjourney, Firefly, GPT, Gemini",5422930,Khalil Ibrahim,"AI Art Generation, Midjourney, Adobe Firefly, Graphic Design & Illustration, Design",Affinity Designer,All Levels,2.5 hours,4.4,206,993,"Rp149,000",11/2025,2,0,1,https://www.udemy.com/course/ai-powered-graphic-design-midjourney-firefly-gpt-bard/
Amazon KDP the complete guide to create and sell book,1953566,Nicolas Forgue,"Amazon Kindle Direct Publishing (KDP), Entrepreneurship, Business",Affinity Designer,All Levels,9 hours,4.1,5,24,"Rp149,000",2/2025,0,0,0,https://www.udemy.com/course/amazon-kindle-the-complete-guide/
Gimp the complete course for photo editing and photo montage,2283478,Nicolas Forgue,"GIMP, Photoshop Retouching, Image Processing, Image Editing, Design Tools",Affinity Designer,All Levels,12.5 hours,3.3,3,16,"Rp149,000",4/2026,0,0,28,https://www.udemy.com/course/gimp-for-photo-editing-and-photo-montage/
Alteryx for Beginners: Up & Running with Alteryx Designer,5280340,"Maven Analytics • 1,500,000 Learners, Dustin Cabral | Tableau & Data Visualization Expert","Alteryx, Business Intelligence (BI), Data Modeling, ETL, Business Analytics & Intelligence",Affinity Designer,All Levels,8 hours,4.6,533,7854,"Rp149,000",11/2025,3,0,2,https://www.udemy.com/course/up-and-running-with-alteryx-designer/
How to Create Winning Book Covers,6623675,Mucsi Ferenc,"Book Cover Design, Color Theory, Graphic Design & Illustration, Design",Affinity Designer,All Levels,5 hours,5.0,N/A,1,"Rp149,000",1/2026,0,0,0,https://www.udemy.com/course/how-to-create-winning-book-covers/
Learn Blender for Packaging Designers and Graphic Designers,839692,Kim Debling,"Blender, Graphic Design, Design Tools, Design",Affinity Designer,Beginner,2.5 hours,4.2,148,757,"Rp149,000",1/2017,12,0,1,https://www.udemy.com/course/learn-blender/
Microsoft Publisher 365 - Everything you need to know.,4962572,David Casuto,"Microsoft Publisher, Microsoft, Office Productivity",Affinity Designer,Beginner,3 hours,4.5,114,1585,"Rp149,000",2/2023,0,0,0,https://www.udemy.com/course/microsoft-publisher-365-everything-you-need-to-know/
Become a Professional Logo Designer,885479,Stone River eLearning,"Logo Design, Graphic Design & Illustration, Design",Affinity Designer,All Levels,8 hours,4.6,46,264,"Rp149,000",11/2018,1,0,1,https://www.udemy.com/course/become-a-professional-logo-designer-w/
Canva 3.0 Bootcamp - From Beginner to Designer,4200290,Yahya Zakir,"Canva, Graphic Design, Design Theory, Design Tools, Design",Affinity Designer,All Levels,3.5 hours,4.5,45,205,"Rp149,000",11/2022,0,0,0,https://www.udemy.com/course/canva-masterclass-online-course-beginner-advanced/
Pattern Design with the NEW Adobe Textile Designer Plugin,2489088,Delores Orridge Naskrent,"Adobe Photoshop, Graphic Design & Illustration, Design",Affinity Designer,All Levels,1 hour,4.0,32,221,"Rp447,000.00",9/2019,0,0,5,https://www.udemy.com/course/pattern-design-with-the-new-adobe-textile-designer-plugin/
Spaceship Concept Art with Affinity Photo and Blender,3959990,Daniel Kim,"Concept Art, Affinity Photo, Blender, Digital Painting, Graphic Design & Illustration",Affinity Designer,Beginner,3.5 hours,4.2,20,131,"Rp149,000",4/2023,0,0,0,https://www.udemy.com/course/spaceship-concept-art-with-affinity-photo-and-blender-29/
Color Theory for Designers,2546185,"Sarah Parkinson-Howe, Daniel Walter Scott","Color Theory, Graphic Design & Illustration, Design",Affinity Designer,All Levels,1.5 hours,4.3,614,2673,"Rp149,000",9/2020,0,0,9,https://www.udemy.com/course/color-theory/
Photo editing with Camera Raw,2271184,Nicolas Forgue,"Adobe Camera Raw, Graphic Design & Illustration, Design",Affinity Designer,Beginner,5 hours,3.7,6,27,"Rp149,000",1/2021,0,0,23,https://www.udemy.com/course/photo-editing-with-camera-raw-in-photoshop/
Logo designer the complete guide,2025148,Nicolas Forgue,"Logo Design, Illustration, Adobe Illustrator, Vector Graphics, Graphic Design & Illustration",Affinity Designer,All Levels,11 hours,4.5,N/A,1,"Rp149,000",5/2020,0,0,0,https://www.udemy.com/course/logo-designer-the-complete-guide/
Design a Logo for Free in Inkscape,1160004,Daniel Evans,"Logo Design, Inkscape, Graphic Design & Illustration, Design",Affinity Designer,All Levels,2 hours,4.4,181,1775,"Rp149,000",2/2023,1,0,11,https://www.udemy.com/course/logoinkscape/
Salesforce Certified B2C Commerce Cloud Developer Questions,6634633,Force Digest,"IT Certifications, IT & Software",Affinity Designer,Intermediate,N/A,N/A,N/A,3,"Rp149,000",1/2026,0,0,0,https://www.udemy.com/course/b2c-commerce-developer-practice-exam-prep-questions/
Adobe Photoshop Mega Course-From Beginner to Super Designer,3384040,Alan Ayoubi,"Adobe Photoshop, Graphic Design, Graphic Design & Illustration, Design",Affinity Designer,All Levels,18 hours,4.5,2098,54780,"Rp159,000",10/2023,2,0,32,https://www.udemy.com/course/photoshop-mega-course-from-beginner-to-super-designer/
Create tangible memories with prints!,4641062,Martin Doersch,"Photography, Digital Photography, Photography & Video",Affinity Designer,All Levels,3.5 hours,4.6,N/A,N/A,"Rp399,000",4/2022,0,0,1,https://www.udemy.com/course/create-tangible-memories/
Figma AI Workflow: From Vision to Version,6701589,"Anton Voroniuk, Anton Voroniuk Support, Željko Milivojević","Figma, Generative AI (GenAI), Design Tools, Design",Affinity Designer,Intermediate,4 hours,4.3,453,13108,"Rp149,000",2/2026,1,0,1,https://www.udemy.com/course/design-smarter-using-figma-ai-from-idea-to-handoff/
The Logo Design Expert Course in Adobe Illustrator CC.,5167930,Ukpoewole Enupe,"Logo Design, Color Theory, Adobe Illustrator, Graphic Design, Graphic Design & Illustration",Affinity Designer,All Levels,13 hours,4.4,366,15470,"Rp149,000",12/2025,2,0,9,https://www.udemy.com/course/the-logo-design-expert-course/
Microsoft Excel for Apple iPad (iOS). Full course.,3710846,Warrick Klimaytys,"Microsoft Excel, Microsoft, Office Productivity",Affinity Designer,All Levels,2 hours,4.3,67,283,"Rp149,000",6/2023,2,0,1,https://www.udemy.com/course/microsoft-excel-for-apple-ipad-ios-full-course/
T-shirt Design in Canva for Non Designers,1463662,Jestoni Esteban,"Canva, T-Shirt Design, Graphic Design & Illustration, Design",Affinity Designer,Beginner,2 hours,4.1,133,5482,"Rp149,000",4/2018,1,0,0,https://www.udemy.com/course/t-shirt-design-in-canva/
Sketching for UX Designers - Boost UX work with pen & paper!,1170144,"Krisztina Szerovay, István Szép, Gergely Szerovay","User Experience (UX) Design, Sketching, User Experience Design, Design",Affinity Designer,All Levels,4.5 hours,4.7,4198,23086,"Rp149,000",1/2023,0,0,82,https://www.udemy.com/course/sketching-for-ux-designers/
How I Make My Zines,6239681,Luc Kordas,"Photography, Photography & Video",Affinity Designer,All Levels,1.5 hours,4.8,3,14,"Rp149,000",10/2024,0,0,0,https://www.udemy.com/course/how-i-make-my-zines/
Graphic Design Ultimate Mastery Course,5599656,Yaseen Ahmed,"Graphic Design, Visual Design, Adobe Photoshop, Web Design, Graphic Design & Illustration",Affinity Designer,All Levels,27 hours,4.7,14,143,"Rp149,000",10/2023,0,0,6,https://www.udemy.com/course/graphic-design-ultimate-mastery-course/
Drawing and Sketching for Designers (and Everyone Else!),3666698,"Chad Neuman, Ph.D., Jonathan Simon, BFA, MFA","Drawing, Illustration, Pencil Drawing, Sketching, Graphic Design & Illustration",Affinity Designer,Beginner,10.5 hours,4.6,206,14060,"Rp149,000",8/2023,3,0,2,https://www.udemy.com/course/drawing-for-designers/
Microsoft Designer Course: Canva Graphic Design Alternative,6888671,Being Commerce,"Microsoft Designer, Canva, Graphic Design, Microsoft Copilot, Graphic Design & Illustration",Affinity Designer,All Levels,4.5 hours,5.0,1,6,"Rp149,000",3/2026,1,0,3,https://www.udemy.com/course/microsoft-designer-course-canva-graphic-design-alternative/
Fashion Sketching: Draw Like a Designer (Beginner Course),2284600,Nino Via,"Fashion Design, Design",Affinity Designer,All Levels,1 hour,4.6,1794,8029,"Rp209,000",3/2026,1,0,2,https://www.udemy.com/course/sketching-for-fashion-design-beginner-course/
Adobe Illustrator Training Course,6926307,Ashraf Kamel,"Adobe Illustrator, Vector Graphics, Design Tools, Design",Affinity Designer,Beginner,3.5 hours,4.7,N/A,5,"Rp149,000",12/2025,0,0,0,https://www.udemy.com/course/learn-adobe-illustrator-the-easy-way-with-examples/
GenAI Fundamentals for UX Designers + Researchers,6127575,Joe Natoli,"Generative AI (GenAI), User Experience (UX) Design, Product Design, User Experience Design, Design",Affinity Designer,All Levels,3 hours,4.4,1777,6761,"Rp149,000",10/2024,1,0,1,https://www.udemy.com/course/genai-fundamentals-for-ux-designers-researchers/
Instructional Designer Portfolio Masterclass,5419638,John Hinchliffe,"Instructional Design, Professional Portfolio, Online Education, Teaching & Academics",Affinity Designer,All Levels,4.5 hours,4.6,329,2700,"Rp149,000",8/2025,13,0,14,https://www.udemy.com/course/portfolio-masterclass/
Microsoft Publisher 365,3570523,Earn And Excel,"Microsoft Publisher, Other Business, Business",Affinity Designer,All Levels,5.5 hours,4.1,109,436,"Rp149,000",6/2021,0,0,0,https://www.udemy.com/course/microsoft-publisher-365/
Become a Professional Web Designer,641544,Stone River eLearning,"Web Design, Design",Affinity Designer,All Levels,36.5 hours,4.1,67,590,"Rp149,000",5/2021,1,0,6,https://www.udemy.com/course/become-a-professional-web-designer/
Figma: The Complete Guide for Graphic Designers,6845399,Teacher-in-a-Box | Videocorsi Professionali,"Figma, User Experience Design, Design",Affinity Designer,Beginner,3 hours,4.7,5,13,"Rp149,000",9/2025,0,0,1,https://www.udemy.com/course/figma-the-complete-guide-for-graphic-designers/
illustrator plus : 30 days challenge to learn illustrator,5767788,Joseph adam,"Adobe Illustrator, Graphic Design & Illustration, Design",Affinity Designer,Beginner,11.5 hours,4.3,28,1119,"Rp149,000",2/2024,0,0,16,https://www.udemy.com/course/illustrator-plus-30-days-challenge-to-learn-illustrator/
Salesforce Certified Platform User Experience Designer Prep,6805003,Force Digest,"IT Certifications, IT & Software",Affinity Designer,Intermediate,N/A,4.8,3,9,"Rp149,000",1/2026,0,0,0,https://www.udemy.com/course/salesforce-certified-platform-user-experience-designer-prep/
The Complete Vibe coding for UX/UI Designers,6793795,"Codestars • over 2.5 million students worldwide!, Anton Voroniuk, Anton Voroniuk Support","Web Design, Vibe Coding, Generative AI (GenAI), Other IT & Software, IT & Software",Affinity Designer,All Levels,8 hours,4.4,118,1018,"Rp149,000",3/2026,7,0,0,https://www.udemy.com/course/the-complete-vibe-coding-for-ux-ui-designers/
How to train your designer eye & develop your design skills,4568840,"Krisztina Szerovay, Gergely Szerovay","User Interface Design, User Experience (UX) Design, Product Design, User Experience Design, Design",Affinity Designer,Beginner,3 hours,4.6,82,488,"Rp149,000",10/2023,2,0,5,https://www.udemy.com/course/how-to-train-your-designer-eye/
Digital design school - Learn and improve as a designer fast,4134986,Rob P,"Visual Design, User Experience (UX) Design, Typography, User Interface Design, User Experience Design",Affinity Designer,All Levels,21.5 hours,5.0,6,64,"Rp149,000",1/2022,0,0,20,https://www.udemy.com/course/digital-design-school-how-to-improve-as-a-designer-fast-c/
Learn Microsoft Publisher 2013 Training,63511,Simon Sez IT,"Microsoft Publisher, Microsoft, Office Productivity",Affinity Designer,Beginner,7 hours,4.6,481,2446,"Rp149,000",12/2025,4,0,2,https://www.udemy.com/course/learn-microsoft-publisher-2013-training/
Absolute Beginners Course on HitFilm Express,2624812,Jay Haynes,"HitFilm, Video Design, Photography & Video",Affinity Designer,Beginner,4 hours,4.4,154,587,"Rp149,000",12/2020,0,0,0,https://www.udemy.com/course/absolute-beginners-course-on-hitfilm-express/
Foolproof Shading Techniques with Blend Modes in Procreate,5040566,Delores Orridge Naskrent,"Procreate Digital Illustration App, Graphic Design & Illustration, Design",Affinity Designer,Beginner,44 mins,4.7,2,7,"Rp149,000",12/2022,0,0,0,https://www.udemy.com/course/foolproof-shading-techniques-with-blend-modes-in-procreate/
Learn Photoshop for iPad,2645412,Caleb Kingston,"Adobe Photoshop, Graphic Design, Graphic Design & Illustration, Design",Affinity Designer,All Levels,3 hours,4.6,348,1719,"Rp149,000",11/2020,2,0,0,https://www.udemy.com/course/learn-photoshop-for-ipad/
Learn Modern Graphic Design With AI Adobe Midjourney Canva,5998778,Unicademy Online Education,"Graphic Design, Graphic Design & Illustration, Design",Affinity Designer,All Levels,14 hours,4.3,23,3190,"Rp149,000",8/2025,0,0,0,https://www.udemy.com/course/learn-graphic-design-with-ai/
IA para design: Inteligência Artificial para Designers,7065583,Thiago Rodrigues dos Santos,"AI Art Generation, Artificial Intelligence (AI), Graphic Design, Generative AI (GenAI), Communication",Affinity Designer,All Levels,12 hours,4.6,3,19,"Rp149,000",2/2026,0,0,1,https://www.udemy.com/course/inteligencia-artificial-para-designers/
Ultimate Canva Course — Become a Freelance Graphic Designer,4744880,"Khadin Akbar, Khadin Akbar Support","Graphic Design, Freelancing, Social Media Management, Canva, Graphic Design & Illustration",Affinity Designer,All Levels,2 hours,3.8,1893,85846,"Rp149,000",5/2025,1,0,0,https://www.udemy.com/course/canva-mastery-become-freelance-graphic-designer-in-1-hour/
Become a freelance graphic designer,2010388,Nicolas Forgue,"Graphic Design, Graphic Design & Illustration, Design",Affinity Designer,All Levels,5.5 hours,2.0,1,19,"Rp149,000",1/2019,0,0,0,https://www.udemy.com/course/become-a-freelance-graphic-designer/
Microsoft Designer Made Easy: A Beginner's Guide For 2026,6205613,Tobias Becker,"Microsoft Designer, Canva, Graphic Design, Graphic Design & Illustration, Design",Affinity Designer,Beginner,2 hours,4.5,24,704,"Rp149,000",9/2025,2,0,0,https://www.udemy.com/course/microsoft-designer-ai/
Canva Graphics Design Course For Beginners & Non Designers,6604933,ExpertEase Global,"Canva, Content Creation, Graphic Design, Digital Marketing, Graphic Design & Illustration",Affinity Designer,Beginner,2.5 hours,4.4,110,7985,"Rp149,000",12/2025,0,0,4,https://www.udemy.com/course/canva-graphics-design-course-for-beginners-non-designers/
{37} GIMP Essential Projects for Graphic Designers,2376730,Chris Parker,"Graphic Design, Design Thinking, GIMP, Graphic Design & Illustration, Design",Affinity Designer,Beginner,6 hours,4.6,148,1295,"Rp149,000",5/2025,9,0,3,https://www.udemy.com/course/37-gimp-essential-projects-for-graphic-design-ers/
Mastering the Photoshop Pen Tool,4156256,Sharon Tenenbaum,"Adobe Photoshop, Photoshop Retouching, Image Editing, Digital Photography, Photography & Video",Affinity Designer,Intermediate,1.5 hours,4.8,15,45,"Rp149,000",6/2021,0,0,4,https://www.udemy.com/course/mastering-the-photoshop-pen-tool/
Graphic Design Portfolio Builder,2469702,"Derrick Mitchell, Jennah Mitchell","Professional Portfolio, Graphic Design, Job Search, Graphic Design & Illustration, Design",Affinity Designer,All Levels,2.5 hours,4.4,244,1679,"Rp149,000",2/2026,24,0,148,https://www.udemy.com/course/graphic-design-portfolio-builder/
Creative Compositing in Photoshop,6793729,Ana Stanković,"Digital Compositing, Adobe Photoshop, Graphic Design, Graphic Design & Illustration, Design",Affinity Designer,Beginner,2.5 hours,4.6,N/A,N/A,"Rp149,000",8/2025,0,0,6,https://www.udemy.com/course/creative-compositing-in-photoshop/
Typography for Designers & Developers - Don't suck at design,869138,Muhammad Ahsan Pervaiz,"Typography, Mobile App Design, Web Design, User Interface Design, Design",Affinity Designer,Intermediate,9 hours,4.4,721,6050,"Rp149,000",12/2022,13,0,42,https://www.udemy.com/course/typography-mastery-for-ui-designers-and-developers/
Goodnotes 6 Beginner-Friendly Course,5222376,Paperless X,"Productivity Apps, Other IT & Software, IT & Software",Affinity Designer,All Levels,3 hours,4.4,64,406,"Rp149,000",4/2025,4,0,0,https://www.udemy.com/course/goodnotes-6-beginner-friendly-course/
AI for Graphic Designers: A to Z of Generative AI,6884627,Mohak Gosavi,"AI Art Generation, AI Content Generation, Graphic Design, Generative AI (GenAI), Graphic Design & Illustration",Affinity Designer,Beginner,9.5 hours,3.5,6,30,"Rp149,000",3/2026,0,0,14,https://www.udemy.com/course/aiforgraphicdesigners/
Essential Skills for Designers - Images in InDesign,53430,Martin Perhiniak,"Adobe InDesign, Design Tools, Design",Affinity Designer,All Levels,1.5 hours,4.5,11,1204,"Rp447,000.00",5/2013,1,0,1,https://www.udemy.com/course/images-in-indesign/
Photoshop CC: Photo restoration - Removing Colour Casts,2596080,Jonathon Parker,"Adobe Photoshop, Photoshop Retouching, Design Tools, Design",Affinity Designer,Intermediate,1 hour,4.5,21,1003,"Rp149,000",10/2019,0,0,2,https://www.udemy.com/course/photoshop-cc-photo-restoration-removing-colour-casts/
Becoming a Graphic Designer in the Film Industry,5678468,Samantha Dabrowski,"Filmmaking, Graphic Design, Graphic Design & Illustration, Design",Affinity Designer,Intermediate,1.5 hours,4.0,1,8,"Rp149,000",12/2023,0,0,19,https://www.udemy.com/course/become-a-graphic-designer-in-the-film-industry/
Adobe Illustrator : Art Engineering for Graphic Designers,6398423,Pixel Wings,"Adobe Illustrator, Graphic Design, Graphic Design & Illustration, Design",Affinity Designer,All Levels,8.5 hours,4.8,16,1198,"Rp149,000",3/2025,0,0,27,https://www.udemy.com/course/vector-vision-adobe-illustrator-super-power/
Learning Microsoft Designer from Scratch,6653943,Pratik Pradhan,"Microsoft Designer, Graphic Design, Graphic Design & Illustration, Design",Affinity Designer,Beginner,1 hour,5.0,1,380,"Rp149,000",7/2025,0,0,0,https://www.udemy.com/course/learning-microsoft-designer-from-scratch/
The Ultimate Guide on How to Become a Designer,69752,Martin Perhiniak,"Graphic Design, Other Design, Design",Affinity Designer,All Levels,2 hours,4.4,402,15249,"Rp149,000",3/2014,0,0,0,https://www.udemy.com/course/how-to-become-a-designer/
Create A Professional Script Font For Free,4792704,Muhammad Bilal Moten,"Font Design, Design Tools, Design",Affinity Designer,Beginner,1.5 hours,4.4,N/A,1003,"Rp149,000",7/2022,0,0,4,https://www.udemy.com/course/create-a-professional-script-font-for-free/
Graphic Design Theory - Process of Design,4621382,Martin Perhiniak,"Graphic Design, Design Theory, Workflow, Graphic Design & Illustration, Design",Affinity Designer,All Levels,3 hours,4.6,14,92,"Rp149,000",5/2022,3,0,1,https://www.udemy.com/course/graphic-design-theory-process-of-design/
Graphic Design: For Complete Beginner (User-Friendly),5432680,John Lenon,"Web Design, Design Theory, User Experience (UX) Design, Graphic Design, Graphic Design & Illustration",Affinity Designer,Beginner,7.5 hours,4.2,86,8232,"Rp149,000",7/2024,0,0,2,https://www.udemy.com/course/graphic-design-fundamentals-to-professionals-masterclass/
Introduction to Graphic Design,1345266,StudyOnline247 Courses,"Graphic Design, Graphic Design & Illustration, Design",Affinity Designer,Beginner,11.5 hours,3.9,72,416,"Rp149,000",9/2017,0,0,0,https://www.udemy.com/course/introduction-to-graphic-design-course/
How to Make a Zine,3226605,Libby James,"Creative Writing, Creativity, Personal Development",Affinity Designer,Beginner,1.5 hours,4.2,32,107,"Rp149,000",3/2026,4,0,6,https://www.udemy.com/course/how-to-make-a-zine/
Crafting Pixel Perfect Icons – The Right Way!,2320474,Icon Utopia,"Icon Design, Illustration, Adobe Illustrator, Graphic Design & Illustration, Design",Affinity Designer,All Levels,1 hour,4.1,48,181,"Rp149,000",10/2019,0,0,1,https://www.udemy.com/course/crafting-pixel-perfect-icons-the-right-way/
"AI for UI and UX Designers | Design Smarter, Not Harder",6863127,"EmbarkX Official, Saba Memon (EmbarkX)","User Experience (UX) Design, User Experience Design, Design",Affinity Designer,All Levels,2 hours,4.1,123,519,"Rp149,000",10/2025,0,0,0,https://www.udemy.com/course/ai-for-ui-and-ux-designers/
LiquidText for iPad: Beginner-Friendly Course,5920700,Paperless X,"Other IT & Software, IT & Software",Affinity Designer,All Levels,1.5 hours,4.6,8,57,"Rp149,000",9/2024,1,0,0,https://www.udemy.com/course/liquidtext-for-ipad-beginner-friendly-course/
Photo Restoration: Bring Old Photos Back to Life,610928,Photo Phoenix,"Adobe Photoshop, Photography, Design Tools, Design",Affinity Designer,All Levels,3.5 hours,4.6,120,838,"Rp149,000",1/2025,0,0,1,https://www.udemy.com/course/photo-restoration-in-photoshop/
Photo Restoration with Photoshop Tutorial,22461,Infinite Skills,"Adobe Photoshop, Photography, Design Tools, Design",Affinity Designer,All Levels,5 hours,4.5,519,9729,"Rp149,000",1/2017,1,0,1,https://www.udemy.com/course/master-photo-restoration-with-photoshop/
Mastering Graphic Design with AI: Refine Your Creative Skill,5646016,Edwiza Solutions,"Graphic Design, Graphic Design & Illustration, Design",Affinity Designer,All Levels,1.5 hours,3.4,12,349,"Rp149,000",11/2023,0,0,6,https://www.udemy.com/course/mastering-ai-for-design-your-easy-guide-to-excellence/
Practical Font Design,172906,David Bergsland,"Font Design, Graphic Design & Illustration, Design",Affinity Designer,Intermediate,5.5 hours,4.0,94,616,"Rp149,000",3/2016,2,0,2,https://www.udemy.com/course/practical-font-design/
4-in-1 AI Branding Mastery for Business & Personal Brands,2569950,Sumner Hobart,"Business Branding, Marketing Strategy, Personal Branding, Brand Management, Branding",Affinity Designer,All Levels,4.5 hours,4.6,229,5657,"Rp159,000",2/2026,2,0,14,https://www.udemy.com/course/business-branding-for-startups-small-business-branding-ideas-course/
Flat Arts with Adobe Illustrator,4924918,"shepherdd-X -, Laureate Amissah","Adobe Illustrator, Graphic Design & Illustration, Design",Affinity Designer,All Levels,8.5 hours,4.6,28,7170,"Rp149,000",7/2023,14,0,0,https://www.udemy.com/course/flat-art-with-adobe-illustrator/
AI-Powered Graphic Design: Mastering Figma & Emerging Tech,5723170,Skool of AI,"Graphic Design, Web Development, Development",Affinity Designer,All Levels,1.5 hours,4.1,307,37001,"Rp149,000",1/2024,1,0,0,https://www.udemy.com/course/ai-powered-graphic-design-mastering-figma-emerging-tech/
Digital Asset Designer: Creating and Selling Mockups,966268,Gary Simon,"Product Design, Adobe Photoshop, Graphic Design & Illustration, Design",Affinity Designer,Beginner,3 hours,4.5,81,499,"Rp149,000",9/2016,0,0,0,https://www.udemy.com/course/digital-asset-designer-mockups/
Microsoft Copilot and Microsoft Designer: The Complete Guide,6808087,"Anton Voroniuk, Anton Voroniuk Support, Skillademia Academy","Microsoft Copilot, Microsoft Designer, Project Management, Business",Affinity Designer,All Levels,2 hours,4.4,51,6362,"Rp149,000",9/2025,0,0,0,https://www.udemy.com/course/microsoft-copilot-and-microsoft-designer-the-complete-guide/
Adobe Illustrator Cc Perfect Guide,6076811,Khalil Sediqi,"Adobe Illustrator, Graphic Design & Illustration, Design",Affinity Designer,All Levels,15 hours,4.3,9,1045,"Rp149,000",1/2026,0,0,1,https://www.udemy.com/course/adobe-illustrator-cc-2024-prfessional-course/
Working With Microsoft Office On The iPad,240780,Infinite Skills,"Microsoft 365 (Office), Microsoft, Office Productivity",Affinity Designer,All Levels,1.5 hours,4.4,24,223,"Rp149,000",6/2014,0,0,0,https://www.udemy.com/course/working-with-microsoft-office-on-the-ipad/
Learn Microsoft Publisher | Complete Microsoft Publisher,4263392,Usama Hassan,"Microsoft Publisher, Microsoft, Office Productivity",Affinity Designer,All Levels,3 hours,4.2,84,19456,"Rp149,000",8/2021,0,0,1,https://www.udemy.com/course/learn-microsoft-publisher-complete-microsoft-publisher/
How to use iPad Complete Course for Beginners,3911746,bibhu k,"Apple Products Basics, Apple, Office Productivity",Affinity Designer,All Levels,33 mins,4.0,16,101,"Rp149,000",10/2023,0,0,0,https://www.udemy.com/course/ipadcourse/
Figma Prototyping: A deep dive for UX/UI Designer,5102158,Christine Vallaure,"Figma, Prototyping, Animation, User Experience Design, Design",Affinity Designer,All Levels,3 hours,4.6,454,2306,"Rp149,000",1/2025,2,0,0,https://www.udemy.com/course/figma-prototyping-a-deep-dive-for-ux-ui-designer/
Color Basics for Print Designers,16714,Joseph Caserto,"Printmaking, Colored Pencil Drawing, Graphic Design & Illustration, Design",Affinity Designer,All Levels,34 mins,4.2,60,561,"Rp149,000",12/2013,0,0,1,https://www.udemy.com/course/color-basics-for-print-designers/
Adobe Photoshop CC For Beginners,1310162,Sandy Dee,"Adobe Photoshop, Photography Tools, Photography & Video",Affinity Designer,Beginner,10 hours,4.2,29,1344,"Rp149,000",10/2018,0,0,6,https://www.udemy.com/course/adobe-photoshop-cc-overview-and-deep-dive-for-beginners/
Figma for UI Designers,1421516,Greg Rog,"Figma, Mobile App Design, Web Design, User Interface Design, Design Tools",Affinity Designer,Beginner,3.5 hours,4.2,120,794,"Rp149,000",2/2018,0,0,1,https://www.udemy.com/course/figma-for-ui-designers/
Essential Skills for Designers - Adobe Bridge,852060,Martin Perhiniak,"Adobe Bridge, Graphic Design & Illustration, Design",Affinity Designer,All Levels,1 hour,4.5,96,542,"Rp149,000",5/2016,0,0,0,https://www.udemy.com/course/essential-skills-for-designers-adobe-bridge/
Learn Making Vector Arts in Adobe Illustrator CC,4890614,Tiger Verse,"Digital Art, Animation, Graphic Design & Illustration, Design",Affinity Designer,Beginner,2 hours,4.4,6,1021,"Rp149,000",11/2022,0,0,0,https://www.udemy.com/course/vector-arts-by-tigerverse/
Color Psychology for Web/UX/UI/App Designers,3013882,INSPIRAITION ONLINE,"Web Design, Content Creation, Color Theory, Visual Design, Design",Affinity Designer,Beginner,4 hours,4.3,39,258,"Rp149,000",8/2021,0,0,0,https://www.udemy.com/course/color-psychology-for-web-designers/
"iPad For Seniors (iPad, iPad Air, iPad Mini)",420988,Mike Jeffries,"Apple Products Basics, Other IT & Software, IT & Software",Affinity Designer,Beginner,1 hour,3.9,50,550,"Rp149,000",2/2015,0,0,0,https://www.udemy.com/course/ipad-guide-for-seniors/
Masters in Poster Designing with Adobe Photoshop,3757500,Venkatesh B,"Adobe Photoshop, Graphic Design, Graphic Design & Illustration, Design",Affinity Designer,Beginner,3.5 hours,4.2,41,1657,"Rp149,000",8/2025,0,0,3,https://www.udemy.com/course/professional-course-poster-designing-with-adobe-photoshop/
The Graphic Designers Passive Income Masterclass,4921670,Callum Smith,"Passive Income, Graphic Design, Entrepreneurship, Business",Affinity Designer,Beginner,1.5 hours,4.4,3,26,"Rp149,000",10/2022,0,0,3,https://www.udemy.com/course/juicyschool-course-one/
The basics of Figma for web designer from beginner to pro,3948456,Skills Factory,"Figma, Web Design, Design",Affinity Designer,All Levels,11 hours,4.4,7,29,"Rp149,000",5/2021,0,0,0,https://www.udemy.com/course/the-basics-of-figma-for-web-designer-from-beginner-to-pro/
"How to hire, manage and work with designers",5689934,Cristian Barin,"Project Management, User Experience Design, Design",Affinity Designer,All Levels,2.5 hours,4.9,24,148,"Rp149,000",1/2025,0,0,31,https://www.udemy.com/course/how-to-hire-manage-and-work-with-designers/
Mastering Microsoft Publisher 2019 and 365 Training Tutorial,2564388,"TeachUcomp, Inc.","Microsoft Publisher, Microsoft, Office Productivity",Affinity Designer,Beginner,3 hours,4.1,95,361,"Rp149,000",9/2020,0,0,1,https://www.udemy.com/course/mastering-microsoft-publisher-2019-and-365-training-tutorial/
Learn to Draw Vector Art/Dope Illustrations and Earn Money,3611948,Somay Verma,"Vector Graphics, Graphic Design & Illustration, Design",Affinity Designer,All Levels,7.5 hours,4.2,157,22006,"Rp149,000",3/2021,0,0,0,https://www.udemy.com/course/learn-to-draw-vector-artdope-illustrations-and-earn-money/
Microsoft Publisher 365 Fundamentals for Beginners,5640176,Simon Sez IT,"Microsoft Publisher, Microsoft, Office Productivity",Affinity Designer,Beginner,3 hours,3.8,2,17,"Rp149,000",3/2024,2,0,1,https://www.udemy.com/course/microsoft-publisher-365-beginner/
Mastering Logo Design - 20 Projects step-by-step,961684,Baraq Adnan,"Logo Design, User Experience (UX) Design, Graphic Design & Illustration, Design",Affinity Designer,All Levels,7.5 hours,4.5,49,2903,"Rp149,000",4/2017,24,0,24,https://www.udemy.com/course/mastering-logo-designing-20-projects-step-by-step/
HOW TO BECOME AN INTERIOR DESIGNER,6134987,Rasha Osama,"Interior Design, Design",Affinity Designer,All Levels,2.5 hours,N/A,N/A,3,"Rp149,000",9/2024,0,1,0,https://www.udemy.com/course/how-to-become-an-interior-designer/
Publisher 2016,1845386,Intellezy Trainers,"Microsoft Publisher, Other IT & Software, IT & Software",Affinity Designer,Beginner,2 hours,4.3,67,201,"Rp149,000",9/2018,0,0,0,https://www.udemy.com/course/publisher-2016/
Cyanotype 101,3533912,HowExpert,"Photography, Arts & Crafts, Lifestyle",Affinity Designer,Intermediate,2.5 hours,4.6,N/A,2,"Rp349,000",9/2020,0,0,0,https://www.udemy.com/course/cyanotype-101/
Design Your Own Fonts. Plus A Bunch Of Typography Secrets.,904144,Natanael Gama,"Typography, User Experience (UX) Design, Font Design, Graphic Design & Illustration, Design",Affinity Designer,All Levels,1 hour,4.1,84,655,"Rp149,000",7/2016,0,0,0,https://www.udemy.com/course/design-your-own-fonts/
AI Tools for Designers,5670098,Eduonix Learning Solutions,"Generative AI (GenAI), Design Tools, Design",Affinity Designer,Beginner,2 hours,3.8,74,252,"Rp149,000",11/2023,0,0,0,https://www.udemy.com/course/ai-tools-for-designers/
Essential Skills for Designers - Masking,49553,Martin Perhiniak,"Adobe Photoshop, Graphic Design & Illustration, Design",Affinity Designer,All Levels,1.5 hours,4.7,432,2474,"Rp149,000",12/2019,0,0,3,https://www.udemy.com/course/photoshop-masking/
Photoshop Professor Notes - Volumes 1 - 5,32142,John Warren,"Adobe Photoshop, Design Tools, Design",Affinity Designer,Beginner,7.5 hours,4.3,20,1996,"Rp149,000",5/2018,0,0,7,https://www.udemy.com/course/understanding-adobe-photoshop-cs6-basics/
Learning Microsoft Publisher from Scratch,5196356,Pratik Pradhan,"Microsoft Publisher, Scratch Programming, Microsoft, Office Productivity",Affinity Designer,Beginner,2 hours,4.4,5,356,"Rp149,000",4/2023,0,0,0,https://www.udemy.com/course/learning-microsoft-publisher-from-scratch/
Introduction To Digital Art,4949140,Brad Colbow,"Digital Art, Graphic Design & Illustration, Design",Affinity Designer,Beginner,3 hours,4.7,36,158,"Rp449,000",10/2022,0,0,33,https://www.udemy.com/course/introduction-to-digital-art/
Fotor Masterclass 2026 — From Beginner to Pro,6954515,"The Takeoff College, Nima Ghasemi","Artificial Intelligence (AI), AI Content Generation, Generative AI (GenAI), Design Tools, Design",Affinity Designer,Beginner,40 mins,4.3,N/A,N/A,"Rp149,000",12/2025,0,0,0,https://www.udemy.com/course/fotor-masterclass-from-beginner-to-pro/
A Complete Guide to Successful Freelance Logo Design Career,413713,Jestoni Esteban,"Logo Design, Freelancing, Graphic Design, Graphic Design & Illustration, Design",Affinity Designer,All Levels,8.5 hours,4.3,163,3125,"Rp149,000",4/2018,3,0,5,https://www.udemy.com/course/be-a-successful-logo-designer/
Oracle Payroll Cloud Implementation - 500 Exam Questions,6672575,Master Prep,"IT Certifications, IT & Software",Affinity Designer,All Levels,N/A,N/A,N/A,8,"Rp149,000",6/2025,0,0,0,https://www.udemy.com/course/oracle-payroll-cloud-implementation-500-exam-questions/
Advanced Photo Restoration Techniques,3763268,Jonathon Parker,"Adobe Photoshop, Photography, Photoshop Retouching, Photography Tools, Photography & Video",Affinity Designer,Intermediate,1 hour,4.4,44,500,"Rp149,000",1/2021,0,0,1,https://www.udemy.com/course/advanced-photo-restoration-techniques/
DesignCraft Pro: Corporate Design Challenge Mastery TM,5710218,"Dr. Noble Arya Full-Stack Data Scientist, AI/ML/DL Researcher","Product Development, User Experience Design, Design",Affinity Designer,All Levels,43 mins,4.8,2,151,"Rp149,000",12/2023,0,0,0,https://www.udemy.com/course/designcraft-pro-corporate-design-challenge-mastery-tm/
Photo Restoration Techniques - Faded Images,3763404,Jonathon Parker,"Adobe Photoshop, Photography, Photoshop Retouching, Photography Tools, Photography & Video",Affinity Designer,Beginner,33 mins,4.4,25,480,"Rp149,000",1/2021,0,0,1,https://www.udemy.com/course/photo-restoration-techniques-faded-images/
Learning The Adobe Textile Designer Extension for Photoshop,2544203,Delores Orridge Naskrent,"Adobe Photoshop, Design Tools, Design",Affinity Designer,Intermediate,40 mins,3.4,8,118,"Rp149,000",9/2019,0,0,1,https://www.udemy.com/course/learning-the-adobe-textile-designer-extension-for-photoshop/
Canva - Latest Course by Best Seller (Version 3),4067576,K.R. Gupta & R. Gupta,"Canva, Graphic Design, Design Tools, Design",Affinity Designer,All Levels,5 hours,4.0,438,45277,"Rp149,000",5/2023,1,0,0,https://www.udemy.com/course/canva-training/
Logo Design Essentials: Photoshop & Illustrator,6078811,Sayman Creative Institute,"Logo Design, Graphic Design & Illustration, Design",Affinity Designer,All Levels,4.5 hours,4.1,154,23107,"Rp149,000",3/2026,0,0,0,https://www.udemy.com/course/logo-design-essentials-photoshop-illustrator/
Generative AI Bootcamp for Designers & Creators,7056373,GAME INSTITUTE,"Graphic Design & Illustration, Design",Affinity Designer,Beginner,2 hours,5.0,4,23,"Rp149,000",2/2026,0,0,6,https://www.udemy.com/course/generative-ai-bootcamp-for-designers-creators/
THE NARRATIVE COGNITIVE DEVELOPMENT MANUAL COURSE,6111553,Paul Sambataro,"Problem Solving, Storytelling, Online Education, Teaching & Academics",Affinity Designer,Intermediate,3.5 hours,4.5,N/A,N/A,"Rp149,000",9/2024,1,0,23,https://www.udemy.com/course/the-narrative-cognitive-development-manual-course/
Flat Design - Create Beautiful Flat Graphics In Photoshop,793000,Aaron Ward,"Adobe Photoshop, User Experience (UX) Design, Graphic Design & Illustration, Design",Affinity Designer,All Levels,2 hours,4.7,30,622,"Rp149,000",7/2016,6,0,7,https://www.udemy.com/course/flat-design-graphics-photoshop/
Essential Terms for Graphic Designers,6926935,Arshia Shayestehtabar,"Graphic Design, Graphic Design & Illustration, Design",Affinity Designer,Beginner,34 mins,4.3,N/A,N/A,"Rp159,000",11/2025,0,0,0,https://www.udemy.com/course/essential-terms-for-graphic-designers/
Master Microsoft Publisher 2010 Made Easy Training Tutorial,33996,"TeachUcomp, Inc.","Microsoft Publisher, Microsoft, Office Productivity",Affinity Designer,All Levels,4.5 hours,3.7,29,167,"Rp149,000",6/2013,0,0,0,https://www.udemy.com/course/master-microsoft-publisher-2010-made-easy-training-tutorial/
Competency Framework Designer: Model & Skill Library [EN],6680287,"PapaHR ⇢ HR, SHRM, AI ChatGPT, Analytics, Management, Leadership PHRi Certification, Business Skills, People, Marketing, Project","Human Resources, Business",Affinity Designer,All Levels,3 hours,4.1,13,2564,"Rp149,000",3/2026,1,0,8,https://www.udemy.com/course/competency-and-skill-model-development-approach-and-library/
Photoshop on iPad: Learn Photoshop Retouching on the iPad,2853798,Amelie Satzger,"Photoshop Retouching, Adobe Photoshop, Image Editing, Photography, Photography Tools",Affinity Designer,Beginner,2.5 hours,4.5,107,1514,"Rp149,000",9/2023,0,0,1,https://www.udemy.com/course/photoshoponipad/
Mastering Publisher for Microsoft 365 Training Tutorial,6030640,"TeachUcomp, Inc.","Microsoft Publisher, Other IT & Software, IT & Software",Affinity Designer,All Levels,3.5 hours,4.2,.,N/A,"Rp149,000",1/2025,0,0,1,https://www.udemy.com/course/mastering-publisher-for-microsoft-365-training-tutorial/
HitFilm Express: Create and Edit Videos,1483386,Living Bookshelf eLearning,"Video Editing, HitFilm, Video Design, Photography & Video",Affinity Designer,All Levels,2 hours,4.6,165,1350,"Rp149,000",11/2023,0,0,1,https://www.udemy.com/course/hitfilm-express/
Creative Thinking for Designers: Ultimate Quiz Prep Mastery,6465365,MindWalkDesign .,"Graphic Design, Design Thinking, Design Tools, Design",Affinity Designer,All Levels,N/A,4.2,2,4,"Rp149,000",4/2025,0,0,0,https://www.udemy.com/course/creative-thinking-for-designers-ultimate-quiz-prep-mastery/
From Drawing to Vector Art in Adobe Illustrator CC,3821650,Helen Bradley,"Adobe Illustrator, Vector Graphics, Graphic Design & Illustration, Design",Affinity Designer,Beginner,2 hours,4.5,10,90,"Rp149,000",10/2021,0,0,2,https://www.udemy.com/course/drawing-to-vector-art-in-adobe-illustrator-cc/
SharePoint Designer 2013,975658,Intellezy Trainers,"Microsoft SharePoint, Microsoft, Office Productivity",Affinity Designer,Intermediate,4.5 hours,4.5,691,3118,"Rp149,000",4/2018,0,0,0,https://www.udemy.com/course/sharepoint-designer-2013/
Design Theory | Designer Choice | The Complete Design Course,2231018,Umer Farooq,"Design Theory, Graphic Design, Design Patterns (software), Graphic Design & Illustration, Design",Affinity Designer,All Levels,4 hours,3.5,35,3809,"Rp149,000",9/2024,1,0,0,https://www.udemy.com/course/design-theory-designer-choice-the-complete-design-course/
Microsoft Publisher 2016 Made Easy Training Tutorial,807386,"TeachUcomp, Inc.","Microsoft Publisher, Microsoft, Office Productivity",Affinity Designer,Beginner,3 hours,4.2,319,1415,"Rp149,000",3/2016,0,0,1,https://www.udemy.com/course/microsoft-publisher-2016-made-easy-training-tutorial/
Masters in Greeting Card Design using Adobe Photoshop,3726482,Venkatesh B,"Adobe Photoshop, Greeting Cards, Graphic Design & Illustration, Design",Affinity Designer,All Levels,4.5 hours,4.4,6,1164,"Rp149,000",8/2025,0,0,16,https://www.udemy.com/course/adobe-photoshop-create-professional-greeting-card-design/
Design Stunning AI Images - Bing AI & Microsoft Designer,6188019,Emma Al,"Generative AI (GenAI), Design Tools, Design",Affinity Designer,All Levels,2 hours,5.0,4,1064,"Rp149,000",4/2025,0,0,0,https://www.udemy.com/course/design-stunning-images-in-15-minutes-bing-ai-ms-designer/
Mastering Retouching and Restoration (15 projects Included),482924,Supriyo Kundu,"Photoshop Retouching, Adobe Photoshop, Graphic Design & Illustration, Design",Affinity Designer,All Levels,2.5 hours,3.4,64,19906,"Rp149,000",8/2022,4,0,6,https://www.udemy.com/course/mastering-beauty-retouching-and-photo-restoration/
Essential Skills for Designers - Working with Type,53556,Martin Perhiniak,"Adobe Photoshop, Adobe Illustrator, Adobe InDesign, Graphic Design & Illustration, Design",Affinity Designer,All Levels,1.5 hours,4.4,32,498,"Rp149,000",4/2017,0,0,0,https://www.udemy.com/course/working-with-type/
Master In Photoshop Tools (Photoshop Beast Master),1889986,Prince Garg,"Adobe Photoshop, Graphic Design & Illustration, Design",Affinity Designer,All Levels,2 hours,3.7,315,25832,"Rp149,000",7/2021,0,0,5,https://www.udemy.com/course/master-in-photoshop-from-zero-to-pro/
Learn to Create a Resume and Cover Letter (for Designers),4343114,Pierluigi Giglio,"Resume and CV Writing, Graphic Design, Cover Letters, Web Design, Design",Affinity Designer,Beginner,2 hours,4.7,19,3939,"Rp149,000",10/2021,0,0,1,https://www.udemy.com/course/learn-to-create-a-resume-and-cover-letter-for-designers/
Brand Identity & Visual Expression Course for Entrepreneurs,4156740,"Scott Adam Lancaster | 31,000+ Students | Entrepreneur | Leading Brand Development Consultant","Brand Management, Business Branding, Strategic Thinking, Business Strategy, Business",Affinity Designer,All Levels,2.5 hours,4.5,254,2904,"Rp149,000",2/2024,0,0,2,https://www.udemy.com/course/build-a-world-class-brand-step-by-step-next-steps/
Adobe Illustrator For Beginners: Design A Typographic Logo,608090,Will Paterson,"Adobe Illustrator, Logo Design, Typography, Graphic Design, Graphic Design & Illustration",Affinity Designer,Beginner,1.5 hours,4.5,150,620,"Rp149,000",10/2015,0,0,2,https://www.udemy.com/course/illustratorforbeginners/
"Microsoft Designer: Create Images, reels, posts easily",5429150,SeaportAi .,"Microsoft Designer, Graphic Design, Graphic Design & Illustration, Design",Affinity Designer,All Levels,1.5 hours,4.0,2,2005,"Rp149,000",7/2025,0,0,0,https://www.udemy.com/course/microsoftdesigner/
Graphic Design Bootcamp Part 2,1746704,"Derrick Mitchell, Jennah Mitchell","Graphic Design, Web Design, Personal Branding, Business Branding, Graphic Design & Illustration",Affinity Designer,Intermediate,5 hours,4.4,551,18357,"Rp149,000",2/2026,1,0,9,https://www.udemy.com/course/graphic-design-bootcamp-part-2-advanced-training/
Creating Flat Art Illustrations: Using Adobe Illustrator,5020924,shepherdd-X -,"Adobe Illustrator, Graphic Design & Illustration, Design",Affinity Designer,Beginner,1.5 hours,4.4,24,3078,"Rp149,000",1/2026,1,0,0,https://www.udemy.com/course/flat-art-illustrations-for-novice/
Multimedia & Graphic designing Course for Neurodiverse,4198620,Atar Singh,"Graphic Design, Autism, Special Education, Graphic Design & Illustration, Design",Affinity Designer,Beginner,4 hours,4.5,94,16313,"Rp149,000",4/2024,0,0,0,https://www.udemy.com/course/graphic-designing-course-for-special-needs-people/
Guaranteed Way to Become a Pro Graphic Designer in 3 Days!,3420994,Martina Ledermann,"Design Theory, Graphic Design & Illustration, Design",Affinity Designer,Beginner,41 mins,4.0,1,3,"Rp149,000",1/2023,0,0,1,https://www.udemy.com/course/graphics-design-tutorial-for-complete-beginners/
Canva Graphic Design Complete Guide | 10+ Projects,1258402,Anthony Isaac,"Graphic Design, User Experience (UX) Design, Canva, Graphic Design & Illustration, Design",Affinity Designer,All Levels,3 hours,4.2,502,33956,"Rp149,000",2/2021,1,0,0,https://www.udemy.com/course/canva-course-graphics-design/
Microsoft Publisher 2013 Training Tutorial,49116,"TeachUcomp, Inc.","Microsoft Publisher, Microsoft, Office Productivity",Affinity Designer,All Levels,3.5 hours,3.2,6,112,"Rp149,000",10/2013,0,0,0,https://www.udemy.com/course/microsoft-publisher-2013-training-tutorial/
OpenSite Designer: AI Applied to Terrain Design - AulaGEO,6198433,AulaGEO Academy,"Civil Engineering, Engineering, Teaching & Academics",Affinity Designer,Intermediate,2 hours,4.1,4,18,"Rp149,000",7/2025,0,0,2,https://www.udemy.com/course/opensite-designer-ai-applied-to-terrain-design-aulageo/
Adobe Illustrator for web based instructional designers,3903326,Chris Richter,"Adobe Illustrator, Web Development, Web Design, Design",Affinity Designer,Beginner,2 hours,5.0,1,4,"Rp149,000",3/2025,0,0,5,https://www.udemy.com/course/introduction-to-adobe-illustrator-for-web-developers/
Photoshop Smart Objects Masterclass,464184,Rahul Giri,"Adobe Photoshop, Video Editing, Graphic Design & Illustration, Design",Affinity Designer,All Levels,2 hours,4.4,43,4001,"Rp149,000",12/2025,0,0,14,https://www.udemy.com/course/a-genius-guide-become-photoshop-smarty-with-smart-objects/
ChatGPT for Designers: Supercharge Your Design Workflow Now,5327916,"Faisal Memon (EmbarkX), EmbarkX Official","ChatGPT, User Experience (UX) Design, Graphic Design, Copywriting, Other Office Productivity",Affinity Designer,All Levels,1 hour,4.3,7,34,"Rp149,000",1/2026,0,0,0,https://www.udemy.com/course/chatgpt-for-designers-supercharge-your-design-workflow/
Essential Skills for Designers - Mastering the Pen Tool,53549,Martin Perhiniak,"Adobe Photoshop, Adobe Illustrator, Graphic Design & Illustration, Design",Affinity Designer,All Levels,2 hours,4.7,236,1519,"Rp149,000",5/2013,1,0,1,https://www.udemy.com/course/pen-tool/
Photoshop Flyer Design Secrets,23427,Keith Young,"Adobe Photoshop, Graphic Design, Design Tools, Design",Affinity Designer,All Levels,12 hours,4.2,51,400,"Rp149,000",2/2013,0,0,3,https://www.udemy.com/course/photoshop-flyer-design-secrets/
Develop iPhone and iPad apps with no programming experience,48114,Benny Hsu,"iOS Development, Mobile Development, Development",Affinity Designer,Beginner,4.5 hours,4.3,46,1216,"Rp149,000",4/2013,3,0,4,https://www.udemy.com/course/develop-iphone-and-ipad-apps-with-no-programming-experience/
Adobe Illustrator CC Beginner,1136446,Intellezy Trainers,"Adobe Illustrator, Graphic Design & Illustration, Design",Affinity Designer,Beginner,4.5 hours,4.6,44,114,"Rp149,000",12/2024,0,0,1,https://www.udemy.com/course/adobe-illustrator-beginner/
Adobe Illustrator for Graphic Designers and Freelancers,7052675,Muhammad Riaz Uddin,"Adobe Illustrator, Graphic Design & Illustration, Design",Affinity Designer,All Levels,4 hours,4.3,2,1660,"Rp149,000",2/2026,0,0,0,https://www.udemy.com/course/adobe-illustrator-for-graphic-designers-and-freelancers/
Photography: 10 Top Tips - Be More Creative with Your Camera,519912,Kevin Landwer-Johan,"Photography, Creativity, Digital Camera Functionality, Photography & Video",Affinity Designer,Beginner,1 hour,4.5,461,8467,"Rp699,000",7/2017,2,0,3,https://www.udemy.com/course/photography-10-top-tips-be-more-creative-with-your-camera/
Business Card Design and Selling,4706502,Pradeep Jayapathma (Jay),"Business Card Design, Freelancing, Graphic Design & Illustration, Design",Affinity Designer,All Levels,8 hours,4.4,11,341,"Rp149,000",11/2023,15,0,15,https://www.udemy.com/course/business-card-masterclass/
Beginner's Guide to Canva,4752710,Pixovert Studio,"Canva, Graphic Design & Illustration, Design",Affinity Designer,Beginner,1.5 hours,3.4,25,1015,"Rp149,000",8/2024,0,0,0,https://www.udemy.com/course/beginners-guide-to-canva-course/
Key Performance Indicators (KPIs) Practice Exams,6822091,Practice Exams Learning Time,"Key Performance Indicators (KPIs), IT Certifications, IT & Software",Affinity Designer,All Levels,N/A,4.6,N/A,N/A,"Rp149,000",9/2025,0,0,0,https://www.udemy.com/course/key-performance-indicators-kpis-practice-exams/
Sketching Course For Designers Advanced Master Class TM,5042706,"Dr. Noble Arya Full-Stack Data Scientist, AI/ML/DL Researcher","Sketching, Other Design, Design",Affinity Designer,All Levels,1.5 hours,4.8,3,564,"Rp149,000",12/2022,0,0,0,https://www.udemy.com/course/sketching-course-for-designers-advanced-master-class-tm/
Graphic Design for Beginners: Logos in Adobe Illustrator,4949520,Derrick Mitchell,"Adobe Illustrator, Logo Design, Graphic Design & Illustration, Design",Affinity Designer,Intermediate,2.5 hours,4.4,14,1074,"Rp149,000",10/2022,0,0,11,https://www.udemy.com/course/graphic-design-for-beginners-logos-in-adobe-illustrator/
Understanding Masks In Procreate: An In-Depth Guide,2890290,Leo Mateus,"Procreate Digital Illustration App, Digital Art, Drawing, Illustration, Graphic Design & Illustration",Affinity Designer,All Levels,1 hour,4.5,16,126,"Rp149,000",4/2020,0,0,0,https://www.udemy.com/course/understanding-masks-in-procreate-an-in-depth-guide/
Adobe Photoshop - from scratch to template designer/stocker,1643836,Roman Saiapin,"Adobe Photoshop, Web Design, Design",Affinity Designer,Beginner,5.5 hours,4.6,5,20,"Rp149,000",6/2018,0,0,48,https://www.udemy.com/course/psd-stock-en/
Lifelong Learning for Productivity | Growth & Leadership,6827823,Crystal Tummala,"Personal Productivity, Growth Mindset, Leadership, Career Development, Other Office Productivity",Affinity Designer,All Levels,1.5 hours,4.6,N/A,6,"Rp149,000",9/2025,0,0,4,https://www.udemy.com/course/lifelong-learning-for-productivity-growth-leadership/
Adobe Illustrator: How to Draw Squared Animals Icons,933888,Andrey Bzhitskikh,"Adobe Illustrator, Graphic Design, Drawing, Graphic Design & Illustration, Design",Affinity Designer,Beginner,32 mins,4.5,69,3049,"Rp149,000",6/2018,1,0,2,https://www.udemy.com/course/adobe-illustrator-how-to-draw-squared-animals-icons/
Canva 2020: Non-Designer’s Guide to Mastery,3131298,"JP COURSES, Quratulain Shakeel","Canva, Graphic Design, Image Editing, Instagram Marketing, Design Tools",Affinity Designer,All Levels,36 mins,4.0,631,22285,"Rp149,000",3/2025,0,0,0,https://www.udemy.com/course/canva-2020-for-non-designers-beginner-to-expert/
Essential Skills for Designers - Selecting People,288388,Martin Perhiniak,"Adobe Photoshop, Image Editing, Design Tools, Design",Affinity Designer,Intermediate,3 hours,4.7,78,493,"Rp149,000",11/2020,1,0,1,https://www.udemy.com/course/selecting-people-in-photoshop/
ChromaCraft: Mastering Colors for Designers TM,5705020,"Dr. Noble Arya Full-Stack Data Scientist, AI/ML/DL Researcher","Color Theory, User Experience Design, Design",Affinity Designer,All Levels,1.5 hours,4.3,2,217,"Rp149,000",12/2023,0,0,0,https://www.udemy.com/course/chromacraft-mastering-colors-for-designers-tm/
Graphic Design Projects For Beginners,1361698,Anthony Isaac,"Graphic Design, User Experience (UX) Design, Graphic Design & Illustration, Design",Affinity Designer,All Levels,2.5 hours,4.1,88,9448,"Rp159,000",2/2021,1,0,0,https://www.udemy.com/course/graphic-projects/
Syntax Error Handling Preparation with Practice Tests,6536321,Practice Exams Potential,"IT Certifications, IT & Software",Affinity Designer,All Levels,N/A,N/A,N/A,N/A,"Rp149,000",3/2025,0,0,0,https://www.udemy.com/course/syntax-error-handling-preparation-with-practice-tests/
Advance Photoshop Techniques for Designers,645606,Eduonix Learning Solutions,"Adobe Photoshop, Design Tools, Design",Affinity Designer,All Levels,5 hours,4.7,5,39,"Rp149,000",12/2018,1,0,0,https://www.udemy.com/course/advance-photoshop-techniques-for-designers/
Design Versioning - Version control for designers,715494,Adria Jimenez,"Version Control, Adobe Photoshop, Design Thinking, Career Development, Design Tools",Affinity Designer,Expert,2.5 hours,4.2,25,525,"Rp149,000",7/2017,0,0,0,https://www.udemy.com/course/version-control-for-designers/
Creative logo design with Inkscape for free,446936,István Szép,"Inkscape, Creativity, Logo Design, Graphic Design & Illustration, Design",Affinity Designer,All Levels,2.5 hours,4.1,128,2053,"Rp149,000",1/2017,0,0,0,https://www.udemy.com/course/logo-design-with-inkscape-for-free/
Gestalt Theory for Web/UX/UI/App Designers,3179308,INSPIRAITION ONLINE,"Web Design, Design",Affinity Designer,Beginner,3 hours,4.3,19,128,"Rp149,000",6/2020,0,0,0,https://www.udemy.com/course/gestalt-theory-for-web-designers/
Website Portfilo Design For Designers Master Class TM,5045956,"Dr. Noble Arya Full-Stack Data Scientist, AI/ML/DL Researcher","Graphic Design, Graphic Design & Illustration, Design",Affinity Designer,All Levels,1 hour,5.0,3,565,"Rp149,000",12/2022,0,0,0,https://www.udemy.com/course/website-portfilo-design-for-designers-master-class-tm/
Value Mastery MACK/VAVE Principles for Designers TM,5704990,"Dr. Noble Arya Full-Stack Data Scientist, AI/ML/DL Researcher","Product Development, User Experience Design, Design",Affinity Designer,All Levels,1 hour,5.0,2,152,"Rp149,000",12/2023,0,0,0,https://www.udemy.com/course/value-mastery-mackvave-principles-for-designers-tm/
Figma AI: The Designer's Unfair Advantage [2026],7017603,"Meta Brains, Skool of AI","User Experience Design, Design",Affinity Designer,All Levels,4 hours,3.6,7,3046,"Rp149,000",2/2026,0,0,0,https://www.udemy.com/course/figma-ai-mastery-design-faster-with-ai-powered-workflows/
Editing in Hitfilm - Learn Video Editing in 30mins!,4777718,Tirion Learning,"HitFilm, Video Design, Photography & Video",Affinity Designer,All Levels,30 mins,4.4,4,4,"Rp149,000",7/2022,0,0,0,https://www.udemy.com/course/learn-hitfilm-video-editing/
AI Foundations & Acceleration for Learning Designers,6932221,Stuart Wesselby,"Artificial Intelligence (AI), Business Analytics & Intelligence, Business",Affinity Designer,All Levels,3.5 hours,3.6,4,1910,"Rp219,000",1/2026,0,0,0,https://www.udemy.com/course/ai-foundations-acceleration-for-learning-designers/
UI UX Design Master Course: become a better designer now.,4456572,Luca Panzarella,"Web Design, User Experience Design, Design",Affinity Designer,Beginner,2.5 hours,4.4,78,527,"Rp149,000",1/2022,0,0,0,https://www.udemy.com/course/ui-ux-design-master-course-a-strategy-approach/
Create a Mood & Sample board like a Pro Interior Designer,4727786,Anam Clarke,"Interior Design, Design",Affinity Designer,Beginner,2 hours,3.4,7,33,"Rp149,000",6/2022,0,0,3,https://www.udemy.com/course/create-a-mood-sample-board-like-a-pro-interior-designer/
Affinity Designer Quick Start Guide for Beginners,5750184,Mark Krukowski,"Affinity Designer, Vector Graphics, Graphic Design & Illustration, Design",Affinity Designer,Beginner,1 hour,4.8,30,814,Free,1/2025,0,0,0,https://www.udemy.com/course/affinity-designer-free-guide-for-beginners/
Learn to Code JavaScript web designers and developers quick,854206,Laurence Svekis,"JavaScript, Web Design, Design",Affinity Designer,Beginner,3 hours,4.4,379,43519,"Rp149,000",11/2019,18,0,3,https://www.udemy.com/course/learn-to-code-javascript-web-designers-web-developers/
Intro to Photoshop for Interior Designers,1093594,Brian Lee,"Adobe Photoshop, Interior Design, Design",Affinity Designer,Beginner,1 hour,4.2,285,5646,"Rp149,000",11/2020,11,0,1,https://www.udemy.com/course/intro-to-photoshop-for-interior-designers/
Photoshop For The Web Tutorial. A Definite Training Course,32333,Infinite Skills,"Adobe Photoshop, Design Tools, Design",Affinity Designer,All Levels,6.5 hours,4.6,36,943,"Rp149,000",1/2017,1,0,1,https://www.udemy.com/course/learn-photoshop-for-the-web-a-definite-course/
Introduction to Packaging Visualization in Blender,4212826,Harshavardhan Saravanan,"Blender, 3D Modeling, Design Tools, Design",Affinity Designer,Beginner,4 hours,4.3,50,265,"Rp149,000",7/2021,0,0,1,https://www.udemy.com/course/introduction-to-packaging-visualization-in-blender/
Fashion Design: Sketch in 3D using Marvelous Designer,866470,Charles Elum,"Marvelous Designer, 3D Modeling, 3D Fashion Design, Fashion Design, Design",Affinity Designer,Beginner,2.5 hours,4.4,273,2301,"Rp159,000",3/2018,2,0,7,https://www.udemy.com/course/3dfashiondesign/
Prehistoric Art: Beginning Art for Artists and Designers,1355330,Federico von Borstel,"Art History, Humanities, Teaching & Academics",Affinity Designer,All Levels,2 hours,4.6,57,238,"Rp149,000",8/2021,0,0,0,https://www.udemy.com/course/prehistoric-art/
Product Designer to World's Best AI Researcher & Expert TM,5839498,"Dr. Noble Arya Full-Stack Data Scientist, AI/ML/DL Researcher","Artificial Intelligence (AI), Other IT & Software, IT & Software",Affinity Designer,All Levels,1.5 hours,4.7,3,313,"Rp149,000",2/2024,0,0,0,https://www.udemy.com/course/product-designer-to-worlds-best-ai-researcher-expert-tm/
Idea Generation Strategies for Designers Master Class TM,5037016,"Dr. Noble Arya Full-Stack Data Scientist, AI/ML/DL Researcher","Brainstorming Strategies, Personal Productivity, Personal Development",Affinity Designer,All Levels,2 hours,4.1,8,774,"Rp149,000",11/2023,0,0,0,https://www.udemy.com/course/idea-generation-strategies-for-designers-master-class/
"Greek Art for Art Lovers, Artists and Designers",1441266,Federico von Borstel,"Art History, Humanities, Teaching & Academics",Affinity Designer,All Levels,2 hours,4.6,11,88,"Rp149,000",8/2021,0,0,0,https://www.udemy.com/course/greek-art-for-art-lovers-artists-and-designers/
iPad Tips and Tricks,1570934,Corey Knight,"Apple Products Basics, Apple, Office Productivity",Affinity Designer,Beginner,36 mins,4.2,77,4647,Free,2/2018,2,0,0,https://www.udemy.com/course/ipad-tips-and-tricks/
Learn Design on iPad with Linearity Curve,6192557,Adi Aviram,"Graphic Design, Design Tools, Design",Affinity Designer,Beginner,40 mins,4.3,7,681,Free,10/2024,0,0,1,https://www.udemy.com/course/design-on-ipad-with-linearity-curve/
Introduction to book cover design. Redesigning George Orwell,4217602,"Manuel Pallarés, architect and graphic designer","Book Cover Design, Graphic Design, Graphic Design & Illustration, Design",Affinity Designer,All Levels,35 mins,4.2,46,2323,Free,8/2021,0,0,1,https://www.udemy.com/course/introduction-to-book-cover-design-redesigning-george-orwell/
Creating 360 Virtual Tours Jawla - Affinity - Teliportme,5421624,Khabeer Online,"360 Video, Other Photography & Video, Photography & Video",Affinity Designer,Beginner,1 hour,4.1,8,523,Free,7/2023,0,0,0,https://www.udemy.com/course/jawla360-virtual-tours-course/
Screens Essentials for UI Designers,1421414,Greg Rog,"User Interface Design, Mobile App Design, GUI Programming, Web Design, Design",Affinity Designer,Beginner,1 hour,4.4,759,19817,Free,11/2017,0,0,0,https://www.udemy.com/course/screens-essentials-for-ui-designers/
A Product Designers Guide To Adobe Illustrator,2152794,Jack Daly,"Adobe Illustrator, Design Theory, Graphic Design, Product Design, Graphic Design & Illustration",Affinity Designer,Beginner,1 hour,4.3,134,14296,Free,4/2020,5,0,2,https://www.udemy.com/course/a-product-designers-guide-to-adobe-illustrator/
Clarity in Calling,988592,Robbie Osenga,"Life Purpose, Personal Transformation, Personal Development",Affinity Designer,All Levels,2.5 hours,4.4,63,3683,Free,10/2016,0,0,2,https://www.udemy.com/course/clarityincalling/
How to become a Logo Designer,3771798,MKCL India,"Logo Design, Graphic Design & Illustration, Design",Affinity Designer,All Levels,1 hour,4.3,792,16749,Free,1/2021,0,0,0,https://www.udemy.com/course/how-to-become-a-logo-designer/
Become A Professional Book Cover Designer In 1 for Free,3138880,Bamise Peter,"Book Cover Design, Graphic Design & Illustration, Design",Affinity Designer,All Levels,2 hours,3.7,123,6465,Free,7/2020,3,0,2,https://www.udemy.com/course/professional-book-designer/
InVision Studio for UI Designers,1873140,Greg Rog,"User Interface Design, GUI Programming, Prototyping, User Experience Design, Design",Affinity Designer,Beginner,3 hours,4.4,747,21365,Free,8/2018,0,0,1,https://www.udemy.com/course/invision-studio-for-ui-designers/
Photoshop for Designers: An Introduction to Tablet Sketching,833030,Marouane Bembli,"Sketching, Adobe Photoshop, Design Tools, Design",Affinity Designer,All Levels,1 hour,4.2,40,1387,Free,4/2016,1,0,0,https://www.udemy.com/course/photoshop-for-designers/
InDesign CC Essentials for Beginners - Basics & Tricks,3897010,Khalil Ibrahim,"Adobe InDesign, Adobe Illustrator, Adobe Photoshop, Graphic Design, Design Tools",Affinity Designer,Beginner,1.5 hours,4.1,197,12060,Free,3/2021,2,0,1,https://www.udemy.com/course/indesign-essentials-for-beginners-basics-tricks/
Become a Web Designer - HTML for Beginners,3468238,Chandrasekaran Janardhanan,"HTML, Web Development, Development",Affinity Designer,Beginner,2 hours,4.4,136,4293,Free,7/2022,9,0,14,https://www.udemy.com/course/starthtml/
Swiss Design Lab: Level Up Your Graphic Skills,5979478,Meenakshi Walia,"Graphic Design, Graphic Design & Illustration, Design",Affinity Designer,All Levels,34 mins,4.2,74,1460,Free,5/2024,0,0,1,https://www.udemy.com/course/swiss-design/
Photoshop for Designers: Rendering & Texturing Round Objects,844322,Marouane Bembli,"Adobe Photoshop, Design Tools, Design",Affinity Designer,All Levels,1 hour,4.5,7,1019,Free,5/2016,1,0,0,https://www.udemy.com/course/photoshop-for-designers-rendering-texturing-round-objects/
Procreate: Solid Foundations,4163424,Simon Foster,"Procreate Digital Illustration App, Graphic Design & Illustration, Design",Affinity Designer,Beginner,18.5 hours,4.7,5369,27232,"Rp169,000",3/2026,0,0,61,https://www.udemy.com/course/procreate-solid-foundations/
Figma HTML CSS JavaScript in Web Design and UI UX Design,3197760,Hossein Boroojinejadshirazi,"Web Development, CSS, User Experience (UX) Design, User Interface Design, Development",Affinity Designer,All Levels,40 hours,4.6,1163,10178,"Rp149,000",10/2024,29,0,237,https://www.udemy.com/course/uxdevelopment/
From Graphic Designer to Motion Designer,5173182,Makers Of Media,"Adobe After Effects, Adobe Illustrator, 3D & Animation, Design",Affinity Designer,Intermediate,5 hours,4.5,43,180,N/A,6/2023,0,0,30,https://www.udemy.com/course/from-graphic-designer-to-motion-designer/
Substance Painter Master Course,6606417,3DRedBox Studio,"Game Texturing, Game Design, Design",Affinity Designer,All Levels,24 hours,4.6,132,1210,"Rp159,000",11/2025,0,0,6,https://www.udemy.com/course/substance-painter-master-course-j/
Alteryx Bootcamp,1248866,Kinga Kleine,"Alteryx, Software Development Tools, Development",Affinity Designer,Beginner,6.5 hours,4.6,38680,103299,"Rp149,000",12/2025,0,0,76,https://www.udemy.com/course/alteryx-bootcamp/
Viva Designer the complete course,6539243,Nicolas Forgue,"Graphic Design, Design Tools, Design",Affinity Designer,All Levels,8.5 hours,5.0,1,6,Free,6/2025,0,0,15,https://www.udemy.com/course/viva-designer-the-complete-course/
"Master Adobe Illustrator: 5 Levels, 5 Hours",6758239,SORO Graphics,"Graphic Design & Illustration, Design",Affinity Designer,All Levels,5 hours,4.8,4,23,"Rp149,000",8/2025,0,0,0,https://www.udemy.com/course/master-adobe-illustrator-5-levels-5-hours/
PCB design with KiCad - updated for KiCad 9,4332540,Dr. Peter Dalmaris,"KiCad, Hardware, IT & Software",Affinity Designer,All Levels,32 hours,4.6,3301,18423,"Rp159,000",2/2026,4,0,0,https://www.udemy.com/course/kicad-like-a-pro-3e/
Start a Greetings Card Business on Etsy from a Top 1% Seller,5218056,Emily Blake,"Etsy, Entrepreneurship, Business",Affinity Designer,Beginner,4 hours,4.4,11,59,"Rp149,000",5/2023,2,0,1,https://www.udemy.com/course/etsy-course-how-to-greetings-card-etsy-shop-online-business/
AI Tools for UX UI Designers and Web Designers,6121003,"Expert Azi, Md Azizul","Figma, Web Design, Design",Affinity Designer,Beginner,1.5 hours,3.9,161,8102,Free,12/2025,0,0,0,https://www.udemy.com/course/ai-tools-for-ux-ui-designers-and-web-designers/
UI/UX Web Design in Figma 2026 | AI & Big Projects,6746403,Dmitrii Fokeev,"Figma, User Experience (UX) Design, Web Design, Design",Affinity Designer,All Levels,16 hours,4.6,426,2592,"Rp149,000",1/2026,3,0,0,https://www.udemy.com/course/web-design-in-figma-from-zero-complete-course/
InstaMAT the complete course material creation,6619789,Nicolas Forgue,"3D Modeling, 3D Rendering, 3D Texturing, 3D & Animation, Design",Affinity Designer,All Levels,10.5 hours,4.3,4,27,"Rp149,000",7/2025,0,0,0,https://www.udemy.com/course/instamat-the-complete-course-material-creation/
Photoshop for Architects: From Zero to Advanced-Master Class,6805827,Mohammadreza Lajevardi,"Adobe Photoshop, Architectural Design, Design",Affinity Designer,All Levels,19.5 hours,4.6,49,274,"Rp159,000",1/2026,19,0,18,https://www.udemy.com/course/photoshop-for-architects-from-zero-to-advanced-master-class/
Python GUI Development with PyQt6 & Qt Designer in 2025,4214498,Parwiz Forogh,"Python GUI, Programming Languages, Development",Affinity Designer,Beginner,26.5 hours,4.2,1074,8603,"Rp159,000",9/2025,0,0,160,https://www.udemy.com/course/python-gui-development-with-pyqt6/
"Motion Design with Figma: Animations, Motion Graphics, UX/UI",4258836,"Andrei Neagoie, Daniel Schifano","Motion Graphics, User Experience (UX) Design, Figma, Graphic Design & Illustration, Design",Affinity Designer,All Levels,10 hours,4.4,4775,36414,"Rp159,000",8/2024,16,0,0,https://www.udemy.com/course/motion-design-with-figma-animations-motion-graphics-uxui/
Master Digital Product Design: UX Research & UI Design,2650928,Rob Sutcliffe,"Product Design, User Experience (UX) Design, Design Theory, User Interface Design, User Experience Design",Affinity Designer,All Levels,15.5 hours,4.6,13298,52501,"Rp149,000",11/2021,0,0,49,https://www.udemy.com/course/master-digital-product-design-ux-research-ui-design/
Marvelous Designer for Beginners : Create Awesome 3d Clothes,6561095,Nexttut Education Pvt.Ltd.,"Marvelous Designer, 3D & Animation, Design",Affinity Designer,Beginner,8.5 hours,4.2,55,416,"Rp149,000",4/2025,0,0,0,https://www.udemy.com/course/marvelous-designer-for-beginners-create-awesome-3d-cloths/
Alteryx - The Complete Masterclass,4231266,Nikolai Schuler,"Alteryx, Data Analysis, ETL, Business Intelligence (BI), Business Analytics & Intelligence",Affinity Designer,All Levels,10 hours,4.6,2572,15748,"Rp149,000",3/2026,2,0,39,https://www.udemy.com/course/alteryx-the-complete-masterclass/
Create eLearning Courses with Articulate Storyline 360,1864378,Jeff Batt,"Articulate Storyline, Online Course Creation, Software Development Tools, Development",Affinity Designer,Beginner,15.5 hours,4.6,6495,25034,"Rp159,000",9/2024,2,0,8,https://www.udemy.com/course/create-elearning-courses-with-articulate-storyline-360-or-3/
Captivate MASTER CLASS - All Levels - 12 HOURS of content,4956290,David Casuto,"Adobe Captivate, Online Education, Teaching & Academics",Affinity Designer,Beginner,11.5 hours,4.6,206,2970,"Rp149,000",4/2023,0,0,0,https://www.udemy.com/course/adobe-captivate-2019-intro-elearning-design-all-levels/
Instructional Design for eLearning (Updated 2026),615696,Marina Arshavskiy,"Instructional Design, Human Resources, Business",Affinity Designer,All Levels,4.5 hours,4.4,7927,29388,"Rp149,000",1/2026,1,0,114,https://www.udemy.com/course/instructional-design-for-elearning/
Ultimate Microsoft Designer Course with Microsoft Copilot AI,6891323,Being Commerce,"Microsoft Designer, Microsoft Design Principles, Microsoft Copilot, Graphic Design, Microsoft",Affinity Designer,All Levels,4.5 hours,5.0,2,2,"Rp149,000",3/2026,1,0,3,https://www.udemy.com/course/ultimate-microsoft-designer-course-with-microsoft-copilot-ai/
Fashion Design Portfolio: Get Hired & Stand Out.,6323107,"Nino Via, Sofia Elin","Fashion Design, Design",Affinity Designer,All Levels,1.5 hours,4.4,19,101,"Rp149,000",3/2026,1,0,1,https://www.udemy.com/course/how-to-create-a-fashion-design-portfolio-essential-course/
Sketch from A to Z: Become an app designer,371074,Joseph Angelo Todaro,"Mobile App Design, Sketch Software, Graphic Design & Illustration, Design",Affinity Designer,All Levels,4.5 hours,4.4,10344,38563,"Rp149,000",2/2025,3,0,39,https://www.udemy.com/course/learnsketch3/
Figma Animation for Web Designers: Create Wow Prototypes,6334371,Igor Vensko,"Web Design, Prototyping, Design",Affinity Designer,Beginner,21.5 hours,4.8,41,536,"Rp149,000",8/2025,5,0,4,https://www.udemy.com/course/figma-animation/
Certificate Program in Instructional Design (ADDIE Model),5449822,Zubin Rashid (Learning and Development Academy),"Corporate Learning and Development (L&D), Human Resources, Business",Affinity Designer,Beginner,2.5 hours,4.5,794,2403,"Rp159,000",5/2025,30,0,15,https://www.udemy.com/course/addie-for-training-and-development-professionals/
"Fundamentals of Graphic Design, Typography & Color Theory",4649130,Artisto Picasso,"Graphic Design, Color Theory, Graphic Design & Illustration, Design",Affinity Designer,Beginner,4.5 hours,4.2,101,1378,"Rp149,000",4/2022,0,0,0,https://www.udemy.com/course/fundamentals-of-graphic-design-u/
Advanced PCB Design with KiCad 9,6465981,Dr. Peter Dalmaris,"PCB Design, KiCad, Hardware, IT & Software",Affinity Designer,Intermediate,7 hours,4.6,271,2619,"Rp159,000",10/2025,14,0,0,https://www.udemy.com/course/advanced-pcb-design-with-kicad/
Marvelous Designer Mastery: Full Course from Zero to Advance,6840317,Sajjad Montazeri,"Marvelous Designer, Fashion Design, 3D & Animation, Design",Affinity Designer,All Levels,7 hours,5.0,13,92,N/A,12/2025,5,0,7,https://www.udemy.com/course/marvelous-designer-mastery-full-course-from-zero-to-advance/
Master Figma in 2026: Web & Mobile App Design from Scratch,6369243,Nima Tahami,"Figma, Mobile App Design, User Experience (UX) Design, User Interface Design, User Experience Design",Affinity Designer,All Levels,7 hours,4.5,193,974,"Rp159,000",2/2026,3,0,2,https://www.udemy.com/course/master-figma-in-2025-web-mobile-app-design-from-scratch/
Substance Designer 2024: Stylized material creation.,3549462,"The Parabox 3D, 3d production house","Substance 3D Designer, 3D Texturing, Game Art, Unreal Engine, Game Design",Affinity Designer,All Levels,7 hours,4.8,731,5025,"Rp159,000",7/2025,5,0,7,https://www.udemy.com/course/substance-designer-stylized-material-creation/
UI/UX Design with Gen AI: Wireframing & Prototyping (2026),6316935,Alan Slater,"User Experience (UX) Design, Wireframing, AI Content Generation, Prototyping, User Experience Design",Affinity Designer,All Levels,3 hours,4.2,18,92,"Rp149,000",1/2026,2,0,0,https://www.udemy.com/course/uiux-design-with-gen-ai-wireframing-prototyping-2026/
Adobe XD Masterclass: Learn Web Design UI & UX Design,3438390,Cristian Barin,"Adobe XD, Prototyping, Web Design, Design Tools, Design",Affinity Designer,All Levels,17 hours,4.7,1167,5953,"Rp149,000",1/2025,3,0,9,https://www.udemy.com/course/adobe-xd-masterclass/
Universal Design for Learning (UDL) & Accessibility,6807985,Brian Koster,"Teacher Training, Teaching & Academics",Affinity Designer,All Levels,39 mins,4.1,4,14,"Rp149,000",9/2025,0,0,15,https://www.udemy.com/course/universal-design-for-learning-udl-accessibility/
Adobe Captivate: The Essentials,6473473,Kevin Siegel,"Adobe Captivate, Software Development Tools, Development",Affinity Designer,Beginner,6 hours,4.6,173,608,"Rp149,000",1/2026,0,0,1,https://www.udemy.com/course/adobe-captivate-training/
COMPLETE RHINO 3D (v8) + D5 base for Architects & Designers,6184347,jonathan Alotto,"Rhino 3D, Architectural Design, Design",Affinity Designer,Beginner,12 hours,4.8,129,581,"Rp159,000",9/2025,0,0,25,https://www.udemy.com/course/full-rhino/
Learn Marvelous Designer,1754638,CJ Designer Source,"Marvelous Designer, 3D Fashion Design, Fashion Design, Design",Affinity Designer,All Levels,3.5 hours,4.4,350,2103,"Rp149,000",7/2021,0,0,1,https://www.udemy.com/course/fundamentals-of-marvelous-designer/
CorelDRAW 2026 Perfect Guide,5925096,Khalil Sediqi,"CorelDRAW, Graphic Design & Illustration, Design",Affinity Designer,All Levels,15 hours,4.3,77,1527,"Rp149,000",4/2026,0,0,21,https://www.udemy.com/course/coreldraw-2024-for-all-levels/
Alteryx Designer Advanced Certification Mega Bundle,4596560,datacurious .ai,"Alteryx, Software Development Tools, Development",Affinity Designer,Intermediate,17 hours,4.7,446,3835,"Rp149,000",6/2023,0,0,74,https://www.udemy.com/course/alteryx-designer-advanced-certification-bootcamp/
AutoCAD Pressure Vessel Designer Course 2016-2022,4429336,Rajesh K,"AutoCAD, Pressure Vessels, Other Design, Design",Affinity Designer,All Levels,23.5 hours,4.2,23,176,"Rp149,000",12/2021,0,0,0,https://www.udemy.com/course/autocad-pressure-vessel-designer-course-2016-2022/
Alteryx Designer Core Certification: 2025 Prep+Practice Test,2763554,Step2C Education,"Alteryx, Software Development Tools, Development",Affinity Designer,Beginner,10 hours,4.2,684,3335,"Rp149,000",8/2025,0,0,77,https://www.udemy.com/course/alteryx-designer-core-certification-prep/
AutoCAD 2D and 3D For Piping Designer Course,6492731,Rajesh K,"AutoCAD, Design Tools, Design",Affinity Designer,All Levels,8 hours,4.2,25,145,"Rp159,000",8/2025,0,0,1,https://www.udemy.com/course/autocad-2d-and-3d-for-piping-designer-course/
CLO3D Beginners II,6495065,The Fashion Innovators Academy,"Other IT & Software, IT & Software",Affinity Designer,Intermediate,8 hours,4.7,17,160,"Rp159,000",8/2025,0,0,12,https://www.udemy.com/course/clo3d-beginners-ii/
PCB design with Altium Designer,4638826,Unreal magic,"PCB Design, Digital Circuit Design, Altium Designer, Hardware, IT & Software",Affinity Designer,Beginner,8.5 hours,4.5,2180,9481,"Rp149,000",11/2023,7,0,8,https://www.udemy.com/course/pcb-design-with-altium-designer-2022-latest-version/
Interior Design with Generative AI,5675398,Christ Raharja,"Generative AI (GenAI), Interior Design, AI Art Generation, Architectural Design, Design",Affinity Designer,All Levels,2.5 hours,3.6,50,3265,N/A,3/2026,0,0,16,https://www.udemy.com/course/interior-design-with-generative-ai/
Pattern making for fashion design in Clo3d Part -I,5863222,Bimal Soren,"3D Fashion Design, Fashion Design, Pattern Making (fashion), Design",Affinity Designer,Intermediate,8.5 hours,4.5,53,633,"Rp149,000",12/2024,0,0,12,https://www.udemy.com/course/pattern-making-for-fashion-design-in-clo3d-part-i/
Basic Photoshop for Lighting Designers,3082140,Nelca Roco,"Adobe Photoshop, Design Tools, Design",Affinity Designer,Beginner,7.5 hours,4.6,123,550,"Rp159,000",2/2024,2,0,9,https://www.udemy.com/course/basic-photoshop-for-lighting-designers/
"Pattern Making 3: Collars, Necklines, Bias, & Finishings",3317852,Nino Via,"Pattern Making (fashion), Fashion Design, Design",Affinity Designer,All Levels,1 hour,4.7,283,2427,"Rp159,000",4/2026,1,0,1,https://www.udemy.com/course/pattern-making-for-fashion-design-part-3-collars-necklines/
AutoCAD Steel Structure Designer Course 2016-2022,4425458,Rajesh K,"AutoCAD, Other Design, Design",Affinity Designer,All Levels,29 hours,4.5,69,381,"Rp149,000",7/2022,0,0,9,https://www.udemy.com/course/autocad-steel-structure-designer-course-2016-2022/
Substance 3D Designer for Beginners,4582462,Nexttut Education Pvt.Ltd.,"Substance 3D Designer, 3D & Animation, Design",Affinity Designer,Beginner,15 hours,4.1,139,1826,Free,4/2022,0,0,0,https://www.udemy.com/course/substance-3d-designer-for-beginners/
Canva Mastery Course for Basic to Advance & beyond,4958510,Accountech Traininig & Solutions,"Canva, Graphic Design & Illustration, Design",Affinity Designer,All Levels,5.5 hours,4.7,56,970,"Rp149,000",1/2026,1,0,7,https://www.udemy.com/course/canva-basic-to-advance-training-mastery-course/
Pattern Drafting with CLO3D - Basic Fitted Bodice and Sleeve,6185103,The Fashion Innovators Academy,"Pattern Making (fashion), Fashion Design, Design",Affinity Designer,Beginner,4.5 hours,4.6,20,138,"Rp149,000",8/2025,0,0,4,https://www.udemy.com/course/pattern-drafting-with-clo3d-basic-fitted-bodice-and-sleeve/
Where Fashion Design Begins: Complete Model Drawing,6367179,Ava Moradi,"Drawing, Fashion Design, Fashion, Arts & Crafts, Lifestyle",Affinity Designer,Beginner,14 hours,4.4,29,1248,"Rp149,000",2/2025,18,0,18,https://www.udemy.com/course/where-fashion-design-begins-complete-model-drawing/
Masterclass of Fashion Clothing Design and Figure Drawing,5346406,Ava Moradi,"Drawing, Fashion Design, Colored Pencil Drawing, Figure Drawing, Arts & Crafts",Affinity Designer,Beginner,9.5 hours,4.5,43,1349,"Rp149,000",8/2023,0,0,3,https://www.udemy.com/course/masterclass-of-fashion-clothing-design-and-figure-drawing/
Web Design for Beginners: Real World Coding in HTML & CSS,246154,Brad Schiff,"CSS, HTML, Web Design, Design",Affinity Designer,All Levels,11.5 hours,4.6,27056,95243,"Rp149,000",7/2024,0,1,51,https://www.udemy.com/course/web-design-for-beginners-real-world-coding-in-html-css/
CLO3D Beginners I,5915114,The Fashion Innovators Academy,"3D Fashion Design, Other IT & Software, IT & Software",Affinity Designer,Beginner,4.5 hours,4.6,60,331,"Rp149,000",8/2025,0,0,8,https://www.udemy.com/course/clo3d-beginners-i/
Microsoft Office 365 for Graphic Design & Video Editing,6916663,Being Commerce,"Microsoft 365 (Office), Microsoft Copilot, Microsoft Designer, Graphic Design, Microsoft",Affinity Designer,All Levels,12 hours,5.0,1,4,"Rp149,000",3/2026,1,0,3,https://www.udemy.com/course/microsoft-office-365-for-graphic-design-video-editing/
How to Become a Shoe Designer and How to Make Designer Shoes,3604014,Jewaria Tanweir,"Fashion Design, Beauty & Makeup, Lifestyle",Affinity Designer,Beginner,33 mins,3.7,22,100,"Rp149,000",12/2021,4,0,0,https://www.udemy.com/course/how-to-become-a-shoe-designer-and-how-to-make-designer-shoes/
Bootstrap 4 Crash Course: Introduction to Building Websites,1459744,Filip Kordanovski,"Bootstrap, HTML, CSS, Front End Web Development, Web Development",Affinity Designer,All Levels,3 hours,4.6,33,190,"Rp149,000",2/2018,4,0,3,https://www.udemy.com/course/bootstrap-4-crash-course-introduction-to-building-websites/
AI for Web Designers,5391982,Elwyn Davies,"AI Content Generation, AI Art Generation, Web Design, Design",Affinity Designer,Beginner,5 hours,4.2,72,10212,"Rp149,000",11/2023,2,0,1,https://www.udemy.com/course/ai-for-web-designers/
Unlock the World of 3D: Mastering Adobe Substance 3D Stager,5648670,Daniela Norvik,"3D Rendering, 3D & Animation, Design",Affinity Designer,All Levels,3 hours,4.8,8,83,"Rp149,000",1/2024,0,0,41,https://www.udemy.com/course/unlock-the-world-of-3d-adobe-stager/
AutoCAD Plant 3D 2024: The Ultimate Course for Designers,3891630,José Lira,"AutoCAD Plant 3D, AutoCAD, Other IT & Software, IT & Software",Affinity Designer,All Levels,9 hours,4.1,226,1188,"Rp159,000",2/2026,0,0,19,https://www.udemy.com/course/autocad-plant-3d-2024-the-ultimate-course-for-designers/
Learn Professional 2D Game Asset Graphic Design in Photoshop,867218,Jaysen Batchelor,"Graphic Design, User Experience (UX) Design, Adobe Photoshop, Game Design, Design",Affinity Designer,All Levels,7.5 hours,4.5,1952,68104,"Rp149,000",2/2017,5,0,2,https://www.udemy.com/course/learn-professional-2d-game-asset-graphic-design-in-photoshop/
Adobe After Effects for UI/UX Designers,4212446,Cameron Perry,"Motion Graphics, Video Design, Photography & Video",Affinity Designer,Intermediate,1.5 hours,4.3,73,435,"Rp149,000",8/2021,0,0,14,https://www.udemy.com/course/after-effects-for-ux-ui/
Ultimate Web Designer & Web Developer Course,446134,Brad Hussey,"Web Development, Front End Web Development, Web Design, Development",Affinity Designer,All Levels,34 hours,4.4,14702,84366,"Rp149,000",3/2022,2,0,35,https://www.udemy.com/course/web-developer-course/
Design Effective Training Programs: L&D Master Course,6481817,Zubin Rashid (Learning and Development Academy),"Corporate Learning and Development (L&D), Human Resources, Business",Affinity Designer,Beginner,2.5 hours,4.5,126,534,"Rp149,000",1/2026,1,0,7,https://www.udemy.com/course/design-effective-training-programs/
Become a Successful Freelance Instructional Designer,5078084,Marina Arshavskiy,"Coaching and Consulting Business, Instructional Design, Freelancing, Entrepreneurship, Business",Affinity Designer,All Levels,2 hours,4.2,7,36,"Rp149,000",6/2024,0,0,27,https://www.udemy.com/course/becoming-a-successful-freelance-elearning-consultant/
Salesforce Certified User Experience Designer Test QA,6224835,IT Education Hub,"IT Certifications, IT & Software",Affinity Designer,All Levels,N/A,4.2,4,78,"Rp149,000",1/2026,0,0,0,https://www.udemy.com/course/salesforce-certified-user-experience-designer-test-qa/
Intro to Fashion Illustration -Beginners- Fashion Design,2968376,Alexe perron,"Fashion Design, Illustration, Design",Affinity Designer,All Levels,4 hours,4.3,555,3029,"Rp149,000",4/2022,0,0,7,https://www.udemy.com/course/fashion-illustration-for-beginners/
Be a better UX designer by understanding development aspects,1935180,"Krisztina Szerovay, Gergely Szerovay","User Experience (UX) Design, User Experience Design, Design",Affinity Designer,All Levels,8.5 hours,4.3,305,2804,"Rp149,000",11/2019,1,0,98,https://www.udemy.com/course/designer-developer-collaboration/
Mastering Adobe Captivate: Create Engaging eLearning,6766239,Eman shafique,"Adobe Captivate, Online Education, Teaching & Academics",Affinity Designer,Beginner,2 hours,4.7,52,152,"Rp149,000",8/2025,0,0,0,https://www.udemy.com/course/mastering-adobe-captivate-create-engaging-elearning/
Google Web Designer (2020) : HTML5 Banner Ads Without Coding,2353472,Nitesh Sharma,"HTML, 3D & Animation, Design",Affinity Designer,All Levels,4.5 hours,4.3,292,1245,"Rp149,000",11/2020,3,0,2,https://www.udemy.com/course/google-web-designer-course-create-html-5-banner-ads-without-coding/
Alteryx Designer Core Certification Mega Bundle,4594262,datacurious .ai,"Alteryx, Software Development Tools, Development",Affinity Designer,Beginner,9 hours,4.7,600,4853,"Rp149,000",1/2023,2,0,33,https://www.udemy.com/course/alteryx-designer-core-certification-bootcamp/
Masterclass of Design and Drawing Global Cultural Fashion,5197760,Ava Moradi,"Drawing, Pen Drawing, Fashion, Fashion Design, Arts & Crafts",Affinity Designer,All Levels,13 hours,4.5,12,1131,"Rp149,000",3/2023,0,0,136,https://www.udemy.com/course/masterclass-of-design-and-drawing-global-cultural-fashion/
Creating a Jacket using Marvelous Designer and Zbrush,2021750,Victory3D LLC,"Game Design, Design",Affinity Designer,Beginner,8 hours,4.5,25,331,"Rp149,000",7/2019,0,0,4,https://www.udemy.com/course/creating-a-jacket-in-marvelous-designer/
How to Become a Shoe Designer/ Sell Designer Shoes Online,3378326,Haiqa Amir,"Fashion Design, Design",Affinity Designer,Beginner,1 hour,2.7,5,20,"Rp149,000",9/2021,6,0,0,https://www.udemy.com/course/how-to-become-a-shoe-designer-sell-designer-shoes-online/
Adobe Captivate Classic Fundamentals 2019,2316716,Jeff Batt,"Adobe Captivate, Online Education, Teaching & Academics",Affinity Designer,Beginner,7 hours,4.4,1734,7022,"Rp149,000",5/2025,2,0,3,https://www.udemy.com/course/adobe-captivate-fundamentals/
Adobe Captivate - Focus on Simulations,435882,Rick Stone,"Adobe Captivate, Design Tools, Design",Affinity Designer,Beginner,1.5 hours,4.7,522,1982,"Rp149,000",7/2015,0,0,2,https://www.udemy.com/course/adobe-captivate-focus-on-simulations/
Revolutionize UX/UI: AI-Design Strategies with ChatGPT,5627499,Danilo Africano,"ChatGPT, User Experience (UX) Design, User Interface Design, Generative AI (GenAI), User Experience Design",Affinity Designer,All Levels,2.5 hours,4.1,1031,4397,"Rp149,000",11/2025,8,0,2,https://www.udemy.com/course/revolutionize-ux-ui-ai-design-strategies-with-chatgpt/
100 UX UI Design Tips for Beginners,6675991,Efdal Çelik,"User Experience (UX) Design, Web Design, Mobile App Design, Product Design, User Experience Design",Affinity Designer,Beginner,43 mins,4.9,10,34,"Rp149,000",6/2025,0,0,0,https://www.udemy.com/course/100-ux-ui-design-tips-for-beginners/
Salesforce Certified Platform Strategy Designer Exam Prep,6781839,Force Digest,"IT Certifications, IT & Software",Affinity Designer,Intermediate,N/A,5.0,1,4,N/A,1/2026,0,0,0,https://www.udemy.com/course/salesforce-certified-platform-strategy-designer-exam-prep/
BICSI RCDD (Registered Communications Distribution Designer),6699699,Master Prep,"IT Certifications, IT & Software",Affinity Designer,All Levels,N/A,4.2,11,156,N/A,7/2025,0,0,0,https://www.udemy.com/course/bicsi-rcdd-registered-communications-distribution-designer/
Salesforce Platform Strategy Designer - Crash Course,6523133,Apex Curator,"Salesforce, Salesforce Administration, Software Engineering, Development",Affinity Designer,All Levels,1 hour,4.1,5,36,"Rp149,000",1/2026,0,0,0,https://www.udemy.com/course/salesforce-strategy-designer/
Rug Tufting For Beginners: From Concept to Creation,5772446,Andrew Kim,"Crafting, Arts & Crafts, Lifestyle",Affinity Designer,Beginner,44 mins,3.8,18,83,"Rp149,000",1/2024,0,0,0,https://www.udemy.com/course/rug-tufting-for-beginners/
How To Create An Impressive Fashion Design Portfolio,454644,Cheryl Gregory,"Professional Portfolio, Fashion, Job Search, Fashion Design, Design",Affinity Designer,All Levels,1.5 hours,4.0,117,694,"Rp149,000",8/2018,3,0,15,https://www.udemy.com/course/how-to-create-an-impressive-fashion-design-portfolio/
Microsoft Designer Masterclass 2026 — From Beginner to Pro,6954509,"The Takeoff College, Nima Ghasemi","Microsoft Designer, Artificial Intelligence (AI), AI Content Generation, Generative AI (GenAI), Media",Affinity Designer,All Levels,39 mins,4.5,N/A,1,"Rp149,000",12/2025,0,0,0,https://www.udemy.com/course/microsoft-designer-masterclass-from-beginner-to-pro/
AutoCAD for Landscape Designers: From Zero to Advanced Level,6864387,Mohammadreza Lajevardi,"AutoCAD, Twinmotion, Architectural Design, Design",Affinity Designer,All Levels,11.5 hours,4.3,24,114,"Rp149,000",1/2026,11,0,10,https://www.udemy.com/course/autocad-for-landscape-designers-from-zero-to-advanced-level/
Learning and Development (L&D) with Generative AI,6290363,Zubin Rashid (Learning and Development Academy),"Corporate Learning and Development (L&D), Human Resources, Business",Affinity Designer,All Levels,3.5 hours,4.4,529,2204,"Rp149,000",10/2025,1,0,46,https://www.udemy.com/course/learning-and-development-generative-ai/
Master Graphic Design with CorelDraw & Practical Projects,1250620,Sunday Zuoke,"CorelDRAW, Copywriting, Freelancing, Graphic Design, Graphic Design & Illustration",Affinity Designer,All Levels,16 hours,4.4,51,294,"Rp149,000",1/2025,0,0,17,https://www.udemy.com/course/graphic-design-mastery-with-coreldraw-practical-projects/
Python & Python PyQT5 | PyQT5 with Python GUI Programming,5293464,"Oak Academy, OAK Academy Team, Ali̇ CAVDAR","Python GUI, Python, PyQt, Matplotlib, Programming Languages",Affinity Designer,All Levels,16 hours,4.7,7,134,"Rp149,000",4/2026,4,0,0,https://www.udemy.com/course/python-python-pyqt5-pyqt5-with-python-gui-programming/
Python GUI Programming Using PyQt5,2459590,"Tim Buchalka's Learn Programming Academy, Volkan Atış","PyQt, Python GUI, Python, Programming Languages, Development",Affinity Designer,Intermediate,19 hours,4.4,813,5659,"Rp149,000",4/2025,1,0,1,https://www.udemy.com/course/python-gui-programming-using-pyqt5/
Corporate Trainer: Instructional Design for Adult Education,6614053,Bespoke Learning Solutions,"Adult Education, Teacher Training, Teaching & Academics",Affinity Designer,All Levels,3.5 hours,4.1,40,1786,"Rp149,000",10/2025,16,0,31,https://www.udemy.com/course/corporate-trainer-instructional-design-for-adult-education/
Style3D: Master Fashion Modeling - Beginner to Intermediate,5914296,Style3D Fashion,"3D Modeling, Fashion Design, Design",Affinity Designer,All Levels,10 hours,4.5,46,380,"Rp149,000",9/2025,0,0,11,https://www.udemy.com/course/style3d-master-fashion-modeling-from-beginner-to-intermedia/
Strategies for Applying ADDIE Instructional Design Model,5041888,Check N Click Learning and Technologies,"Instructional Design, Online Education, Teaching & Academics",Affinity Designer,Intermediate,4.5 hours,4.6,409,1726,"Rp149,000",9/2023,0,0,10,https://www.udemy.com/course/strategies-for-applying-addie/
"""Master Altium Designer :From Zero to PCB Design Pro""",6796791,Talha Saeed,"Altium Designer, Hardware, IT & Software",Affinity Designer,All Levels,4 hours,4.5,17,83,"Rp149,000",10/2025,0,0,1,https://www.udemy.com/course/master-altium-designer-from-zero-to-pcb-design-pro/
Certified HVAC Designer & Interview Q&A + Explain + Diagrams,5316628,Md Firan Mondal,"HVAC, Other Design, Design",Affinity Designer,All Levels,N/A,4.4,14,163,"Rp149,000",12/2025,0,0,0,https://www.udemy.com/course/certified-hvac-designer-hvac-interview-qna/
Intro to Marvelous Designer,3707228,David Bittorf,"Marvelous Designer, Character Design, 3D & Animation, Design",Affinity Designer,Beginner,3 hours,4.3,52,259,"Rp149,000",10/2022,0,0,0,https://www.udemy.com/course/intro-to-marvelous-designer/
Style3D Essentials: 3D Fashion Basics,6061557,Dorelle McPherson,"Fashion Design, 3D Fashion Design, Fashion, 3D & Animation, Design",Affinity Designer,Beginner,9.5 hours,4.9,21,117,"Rp429,000",12/2024,3,0,0,https://www.udemy.com/course/style3d-essentials-3d-fashion-basics/
Create beautiful eLearning with Articulate Rise,6729513,Chris Richter,"Articulate Rise 360, Online Education, Teaching & Academics",Affinity Designer,Beginner,3.5 hours,4.8,8,28,"Rp149,000",7/2025,0,0,0,https://www.udemy.com/course/articulate-rise/
Figma & Beyond: Mastering UX UI Design Tools Smartly,5882194,"Prasad Kantamneni, Collej","Figma, User Experience Design, Design",Affinity Designer,All Levels,2 hours,4.9,18,90,"Rp149,000",10/2025,1,0,0,https://www.udemy.com/course/figma-beyond-mastering-ux-ui-design-tools-smartly/
Photoshop for Interior Designers,4610384,Marcelo Gomez,"Adobe Photoshop, Interior Design, Design",Affinity Designer,All Levels,2.5 hours,3.8,21,122,"Rp149,000",3/2022,0,0,7,https://www.udemy.com/course/photoshop-for-interior-designers/
LinkedIn & Amazon Web App Design with Figma (2022),4549556,Hossein Boroojinejadshirazi,"Figma, Graphic Design, Web Design, User Interface Design, User Experience Design",Affinity Designer,Expert,4.5 hours,4.5,69,2457,"Rp149,000",4/2025,9,0,25,https://www.udemy.com/course/linkedin-amazon/
Train The Trainer: How To Design Engaging Training Content,4325854,"Expert Academy, Lahcen Bouya","Train the Trainer, Learning Strategies, Strategic Planning, Project Management, Business",Affinity Designer,All Levels,1 hour,4.5,169,7049,"Rp149,000",4/2026,0,0,2,https://www.udemy.com/course/train-the-trainer-ba/
Prompt Engineering for L&D Professionals,6940995,"Steve Ballinger, MBA","Prompt Engineering, Artificial Intelligence (AI), Human Resources, Generative AI (GenAI), Business",Affinity Designer,All Levels,1 hour,4.5,241,545,"Rp149,000",2/2026,1,0,0,https://www.udemy.com/course/prompt-engineering-for-ld-professionals-course/
"Line Art Pattern Design using Illustrator, Photoshop & ATD",2620152,Delores Orridge Naskrent,"Digital Art, Adobe Photoshop, Surface Pattern Design, Graphic Design & Illustration, Design",Affinity Designer,Intermediate,1.5 hours,4.1,23,150,"Rp149,000",10/2019,0,0,0,https://www.udemy.com/course/line-art-pattern-design-using-illustrator-photoshop-atd/
SolidWorks for Designers: Foundations to Certified Associate,6354149,Chris Buerckner,"Certified SOLIDWORKS Associate (CSWA), SOLIDWORKS, 3D Modeling, Design Tools, Design",Affinity Designer,Beginner,7 hours,4.7,50,259,"Rp149,000",1/2026,1,0,3,https://www.udemy.com/course/solidworks-for-designers-foundations-to-cswa/
Instructional Design for Classroom Training,1691534,Irina Ketkin,"Instructional Design, Human Resources, Business",Affinity Designer,Beginner,2 hours,4.5,2315,8943,"Rp149,000",3/2025,5,0,10,https://www.udemy.com/course/instructional-design-for-classroom-training/
Learn to draw fashion with Adobe Illustrator CC Intermediate,570716,Jo Hughes,"Fashion, Drawing, Adobe Illustrator, Fashion Design, Design",Affinity Designer,Intermediate,5 hours,4.6,573,4415,"Rp149,000",5/2021,0,0,15,https://www.udemy.com/course/learn-to-draw-fashion-with-adobe-illustrator-cc-intermediate/
Certified T&D Professional Employee Training & Learning [EN],6492713,"PapaHR ⇢ HR, SHRM, AI ChatGPT, Analytics, Management, Leadership PHRi Certification, Business Skills, People, Marketing, Project","Corporate Learning and Development (L&D), Human Resources, Business",Affinity Designer,All Levels,4.5 hours,4.4,211,8154,"Rp149,000",3/2026,1,0,10,https://www.udemy.com/course/learning-and-development/
AI for Graphic Design & Video Editing with Microsoft Apps,6916549,Being Commerce,"Artificial Intelligence (AI), Microsoft Designer, Video Editing, Graphic Design, Graphic Design & Illustration",Affinity Designer,All Levels,12 hours,5.0,1,2,"Rp149,000",3/2026,1,0,3,https://www.udemy.com/course/ai-for-graphic-design-video-editing-with-microsoft-apps/
Old House Creation for Game in Blender & Substance Designer,3697684,Nexttut Education Pvt.Ltd.,"zBrush, Game Design, Design",Affinity Designer,Intermediate,30.5 hours,4.7,34,454,"Rp149,000",12/2020,0,0,0,https://www.udemy.com/course/old-house-creation-for-game-in-blender-substance-designer/
Learning & Development Tools and Methods: Master Course,5657550,Zubin Rashid (Learning and Development Academy),"Corporate Learning and Development (L&D), Human Resources, Business",Affinity Designer,Intermediate,4.5 hours,4.7,625,2061,"Rp149,000",5/2025,4,0,12,https://www.udemy.com/course/learning-and-development-tools-and-methods/
TEKLA STRUCTURAL DESIGNER 2024 COURSE PT1,6534813,Joseph Sunday,"Architectural Design, Design",Affinity Designer,All Levels,8 hours,4.7,49,174,"Rp159,000",4/2026,0,0,27,https://www.udemy.com/course/tekla-structural-designer-2024-course-pt1/
Become a Web Designer - HTML & CSS for Beginners,3618040,Chandrasekaran Janardhanan,"CSS, CSS Flexbox, CSS Grid, Web Development, Development",Affinity Designer,All Levels,8 hours,4.5,474,34440,"Rp149,000",7/2022,10,0,27,https://www.udemy.com/course/startcss/
The Complete Beginner Photoshop T-Shirt Design Course (2022),2147440,Andrew Larson,"Adobe Photoshop, T-Shirt Design, T-Shirt Business, Graphic Design & Illustration, Design",Affinity Designer,Beginner,1.5 hours,4.3,65,1942,"Rp149,000",1/2022,0,0,3,https://www.udemy.com/course/7-days-to-winning-t-shirt-designs/
Altium Course: Learn Altium Designer Today,4577582,"Educational Engineering Team, Educational Engineering, Ashraf Said AlMadhoun","Altium Designer, Hardware, IT & Software",Affinity Designer,All Levels,7 hours,3.3,33,3743,"Rp149,000",2/2026,17,0,0,https://www.udemy.com/course/altium-course-learn-altium-designer-today/
Creating a Brick Wall in Substance Designer,4583426,UNF Games,"Substance 3D Designer, 3D Texturing, Game Texturing, Unreal Engine, 3D & Animation",Affinity Designer,Beginner,4 hours,4.5,18,125,"Rp149,000",3/2022,0,0,0,https://www.udemy.com/course/creating-a-brick-wall-in-substance-designer/
"Design & Edit Like a Pro: Canva, Photoshop, Filmora",6731099,Infidea Trainings,"Graphic Design, Adobe Photoshop, Video Editing, Design Tools, Design",Affinity Designer,All Levels,8 hours,4.8,30,406,"Rp149,000",8/2025,0,0,7,https://www.udemy.com/course/canva-photoshop-filmora-course/
Create Stunning Black & White Images with Nik Silver Efex,854564,Gary Detonnancourt,"Black and White Photography, Nik Software, Image Editing, Other Photography & Video, Photography & Video",Affinity Designer,All Levels,1.5 hours,4.0,36,1090,"Rp149,000",6/2016,0,0,0,https://www.udemy.com/course/create-stunning-black-white-images-with-nik-silver-efexs/
Certificate Program in Learning and Development,4888888,Zubin Rashid (Learning and Development Academy),"Corporate Learning and Development (L&D), Human Resources, Business",Affinity Designer,Beginner,4 hours,4.5,2161,7701,"Rp159,000",5/2025,4,0,26,https://www.udemy.com/course/certificate-program-in-learning-and-development/
The Complete Course of Altium Designer,5334514,The Tech Courses,"Digital Electronics, PCB Design, Electronics, Altium Designer, Engineering",Affinity Designer,All Levels,6 hours,4.2,84,346,"Rp149,000",1/2025,0,0,0,https://www.udemy.com/course/altium-designer-course/
Adobe Animate CC 2018 - HTML5 Banner Ads,879532,Daniel Walter Scott,"Adobe Animate, HTML, Edge Animate, Web Design, Design",Affinity Designer,Beginner,5 hours,4.4,1456,5436,"Rp149,000",1/2025,1,0,0,https://www.udemy.com/course/html5-banner-ads-adobe-animate/
Freelance Mastery: For Web Developers & Designers,4984544,"Brad Traversy, Kyle Prinsloo","Freelancing, Entrepreneurship, Business",Affinity Designer,All Levels,N/A,4.7,706,5951,N/A,11/2022,0,0,0,https://www.udemy.com/course/freelance-mastery-course/
Craft stunning UI UX design as a digital product designer,4067272,Raviteja Govindaraju,"User Experience (UX) Design, Product Design, User Interface Design, User Experience Design, Design",Affinity Designer,Beginner,4.5 hours,4.5,563,24966,"Rp149,000",2/2025,1,0,0,https://www.udemy.com/course/the-most-practical-ui-ux-design-course-for-beginners-ever/
Photoshop plus : 30 days challenge to learn adobe photoshop,5048858,Joseph adam,"Adobe Photoshop, Graphic Design, Graphic Design & Illustration, Design",Affinity Designer,Beginner,7 hours,4.7,291,20433,"Rp149,000",1/2023,0,0,102,https://www.udemy.com/course/photoshop-plus/
Adobe Captivate - Focus on Demonstrations,430152,Rick Stone,"Adobe Captivate, Focus Mastery, Design Tools, Design",Affinity Designer,Beginner,2 hours,4.4,280,1195,"Rp149,000",3/2015,0,0,0,https://www.udemy.com/course/adobe-captivate-focus-on-demonstrations/
Instructional Design Pro (Part 1): No Beginners Allowed!,1342360,Jason Teteak,"Instructional Design, Teacher Training, Teaching & Academics",Affinity Designer,All Levels,6.5 hours,4.6,2357,11045,"Rp149,000",6/2020,0,0,31,https://www.udemy.com/course/curriculum-structural-design/
Learn HMI Programming of Schneider Electric's Vijeo Designer,1717946,Ram Naresh Bhati,"HMI, Other Design, Design",Affinity Designer,All Levels,7 hours,4.5,155,734,"Rp149,000",12/2024,0,0,3,https://www.udemy.com/course/learn-hmi-programming-and-designing-of-schneider-electric/
CorelDRAW Graphic Design Mastery Guide | Beginner to Advance,4067790,"Ndidiamaka Augustina, Emenwa Global","CorelDRAW, Graphic Design, Graphic Design & Illustration, Design",Affinity Designer,Beginner,4.5 hours,4.0,100,17455,"Rp149,000",3/2026,2,0,0,https://www.udemy.com/course/coreldraw-2021-graphic-design-beginners-bootcamp/
AI Foundations & Acceleration for Learning Designers,6743935,Zubin Rashid (Learning and Development Academy),"Corporate Learning and Development (L&D), Human Resources, Business",Affinity Designer,All Levels,2.5 hours,4.5,68,297,"Rp149,000",8/2025,0,0,35,https://www.udemy.com/course/ai-foundations-and-acceleration-for-learning-designers/
Corel DRAW Masterclass / Graphic Design for Beginners,3729556,Lily Lu,"CorelDRAW, Graphic Design, Graphic Design & Illustration, Design",Affinity Designer,Beginner,4.5 hours,4.6,25,142,"Rp149,000",12/2020,0,0,9,https://www.udemy.com/course/corel-draw-masterclass-graphic-design-for-beginners/
Instructional Design to Learning Experience Design (LXD),5866130,Check N Click Learning and Technologies,"Instructional Design, Online Education, Teaching & Academics",Affinity Designer,Intermediate,1.5 hours,4.5,477,1700,"Rp149,000",3/2024,0,0,6,https://www.udemy.com/course/instructional-design-to-learning-experience-design-lxd/
Make Money Selling Canva Templates: Complete Beginners Guide,4890006,Elizabeth Hambleton,"Passive Income, Entrepreneurship, Business",Affinity Designer,Beginner,2 hours,3.9,188,12006,"Rp149,000",5/2024,1,0,1,https://www.udemy.com/course/canva-templates-beginner/
"UX Freelancer’s Guide to Pricing, Estimating + Contracts",4164520,Joe Natoli,"Freelancing, User Experience (UX) Design, User Experience Design, Design",Affinity Designer,All Levels,2.5 hours,4.8,401,5003,"Rp149,000",11/2021,0,0,3,https://www.udemy.com/course/freelancers-guide-to-pricing-estimating-contracts/
Instructional Design Pro (Part 2): No Beginners Allowed!,1344388,Jason Teteak,"Instructional Design, User Experience (UX) Design, Teacher Training, Teaching & Academics",Affinity Designer,All Levels,7 hours,4.1,897,6738,"Rp149,000",6/2020,0,0,30,https://www.udemy.com/course/curriculum-teaching-design/
Mastering Chat GPT for UI design and User research,6224879,Jose Joseph,"Web Design, Design",Affinity Designer,All Levels,3.5 hours,4.3,8,31,"Rp149,000",12/2025,0,0,0,https://www.udemy.com/course/ai-tools-for-ux-ui-designers-researchers-and-web-designers/
"Alteryx Masterclass for Data Analytics, ETL and Reporting",3939410,"Start-Tech Academy, Abhishek Bansal, Pukhraj Parikh","Alteryx, Business Analytics, Data Analysis, ETL, Other Office Productivity",Affinity Designer,All Levels,6 hours,4.4,1455,72571,"Rp149,000",3/2026,9,0,6,https://www.udemy.com/course/alteryx-masterclass-for-data-analytics-etl-and-reporting/
Photoshop for Textile Design,3101872,Elena Chausov,"Adobe Photoshop, Fashion Design, Design",Affinity Designer,All Levels,N/A,4.3,76,600,N/A,7/2020,0,0,0,https://www.udemy.com/course/photoshop-for-textile-design/
"""From Drawing to Rug: Master Handmade-Tufted rug Designs""",6327931,Tarek Abdelal,"Other Design, Design",Affinity Designer,Beginner,3 hours,4.0,2,5,N/A,1/2025,0,0,1,https://www.udemy.com/course/from-drawing-to-rug-master-handmade-tufted-rug-designs/
Photoshop Bootcamp For Photographers & Freelancers,1109022,Khara Plicanic,"Adobe Photoshop, Design Tools, Design",Affinity Designer,Beginner,10 hours,4.7,236,1325,"Rp149,000",4/2020,10,0,136,https://www.udemy.com/course/photoshop-bootcamp-for-photographers-freelancers/
Corona Workshop: 3D Rendering Course for Interior Designers,6900405,Amin Najafzadeh,"3D Rendering, Interior Design, Autodesk 3ds Max, Design",Affinity Designer,Intermediate,5.5 hours,4.8,22,1784,"Rp149,000",2/2026,4,0,4,https://www.udemy.com/course/corona-workshop-3d-rendering-course-for-interior-designers/
Coohom for Interior Designers,3482070,Marcelo Gomez,"Interior Design, Design",Affinity Designer,All Levels,3 hours,3.9,60,251,"Rp149,000",9/2020,0,0,0,https://www.udemy.com/course/coohoom-for-interior-designers/
UI / UX Designer - All you need to lean the profession,3305438,Roman Leinwather,"Product Design, User Experience Design, Design",Affinity Designer,Beginner,11 hours,4.4,41,142,Free,12/2020,0,0,30,https://www.udemy.com/course/from-zero-to-application-designer-web-mobile-tablet/
Colour Essentials: Create Colour Palettes with Confidence!,6016978,Bernay Laity,"Other Design, Design",Affinity Designer,All Levels,38 mins,4.7,47,3504,"Rp149,000",3/2026,14,0,10,https://www.udemy.com/course/colour-essentials-create-colour-palettes-with-confidence/
Figma Certification Exam,6411369,Karan Khandekar,"Figma, Other Design, Design",Affinity Designer,Intermediate,N/A,4.5,9,24,"Rp149,000",6/2025,0,0,0,https://www.udemy.com/course/figma-certification-exam-karan-khandekar/
How to Design Effective Training Programs,429834,"Jacqueline Seidel, O'Connell Advanced Training Solutions","Instructional Design, User Experience (UX) Design, Career Development, Personal Development",Affinity Designer,All Levels,1 hour,4.6,3511,11831,"Rp149,000",9/2017,4,0,24,https://www.udemy.com/course/design-training-programs/
Alteryx Masterclass: Advanced Data Analytics Training,4941494,Simon Sez IT,"Alteryx, Machine Learning, Data Analysis, Data Science, Development",Affinity Designer,Expert,4 hours,3.9,4,39,"Rp149,000",11/2022,2,0,2,https://www.udemy.com/course/alteryx-masterclass-advanced-data-analytics-training/
"Learning SOLIDWORKS : For Students, Engineers, and Designers",3176930,CADCIM Technologies,"Product Design, Design Tools, Design",Affinity Designer,Intermediate,9.5 hours,4.3,3403,116050,"Rp149,000",7/2020,0,0,51,https://www.udemy.com/course/learning-solidworks-for-students-engineers-and-designers/
Instructional Design Pro (Part 3): No Beginners Allowed!,1347692,Jason Teteak,"Instructional Design, Teacher Training, Teaching & Academics",Affinity Designer,All Levels,6.5 hours,4.4,522,5159,"Rp149,000",6/2020,0,0,89,https://www.udemy.com/course/instructional-design-pro-part-3-no-beginners-allowed/
How to Conduct a Learning Needs Analysis,3584202,Irina Ketkin,"Corporate Learning and Development (L&D), Human Resources, Business",Affinity Designer,Intermediate,3.5 hours,4.5,1979,8744,"Rp159,000",3/2025,3,0,9,https://www.udemy.com/course/learning-needs-analysis/
Canva from beginner to expert,5522154,"Widhi Muttaqien, S.Kom, MMSI","Canva, Video Editing, Graphic Design, Web Design, Graphic Design & Illustration",Affinity Designer,All Levels,5.5 hours,4.2,13,128,"Rp149,000",10/2023,0,0,0,https://www.udemy.com/course/canva-from-beginner-to-expert/
PCB Designing in Altium Designer,4071814,Sujithkumar MA,"Altium Designer, Hardware, IT & Software",Affinity Designer,All Levels,2.5 hours,4.2,153,6012,"Rp159,000",5/2021,0,0,0,https://www.udemy.com/course/pcb-designing-in-altium-designer/
Become car designer in 30 days,5248726,Abhinav Bansal,"Design Theory, Drawing, Adobe Photoshop, Technical Drawing, Other Design",Affinity Designer,All Levels,14.5 hours,3.7,9,49,"Rp149,000",4/2023,0,0,0,https://www.udemy.com/course/become-car-designer-in-30-days/
Google Web Designer Basic Practice Test 2025,3366660,Callbury Media works,"Google Certified Educator, Test Prep, Teaching & Academics",Affinity Designer,Beginner,N/A,4.4,N/A,3,"Rp249,000",8/2025,0,0,0,https://www.udemy.com/course/google-web-designer-basic-practice-test-2025/
Learn to draw fashion with Adobe Illustrator CC - Advanced,2561198,Jo Hughes,"Adobe Illustrator, Drawing, Fashion, Fashion Design, Design",Affinity Designer,Expert,4.5 hours,4.5,222,1744,Free,12/2019,0,0,13,https://www.udemy.com/course/learn-to-draw-fashion-with-adobe-illustrator-cc-advanced/
Sell Digital Downloads on Etsy as a Graphic Designer,4886410,Mihai Caimacan,"Etsy, E-Commerce, Business",Affinity Designer,Beginner,1.5 hours,4.4,38,1129,"Rp149,000",8/2025,0,0,0,https://www.udemy.com/course/sell-digital-downloads-on-etsy-complete-guide-2022/
Becoming a Lighting Designer,3024162,Nelca Roco,"Lighting Design, DIALux, Career Development, Personal Development",Affinity Designer,Beginner,4 hours,3.9,265,3167,"Rp149,000",5/2023,0,0,1,https://www.udemy.com/course/becoming-a-lighting-designer/
Digital Sketching for Architects and Designers,6479251,Moshe Katz,"Architectural Design, Architecture Fundamentals, Drawing, Design",Affinity Designer,All Levels,7 hours,4.2,5,38,"Rp149,000",2/2025,0,0,0,https://www.udemy.com/course/digital-sketching-for-architects-and-designers/
Professional E-Sports Jersey Design Course,4288500,Matt Alvarez,"Fashion Design, Design Tools, Design",Affinity Designer,All Levels,2 hours,4.2,30,244,Free,9/2021,0,0,9,https://www.udemy.com/course/professional-e-sports-jersey-design-course/
Creating a Procedural Rock Material in Substance Designer,3789320,FastTrack Tutorials,"Substance 3D Designer, Game Art, Google Material Design, Game Design, Design",Affinity Designer,Intermediate,4.5 hours,4.6,11,128,"Rp149,000",5/2021,0,0,1,https://www.udemy.com/course/creating-a-procedural-material-in-substance-designer/
Photoshop CC for Beginners - A Comprehensive Crash Course,561188,Robert Kanaat,"Adobe Photoshop, Graphic Design & Illustration, Design",Affinity Designer,Beginner,2.5 hours,4.5,545,15506,"Rp149,000",7/2015,0,0,23,https://www.udemy.com/course/photoshop-cc-for-beginners-a-comprehensive-crash-course/
CLO 3D Basics for Fashion Designers from Beginner to Expert,6663049,Masturah Muwanga,"3D Fashion Design, Fashion Design, Pattern Making (fashion), 3D Animation, 3D & Animation",Affinity Designer,Beginner,3.5 hours,4.1,12,72,"Rp159,000",10/2025,0,0,0,https://www.udemy.com/course/clo-3d-basics-for-fashion-designers-from-beginner-to-expert/
The Rebel Writing Life,3642156,Libby James,"Creative Writing, Career Development, Creativity, Personal Development",Affinity Designer,All Levels,5 hours,4.7,10,180,"Rp149,000",3/2026,3,0,11,https://www.udemy.com/course/therebelwritinglife/
Revit Architecture Advanced House Designer Course + Estimate,4708322,Rajesh K,"Revit, Architectural Design, Design",Affinity Designer,All Levels,9.5 hours,4.7,27,130,"Rp149,000",2/2025,0,0,2,https://www.udemy.com/course/revit-architecture-easy-way-to-design-your-house-estimate/
Style3D: Skill-Up for Fashion Modeling & Visual Effect,5639896,Style3D Fashion,"3D Modeling, 3D & Animation, Design",Affinity Designer,Intermediate,7.5 hours,4.4,57,559,"Rp149,000",4/2024,2,0,0,https://www.udemy.com/course/style3d-skill-up-course-for-fashion-modeling/
ChatGPT For Learning & Development Pros! (L&D + ChatGPT),5409624,"Steve Ballinger, MBA","ChatGPT, AI Content Generation, Human Resources, Manager Training, Business",Affinity Designer,All Levels,1 hour,4.5,864,3333,"Rp149,000",2/2026,1,0,0,https://www.udemy.com/course/chatgpt-for-training-content-chatgpt-for-training-pros-course/
ServiceNow Flow Designer - Microcertification,3760988,IT To Office,"ServiceNow, IT Certifications, IT & Software",Affinity Designer,Beginner,N/A,3.8,17,268,"Rp149,000",1/2021,0,0,0,https://www.udemy.com/course/servicenow-flowdesigner/
Basic AutoCAD for Lighting Designers,4014956,Nelca Roco,"AutoCAD, Other Teaching & Academics, Teaching & Academics",Affinity Designer,Beginner,5 hours,4.2,85,405,"Rp159,000",3/2022,0,0,7,https://www.udemy.com/course/basic-autocad-for-lighting-designers/
Ultimate Photoshop Mastery Course,2546913,Bamise Peter,"Adobe Photoshop, Graphic Design, Design Tools, Design",Affinity Designer,All Levels,7.5 hours,4.6,5,642,"Rp149,000",5/2020,0,0,7,https://www.udemy.com/course/learn-photoshop-cs6-very-fast/
Let us create patterns in Substance Designer!,5565906,Joakim Tornhill,"Substance 3D Designer, Design Tools, Design",Affinity Designer,Beginner,3.5 hours,4.4,22,211,"Rp149,000",9/2023,1,0,6,https://www.udemy.com/course/let-us-create-patterns-in-substance-designer/
Photoshop Design: Sketch like an industrial designer,385234,Marouane Bembli,"Adobe Photoshop, User Experience (UX) Design, Design Tools, Design",Affinity Designer,All Levels,3 hours,4.1,179,2186,"Rp149,000",2/2016,1,0,5,https://www.udemy.com/course/photoshop-design-sketching/
Style3D: Advanced Course for Garment Modeling,5914172,Style3D Fashion,"3D Modeling, Fashion Design, Design",Affinity Designer,Intermediate,5.5 hours,4.7,25,286,"Rp149,000",4/2024,0,0,9,https://www.udemy.com/course/style3d-advanced-course-for-garment-modeling/
AutoCAD + Fusion 360: A Complete Designer's Guide,1289594,Roy Academy,"AutoCAD, Design Tools, Design",Affinity Designer,Beginner,13 hours,4.5,337,9285,"Rp149,000",6/2024,16,0,52,https://www.udemy.com/course/autocad-2018-refreshers-crash-course-program-for-pros/
How to get employed as a Mechanical Designer,1632220,Amardeep Singh,"Mechanical Engineering, Product Design, CAD Software, Career Development, Personal Development",Affinity Designer,All Levels,4 hours,4.1,95,1916,"Rp149,000",7/2025,0,0,0,https://www.udemy.com/course/becoming-mechanical-designer/
Adobe InDesign 2025 Perfect Guide,6253783,Khalil Sediqi,"Adobe InDesign, Graphic Design & Illustration, Design",Affinity Designer,Beginner,15 hours,3.3,3,1808,"Rp149,000",6/2025,0,0,22,https://www.udemy.com/course/adobe-indesign-cc-2025-fundamentals-for-beginners/
Intro to Animated Materials with Substance Designer,1645190,Olga Polukhina,"Substance 3D Designer, Game Development, Development",Affinity Designer,All Levels,3 hours,4.5,39,454,"Rp149,000",4/2018,0,0,7,https://www.udemy.com/course/intro-to-animated-materials-with-substance-designer/
BPMN 2.0 - Become a professional process designer,5716484,Oliver Berndorf | Senior Business Analyst & Project Manager,"BPMN Business Process Model and Notation, Business Analytics & Intelligence, Business",Affinity Designer,All Levels,4 hours,4.3,97,345,"Rp149,000",11/2025,1,0,0,https://www.udemy.com/course/bpmn-20-become-a-professional-process-designer/
Generative AI for Learning and Development Professionals,6680281,Edcorner Learning,"Generative AI (GenAI), Human Resources, Business",Affinity Designer,All Levels,1.5 hours,4.4,17,64,"Rp149,000",11/2025,53,0,3,https://www.udemy.com/course/generative-ai-for-learning-and-development-professionals/
Project Management for Instructional Designers,3367514,Inez K Whipple,"Project Management, Online Education, Teaching & Academics",Affinity Designer,Intermediate,1.5 hours,4.1,247,929,"Rp149,000",1/2022,0,0,5,https://www.udemy.com/course/project-management-for-instructional-designers/
DESIGNER'S ESSENTIAL (How to sketch cars in any perspective),3220447,Ken Gan,"Automotive Design, Sketching, Other Design, Design",Affinity Designer,Intermediate,1 hour,4.4,15,89,"Rp149,000",6/2020,0,0,0,https://www.udemy.com/course/designers-essential-how-to-sketch-cars-in-any-perspective/
Creating Ornate Tiles Material in Substance Designer,3690792,Kyle Horwood,"Substance 3D Designer, Marmoset Toolbag, Other Design, Design",Affinity Designer,Beginner,3.5 hours,4.6,15,152,"Rp149,000",12/2020,0,0,1,https://www.udemy.com/course/ornate-tiles-in-substance-designer/
Design Responsive Websites with Invision Studio,3621076,Ivan Lourenço Gomes,"Web Design, Graphic Design, Mobile App Design, Design",Affinity Designer,Beginner,5 hours,4.4,104,3237,"Rp149,000",11/2023,1,0,1,https://www.udemy.com/course/learn-professional-web-design-with-invision-studio/
Microsoft Copilot & Designer for Creative Professionals,6966669,"The Takeoff College, Nima Ghasemi","Artificial Intelligence (AI), Microsoft Designer, Microsoft Copilot, Generative AI (GenAI), Other Business",Affinity Designer,All Levels,1 hour,3.0,1,1,"Rp149,000",1/2026,0,0,0,https://www.udemy.com/course/copilot-and-designer-for-creative-professionals/
Principles and Practices of Activity-Based Learning,6110563,Dr Sheeba Valsson,"Other Teaching & Academics, Teaching & Academics",Affinity Designer,All Levels,4 hours,4.8,2,7,"Rp149,000",9/2024,0,0,0,https://www.udemy.com/course/principles-and-practices-of-activity-based-learning/
Computer Stylist Macromedia Freehand mx,5211120,Tuğba Kurtuluş,"Fashion Design, Design",Affinity Designer,All Levels,1 hour,2.1,2,575,"Rp447,000.00",2/2025,0,0,0,https://www.udemy.com/course/computer-stylist-macromedia-freehand-mx/
Introduction to AI for Landscape Architects and Designers,6380371,Mehmet Onur Senem,"Artificial Intelligence (AI), Landscape Architecture, AI Art Generation, Generative AI (GenAI), Other IT & Software",Affinity Designer,Beginner,3 hours,4.2,10,22,"Rp149,000",12/2025,0,0,0,https://www.udemy.com/course/introduction-to-ai-for-landscape-architects-and-designers/
Alteryx for Beginners - Master Alteryx,3692874,Simon Sez IT,"Alteryx, Data Analysis, Business Analysis, Other IT & Software, IT & Software",Affinity Designer,Beginner,5.5 hours,4.4,45,235,"Rp149,000",8/2021,1,0,1,https://www.udemy.com/course/alteryx-for-beginners-master-alteryx/
AI-Driven Design & Innovation in Learning,6887319,Elizabeth Pierce,"Artificial Intelligence (AI), Business Strategy, Business",Affinity Designer,All Levels,39 mins,4.1,53,203,"Rp149,000",3/2026,0,0,25,https://www.udemy.com/course/ai_driven_design_innovation_in_learning/
Informatica Active VOS Designer,3728004,MDM Specialist,"Software Engineering, Other IT & Software, IT & Software",Affinity Designer,Intermediate,4 hours,3.5,70,311,"Rp149,000",10/2021,0,0,0,https://www.udemy.com/course/informatica-active-vos-designer/
"Sit comfortably, exercise and heal the body",6667775,Jiang Zhixiang,"Yoga Sutras, Yoga, Health & Fitness",Affinity Designer,All Levels,4 hours,4.7,N/A,N/A,"Rp549,000",1/2026,0,0,0,https://www.udemy.com/course/heal-yourself-by-sitting-with-ease/
SolidWorks Portfolio Blueprint for New Designers,7055685,Alen Oletic,"SOLIDWORKS, Engineering, Teaching & Academics",Affinity Designer,Beginner,35 mins,5.0,2,108,"Rp149,000",3/2026,1,0,3,https://www.udemy.com/course/solidworks-portfolio-blueprint-for-new-designers/
Alteryx: Get Designer Core Certified,3052046,Renato Baruti,"Alteryx, Business Analytics, ETL, Learning Technologies, Business Analytics & Intelligence",Affinity Designer,All Levels,2 hours,4.3,62,260,"Rp149,000",9/2020,1,0,64,https://www.udemy.com/course/alteryx-get-designer-core-certified/
Mastering Advanced Adobe Captivate: Build Interactive eLearn,6881699,Abdullah Butt,"Adobe Captivate, Online Education, Teaching & Academics",Affinity Designer,Beginner,3 hours,5.0,29,326,"Rp149,000",10/2025,0,0,0,https://www.udemy.com/course/mastering-advanced-adobe-captivate-build-interactive-elearn/
Figma UI UX designing course.,5527234,Infinity Learning,"Figma, User Experience (UX) Design, User Interface Design, User Experience Design, Design",Affinity Designer,All Levels,3 hours,3.5,344,8037,"Rp149,000",12/2025,0,0,0,https://www.udemy.com/course/figma-ui-ux-designing-course/
Designer's Guide To Architectural Sketching,4816474,Brandon Aaron Gibbs,"Sketching, Architectural Design, Design",Affinity Designer,Beginner,1.5 hours,4.3,29,1135,"Rp149,000",9/2022,1,0,0,https://www.udemy.com/course/designers-guide-to-architectural-sketching/
Photoshop for Non-Artists: Texture Libraries,699266,3D BUZZ Programming and Digital Art training,"Adobe Photoshop, Other Design, Design",Affinity Designer,Beginner,4.5 hours,4.7,23,277,"Rp149,000",12/2015,0,0,1,https://www.udemy.com/course/photoshop-for-non-artists-texture-libraries/
Fashion Design: Stitches and Zippers in Marvelous Designer,1579688,Charles Elum,"Marvelous Designer, 3D Modeling, 3D Fashion Design, Fashion Design, Design",Affinity Designer,Beginner,1.5 hours,4.7,29,250,"Rp149,000",3/2018,0,0,1,https://www.udemy.com/course/3d-fashion-design-marvelous-designer/
Ultimate Guide on Freelancing Career in Photoshop Design,438420,Jestoni Esteban,"Adobe Photoshop, User Experience (UX) Design, Web Design, Freelancing, Graphic Design & Illustration",Affinity Designer,All Levels,6.5 hours,4.3,79,1660,"Rp149,000",4/2018,13,0,9,https://www.udemy.com/course/freelancing-career-in-photoshop-design/
Create and import Clo3D animation into Blender in 2 hours!,5271882,Tram Nong,"3D Fashion Design, Fashion Design, Blender, Design",Affinity Designer,Beginner,2 hours,4.4,14,148,"Rp149,000",4/2024,0,0,0,https://www.udemy.com/course/3d-virtual-fashion-simulation-with-clo3d-71-and-blender-34/
Create interactive magazine with Articulate Storyline 360,1464818,Prashant Gupta,"Articulate Storyline, Other IT & Software, IT & Software",Affinity Designer,Intermediate,2 hours,4.4,38,272,"Rp149,000",12/2017,0,0,0,https://www.udemy.com/course/create-interactive-magazine-with-articulate-storyline-360/
Omron NB HMI Training Course (NB-Designer),4571272,Mehdi Alinoori,"HMI, Other IT & Software, IT & Software",Affinity Designer,All Levels,5.5 hours,4.3,24,121,"Rp149,000",2/2022,0,0,0,https://www.udemy.com/course/omron-nb-hmi-training-course-nb-designer/
Game Designer Briefcase: Virtual Reality & Character Sculpt,1587576,"Mammoth Interactive, John Bura","Unity, Blender, Character Modeling, Digital Character Sculpting, Game Development",Affinity Designer,Beginner,78 hours,3.8,10,234,"Rp149,000",4/2018,13,0,2,https://www.udemy.com/course/mammothinteractive-vr-charactersculpting/
Instructional Design For Online And Offline Education,4026950,Eric Yeboah,"Instructional Design, Teacher Training, Teaching & Academics",Affinity Designer,All Levels,2.5 hours,3.9,48,117,"Rp149,000",5/2021,0,0,0,https://www.udemy.com/course/instructional-design-for-online-and-offline-education/
Instructional Design course: Educational Content Production,4047136,Ivan Chagas,"Instructional Design, Content Writing, Adult Education, Content Creation, Teacher Training",Affinity Designer,All Levels,2 hours,4.0,41,161,"Rp149,000",9/2022,22,0,6,https://www.udemy.com/course/instructional-design-course-educational-content-production/
"Adobe Xd - UI / UX Design, Prototype And Getting A Job",2432856,Aleksandar Cucukovic,"Adobe XD, User Experience (UX) Design, User Interface Design, User Experience Design, Design",Affinity Designer,Beginner,11.5 hours,4.5,160,738,"Rp149,000",5/2020,1,0,7,https://www.udemy.com/course/adobe-xd-2019-ui-ux-design-prototype-and-getting-a-job/
Learn to Make Realistic PBR Materials in Substance Designer,2271772,Abdelilah Hamdani,"3D Texturing, Photorealistic Rendering, Substance 3D Designer, 3D & Animation, Design",Affinity Designer,Beginner,2.5 hours,4.4,88,675,"Rp149,000",2/2020,0,0,2,https://www.udemy.com/course/materialscreation/
Blender : Essential 3D for UI and Visual Designers,4838290,Harshavardhan Saravanan,"Blender, 3D Modeling, 3D Rendering, 3D & Animation, Design",Affinity Designer,All Levels,3.5 hours,4.4,18,203,"Rp149,000",12/2023,0,0,1,https://www.udemy.com/course/blender-essential-3d-for-ui-and-visual-designers/
Formulating Learning Objectives For Educators,4027660,Dr. Dheeraj Mehrotra,"Education, Other Teaching & Academics, Teaching & Academics",Affinity Designer,All Levels,1 hour,4.2,4,434,"Rp149,000",7/2025,0,0,0,https://www.udemy.com/course/formulating-learning-objectives-for-educators/
Charcoal Fabric Drawing and Toning Course in Fashion Design,4271676,Yasin YILDIZ,"Fashion Design, Design",Affinity Designer,All Levels,4 hours,5.0,20,152,"Rp149,000",1/2022,0,0,0,https://www.udemy.com/course/charcoal-fabric-drawing-and-toning-course-in-fashion-design/
A Practical Approach to Instructional Design,2811767,Check N Click Learning and Technologies,"Instructional Design, Career Development, Personal Development",Affinity Designer,Beginner,2.5 hours,4.2,156,521,"Rp149,000",10/2022,0,0,9,https://www.udemy.com/course/a-practical-approach-to-instructional-design/
Certified HVAC Designer (CHD®),4838412,Bilal Mohamed,"HVAC, Engineering, Teaching & Academics",Affinity Designer,All Levels,N/A,3.7,27,258,"Rp149,000",10/2024,0,0,0,https://www.udemy.com/course/certified-hvac-designer-chd/
Graphic Design Elements: Color Theory and Application,2850296,Chraibi Adam,"Adobe Photoshop, Color Theory, Graphic Design, Design Theory, Graphic Design & Illustration",Affinity Designer,All Levels,2.5 hours,4.3,259,16255,"Rp149,000",4/2020,0,0,17,https://www.udemy.com/course/graphic-design-elements-color-theory-and-application/
How to Sew a Designer Shirt,2867754,Maree Pigdon,"Sewing, Fashion Design, Design",Affinity Designer,All Levels,4 hours,5.0,1,8,"Rp849,000",9/2020,3,0,3,https://www.udemy.com/course/how-to-sew-a-designer-shirt/
Learn Adobe Illustrator from Scratch: Design Like a Pro,6862057,Logic Labs,"Adobe Illustrator, Graphic Design & Illustration, Design",Affinity Designer,All Levels,3.5 hours,5.0,2,2078,"Rp149,000",1/2026,0,0,0,https://www.udemy.com/course/learn-adobe-illustrator-from-scratch-design-like-a-pro/
DESIGNERS'S ESSENTIAL (Sketch Car Like a Pro Designer),2948942,Ken Gan,"Automotive Design, Other Design, Design",Affinity Designer,Intermediate,1.5 hours,4.3,26,109,"Rp149,000",4/2020,0,0,1,https://www.udemy.com/course/designerss-essential-sketch-car-like-a-pro-designer/
AI-Powered Illustration: Adobe Illustrator & AI Tools,6958115,"The Takeoff College, Nima Ghasemi","Adobe Illustrator, Artificial Intelligence (AI), Adobe Firefly, Generative AI (GenAI), Design Tools",Affinity Designer,All Levels,3.5 hours,4.7,N/A,3,"Rp159,000",1/2026,0,0,0,https://www.udemy.com/course/ai-illustrations/
ZBrush for Jewelry Designers: Understanding ZBrush Geometry,5536156,Eric Keller,"zBrush, 3D & Animation, Design",Affinity Designer,Beginner,5 hours,4.7,20,78,"Rp299,000",9/2023,0,0,0,https://www.udemy.com/course/zbrush-for-jewelry-designers-zbrush-geometry/
Design Thinking for All,3606520,Sagrika Saraf,"Design Thinking, Research Methods, Interior Design, Design",Affinity Designer,Beginner,30 mins,4.3,6,16,"Rp149,000",8/2021,0,0,3,https://www.udemy.com/course/designthinkingforall/
PyQT5 with Python GUI Programming | Python PyQT,4261394,"Oak Academy, OAK Academy Team","Python GUI, Python, PyQt, Matplotlib, Programming Languages",Affinity Designer,All Levels,8 hours,4.2,162,847,"Rp149,000",4/2026,2,0,0,https://www.udemy.com/course/learn-python-gui-programming-using-pyqt5-gui-python-2021/
The no BS 2 Hour UI Design Course,1611824,Messod Michael Abehsera,"User Interface Design, Find Your Passion, Figma, Design Tools, Design",Affinity Designer,All Levels,2 hours,3.8,1062,15530,"Rp149,000",12/2019,5,0,1,https://www.udemy.com/course/learn-ui-design-all-you-need-to-start-a-6-figure-career/
Data Analysis with Tableau and Alteryx,4494638,Bluelime Learning Solutions,"Tableau, Data Analysis, Alteryx, Business Analytics & Intelligence, Business",Affinity Designer,Beginner,2 hours,4.2,51,3461,"Rp149,000",3/2026,1,0,0,https://www.udemy.com/course/data-analysis-with-tableau-and-alteryx/
Registered Communication Distribution Designer (RCDD) Part 1,4540726,Bilal Mohamed,"Telecom, IT Certifications, IT & Software",Affinity Designer,All Levels,N/A,3.7,19,261,"Rp149,000",2/2022,0,0,0,https://www.udemy.com/course/registered-communication-distribution-designer-rcdd-part-1/
Adobe Captivate Essentials: Build Interactive eLearning,3817232,Nshuti Paulin,"Adobe Captivate, Online Course Creation, Online Education, Teaching & Academics",Affinity Designer,Beginner,1 hour,3.2,32,1389,"Rp149,000",1/2026,0,0,0,https://www.udemy.com/course/adobe-captivate-2019-essentials-training-course/
Learn Adobe XD essentials for UI/UX Design (2023),3526244,Pierluigi Giglio,"User Experience (UX) Design, Adobe XD, Design Tools, Design",Affinity Designer,All Levels,4 hours,4.4,174,13726,"Rp149,000",3/2023,1,0,16,https://www.udemy.com/course/learn-adobe-xd-essentials-for-uiux-design/
Animation Principles for Motion Designers,3870158,Ozgur Gorgun,"Animation, 3D Animation, Cinema 4D, Motion Graphics, 3D & Animation",Affinity Designer,All Levels,4 hours,4.7,31,177,"Rp447,000.00",2/2021,1,0,1,https://www.udemy.com/course/animation-principles-for-motion-designers/
OpenRoads Designer - Advanced Level 2 Microstation -AulaGEO,4824528,AulaGEO Academy,"AutoCAD Civil 3D, Civil Engineering, Engineering, Teaching & Academics",Affinity Designer,Expert,3 hours,4.4,35,315,"Rp149,000",9/2025,0,0,38,https://www.udemy.com/course/advanced-openroads-civil-works-desgin-level-3/
PySide Mastery: Python GUI Development Unleashed,5671828,EDUCBA Bridging the Gap,"PySide, Web Development, Development",Affinity Designer,All Levels,4.5 hours,5.0,2,4183,"Rp149,000",3/2024,0,0,0,https://www.udemy.com/course/pyside-python-gui-development-and-qt-for-python/
Captivate 5 Introduction,51304,Intellezy Trainers,"Adobe Captivate, Design Tools, Design",Affinity Designer,Beginner,3 hours,4.4,77,361,"Rp149,000",8/2021,0,0,0,https://www.udemy.com/course/cwcaptivate-5-introduction/
How to Edit with iMovie,2687890,Jayson Lecuyer,"Video Editing, Video Design, Photography & Video",Affinity Designer,Beginner,1 hour,4.7,N/A,2,"Rp149,000",12/2019,0,0,0,https://www.udemy.com/course/how-to-edit-with-imovie/
OpenRoads Designer - Beginners Level 1 Microstation -AulaGEO,4632746,AulaGEO Academy,"Construction Estimation, Civil Engineering, AutoCAD Civil 3D, Engineering, Teaching & Academics",Affinity Designer,Beginner,3.5 hours,4.4,129,688,"Rp149,000",9/2025,0,0,44,https://www.udemy.com/course/beginners-guide-to-openroads-civil-works-desgin/
Adobe Photoshop cc Course for Beginners Learn the Essentials,5159566,Amir Mirza,"Adobe Photoshop, Graphic Design, Photoshop Retouching, Visual Design, Design Tools",Affinity Designer,Beginner,1.5 hours,4.5,4,1000,"Rp149,000",4/2023,0,0,0,https://www.udemy.com/course/adobe-photoshop-for-beginners-learn-the-essentials-be-pro/
Style3D: Beginner's Course for Fashion Modeling,5699314,Style3D Fashion,"3D Fashion Design, Fashion Design, Design",Affinity Designer,Beginner,5 hours,4.6,41,410,"Rp149,000",4/2024,0,0,0,https://www.udemy.com/course/style3d-beginners-course-for-fashion-modeling/
SketchUp & Twilight for Interior Designers,1055650,Kim Debling,"SketchUp, Photorealistic Rendering, Interior Design, Design",Affinity Designer,Intermediate,1.5 hours,4.5,134,848,"Rp149,000",1/2017,10,0,3,https://www.udemy.com/course/sketchup-course/
PyQt Mastery: Building Dynamic GUIs with Python,5678624,EDUCBA Bridging the Gap,"PyQt, Programming Languages, Development",Affinity Designer,All Levels,8 hours,4.3,7,6720,"Rp149,000",3/2024,0,0,0,https://www.udemy.com/course/pyqt-course-bundle-python-gui-development-with-pyqt/
Webflow Master Class For Entrepreneurs and UI/UX Designers,3113532,Ashokkumar Chavada,"Webflow, Web Design, Web Development, Design",Affinity Designer,Beginner,7.5 hours,3.9,28,157,"Rp149,000",5/2020,0,0,1,https://www.udemy.com/course/webflow-master-class-for-entrepreneurs-and-uiux-designers/
Start a Redbubble Business - Earn Passive Income,2624822,Douglas Berg,"RedBubble, Online Business, Entrepreneurship Fundamentals, E-Commerce, Business",Affinity Designer,Beginner,1 hour,4.4,23,94,"Rp149,000",10/2019,0,0,0,https://www.udemy.com/course/start-a-redbubble-business-earn-passive-income/
Intuitive Sketching for Architects and Designers,6485673,Moshe Katz,"Architectural Design, Architecture Fundamentals, Interior Design, Sketching, Design",Affinity Designer,All Levels,4 hours,4.5,1,7,"Rp149,000",2/2025,0,0,0,https://www.udemy.com/course/intuitive-sketching-for-architects-and-designers-l/
How To SERIOUSLY Become A Car Designer,6384999,Kai F.,"Automotive Design, Career Development, Career Change, Other Design, Design",Affinity Designer,Beginner,1.5 hours,4.6,11,23,"Rp149,000",1/2025,0,0,0,https://www.udemy.com/course/how-to-seriously-become-a-car-designer/
CompTIA Cloud Essentials Cert Exam Prep CL0-002,2340896,Anand Rao Nednur,"CompTIA Cloud Essentials+ (Retired), IT Certifications, IT & Software",Affinity Designer,Beginner,N/A,3.8,33,1194,"Rp149,000",8/2019,0,0,0,https://www.udemy.com/course/comptia-cloud-essentials-cert-exam-prep-cl0-002/
Fashion Design - Clothing Design & Styling with Darts,2702732,Tope Williams-Adewunmi,"Fashion Design, Design Patterns (software), Design",Affinity Designer,Intermediate,2 hours,4.3,8,86,"Rp149,000",12/2019,0,0,0,https://www.udemy.com/course/fashion-design-styling-with-darts/
Photoshop CS5,56258,Learnit Anytime,"Adobe Photoshop, Design Tools, Design",Affinity Designer,All Levels,4 hours,4.5,66,421,"Rp149,000",6/2013,0,0,1,https://www.udemy.com/course/photoshop-cs5/
"Fashion Design: Collar, Buttons and Cuffs Marvelous Designer",1365380,Charles Elum,"Fashion, Marvelous Designer, Fashion Design, Design",Affinity Designer,Beginner,2.5 hours,4.7,34,346,"Rp149,000",2/2018,1,0,1,https://www.udemy.com/course/3d-fashion-design-dress-shirt/
Top 10 Worst Tableau Designer Mistakes and How to Avoid Them,2861672,Jed Guinto,"Tableau, Business Analytics & Intelligence, Business",Affinity Designer,All Levels,1 hour,4.5,52,11985,"Rp149,000",3/2020,1,0,0,https://www.udemy.com/course/tableau-mistakes/
Salesforce Certified Platform Strategy Designer Questions,6781863,ForceWise Environment™,"IT Certifications, IT & Software",Affinity Designer,Intermediate,N/A,N/A,N/A,N/A,"Rp149,000",1/2026,0,0,0,https://www.udemy.com/course/salesforce-certified-platform-strategy-designer-questions/
Master Salesforce Heroku Architecture Designer Certification,6673107,Vessa Quinlan,"Salesforce Certified Heroku Architect, IT Certifications, IT & Software",Affinity Designer,All Levels,N/A,5.0,4,9,"Rp149,000",1/2026,0,0,0,https://www.udemy.com/course/salesforce-heroku-architecture-designer-practice-test-exam/
Become QlikView Designer from Scratch,462620,Shilpan Patel,"Qlikview, Business Analytics & Intelligence, Business",Affinity Designer,Beginner,5.5 hours,4.1,654,4390,"Rp249,000",8/2017,4,0,1,https://www.udemy.com/course/become-qlikview-designer-from-scratch/
Canva: Learn to Create Your Own Designs,4050696,Abdullah Yildiz,"Canva, Graphic Design, Image Editing, Design Thinking, Design Tools",Affinity Designer,All Levels,1 hour,4.3,7,25,"Rp149,000",5/2021,0,0,0,https://www.udemy.com/course/canva-learn-to-create-your-own-designs/
Adobe Illustrator CC Graphic Web Design: UI & Logo Design,1495792,Easy Learn,"Adobe Illustrator, User Experience (UX) Design, Graphic Design, Logo Design, Graphic Design & Illustration",Affinity Designer,All Levels,4.5 hours,3.3,103,2376,"Rp149,000",1/2018,0,0,0,https://www.udemy.com/course/adobe-illustrator-cc-graphic-web-design-ui-logo-design/
Intuitive Curriculum Development: Make it Easy to Understand,176910,Jason Teteak,"Teacher Training, Instructional Design, Teaching & Academics",Affinity Designer,All Levels,1.5 hours,4.7,489,2961,"Rp149,000",12/2020,0,0,5,https://www.udemy.com/course/how-to-make-things-easy-to-understand/
Graphics Design and Video Editing: All in One Course,7052803,Muhammad Riaz Uddin,"Graphic Design, Canva, Adobe Illustrator, Adobe Photoshop, Graphic Design & Illustration",Affinity Designer,All Levels,3 hours,4.2,2,1100,"Rp149,000",2/2026,0,0,0,https://www.udemy.com/course/graphics-design-and-video-editing-all-in-one-course/
Adobe Photoshop CC 2015: From Zero to Mastery,591796,Kayes Mahmud,"Adobe Photoshop, Design Tools, Design",Affinity Designer,All Levels,4 hours,3.7,20,1780,"Rp149,000",10/2015,0,0,14,https://www.udemy.com/course/adobe-photoshop-cc-2015-from-beginner-to-be-a-professional/
Blue Prism ASD01 Solution Designer Practice Exams,4768142,Travis Dahlheimer | Professional Blue Prism Developer,"Blue Prism, IT Certifications, IT & Software",Affinity Designer,All Levels,N/A,4.3,67,263,"Rp149,000",10/2024,0,0,0,https://www.udemy.com/course/blue-prism-asd01-solution-designer-practice-exams/
Web Designer Essentials: A Comprehensive Practice Test,6277909,B KM,"Web Design, IT Certifications, IT & Software",Affinity Designer,All Levels,N/A,4.5,1,860,"Rp149,000",10/2025,0,0,0,https://www.udemy.com/course/web-designer-essentials-a-comprehensive-practice-test/
Learning & Development with Generative AI,5865144,Learnsector LLP,"Learning Technologies, Generative AI (GenAI), Human Resources, Business",Affinity Designer,All Levels,1 hour,4.0,167,9263,"Rp149,000",7/2024,0,0,0,https://www.udemy.com/course/learning-development-with-generative-ai/
[Metaverse] Creating Zepeto items using Marvelous Designer,4798430,ARTX CAMPUS,"Metaverse, 3D & Animation, Design",Affinity Designer,Beginner,4 hours,4.1,15,66,"Rp149,000",8/2022,0,0,0,https://www.udemy.com/course/creating-zepeto-items-marvelous-designer/
Writers and Designers AI: Masterclass for Content Creators,5989144,Tunde Victor Olonitola,"Content Writing, Content Marketing, Marketing",Affinity Designer,All Levels,4.5 hours,4.7,29,4148,"Rp149,000",1/2026,0,0,0,https://www.udemy.com/course/writers-and-designers-ai-masterclass-for-content-creators/
Salesforce User-Experience-Designer (Plat-UX-101),6929375,Stefan Sauer,"User Experience (UX) Design, IT Certifications, IT & Software",Affinity Designer,All Levels,N/A,5.0,1,5,"Rp149,000",11/2025,0,0,0,https://www.udemy.com/course/salesforce-user-experience-designer-plat-ux-101/
Wireframing For UI / UX Designers,3095676,Aleksandar Cucukovic,"Wireframing, Adobe XD, User Experience Design, Design",Affinity Designer,Beginner,2.5 hours,4.4,49,232,"Rp149,000",5/2020,0,0,7,https://www.udemy.com/course/wireframing-for-ui-ux-designers/
Footwear Design School: Learn how to be a footwear designer,1518554,Daneka Malcolm,"Fashion Design, Design",Affinity Designer,Beginner,1.5 hours,3.7,103,536,"Rp149,000",9/2019,0,0,2,https://www.udemy.com/course/footwear-design-school/
Freelancing for Designers: Supercharge Your Process,4417018,Ilya Lobanov,"Freelancing, Entrepreneurship, Business",Affinity Designer,Beginner,42 mins,4.6,5,112,"Rp149,000",4/2023,0,0,0,https://www.udemy.com/course/freelancing-for-designers/
2 style designer Wedding cakes by World Pastry Champion,4359900,APCA CHEF Online,"Cake Decorating, Cake Baking, Food & Beverage, Lifestyle",Affinity Designer,All Levels,2.5 hours,4.6,10,89,"Rp149,000",11/2021,0,0,1,https://www.udemy.com/course/2-style-designer-wedding-cakes-by-world-pastry-champion/
Building Design Using Tekla Structural Designer (IS Code),4689288,Mainak Choudhury,"Tekla Structures, Structural Design, Engineering, Teaching & Academics",Affinity Designer,Beginner,4 hours,4.3,23,555,"Rp149,000",2/2023,0,0,8,https://www.udemy.com/course/building-design-using-tekla-structural-designer-is-code/
Freelancing for Designers and Developers - For Beginners,205942,Muhammad Ahsan Pervaiz,"Freelancing, Career Development, Personal Development",Affinity Designer,Beginner,5 hours,4.5,337,14024,"Rp149,000",10/2022,10,0,0,https://www.udemy.com/course/how-to-freelane-for-designers-developers/
Simplified Grading for Garden Designers,3382156,Rob Littlepage,"Garden Design, Home Improvement & Gardening, Lifestyle",Affinity Designer,Beginner,2.5 hours,4.6,105,870,"Rp149,000",1/2024,0,0,66,https://www.udemy.com/course/simplified-grading-for-garden-designers/
Use PowerPoint Like a Professional Designer,3233411,Anna O,"PowerPoint, Graphic Design, Graphic Design & Illustration, Design",Affinity Designer,All Levels,3.5 hours,4.4,265,1445,"Rp149,000",10/2024,0,0,38,https://www.udemy.com/course/use-powerpoint-like-a-professional-designer/
Web Accessibility for Designers,2842546,Cassandra Cappello,"Web Accessibility, Web Design, Design",Affinity Designer,All Levels,1 hour,4.3,58,158,"Rp149,000",3/2020,0,0,2,https://www.udemy.com/course/web-accessibility-for-designers/
Autodesk AutoCAD Electrical for Electrical Designers,2688000,CADCIM Technologies,"AutoCAD Electrical, Other Design, Design",Affinity Designer,Intermediate,8.5 hours,3.9,661,39525,"Rp149,000",5/2021,0,0,0,https://www.udemy.com/course/autodesk-autocad-electrical-2020-for-electrical-designers/
Designers Perspective and Strategies Master Class TM,5042784,"Dr. Noble Arya Full-Stack Data Scientist, AI/ML/DL Researcher","Learning Strategies, User Experience Design, Design",Affinity Designer,All Levels,1 hour,4.7,4,336,"Rp149,000",12/2022,0,0,0,https://www.udemy.com/course/designers-perspective-and-strategies-master-class-tm/
"PCB Design Crash Course: Footprint, 3D model & Board Design.",3897684,Pradeep Raj,"PCB Design, Autodesk Fusion, Altium Designer, Hardware, IT & Software",Affinity Designer,Beginner,3.5 hours,4.3,89,345,"Rp149,000",9/2025,0,0,6,https://www.udemy.com/course/pcb-design-crash-course-3d-package-board-design-approach/
Tests!! - Alteryx Designer Core Exam,5375502,Robert Mathisen,"Alteryx, IT Certifications, IT & Software",Affinity Designer,All Levels,N/A,4.7,29,127,"Rp149,000",10/2023,0,0,0,https://www.udemy.com/course/alteryx-bootcamp-practice-tests/
iOS 8 Mobile App Design: UI & UX With Adobe Photoshop (2016),455566,Benjo Sabban,"Mobile App Design, iOS Development, Adobe Photoshop, User Interface Design, User Experience Design",Affinity Designer,Beginner,5 hours,3.0,9,826,"Rp149,000",2/2016,5,0,0,https://www.udemy.com/course/ios-8-mobile-app-design-ui-ux-using-adobe-photoshop-2015/
Perfect French Macarons #2 - Designer Macarons,1460958,"Cake Nuvo - Online Baking School, Irit Ishai","Cookie Decorating, Baking, Cookie Baking, Cake Decorating, Food & Beverage",Affinity Designer,All Levels,3.5 hours,4.6,171,1491,"Rp149,000",8/2021,15,0,60,https://www.udemy.com/course/designer-macarons/
AutoCAD for Lighting Designers,3537942,Mohammed Yaseen Ali,"AutoCAD, CAD Software, Lighting Design, Other Design, Design",Affinity Designer,Beginner,1.5 hours,4.2,27,157,"Rp149,000",5/2025,0,0,4,https://www.udemy.com/course/autocad_for_lighting-designers_1/
UI UX Design Figma 2026: The Complete Web & Mobile Designer,7114749,Muhammad Riaz Uddin,"Mobile App Design, Web Design, Design",Affinity Designer,All Levels,2.5 hours,4.3,N/A,11,"Rp149,000",3/2026,0,0,0,https://www.udemy.com/course/ui-ux-design-figma-2026-the-complete-web-mobile-designer/
Design and Create Any Custom Component in Altium Designer,1644706,"Educational Engineering Team, Educational Engineering, Ashraf Said AlMadhoun","Altium Designer, Microcontroller, Hardware, IT & Software",Affinity Designer,All Levels,1.5 hours,3.8,29,3213,"Rp149,000",2/2026,17,0,0,https://www.udemy.com/course/design-and-create-your-own-custom-component-in-altium/
Complex clothes in 1 hour (Marvelous Designer+3ds max),477450,Ivan Panasenko,"Autodesk 3ds Max, 3D & Animation, Design",Affinity Designer,Beginner,1 hour,3.8,66,2613,"Rp149,000",9/2016,0,0,3,https://www.udemy.com/course/complex-clothes-in-40-minutes-marvelous-designer3ds-max/
Galaxy Watch Designer Developer Course 2020,2770486,iVito .,"Mobile App Design, Mobile Development, Development",Affinity Designer,All Levels,1.5 hours,4.6,22,109,"Rp149,000",8/2021,1,0,1,https://www.udemy.com/course/galaxy-watch-designer-developer-course/
Salesforce Integration Architecture Designer,7033389,Stefan Sauer,"Salesforce, IT Certifications, IT & Software",Affinity Designer,Beginner,N/A,5.0,2,3,"Rp149,000",2/2026,0,0,0,https://www.udemy.com/course/salesforce-integration-architecture-designer/
Intro to Substance Designer for Beginners,3106006,David Bittorf,"Substance 3D Designer, Game Texturing, Google Material Design, Substance Painter, Game Design",Affinity Designer,Beginner,1.5 hours,4.5,51,675,"Rp149,000",8/2020,0,0,0,https://www.udemy.com/course/substance-designer-for-absolute-beginners/
Complete Web & Mobile Designer Course using Figma,4849574,Sunny Kashmire,"Figma, Web Design, Design",Affinity Designer,Beginner,1.5 hours,4.4,5,8,"Rp149,000",9/2022,0,0,0,https://www.udemy.com/course/complete-web-mobile-designer-course-using-figma/
Game like simulations with Captivate 9,1365696,Roberto O. Verdugo,"Adobe Captivate, Game Design, Design",Affinity Designer,Intermediate,2.5 hours,4.3,32,190,"Rp149,000",7/2019,0,0,6,https://www.udemy.com/course/game-like-simulations-with-captivate-9/
"Become a Web Design Coach, the Next Level of Web Design",1655678,Bruce Chamoff,"User Experience (UX) Design, Web Design, Design",Affinity Designer,All Levels,1 hour,4.2,7,29,"Rp149,000",10/2024,0,0,2,https://www.udemy.com/course/become-a-web-design-coach-the-next-level-of-web-design/
Microstation OpenRoads Designer + Lumen lesson - AulaGEO,4693046,Golgi Alvarez,"Civil Engineering, Construction, AutoCAD Civil 3D, Construction Estimation, Engineering",Affinity Designer,Intermediate,3.5 hours,3.8,25,216,"Rp149,000",9/2025,0,0,46,https://www.udemy.com/course/civil-works-using-bentley-openroads-connect-edition/
3d Texturing with Substance Designer and Substance Painter,530148,3dmotive LLC,"3D Texturing, Substance Painter, 3D & Animation, Design",Affinity Designer,Intermediate,2 hours,3.7,32,402,"Rp149,000",9/2016,1,0,2,https://www.udemy.com/course/3d-texturing-with-substance-designer-and-substance-painter/
Skill That Will Increase Your Value as a 3D Designer,6050369,Mykola Dokhnenko,"VFX Visual Effects, 3D Animation, 3D Modeling, Blender, 3D & Animation",Affinity Designer,Intermediate,1.5 hours,5.0,1,17,"Rp149,000",6/2024,0,0,0,https://www.udemy.com/course/skill-that-will-increase-your-value-as-a-3d-designer/
Learn Substance Designer for Texturing Game Assets,1023400,3dmotive LLC,"Substance Painter, Game Texturing, 3D Texturing, 3D Modeling, 3D & Animation",Affinity Designer,Intermediate,4 hours,4.1,52,564,"Rp149,000",4/2017,2,0,2,https://www.udemy.com/course/3dmotive-learn-the-basics-of-substance-painter/
SAP Lumira Designer 2.X (Design Studio),2089484,Junaid Ahmed,"SAP Lumira, IT Certifications, IT & Software",Affinity Designer,All Levels,5.5 hours,4.4,101,444,"Rp149,000",6/2019,0,0,0,https://www.udemy.com/course/sap-lumira-designer-2x/
3ds max and Vray basics for interior designers,2427522,Aurelian Castravet,"Autodesk 3ds Max, Interior Design, Design",Affinity Designer,Beginner,6 hours,4.3,13,57,"Rp149,000",2/2024,0,0,12,https://www.udemy.com/course/full-interior-design-practical-course-9-parts/
Become a Interior Designer & Decorator + Decorate Your Home,3661488,Jewaria Tanweir,"Interior Design, Entrepreneurship, Business",Affinity Designer,All Levels,30 mins,3.4,8,29,"Rp149,000",2/2021,3,0,0,https://www.udemy.com/course/become-a-interior-designer-decorator-decorate-your-home/
How to become a UX designer,2016392,Erick Bulatowicz,"User Experience (UX) Design, User Interface Design, User Experience Design, Design",Affinity Designer,Beginner,1 hour,3.8,58,4663,"Rp149,000",11/2018,0,0,0,https://www.udemy.com/course/how-to-become-a-ux-designer/
Become a fashion designer & Identify the Career Opportunity,3440858,Suman Prasad,"Fashion Design, Beauty & Makeup, Lifestyle",Affinity Designer,Beginner,3.5 hours,3.5,25,103,"Rp149,000",3/2021,0,0,0,https://www.udemy.com/course/become-a-fashion-designer-identify-the-career-opportunity/
Certified HVAC Designer Mastery: 5 Practice Exams,5593062,DataVeta Academy,"HVAC, Engineering, Teaching & Academics",Affinity Designer,All Levels,N/A,3.5,7,59,"Rp149,000",4/2024,0,0,0,https://www.udemy.com/course/certified-hvac-designer-mastery-5-practice-exams-2023/
Generative AI for UX Designers,6610251,Deepak Sahni,"User Experience (UX) Design, Generative AI (GenAI), User Experience Design, Design",Affinity Designer,Beginner,1 hour,1.9,3,1008,"Rp149,000",5/2025,0,0,0,https://www.udemy.com/course/generative-ai-for-ux-designers/
"Substance Designer - Wood, Wood Floors & Wood Carving",1764412,Olga Polukhina,"Substance 3D Designer, Game Development, Development",Affinity Designer,All Levels,5 hours,4.2,24,272,"Rp149,000",6/2018,0,0,3,https://www.udemy.com/course/substance-designer-wood-wood-floors-wood-carving/
Adhesive Tapes for Designers and Engineers,4121276,Michael Davis,"Materials Science, Engineering, Teaching & Academics",Affinity Designer,All Levels,1 hour,4.4,10,663,"Rp149,000",6/2021,0,0,1,https://www.udemy.com/course/adhesive-tapes-for-designers-and-engineers/
Introduction to Substance Designer for Games and Film,441768,3dmotive LLC,"Substance 3D Designer, Game Texturing, 3D Texturing, 3D & Animation, Design",Affinity Designer,Intermediate,1.5 hours,3.9,21,258,"Rp149,000",9/2016,1,0,1,https://www.udemy.com/course/3dmotive-introduction-to-substance-designer-for-games-and-film/
Buy the Right Camera Gear to Make Pro Quality Videos,119458,Larry Cheuk,"Digital Camera Functionality, Photography Tools, Photography & Video",Affinity Designer,Beginner,3 hours,4.6,13,1563,"Rp149,000",12/2015,0,0,18,https://www.udemy.com/course/make-professional-videos-with-the-right-gear/
HTML and CSS for Web Designers: From Basics to Beautiful,5591246,"Mehmood Khalil, Eman Aslam","Front End Web Development, Web Design, Web Development, Development",Affinity Designer,All Levels,8 hours,4.3,271,15423,"Rp149,000",5/2024,0,0,0,https://www.udemy.com/course/html-and-css-for-web-designers-from-basics-to-beautiful/
Medical Device Regulation (MDR): Intro for Device Designers,3959654,James Holmes,"Medical Device Development, Other Teaching & Academics, Teaching & Academics",Affinity Designer,Beginner,1 hour,4.5,973,2762,"Rp149,000",6/2023,0,0,1,https://www.udemy.com/course/the-medical-device-regulation-for-medical-device-designers/
Xilinx Vivado Essentials for the Logic Designer,3451842,Scott Dickson,"Vivado, Software Development Tools, Development",Affinity Designer,Intermediate,2.5 hours,4.3,144,1018,"Rp149,000",6/2021,0,0,1,https://www.udemy.com/course/xilinx-vivado-essentials-for-the-logic-designer/
Vray light & realistic render basics for interior designers,4744822,Aurelian Castravet,"Autodesk 3ds Max, Interior Design, V-Ray, Design",Affinity Designer,Beginner,2.5 hours,4.0,1,10,"Rp149,000",2/2024,0,0,0,https://www.udemy.com/course/light-in-interior-design/
Procedural Materials with Photoshop & Substance Designer,1578320,Olga Polukhina,"Substance 3D Designer, Adobe Photoshop, Game Development, Development",Affinity Designer,All Levels,4 hours,4.4,9,270,"Rp149,000",3/2018,0,0,5,https://www.udemy.com/course/procedural-materials-with-photoshop-substance-designer/
Become an Interior Decorator & Designer + Make Portfolios,3660014,Nida Tanveer,"Interior Design, Entrepreneurship, Business",Affinity Designer,All Levels,33 mins,2.5,7,34,"Rp149,000",1/2021,2,0,0,https://www.udemy.com/course/become-an-interior-decorator-designer-make-portfolios/
From Zero to Database Designer – Learn the Basics Fast,6715299,Step2C Education,"Database Design, Database Design & Development, Development",Affinity Designer,Beginner,3.5 hours,4.1,16,127,"Rp149,000",8/2025,2,0,13,https://www.udemy.com/course/database-design-step-by-step/
Autodesk AutoCAD Civil 3D: For Engineers and Designers,2684328,CADCIM Technologies,"AutoCAD Civil 3D, Design Tools, Design",Affinity Designer,Intermediate,8 hours,3.6,326,27312,"Rp149,000",12/2019,0,0,35,https://www.udemy.com/course/autocadcivil3d2019/
PCB Design: Make Arduino Nano using Altium Designer,1672736,"Educational Engineering Team, Ashraf Said AlMadhoun, Educational Engineering","Altium Designer, PCB Design, Arduino, Hardware, IT & Software",Affinity Designer,All Levels,4.5 hours,3.8,94,16793,"Rp149,000",2/2026,2,0,4,https://www.udemy.com/course/pcb-design-altium-designer-make-arduino-nano-using-altium-designer/
Tekla Structural Designer Professional Course,3434636,Civil Engineer's Destination,"Tekla Structures, Structural Engineering, Other Design, Design",Affinity Designer,All Levels,2 hours,3.8,107,371,"Rp149,000",8/2023,0,0,0,https://www.udemy.com/course/tekla-structural-designer-professional-course-2020/
SOLIDWORKS 3D DESIGN (CRACK YOUR FIRST JOB AS A DESIGNER),6697101,Muhammad Saqlain Baig,"3D Modeling, 3D & Animation, Design",Affinity Designer,Beginner,2 hours,4.1,11,1001,"Rp149,000",7/2025,0,0,0,https://www.udemy.com/course/solidworks-3d-design-crack-your-first-job-as-a-designer/
Form Genatation for Designers 2D 3D Master Class TM,5049614,"Dr. Noble Arya Full-Stack Data Scientist, AI/ML/DL Researcher","2D Animation, 3D & Animation, Design",Affinity Designer,All Levels,37 mins,5.0,4,576,"Rp149,000",1/2023,0,0,0,https://www.udemy.com/course/form-genatation-for-designers-2d-3d-master-class-tm/
Supply Chain Course for Designers Master Class TM,5038380,"Dr. Noble Arya Full-Stack Data Scientist, AI/ML/DL Researcher","Supply Chain, Operations, Business",Affinity Designer,All Levels,1 hour,4.9,4,695,"Rp149,000",12/2022,0,0,0,https://www.udemy.com/course/supply-chain-course-for-designers-master-class-tm/
From Digitisation to Intelligence,6018192,Mukta Deshpande,"Architectural Design, Design",Affinity Designer,Beginner,3 hours,4.5,2,7,"Rp149,000",1/2025,0,0,0,https://www.udemy.com/course/from-digitisation-to-intelligence/
Product Costing for Designers Master Class TM,5045972,"Dr. Noble Arya Full-Stack Data Scientist, AI/ML/DL Researcher","Product Costing, Accounting & Bookkeeping, Finance & Accounting",Affinity Designer,All Levels,1 hour,4.2,3,378,"Rp149,000",12/2022,0,0,0,https://www.udemy.com/course/product-costing-for-designers-master-class-tm/
Manufacturing Process and Tech for Designers Master Class MT,5036934,"Dr. Noble Arya Full-Stack Data Scientist, AI/ML/DL Researcher","Manufacturing, Engineering, Teaching & Academics",Affinity Designer,All Levels,1.5 hours,4.9,5,616,"Rp149,000",12/2022,0,0,0,https://www.udemy.com/course/manufacturing-process-and-tech-for-designers-master-class-mt/
Python Pyqt5 Database Programming with MySql in Qt Designer,4092376,Muthu Manavandi,"PyQt, MySQL, Python, Python GUI, Programming Languages",Affinity Designer,All Levels,2.5 hours,4.5,21,142,"Rp149,000",8/2021,10,0,0,https://www.udemy.com/course/python-pyqt-database-programming/
Substance Designer - Intro to FX Maps,1554716,Olga Polukhina,"Substance 3D Designer, Game Development, Development",Affinity Designer,All Levels,1.5 hours,4.0,30,338,"Rp149,000",2/2018,0,0,0,https://www.udemy.com/course/substance-designer-intro-to-fx-maps/
Become a Costume Designer & Make Different Types of Costume,3836880,Nida Tanveer,"Sewing, Fashion Design, Other Design, Design",Affinity Designer,Beginner,1 hour,2.0,3,16,"Rp149,000",2/2021,6,0,0,https://www.udemy.com/course/become-a-costume-designer-make-different-types-of-costume/
Wedding Speech Designer,1158580,Florian Mueck,"Wedding Planning, Other Lifestyle, Lifestyle",Affinity Designer,All Levels,1 hour,4.6,23,128,"Rp149,000",4/2017,0,0,1,https://www.udemy.com/course/weddingspeech/
Became Expert Plumbing and Fireprotection system Designer,5907772,Abdul Ghaffar KHAN,"Plumbing, Design Tools, Design",Affinity Designer,All Levels,6.5 hours,4.0,125,370,"Rp149,000",12/2025,2,0,0,https://www.udemy.com/course/advace-plumbing-engineering-course/
EU3 Steel Warehouse Design in Tekla Structural Designer,5399932,Leu Yimbac,"Civil Engineering, Other Design, Design",Affinity Designer,All Levels,6 hours,4.2,22,124,"Rp149,000",8/2023,0,0,0,https://www.udemy.com/course/eu3-steel-warehouse-design-in-tekla-structural-designer/
Interview Questions for Lighting Designers,4783546,Mohammed Yaseen Ali,"Lighting Design, Interviewing Skills, Other Design, Design",Affinity Designer,Beginner,N/A,4.2,4,33,"Rp149,000",6/2023,0,0,0,https://www.udemy.com/course/lighting_interview/
9A0-042 Pro with Adobe Live Cycle Designer ACE Practice Exam,6703673,TechnoTech Vibes,"IT Certifications, IT & Software",Affinity Designer,All Levels,N/A,N/A,N/A,N/A,"Rp149,000",8/2025,0,0,0,https://www.udemy.com/course/9a0-042-pro-with-adobe-live-cycle-designer-ace-practice-exam/
Master Backbone JS: A Course For Web Developers & Designers,480416,SkillBakery Studio,"Backbone.js, JavaScript, HTML, Web Development, Development",Affinity Designer,All Levels,3 hours,3.7,21,221,"Rp149,000",8/2015,0,0,2,https://www.udemy.com/course/master-backbonejs/
Tekla Structural Designer :- Advance Steel Course,3713068,Civil Engineer's Destination,"Tekla Structures, Structural Engineering, Structural Design, Other Design, Design",Affinity Designer,All Levels,2 hours,4.0,34,184,"Rp149,000",12/2020,0,0,0,https://www.udemy.com/course/tekla-structural-designer-advance-steel-course/
Advanced jQuery Tips & Tricks for Developers & Designers,381988,SkillBakery Studio,"jQuery, HTML, Web Development, Development",Affinity Designer,All Levels,3 hours,3.7,24,322,"Rp149,000",7/2017,0,0,6,https://www.udemy.com/course/advanced-jquery-tips-tricks-for-developers-designers/
AISC360-16 Steel warehouse in Tekla Structural Designer,5427242,Leu Yimbac,"Tekla Structures, Other Design, Design",Affinity Designer,All Levels,4.5 hours,4.1,14,64,"Rp149,000",8/2023,0,0,0,https://www.udemy.com/course/aisc360-16-steel-warehouse-in-tekla-structural-designer/
Became Expert Solar Thermal Energy System Designer (Revit),4815096,Abdul Ghaffar KHAN,"Solar Energy, Architectural Design, Design",Affinity Designer,Intermediate,1.5 hours,3.9,11,704,"Rp149,000",8/2025,2,0,0,https://www.udemy.com/course/solar-thermal-energy-systems/
Biotechnology Law: GMOs to Designer Babies,1573728,Victoria Sutton,"Biotechnology, Law, Business Law, Business",Affinity Designer,Intermediate,3 hours,4.4,175,552,"Rp149,000",3/2018,0,0,3,https://www.udemy.com/course/biotechnology-law-gmos-to-designer-babies/
Learn Figma 2025: From Basics to Your First Design Project,6258063,Danish Khan,"Figma, User Interface Design, User Experience Design, Design",Affinity Designer,All Levels,1.5 hours,4.4,912,13395,Free,1/2025,0,0,0,https://www.udemy.com/course/master-figma-in-2024-from-basics-to-pro-level-real-project-ui-ux/
Learning Figma in 1 hour,2610252,Matthijs Mali,"Mobile App Design, Design Tools, Design",Affinity Designer,Beginner,1 hour,4.6,1223,22026,N/A,10/2019,0,0,0,https://www.udemy.com/course/learning-figma-in-1-hour/
Starting with Altium Designer,1919090,Robert Feranec,"Altium Designer, Hardware, IT & Software",Affinity Designer,All Levels,3.5 hours,4.5,3027,29986,Free,11/2019,0,0,2,https://www.udemy.com/course/starting-with-altium-designer/
Auto Layout in Figma - Responsive Text and Card,6020660,Tadas Zemgulys,"Figma, Design Tools, Design",Affinity Designer,Beginner,1.5 hours,4.5,67,1366,Free,4/2025,0,0,2,https://www.udemy.com/course/auto-layout-in-figma-responsive-text-and-card/
Design Cheatsheet for Your Projects,5991702,Meenakshi Walia,"Graphic Design, Web Design, User Experience (UX) Design, Graphic Design & Illustration, Design",Affinity Designer,All Levels,1.5 hours,4.4,37,1286,Free,5/2024,0,0,0,https://www.udemy.com/course/101-design-terms/
Instructional Design for Online and Blended Courses,2159026,"Andrew Sears, Michael Truong","Instructional Design, Online Education, Teaching & Academics",Affinity Designer,All Levels,2 hours,4.3,380,9797,Free,9/2021,17,0,0,https://www.udemy.com/course/instructional-design-for-online-and-blended-courses/
Adobe Captivate - Responsive Custom Quiz Questions,1263186,PAUL WILSON,"Adobe Captivate, Software Development Tools, Development",Affinity Designer,Intermediate,1.5 hours,4.6,431,1923,Free,6/2022,0,0,3,https://www.udemy.com/course/adobe-captivate-2017-responsive-custom-quiz-questions/
Puffer Vest in Style3D Atelier - Beginners and Intermediate,6548641,Yvette Kathleen Brown,"Fashion Design, Design",Affinity Designer,Beginner,35 mins,3.0,1,233,Free,4/2025,0,0,0,https://www.udemy.com/course/puffer-vest-in-style3d-atelier/
Essential Terms for UI Designers,6932025,Arshia Shayestehtabar,"Other Design, Design",Affinity Designer,Beginner,33 mins,4.3,3,171,Free,11/2025,0,0,0,https://www.udemy.com/course/essential-terms-for-ui-designers/
3D/Digital Fashion with CLO 3D - How to get started?,5058092,Vivek Pujari,"3D Fashion Design, Fashion Design, Design",Affinity Designer,All Levels,1.5 hours,4.4,112,3123,Free,8/2023,1,0,0,https://www.udemy.com/course/how-to-get-started-with-3d-fashion/
Photoshop for Web Design Beginners,15639,Carl Heaton,"Adobe Photoshop, User Experience (UX) Design, Design Tools, Design",Affinity Designer,All Levels,2 hours,4.6,6751,224423,Free,7/2015,0,0,1,https://www.udemy.com/course/photoshop-for-web-design-beginners/
The Essential ArtRage Guide | An Artist's Tutorial,1946164,Matthew Dewey,"Digital Painting, Graphic Design, Design Tools, Design",Affinity Designer,All Levels,1 hour,4.6,237,8235,Free,10/2018,0,0,0,https://www.udemy.com/course/the-essential-artrage-guide-an-artists-tutorial-q/
Complete Guide To ALL CLO 3D Tools,5416536,Vivek Pujari,"Fashion Design, Design",Affinity Designer,Beginner,1.5 hours,4.5,84,1812,Free,7/2023,0,0,2,https://www.udemy.com/course/complete-guide-to-all-clo-3d-tools/
Creating a Tab Interaction in Articulate Storyline 360,269564,Jeff Batt,"Articulate Storyline, Other IT & Software, IT & Software",Affinity Designer,All Levels,1.5 hours,4.6,437,9387,Free,2/2019,0,0,1,https://www.udemy.com/course/creating-a-tab-interaction-in-articulate-storyline/
Learn Inkscape : Design Logos and Game Arts,1134692,Swapnil Rane,"Inkscape, Logo Design, Game Design, Game Art, Graphic Design & Illustration",Affinity Designer,Beginner,1 hour,4.3,989,24389,Free,5/2017,1,0,7,https://www.udemy.com/course/design-logos-and-game-arts-inkscape/
PCB Design Tips And Tricks Using Altium Designer -EsteemPCB,4570652,Aviral Mishra,"PCB Design, Hardware, IT & Software",Affinity Designer,All Levels,2 hours,4.4,208,6278,Free,2/2022,0,0,0,https://www.udemy.com/course/pcb-design-tips-and-tricks/
The Fundamentals of Hand Drafting for Garden Designers,5878968,Rob Littlepage,"Architectural Design, Design",Affinity Designer,Beginner,1.5 hours,4.7,35,502,Free,4/2024,0,0,8,https://www.udemy.com/course/the-fundamentals-of-hand-drafting-for-garden-designers/
AutoCAD 2020 : Basic Drafting Techniques for Designers,2642404,CADCIM Technologies,"AutoCAD, Design Tools, Design",Affinity Designer,Beginner,2 hours,4.1,1139,29094,Free,12/2019,0,0,1,https://www.udemy.com/course/autocad-2020-basic-drafting-techniques-for-designers/
marvelous designer 6.5 basic,1268540,Shawn shakibul islam,"Marvelous Designer, 3D Modeling, 3D & Animation, Design",Affinity Designer,Beginner,1.5 hours,4.0,104,7254,Free,10/2017,0,0,1,https://www.udemy.com/course/marvelousdesigner-65-basic/
How to make a professional Tshirt design masterclass,3354560,Parshwika bhandari,"T-Shirt Design, Graphic Design & Illustration, Design",Affinity Designer,All Levels,N/A,3.4,173,8964,N/A,7/2020,0,0,0,https://www.udemy.com/course/how-to-make-a-professional-tshirt-design-masterclass/
Become an Awesome Instructional Designer,633444,Belvista Studios,"Instructional Design, Teacher Training, Teaching & Academics",Affinity Designer,All Levels,31 mins,4.1,994,15754,Free,11/2015,2,0,1,https://www.udemy.com/course/become-an-awesome-instructional-designer/
Midjourney for Designers: Elevate Your Skills with AI,6189413,Jose Joseph,"Graphic Design, Design Tools, Design",Affinity Designer,All Levels,1 hour,4.1,26,1329,Free,9/2024,0,0,1,https://www.udemy.com/course/midjourney-for-designers-elevate-your-skills-with-ai/
Advance Photoshop CC Mini course with smart tricks & tips,5151612,Khushal Sharma,"Adobe Photoshop, Graphic Design & Illustration, Design",Affinity Designer,All Levels,1 hour,4.3,36,1979,Free,2/2023,0,0,5,https://www.udemy.com/course/advance-photoshop-cc-mini-course/
How to Get Designs Made For Your Clothing Brand,2963030,Yaswanth Nukasani,"T-Shirt Design, T-Shirt Business, Fashion Design, Entrepreneurship, Business",Affinity Designer,All Levels,30 mins,4.1,116,4326,Free,4/2020,0,0,0,https://www.udemy.com/course/clothingbranddesign/
Are you an industrial designer? Sell your products online,3741432,Constantijn Simon,"Product Design, Entrepreneurship, Business",Affinity Designer,Beginner,39 mins,3.4,3,380,Free,1/2021,10,0,1,https://www.udemy.com/course/are-you-an-industrial-designer-sell-your-products-online/
"Earn online on upwork. A training from 100,000+ UI designer",1303808,Sheikh Naveed,"Upwork, Entrepreneurship, Business",Affinity Designer,Intermediate,1.5 hours,4.1,417,21152,Free,9/2025,0,0,0,https://www.udemy.com/course/how-to-become-millionaire-on-upwork/
Modeling in 3Ds Max and Marvelous Designer from Basics,5202978,Ali Haider,"3D Modeling, Interior Design, Design",Affinity Designer,Beginner,2 hours,4.2,37,1609,Free,3/2023,0,0,2,https://www.udemy.com/course/modeling-in-3ds-max-and-marvelous-designer-from-basics/
Rapid Usability Research For UX Designers,1771032,Loop11 Loop11,"User Experience (UX) Design, Prototyping, Usability Testing, User Experience Design, Design",Affinity Designer,Beginner,37 mins,4.1,648,17041,Free,6/2018,0,0,0,https://www.udemy.com/course/rapid-usability-research-for-ux-designers/
Modeling in 3Ds Max and Marvelous Designer | Arm Chair,5338064,Ali Haider,"Interior Design, 3D Modeling, Design",Affinity Designer,Intermediate,2 hours,4.5,18,1598,Free,5/2023,0,0,10,https://www.udemy.com/course/modeling-in-3ds-max-and-marvelous-designer-arm-chair/
Basic Revit Family creation for Interior Designers,5624690,Raquel Wobeto,"Revit, Interior Design, Design",Affinity Designer,Beginner,36 mins,4.4,44,1216,Free,1/2025,0,0,0,https://www.udemy.com/course/basic-revit-family-interior-design/
Smart eLearning Content Development Course for All,2939220,MKCL India,"Content Creation, Education, Online Education, Teaching & Academics",Affinity Designer,All Levels,1.5 hours,4.4,1238,11667,Free,4/2020,0,0,0,https://www.udemy.com/course/create-video-elearning-content-quiz-easy-quick-teachers-course/
Mastering UX Research: A Practical Guide for UX Designers,6308965,Sebnem Kurt,"Research Methods, User Research, Social Science, Teaching & Academics",Affinity Designer,Beginner,42 mins,4.3,35,916,Free,12/2024,0,0,0,https://www.udemy.com/course/mastering-ux-research-a-practical-guide-for-ux-designers/
How to Dropship Luxury Designer Handbags & Make Big Profits,1001164,Ron Wu,"Dropshipping, E-Commerce, Business",Affinity Designer,All Levels,1 hour,3.6,259,9475,Free,12/2016,0,0,0,https://www.udemy.com/course/how-to-dropship-luxury-designer-handbags-make-big-profits/
The Future Designer - AI for Interior Designers,6765065,Joy Agwu,"Interior Design, Design",Affinity Designer,Beginner,2 hours,4.0,3,8,"Rp149,000",8/2025,0,0,0,https://www.udemy.com/course/the-future-designer/
The Absolute Basics of Instructional Design,5448032,Srividya Kumar,"Instructional Design, Online Education, Teaching & Academics",Affinity Designer,All Levels,6 hours,4.5,135,454,"Rp149,000",10/2025,4,0,15,https://www.udemy.com/course/the-absolute-basics-of-instructional-design/
LUMION & Complete training from beginner to expert!,4294708,"Manuel Pallarés, architect and graphic designer","Lumion, 3D Rendering, Photorealistic Rendering, 3D & Animation, Design",Affinity Designer,All Levels,4.5 hours,4.5,204,5016,"Rp149,000",12/2024,0,0,14,https://www.udemy.com/course/lumion-11-render-as-a-true-professional/
Advanced Marvelous Design Course for Character Artists,6726649,Nexttut Education Pvt.Ltd.,"Marvelous Designer, 3D & Animation, Design",Affinity Designer,All Levels,11 hours,4.1,3,92,"Rp149,000",7/2025,0,0,0,https://www.udemy.com/course/advanced-marvelous-design-course-for-character-artists/
Ultimate Environmental Texture Creation Course,4056446,FastTrack Tutorials,"Game Texturing, 3D Texturing, Photogrammetry, 3D Sculpting, Game Design",Affinity Designer,All Levels,14 hours,4.8,45,400,"Rp149,000",4/2024,0,0,0,https://www.udemy.com/course/ultimate-environmental-texture-creation-course/
Complete Guide to Clothing Mastering for Second Life,5877042,Azam Erdoğan,"3D Fashion Design, 3D Modeling, Marvelous Designer, Blender, 3D & Animation",Affinity Designer,All Levels,11.5 hours,4.9,118,473,"Rp649,000",5/2025,1,0,16,https://www.udemy.com/course/complete-guide-to-mastering-secondlife-clothing-design/
Material Maker the complete course material creation,6383821,Nicolas Forgue,"3D Rendering, 3D Texturing, 3D Modeling, 3D & Animation, Design",Affinity Designer,All Levels,10 hours,3.4,4,25,"Rp149,000",2/2025,0,0,0,https://www.udemy.com/course/material-maker-the-complete-course-material-creation/
Learning Substance Painter From Beginner to Advance,4048478,Sean Fowler,"3D Texturing, Autodesk Maya, Game Texturing, Substance Painter, 3D & Animation",Affinity Designer,All Levels,9 hours,4.5,343,2664,"Rp149,000",7/2022,0,0,5,https://www.udemy.com/course/learning-substance-painter-2021-from-beginner-to-advance/
Complete Guide to Substance Painter!,4812798,Aniket Rawat,"Substance Painter, 3D Texturing, Game Texturing, 3D & Animation, Design",Affinity Designer,All Levels,10 hours,4.7,697,3801,"Rp149,000",2/2026,0,0,1,https://www.udemy.com/course/new-complete-guide-to-substance-painter-2022/
Substance Painter and Blender Mastery Bundle —4 Courses in 1,6711581,Aniket Rawat,"Blender, Substance Painter, 3D Texturing, 3D Modeling, 3D & Animation",Affinity Designer,All Levels,40.5 hours,4.7,16,190,"Rp149,000",7/2025,0,0,1,https://www.udemy.com/course/substance-painter-and-blender-mastery-bundle-4-in-1/
Texture Lab the complete course material creation,6399403,Nicolas Forgue,"3D Rendering, 3D Texturing, 3D Modeling, 3D & Animation, Design",Affinity Designer,All Levels,8 hours,5.0,1,2,"Rp447,000.00",1/2025,0,0,0,https://www.udemy.com/course/texture-lab-the-complete-course-material-creation/
Master Character Modelling in Zbrush,3226635,Nexttut Education Pvt.Ltd.,"Character Modeling, 3D & Animation, Design",Affinity Designer,Intermediate,79 hours,4.5,192,2048,"Rp149,000",6/2023,1,0,0,https://www.udemy.com/course/master-character-modeling-with-victor-yamakado/
After Effects CC: The Ultimate Motion Graphics Masterclass,973762,"Louay Zambarakji, KaiVersity.com - Lucas Roomé","Motion Graphics, Animation, VFX Visual Effects, Adobe After Effects, Video Design",Affinity Designer,All Levels,23.5 hours,4.8,4882,102368,"Rp149,000",11/2025,21,0,21,https://www.udemy.com/course/adobe-after-effects-essential-motion-graphics-training/
PCB Design in Cadence OrCAD/Allegro: Basics to Expert level,4035030,Pradeep Raj,"Cadence OrCAD/Allegro, PCB Design, Design Tools, Design",Affinity Designer,All Levels,37 hours,4.4,1294,6751,"Rp149,000",3/2026,1,0,156,https://www.udemy.com/course/pcb-design-using-orcadallegro-for-basics-to-expert-level/
Microstation - Learn 2D and 3D CAD design - AulaGEO,4087680,AulaGEO Academy,"CAD Software, Architectural Design, Design",Affinity Designer,All Levels,9 hours,4.4,343,3730,"Rp149,000",3/2024,0,0,70,https://www.udemy.com/course/microstation-learn-cad-design-from-cero-with/
PyQt5 From A-Z,3414772,Michael Miller,"PyQt, Other IT & Software, IT & Software",Affinity Designer,Intermediate,21.5 hours,4.4,391,2573,"Rp149,000",10/2020,0,0,1,https://www.udemy.com/course/pyqt5-from-a-z/
Substance Painter Texturing for Beginners,4544536,Nexttut Education Pvt.Ltd.,"Substance Painter, 3D & Animation, Design",Affinity Designer,Beginner,17.5 hours,4.0,148,1463,"Rp149,000",9/2022,0,0,1,https://www.udemy.com/course/substance-painter-texturing-for-beginners/
Learn the ART of Substance Painter,1524500,Kevin Oxland,"Substance Painter, 3D & Animation, Design",Affinity Designer,Beginner,21 hours,4.6,765,6450,"Rp149,000",1/2023,2,0,23,https://www.udemy.com/course/learn-the-art-of-substance-painter/
UI/UX Design With Figma : 5+ Real World Projects,4296386,Chetan Pujari,"User Interface Design, Web Design, Figma, Mobile App Design, Other IT & Software",Affinity Designer,All Levels,14.5 hours,4.3,2926,110174,"Rp159,000",7/2025,0,0,3,https://www.udemy.com/course/uiux-design-with-figma-5-real-world-projects2022/
Cloth Modeling Master Course Tutorial,6716967,3DRedBox Studio,"Marvelous Designer, Fashion Design, Design",Affinity Designer,All Levels,9 hours,3.9,6,58,"Rp149,000",8/2025,0,0,0,https://www.udemy.com/course/cloth-modeling-master-course-tutorial/
Japanese 3D Environment - In-Depth Tutorial Course,5974886,FastTrack Tutorials,"Unreal Engine, 3D Environment Modeling, Photorealistic Rendering, Game Texturing, 3D & Animation",Affinity Designer,Intermediate,43.5 hours,4.1,7,116,"Rp149,000",5/2024,0,0,0,https://www.udemy.com/course/japanese-3d-environment-in-depth-tutorial-course/
Learn to Design Your Own Boards,1038866,Robert Feranec,"Arduino, PCB Design, Altium Designer, Hardware, IT & Software",Affinity Designer,All Levels,14.5 hours,4.7,3037,13903,"Rp159,000",4/2020,0,0,36,https://www.udemy.com/course/learn-to-design-your-own-boards/
High-Speed design with KiCad,6846115,Dr. Peter Dalmaris,"PCB Design, Software Development Tools, Development",Affinity Designer,Intermediate,23.5 hours,4.4,66,1201,"Rp149,000",1/2026,1,0,0,https://www.udemy.com/course/high-speed-pcb-design-with-kicad/
Certification Course in Learning and Development (L&D),6183567,Aakaro Consulting,"Other Teaching & Academics, Teaching & Academics",Affinity Designer,All Levels,1.5 hours,4.8,35,1158,"Rp149,000",10/2025,2,0,0,https://www.udemy.com/course/corporate-learning-and-development-akaaro/
Figma Expert - From Beginner to Pro,6928673,Arshdeep Singh,"Figma, Design Tools, Design",Affinity Designer,Beginner,4 hours,4.6,8,27,"Rp149,000",11/2025,0,0,0,https://www.udemy.com/course/figma-expert-from-beginner-to-pro/
Ultimate Creature Design and Concept Art,1109756,Austin Batchelor,"Creature Design, Digital Painting, Graphic Design, Game Design, Design",Affinity Designer,All Levels,9.5 hours,4.6,640,17444,"Rp149,000",11/2019,0,0,36,https://www.udemy.com/course/ultimate-creature-design-course/
Business Interactions and BOQ for Interior Designers,4047980,Indian Design League,"Professional Ethics, Interior Design, Design",Affinity Designer,All Levels,9 hours,3.2,5,43,"Rp149,000",7/2025,0,0,40,https://www.udemy.com/course/business-interactions-and-boq/
Python GUI Development with PySide6 - Qt for Python in 2025,4817404,Parwiz Forogh,"PySide, Programming Languages, Development",Affinity Designer,Beginner,15.5 hours,4.4,98,791,"Rp149,000",9/2025,0,0,72,https://www.udemy.com/course/python-gui-development-with-pyside6-qt-for-python/
Qt For Python (PySide6) GUI For Beginners : The Fundamentals,4932186,Daniel Gakwaya,"PySide, Programming Languages, Development",Affinity Designer,Beginner,12 hours,4.6,381,2911,"Rp159,000",9/2025,3,0,0,https://www.udemy.com/course/qt-for-python-pyside6-gui-for-beginners/
Cavalry the complete course create animations,6585817,Nicolas Forgue,"Animation, 2D Animation, Character Animation, 3D & Animation, Design",Affinity Designer,All Levels,11 hours,2.0,3,21,"Rp149,000",6/2025,0,0,12,https://www.udemy.com/course/cavalry-the-complete-course-create-animations/
Substance Painter automation with Python,5825428,Viacheslav Makhynko,"Python Scripting, Software Development Tools, Development",Affinity Designer,All Levels,7 hours,4.8,34,303,"Rp149,000",1/2026,2,0,7,https://www.udemy.com/course/substance-painter-automation-with-python/
Design Sketching S01: Create Amazing Designs with Procreate,3315666,Krishnanunni K U,"Procreate Digital Illustration App, Product Design, Sketching, Design Tools, Design",Affinity Designer,Beginner,3 hours,4.4,155,13037,"Rp149,000",5/2023,0,0,7,https://www.udemy.com/course/design-sketching-s01-create-amazing-designs-with-procreate/
Figma 101 - Learning the basics quickly,3499956,Gary Shikhelman,"Figma, Product Design, Wireframing, User Interface Design, User Experience Design",Affinity Designer,Beginner,1 hour,4.6,61,174,"Rp149,000",9/2020,0,0,0,https://www.udemy.com/course/figma101/
Dataiku Data Science Studio(DSS) Designer-Beginners Bootcamp,5473368,Chandan H R,"Data Science, Data Analysis, Data Engineering, Development",Affinity Designer,Beginner,5 hours,4.1,126,545,"Rp149,000",8/2023,0,0,5,https://www.udemy.com/course/dataiku-data-science-studiodss-designer-beginners-bootcamp/
Substance 3D Painter Advance Course,4823452,Nexttut Education Pvt.Ltd.,"Substance Painter, Game Design, Design",Affinity Designer,Intermediate,20.5 hours,3.8,21,471,"Rp149,000",8/2022,1,0,1,https://www.udemy.com/course/substance-painter-advance-course/
Victorian Era 3D Game Environment,2295363,Victory3D LLC,"Game Design, Design",Affinity Designer,Intermediate,43.5 hours,4.4,97,829,"Rp149,000",7/2019,0,0,9,https://www.udemy.com/course/victorian-game-environment/
PCB Design with EasyEDA – Free Online Tool,1610376,Amit Rana,"PCB Design, Hardware, IT & Software",Affinity Designer,Beginner,3.5 hours,4.4,359,2872,"Rp149,000",2/2026,1,0,1,https://www.udemy.com/course/pcb-design/
Complete Electronics Hardware Design Course 2025 -EsteemPCB,3836432,Aviral Mishra,"Electronics, Other Design, Design",Affinity Designer,All Levels,21.5 hours,4.1,1411,9859,"Rp159,000",1/2025,0,0,12,https://www.udemy.com/course/mixed_signal_course_esteempcb/
Salesforce Certified Strategy Designer Test QA,6201011,IT Education Hub,"IT Certifications, IT & Software",Affinity Designer,All Levels,N/A,4.0,3,63,"Rp149,000",1/2026,0,0,0,https://www.udemy.com/course/salesforce-certified-strategy-designer-test-qa/
Pattern Drafting with CLO3D - Skirt and Simple Culotte Pants,6772537,The Fashion Innovators Academy,"Fashion Design, Design",Affinity Designer,Beginner,3 hours,5.0,1,15,"Rp149,000",8/2025,0,0,3,https://www.udemy.com/course/pattern-drafting-with-clo3d-skirt-and-simple-culotte-pants/
Tekla Structures Steel Project Based Training Course-1,5205104,Rajesh K,"Tekla Structures, Other Design, Design",Affinity Designer,All Levels,8 hours,4.7,101,476,"Rp149,000",3/2023,0,0,1,https://www.udemy.com/course/tekla-structures-steel-project-based-training-course-1/
Alteryx Designer Core Certification Exam Practice Test,4769208,Boldbaatar Batdorj,"Alteryx, IT Certifications, IT & Software",Affinity Designer,All Levels,N/A,4.4,17,1599,"Rp149,000",2/2023,0,0,0,https://www.udemy.com/course/alteryx-designer-core-certification-exam-practice-test/
Make Awesome Motion Graphics in After Effects & Illustrator,3870802,Shahriar Hosseini,"Adobe After Effects, 3D Animation, Adobe Illustrator, Motion Graphics, 3D & Animation",Affinity Designer,All Levels,2.5 hours,4.7,77,10285,"Rp149,000",6/2021,2,0,4,https://www.udemy.com/course/motion-graphics-after-effects-illustrator-animation/
Absolute Beginners Substance Painter course,3640998,NIkolay Naydenov,"3D Texturing, Game Texturing, 3D & Animation, Design",Affinity Designer,Beginner,7 hours,4.6,103,1188,"Rp149,000",12/2020,0,0,1,https://www.udemy.com/course/absolute-beginners-substance-painter-course/
Pattern Drafting with CLO3D-Simple Unisex Bodice and Sleeve,6760245,The Fashion Innovators Academy,"Pattern Making (fashion), Fashion Design, Design",Affinity Designer,Beginner,3 hours,4.6,N/A,15,"Rp149,000",8/2025,0,0,7,https://www.udemy.com/course/pattern-drafting-with-clo3d-simple-unisex-bodice-and-sleeve/
"Gamification for Learning, Performance & Change",2449794,"Jesse Harris, SPHR, Laura Pickel","Gamification, Teacher Training, Teaching & Academics",Affinity Designer,Beginner,1.5 hours,4.5,1673,4937,"Rp149,000",6/2020,12,0,0,https://www.udemy.com/course/gamificationcourse/
Learning Polotno Studio from Scratch,6353303,Pratik Pradhan,"Other IT & Software, IT & Software",Affinity Designer,Beginner,1 hour,5.0,1,721,"Rp149,000",1/2025,0,0,0,https://www.udemy.com/course/learning-polotno-studio-from-scratch/
Instructional Design for eLearning: The Process,4404527,Meghaa Shah,"Instructional Design, Other Teaching & Academics, Teaching & Academics",Affinity Designer,Beginner,39 mins,4.2,14,34,"Rp149,000",11/2021,0,0,4,https://www.udemy.com/course/instructional-design-for-elearning-the-process/
ADDIE: A Guide for Training and Development Professionals,496514,Sorin Dumitrascu,"Corporate Learning and Development (L&D), Instructional Design, Train the Trainer, Teacher Training, Teaching & Academics",Affinity Designer,Intermediate,2.5 hours,4.2,1554,6854,"Rp149,000",11/2025,1,0,38,https://www.udemy.com/course/master-addie-model-become-better-trainer/
Texturing a Complete Scene in Substance 3D Painter,4644740,Nexttut Education Pvt.Ltd.,"Substance Painter, 3D & Animation, Design",Affinity Designer,Intermediate,14 hours,4.4,32,473,"Rp149,000",12/2025,1,0,0,https://www.udemy.com/course/texturing-a-complete-scene-in-substance-3d-painter/
Signal Integrity Basics to Advanced & Simulations -EsteemPCB,4572642,Aviral Mishra,"PCB Design, Radio Frequency (RF), Other Design, Design",Affinity Designer,All Levels,3.5 hours,4.3,217,2435,"Rp149,000",5/2025,0,0,19,https://www.udemy.com/course/signal-integrity-basics-to-advanced-simulations-esteempcb/
The Ultimate Prop Art Bundle - 4 courses in 1,5077310,Aniket Rawat,"Blender, 3D Modeling, 3D Texturing, Substance Painter, 3D & Animation",Affinity Designer,All Levels,10 hours,4.4,91,788,"Rp159,000",5/2024,0,0,1,https://www.udemy.com/course/the-ultimate-prop-art-bundle-4-courses-in-1/
JavaScript Fundamentals for Articulate Storyline 360,7006657,Jeff Batt,"Articulate Storyline, JavaScript, Other Business, Business",Affinity Designer,Intermediate,16 hours,4.4,3,44,"Rp149,000",1/2026,0,0,3,https://www.udemy.com/course/javascript-fundamentals-for-articulate-storyline-360/
From K12 Teaching to Instructional Design,913746,Jay Chun Ed.D,"Instructional Design, Design Thinking, Other Design, Design",Affinity Designer,Beginner,1.5 hours,4.4,93,2643,"Rp149,000",5/2023,0,0,2,https://www.udemy.com/course/from-k12-teaching-to-instructional-design/
Master Class in Curriculum development with Project,6427793,Human and Emotion: CHRMI,"Other Teaching & Academics, Teaching & Academics",Affinity Designer,Expert,5.5 hours,3.7,38,1057,"Rp149,000",2/2025,0,0,0,https://www.udemy.com/course/master-class-in-curriculum-development-with-project/
Effective Handoffs: Designer to developers,3493248,Comida For Familias,"Figma, Android Studio, Other Design, Design",Affinity Designer,Beginner,2 hours,4.3,N/A,3,"Rp149,000",9/2020,2,0,0,https://www.udemy.com/course/effective-handoffs-designer-to-developers/
Tekla Structures Steel Project Based Training Course-2,5255200,Rajesh K,"Tekla Structures, Engineering, Teaching & Academics",Affinity Designer,All Levels,10.5 hours,4.6,69,431,"Rp149,000",1/2026,0,0,2,https://www.udemy.com/course/tekla-structures-steel-project-based-training-course-2/
Indie Game System Design: From Idea to Playable,6007140,Pascal Luban,"Game Design, Design",Affinity Designer,Beginner,3.5 hours,4.8,99,549,"Rp149,000",2/2026,0,0,1,https://www.udemy.com/course/practical-game-design-a-masterclass-with-pascal-luban-pt1/
Mastering Variables in Articulate Storyline 360,2364714,"E-Learning Uncovered, Diane Elkins","Articulate Storyline, Online Education, Teaching & Academics",Affinity Designer,Expert,3.5 hours,4.8,682,2758,"Rp149,000",8/2020,0,0,2,https://www.udemy.com/course/storyline-variables/
Learn to draw fashion with Adobe Illustrator CC - Beginners,472114,Jo Hughes,"Adobe Illustrator, Fashion, Drawing, Fashion Design, Design",Affinity Designer,Beginner,5.5 hours,4.2,1867,8135,"Rp149,000",2/2021,0,0,20,https://www.udemy.com/course/learn-to-draw-fashion-with-adobe-illustrator-cc-beginners/
Understanding Engineering Drawings,4656312,"Ray Harkins, The Manufacturing Academy, Garry Pace","Technical Drawing, Manufacturing, Design Thinking, Engineering Instruction, Engineering",Affinity Designer,Beginner,3 hours,4.5,1990,6742,"Rp149,000",2/2026,0,0,7,https://www.udemy.com/course/understanding-engineering-drawings/
Style3d Atelier Hands-on Tool Practice,6452947,Yvette Kathleen Brown,"3D Fashion Design, Fashion Design, Design",Affinity Designer,Beginner,3.5 hours,5.0,1,6,"Rp149,000",3/2025,0,0,1,https://www.udemy.com/course/style3d-atelier-hands-on-tool-practice/
Substance Painter to Unreal Engine 5 Masterclass,4712136,3D Tudor,"Unreal Engine, Game Design, Game Texturing, Substance Painter, 3D & Animation",Affinity Designer,All Levels,15 hours,4.5,57,854,"Rp149,000",4/2025,0,0,2,https://www.udemy.com/course/substance-painter-to-unreal-engine-5-masterclass/
Create Responsive HTML5 eLearning with Articulate 360 Rise,1054260,Jeff Batt,"Articulate Rise 360, Responsive Design, Online Education, Teaching & Academics",Affinity Designer,Beginner,4.5 hours,4.7,1499,4979,"Rp149,000",8/2023,1,0,1,https://www.udemy.com/course/create-responsive-html5-elearning-with-articulate-360-rise/
Basics of a clothing CAD,6068229,Cosimo Martucci,"CAD Software, Fashion, Fashion Design, Design",Affinity Designer,Beginner,35 mins,4.5,N/A,3,"Rp149,000",7/2024,0,0,0,https://www.udemy.com/course/basics-of-a-clothing-cad/
High-Speed Board Design Course System On Module -EsteemPCB,3973928,Aviral Mishra,"Electronics, Other Design, Design",Affinity Designer,All Levels,24 hours,4.2,962,7514,"Rp149,000",6/2021,0,0,23,https://www.udemy.com/course/highspeed_board_design_course/
Mastering Marvelous Designer - Complete Course,1037770,CG Aura,"Marvelous Designer, Game Design, Fashion, 3D & Animation, Design",Affinity Designer,All Levels,5 hours,4.2,248,1642,"Rp149,000",12/2023,0,0,23,https://www.udemy.com/course/mastering-marvelous-designer/
Designing an Effective Learning and Development Strategy,5741846,Zubin Rashid (Learning and Development Academy),"Corporate Learning and Development (L&D), Human Resources, Business",Affinity Designer,Intermediate,2 hours,4.5,103,474,"Rp149,000",5/2025,7,0,24,https://www.udemy.com/course/learning-and-development-strategy/
Advanced Hardware and PCB Design Masterclass 2022 -EsteemPCB,4010232,Aviral Mishra,"Electronics, Hardware, IT & Software",Affinity Designer,All Levels,23 hours,4.2,423,5493,"Rp149,000",3/2022,1,0,15,https://www.udemy.com/course/advanced-hardware-design-course/
Alteryx Masterclass - crash course in alteryx for beginners,1712920,Dan We,"Alteryx, Business Analytics & Intelligence, Business",Affinity Designer,Beginner,2.5 hours,4.6,1689,5236,"Rp149,000",3/2024,3,0,2,https://www.udemy.com/course/alteryx-masterclass-a-crashcourse-for-beginners/
Instructional Design : Classroom Training Essentials,630358,Ken Brown,"Facilitation, Teacher Training, Teaching & Academics",Affinity Designer,All Levels,3 hours,4.5,186,690,"Rp149,000",10/2018,0,0,0,https://www.udemy.com/course/facilitation-basics/
Product Design and Development,1644802,Amardeep Singh,"Product Design, Product Development, Other Design, Design",Affinity Designer,All Levels,1 hour,3.9,65,321,"Rp149,000",9/2018,0,0,0,https://www.udemy.com/course/product-design/
Instructional Design for eLearning: Storyboarding Level 1,4429140,Meghaa Shah,"Teaching Online, Other Teaching & Academics, Teaching & Academics",Affinity Designer,Beginner,1 hour,4.0,41,130,"Rp149,000",12/2021,0,0,0,https://www.udemy.com/course/instructional-design-for-elearning-storyboarding-level-1/
"Build Real Software with Python, PyQt5 and QT Designer",3025898,KHDOUDI Abdelmoula,"PyQt, GUI Programming, Python GUI, Programming Languages, Development",Affinity Designer,All Levels,2 hours,4.0,313,12309,"Rp159,000",6/2020,6,0,2,https://www.udemy.com/course/python-pyqt5/
Mastering Interactive Design with iSpring Suite & PowerPoint,5876382,Ogbonna Mba,"PowerPoint, Online Education, Teaching & Academics",Affinity Designer,All Levels,5 hours,4.7,9,79,"Rp149,000",3/2024,1,0,0,https://www.udemy.com/course/mastering-interactive-design-with-ispring-suite-powerpoint/
TEKLA STRUCTURES 2024 COURSE,6462115,Joseph Sunday,"Tekla Structures, Other Design, Design",Affinity Designer,All Levels,8.5 hours,4.4,59,189,"Rp149,000",1/2026,0,0,10,https://www.udemy.com/course/tekla-structure-2024-course-pt1/
xAPI Fundamentals - Track Learning with Greater Detail,1910718,Jeff Batt,"Learning Technologies, Teacher Training, Teaching & Academics",Affinity Designer,Intermediate,5.5 hours,4.8,782,2955,"Rp149,000",10/2024,0,0,21,https://www.udemy.com/course/xapi-fundamentals-getting-started-with-xapi-aka-tincan/
AI-Powered UX Design Patterns,6396007,Data & Design Nest,"User Experience (UX) Design, User Experience Design, Design",Affinity Designer,Intermediate,5.5 hours,3.9,13,38,"Rp149,000",4/2025,0,0,7,https://www.udemy.com/course/ai-powered-interaction-design-patterns/
PCB Design Course in Eagle CAD: Complete PCB Design Course,3785246,Pradeep Raj,"PCB Design, Electronics, Embedded Systems, Autodesk, Design Tools",Affinity Designer,Intermediate,13.5 hours,4.5,164,3587,"Rp149,000",9/2025,0,0,27,https://www.udemy.com/course/getting-started-with-eagle-cad-pcb-design/
Product Design in AI | Artificial Intelligence and Users,5032278,Emily UXAI,"Artificial Intelligence (AI), User Experience (UX) Design, Product Design, User Experience Design, Design",Affinity Designer,All Levels,4.5 hours,3.6,455,7132,"Rp549,000",12/2025,18,0,63,https://www.udemy.com/course/product-design-in-ai/
Substance Painter Beginner's Guide to Game Texturing,4989844,3D Tudor,"3D Texturing, Game Art, Game Texturing, Substance Painter, Game Design",Affinity Designer,Beginner,10.5 hours,4.3,29,2314,"Rp149,000",4/2025,0,0,1,https://www.udemy.com/course/substance-painter-beginners-guide-to-game-texturing/
The Complete Course of EasyEDA and PCB Design,5470178,The Tech Courses,"Digital Electronics, PCB Design, Electronics, Engineering, Teaching & Academics",Affinity Designer,All Levels,7.5 hours,4.1,95,341,"Rp149,000",1/2025,0,0,0,https://www.udemy.com/course/pcb-course/
Complete Guide: Seamless Textures for Games and Arch Viz,4469728,Harry Jones,"3D Texturing, Game Texturing, 3D & Animation, Design",Affinity Designer,All Levels,7.5 hours,4.2,24,200,"Rp149,000",4/2022,0,0,32,https://www.udemy.com/course/complete-guide-seamless-textures-for-games-and-arch-viz/
Digital Fashion Illustration: Photoshop ed.,6387043,The Digital Fashion Institute,"Adobe Photoshop, Fashion Design, Design",Affinity Designer,Beginner,1 hour,5.0,3,12,"Rp149,000",1/2025,1,0,1,https://www.udemy.com/course/digital-fashion-illustration-photoshop-ed/
"Learn to Design Architecture: Interiors, Space, & Form",6448087,Dry Studio,"Architectural Design, Design",Affinity Designer,All Levels,6 hours,4.4,3,16,"Rp149,000",2/2025,0,0,0,https://www.udemy.com/course/learn-to-design-architecture-interior-space-form/
Instructional Design in Corporate Learning and Development,3773542,Shaira Ali,"Corporate Learning and Development (L&D), Instructional Design, Online Education, Teaching & Academics",Affinity Designer,Intermediate,34 mins,4.0,84,516,"Rp149,000",4/2021,0,0,5,https://www.udemy.com/course/instructional-design-in-corporate-learning-and-development/
NEW - UX Strategy Masterclass - Become UX Strategist,2729942,Andy Woynarowski,"Business Strategy, User Experience (UX) Design, User Experience Design, Design",Affinity Designer,All Levels,2.5 hours,3.8,233,926,"Rp149,000",1/2020,0,0,1,https://www.udemy.com/course/user-experience-strategy-masterclass/
PCB Design Masterclass in Sinhala (සිංහල) | Altium + EasyEDA,6959547,Eng. Induranga Randika,"PCB Design, Hardware, IT & Software",Affinity Designer,All Levels,11 hours,4.8,16,50,"Rp1,799,000",2/2026,1,0,2,https://www.udemy.com/course/pcb-design-masterclass-in-sinhala-altium-easy-eda/
"""Learning Analytics"" for L&D Professionals (Accredited)",3743732,"Dr. Nilakantasrinivasan J, Canopus Business Management Group","HR Analytics, Business Analytics, Data Mining, Business Analytics & Intelligence, Business",Affinity Designer,All Levels,5 hours,4.5,1912,5540,"Rp149,000",2/2026,2,0,17,https://www.udemy.com/course/learning-analytics-for-l-and-d-professionals/
Canva Course 2025: Become Design-Independent with Canva,6576667,Skillida .,"Canva, Visual Design, Graphic Design, Thumbnail Creation, Graphic Design & Illustration",Affinity Designer,Beginner,3.5 hours,4.6,.,2,"Rp149,000",4/2025,0,0,0,https://www.udemy.com/course/canva-course-2025-become-design-independent-with-canva/
Substance Painter Novice to Pro,5457476,Sean Fowler,"Substance Painter, 3D Rendering, Unity, 3D Texturing, 3D & Animation",Affinity Designer,All Levels,6 hours,4.5,94,770,"Rp149,000",3/2024,0,0,3,https://www.udemy.com/course/substance-painter-2023-novice-to-pro/
Drawing for Industrial and Product Design,4307031,Michael Santoro,"Product Design, Drawing, Other Design, Design",Affinity Designer,Beginner,38 mins,4.3,99,480,"Rp149,000",10/2021,0,0,0,https://www.udemy.com/course/drawing-for-product-design/
AI in UX Design,6067307,Deepak Sahni,"User Experience (UX) Design, User Experience Design, Design",Affinity Designer,Beginner,1 hour,3.0,31,1068,"Rp149,000",7/2024,0,0,0,https://www.udemy.com/course/ai-in-ux-design/
Python PyQt5 and Qt creator course for advanced learners,4499226,Alaa Eid,"Functional Programming, PyQt, Programming Languages, Development",Affinity Designer,Intermediate,23 hours,4.3,13,110,"Rp149,000",6/2022,0,0,1,https://www.udemy.com/course/python-pyqt5-and-qt-creator-course/
Tekla Structure 2021 RCC Basic + Advanced Level Course,4528674,Rajesh K,"Tekla Structures, Other Design, Design",Affinity Designer,All Levels,13.5 hours,4.5,160,935,"Rp149,000",8/2022,0,0,1,https://www.udemy.com/course/tekla-structure-2021-rcc-basic-advanced-level-course/
Introduction to Learning & Development: Build an L&D Career,5250690,Zubin Rashid (Learning and Development Academy),"Corporate Learning and Development (L&D), Career Development, Personal Development",Affinity Designer,Beginner,2.5 hours,4.6,129,466,"Rp149,000",5/2025,1,0,6,https://www.udemy.com/course/learning-and-development-fundamentals/
Designing MicroLearning for the Evolving flow of Work,3709236,Aparna Gupta,"Instructional Design, Human Resources, Business",Affinity Designer,Intermediate,1.5 hours,4.4,28,308,"Rp149,000",12/2020,0,0,13,https://www.udemy.com/course/designing-microlearning-for-the-evolving-flow-of-work/
Game Character Sculpting For Beginners with Zbrush & Maya,1333204,Nalini Kanta Jena,"Digital Character Sculpting, zBrush, Marvelous Designer, Game Development, Development",Affinity Designer,Beginner,12.5 hours,4.5,186,1454,"Rp149,000",4/2020,2,0,9,https://www.udemy.com/course/game-character-sculpting-for-beginners/
Learning Complete PCB Design: From an Idea to a Product,4299929,Shubham Tiwari,"PCB Design, Digital Electronics, Hardware, IT & Software",Affinity Designer,Beginner,4.5 hours,4.5,509,5190,"Rp149,000",4/2022,1,0,5,https://www.udemy.com/course/learning-complete-pcb-design-from-an-idea-to-a-product/
Tests for Salesforce Certified User Experience Designer,6334519,Bee In IT,"IT Certifications, IT & Software",Affinity Designer,All Levels,N/A,N/A,N/A,19,"Rp149,000",2/2025,0,0,0,https://www.udemy.com/course/tests-for-salesforce-certified-user-experience-designer/
Alteryx Designer Advanced Certification Bootcamp,3959468,Tom Welgemoed,"Alteryx, Business Analytics & Intelligence, Business",Affinity Designer,Intermediate,3.5 hours,4.4,378,2547,"Rp149,000",1/2024,3,0,35,https://www.udemy.com/course/alteryx-advanced-certification-bootcamp/
Advance Certificate in Learning & Development Management,4276576,"Abhisek Gupta, Human and Emotion: CHRMI","Human Resources, Learning Strategies, Business",Affinity Designer,Expert,3.5 hours,4.3,455,4847,"Rp149,000",10/2025,8,0,22,https://www.udemy.com/course/advance-certificate-in-learning-development-management/
Introduction to Learning and Development,1583112,Irina Ketkin,"Corporate Learning and Development (L&D), Human Resources, Instructional Design, Business",Affinity Designer,Beginner,1.5 hours,4.5,4256,14392,"Rp149,000",3/2025,14,0,10,https://www.udemy.com/course/introduction-to-learning-and-development/
Are you Prepared for Investors?,6115827,Priscilla Christie,"Personal Development, Entrepreneurship, Business",Affinity Designer,All Levels,31 mins,4.4,N/A,N/A,"Rp149,000",4/2025,0,0,0,https://www.udemy.com/course/personal-power/
AI-Powered UX: Next-Gen Product Design,6518789,Matheus Moura,"User Experience (UX) Design, Artificial Intelligence (AI), Generative AI (GenAI), User Experience Design, Design",Affinity Designer,Beginner,1 hour,3.7,34,61,"Rp149,000",6/2025,0,0,2,https://www.udemy.com/course/ai-powered-ux-next-gen-product-design/
Mythological Female Character - Complete Game Pipeline,2452916,Victory3D LLC,"Game Design, Design",Affinity Designer,Intermediate,24.5 hours,4.4,274,1864,"Rp149,000",11/2019,0,0,8,https://www.udemy.com/course/mythological-female-character/
NEW. Substance painter 2023 from beginner to advanced .,5337030,Илья Хлынин,"Character Modeling, 3D & Animation, Design",Affinity Designer,Intermediate,7 hours,4.6,10,77,"Rp149,000",6/2023,0,0,1,https://www.udemy.com/course/new-substance-painter-2023-from-beginner-to-advanced-level/
Style3d Atelier: Beginner's Garment Workshop,6535751,Yvette Kathleen Brown,"Fashion Design, Design",Affinity Designer,Beginner,1.5 hours,5.0,N/A,2,"Rp149,000",3/2025,0,0,0,https://www.udemy.com/course/style3d-atelier-beginners-garment-workshop/
Return on Learning Investment: L&D Master Course,5514970,Zubin Rashid (Learning and Development Academy),"Corporate Learning and Development (L&D), Human Resources, Business",Affinity Designer,Intermediate,4 hours,4.3,212,1205,"Rp149,000",5/2025,11,0,2,https://www.udemy.com/course/return-on-learning-investment/
Registered Communication Distribution Designer (RCDD) Part 2,4563922,Bilal Mohamed,"Telecom, IT Certifications, IT & Software",Affinity Designer,All Levels,N/A,3.5,6,167,"Rp149,000",2/2022,0,0,0,https://www.udemy.com/course/registered-communication-distribution-designer-rcdd-part-2/
Learn CLO3D Fashion: Masterclass (Intermediate to Advanced),4826166,Mamta Saharan,"3D Fashion Design, Fashion Design, Design",Affinity Designer,Intermediate,4.5 hours,3.9,195,3483,"Rp149,000",3/2026,0,0,28,https://www.udemy.com/course/learn-clo3d-fashion-masterclass-intermediate-to-advanced/
Learn Articulate Storyline 360 from scratch,1035096,Prashant Gupta,"Articulate Storyline, Other IT & Software, IT & Software",Affinity Designer,Beginner,6 hours,4.4,805,3313,"Rp149,000",3/2025,0,0,2,https://www.udemy.com/course/learn-storyline-360-from-scratch/
Learn Facebook Ads for Interior Designers,6110343,Vivek Kumar,"Facebook Ads, Paid Advertising, Marketing",Affinity Designer,Beginner,6.5 hours,5.0,1,6,"Rp149,000",8/2024,0,0,0,https://www.udemy.com/course/interior-design-marketing/
Course creation made simple,4564032,Sophia Royle MSc,"Online Course Creation, Online Education, Teaching & Academics",Affinity Designer,Beginner,1.5 hours,4.4,23,142,"Rp149,000",4/2022,0,0,4,https://www.udemy.com/course/course-creation-made-simple/
Practical Instructional Design for eLearning,4231076,Meghaa Shah,"Instructional Design, Online Education, Teaching & Academics",Affinity Designer,All Levels,41 mins,4.3,107,316,"Rp149,000",12/2021,0,0,15,https://www.udemy.com/course/practical-elearning-blueprint/
Making a hooligan in Marvelous Designer,1711524,Igor Shevchenko,"Marvelous Designer, 3D & Animation, Design",Affinity Designer,Beginner,2 hours,4.4,12,104,"Rp149,000",5/2018,0,0,6,https://www.udemy.com/course/making-a-hooligan-in-marvelous-designer/
Salesforce Certified Platform Strategy Designer Exam Prep,6781983,NextGen Labworks,"IT Certifications, IT & Software",Affinity Designer,Intermediate,N/A,N/A,N/A,3,"Rp149,000",2/2026,0,0,0,https://www.udemy.com/course/salesforce-certified-platform-strategy-designer-exam-preperation/
Create Accessible WCAG E-learning Articulate 360 Storyline,5505218,Tania Driskill,"Web Accessibility, Articulate Storyline, Instructional Design, Learning Technologies, Online Education",Affinity Designer,Expert,2.5 hours,4.4,55,1191,"Rp149,000",11/2023,0,0,12,https://www.udemy.com/course/wcag-accessibility-features-for-articulate-storyline/
Mastering UX Designer Interview Questions: Your 100% Success,6165019,Agile Intech,"User Experience (UX) Design, User Experience Design, Design",Affinity Designer,Intermediate,N/A,4.6,N/A,11,"Rp149,000",9/2024,0,0,0,https://www.udemy.com/course/mastering-ux-designer-interview-questions-your-100-success-n/
ISPRING SUITE AND POWERPOINT FOR INSTRUCTIONAL DESIGN,5834436,Ogbonna Mba,"Instructional Design, PowerPoint, Interactive Design, Online Education, Teaching & Academics",Affinity Designer,Beginner,5 hours,4.4,24,67,"Rp149,000",4/2024,0,0,1,https://www.udemy.com/course/ispring-suite-and-powerpoint-for-instructional-design/
Mastering Bloom's Taxonomy-The Ultimate Guide for Teachers,5273796,Saamarthya Teachers Training Academy of Research (STTAR),"Teacher Training, Other Teaching & Academics, Teaching & Academics",Affinity Designer,All Levels,1 hour,4.6,83,168,"Rp149,000",4/2023,0,0,6,https://www.udemy.com/course/mastering-blooms-taxonomy-the-ultimate-guide-for-teachers/
"Circuit Design, Simulation and PCB Fabrication Bundle",2172458,"Educational Engineering Team, Ashraf Said AlMadhoun, Educational Engineering","PCB Design, Hardware, IT & Software",Affinity Designer,All Levels,16.5 hours,4.3,232,24064,"Rp149,000",2/2026,43,0,5,https://www.udemy.com/course/circuit-design-simulation-and-pcb-manufacturing-bundle/
Rapid Instructional Design using ChatGPT prompt writer,5224576,Mignon Smit,"Instructional Design, ChatGPT, Teacher Training, Online Education, Teaching & Academics",Affinity Designer,Intermediate,2 hours,4.4,50,228,"Rp149,000",1/2026,1,0,3,https://www.udemy.com/course/instructional-design-using-chatgpt-prompt-writer/
Substance Painter to UE5,7035347,"3D College, Konstantine Logan Arnaoutoglou","Substance Painter, Unreal Engine, 3D & Animation, Design",Affinity Designer,Beginner,4 hours,5.0,3,17,"Rp149,000",2/2026,0,0,0,https://www.udemy.com/course/substance-painter-to-ue5/
Creating the Jabbawockeez Dance Crew,2536288,Leou von,"Marvelous Designer, zBrush, Modo, 3D & Animation, Design",Affinity Designer,Intermediate,11 hours,5.0,2,25,"Rp379,000",9/2019,0,0,0,https://www.udemy.com/course/creating-the-jabbawockeez-dance-crew/
Design Like A Pro Using VistaCreate,4605608,Calvyn Lee,"Graphic Design, Design Tools, Design",Affinity Designer,Beginner,1 hour,4.3,N/A,1,"Rp149,000",7/2023,0,0,0,https://www.udemy.com/course/design-like-a-pro-using-vistacreate/
Alteryx MasterClass - Lets get started,3299486,Dan We,"Alteryx, IT Certifications, IT & Software",Affinity Designer,Beginner,4.5 hours,4.7,88,409,"Rp149,000",3/2024,4,0,2,https://www.udemy.com/course/alteryx-masterclass-lets-get-started/
Learn PCB Design By Designing an Arduino Nano in Altium,460420,Augmented Startups,"PCB Design, Arduino, Altium Designer, Hardware, IT & Software",Affinity Designer,All Levels,3 hours,3.9,589,6286,"Rp149,000",1/2021,5,0,3,https://www.udemy.com/course/create-and-design-your-own-arduino-nano-in-altium-designer/
Intro to Substance Painter - Creating Materials,3007162,David Bittorf,"Substance Painter, 3D Texturing, Game Texturing, Game Design, Design",Affinity Designer,All Levels,2 hours,4.5,24,150,"Rp447,000.00",8/2020,0,0,1,https://www.udemy.com/course/intro-to-substance-painter-materials-all-levels/
Get Started in UI/UX Design,3335090,Pierluigi Giglio,"User Experience (UX) Design, Design Theory, User Experience Design, Design",Affinity Designer,All Levels,3.5 hours,3.6,394,12695,"Rp149,000",10/2021,0,0,0,https://www.udemy.com/course/ui-ux-designs/
Course Design 101: Teach Anything in the Workplace!,832716,Marcela Pineros,"Instructional Design, Teacher Training, User Experience (UX) Design, Workplace Design, Teaching & Academics",Affinity Designer,All Levels,30 mins,4.4,1180,3884,"Rp149,000",5/2025,3,0,2,https://www.udemy.com/course/lx-design/
OpenRoads ConceptStation for Beginners Microstation -AulaGEO,6449569,AulaGEO Academy,"Civil Engineering, Construction Management, AutoCAD Civil 3D, Project Planning, Engineering",Affinity Designer,Intermediate,1 hour,4.5,1,8,"Rp149,000",9/2025,0,0,2,https://www.udemy.com/course/openroads-conceptstation-for-beginners-aulageo/
User experience research: How to ask the right questions?,2476794,Nina Schacht,"User Research, Social Skills, Design Thinking, User Experience Design, Design",Affinity Designer,Beginner,1.5 hours,4.6,681,2633,"Rp149,000",2/2020,0,0,3,https://www.udemy.com/course/user-understanding-how-to-ask-the-right-questions/
Training Needs Analysis and Coordinating Training,5860690,LC Ong,"Other Personal Development, Personal Development",Affinity Designer,Beginner,1.5 hours,4.1,15,33,"Rp149,000",4/2024,1,0,1,https://www.udemy.com/course/training-needs-analysis-and-coordinating-training/
Become an Instructional Designer,7019505,Jennifer Gardner,"Instructional Design, Career Development, Personal Development",Affinity Designer,All Levels,2.5 hours,4.5,2,128,"Rp149,000",2/2026,0,0,2,https://www.udemy.com/course/get-qualified-as-an-instructional-designer/
Learn PCB Printed Circuit Board: A Complete Bundle,2510286,"Educational Engineering Team, Ashraf Said AlMadhoun, Educational Engineering","PCB Design, Hardware, IT & Software",Affinity Designer,All Levels,7 hours,3.9,229,21154,"Rp149,000",2/2026,38,0,0,https://www.udemy.com/course/pcb-bundle-circuit-design-printed-circuit-board-proteus-orcade-altuim/
NEW! Substance Painter All Levels Volume 1,2412686,Sean Fowler,"Substance Painter, Game Texturing, 3D Texturing, Unity, 3D & Animation",Affinity Designer,All Levels,5.5 hours,4.5,571,3570,"Rp149,000",9/2020,0,0,11,https://www.udemy.com/course/learning-substance-painter-all-levels-volume-1-sci-fi-theme/
Homestyler Like a Pro (Part.1),6100251,Daniah A.Razzak,"Interior Design, 3D Rendering, 3D Modeling, Home Staging, Design",Affinity Designer,All Levels,2 hours,4.6,12,29,"Rp999,000",1/2025,0,0,1,https://www.udemy.com/course/homestyler-like-a-pro-part1/
Professional Articulate Storyline 360,4304169,Eric Yeboah,"Articulate Storyline, Online Education, Teaching & Academics",Affinity Designer,All Levels,2.5 hours,4.0,18,47,"Rp149,000",9/2025,0,0,0,https://www.udemy.com/course/professional-articulate-storyline-360/
Learning Needs Analysis: Practitioner Program,5162108,Zubin Rashid (Learning and Development Academy),"Corporate Learning and Development (L&D), Human Resources, Business",Affinity Designer,Intermediate,4 hours,4.2,227,1212,"Rp149,000",5/2025,1,0,17,https://www.udemy.com/course/learning-needs-analysis-practitioner-program/
The Art and Science of PCB Design with Autodesk Eagle,2074464,Amit Rana,"PCB Design, Software Development Tools, Development",Affinity Designer,Beginner,3.5 hours,4.2,1074,4713,"Rp159,000",2/2026,4,0,2,https://www.udemy.com/course/pcb-design-with-eagle/
Alteryx : Data Analysis for beginners,4409138,Bluelime Learning Solutions,"Alteryx, Business Analytics & Intelligence, Business",Affinity Designer,Beginner,44 mins,3.5,4,1070,"Rp149,000",3/2026,3,0,0,https://www.udemy.com/course/alteryx-data-analysis-for-beginners/
"Historical Couture, Making 18th and 19th Century Garments",6438117,PrimeSkills Academy,"Fashion Design, Design",Affinity Designer,All Levels,1.5 hours,N/A,N/A,2,"Rp149,000",2/2025,0,0,0,https://www.udemy.com/course/historical-couture-making-18th-and-19th-century-garments/
Alteryx Masterclass - solving real world business challenges,2353680,Dan We,"Alteryx, IT Certifications, IT & Software",Affinity Designer,Intermediate,2.5 hours,4.2,218,1224,"Rp149,000",3/2024,5,0,3,https://www.udemy.com/course/alteryx-masterclass-solving-real-world-business-challenges/
Learn 3D Texturing in Substance Painter All Levels!,4795094,Sean Fowler,"Substance Painter, 3D Rendering, 3D Texturing, Game Texturing, 3D & Animation",Affinity Designer,All Levels,4 hours,4.5,28,277,"Rp149,000",3/2023,0,0,6,https://www.udemy.com/course/learn-3d-texturing-in-substance-painter-2022-all-levels/
The Complete SAP Lumira Designer Course,2738560,Ahmad Abdelrahim,"SAP Lumira, Design Tools, Design",Affinity Designer,All Levels,25 hours,4.8,228,1014,"Rp149,000",2/2020,0,0,22,https://www.udemy.com/course/the-complete-sap-lumira-designer-course/
Create your first course in Articulate Storyline 3,1861938,Radu Velcea,"Articulate Storyline, Teacher Training, Teaching & Academics",Affinity Designer,Beginner,2.5 hours,4.5,1004,2976,"Rp149,000",5/2020,0,0,1,https://www.udemy.com/course/create-your-first-course-in-articulate-storyline-3/
Transforming Education: The Power of Blended Learning,5934294,Dr Sheeba Valsson,"Other Teaching & Academics, Teaching & Academics",Affinity Designer,All Levels,3 hours,4.0,4,13,N/A,6/2025,0,0,0,https://www.udemy.com/course/transforming-education-the-power-of-blended-learning/
Land Your Dream Instructional Design Role - Step-by-Step!,5972114,Nada El Maliki,"Instructional Design, Job Search, Other Design, Design",Affinity Designer,Intermediate,1 hour,4.6,2,1012,"Rp149,000",6/2024,23,0,14,https://www.udemy.com/course/the-ultimate-instructional-design-job-landing-pack/
QlikView Server and Publisher,522140,"Vertechs .IO, Shilpan Patel, Deepak Vadithala (DV), Satya Ghantasala","Qlikview, Server Infrastructure, Software Development Tools, Development",Affinity Designer,All Levels,9 hours,4.2,547,2237,"Rp399,000",12/2018,4,0,3,https://www.udemy.com/course/qlikview-server-and-publisher/
Procedural Radio Texture Creation in Substance Designer,6079089,3DRedBox Studio,"Substance 3D Designer, 3D & Animation, Design",Affinity Designer,All Levels,6 hours,4.8,N/A,19,"Rp149,000",8/2024,0,0,0,https://www.udemy.com/course/procedural-radio-texture-creation-in-substance-designer/
Python 3: From ZERO to GUI programming,2433192,LearningWhilePracticing LWP,"Python, Python GUI, Programming Languages, Development",Affinity Designer,Beginner,9.5 hours,4.6,140,20830,"Rp149,000",10/2020,0,0,8,https://www.udemy.com/course/python-3-from-zero-to-gui-programming/
Creating a Realistic Cabin House for Game in Blender,3218561,Nexttut Education Pvt.Ltd.,"Blender, Game Design, Design",Affinity Designer,Intermediate,20.5 hours,3.8,60,552,"Rp149,000",2/2021,0,0,0,https://www.udemy.com/course/creating-a-realistic-cabin-house-for-game-in-blender/
Sketching Designer Shoes in Procreate,6994175,Tamas Benko,"Fashion Design, Procreate Digital Illustration App, Digital Painting, Sketching, Arts & Crafts",Affinity Designer,Beginner,2 hours,5.0,N/A,2,"Rp149,000",1/2026,0,0,9,https://www.udemy.com/course/sketching-designer-shoes-in-procreate/
Learning and Development Tools and Methods,2995300,Irina Ketkin,"Corporate Learning and Development (L&D), Human Resources, Business",Affinity Designer,Intermediate,3.5 hours,4.7,2145,10182,"Rp149,000",3/2025,15,0,23,https://www.udemy.com/course/learning-and-development-methods/
Ultimate Figma Megacourse: UI/UX Design Beginner To Expert,5193058,A F M Jamal Uddin,"Figma, User Experience Design, Design",Affinity Designer,Beginner,16 hours,4.5,46,151,"Rp149,000",5/2023,0,0,17,https://www.udemy.com/course/ultimate-figma-megacourse-uiux-design-beginner-to-expert/
Blender: Cloth Physics and simulations.,4724396,david Jaasma,"Blender, 3D & Animation, Design",Affinity Designer,Beginner,4 hours,4.5,82,628,"Rp149,000",6/2022,0,0,1,https://www.udemy.com/course/blender-cloth-physics-and-simulations/
The Website Blueprint - Planning for a web design project,2437422,Elwyn Davies,"Web Design, Digital Marketing, Marketing",Affinity Designer,Beginner,3 hours,4.4,67,10843,"Rp149,000",1/2024,3,0,2,https://www.udemy.com/course/planning-for-a-web-design-project/
Learn User Experience Design from A-Z: Adobe XD UI/UX Design,3164478,"Juan E. Galvan, Arthur Zudin","User Experience (UX) Design, GUI Programming, User Experience Design, Design",Affinity Designer,All Levels,12.5 hours,4.2,2123,105068,"Rp149,000",11/2020,0,0,14,https://www.udemy.com/course/learn-user-experience-design-from-a-z/
Understanding Substance Painter Volume 2 All Levels!,2544553,Sean Fowler,"Substance Painter, Unity, 3D Texturing, Game Texturing, 3D & Animation",Affinity Designer,All Levels,5.5 hours,4.5,82,1470,"Rp149,000",12/2019,0,0,7,https://www.udemy.com/course/new-release-volume-2-substance-painter-2019-all-levels/
Intro to Substance Painter - Creating Normal Maps,2967318,David Bittorf,"Substance Painter, 3D Modeling, Game Texturing, UV Mapping, Game Design",Affinity Designer,Beginner,1.5 hours,4.5,15,110,"Rp149,000",9/2020,0,0,2,https://www.udemy.com/course/substance-painter-for-beginners/
Professional PCB Fabrication For Everyone,2636348,"Educational Engineering Team, Ashraf Said AlMadhoun, Educational Engineering","PCB Design, Hardware, IT & Software",Affinity Designer,All Levels,1.5 hours,4.0,142,10852,"Rp149,000",2/2026,24,0,0,https://www.udemy.com/course/create-pcb-design-and-fabrication-for-everyone-pcbway-pcb-design/
Alteryx Bootcamp | 25 Tools with Before & After Examples,3070828,Yoda Learning,"Data Analysis, Alteryx, Data Preprocessing, Other Office Productivity, Office Productivity",Affinity Designer,Beginner,1.5 hours,4.4,143,1706,"Rp149,000",3/2022,0,0,7,https://www.udemy.com/course/alteryx-essentials-tools-a-practical-approach/
Mastering the design of professional PCB using EasyEDA,2491264,Hamdy egy,"Electronics, PCB Design, Hardware, IT & Software",Affinity Designer,Expert,3.5 hours,4.1,24,195,"Rp149,000",9/2019,4,0,0,https://www.udemy.com/course/mastering-the-design-of-professional-pcb-using-easyeda/
AI-Driven PCB Design: Mastering Generative AI Techniques,5677178,"Educational Engineering Team, Educational Engineering, Ashraf Said AlMadhoun","Generative AI (GenAI), PCB Design, Hardware, IT & Software",Affinity Designer,All Levels,1.5 hours,3.5,26,5070,"Rp149,000",2/2026,7,0,0,https://www.udemy.com/course/design-pcbs-faster-with-generative-ai/
Design Thinking Foundation for Learning Professionals,5972110,Nada El Maliki,"Instructional Design, Design Thinking, Other Design, Design",Affinity Designer,Beginner,3.5 hours,3.9,5,1016,Free,3/2025,8,0,2,https://www.udemy.com/course/think-like-a-learning-experience-designer/
"Electrical, Electronics and PCB Design Safety & Compliance",647780,Marco CATANOSSI,"Compliance Management, Embedded Systems, Electronics, Hardware, IT & Software",Affinity Designer,Intermediate,3 hours,4.2,398,2433,"Rp149,000",10/2020,3,0,16,https://www.udemy.com/course/designers-guide-to-electrical-safety-isolation-standards/
Mitsubishi GT Designer 3,6069589,Ashish Soni,"Software Development Tools, Development",Affinity Designer,Beginner,2 hours,4.1,8,70,"Rp149,000",8/2024,0,0,0,https://www.udemy.com/course/mitsubishi-gt-designer-3/
Mastering Power Shields: Design with Arduino & EasyEDA,3906310,"Educational Engineering Team, Educational Engineering, Ashraf Said AlMadhoun","PCB Design, Hardware, IT & Software",Affinity Designer,All Levels,3 hours,3.6,6,2021,"Rp149,000",2/2026,7,0,0,https://www.udemy.com/course/easyeda-pcb-circuit-design-diy-arduino-power-supply-shield-easyeda/
Figma for Beginners: Learning by Doing approach,3838902,Saumitra Newalkar,"Figma, User Experience (UX) Design, Prototyping, User Interface Design, User Experience Design",Affinity Designer,Beginner,2.5 hours,4.4,288,15343,"Rp149,000",2/2025,0,0,1,https://www.udemy.com/course/learn-figma-uiux-design/
Learning & Development with Generative AI,6995279,PracticalGrowth Inc.,"Corporate Learning and Development (L&D), Generative AI (GenAI), Other Business, Business",Affinity Designer,All Levels,1.5 hours,4.5,N/A,N/A,"Rp149,000",3/2026,0,0,28,https://www.udemy.com/course/learning-and-development-with-generative-ai/
Altium Designer 16 - Basics (Arduino FIO),791868,Eu Jin Ooi,"Altium Designer, Arduino, PCB Design, Hardware, IT & Software",Affinity Designer,All Levels,5 hours,4.3,400,1796,"Rp149,000",11/2021,1,0,23,https://www.udemy.com/course/altiumdesignerbasics/
CATIA V5 Advance for Automotive plastics designer,5401626,Pankaj Singh,"CATIA, Interior Design, Design",Affinity Designer,Intermediate,9.5 hours,3.9,14,89,"Rp149,000",6/2024,0,0,5,https://www.udemy.com/course/advanced-catia-v5/
Design Your PCB Board Using Altium Designer (Arduino Nano),2808189,Tariq Alrefai,"Altium Designer, Hardware, IT & Software",Affinity Designer,All Levels,10 hours,3.8,56,231,"Rp149,000",10/2020,0,0,13,https://www.udemy.com/course/design-your-pcb-board-using-altium-designer-arduino-nano/
Alteryx Tutorial for Beginners,4976338,Programming Knowledge,"Alteryx, Software Development Tools, Development",Affinity Designer,Beginner,3.5 hours,4.1,5,454,"Rp149,000",11/2022,0,0,0,https://www.udemy.com/course/alteryx-tutorial-for-beginners/
Creating a Hall Clock in Blender and Substance Painter,5726124,Aniket Rawat,"Blender, Substance Painter, 3D Texturing, 3D Modeling, 3D & Animation",Affinity Designer,All Levels,4 hours,4.1,5,44,"Rp149,000",12/2023,0,0,1,https://www.udemy.com/course/creating-a-hall-clock-in-blender-and-substance-painter/
Tekla Structure Project Warehouse Course,4558062,Rajesh K,"Tekla Structures, Architectural Design, Design",Affinity Designer,Expert,4 hours,4.5,75,384,"Rp149,000",2/2023,0,0,2,https://www.udemy.com/course/tekla-structure-project-warehouse-course/
Tekla TEDDS 2025 - Structural Elements Analysis and Design,6782361,Joseph Sunday,"Structural Design, Design Tools, Design",Affinity Designer,Beginner,4.5 hours,4.8,25,325,"Rp149,000",3/2026,0,0,7,https://www.udemy.com/course/tekla-tedds-course/
AI Image Creation & Editing for Beginners: Master 5 AI Tools,6954497,"The Takeoff College, Nima Ghasemi","Microsoft Designer, Adobe Firefly, Leonardo.Ai, Media, Business",Affinity Designer,All Levels,2.5 hours,5.0,2,2,"Rp149,000",12/2025,0,0,0,https://www.udemy.com/course/ai-design-masterclass/
Upskilling and Reskilling in Learning and Development,5826084,Zubin Rashid (Learning and Development Academy),"Corporate Learning and Development (L&D), Management, Business",Affinity Designer,All Levels,1.5 hours,4.6,60,255,"Rp149,000",5/2025,2,0,0,https://www.udemy.com/course/upskilling-and-reskilling/
Let's Create a Course in Articulate Storyline 3 / 360,1340822,Thor Melicher,"Online Course Creation, Articulate Storyline, Online Education, Teaching & Academics",Affinity Designer,All Levels,3 hours,4.5,2251,8007,"Rp149,000",11/2019,0,0,36,https://www.udemy.com/course/lets-create-a-course-in-articulate-storyline-3-360/
Vibe Coding for Instructional Designers,7086497,Scott Wilson,"Instructional Design, Vibe Coding, Generative AI (GenAI), Other IT & Software, IT & Software",Affinity Designer,Beginner,3 hours,5.0,3,13,"Rp149,000",4/2026,0,0,14,https://www.udemy.com/course/vibe-coding-for-instructional-designers/
Importance of Disability Inclusion in Fashion,5705712,Tracy Vollbrecht,"Diversity and Inclusion, Fashion, Fashion Design, Design",Affinity Designer,All Levels,1 hour,4.3,2,2,"Rp449,000",12/2023,0,0,0,https://www.udemy.com/course/importance-of-disability-inclusion-in-fashion/
Certified in Garment Industry Circular Design & Supply Chain,6016614,Abdellatif Abid,"Circular Economy, Operations, Business",Affinity Designer,All Levels,N/A,2.0,3,404,"Rp149,000",6/2024,0,0,0,https://www.udemy.com/course/certified-in-garment-industry-circular-design-supply-chain-j/
Material Production and Educational Curriculum Design,5737582,Bassam Mousa,"Instructional Design, Teacher Training, Teaching & Academics",Affinity Designer,All Levels,35 mins,4.4,21,3955,"Rp149,000",12/2023,0,0,0,https://www.udemy.com/course/materialproduction/
MATLAB: How to create professional Graphic User Interfaces,4360934,Fernando Alberto Tellez Miotta,"GUI Programming, MATLAB, Other IT & Software, IT & Software",Affinity Designer,Intermediate,4 hours,4.5,15,121,"Rp149,000",6/2023,0,0,9,https://www.udemy.com/course/matlab-how-to-create-professional-graphic-user-interfaces/
No-Code Machine Learning: Practical Guide to Modern ML Tools,4101304,"Prof. Ryan Ahmed, Ph.D., MBA | 500,000+ Students | Best-Selling Instructor, Ligency ​, SuperDataScience Team","Machine Learning, Microsoft Azure, Azure Machine Learning, No-Code Development, Development",Affinity Designer,All Levels,6.5 hours,4.6,2614,28554,"Rp149,000",12/2023,4,0,1,https://www.udemy.com/course/no-code-machine-learning/
Ancient Ruins 3D Game Environment in Blender,3069714,Victory3D LLC,"Game Design, Design",Affinity Designer,Intermediate,26 hours,4.3,147,1535,"Rp149,000",5/2020,0,0,5,https://www.udemy.com/course/ancient-ruins-game-environment/
Corporate Learning And Development For Productivity,4547866,Eric Yeboah,"Corporate Learning and Development (L&D), Human Resources, Business",Affinity Designer,All Levels,3 hours,4.0,36,112,"Rp149,000",2/2025,0,0,0,https://www.udemy.com/course/corporate-learning-and-development-for-productivity/
Interactive Online Lessons with Articulate Storyline 360,3214945,Ben Audsley,"Articulate Storyline, Online Education, Teaching & Academics",Affinity Designer,Beginner,3.5 hours,4.5,54,285,"Rp149,000",9/2020,0,0,2,https://www.udemy.com/course/interactive-online-lessons-with-articulate-storyline-360/
"Build a Creative Portfolio: Showcase, Get Hired, Earn More",5866660,Max Palyvoda,"Professional Portfolio, Web Design, Creative Thinking, Design Tools, Design",Affinity Designer,All Levels,1 hour,5.0,6,26,"Rp149,000",3/2024,0,0,0,https://www.udemy.com/course/how-to-design-creative-portfolio-website/
Alteryx Essentials,2169820,Andrew Poon,"Alteryx, Other IT & Software, IT & Software",Affinity Designer,Beginner,2.5 hours,4.5,3773,10661,"Rp149,000",1/2019,0,0,33,https://www.udemy.com/course/alteryx-essentials/
PCB Design a Tiny Arduino In Altium CircuitMaker,741888,Augmented Startups,"PCB Design, Arduino, Software Development Tools, Development",Affinity Designer,All Levels,2 hours,4.3,577,13342,"Rp149,000",1/2018,2,0,3,https://www.udemy.com/course/pcb-design-a-tiny-arduino-in-altium-circuitmaker/
"Articulate Storyline 360 : Tips, Techniques and Games",1850498,Prashant Gupta,"Articulate Storyline, Teacher Training, Teaching & Academics",Affinity Designer,Expert,3 hours,3.9,64,502,"Rp149,000",2/2023,0,0,1,https://www.udemy.com/course/articulate-storyline-360-tips-techniques-and-games/
Learn PCB Designing In Altium Designer in Just 3 hrs,3092008,PCB Design Academy,"Altium Designer, Design Tools, Design",Affinity Designer,All Levels,3 hours,4.0,106,2388,"Rp149,000",10/2022,0,0,6,https://www.udemy.com/course/learn-pcb-design-in-altium-designer-20/
Creating a Nintendo GameBoy in Blender and Substance Painter,5507786,Aniket Rawat,"Blender, Substance Painter, 3D Texturing, 3D Modeling, 3D & Animation",Affinity Designer,All Levels,5.5 hours,4.5,26,132,"Rp149,000",5/2024,0,0,1,https://www.udemy.com/course/creating-a-nintendo-gameboy-in-blender-and-substance-painter/
Beginner To professional interior designer using SketchUp,6227315,Success Richdon Ogwudu,"Architectural Design, Design",Affinity Designer,Intermediate,4 hours,3.7,2,9,"Rp149,000",10/2024,0,0,0,https://www.udemy.com/course/beginner-to-professional-interior-designer-using-sketchup/
