course_title,course_id,lecturer_name,related_topics,subject,level,durations,ratings,num_ratings,student,price,last_update,articles,exercise,downloadable_resources,url
Complete Blender Creator: 3D Modelling (Compatible with 4.3),438522,"GameDev.tv Team, Rick Davidson, Grant Abbitt","3D Modeling, Game Development Fundamentals, 3D Animation, Blender, 3D & Animation",3D Modeling,All Levels,14 hours,4.8,68391,345007,"Rp169,000",2/2026,4,0,85,https://www.udemy.com/course/blendertutorial/
Complete Blender Megacourse: Beginner to Expert,4651924,Skillademia Academy,"Blender, 3D Animation, 3D Modeling, 3D Texturing, 3D & Animation",3D Modeling,All Levels,131 hours,4.5,10544,70439,"Rp169,000",3/2026,0,0,16,https://www.udemy.com/course/complete-blender-megacourse-beginner-to-expert/
Blender 3D for Beginners Complete Modeling & Texturing guide,6276849,"The Parabox 3D, 3d production house","Blender, 3D Rendering, 3D Texturing, 3D Modeling, 3D & Animation",3D Modeling,All Levels,11.5 hours,4.5,808,10602,"Rp169,000",11/2025,3,0,5,https://www.udemy.com/course/blender-3d-for-beginners-complete-modeling-and-texturing-guide/
3D Printing from Zero to Hero in Blender – FDM & MSLA,839134,Thomas McDonald,"3D Printing, Blender, 3D Modeling, 3D & Animation, Design",3D Modeling,Beginner,10 hours,4.6,2069,17913,"Rp159,000",2/2026,4,0,119,https://www.udemy.com/course/learn-3d-printing/
Become a Pro at 3D Character Modeling & Animation in Blender,6468885,Abdelilah Hamdani,"Blender, 3D & Animation, Design",3D Modeling,Beginner,12 hours,4.5,124,1592,"Rp159,000",12/2025,0,0,40,https://www.udemy.com/course/blender-3d-character/
Blender Essentials - 3D Modelling Training Course,6662041,Daniel Walter Scott,"Blender, 3D Modeling, 3D & Animation, Design",3D Modeling,Beginner,8.5 hours,4.7,320,1815,"Rp159,000",7/2025,0,0,1,https://www.udemy.com/course/blender-essentials-3d-modelling-training-course/
Complete Fusion 360 All-in-One Course for Beginners (2025),6688295,CADArtifex LLC,"Autodesk Fusion, 3D Modeling, Design Tools, Design",3D Modeling,All Levels,15 hours,4.4,118,1894,"Rp149,000",4/2026,1,0,126,https://www.udemy.com/course/complete-fusion-360-all-in-one-course-for-beginners/
Fusion 360 Beginners Course,2668390,Jaiprakash Pandey,"Autodesk Fusion, 3D & Animation, Design",3D Modeling,Beginner,15.5 hours,4.7,6297,28393,"Rp149,000",2/2023,0,0,2,https://www.udemy.com/course/fusion-360-beginners-course/
Blender Fundamentals - Modeling,4862004,Stephen Ulibarri,"Blender, 3D & Animation, Design",3D Modeling,Beginner,9.5 hours,4.8,734,3934,"Rp159,000",2/2026,2,0,3,https://www.udemy.com/course/blender-fundamentals-modeling/
Blender Essentials: 3D Modeling and Animation for Beginner,6232421,"Bevel Studio, Barzu Ibrohimov","Blender, 3D Modeling, 3D Animation, 3D & Animation, Design",3D Modeling,Beginner,15 hours,4.4,274,1588,"Rp159,000",1/2026,0,0,33,https://www.udemy.com/course/blender-4-essentials-3d-modeling-and-animation-for-beginner/
Learn Architectural Design & Animation With Blender,6454981,Edward Harding,"Blender, Interior Design, Architectural Design, Design",3D Modeling,All Levels,20 hours,4.7,178,1015,"Rp159,000",9/2025,0,0,3,https://www.udemy.com/course/learn-architectural-design-animation-with-blender/
Mega Blender Digital Painting 13 Courses in 1 + Updates 2026,6014852,Artstudio 313,"Digital Painting, Game Design, Design",3D Modeling,All Levels,43 hours,4.6,37,692,"Rp159,000",3/2026,0,0,5,https://www.udemy.com/course/the-ultimate-blender-hand-painting-course-bundle-is-here/
Introduction to 3D Characters Modeling in Blender,7018859,Cisco Raya,"Blender, 3D Rendering, Character Design, 3D Modeling, 3D & Animation",3D Modeling,Beginner,25 hours,4.5,3,62,"Rp149,000",2/2026,0,0,1,https://www.udemy.com/course/introduction-to-3d-characters-modeling-in-blender/
AutoCAD 3D Modeling Essentials,6924725,Manal Abdullal,"3D & Animation, Design",3D Modeling,All Levels,8.5 hours,5.0,59,1367,"Rp149,000",2/2026,1,0,3,https://www.udemy.com/course/autocad-3d-modeling-essentials/
Blender 5 Project Based Bootcamp: 40+ Hands On Mini Projects,7045933,"Codestars • over 2.5 million students worldwide!, Raja Biswas","Blender, 3D Rendering, 3D Animation, 3D Modeling, 3D & Animation",3D Modeling,Beginner,11 hours,4.6,8,181,"Rp149,000",3/2026,41,0,75,https://www.udemy.com/course/blender-project-based-bootcamp/
Blender 3D for Complete Beginners | Modelling a Candle,7065493,Vitor Silva,"3D Rendering, 3D Modeling, 3D & Animation, Design",3D Modeling,Beginner,2.5 hours,4.7,N/A,N/A,"Rp149,000",2/2026,0,0,0,https://www.udemy.com/course/blender-3d-for-complete-beginners-modelling-a-candle/
AutoCAD Plant 3D 2026: From P&ID to Plant Design,7076825,Vítor Vanzolin Bento,"AutoCAD Plant 3D, Other IT & Software, IT & Software",3D Modeling,All Levels,8.5 hours,4.8,16,36,"Rp149,000",4/2026,14,0,6,https://www.udemy.com/course/autocad-plant-3d-essentials/
Blender 5.x for Beginners: The Complete Modeling Guide,7017379,Ümit Kaya,"Blender, 3D & Animation, Design",3D Modeling,Beginner,3 hours,5.0,1,1,"Rp479,000",3/2026,0,0,2,https://www.udemy.com/course/blender-5x-for-beginners-the-complete-modeling-guide/
Blender from Zero to 3D Artist: A Beginner-Friendly Course,7110517,Artstudio 313,"3D Modeling, 3D Animation, Blender, 3D & Animation, Design",3D Modeling,Beginner,2 hours,4.8,313,8,"Rp149,000",4/2026,0,0,0,https://www.udemy.com/course/blender-from-zero-to-3d-artist-a-beginner-friendly-course/
Substance Painter to UE5,7035347,"3D College, Konstantine Logan Arnaoutoglou","Substance Painter, Unreal Engine, 3D & Animation, Design",3D Modeling,Beginner,4 hours,5.0,3,17,"Rp149,000",2/2026,0,0,0,https://www.udemy.com/course/substance-painter-to-ue5/
Blender 3D for Beginners Complete 3d Modelling Guide,6303911,Pradeep Durai,"3D Modeling, 3D & Animation, Design",3D Modeling,Beginner,10 hours,4.7,20,175,"Rp149,000",8/2025,0,0,3,https://www.udemy.com/course/blender-3d-for-beginners-complete-3d-modelling-guide/
3D Modeling for Games: Create AAA Assets in Maya & Substance,6036426,Shoaib Mohammed,"3D Modeling, Game Art, 3D & Animation, Design",3D Modeling,Beginner,20 hours,4.7,34,354,"Rp149,000",5/2025,0,0,3,https://www.udemy.com/course/the-ultimate-game-art-creation-kit-maya-substance-painter/
The Ultimate Blender 3D Modeling Guide,2167314,Alex Cordebard,"3D Modeling, Blender, 3D & Animation, Design",3D Modeling,All Levels,10 hours,4.6,571,3799,"Rp149,000",8/2025,0,0,0,https://www.udemy.com/course/blender3dmodelingguide/
"Master Interior 3D Design, Modelling & Rendering In Blender",6792345,Edward Harding,"Blender, 3D Rendering, Interior Design, 3D Modeling, Design",3D Modeling,All Levels,22 hours,4.9,57,450,"Rp149,000",8/2025,0,0,3,https://www.udemy.com/course/master-interior-3d-design-modelling-rendering-in-blender/
"Master Every Step: Modeling, Painting, Animation & Lighting",4642246,Artstudio 313,"Blender, 3D Texturing, Game Design, Process Modeling, 3D & Animation",3D Modeling,All Levels,38 hours,4.3,125,2150,"Rp149,000",3/2026,0,0,7,https://www.udemy.com/course/complete-blender-creator-modelling-to-render-total-beginners/
Blender 3D: Hard Surface Modelling,6781809,"GameDev.tv Team, Grant Abbitt","3D Game Development, Game Development Fundamentals, 3D Modeling, Blender, Game Development",3D Modeling,Intermediate,7 hours,4.7,109,953,"Rp159,000",10/2025,0,0,45,https://www.udemy.com/course/blender-3d-hard-surface-modelling/
"Blender 4 Essentials: 3D Modeling, Texturing, and Rendering",6678231,"Widhi Muttaqien, S.Kom, MMSI","Blender, 3D Rendering, 3D Modeling, UV Mapping, 3D & Animation",3D Modeling,Beginner,14.5 hours,4.6,60,1012,"Rp159,000",6/2025,0,0,3,https://www.udemy.com/course/blender-4-essentials-3d-modeling-texturing-and-rendering/
Complete Blender 2026: Beginner to Studio Ready,6775439,Artem Academy,"3D Modeling, 3D Animation, Blender, 3D Rendering, 3D & Animation",3D Modeling,Beginner,9 hours,4.6,114,737,"Rp149,000",1/2026,0,0,51,https://www.udemy.com/course/blender-start/
Blender Skill Builder: Modelling Challenges,6969141,"GameDev.tv Team, Grant Abbitt","3D Modeling, Blender, Game Development, Development",3D Modeling,Beginner,6.5 hours,4.8,53,557,"Rp159,000",2/2026,0,0,36,https://www.udemy.com/course/blender-skill-builder-modelling-challenges/
Arrimus Ultimate 3D Modeling Course,4824896,Arrimus 3D,"3D Animation, 3D & Animation, Design",3D Modeling,All Levels,74.5 hours,4.7,692,4975,"Rp149,000",11/2025,0,0,19,https://www.udemy.com/course/arrimus3d/
Maya for Beginners: Complete Guide to 3D Animation in Maya,1556128,"Video School, Lucas Ridley, Phil Ebiner","Autodesk Maya, 3D Animation, Animation, Motion Graphics, 3D & Animation",3D Modeling,All Levels,30 hours,4.6,8566,43456,"Rp159,000",3/2026,2,0,1,https://www.udemy.com/course/autodesk-maya-3d-animation-course/
3D Modeling in Blender,3580127,"Chris Plush, CG Masters","3D Modeling, Blender, 3D & Animation, Design",3D Modeling,All Levels,7 hours,4.8,814,3578,"Rp149,000",8/2022,0,0,40,https://www.udemy.com/course/3d-modeling-in-blender/
Blender 4 Creator Course Stylized 3D Models,5668564,3D Tudor,"3D Modeling, 3D Game Development, Blender, 3D & Animation, Design",3D Modeling,All Levels,20 hours,4.4,230,2507,"Rp149,000",3/2026,0,0,2,https://www.udemy.com/course/blender-4-creator-course-stylized-3d-models/
Anime Character Creator: Make 3D Anime Characters in Blender,4983852,"Grant Abbitt, GameDev.tv Team","Blender, 3D Animation, 3D Game Development, 3D Rigging, Game Development",3D Modeling,Intermediate,10.5 hours,4.5,741,7364,"Rp169,000",12/2024,1,0,62,https://www.udemy.com/course/blender-anime-character/
Substance Painter and Blender Mastery Bundle —4 Courses in 1,6711581,Aniket Rawat,"Blender, Substance Painter, 3D Texturing, 3D Modeling, 3D & Animation",3D Modeling,All Levels,40.5 hours,4.7,16,189,"Rp149,000",7/2025,0,0,1,https://www.udemy.com/course/substance-painter-and-blender-mastery-bundle-4-in-1/
Blender Total! From Basic to Advanced 3D!,2401230,Gustavo Rosa,"Blender, 3D Rendering, 3D Modeling, 3D Animation, 3D & Animation",3D Modeling,All Levels,21.5 hours,4.8,2392,9761,"Rp149,000",3/2025,0,0,64,https://www.udemy.com/course/learn-blender-28/
3D Modeling Course for Beginners in Maya,5155772,CG BLAST,"3D Modeling, Autodesk Maya, Hard Surface Modeling, 3D & Animation, Design",3D Modeling,All Levels,11.5 hours,4.6,141,622,"Rp149,000",3/2023,0,0,9,https://www.udemy.com/course/3d-modeling-course-for-beginners-in-maya/
Blender: 3D Modelling & Rigging for Beginners 2025,783800,Thomas McDonald,"Blender, 3D Animation, 3D Modeling, 3D & Animation, Design",3D Modeling,Beginner,7 hours,4.5,88,1759,"Rp149,000",11/2025,1,0,4,https://www.udemy.com/course/learn-3d-modelling-rigging/
Blender 3D for Beginners - Complete Modeling & Rendering,6826403,CGwisdom Online courses,"Blender, 3D Rendering, 3D Texturing, 3D Modeling, 3D & Animation",3D Modeling,Beginner,11.5 hours,4.6,4,38,"Rp149,000",9/2025,0,0,2,https://www.udemy.com/course/blender-3d-for-beginners-complete-modeling-rendering/
Architectural Design & Animation in Blender,1548788,Thomas McDonald,"Blender, Architectural Design, 3D Animation, Design",3D Modeling,Beginner,8 hours,4.6,1186,8825,"Rp249,000",11/2025,13,0,123,https://www.udemy.com/course/architectural-design-animation-in-blender-3d-graphics/
"Blender: 3D Game Assets, Texturing & 3D Printing Models",6934257,Nested Mango Private Limited,"Blender, 3D & Animation, Design",3D Modeling,All Levels,4 hours,5.0,1,21,"Rp149,000",3/2026,0,0,0,https://www.udemy.com/course/blender-3d-game-assets-texturing-3d-printing-models/
Blender: Precise Modeling,6175957,Allan Brito,"3D Modeling, 3D Printing, Blender, 3D & Animation, Design",3D Modeling,Beginner,10 hours,4.5,124,740,"Rp149,000",3/2026,0,0,14,https://www.udemy.com/course/blender-precise-modeling-architecture-engineering-3d-printing/
Anime Environment Masterclass - Blender & Substance Painter,6922687,Aniket Rawat,"Blender, Substance Painter, 3D Texturing, 3D Modeling, 3D & Animation",3D Modeling,All Levels,8 hours,4.5,3,134,"Rp149,000",11/2025,0,0,1,https://www.udemy.com/course/anime-environment-masterclass-blender-substance-painter/
Blender Beginner’s Bootcamp,5304476,3D Tudor,"Blender, 3D & Animation, Design",3D Modeling,All Levels,13 hours,4.4,157,1527,"Rp159,000",4/2025,0,0,1,https://www.udemy.com/course/blender-beginners-bootcamp/
Zbrush to 3d Printing: Bring your 3d Models to Life,4644750,Nexttut Education Pvt.Ltd.,"zBrush, 3D Printing, 3D & Animation, Design",3D Modeling,Intermediate,14 hours,4.6,149,1485,"Rp149,000",5/2022,0,0,0,https://www.udemy.com/course/zbrush-to-3d-printing/
Blender for Complete and Total Beginners,3660944,"Chris Plush, CG Masters","Blender, 3D Texturing, 3D Modeling, 3D Rendering, 3D & Animation",3D Modeling,Beginner,5.5 hours,4.9,1828,6246,"Rp149,000",3/2023,0,0,84,https://www.udemy.com/course/blender-3d-for-complete-and-total-beginners/
Blender 4: The Modular and Kitbash Environment Guide,6132921,3D Tudor,"Blender, 3D Environment Modeling, 3D Modeling, 3D Rendering, 3D & Animation",3D Modeling,All Levels,34.5 hours,4.7,96,1463,"Rp159,000",1/2026,0,0,2,https://www.udemy.com/course/blender-4-the-modular-and-kitbash-environment-guide/
Blender 3D Modeling Masterclass: From Beginner to Advanced,6672467,Master Devs,"Blender, 3D Rendering, 3D Modeling, 3D & Animation, Design",3D Modeling,Beginner,12 hours,4.9,9,1032,"Rp149,000",8/2025,7,0,6,https://www.udemy.com/course/blender-expert-in-3d-modeling-from-zero-to-advanced/
Interior 3D Modelling & Rendering - Blender 3D,1256760,Thomas McDonald,"Blender, Architectural Design, Design",3D Modeling,All Levels,13.5 hours,4.5,764,6769,"Rp149,000",6/2025,1,0,24,https://www.udemy.com/course/architectural-visualization/
The Ultimate Environment Art Bundle - 4 Courses in 1,5081572,Aniket Rawat,"Unreal Engine, Substance Painter, Blender, Game Design, 3D & Animation",3D Modeling,All Levels,38 hours,4.7,61,810,"Rp159,000",5/2024,0,0,1,https://www.udemy.com/course/the-ultimate-environment-art-bundle-4-courses-in-1/
Blender : 3D Modelling - Every day objects,4354752,Harshavardhan Saravanan,"3D Modeling, Blender, Hard Surface Modeling, Product Design, 3D & Animation",3D Modeling,All Levels,6 hours,4.7,81,1456,"Rp149,000",12/2022,0,0,1,https://www.udemy.com/course/3d-modelling-every-day-objects-in-blender/
3D Modular Modelling Game Assets: Blender to Unreal Engine 5,3793432,Thomas McDonald,"Blender, Level Design, Unreal Engine, Game Design, Design",3D Modeling,Intermediate,6.5 hours,4.7,145,1405,"Rp149,000",5/2025,1,0,24,https://www.udemy.com/course/modular-3d-building-mastery-in-blender-unreal-engine/
Create a Stylized Anime Room in Blender,6591647,Aniket Rawat,"Blender, Anime, 3D Texturing, 3D Modeling, 3D & Animation",3D Modeling,All Levels,5.5 hours,4.9,26,192,"Rp159,000",5/2025,0,0,1,https://www.udemy.com/course/create-a-stylized-anime-room-in-blender/
Blender for Beginners: 3D Modelling (Compatible with 4.4),6746915,"3D College, Konstantine Logan Arnaoutoglou","Blender, 3D & Animation, Design",3D Modeling,Beginner,8 hours,4.5,19,130,"Rp149,000",12/2025,2,0,8,https://www.udemy.com/course/blender-3d-for-beginners-3d-modelling-compatible-with-44/
Creative Sci-Fi Vehicle Design,6736369,Arrimus 3D,"Concept Art, 3D Modeling, 3D & Animation, Design",3D Modeling,All Levels,24 hours,4.7,8,95,"Rp149,000",9/2025,0,0,4,https://www.udemy.com/course/vehicles/
Blender 4 Modeling and Geometry Node Workshop,5941010,3D Tudor,"Blender, 3D Rendering, 3D Modeling, Game Art, 3D & Animation",3D Modeling,All Levels,29 hours,4.7,78,1177,"Rp149,000",1/2026,0,0,1,https://www.udemy.com/course/blender-4-modeling/
AI-Powered 3D Modeling for 3D Printing,6876465,Dovydas Kersys,"Artificial Intelligence (AI), 3D Modeling, 3D Printing, 3D & Animation, Design",3D Modeling,Beginner,33 mins,4.5,17,204,"Rp149,000",10/2025,0,0,0,https://www.udemy.com/course/ai-powered-3d-modeling-for-3d-printing/
Intermediate Game Asset Creation - 3D Modeling in Blender,1428764,"Concept Courses ⁯⁯⁯⁯⁯, Timothy Trankle","Blender, Game Texturing, 3D Modeling, Game Asset Creation, 3D & Animation",3D Modeling,Intermediate,4 hours,4.5,235,4903,"Rp149,000",11/2017,1,0,1,https://www.udemy.com/course/intermediate-game-asset-creation-3d-modeling-in-blender/
Blender 4.5 for beginners - Robot creation,6802427,Julien Deville,"3D Modeling, 3D Rendering, 3D Texturing, 3D Animation, 3D & Animation",3D Modeling,Beginner,10 hours,4.8,22,238,"Rp159,000",9/2025,0,0,27,https://www.udemy.com/course/blender-45-for-beginners-robot-creation/
Blender School,3765468,"Render Craft, Zerina Bandzovic","Blender, 3D Modeling, 3D & Animation, Design",3D Modeling,All Levels,55 hours,4.3,170,1654,"Rp149,000",6/2021,30,0,37,https://www.udemy.com/course/blender-academy-2/
Introduction to 3D Modeling with Nomad Sculpt,5247970,Dave Reed,"3D Modeling, 3D Sculpting, Character Modeling, Character Design, 3D & Animation",3D Modeling,Beginner,2 hours,4.7,507,2157,"Rp159,000",4/2023,0,0,3,https://www.udemy.com/course/nomadsculpt/
Introduction to Blender and 3D Modeling for Beginners,6058841,Monica 3D,"3D Modeling, 3D & Animation, Design",3D Modeling,Beginner,6.5 hours,4.6,38,251,"Rp149,000",8/2024,0,0,1,https://www.udemy.com/course/introduction-to-blender-and-3d-modeling-for-beginners/
Blender Character Creation Megacourse: Beginner to Expert,5078738,Skillademia Academy,"Blender, 3D Modeling, 3D Animation, 3D Texturing, 3D & Animation",3D Modeling,All Levels,81.5 hours,4.3,118,5174,"Rp149,000",3/2026,0,0,4,https://www.udemy.com/course/blender-character-creation-megacourse-beginner-to-expert/
Learn 3D Animation - The Ultimate Blender A-Z Guide,922654,Alex Cordebard,"3D Animation, 3D Modeling, Animation, Blender, 3D & Animation",3D Modeling,All Levels,28.5 hours,4.7,2385,19835,"Rp149,000",3/2026,0,0,11,https://www.udemy.com/course/blendercourse/
Blender 3D – Model a Medieval Researcher’s Desk,7030351,"3D Tudor, Luke PolyGoods 3D","Blender, 3D Environment Modeling, 3D Modeling, 3D Texturing, 3D & Animation",3D Modeling,All Levels,9.5 hours,4.5,6,62,"Rp149,000",1/2026,0,0,1,https://www.udemy.com/course/blender-3d-model-a-medieval-researchers-desk/
Blender 3D - From Zero to Your First Character!,5582562,Gustavo Rosa,"Blender, 3D Modeling, Character Design, Character Modeling, 3D & Animation",3D Modeling,Beginner,10 hours,4.8,139,696,"Rp149,000",3/2025,0,0,4,https://www.udemy.com/course/blender-characters/
Complete Onshape for Beginners: Project-Based Approach,6719623,CADArtifex LLC,"Onshape, Design Tools, Design",3D Modeling,All Levels,8 hours,4.4,59,1300,"Rp149,000",10/2025,1,0,92,https://www.udemy.com/course/complete-onshape-for-beginners-project-based-approach/
"From Photo to Realistic 3d model in Blender, step-by-step",5394848,Sime Bugarija,"Blender, 3D & Animation, Design",3D Modeling,Beginner,2.5 hours,4.7,29,190,"Rp159,000",6/2023,0,0,2,https://www.udemy.com/course/from-photo-to-realistic-3d-model-in-blender-step-by-step/
Blender 3D Modeling: Basics to Advanced - Ultimate Course,5313502,Muhammad Junaid Alam,"Blender, 3D Texturing, 3D Modeling, 3D & Animation, Design",3D Modeling,All Levels,4.5 hours,4.2,84,817,"Rp149,000",6/2023,0,0,4,https://www.udemy.com/course/blender-3d-modeling-basics-to-advanced-ultimate-course-for-beginners/
Plasticity Modeling Guide by Arrimus 3D,5256126,Arrimus 3D,"3D Modeling, 3D & Animation, Design",3D Modeling,All Levels,47.5 hours,4.4,436,3171,"Rp149,000",7/2024,0,0,15,https://www.udemy.com/course/plasticity-modeling-guide-by-arrimus-3d/
Blender and Substance Painter - Game Asset Creation,6886541,3D Tudor,"3D Modeling, Substance Painter, Blender, 3D Game Development, 3D & Animation",3D Modeling,All Levels,8 hours,4.3,28,250,"Rp149,000",1/2026,0,0,1,https://www.udemy.com/course/blender-and-substance-painter-game-asset-creation/
Blender 3D Modeling for Games - COMPLETE WORKFLOW,6664911,Master Devs,"Blender, 3D Game Development, 3D Modeling, 3D & Animation, Design",3D Modeling,Beginner,13 hours,4.5,13,1068,"Rp149,000",8/2025,5,0,6,https://www.udemy.com/course/blender-3d-modeling-for-games-complete-workflow/
Character Modeling: Master the Anatomy of 3D Characters,2344370,Abdelilah Hamdani,"Character Design, Character Modeling, 3D & Animation, Design",3D Modeling,Beginner,1.5 hours,4.3,284,18311,"Rp149,000",7/2022,0,0,2,https://www.udemy.com/course/character-modeling/
Blender Express: Learn 3D Modeling Fast,4958984,"Marius Worch, Vincent Koehler","Blender, 3D Sculpting, 3D & Animation, Design",3D Modeling,Intermediate,9 hours,4.6,59,483,"Rp149,000",11/2023,0,0,10,https://www.udemy.com/course/blendermasterclass/
Your First Beauty Product Animation in Blender,6702339,david Jaasma,"Blender, 3D Rendering, 3D Animation, 3D Modeling, 3D & Animation",3D Modeling,Intermediate,3 hours,4.6,9,48,"Rp149,000",7/2025,0,0,7,https://www.udemy.com/course/your-first-beauty-product-animation-in-blender/
"Blender for Beginners: 3D Modeling, Animation & Rendering",6787691,Kubilay Altındiş,"Blender, Design Thinking, 3D Modeling, 3D & Animation, Design",3D Modeling,All Levels,10.5 hours,4.8,6,35,"Rp149,000",12/2025,0,0,3,https://www.udemy.com/course/blender-course-for-beginners/
Shapr 3D the complete course,4965214,Nicolas Forgue,"CAD Software, 3D Sketching, FreeCAD, Design Tools, Design",3D Modeling,All Levels,10 hours,4.3,180,948,"Rp149,000",11/2022,0,0,0,https://www.udemy.com/course/shapr-3d-le-cours-complet/
TinkerCAD for 3D Models and Printing Zero to Hero in hours,4667164,Naman kumar Gandhi,"3D Modeling, Design Tools, Design",3D Modeling,All Levels,1.5 hours,4.7,339,3764,"Rp149,000",3/2024,0,0,0,https://www.udemy.com/course/ultimate-design-course-on-tinkercad-zero-to-hero-in-hours/
Learn Blender 3D Modeling for Unity Video Game Development,625846,Billy McDaniel,"Blender, Game Development Fundamentals, 3D Modeling, Unity, Game Design",3D Modeling,Beginner,11.5 hours,4.7,2130,15452,"Rp159,000",3/2025,4,0,3,https://www.udemy.com/course/learn-blender-3d-modeling-for-unity-video-game-development/
3D Modelling Mastery: Blender For Rendering for 2025,5779504,Thomas McDonald,"Blender, Other Design, Design",3D Modeling,Beginner,3 hours,4.5,24,228,"Rp149,000",11/2025,1,0,36,https://www.udemy.com/course/blender-4-mastery-techniques-for-model-assembly/
SketchUp Masterclass- for Architects and 3D Modelers,5791966,Amir Karami • BIM,"SketchUp, Interior Design, 3D Modeling, Architectural Design, Design",3D Modeling,All Levels,27.5 hours,4.4,363,8355,"Rp159,000",8/2025,2,0,5,https://www.udemy.com/course/sketchup-masterclass-for-architects-and-3d-modelers/
Blender Academy,3665012,"Render Craft, Dino Bandzovic","Blender, 3D Modeling, 3D & Animation, Design",3D Modeling,All Levels,50.5 hours,4.2,138,1575,"Rp149,000",6/2021,37,0,55,https://www.udemy.com/course/blender-academy/
Learn 3D Animation - The Ultimate Blender A-Z Guide,1961224,Alex Cordebard,"Blender, Animation, 3D Animation, 3D & Animation, Design",3D Modeling,Beginner,28.5 hours,4.6,1938,9925,"Rp149,000",3/2026,0,0,11,https://www.udemy.com/course/ultimateblendercourse/
Master Interior Visualization in Blender - Complete Course,6827695,CGwisdom Online courses,"3D Rendering, 3D Texturing, 3D Modeling, Blender, 3D & Animation",3D Modeling,Beginner,10.5 hours,4.1,3,48,"Rp149,000",9/2025,0,0,2,https://www.udemy.com/course/master-interior-visualization-in-blender-complete-course/
3ds Max Fundamentals: 3D Modeling and Look Development,4125436,"Widhi Muttaqien, S.Kom, MMSI","Autodesk 3ds Max, 3D Modeling, 3D Texturing, 3D & Animation, Design",3D Modeling,Beginner,15.5 hours,4.6,263,931,"Rp149,000",6/2021,1,0,1,https://www.udemy.com/course/3ds-max-fundamentals-3d-modeling-and-look-development/
Introduction To 3d Modelling in Plasticity,5929322,Nexttut Education Pvt.Ltd.,"3D Modeling, 3D & Animation, Design",3D Modeling,Beginner,19.5 hours,4.2,90,701,"Rp159,000",6/2024,0,0,1,https://www.udemy.com/course/introduction-to-3d-modelling-in-plasticity/
Architectural 3D Design: Blender Hands-On,2162366,Thomas McDonald,"Blender, Architectural Design, Design",3D Modeling,All Levels,4.5 hours,4.6,359,2521,"Rp149,000",11/2025,1,0,2,https://www.udemy.com/course/blender-2_8-architectural-course-beginner-to-intermediate/
Create Your First 3D Animated Short Film in Blender,6900167,My 3D Class,"3D Animation, Character Animation, 3D Modeling, Blender, 3D & Animation",3D Modeling,Beginner,17.5 hours,4.6,5,50,"Rp159,000",2/2026,0,0,26,https://www.udemy.com/course/create-your-first-3d-animated-short-film-in-blender/
AI-Powered 3D Modeling: A Step-by-Step Guide for Beginners,6403867,"John Caffier, George Fielding","3D Modeling, Artificial Intelligence (AI), Other IT & Software, IT & Software",3D Modeling,All Levels,4.5 hours,5.0,3,313,"Rp149,000",6/2025,0,0,1,https://www.udemy.com/course/ai-powered-3d-modeling-a-step-by-step-guide-for-beginners/
Maya 3D Masterclass - Modeling a 3D Sci-Fi Vehicle in Maya,3722808,Digital Saucer Studios,"3D Lighting, 3D Modeling, 3D Rendering, Autodesk, 3D & Animation",3D Modeling,All Levels,23 hours,4.7,67,13103,Free,12/2020,0,0,17,https://www.udemy.com/course/maya-3d-masterclass-modeling-a-3d-sci-fi-vehicle-in-maya/
3D Modeling with 3ds Max : The Quickest Way,3381414,"Jake Denham BA, MA, Official V-Ray Mentor, Luxury Visuals","3D Modeling, Autodesk 3ds Max, 3D & Animation, Design",3D Modeling,All Levels,3.5 hours,4.4,255,1253,"Rp159,000",6/2025,1,0,0,https://www.udemy.com/course/3d-modelling-with-3ds-max/
"Blender 3D: Model, Rig, Texture for Unreal & Unity",2425878,Thomas McDonald,"Blender, Game Design, Design",3D Modeling,Beginner,8.5 hours,4.6,210,2140,"Rp149,000",5/2025,1,0,28,https://www.udemy.com/course/game-asset-bootcamp-blender-28-unreal-engine-unity/
The complete course of AutoCAD 3D,914338,Jaiprakash Pandey,"AutoCAD, 3D & Animation, Design",3D Modeling,Intermediate,5.5 hours,4.5,1504,7013,"Rp159,000",5/2022,0,0,1,https://www.udemy.com/course/autocad-3d-2016-course/
3D Studio Max Masterclass 2025: Your Path to a Pro 3D Artist,6315765,Syed Muneeb Mohsin,"Autodesk 3ds Max, 3D & Animation, Design",3D Modeling,All Levels,21 hours,4.2,25,188,"Rp149,000",1/2026,2,0,39,https://www.udemy.com/course/3ds-max-from-beginner-to-professional-level/
Beginners Guide to 3D Printing - Bootcamp with Fusion 360,5215802,Philip Cotton,"3D Printing, Autodesk Fusion, CAD Software, 3D & Animation, Design",3D Modeling,Beginner,4 hours,4.6,193,1168,"Rp149,000",5/2024,0,0,13,https://www.udemy.com/course/beginners-ultimate-guide-to-3d-printing-fusion-360/
Blender for Complete Beginners,6225057,Allan Brito,"3D Modeling, 3D Rendering, 3D Texturing, 3D Animation, 3D & Animation",3D Modeling,Beginner,14 hours,4.3,45,236,"Rp149,000",3/2026,0,0,17,https://www.udemy.com/course/blender-43-for-beginners/
Learn 3D Modelling & Animation from Scratch with Blender 3D,399414,Richard Sneyd,"3D Animation, Animation, Blender, 3D & Animation, Design",3D Modeling,All Levels,6 hours,4.1,62,867,"Rp149,000",4/2016,0,0,1,https://www.udemy.com/course/learn-3d-modelling-animation-from-scratch-with-blender-3d/
Blender 3D Model a Ghibli Art Stylized Scene,4036136,3D Tudor,"Blender, 3D Modeling, Game Art, Game Design, Game Development",3D Modeling,All Levels,24 hours,4.7,108,13732,"Rp149,000",8/2024,0,0,7,https://www.udemy.com/course/blender-ghibli-beginners-3d-model-guide-oriental-stylized-scene/
3D Modeling in 3ds Max: From Beginner to Intermediate,5978660,Konstantinos Bakas,"3D Modeling, 3D & Animation, Design",3D Modeling,Beginner,6.5 hours,4.5,13,39,"Rp249,000",10/2024,2,0,0,https://www.udemy.com/course/3d-modeling-in-3ds-max-for-beginners/
PTC Onshape Course (CAD and PDM System),5119560,Paulo Villarreal,"Onshape, CAD Software, Other Design, Design",3D Modeling,Intermediate,23 hours,4.7,134,780,"Rp149,000",3/2026,0,0,43,https://www.udemy.com/course/onshape-course/
Realistic 3D Prop for Films in Blender,5415204,Victory3D LLC,"Digital Art, Game Design, Design",3D Modeling,Intermediate,17.5 hours,4.1,19,371,"Rp149,000",11/2024,0,0,3,https://www.udemy.com/course/realistic-prop-for-films-in-blender/
Master 3ds Max: Learn PRO 3D Modeling and Rendering Fast!,840958,Adam Zollinger (Learn Archviz),"Autodesk 3ds Max, 3D Animation, 3D & Animation, Design",3D Modeling,All Levels,12.5 hours,4.3,2069,11481,"Rp159,000",4/2025,11,0,4,https://www.udemy.com/course/learn-3ds-max/
Anime in Blender - Create 2 Stylized Scenes,6498177,Aniket Rawat,"Blender, Anime, 3D Modeling, 3D Texturing, 3D & Animation",3D Modeling,All Levels,6 hours,4.8,18,219,"Rp159,000",3/2025,0,0,1,https://www.udemy.com/course/anime-in-blender-create-2-stylized-scenes/
Mastering 3D Modeling With Blender For Beginners,2538246,Danan Thilakanathan,"3D Modeling, Blender, 3D & Animation, Design",3D Modeling,Beginner,9.5 hours,4.2,243,7360,"Rp149,000",12/2019,0,0,7,https://www.udemy.com/course/mastering-3d-modeling-with-blender-for-beginners/
Build & 3D Model Huge and Complete Unity® Games from Scratch,2085674,"Mammoth Interactive, John Bura","3D Game Development, Game Development Fundamentals, Blender, Unity, Game Development",3D Modeling,All Levels,65 hours,4.8,21,514,"Rp149,000",3/2025,28,0,24,https://www.udemy.com/course/build-and-model-3d-unity-games-from-scratch/
Make a Cinematic Car Chase Short Film Animation in Blender,2547515,Abdelilah Hamdani,"Photorealistic Rendering, Blender, 3D & Animation, Design",3D Modeling,Beginner,8.5 hours,4.5,368,3880,"Rp159,000",7/2025,0,0,30,https://www.udemy.com/course/cinematic-bridge-in-blender/
The Complete Guide to PTC Onshape (CAD),3590552,"Learn-Ed Online, Mathew Alexander MEng CEng MIMechE, Morgan Brown","Onshape, Design Tools, Design",3D Modeling,Beginner,10 hours,4.5,538,2255,"Rp149,000",10/2023,0,0,63,https://www.udemy.com/course/the-complete-guide-to-ptc-onshape-cad/
CAD Design 101 | 3D modelling for beginners (by an engineer),3942004,M.Eng. Johannes Wild,"CAD Software, Engineering Instruction, 3D Modeling, 3D & Animation, Design",3D Modeling,All Levels,1.5 hours,4.2,67,329,"Rp149,000",8/2021,0,0,7,https://www.udemy.com/course/cad-design-101-3d-modelling-for-beginners/
3D Architectural Visualization in Blender – Design Tools,1038728,Thomas McDonald,"Blender, Interior Design, User Experience (UX) Design, Architectural Design, Design",3D Modeling,All Levels,7 hours,4.6,479,5444,"Rp159,000",5/2025,4,0,5,https://www.udemy.com/course/architectural-design-tools-in-blender/
"Spline Course: 3D Modelling, Animating and Web Integration",6114881,its David,"3D Animation, Web Design, 3D Modeling, User Experience (UX) Design, 3D & Animation",3D Modeling,All Levels,9.5 hours,4.5,65,301,"Rp549,000",9/2024,0,0,2,https://www.udemy.com/course/spline-course-3d-modelling-animating-and-web-integration/
Tinkercad the complete course,4452744,Nicolas Forgue,"Tinkercad, 3D Modeling, 3D & Animation, Design",3D Modeling,All Levels,9.5 hours,4.5,34,206,"Rp149,000",1/2026,0,0,0,https://www.udemy.com/course/3d-modeling-with-tinkercad/
Getting Started With Blender (Beginners to Pro Level Guide),6925973,RENDERLINX STUDIO,"Blender, Digital Character Sculpting, 3D Texturing, 3D Modeling, 3D & Animation",3D Modeling,Beginner,7 hours,4.7,19,59,"Rp149,000",2/2026,0,0,1,https://www.udemy.com/course/getting-started-with-blender_p/
Learn Blender 3D - Master the art of 3D modelling,705180,Joe Baily,"3D Modeling, 3D Animation, Art History, Blender, 3D & Animation",3D Modeling,All Levels,6 hours,4.6,41,380,"Rp149,000",2/2019,1,0,1,https://www.udemy.com/course/learn-blender-3d-the-complete-modelling-course/
Blender VFX Liquid Smoke & Fire,4352066,3D Tudor,"Blender, 3D Animation, 3D Modeling, VFX Visual Effects, 3D & Animation",3D Modeling,Beginner,8 hours,4.6,35,2627,"Rp149,000",8/2024,0,0,2,https://www.udemy.com/course/blender-vfx-liquid-smoke-fire/
Advanced Prop Modeling - 3D Modeling in Blender,1867412,"Concept Courses ⁯⁯⁯⁯⁯, Timothy Trankle","Blender, 3D Modeling, 3D Sculpting, UV Mapping, 3D & Animation",3D Modeling,Expert,6 hours,4.5,103,1536,"Rp149,000",9/2018,1,0,2,https://www.udemy.com/course/advanced-3d-prop-modeling-in-blender/
3D Modeling for 3D Printing and Laser Cutting on Fusion 360,3730862,Larno Visser,"Autodesk Fusion, 3D Modeling, 3D Printing, Prototyping, 3D & Animation",3D Modeling,Beginner,4 hours,4.6,254,1855,"Rp149,000",8/2021,0,0,17,https://www.udemy.com/course/3d-modeling-for-3d-printing-and-laser-cutting-on-fusion-360/
Blender 3: Stylized Scene The Ultimate Guide,4660088,3D Tudor,"Blender, 3D Modeling, Game Art, 3D & Animation, Design",3D Modeling,Beginner,24.5 hours,4.6,25,626,"Rp149,000",4/2025,0,0,1,https://www.udemy.com/course/blender-3-stylized-scene-the-ultimate-guide/
Roar to Life: 3D Model a Spinosaurus Dinosaur in Blender,5665194,Rachele Projects,"Blender, Dinosaur, 3D Modeling, 3D & Animation, Design",3D Modeling,Intermediate,9 hours,4.6,5,68,"Rp149,000",2/2024,5,0,52,https://www.udemy.com/course/3d-spino-blender/
Blender 3D Modeling & Animation : 20+ 3D Projects in Blender,1150682,"Raja Biswas, Charger Games","Blender, Debugging, Game Development Fundamentals, 3D Modeling, 3D & Animation",3D Modeling,Beginner,17.5 hours,4.4,169,1388,"Rp149,000",3/2026,2,0,1,https://www.udemy.com/course/blender-3d-modelling-for-unity-game-development/
Create 3D Design Model for 3D Printing in 2 Minutes,6984587,Ayman Khoshouey,"Substance 3D Designer, 3D & Animation, Design",3D Modeling,All Levels,1.5 hours,5.0,2,4,"Rp149,000",1/2026,0,0,0,https://www.udemy.com/course/create-3d-design-model-for-3d-printing-in-2-minutes/
Create a Stunning House in 3D Using Blender,6940033,"Widhi Muttaqien, S.Kom, MMSI","Blender, 3D Rendering, 3D Modeling, Architectural Design, Design",3D Modeling,Intermediate,5 hours,4.8,6,88,"Rp149,000",11/2025,0,0,1,https://www.udemy.com/course/create-a-stunning-house-in-3d-using-blender/
Sculpt 3D Printable Skeleton Warriors in Zbrush,2863514,"Christian McNachtan, Joshua O'Hala","3D Modeling, 3D Printing, 3D Sculpting, 3D & Animation, Design",3D Modeling,All Levels,11.5 hours,4.8,63,546,"Rp149,000",3/2020,0,0,2,https://www.udemy.com/course/sculpt-3d-printable-skeleton-warriors/
Learn How to Create Simple 3D Models in Blender,6123003,VISHAL SAHU,"3D Modeling, Blender, 3D & Animation, Design",3D Modeling,All Levels,5 hours,4.3,33,1023,"Rp149,000",3/2025,0,0,0,https://www.udemy.com/course/learn-how-to-create-simple-3d-objects-in-blender/
Quick and Easy 60+ Blender Projects For Beginners,6137723,My 3D Class,"Blender, 3D & Animation, Design",3D Modeling,Beginner,7 hours,4.3,19,160,"Rp149,000",1/2026,0,0,2,https://www.udemy.com/course/quick-and-easy-60-blender-projects-for-beginners/
Blender 3D Animation: Full Modeling to Animation Workflow,6372715,Artstudio 313,"3D Animation, 3D & Animation, Design",3D Modeling,All Levels,14.5 hours,4.4,38,2922,"Rp149,000",3/2026,0,0,3,https://www.udemy.com/course/blender-43-essentials-free-3d-to-animation-crash-course/
Creating a Cartoon Monster in Maya 2020,3567857,Digital Saucer Studios,"3D Lighting, 3D Modeling, 3D Rendering, 3D Texturing, 3D & Animation",3D Modeling,All Levels,13 hours,4.9,14,6298,"Rp149,000",11/2020,0,0,3,https://www.udemy.com/course/creating-a-cartoon-monster-in-maya-2020/
Ancient Ruins 3D Game Environment in Blender,3069714,Victory3D LLC,"Game Design, Design",3D Modeling,Intermediate,26 hours,4.3,147,1535,"Rp149,000",5/2020,0,0,5,https://www.udemy.com/course/ancient-ruins-game-environment/
Blender 2.8 UV Mapping,2376364,Darrin Lile,"Blender, 3D & Animation, Design",3D Modeling,Beginner,6 hours,4.6,513,2626,"Rp149,000",6/2019,0,0,3,https://www.udemy.com/course/blender-28-uv-mapping/
Geometry Nodes in Blender 4: Create Complex 3D Models,5765234,"GameDev.tv Team, Stephen Woods","Blender, 3D Animation, 3D Modeling, 3D & Animation, Design",3D Modeling,Intermediate,10.5 hours,4.7,111,1708,"Rp149,000",5/2024,0,0,44,https://www.udemy.com/course/geometry-nodes-in-blender-4/
Advance Maya Modeling,3082796,Waelthepro m,"Autodesk Maya, 3D & Animation, Design",3D Modeling,Intermediate,5.5 hours,4.2,22,116,"Rp149,000",5/2020,0,0,0,https://www.udemy.com/course/advance-maya-modeling/
Creating your first 3D Model with Nomad Sculpt,5246134,Dave Reed,"3D Sculpting, 3D & Animation, Design",3D Modeling,Beginner,1.5 hours,4.7,96,521,"Rp149,000",4/2023,0,0,4,https://www.udemy.com/course/3dcarrot/
Blender 3D Modeling Class : Design Stunning Fantasy World,4582396,Muhammed Kosek,"3D Modeling, Blender, NFT (Non-Fungible Tokens), Metaverse, 3D & Animation",3D Modeling,All Levels,6.5 hours,4.7,14,2049,"Rp169,000",11/2024,0,0,12,https://www.udemy.com/course/the-complete-epic-3d-metaverse-and-nft-designing/
3D Character Modeling Tutorial in Nomad Sculpt,5336234,Dave Reed,"3D Modeling, Character Design, 3D Sculpting, 3D & Animation, Design",3D Modeling,Intermediate,2.5 hours,4.8,97,910,"Rp149,000",5/2023,0,0,5,https://www.udemy.com/course/geckowarrior/
3D Modeling with Blender : Create a Realistic Subway,6024116,Cemal Yağmur,"Blender, 3D & Animation, Design",3D Modeling,Beginner,4 hours,4.6,3,80,"Rp149,000",9/2024,0,0,3,https://www.udemy.com/course/blender-subway-interior-modeling/
Game Asset Crash Course - 3D Modeling in Blender and 3D-Coat,1305229,"Concept Courses ⁯⁯⁯⁯⁯, Timothy Trankle","Blender, Game Texturing, 3D Modeling, Game Asset Creation, 3D & Animation",3D Modeling,Beginner,2.5 hours,4.5,453,7519,"Rp149,000",4/2019,3,0,3,https://www.udemy.com/course/game-asset-crash-course-3d-modeling-in-blender-and-3d-coat/
ZBrush Preparing 3D Scans for 3D printing!,1632534,David Newton,"3D Printing, zBrush, 3D & Animation, Design",3D Modeling,All Levels,3.5 hours,4.9,6,161,"Rp149,000",4/2018,1,0,1,https://www.udemy.com/course/zbrush-preparing-3d-scans-for-3d-printing/
Create a High Quality Asset in Blender and Substance Painter,4313464,Aniket Rawat,"Blender, 3D Modeling, 3D Texturing, Substance Painter, 3D & Animation",3D Modeling,All Levels,3 hours,4.6,18,146,"Rp149,000",6/2025,0,0,1,https://www.udemy.com/course/create-high-quality-asset-in-blender-and-substance-painter/
The Ultimate Blender 3D Architecture Course,4476696,Alex Cordebard,"Blender, 3D & Animation, Design",3D Modeling,All Levels,16 hours,4.6,411,3169,"Rp149,000",3/2026,0,0,23,https://www.udemy.com/course/blender-3d-architecture-course/
Learn Blender 3D - Become a 3D artist today,644614,Joe Baily,"Blender, 3D Animation, 3D & Animation, Design",3D Modeling,All Levels,21 hours,4.5,100,827,"Rp149,000",6/2021,1,0,3,https://www.udemy.com/course/blender-3d-for-beginners-becoming-a-3d-artist/
3D modelling from Scratch to Advance,4190468,Ishank Popli,"Blender, 3D Sculpting, 3D & Animation, Design",3D Modeling,Beginner,2 hours,4.2,7,22,"Rp149,000",8/2021,0,0,0,https://www.udemy.com/course/3d-modelling-from-scratch-to-advance/
3D Modeling In Mudbox - A Definitive Mudbox Tutorial,107552,Infinite Skills,"Mudbox, 3D Animation, Financial Modeling, 3D & Animation, Design",3D Modeling,All Levels,9.5 hours,4.4,60,564,"Rp149,000",1/2017,1,0,2,https://www.udemy.com/course/3d-modeling-in-mudbox/
Futuristic Sci-Fi Game Environment in Blender,2936638,Victory3D LLC,"Game Design, Blender, Design",3D Modeling,Intermediate,19 hours,4.5,59,710,"Rp149,000",4/2020,0,0,4,https://www.udemy.com/course/futuristic-game-environment/
3D Modeling & Animation with Maya,2548797,Ben Taylor,"3D Modeling, Autodesk Maya, 3D & Animation, Design",3D Modeling,Beginner,12.5 hours,4.5,463,10276,"Rp149,000",10/2022,0,0,22,https://www.udemy.com/course/3d-modeling-animation-with-maya/
Complete FreeCAD for Beginners – No Experience Needed,6728503,CADArtifex LLC,"FreeCAD, Design Tools, Design",3D Modeling,All Levels,5.5 hours,4.3,180,856,"Rp159,000",9/2025,1,0,81,https://www.udemy.com/course/complete-freecad-for-beginners-no-experience-needed/
Blender 3D : The Ultimate Guide to 3D Modelling,2177400,Team Augmeticc,"3D Modeling, Blender, Game Development, Development",3D Modeling,Beginner,3 hours,4.3,17,1350,"Rp149,000",11/2025,0,0,3,https://www.udemy.com/course/theultimateblendercourse/
I use Blender: 3D Modeling,4441750,Mitchell Nickerson,"3D Modeling, 3D & Animation, Design",3D Modeling,Beginner,3.5 hours,3.7,4,23,"Rp149,000",3/2022,0,0,1,https://www.udemy.com/course/i-use-blender-3d-modeling/
Complete Nomad Sculpt Course: Beginner to Expert,7010737,Skillademia Academy,"3D Texturing, 3D Animation, 3D Modeling, 3D & Animation, Design",3D Modeling,All Levels,6 hours,3.7,4,35,"Rp149,000",3/2026,0,0,1,https://www.udemy.com/course/complete-nomad-sculpt-course-beginner-to-expert/
3d modelling - a Modo modeling guide,797952,Daniel Cremers,"3D Modeling, 3D Sculpting, 3D & Animation, Design",3D Modeling,Beginner,19 hours,4.1,98,734,"Rp149,000",9/2022,0,0,1,https://www.udemy.com/course/3d-modeling-in-modo/
Learn 3D Animation - The Ultimate Blender A-Z Guide,7060815,My 3D Class,"3D Animation, Character Animation, 3D Modeling, Blender, 3D & Animation",3D Modeling,All Levels,13 hours,5.0,3,11,"Rp149,000",3/2026,0,0,26,https://www.udemy.com/course/learn-3d-animation-the-ultimate-blender-a-z-guide/
Blender 3 The Ultimate Medieval Scene Course,4525234,3D Tudor,"Blender, 3D Animation, 3D Modeling, Game Art, 3D & Animation",3D Modeling,All Levels,17 hours,4.6,191,2964,"Rp149,000",4/2025,0,0,1,https://www.udemy.com/course/blender-3-course/
Integrate A.I. Into Your 3D Workflow!,6653713,Arrimus 3D,"AI Art Generation, AI Content Generation, 3D Modeling, 3D Rendering, 3D & Animation",3D Modeling,All Levels,8.5 hours,4.5,14,82,"Rp149,000",3/2026,0,0,1,https://www.udemy.com/course/arrimusai/
SelfCAD 3D the complete course 3D modeling,4730420,Nicolas Forgue,"SelfCAD, 3D Modeling, 3D & Animation, Design",3D Modeling,All Levels,10 hours,4.2,17,70,"Rp149,000",11/2023,0,0,0,https://www.udemy.com/course/selfcad-3d-modeling/
Zbrush Character Modeling and Sculpting: Zbrush Course,2621930,"Video School, Phil Ebiner, Class Creatives","Character Design, Character Modeling, zBrush, Digital Character Sculpting, 3D & Animation",3D Modeling,Beginner,4 hours,4.4,139,1247,"Rp149,000",11/2025,4,0,2,https://www.udemy.com/course/character-modeling-and-character-sculpting-in-zbrush-course/
Creating a Nintendo GameBoy in Blender and Substance Painter,5507786,Aniket Rawat,"Blender, Substance Painter, 3D Texturing, 3D Modeling, 3D & Animation",3D Modeling,All Levels,5.5 hours,4.5,26,132,"Rp149,000",5/2024,0,0,1,https://www.udemy.com/course/creating-a-nintendo-gameboy-in-blender-and-substance-painter/
"Architectural 3D Modeling & Rendering: FreeCAD, Blender 2025",2973770,Thomas McDonald,"CAD Software, Architectural Design, Design",3D Modeling,Beginner,6 hours,4.5,197,1885,"Rp149,000",7/2025,2,0,27,https://www.udemy.com/course/architectural-cad-modelling-and-rendering-for-beginners/
Intro to 3d Modeling Using Blender,349078,3dmotive LLC,"3D Modeling, 3D Animation, Blender, Game Development, Development",3D Modeling,Beginner,5.5 hours,4.2,142,1719,"Rp149,000",9/2016,2,0,5,https://www.udemy.com/course/3dmotive-intro-to-3d-modeling-using-blender/
Blender 101: LEARN 3D Modeling for Complete Beginners 2025,2068949,Anass Cherkaoui,"3D Modeling, 3D & Animation, Design",3D Modeling,Beginner,10.5 hours,4.1,13,125,"Rp149,000",3/2026,2,0,2,https://www.udemy.com/course/introduction-to-modeling-in-blender-z/
3D Topographical Earth in Blender,2679846,Sean Bradley,"Blender, 3D Modeling, 3D & Animation, Design",3D Modeling,All Levels,1 hour,4.5,57,255,"Rp149,000",2/2025,0,0,4,https://www.udemy.com/course/blender-earth/
Blender Mastery: From Basics to Advanced Modeling,6035180,EDUCBA Bridging the Gap,"Blender, Design Tools, Design",3D Modeling,All Levels,10.5 hours,4.5,2,1143,"Rp149,000",6/2024,0,0,0,https://www.udemy.com/course/blender-mastery-from-basics-to-advanced-modeling/
Blender 4 for Complete Beginners,6278181,Aniket Rawat,"Blender, 3D Rendering, 3D Texturing, 3D Modeling, 3D & Animation",3D Modeling,All Levels,21 hours,4.1,4,89,"Rp149,000",11/2024,0,0,1,https://www.udemy.com/course/blender-4-for-complete-beginners/
3D Prop Creation in Blender 3D and Substance Painter,4296874,Aniket Rawat,"3D Modeling, 3D Texturing, Game Texturing, Hard Surface Modeling, 3D & Animation",3D Modeling,All Levels,3 hours,4.5,22,119,"Rp149,000",5/2024,0,0,1,https://www.udemy.com/course/creating-pokedex-in-blender-and-substance-painter/
3D Modeling for Video Games : Beginners Guide,2123478,Bradley Wascher,"3D Modeling, 3D & Animation, Design",3D Modeling,Beginner,6.5 hours,4.7,122,575,"Rp149,000",3/2019,0,0,0,https://www.udemy.com/course/3d-modeling-for-video-games-beginners-guide/
Become a pro at 3D product modeling with blender.,5192968,david Jaasma,"Blender, 3D & Animation, Design",3D Modeling,Beginner,2.5 hours,4.4,48,249,"Rp149,000",3/2023,1,0,4,https://www.udemy.com/course/become-a-pro-at-3d-product-modeling-with-blender/
Blender 3D for AR VR: Modeling and Animation Masterclass,6994401,IEM Learning,"Blender, SketchUp, Figma, Canva, 3D & Animation",3D Modeling,Beginner,5 hours,4.7,432,860,"Rp149,000",2/2026,0,0,0,https://www.udemy.com/course/ar-vr-for-professionals-series-1/
3D Architectural Design Mastery with Blender,860778,Thomas McDonald,"Blender, Architectural Design, 3D Modeling, 3D Rendering, Design",3D Modeling,Beginner,7.5 hours,4.4,582,4971,"Rp149,000",11/2025,1,0,4,https://www.udemy.com/course/house-design-in-blender/
Female Barbarian Warrior Vol. 1 - Sculpting in Zbrush,2069227,Victory3D LLC,"Game Design, Design",3D Modeling,Intermediate,17 hours,4.6,39,489,"Rp149,000",2/2020,0,0,4,https://www.udemy.com/course/female-character-in-zbrush/
Revit Architecture 2023 - Villa 3D Modeling,5788934,Ghasem Ariyani • BIM Manager,"3D Modeling, Building Information Modeling (BIM), Revit, Fashion Design, Design",3D Modeling,All Levels,4.5 hours,4.9,43,2035,"Rp149,000",4/2025,2,0,1,https://www.udemy.com/course/revit-architecture-2023-villa-3d-modeling/
Blender Basics: A Quick Intro to 3D Modeling and Rendering,5249204,"La Boite Pingouin, Frank O. Meloche","Blender, 3D & Animation, Design",3D Modeling,All Levels,2 hours,4.5,4,23,"Rp149,000",4/2023,1,0,7,https://www.udemy.com/course/blender-basics-a-quick-intro-to-3d-modeling-and-rendering/
Create a 3d NFT Character in Blender 3d - Blender Basics,4618086,Haider Studio,"Blender, 3D & Animation, Design",3D Modeling,Beginner,36 mins,5.0,1,5,"Rp149,000",4/2022,0,0,0,https://www.udemy.com/course/create-a-3d-nft-character-in-blender-3d-for-free-blender/
Autodesk Maya || Textures Baking,5177338,Animatics Studio,"Autodesk Maya, 3D Modeling, 3D & Animation, Design",3D Modeling,All Levels,37 mins,4.6,5,20,"Rp149,000",3/2023,0,0,2,https://www.udemy.com/course/autodesk-maya-textures-baking/
The Complete FreeCAD Bootcamp 2025,5941056,The Tech Courses,"FreeCAD, 3D Modeling, CAD Software, Engineering, Teaching & Academics",3D Modeling,All Levels,7 hours,3.6,77,278,"Rp149,000",1/2025,0,0,0,https://www.udemy.com/course/course-freecad/
Sculpt a 3D printable Skeleton model in Zbrush,2756880,"Christian McNachtan, Joshua O'Hala","3D Sculpting, 3D Modeling, 3D & Animation, Design",3D Modeling,All Levels,12 hours,4.8,84,412,"Rp149,000",5/2020,0,0,29,https://www.udemy.com/course/sculpt-a-3d-printable-skeleton-model-in-zbrush/
3D Illustration on Blender 2.8 -3D for Aspiring Illustrators,3381920,Hector Carrasquilla,"Blender, 3D & Animation, Design",3D Modeling,Beginner,2.5 hours,4.8,28,133,"Rp169,000",8/2020,0,0,0,https://www.udemy.com/course/3d-illustration-on-blender-28-3d-for-aspiring-illustrators/
"Earn passive Money Online , Create & Sell 3D Models",1984936,Maamir Houssam Eddine,"Passive Income, 3D Modeling, 3D & Animation, Design",3D Modeling,All Levels,2 hours,3.7,18,117,"Rp149,000",6/2025,1,0,1,https://www.udemy.com/course/make-money-online-passive-income-selling-3d-models/
Modeling and Rendering Cute Characters in Maya 2020,3844180,Digital Saucer Studios,"3D Modeling, 3D Lighting, 3D Rendering, 3D Texturing, 3D & Animation",3D Modeling,All Levels,10.5 hours,4.5,22,9297,"Rp149,000",2/2021,0,0,4,https://www.udemy.com/course/modeling-and-rendering-cute-characters-in-maya-2020/
OrthoMesh3D. Plan orthopaedic surgery in 3D using Blender,2786694,"Anastasios Papadonikolakis, MD, PhD, Pavlos Papadonikolakis","3D Modeling, Engineering, Teaching & Academics",3D Modeling,Beginner,9.5 hours,4.6,74,290,"Rp1,799,000",3/2026,0,0,33,https://www.udemy.com/course/orthomesh3d/
Blender: Create a sword for unity 3d asset store,5925738,Waqas Khalid,"3D Modeling, 3D & Animation, Design",3D Modeling,Beginner,1 hour,4.3,11,676,Free,4/2024,0,0,0,https://www.udemy.com/course/blender-create-a-sword-for-unity-3d-asset-store/
Make a Unity® Platform Game & Low Poly Characters in Blender,1383604,"Mammoth Interactive, John Bura","Unity, Game Mechanics, C# (programming language), Blender, Game Development",3D Modeling,Beginner,31.5 hours,4.6,37,502,"Rp149,000",12/2017,7,0,5,https://www.udemy.com/course/unitygamelowpolycharacters/
Create a 3D character in Blender from scratch,3319164,Raymond Gabriel,"Blender, 3D & Animation, Design",3D Modeling,Beginner,1.5 hours,4.4,419,19891,Free,12/2025,1,0,3,https://www.udemy.com/course/create-a-3d-character-in-blender/
Learn to Model and Texture 3d Assets for Mobile Games,570494,3dmotive LLC,"3D Modeling, 3D Texturing, Game Texturing, Autodesk Maya, 3D & Animation",3D Modeling,Intermediate,3 hours,4.3,28,324,"Rp149,000",9/2016,2,0,2,https://www.udemy.com/course/3dmotive-learn-to-model-and-texture-3d-assets-for-mobile-games/
Concepting a Futuristic Vehicle using Maya and Keyshot,1851082,Victory3D LLC,"3D Modeling, Autodesk Maya, KeyShot, 3D & Animation, Design",3D Modeling,Intermediate,4.5 hours,4.6,6,81,"Rp169,000",11/2018,0,0,2,https://www.udemy.com/course/futuristicvehicle/
Siemens NX Unigraphics (UG) Fundamental 3D Modelling Course,655198,Veer Tutorial,"3D Modeling, Siemens NX, Graphic Design & Illustration, Design",3D Modeling,All Levels,13 hours,4.4,1960,8280,"Rp149,000",7/2024,0,0,20,https://www.udemy.com/course/siemens-nx-unigraphics-ug-basic-to-advance-3d-modelling/
3Ds Max Game Modeling: Complete 3D Modeling in 3Ds Max,2303174,Marcus - 3D Modeling in 3Ds Max,"Autodesk 3ds Max, Game Asset Creation, Game Development, Development",3D Modeling,All Levels,10 hours,3.5,158,8372,"Rp149,000",1/2025,0,0,2,https://www.udemy.com/course/3ds-max-modeling/
3D Printing - Everything You Need To Know,4514718,Zia Arzoo,"3D Printing, 3D Modeling, SOLIDWORKS, Design Tools, Design",3D Modeling,Intermediate,2.5 hours,4.1,22,76,"Rp149,000",2/2022,0,0,10,https://www.udemy.com/course/3d-printing-everything-you-need-to-know/
Tinkercad 3D Modeling for Beginners: Create Your Designs!,6315935,Basheer Ahamed Mohamed Nishad,"Tinkercad, 3D Modeling, 3D Printing, 3D & Animation, Design",3D Modeling,All Levels,1.5 hours,4.0,1,42,"Rp149,000",4/2025,0,0,0,https://www.udemy.com/course/tinkercad-3d-modeling-for-beginners-create-your-designs/
Model and Sculpt Stylized 3d Creatures in Maya and ZBrush,630028,3dmotive LLC,"Autodesk Maya, 3D Animation, zBrush, Creature Design, 3D & Animation",3D Modeling,Intermediate,5 hours,4.3,107,1119,"Rp149,000",9/2016,2,0,3,https://www.udemy.com/course/3dmotive-model-and-sculpt-stylized-3d-creatures-in-maya-and-zbrush/
"Learn modeling for 3D Printing using Blender 3D, Netfabb",255614,Abhishek Singh,"3D Printing, 3D Animation, Blender, Financial Modeling, 3D & Animation",3D Modeling,All Levels,1.5 hours,3.4,20,1163,"Rp149,000",5/2016,0,0,5,https://www.udemy.com/course/learn-modeling-tactics-and-tools-for-3d-printing/
blender 3d modeling For Furniture object Practice,3805964,sunny kumar,"3D Modeling, Blender, 3D & Animation, Design",3D Modeling,All Levels,N/A,4.3,114,4475,"Rp169,000",8/2021,0,0,0,https://www.udemy.com/course/blender-3d-modeling-for-furniture-object-practice/
"Blender 3D: Create , Animate and Sell Game objects",3347072,Maria israel sathyan,"Blender, 3D Animation, 3D Modeling, Other IT & Software, IT & Software",3D Modeling,All Levels,1.5 hours,3.6,238,15528,Free,7/2020,0,0,2,https://www.udemy.com/course/blender-3d-create-animate-and-sell-game-objects/
OpenSCAD the complete course,6030072,Nicolas Forgue,"3D Rendering, 3D Modeling, 3D Printing, Programming Languages, Development",3D Modeling,All Levels,6.5 hours,3.9,12,89,"Rp149,000",7/2024,0,0,0,https://www.udemy.com/course/openscad-the-complete-course/
Creating a Stylized Horror Character in Maya 2022,5983554,Digital Saucer Studios,"3D & Animation, Design",3D Modeling,Intermediate,16.5 hours,5.0,6,1028,"Rp149,000",5/2024,0,0,4,https://www.udemy.com/course/creating-a-stylized-horror-character-in-maya-2022/
Modeling and Rendering a Robot in Maya 2020,3511010,Digital Saucer Studios,"3D Modeling, 3D Lighting, 3D Rendering, 3D & Animation, Design",3D Modeling,All Levels,6.5 hours,4.3,16,6981,"Rp149,000",10/2020,0,0,2,https://www.udemy.com/course/modeling-and-rendering-a-robot-in-maya-2020/
Low Poly Modeling - Learn Low-Poly 3D Modeling & Texturing,731128,Pixelandb Academy,"3D Modeling, Game Texturing, 3D & Animation, Design",3D Modeling,Beginner,2 hours,3.5,21,1159,"Rp149,000",7/2019,0,0,2,https://www.udemy.com/course/learn-low-poly-building-modeling-texturing-for-games/
Fusion 360 3D Modeling Course,3667736,Kendale Jones,"Autodesk Fusion, 3D & Animation, Design",3D Modeling,All Levels,3 hours,4.6,114,505,"Rp149,000",12/2020,0,0,1,https://www.udemy.com/course/fusion-360-modeling-course/
Master Realistic 3d Model from Scratch With Blender 2.9,3567501,Lanre Kolawole,"Blender, 3D Modeling, Architectural Design, 3D & Animation, Design",3D Modeling,Beginner,4 hours,4.4,92,13842,"Rp149,000",1/2022,0,0,1,https://www.udemy.com/course/create-a-simple-interior-scene-with-blender-29/
Sculpt 3D Printable Rogues with Zbrush and Autodesk Maya,3201456,"Christian McNachtan, Joshua O'Hala","3D Modeling, 3D Sculpting, Autodesk Maya, zBrush, 3D & Animation",3D Modeling,Beginner,18.5 hours,4.8,28,329,"Rp149,000",6/2020,0,0,1,https://www.udemy.com/course/sculpt-3d-printable-rogues-with-zbrush-and-autodesk-maya/
Maya to UE5 - 3D Modelling Course,6827913,"3D College, David Franco Romero","Autodesk Maya, 3D & Animation, Design",3D Modeling,Beginner,11.5 hours,4.7,10,74,"Rp149,000",12/2025,1,0,6,https://www.udemy.com/course/maya-to-ue5-3d-modelling-course/
Maya Practical - 3D Animal and Character Modeling Mastery,6048937,EDUCBA Bridging the Gap,"Autodesk Maya, Design Tools, Design",3D Modeling,All Levels,6 hours,4.6,7,1077,"Rp149,000",7/2024,0,0,0,https://www.udemy.com/course/maya-practical-3d-animal-and-character-modeling-mastery/
Blender Space Adventure: 3D Modeling & Animation,6041752,Abdelilah Hamdani,"Blender, 3D & Animation, Design",3D Modeling,Beginner,2.5 hours,4.0,1,25,"Rp149,000",7/2025,0,0,2,https://www.udemy.com/course/blender-3d-animation/
All About 3D Model Review: Piping Engineering,4964308,Atul Singla,"3D Modeling, Piping, Engineering, Teaching & Academics",3D Modeling,All Levels,2 hours,4.3,14,89,"Rp149,000",6/2025,0,0,0,https://www.udemy.com/course/all-about-3d-model-review-piping-engineering/
TyDiffusion Pro - AI for Architects & 3D Modelers in 3Ds Max,6826371,Mohammad Rahbar,"Stable Diffusion, Autodesk 3ds Max, Generative AI (GenAI), Architectural Design, Design",3D Modeling,All Levels,3.5 hours,4.9,10,1786,"Rp149,000",2/2026,3,0,11,https://www.udemy.com/course/tydiffusion-pro-ai-for-architects-3d-modelers-in-3ds-max/
3D Modeling in Maya for Beginners,5434854,Илья Хлынин,"3D Modeling, 3D & Animation, Design",3D Modeling,Beginner,7 hours,4.8,9,31,"Rp149,000",7/2023,0,0,1,https://www.udemy.com/course/3d-modeling-in-maya-for-beginners/
The Ultimate Blender Masterclass!,2122828,"Mammoth Interactive, John Bura","Blender, Character Modeling, 3D Modeling, Unity, Game Development",3D Modeling,All Levels,45 hours,3.9,29,402,"Rp149,000",1/2019,66,0,63,https://www.udemy.com/course/the-ultimate-blender-masterclass/
Hard Surface Vehicles - The Complete 3D Production Pipeline,3393502,David Bittorf,"Hard Surface Modeling, Autodesk Maya, Substance Painter, 3D Modeling, Game Design",3D Modeling,All Levels,23.5 hours,4.5,109,849,"Rp149,000",10/2020,0,0,9,https://www.udemy.com/course/hard-surface-vehicles-the-complete-3d-production-pipeline/
Introduction to 3D Modeling with OpenSCAD,378172,"Sukhada Fadnavis, Arunanshu Roy","3D Modeling, 3D Animation, Financial Modeling, 3D & Animation, Design",3D Modeling,Beginner,30 mins,3.7,74,1282,"Rp149,000",1/2015,0,0,8,https://www.udemy.com/course/introduction-to-openscad/
Learn to Model a Cartoon Car in Maya,1074612,Alan Balodi,"Autodesk Maya, Game Art, 3D & Animation, Design",3D Modeling,All Levels,5.5 hours,4.6,29,249,"Rp149,000",2/2017,1,0,5,https://www.udemy.com/course/learn-to-model-a-cartoon-car-in-maya/
Build 2 Huge 3D Games in Unity: Complete C# & Blender Models,1804096,"Mammoth Interactive, John Bura","Game Development Fundamentals, 3D Game Development, Blender, Unity, Game Development",3D Modeling,All Levels,41.5 hours,4.3,40,576,"Rp149,000",7/2018,14,0,7,https://www.udemy.com/course/gamedevelopmentfundamentals/
Meshy AI: 3D and Artificial Intelligence for Everyone.,6139085,Marcello Pattarin,"Generative AI (GenAI), AI Art Generation, 3D & Animation, Design",3D Modeling,All Levels,14 hours,2.5,10,65,"Rp149,000",4/2026,0,0,17,https://www.udemy.com/course/meshy-ai-3d-and-artificial-intelligence-for-everyone/
3D Printing from Zero to Hero with TINKERCAD & CURA (Hindi),4215680,Naman kumar Gandhi,"Tinkercad, Engineering, Teaching & Academics",3D Modeling,All Levels,5.5 hours,4.5,61,1519,"Rp149,000",3/2024,0,0,1,https://www.udemy.com/course/design-of-3d-printing-with-tinkercad/
3D Classroom Environment Creation in Blender,4335058,Aniket Rawat,"Blender, 3D Modeling, 3D Texturing, Photorealistic Rendering, 3D & Animation",3D Modeling,All Levels,4 hours,4.4,41,257,"Rp149,000",5/2024,0,0,1,https://www.udemy.com/course/creating-a-complete-classroom-scene-in-blender/
[New] Convert any 2D Drawing or image to 3D Model design,7005005,Ayman Khoshouey,"Blender, FreeCAD, Other IT & Software, IT & Software",3D Modeling,All Levels,1.5 hours,5.0,2,3,"Rp149,000",1/2026,0,0,0,https://www.udemy.com/course/new-convert-any-2d-drawing-or-image-to-3d-model-design/
3D METAVERSE environments and 3D NFT Art creating W Expert,4177870,Muhammed Kosek,"3D Modeling, 3D & Animation, Design",3D Modeling,All Levels,4 hours,4.3,54,7563,"Rp149,000",8/2022,0,0,30,https://www.udemy.com/course/lets-model-magic-village-by-improving-your-blender-3d-skill/
Create an Apocalyptic 3D Environment for Games,2108906,Victory3D LLC,"Game Design, Design",3D Modeling,Beginner,13.5 hours,4.5,80,587,"Rp149,000",4/2019,0,0,6,https://www.udemy.com/course/apocalyptic-scene/
Maya Modeling BOOST,4406776,Mitchell Nickerson,"3D Modeling, 3D & Animation, Design",3D Modeling,Beginner,3.5 hours,4.7,32,143,"Rp149,000",12/2021,0,0,1,https://www.udemy.com/course/maya-modeling-boost/
Blender with ChatGPT Generated Python Scripts,5534388,Salman Naseem,"Blender, ChatGPT, Python, 3D & Animation, Design",3D Modeling,Beginner,1 hour,4.1,14,1088,"Rp149,000",4/2024,0,0,7,https://www.udemy.com/course/blender-3d-with-chatgpt-generated-python-scripts/
Learning Paint 3D from Scratch,3713450,Pratik Pradhan,"3D Modeling, 3D & Animation, Design",3D Modeling,Beginner,1.5 hours,4.4,12,383,"Rp149,000",12/2020,0,0,0,https://www.udemy.com/course/learningpaint3dfromscratch/
Blender the complete guide,2544529,Nicolas Forgue,"Blender, 3D & Animation, Design",3D Modeling,All Levels,36 hours,3.9,9,37,"Rp149,000",6/2024,0,0,0,https://www.udemy.com/course/blender-beginner-to-intermediate-basics-and-training/
TinkerCAD codeblocks and 3D printing for beginners.,3067768,Philip Cotton,"Programming Fundamentals, 3D Printing, Scratch Programming, Other IT & Software, IT & Software",3D Modeling,Beginner,2.5 hours,4.7,25,221,"Rp149,000",12/2023,0,0,7,https://www.udemy.com/course/coding-and-3d-printing-for-kids-beginners-masterclass/
Blender to Unreal Engine 5 | 3D Props | Medieval Gallows,4380946,3D Tudor,"Blender, 3D Animation, 3D Modeling, Unreal Engine, 3D & Animation",3D Modeling,Beginner,7 hours,4.7,33,1439,"Rp149,000",8/2024,0,0,0,https://www.udemy.com/course/blender-to-unreal-engine-5-props/
"Zbrush, 3ds Max, Substance 3d Painter, Bane Creation Course",4609200,Oleg Khonko,"zBrush, Autodesk 3ds Max, Substance Painter, Autodesk Arnold, 3D & Animation",3D Modeling,Intermediate,20.5 hours,4.7,14,122,"Rp149,000",10/2022,1,0,2,https://www.udemy.com/course/zbrush-3ds-max-substance-3d-painter-bane-creation-course/
Sweet Home 3D the complete course,4481340,Nicolas Forgue,"3D Rendering, Architectural Design, Interior Design, 3D & Animation, Design",3D Modeling,All Levels,6.5 hours,4.1,11,53,"Rp149,000",1/2022,0,0,0,https://www.udemy.com/course/sweet-home-3d-the-complete-course/
Build & Sell Blender 3D Models,5249804,Christ Raharja,"Blender, 3D Rendering, Animation, Digital Product, 3D & Animation",3D Modeling,Beginner,3.5 hours,4.2,9,1177,"Rp149,000",4/2023,0,0,6,https://www.udemy.com/course/build-sell-blender-3d-models/
SolveSpace the complete course,5589330,Nicolas Forgue,"CAD Software, 3D Sketching, 3D Modeling, 3D & Animation, Design",3D Modeling,All Levels,6.5 hours,4.1,6,24,"Rp149,000",7/2025,0,0,0,https://www.udemy.com/course/solvespace-the-complete-course/
Vectary the complete course,4555436,Nicolas Forgue,"3D Rendering, 3D Modeling, 3D Texturing, 3D & Animation, Design",3D Modeling,All Levels,10 hours,4.1,16,88,"Rp149,000",10/2025,0,0,6,https://www.udemy.com/course/3d-modeling-with-vectary/
"Blender, Twinmotion: 3D Modelling, VR & Arch Viz",2480230,Thomas McDonald,"Architectural Design, Blender, Twinmotion, Design",3D Modeling,Beginner,5.5 hours,4.4,59,534,"Rp149,000",9/2025,1,0,24,https://www.udemy.com/course/blender-twinmotion-real-time-architectural-visualization/
[New] How to 3D redesign the industrial Oil & Gas platforms,7117025,Ayman Khoshouey,"3D Modeling, Design Tools, Design",3D Modeling,All Levels,1 hour,4.8,N/A,N/A,"Rp149,000",N/A,0,0,0,https://www.udemy.com/course/new-how-to-3d-redesign-the-industrial-oil-gas-platforms/
"Master 3D Scanning The Pro Workflow - Blender, Maya & Unreal",6896371,PolyCG Studio,"Photogrammetry, 3D Environment Modeling, 3D Modeling, 3D & Animation, Design",3D Modeling,All Levels,1 hour,4.5,1,11,"Rp149,000",10/2025,0,0,0,https://www.udemy.com/course/master-3d-scanning/
3D Reference Modeling Using Blender 2.8,3376642,"Mammoth Interactive, John Bura","Blender, Character Modeling, 3D Modeling, 3D Sculpting, 3D & Animation",3D Modeling,Beginner,9 hours,4.5,1,86,"Rp149,000",8/2020,0,0,0,https://www.udemy.com/course/3d-reference-modeling-using-blender-28/
Hard Surface Vehicle 3D Modeling in Maya,2903276,David Bittorf,"Hard Surface Modeling, 3D Modeling, 3D & Animation, Design",3D Modeling,Intermediate,11.5 hours,4.5,59,356,"Rp149,000",5/2020,0,0,63,https://www.udemy.com/course/hard-surface-vehicle-modeling-in-maya/
How to Create High Quality 3D Scanned Model,2871742,Stefan Ivanov,"3D Modeling, 3D & Animation, Design",3D Modeling,Intermediate,31 mins,4.2,20,125,"Rp149,000",3/2020,0,0,22,https://www.udemy.com/course/how-to-create-high-quality-3d-scanned-model/
3D modeling for beginners using ZBrush Core Mini,4312470,3DRI 金子,"3D Modeling, 3D Printing, zBrush, 3D & Animation, Design",3D Modeling,Beginner,2.5 hours,5.0,1,18,"Rp149,000",9/2021,0,0,0,https://www.udemy.com/course/3d-modeling-for-beginners-using-zbrush-core-mini/
Build 20+ House Models: The Complete Low Poly 3D Tutorial,1959168,"Mammoth Interactive, John Bura","Blender, 3D Modeling, 3D Game Development, Unity, 3D & Animation",3D Modeling,All Levels,77 hours,4.6,5,110,"Rp149,000",10/2018,80,0,72,https://www.udemy.com/course/build-20-house-models-the-complete-low-poly-3d-tutorial/
Blender For Beginners: Making Your First 3D Scene,4389098,Smeaf ‎,"3D Modeling, Blender, 3D & Animation, Design",3D Modeling,Beginner,1.5 hours,4.5,40,1953,"Rp149,000",12/2021,0,0,1,https://www.udemy.com/course/blender-for-beginners-making-your-first-3d-scene/
Blender 3D - Model and texture a stylised shield!,4551720,Harshavardhan Saravanan,"3D Modeling, Animation, 3D Rendering, 3D Texturing, 3D & Animation",3D Modeling,All Levels,2.5 hours,4.5,4,23,"Rp149,000",8/2022,0,0,1,https://www.udemy.com/course/blender-3d-model-and-texture-a-stylised-shield/
Cyber Reptile Game Character Creation Volume 1,2201148,Victory3D LLC,"zBrush, Digital Character Sculpting, Game Design, Design",3D Modeling,Intermediate,22 hours,4.6,41,420,"Rp149,000",1/2020,0,0,2,https://www.udemy.com/course/cyber-reptile-creature/
Zbrush Facial Anatomy and Likeness Character Sculpting,1483968,Victory3D LLC,"zBrush, Anatomy, Digital Character Sculpting, 3D & Animation, Design",3D Modeling,Intermediate,9 hours,4.4,376,2538,"Rp149,000",11/2019,0,0,12,https://www.udemy.com/course/facialanatomy/
Blender 3D Monster Modeling : Design Terrifying Creatures,4847704,Muhammed Kosek,"3D Modeling, Blender, NFT (Non-Fungible Tokens), Metaverse, 3D & Animation",3D Modeling,All Levels,3 hours,4.9,27,3140,"Rp149,000",11/2024,0,0,0,https://www.udemy.com/course/the-complete-3d-monster-modelling-series-for-nft-metaverse/
Blender: Create a stylized sword,4725884,david Jaasma,"Blender, 3D & Animation, Design",3D Modeling,Beginner,2 hours,4.3,18,66,Free,6/2022,0,0,2,https://www.udemy.com/course/blender-create-a-stylized-sword/
SketchUp 2023: The A-Z Course to Mastering 3D Modeling,5418092,Meta Brains,"SketchUp, 3D Modeling, Design Tools, Design",3D Modeling,All Levels,3.5 hours,4.3,317,42970,"Rp149,000",1/2024,2,0,1,https://www.udemy.com/course/3d-modeling-simplified-master-sketchup-as-a-beginner/
Create a Camera in Blender 3D and Substance Painter,4302287,Aniket Rawat,"Blender, 3D Modeling, Game Texturing, Substance Painter, 3D & Animation",3D Modeling,All Levels,2.5 hours,4.7,50,169,"Rp149,000",5/2024,0,0,1,https://www.udemy.com/course/vintage-camera-creation-in-blender-3d-and-substance-painter/
Comprehensive 3D Animation Complete Course in Autodesk Maya,5206062,Pradeep Kumar Singha,"Autodesk Maya, 3D Modeling, 3D Animation, 3D Lighting, 3D & Animation",3D Modeling,All Levels,5 hours,4.7,140,437,"Rp149,000",1/2026,0,0,70,https://www.udemy.com/course/comprehensive-3d-animation-course-in-autodesk-maya/
3D Character Creation: Sculpting in Zbrush,207382,Victory3D LLC,"zBrush, 3D Animation, Digital Character Sculpting, 3D & Animation, Design",3D Modeling,All Levels,4.5 hours,4.4,610,3913,"Rp149,000",12/2019,0,0,7,https://www.udemy.com/course/charactersculpting/
The Complete Course of Onshape CAD: From zero to hero!,5334506,The Tech Courses,"Onshape, 3D Sketching, 3D Modeling, CAD Software, Engineering",3D Modeling,All Levels,8 hours,3.2,28,140,"Rp149,000",1/2025,0,0,0,https://www.udemy.com/course/course-onshape/
3D Game Environment Cathedral Creation,2516262,Victory3D LLC,"Game Design, Design",3D Modeling,Intermediate,52 hours,4.6,84,877,"Rp149,000",8/2019,0,0,6,https://www.udemy.com/course/cathedral-creation/
Guide to quickly creating Blender art: High poly jet plane!,1607816,"Mammoth Interactive, John Bura","Adobe Photoshop, Blender, 3D & Animation, Design",3D Modeling,Beginner,4 hours,4.2,11,77,"Rp149,000",4/2018,7,0,1,https://www.udemy.com/course/blendertutorials/
Learn Maya - Intro to 3D Box Modeling Techniques with Maya,737242,"Kyle Pew • 2,000,000+ Students","Autodesk Maya, 3D Animation, 3D Modeling, 3D & Animation, Design",3D Modeling,Beginner,2 hours,4.3,211,3323,"Rp149,000",12/2016,2,0,1,https://www.udemy.com/course/intro-to-mastering-3d-box-modeling-techniques-with-maya-2014/
Introduction to Topogun for Modeling and Retopologizing 3d,86632,3dmotive LLC,"3D Modeling, Game Art, Design Tools, Design",3D Modeling,Intermediate,3.5 hours,4.2,21,178,"Rp149,000",4/2017,0,0,2,https://www.udemy.com/course/3dmotive-introduction-to-topogun/
Substance 3D Painter Advance Course,4823452,Nexttut Education Pvt.Ltd.,"Substance Painter, Game Design, Design",3D Modeling,Intermediate,20.5 hours,3.8,21,471,"Rp149,000",8/2022,1,0,1,https://www.udemy.com/course/substance-painter-advance-course/
Rendering in Maya / Unreal / Marmoset / Sketchfab,3069894,David Bittorf,"3D Lighting, 3D Rendering, 3D Texturing, Photorealistic Rendering, Game Design",3D Modeling,All Levels,3.5 hours,4.9,5,67,"Rp149,000",5/2020,0,0,4,https://www.udemy.com/course/rendering-in-maya-unreal-marmoset-sketchfab/
Japanese Alley 3D Game Environment Creation,1889748,Victory3D LLC,"3D Game Development, 3D & Animation, Design",3D Modeling,Intermediate,32.5 hours,4.6,98,1013,"Rp149,000",3/2019,0,0,5,https://www.udemy.com/course/japanese-alley-environment/
Game Designer Briefcase: Virtual Reality & Character Sculpt,1587576,"Mammoth Interactive, John Bura","Unity, Blender, Character Modeling, Digital Character Sculpting, Game Development",3D Modeling,Beginner,78 hours,3.8,10,234,"Rp149,000",4/2018,13,0,2,https://www.udemy.com/course/mammothinteractive-vr-charactersculpting/
Blender city and landscape modeling - AulaGEO,4027494,AulaGEO Academy,"Blender, 3D Game Development, 3D Modeling, Virtual Reality, 3D & Animation",3D Modeling,All Levels,2.5 hours,3.8,8,117,"Rp149,000",12/2024,0,0,9,https://www.udemy.com/course/blender-city-and-landscape-modeling/
AutoCAD + Fusion 360: A Complete Designer's Guide,1289594,Roy Academy,"AutoCAD, Design Tools, Design",3D Modeling,Beginner,13 hours,4.5,337,9285,"Rp149,000",6/2024,16,0,52,https://www.udemy.com/course/autocad-2018-refreshers-crash-course-program-for-pros/
Microsoft Paint 3D Beginners Course,1452030,iVito .,"Microsoft Paint, 3D Modeling, Drawing, Graphic Design & Illustration, Design",3D Modeling,All Levels,1 hour,4.3,67,220,"Rp149,000",4/2024,2,0,1,https://www.udemy.com/course/microsoft-paint-3d-beginners-course/
Blender 3D Crash Course for Absolute Beginners,1928080,Surfaced Studio,"3D Animation, 3D & Animation, Design",3D Modeling,Beginner,4 hours,4.7,67,420,"Rp149,000",10/2018,0,0,1,https://www.udemy.com/course/blender-3d-crash-course-for-absolute-beginners/
"Weapon Modelling and Texturing in Blender, Zbrush & Painter",6331999,Nexttut Education Pvt.Ltd.,"3D Modeling, 3D & Animation, Design",3D Modeling,Intermediate,10.5 hours,4.0,1,25,"Rp149,000",12/2024,0,0,1,https://www.udemy.com/course/weapon-modelling-and-texturing-in-blender-zbrush-painter/
Unity Asset Store: Run an Art Business with Maya & zBrush,620896,Alan Balodi,"Unity, Game Art, zBrush, Game Design, Design",3D Modeling,All Levels,8.5 hours,4.5,58,620,"Rp149,000",4/2016,0,0,5,https://www.udemy.com/course/unity-asset-store-run-an-art-business-with-maya-and-zbrush/
The Complete Course of FreeCAD 2025,5059750,The Tech Courses,"3D Sketching, CAD Software, FreeCAD, 3D & Animation, Design",3D Modeling,All Levels,6.5 hours,3.4,122,628,"Rp149,000",1/2025,0,0,0,https://www.udemy.com/course/freecad-course/
Blender 3D modeling for interior design and architecture,2637796,Nicolas Forgue,"Blender, 3D Rendering, Architectural Design, Design",3D Modeling,Intermediate,12 hours,3.6,6,59,"Rp149,000",10/2025,0,0,0,https://www.udemy.com/course/blender-for-interior-design-and-architecture/
Model a complex 3d SciFi Ship with Maya and ZBrush,2060467,3dmotive LLC,"3D Modeling, 3D Sculpting, 3D & Animation, Design",3D Modeling,Intermediate,7 hours,4.3,14,164,"Rp149,000",2/2019,2,0,5,https://www.udemy.com/course/3dmotive-model-a-complex-3d-scifi-ship-with-maya-and-zbrush/
Unity Game Mechanics Mastery and Blender 3D Modeling,1507192,"Mammoth Interactive, John Bura","Game Mechanics, 3D Modeling, C (programming language), Unity, Game Development",3D Modeling,All Levels,22.5 hours,4.5,2,72,"Rp149,000",5/2018,4,0,3,https://www.udemy.com/course/unityblendercourse/
The Complete Practical Guide to FDM 3D Printing,5194876,Tayseer Almattar,"3D Printing, 3D & Animation, Design",3D Modeling,Beginner,1.5 hours,4.2,9,39,"Rp149,000",2/2024,5,0,4,https://www.udemy.com/course/fdm-3d-printing/
Make your first 2D & 3D games in Unity® & Blender,1344506,"Mammoth Interactive, John Bura","3D Animation, Blender, Unity, Game Development, Development",3D Modeling,Beginner,34 hours,4.5,23,240,"Rp149,000",2/2018,9,0,5,https://www.udemy.com/course/make-your-first-2d-3d-games-in-unity-blender/
The Complete Maya Course: Learn 3D Modeling With Examples,1593350,Animation Hacks,"3D Modeling, UV Mapping, 3D Texturing, Autodesk Maya, 3D & Animation",3D Modeling,All Levels,3 hours,4.4,65,1514,"Rp149,000",9/2020,1,0,1,https://www.udemy.com/course/asset-modeling-for-production/
Character Creation Guide: Intro to PBR Assets for Games,2006076,Class Creatives,"3D Game Development, Game Development, Development",3D Modeling,Beginner,9 hours,4.6,43,360,"Rp149,000",11/2025,1,0,1,https://www.udemy.com/course/character-creation-introduction/
Blender 2.8 and Substance painter - 3D modeling game assets,3284634,Ali Ncir,"Blender, 3D Modeling, 3D Texturing, Substance Painter, 3D & Animation",3D Modeling,All Levels,5.5 hours,4.7,43,5832,"Rp149,000",7/2020,0,0,1,https://www.udemy.com/course/blender-substance-painter-3d-modeling-game-assets/
Rhino 3D Modelling + Lumion 9.5 Photorealistic Rendering,3182208,Brennan Israele,"3D Rendering, Rhino 3D, Architectural Design, Design",3D Modeling,All Levels,4.5 hours,4.5,52,276,"Rp159,000",7/2020,0,0,1,https://www.udemy.com/course/rhino-3d-modelling-lumion-rendering/
Ultimate Blender guide: Make low poly characters in 3D!,1330728,"Mammoth Interactive, John Bura","Blender, 3D & Animation, Design",3D Modeling,Beginner,16.5 hours,4.3,93,4949,"Rp149,000",6/2019,6,0,2,https://www.udemy.com/course/create-low-poly-game-characters-in-blender3d/
Maya 3D Modeling SAUCE,4420598,Mitchell Nickerson,"3D Modeling, 3D & Animation, Design",3D Modeling,Beginner,2.5 hours,4.7,8,51,"Rp149,000",1/2022,0,0,0,https://www.udemy.com/course/maya-3d-modeling-sauce/
Ultimate Guide to Blender & Unity® Game Design & Development,1408678,"Mammoth Interactive, John Bura","Blender, C# (programming language), 3D Rendering, Unity, Game Development",3D Modeling,Beginner,20 hours,4.2,16,233,"Rp149,000",12/2017,6,0,3,https://www.udemy.com/course/ultimateguideblenderunity/
3D Modeling with Fusion 360 (Tutorial Videos),6281331,CADCIM Technologies,"Sketching, Design Tools, Design",3D Modeling,Intermediate,8.5 hours,4.3,43,9680,"Rp149,000",7/2025,0,0,1,https://www.udemy.com/course/3d-modeling-with-fusion-360tutorial-videos/
3D Builder the complete course,5409990,Nicolas Forgue,"3D Rendering, 3D Printing, 3D Modeling, 3D & Animation, Design",3D Modeling,All Levels,6 hours,3.0,4,8,"Rp149,000",8/2023,0,0,0,https://www.udemy.com/course/3d-builder-the-complete-course/
The Complete 3d Orc Character Modeling & Texturing Course,105098,3dmotive LLC,"Character Modeling, 3D Modeling, 3D Texturing, Digital Character Sculpting, Game Design",3D Modeling,Intermediate,8.5 hours,3.8,8,312,"Rp149,000",4/2017,1,0,4,https://www.udemy.com/course/3dmotive-the-complete-orc-body-character-course/
Understanding Substance Painter Volume 2 All Levels!,2544553,Sean Fowler,"Substance Painter, Unity, 3D Texturing, Game Texturing, 3D & Animation",3D Modeling,All Levels,5.5 hours,4.5,82,1470,"Rp149,000",12/2019,0,0,7,https://www.udemy.com/course/new-release-volume-2-substance-painter-2019-all-levels/
Learn 3D Texturing in Substance Painter All Levels!,4795094,Sean Fowler,"Substance Painter, 3D Rendering, 3D Texturing, Game Texturing, 3D & Animation",3D Modeling,All Levels,4 hours,4.5,28,277,"Rp149,000",3/2023,0,0,6,https://www.udemy.com/course/learn-3d-texturing-in-substance-painter-2022-all-levels/
Ultimate Guide to Product Design - Fusion 360 for Beginners,4364080,Eshaan Kothari,"Product Design, 3D Modeling, 3D Rendering, Autodesk Fusion, 3D & Animation",3D Modeling,Beginner,5 hours,4.3,16,77,"Rp149,000",1/2022,3,0,0,https://www.udemy.com/course/the-ultimate-guide-to-product-design/
Getting Started with 3D Printing,292966,Justin Mitchel,"3D Printing, 3D Modeling, 3D & Animation, Design",3D Modeling,All Levels,44 mins,3.8,324,18956,"Rp149,000",9/2014,0,0,0,https://www.udemy.com/course/getting-started-with-3d-printing/
3D Architecture with Maya and 3Ds Max,4736952,EDUCBA Bridging the Gap,"Architectural Design, Autodesk 3ds Max, Autodesk Maya, Design",3D Modeling,All Levels,13.5 hours,4.4,37,18658,"Rp149,000",6/2022,0,0,0,https://www.udemy.com/course/3d-architecture-with-maya-and-3ds-max/
From Concept to Game: Creating Stunning Asset in Blender 3D,2301360,Peter Blender 3D Modeling Company,"Game Asset Creation, 3D Texturing, 3D Modeling, Blender, Design Tools",3D Modeling,All Levels,3 hours,3.7,199,16562,"Rp149,000",1/2025,0,0,0,https://www.udemy.com/course/-learn-3d-modeling-with-blender/
Creating a Realistic 3D Backyard In Blender,1057700,Danan Thilakanathan,"3D Modeling, 3D Rendering, Blender, 3D & Animation, Design",3D Modeling,All Levels,8 hours,4.6,38,2664,"Rp149,000",3/2017,1,0,2,https://www.udemy.com/course/creating-a-realistic-3d-backyard-in-blender/
Generate a 3D model from photos using Agisoft PhotoScan,511574,TGA Digital,"Photogrammetry, 3D Animation, 3D Modeling, 3D & Animation, Design",3D Modeling,Intermediate,1.5 hours,4.4,244,1389,"Rp149,000",9/2018,1,0,4,https://www.udemy.com/course/generate-a-3d-model-from-photos-using-agisoft-photoscan/
Maya 3D Modelling and Rendering Iconic Designs - Extended,948208,UK Online Training Centre,"3D Modeling, 3D Animation, 3D Rendering, Autodesk Maya, 3D & Animation",3D Modeling,All Levels,7 hours,4.3,14,108,"Rp149,000",3/2017,0,0,2,https://www.udemy.com/course/maya-3d-modelling-and-rendering-iconic-designs-extended/
Make Low Poly 3D Environment Models in Blender and Unity®!,1334984,"Mammoth Interactive, John Bura","Unity, Blender, 3D & Animation, Design",3D Modeling,Beginner,5 hours,4.5,6,119,"Rp149,000",3/2018,3,0,1,https://www.udemy.com/course/make-low-poly-3d-environment-models-in-blender-and-unity/
Learn Blender 3D - The Project course,665142,Joe Baily,"Blender, 3D Animation, Microsoft Project, 3D & Animation, Design",3D Modeling,All Levels,8 hours,4.5,16,170,"Rp149,000",7/2018,1,0,0,https://www.udemy.com/course/learn-blender-3d-project-course-your-1st-project/
Maya & Unreal: Complete Guide to Fast 3D Animation & Rigging,2490780,Class Creatives,"3D Animation, 3D Game Development, 3D Rigging, Unreal Engine, Game Development",3D Modeling,Beginner,6.5 hours,4.2,63,812,"Rp149,000",11/2024,1,0,7,https://www.udemy.com/course/maya-unreal-complete-guide-to-fast-3d-animation-rigging/
3DS Max 2014 Tutorial Video. 3DS Max For Beginners,81828,Infinite Skills,"Autodesk 3ds Max, 3D & Animation, Design",3D Modeling,All Levels,10 hours,3.7,25,307,"Rp149,000",1/2017,1,0,1,https://www.udemy.com/course/3ds-max-2014-tutorial-video/
Learn Blender 3D - The application of materials and textures,866796,Joe Baily,"Blender, 3D Animation, Google Material Design, Graphic Design & Illustration, Design",3D Modeling,All Levels,13 hours,4.2,141,1382,"Rp149,000",9/2019,1,0,6,https://www.udemy.com/course/learn-blender-3d-the-materials-and-texture-course/
3D Motion Capture Looping Animation in Autodesk Maya,3898440,Lucas Ridley,"3D Animation, Animation, Autodesk Maya, Digital Art, 3D & Animation",3D Modeling,Intermediate,4 hours,4.7,27,234,"Rp149,000",11/2023,1,0,1,https://www.udemy.com/course/create-a-sci-fi-3d-animation-loop-in-autodesk-maya/
3d Modeling Zbrush Ultimate Course-beginners/advanced,4203060,Amir Rahimi Varzeghani,"3D Sculpting, zBrush, 3D & Animation, Design",3D Modeling,All Levels,2.5 hours,4.5,8,49,"Rp149,000",4/2022,0,0,2,https://www.udemy.com/course/zbrush-dog-sculpting-for-beginners-to-advanced/
Become an Expert 3D Games Developer/Artist/Animator,17937,Jayesh Ranavaya,"3D Game Development, 3D Animation, Game Design, Design",3D Modeling,All Levels,7 hours,4.1,15,350,"Rp149,000",1/2015,0,0,0,https://www.udemy.com/course/become-a-games-developer/
MAYA 3D: Modeling for Beginners - Create now !,6231595,Antoine LEFEBVRE,"3D Modeling, Autodesk Maya, 3D & Animation, Design",3D Modeling,Beginner,9.5 hours,3.7,4,32,"Rp149,000",10/2024,0,0,26,https://www.udemy.com/course/maya-3d-modeling-for-beginners/
Create 3D NFT - METAVERSE Character -Make Avatar With Expert,4137532,Muhammed Kosek,"Blender, 3D & Animation, Design",3D Modeling,All Levels,36 mins,4.5,9,4115,"Rp149,000",11/2021,0,0,1,https://www.udemy.com/course/blender-3d-lets-modelling-an-3d-owl-character-with-blender/
Realistic Renders in Blender: Adding 3D Models to Images,4657062,Holotna ‎,"Blender, Interior Design, Architectural Design, Design",3D Modeling,Intermediate,42 mins,4.4,3,15,"Rp149,000",11/2022,0,0,6,https://www.udemy.com/course/add-3d-models-to-images-using-blender-and-fspy/
3D Modeling and Texturing Interior Office in Autodesk Maya,1141536,Andrew Rees,"Autodesk Maya, 3D Modeling, 3D Texturing, 3D Lighting, 3D & Animation",3D Modeling,Intermediate,2.5 hours,4.3,188,11000,"Rp149,000",12/2018,0,0,1,https://www.udemy.com/course/3d-modeling-and-texturing-office-interior-in-maya/
Hard Surface 3d Vehicle Modeling in Maya for Games,208392,3dmotive LLC,"Autodesk Maya, 3D Modeling, Design Tools, Design",3D Modeling,Intermediate,8.5 hours,4.4,40,485,"Rp149,000",4/2017,1,0,5,https://www.udemy.com/course/3dmotive-hard-surface-vehicle-modeling-in-maya/
Blender Mastery for Beginners: 3D Design & Rendering,5647384,Meta Brains,"Blender, 3D & Animation, Design",3D Modeling,All Levels,3.5 hours,3.9,141,38988,"Rp149,000",2/2024,2,0,1,https://www.udemy.com/course/blender-mastery-for-beginners-3d-design-rendering/
Learn Maya 2017 for Game Development,1181312,3dmotive LLC,"Autodesk Maya, 3D Modeling, Game Art, Game Development Fundamentals, 3D & Animation",3D Modeling,Beginner,6 hours,4.3,58,526,"Rp149,000",4/2017,2,0,4,https://www.udemy.com/course/3dmotive-learn-maya-2017-for-game-development/
Building & Designing Stunning 3D Websites with No Code,5427702,Christ Raharja,"Web Design, 3D Modeling, Web Design Business, Wix, Design",3D Modeling,Beginner,3 hours,3.9,16,3065,"Rp149,000",6/2025,0,0,1,https://www.udemy.com/course/building-designing-stunning-3d-websites-with-no-code/
Learn Product Design and Modelling with Photoshop 3D,4300783,Harshit Srivastava,"Adobe Photoshop, 3D Modeling, Graphic Design & Illustration, Design",3D Modeling,All Levels,1 hour,4.3,34,7501,"Rp149,000",9/2021,0,0,0,https://www.udemy.com/course/learn-product-design-and-modelling-with-photoshop-3d/
Learn Maya In Three Hours,1757858,Ruan Lotter,"Autodesk Maya, 3D Animation, 3D Lighting, 3D Rendering, 3D & Animation",3D Modeling,All Levels,3 hours,4.7,213,751,"Rp149,000",6/2023,0,0,6,https://www.udemy.com/course/learnmaya/
3D Submarine Modeling and Underwater Ancient World Design,4858482,Muhammed Kosek,"3D Modeling, Blender, NFT (Non-Fungible Tokens), Metaverse, 3D & Animation",3D Modeling,All Levels,4.5 hours,4.5,24,3165,"Rp149,000",11/2024,0,0,5,https://www.udemy.com/course/the-complete-3d-cinematic-underwater-city-for-metaverse-and-nft/
Autodesk AutoCAD 2016 : Ultimate Guide to 3D / 2D Modelling,682508,Veer Tutorial,"AutoCAD, 3D Modeling, 3D Animation, Architectural Design, Design",3D Modeling,All Levels,8 hours,4.4,44,437,"Rp557,000.00",5/2016,0,0,1,https://www.udemy.com/course/autocad-2016-2d-fundamentals-veertutorial/
"Make models & graphs with Python, Blender and Matplotlib",1673042,"Mammoth Interactive, John Bura","Data Visualization, Blender, Python, Data Science, Software Development Tools",3D Modeling,All Levels,35.5 hours,4.0,14,170,"Rp149,000",2/2019,7,0,6,https://www.udemy.com/course/make-models-graphs-with-python-blender-and-matplotlib/
"Maya Training - Creating/Modelling ""The Brooklyn Bridge""",1845006,mojomojo design,"Autodesk Maya, 3D Modeling, 3D & Animation, Design",3D Modeling,Intermediate,27.5 hours,4.1,19,264,"Rp149,000",8/2018,0,0,2,https://www.udemy.com/course/maya-training-creating-modelling-the-brooklyn-bridge/
Learning Autodesk 123D Design,858722,Infinite Skills,"Autodesk Inventor, 3D Printing, User Experience (UX) Design, 3D & Animation, Design",3D Modeling,All Levels,1.5 hours,4.5,35,130,"Rp149,000",1/2017,1,0,1,https://www.udemy.com/course/learning-autodesk-123d-design/
Sculpting Props for 3D Printing Using zBrush 2020 & Blender,3374374,Digital Art HQ School,"3D Sculpting, 3D Modeling, 3D Printing, 3D & Animation, Design",3D Modeling,Beginner,11.5 hours,4.1,16,6772,"Rp149,000",10/2020,0,0,1,https://www.udemy.com/course/sculpting-props-for-3d-printing-using-zbrush-2020-blender/
Intro to Maya 3D Animation for Beginners,3178476,David Bittorf,"Autodesk Maya, 3D Animation, 3D Modeling, 3D Texturing, 3D & Animation",3D Modeling,Beginner,16.5 hours,4.7,97,532,"Rp149,000",7/2020,0,0,8,https://www.udemy.com/course/autodesk-maya-for-beginners-complete-course/
3D Pixel Characters Modeling & Animations for all. Unity 3D,676088,Yohann Taieb,"Unity, 3D Animation, Financial Modeling, Game Design, Design",3D Modeling,All Levels,4.5 hours,4.2,119,1165,"Rp149,000",7/2019,2,0,1,https://www.udemy.com/course/3d-pixel-characters-modeling-animations-for-all-unity-3d/
Sculpt a Mech Head with ZBrush and Present it in Keyshot,491070,3dmotive LLC,"KeyShot, 3D Modeling, 3D Sculpting, zBrush, 3D & Animation",3D Modeling,Intermediate,4.5 hours,3.8,17,175,"Rp149,000",5/2015,0,0,3,https://www.udemy.com/course/3dmotive-sculpt-a-mech-head-with-zbrush-and-present-it-in-keyshot/
Hard Surface 3D Modeling in Cinema 4D: Hyper Realistic Watch,2360108,Moy Lobito,"3D Rendering, Cinema 4D, 3D Modeling, 3D & Animation, Design",3D Modeling,All Levels,9 hours,4.1,115,1493,"Rp149,000",1/2020,6,0,7,https://www.udemy.com/course/hard-surface-3d-modeling-in-cinema-4d-hyper-realistic-watch-moylobito/
Create materials in 3d with ZBrush's PolyPainting,400792,3dmotive LLC,"zBrush, 3D Modeling, 3D Texturing, 3D Animation, 3D & Animation",3D Modeling,Intermediate,4 hours,4.3,13,250,"Rp149,000",9/2016,1,0,3,https://www.udemy.com/course/3dmotive-create-materials-in-3d-with-zbrushs-polypainting/
Learn to Model a Cartoon Snail in Maya LT,1095696,Alan Balodi,"Autodesk Maya, Game Design, Design",3D Modeling,All Levels,4 hours,4.0,20,130,"Rp149,000",2/2017,1,0,1,https://www.udemy.com/course/learn-to-model-a-cartoon-snail-in-maya-lt/
3D Pixel Art for non artist. Crossy Road Modeling. Unity 3D,657868,Yohann Taieb,"Unity, 3D Animation, Financial Modeling, Game Development, Development",3D Modeling,All Levels,2.5 hours,4.1,167,1402,"Rp149,000",7/2019,3,0,2,https://www.udemy.com/course/3d-pixel-art-for-non-artist-crossy-road-modeling-unity-3d/
Introduction to Animation Modeling and Gaming Infrastructure,3571199,Global Education Foundation,"3D Rendering, Animation, Graphic Design, Video Creation, 3D & Animation",3D Modeling,Beginner,1.5 hours,3.7,8,1903,"Rp149,000",1/2021,0,0,0,https://www.udemy.com/course/android-3d-modeling-graphic-designing-masterclass/
How to Texture 3D Aircraft Model in Maya & Substance Painter,1433430,Animation Hacks,"Substance Painter, Autodesk Maya, 3D Rendering, 3D Texturing, 3D & Animation",3D Modeling,All Levels,1.5 hours,3.8,266,2735,"Rp149,000",9/2020,1,0,4,https://www.udemy.com/course/texturing-hard-surface-aircraft-for-film-production/
iOS iPad Game Development 3D Character Sculpting & Modeling,2618248,Class Creatives,"iOS Development, 3D Sculpting, Character Modeling, Productivity Apps, Game Development",3D Modeling,Beginner,1.5 hours,3.9,40,183,"Rp149,000",11/2025,1,0,0,https://www.udemy.com/course/ios-ipad-game-development-3d-character-sculpting-modeling/
AUTODESK TINKERCAD: 3D DESIGN FROM ZERO TO HERO,3565531,Penta Teknoloji,"Tinkercad, Design Tools, Design",3D Modeling,Beginner,7 hours,3.7,9,81,"Rp149,000",10/2020,0,0,0,https://www.udemy.com/course/autodesk-tinkercad-3d-design-from-zero-to-hero/
"Phantom & Mavic Filmschool 3 - 3D models, Focus, Follow",794648,Laurence Seberini,"Drone and Aerial Photography, Photogrammetry, Video Editing, Other Photography & Video, Photography & Video",3D Modeling,All Levels,5.5 hours,4.6,321,2375,"Rp149,000",6/2018,0,0,1,https://www.udemy.com/course/phantom-filmschool-3-the-easy-way-to-shoot-like-a-pro/
Blender Basics: A Complete Beginner's Guide to 3D Modeling,6522485,VISHAL SAHU,"3D Modeling, Blender, 3D & Animation, Design",3D Modeling,All Levels,1 hour,4.5,76,1326,Free,4/2025,0,0,1,https://www.udemy.com/course/blender-basics-a-complete-beginners-guide-to-3d-modeling/
3D modelling projects,4254884,Ishank Popli,"3D Modeling, 3D Animation, 3D & Animation, Design",3D Modeling,Beginner,44 mins,3.4,46,2661,Free,8/2021,0,0,0,https://www.udemy.com/course/3d-modelling-projects/
Making a Laptop | Blender 3D Modeling,4135206,Abhijit Kapoor,"3D Modeling, 3D & Animation, Design",3D Modeling,Beginner,41 mins,4.7,23,1089,Free,6/2021,0,0,5,https://www.udemy.com/course/making-a-laptop-blender-3d-modeling-level-2/
Shapr3D Fundamentals (Part 1): From Setup to 3D Modeling,7045877,Shapr3D Official,"CAD Software, Other IT & Software, IT & Software",3D Modeling,Beginner,1.5 hours,4.5,120,1844,Free,2/2026,0,0,21,https://www.udemy.com/course/shapr3d-fundamentals-from-setup-to-3d-modeling/
Free Blender Course: 3D Rendering with Cycles for Beginners,6862089,CGwisdom Online courses,"Blender, 3D Rendering, 3D Texturing, 3D Modeling, 3D & Animation",3D Modeling,Beginner,2 hours,4.6,24,879,Free,10/2025,0,0,1,https://www.udemy.com/course/free-blender-course-3d-rendering-with-cycles-for-beginners/
Creating a Guitar in Blender and Substance Painter,5559752,Aniket Rawat,"Blender, Substance Painter, 3D Texturing, 3D Modeling, 3D & Animation",3D Modeling,All Levels,2 hours,4.7,81,2483,Free,5/2024,0,0,1,https://www.udemy.com/course/creating-a-guitar-in-blender-and-substance-painter/
Blender jumpstart: Beginners Guide to Profitable 3D Designs,5950890,Ahmad Raza,"Blender, 3D & Animation, Design",3D Modeling,Beginner,42 mins,4.5,23,1028,Free,5/2024,0,0,1,https://www.udemy.com/course/blender-jumpstart-beginners-guide-to-profitable-3d-designs/
Free Furniture Modeling Mini-Course,6914377,Arrimus 3D,"3D Modeling, 3D Rendering, 3D Texturing, Autodesk 3ds Max, 3D & Animation",3D Modeling,All Levels,1 hour,4.8,12,419,Free,11/2025,0,0,1,https://www.udemy.com/course/free-chair/
"3D Modeling Fundamentals: Extrude, Revolve, and Loft",7108321,Shapr3D Official,"CAD Software, Other IT & Software, IT & Software",3D Modeling,Beginner,1.5 hours,4.8,2,71,Free,N/A,0,0,5,https://www.udemy.com/course/3d-modeling-fundamentals/
Introduction to Basic 3D Modeling with Microsoft Paint 3D,5528210,VISHAL SAHU,"3D Modeling, 3D & Animation, Design",3D Modeling,Beginner,1 hour,4.7,76,1990,Free,3/2025,0,0,0,https://www.udemy.com/course/introduction-to-basic-3d-modeling-with-microsoft-paint-3d/
Create 3D Models of Furniture and Books in Paint 3D,5805932,VISHAL SAHU,"3D & Animation, Design",3D Modeling,Beginner,43 mins,4.6,8,787,Free,3/2025,0,0,2,https://www.udemy.com/course/microsoft-paint-3d-create-3d-furniture-and-books/
Mouse ‘n Cheese - Learning to 3D Model in Blender,1667728,Cody Gaines,"Blender, 3D Modeling, 3D Texturing, 3D Rendering, 3D & Animation",3D Modeling,Beginner,2 hours,4.5,80,3835,Free,10/2020,0,0,11,https://www.udemy.com/course/mouse-n-cheese/
Blender: Create a Jack-o'-Lantern Scene (Beginner Course),4951352,Ruan Lotter,"Blender, 3D Modeling, 3D & Animation, Design",3D Modeling,All Levels,1 hour,4.5,81,1350,Free,9/2023,0,0,1,https://www.udemy.com/course/blenderjack/
A Practical Introduction - Modeling & Animation in Blender,1120462,Thomas McDonald,"Blender, 3D Animation, 3D & Animation, Design",3D Modeling,Beginner,1.5 hours,4.6,657,22521,Free,8/2024,2,0,0,https://www.udemy.com/course/a-practical-introduction-to-blender-3d/
Earn by creating 3D model house.,4395240,Rishi Bhakat,"Blender, 3D Modeling, 3D & Animation, Design",3D Modeling,Beginner,1 hour,3.9,14,1433,Free,12/2021,1,0,0,https://www.udemy.com/course/creating-3d-house-in-blender/
Blender 3D Modeling & Animation Tutorial For Beginner,5361998,Reza Danish,"3D Animation, 3D Modeling, Blender, 3D & Animation, Design",3D Modeling,All Levels,2 hours,4.0,53,1803,Free,5/2024,0,0,4,https://www.udemy.com/course/blender-3d-animation-tutorial-for-beginner/
Making a Phone | Blender 3D Modeling,4559136,Abhijit Kapoor,"Blender, 3D & Animation, Design",3D Modeling,Beginner,37 mins,4.1,23,1242,Free,2/2022,0,0,3,https://www.udemy.com/course/blenderphone/
Running a 3D Modeling/Animation Business,369058,Sam Lytle,"3D Animation, Financial Modeling, Freelancing, 3D Modeling, 3D & Animation",3D Modeling,All Levels,2 hours,4.4,219,15789,Free,8/2017,0,0,9,https://www.udemy.com/course/running-a-3d-business/
Create a 3D Asset in Blender and Substance Painter,4320272,Aniket Rawat,"Blender, 3D Modeling, 3D Texturing, Substance Painter, 3D & Animation",3D Modeling,All Levels,2 hours,4.5,175,6446,Free,5/2024,0,0,1,https://www.udemy.com/course/create-a-3d-asset-in-blender-and-substance-painter/
3D CAD Fundamentals with SIEMENS Solid Edge,984594,John Devitry,"CAD Software, Solid Edge, 3D & Animation, Design",3D Modeling,Beginner,1.5 hours,4.5,860,16379,Free,10/2016,9,0,1,https://www.udemy.com/course/3dcadbasics/
Making a Piano | Blender 3D Modeling,4022270,Abhijit Kapoor,"3D Modeling, 3D & Animation, Design",3D Modeling,Beginner,2 hours,4.3,7,445,Free,2/2025,0,0,11,https://www.udemy.com/course/making-a-piano-blender-3d-modeling-level-1/
3D Modeling with TinkerCAD,4926354,Meu Labs,"Tinkercad, 3D Modeling, Design Tools, Design",3D Modeling,Beginner,32 mins,4.6,95,2760,Free,10/2022,0,0,0,https://www.udemy.com/course/tinkercad-for-kids/
ZBrush: Tips and Tricks to Optimize Your 3D Modeling Process,4705558,Raul Passos,"zBrush, 3D & Animation, Design",3D Modeling,All Levels,1.5 hours,4.3,13,945,Free,6/2022,0,0,0,https://www.udemy.com/course/zbrush-tips-and-tricks/
Create a 3d War Horn in Maya and Substance Painter,6047411,Chander Dhingra,"Unreal Engine, Autodesk Maya, Substance Painter, 3D Modeling, Game Design",3D Modeling,Beginner,1 hour,4.0,16,1944,Free,6/2024,0,0,1,https://www.udemy.com/course/create-a-3d-war-horn-in-maya-and-substance-painter/
Learn Maya 3D Modeling for Unity Mobile Game Development,1317934,Ivan Yosifov,"3D Modeling, Autodesk Maya, Game Design, Design",3D Modeling,Intermediate,2 hours,4.0,81,4070,Free,8/2017,0,0,0,https://www.udemy.com/course/mayaformobileunitygames/
Model a Product in Maya to Sell on Shapeways 3D Print Store,2728440,Young Lee,"Autodesk Maya, 3D Modeling, 3D Printing, 3D & Animation, Design",3D Modeling,All Levels,1.5 hours,4.3,40,4153,Free,1/2020,0,0,0,https://www.udemy.com/course/model-a-product-in-maya-to-sell-on-shapeways-3d-print-store/
Blender Animation & Rigging: Bring Your Creations To Life,5602736,"GameDev.tv Team, Grant Abbitt","Blender, Character Rigging, 3D Animation, Character Animation, Game Development",3D Modeling,All Levels,8 hours,4.7,1629,14026,"Rp159,000",7/2025,0,0,70,https://www.udemy.com/course/blender-animation-rigging/
Full game character in Blender course - Moth Girl,6686537,NIkolay Naydenov,"Blender, Game Design, Design",3D Modeling,Intermediate,50 hours,4.8,243,2308,"Rp159,000",6/2025,0,0,1,https://www.udemy.com/course/full-game-character-in-blender-course-moth-girl/
Handpainted Diorama Course [FULL WORKFLOW],5951106,Romans Busels,"3D Texturing, 3D Environment Modeling, Game Art, 3D Modeling, 3D & Animation",3D Modeling,All Levels,10 hours,4.5,40,417,"Rp149,000",5/2024,0,0,17,https://www.udemy.com/course/zugzug-handpainted-diorama/
Blender 3d : Ultimate Isometric Scene Creation Masterclass,5784788,Pradeep Durai,"3D Modeling, Blender, 3D Rendering, 3D Lighting, 3D & Animation",3D Modeling,All Levels,11.5 hours,4.8,14,128,"Rp149,000",7/2024,0,0,4,https://www.udemy.com/course/blender-3d-ultimate-isometric-scene-creation-masterclass/
Blender Character Creator for Video Games,1356020,"GameDev.tv Team, Rick Davidson, Grant Abbitt","3D Animation, Blender, 3D Game Development, 3D Rigging, Game Development",3D Modeling,Beginner,34.5 hours,4.8,8947,60605,"Rp169,000",3/2026,4,0,118,https://www.udemy.com/course/blendercharacters/
3D Cars: Inside and Out in Blender,5456768,"CG Masters, Chris Plush","Blender, Hard Surface Modeling, 3D Modeling, 3D & Animation, Design",3D Modeling,Intermediate,45 hours,4.9,229,829,"Rp499,000",9/2025,0,0,1,https://www.udemy.com/course/3d-cars-inside-and-out-in-blender/
Autodesk Fusion 360 (2026) - Complete Beginners Guide,6439263,Christopher Richardson,"Autodesk Fusion, Mechanical Engineering, CAD Software, 3D & Animation, Design",3D Modeling,Beginner,10.5 hours,4.7,1935,8477,"Rp159,000",3/2026,0,0,43,https://www.udemy.com/course/autodesk-fusion-360-year-2025-complete-beginners-guide/
Low-Poly Anime Character Creation in Blender,7005391,Ivan Julio,"Character Modeling, Blender, 3D & Animation, Design",3D Modeling,Beginner,3 hours,4.5,11,239,"Rp149,000",3/2026,0,0,1,https://www.udemy.com/course/low-poly-anime-character-creation-in-blender/
Blender 4: The Ultimate Environment Artist's Guide,5834858,3D Tudor,"Blender, 3D Environment Modeling, 3D Rendering, 3D Modeling, Game Design",3D Modeling,All Levels,41 hours,4.7,225,3104,"Rp149,000",1/2026,0,0,1,https://www.udemy.com/course/blender-4-the-ultimate-environment-artists-guide/
Blender for 3D Printing - Beginner Basics & Effects (101),2291885,Jayson Wall,"3D Printing, Prototyping, Blender, 3D & Animation, Design",3D Modeling,Beginner,4.5 hours,4.6,294,2822,"Rp149,000",1/2025,0,0,10,https://www.udemy.com/course/blender-for-3d-printing/
Learning Substance Painter From Beginner to Advance,4048478,Sean Fowler,"3D Texturing, Autodesk Maya, Game Texturing, Substance Painter, 3D & Animation",3D Modeling,All Levels,9 hours,4.5,343,2663,"Rp149,000",7/2022,0,0,5,https://www.udemy.com/course/learning-substance-painter-2021-from-beginner-to-advance/
Blender Building Masterclass from Concept to Final Render,6637743,3D Tudor,"Blender, 3D Environment Modeling, 3D Modeling, 3D Rendering, 3D & Animation",3D Modeling,All Levels,40.5 hours,4.6,48,623,"Rp149,000",1/2026,0,0,2,https://www.udemy.com/course/blender-building-masterclass-from-concept-to-final-render/
Blender Course - Advanced Interior Visualization Training,6807781,CGwisdom Online courses,"Blender, 3D Rendering, 3D Modeling, 3D Animation, 3D & Animation",3D Modeling,Intermediate,6 hours,4.5,10,99,"Rp149,000",10/2025,0,0,3,https://www.udemy.com/course/blender-course-advanced-interior-visualization-training/
BLENDER: Full interior scene creation,6188335,Mrawan Hussain,"Blender, Interior Design, 3D Modeling, Design",3D Modeling,Intermediate,12 hours,4.6,82,731,"Rp159,000",2/2026,1,0,4,https://www.udemy.com/course/full-interior-scene-creation-with-blender/
Blender 3D from zero to hero,1312870,"Widhi Muttaqien, S.Kom, MMSI","Blender, 3D Modeling, 3D Texturing, UV Mapping, 3D & Animation",3D Modeling,All Levels,29.5 hours,4.6,904,4851,"Rp149,000",11/2024,2,0,82,https://www.udemy.com/course/blender-3d-from-zero-to-hero/
Blender to Unreal Engine Become a Dungeon Prop Artist,4911324,3D Tudor,"Blender, 3D Modeling, Game Art, Unreal Engine, 3D & Animation",3D Modeling,All Levels,29.5 hours,4.7,172,3098,"Rp149,000",4/2025,0,0,1,https://www.udemy.com/course/blender-to-unreal-engine-become-a-dungeon-prop-artist/
TinkerCAD for Beginners with final Certificate,5259342,Jean Lambert Salvatori,"Tinkercad, 3D & Animation, Design",3D Modeling,All Levels,3.5 hours,4.5,116,400,"Rp149,000",1/2025,1,0,1,https://www.udemy.com/course/tinkercad-3d-software-with-final-certificate/
Master SOLIDWORKS 3D CAD using real-world examples,3898204,Johno Ellison,"SOLIDWORKS, Design Tools, Design",3D Modeling,Beginner,19 hours,4.8,2308,18092,"Rp169,000",4/2022,0,0,12,https://www.udemy.com/course/solidworks2021/
Create Product Animations In blender.,4724186,david Jaasma,"Blender, 3D & Animation, Design",3D Modeling,Intermediate,3 hours,4.7,90,507,"Rp149,000",1/2023,0,0,2,https://www.udemy.com/course/create-product-animations-in-blender/
The Blender 2.8 Encyclopedia,2302354,"Lee Salvemini, Chris Plush, CG Masters","3D Animation, 3D Modeling, 3D Texturing, Blender, 3D & Animation",3D Modeling,All Levels,53 hours,4.7,8133,41125,"Rp149,000",7/2023,0,0,731,https://www.udemy.com/course/the-blender-encyclopedia/
"Blender Complete Bootcamp Model, Animate & Render Like a Pro",3313682,Sebastián Vargas Molano,"Blender, 3D & Animation, Design",3D Modeling,All Levels,19 hours,4.7,2083,11111,"Rp149,000",3/2026,0,0,11,https://www.udemy.com/course/the-complete-blender-course/
Creating a Modular Kitbash in Blender,3893940,3D Tudor,"3D Modeling, Game Art, Game Design, Blender, Game Development",3D Modeling,All Levels,32 hours,4.6,161,2204,"Rp149,000",4/2025,0,0,1,https://www.udemy.com/course/modular-kitbash-in-blender/
Handpainted 3D Weapon Course [FULL WORKFLOW],5648866,Romans Busels,"3D Texturing, 3D Modeling, Game Art, Blender, 3D & Animation",3D Modeling,All Levels,7 hours,4.6,48,415,"Rp149,000",11/2023,0,0,17,https://www.udemy.com/course/handpainted-3d-weapon-course/
AutoCAD Mastery: 500 Examples| 10 Projects| 110 Q&A|10 Tests,5691996,"Roy Academy, SNS Roy","AutoCAD, CAD Software, Geometric Dimensioning and Tolerancing (GD&T), Drawing, Design Tools",3D Modeling,All Levels,39 hours,4.6,414,3571,"Rp159,000",1/2026,89,0,428,https://www.udemy.com/course/autocad-mastery-500-drawings-10-mock-tests-100-quiz-10-projects/
Wolverine: Nomad Sculpt Advanced Tutorial,6295213,Dave Reed,"3D Modeling, 3D & Animation, Design",3D Modeling,Expert,8.5 hours,4.7,75,737,"Rp159,000",11/2024,0,0,1,https://www.udemy.com/course/wolverine/
3D Low Poly Car Modeling In Blender,6869617,Eduard Lautenschläger,"Blender, 3D & Animation, Design",3D Modeling,Beginner,2.5 hours,4.8,39,164,"Rp159,000",3/2026,0,0,37,https://www.udemy.com/course/3d-low-poly-car-modeling-in-blender/
Blender Beginners Masterclass: The Cookie Factory,6303857,3D Tudor,"Blender, 3D Animation, 3D Modeling, 3D Rendering, 3D & Animation",3D Modeling,All Levels,19 hours,4.6,73,834,"Rp149,000",3/2026,0,0,3,https://www.udemy.com/course/blender-beginners-masterclass-the-cookie-factory/
Use Blender and Substance Painter to create This classic car,5990026,Edward Harding,"Blender, 3D & Animation, Design",3D Modeling,All Levels,35.5 hours,4.7,14,112,"Rp149,000",11/2024,0,0,6,https://www.udemy.com/course/use-blender-and-substance-painter-to-create-this-classic-car/
Complete FreeCAD Course : From Zero to Expert !,5512522,Amar Patel,"FreeCAD, 3D Modeling, Design Tools, Design",3D Modeling,All Levels,35.5 hours,4.3,600,3191,"Rp159,000",1/2026,0,0,98,https://www.udemy.com/course/freecad-course-for-beginner/
Blender 3 Beginners Step by Step Guide to Isometric Rooms,5182822,3D Tudor,"Blender, 3D Modeling, 3D Rendering, 3D & Animation, Design",3D Modeling,Beginner,11 hours,4.9,22,646,"Rp149,000",4/2025,0,0,1,https://www.udemy.com/course/blender-3-beginners-step-by-step-guide-to-isometric-rooms/
Easy Blender Course for Beginners,6397225,Artstudio 313,"3D Modeling, 3D & Animation, Design",3D Modeling,Beginner,1.5 hours,4.1,125,3904,"Rp149,000",2/2026,0,0,1,https://www.udemy.com/course/complete-free-blender-course-for-beginners-2025/
Blender Mastery: A Complete Project-Based Course,6372025,My 3D Class,"Blender, 3D Rendering, 3D Modeling, 3D & Animation, Design",3D Modeling,Beginner,11 hours,4.4,21,133,"Rp149,000",2/2026,0,0,25,https://www.udemy.com/course/blender-mastery-a-complete-project-based-course/
Blender Sci-fi Scenes with Eevee,2791410,3D Tudor,"3D Modeling, 3D Animation, 3D Rendering, 3D Texturing, 3D & Animation",3D Modeling,Beginner,18.5 hours,4.8,223,35569,"Rp149,000",8/2024,0,0,1,https://www.udemy.com/course/blender-28-beginners-guide-to-3d-modeling-a-sci-fi-scene/
"3D Blender Full character sculpting, cute female / woman",6529179,Just Tis,"Blender, Anatomy, 3D & Animation, Design",3D Modeling,All Levels,11.5 hours,4.8,10,178,"Rp159,000",3/2025,0,0,2,https://www.udemy.com/course/3d-blender-full-character-sculpting-cute-female-woman/
Create and 3D Print Your First Character in Blender,6281973,Samuel Briskar,"3D Modeling, 3D & Animation, Design",3D Modeling,Beginner,3.5 hours,4.9,6,98,"Rp149,000",11/2024,0,0,2,https://www.udemy.com/course/create-and-3d-print-your-first-character-in-blender/
Blender & Substance: Modeling and texturing videogame props,1642266,The Parabox 3D,"3D Modeling, Game Texturing, Blender, Substance Painter, 3D & Animation",3D Modeling,All Levels,14.5 hours,4.6,518,2791,"Rp149,000",2/2021,1,0,8,https://www.udemy.com/course/next-gene-assets-for-videogames/
Achieve 3D Photorealism in Blender: Subway Challenge,2163504,Abdelilah Hamdani,"Photorealistic Rendering, 3D & Animation, Design",3D Modeling,Beginner,7 hours,4.7,370,2769,"Rp149,000",6/2024,0,0,6,https://www.udemy.com/course/subwaychallenge/
The Ultimate Prop Art Bundle - 4 courses in 1,5077310,Aniket Rawat,"Blender, 3D Modeling, 3D Texturing, Substance Painter, 3D & Animation",3D Modeling,All Levels,10 hours,4.4,91,787,"Rp159,000",5/2024,0,0,1,https://www.udemy.com/course/the-ultimate-prop-art-bundle-4-courses-in-1/
Learn Blender In 3.5 Hours - Beginner Friendly,4756452,Ruan Lotter,"3D Animation, 3D Modeling, 3D & Animation, Design",3D Modeling,All Levels,3.5 hours,4.8,41,312,"Rp149,000",6/2022,0,0,0,https://www.udemy.com/course/blenderbeginner/
Blender Architectural Visualization - Complete House Project,6827451,CGwisdom Online courses,"3D Rendering, 3D Texturing, 3D Modeling, Blender, 3D & Animation",3D Modeling,Beginner,16 hours,5.0,1,24,"Rp149,000",10/2025,0,0,2,https://www.udemy.com/course/blender-architectural-visualization-complete-house-project/
Ultimate character creation in Blender: From beginner to pro,4192388,Monica 3D,"Character Modeling, Character Rigging, 3D Modeling, Blender, 3D & Animation",3D Modeling,All Levels,31 hours,4.6,514,3415,"Rp149,000",9/2021,0,0,24,https://www.udemy.com/course/ultimate-character-creation-in-blender/
Blender to Unreal Engine 5,4164138,3D Tudor,"3D Modeling, 3D Animation, Blender, Unreal Engine, 3D & Animation",3D Modeling,Beginner,21 hours,4.7,382,5412,"Rp149,000",4/2025,0,0,0,https://www.udemy.com/course/blender-to-unreal-engine-5/
The Blender 4 Ultimate Guide,5720430,3D Tudor,"Blender, 3D & Animation, Design",3D Modeling,All Levels,21.5 hours,4.3,157,1658,"Rp149,000",1/2026,0,0,1,https://www.udemy.com/course/the-blender-4-ultimate-guide/
CityEngine & Twinmotion Masterclass: Urban 3D Visualization,6785247,Mohammadreza Lajevardi,"Twinmotion, Architectural Design, Design",3D Modeling,All Levels,17.5 hours,4.7,19,1071,"Rp149,000",1/2026,7,0,6,https://www.udemy.com/course/cityengine-twinmotion-masterclass-urban-3d-visualization/
Mastering the Art of Isometric Room Design in Blender 3,5092152,3D Tudor,"Blender, 3D Modeling, 3D & Animation, Design",3D Modeling,Beginner,9 hours,4.7,28,1285,"Rp149,000",4/2025,0,0,1,https://www.udemy.com/course/blender-3-mastering-the-art-of-isometric-room-design-in/
Stylized Blender 3D Environment: Greek Temple Workshop,6911209,"3D Tudor, Marcus Rosefield","Blender, 3D Environment Modeling, 3D Game Development, 3D Modeling, 3D & Animation",3D Modeling,All Levels,10 hours,3.8,10,121,"Rp149,000",1/2026,0,0,1,https://www.udemy.com/course/stylized-blender-3d-environment-greek-temple-workshop/
BLENDER: Creating the Dune Ornithopter from start to finish,4756068,Mrawan Hussain,"Blender, Hard Surface Modeling, 3D & Animation, Design",3D Modeling,Intermediate,49 hours,4.8,119,1144,"Rp149,000",6/2024,5,0,9,https://www.udemy.com/course/blender-creating-the-dune-ornithopter-from-start-to-finish/
Blender Character Creation for Absolute Beginners,4886260,Nexttut Education Pvt.Ltd.,"Blender, 3D & Animation, Design",3D Modeling,Beginner,22 hours,4.7,58,663,"Rp149,000",10/2022,1,0,3,https://www.udemy.com/course/blender-character-creation-for-absolute-beginners/
Design For 3D Printing | Fusion 360 Masterclass,3991118,Steven Wolfe,"3D Printing, Autodesk Fusion, Other Design, Design",3D Modeling,Beginner,9.5 hours,4.4,904,6087,"Rp149,000",12/2022,1,0,0,https://www.udemy.com/course/design-for-3d-printing-fusion-360-masterclass/
Creating a Stylized House and Props in Blender 2026,4791226,Artstudio 313,"3D Modeling, 3D & Animation, Design",3D Modeling,Beginner,10 hours,4.4,101,5463,"Rp149,000",3/2026,0,0,29,https://www.udemy.com/course/learn-blender-for-beginners-for-free/
Handplane 3D hero prop Asset AAA-quality,6419229,Dmitry Bely,"3D & Animation, Design",3D Modeling,Intermediate,20 hours,4.8,9,90,"Rp149,000",2/2025,0,0,7,https://www.udemy.com/course/handplane3d/
Bambu Rundown (Bambu Lab Studio & Printer Course),5307510,Gregg Cerenzio,"3D Printing, Other IT & Software, IT & Software",3D Modeling,Beginner,13.5 hours,4.3,209,1320,"Rp149,000",3/2026,0,0,0,https://www.udemy.com/course/bambu-rundown/
Ultimate Sci-Fi Suit Modeling Tutorial,5252198,Arrimus 3D,"3D Modeling, 3D & Animation, Design",3D Modeling,Beginner,74.5 hours,4.9,23,417,"Rp149,000",7/2025,0,0,4,https://www.udemy.com/course/ultimate-sci-fi-soldier/
"3D Character Modelling, Animation and Rigging Using Blender.",6122381,Micheal Onoja,"3D Animation, Character Rigging, 3D Texturing, 3D Modeling, 3D & Animation",3D Modeling,All Levels,16 hours,2.6,3,36,"Rp149,000",8/2025,0,0,0,https://www.udemy.com/course/3d-character-modelling-animation-and-rigging-using-blender/
CATIA V5: Complete 3D Modeling Course for Beginners,4196672,Alen Oletic,"CATIA, 3D & Animation, Design",3D Modeling,Beginner,7.5 hours,4.4,46,1282,"Rp149,000",2/2026,2,0,73,https://www.udemy.com/course/learn-catia-from-scratch/
Character creation for Unreal Engine,6672309,Julien Deville,"3D Modeling, 3D Texturing, 3D Animation, 3D Sculpting, 3D & Animation",3D Modeling,Beginner,7.5 hours,4.7,33,323,"Rp149,000",6/2025,0,0,13,https://www.udemy.com/course/character-creation-for-unreal-engine/
Unlock the World of 3D: Mastering Adobe Substance 3D Stager,5648670,Daniela Norvik,"3D Rendering, 3D & Animation, Design",3D Modeling,All Levels,3 hours,4.8,8,83,"Rp149,000",1/2024,0,0,41,https://www.udemy.com/course/unlock-the-world-of-3d-adobe-stager/
3DS Max Tutorial. Learn The Art of Modelling and Animation,24096,Infinite Skills,"Animation, Art History, Autodesk 3ds Max, 3D & Animation, Design",3D Modeling,All Levels,18.5 hours,4.6,575,8750,"Rp199,000",1/2017,1,0,1,https://www.udemy.com/course/learning-3ds/
SOLIDWORKS 3D Modeling: Complete Step-By-Step Course,3717164,Alen Oletic,"SOLIDWORKS, Design Tools, Design",3D Modeling,Beginner,8.5 hours,4.5,122,11800,"Rp149,000",3/2026,13,0,15,https://www.udemy.com/course/solidworks-from-beginner-to-professional/
Blender 3D Modeling: Charming Cottage with Substance & UE 5.,6115787,Chander Dhingra,"Substance Painter, 3D Environment Modeling, Blender, Unreal Engine, 3D & Animation",3D Modeling,Intermediate,4 hours,4.8,N/A,12,"Rp149,000",11/2024,0,0,0,https://www.udemy.com/course/charming-cottage-in-blender-substance-painter-ue-53/
Master Character Design in Blender for Unity & Unreal Engine,5343734,Abdelilah Hamdani,"Blender, Unreal Engine, 3D & Animation, Design",3D Modeling,Beginner,7.5 hours,4.6,127,1173,"Rp149,000",1/2024,0,0,24,https://www.udemy.com/course/blender-character-design/
Nomad Sculpt Crash Course for Beginners!,6853891,Dave Reed,"3D Modeling, 3D & Animation, Design",3D Modeling,Beginner,1 hour,4.7,18,137,"Rp159,000",10/2025,0,0,0,https://www.udemy.com/course/nomadsculptgreen/
Blender: Create 3D game assets,3494134,david Jaasma,"3D Modeling, 3D Texturing, Animation, Blender, 3D & Animation",3D Modeling,Beginner,9.5 hours,4.3,77,480,"Rp149,000",11/2020,0,0,33,https://www.udemy.com/course/blender-create-3d-game-assets/
TinkerCAD for Complete Beginners,2837430,Mike Freeman,"3D Printing, 3D Sculpting, CAD Software, 3D & Animation, Design",3D Modeling,Beginner,3 hours,4.4,216,846,"Rp149,000",9/2021,0,0,0,https://www.udemy.com/course/tinkercad-for-complete-beginners/
Complete 3D Blender Course: Sketch to 3D Art for Beginners,4317626,"Yasser Mahmood, Zahra Yasser, Juwairiyeh Yasser","3D Modeling, 3D & Animation, Design",3D Modeling,Beginner,2 hours,4.6,14,52,"Rp149,000",2/2022,0,0,29,https://www.udemy.com/course/complete-3d-blender-course-sketch-to-3d-art-for-beginners/
Beginner's Guide to Stylized Character Creation for Games,3556503,Nexttut Education Pvt.Ltd.,"Character Modeling, 3D & Animation, Design",3D Modeling,Beginner,33 hours,4.7,227,1612,"Rp149,000",10/2020,1,0,0,https://www.udemy.com/course/beginners-guide-to-stylized-character-creation-for-games/
Blender 3D Animation Masterclass: Create Epic CGI Scenes,6576089,Udit Gala,"Blender, 3D Rendering, 3D Animation, 3D Modeling, 3D & Animation",3D Modeling,All Levels,9.5 hours,4.6,50,2381,"Rp149,000",12/2025,14,0,3,https://www.udemy.com/course/blender-cgi-masterclass/
3D Female Armored Assassin in Blender course,5388644,NIkolay Naydenov,"Character Modeling, Blender, 3D & Animation, Design",3D Modeling,Intermediate,28.5 hours,4.4,353,3542,"Rp159,000",6/2023,0,0,1,https://www.udemy.com/course/3d-female-armored-assassin-in-blender-course/
Create & Design a Modern Architecture House in Blender 3D,1160132,Stephen Pearson,"Blender, Photorealistic Rendering, 3D Rendering, Architectural Design, Design",3D Modeling,All Levels,5 hours,4.6,1650,9616,"Rp159,000",9/2025,2,0,1,https://www.udemy.com/course/blendermadeeasy-modernhouse/
Master Blender 3D with Wild West Environments,6538473,"3D Tudor, Luke PolyGoods 3D","Blender, 3D Rendering, 3D Modeling, 3D Game Development, 3D & Animation",3D Modeling,All Levels,21 hours,4.7,26,387,"Rp149,000",1/2026,0,0,1,https://www.udemy.com/course/master-blender-3d-with-wild-west-environments/
Master Photorealistic Bathroom Visualization in Blender,6821369,CGwisdom Online courses,"3D Rendering, 3D Modeling, Blender, 3D & Animation, Design",3D Modeling,Beginner,4 hours,5.0,1,23,"Rp149,000",9/2025,0,0,1,https://www.udemy.com/course/master-photorealistic-bathroom-visualization-in-blender/
"Build Games with Unreal Engine, Unity® and Blender!",2041952,"Mammoth Interactive, John Bura","Game Development Fundamentals, Unity, Unreal Engine, Blender, Game Development",3D Modeling,All Levels,110.5 hours,4.4,24,338,"Rp149,000",1/2023,56,0,49,https://www.udemy.com/course/build-games-with-unreal-engine-unity-and-blender/
Blender 3D Full Course (Project Based),5417668,Nafay Sheikh,"Blender, 3D & Animation, Design",3D Modeling,All Levels,16 hours,4.3,519,2577,"Rp149,000",7/2023,0,0,0,https://www.udemy.com/course/blender-3d-full-course-project-based/
Male Character Creation in Zbrush,2423992,Nexttut Education Pvt.Ltd.,"Digital Character Sculpting, 3D & Animation, Design",3D Modeling,Intermediate,30 hours,4.8,647,4683,"Rp149,000",1/2021,2,0,0,https://www.udemy.com/course/male-character-creation-in-zbrush/
Blender - Geometry Nodes Encyclopedia,6529233,"Kubilay Altındiş, Sefa Konuk","Blender, Animation, 3D Modeling, Algorithms, 3D & Animation",3D Modeling,All Levels,15 hours,4.5,45,417,"Rp149,000",8/2025,0,0,1,https://www.udemy.com/course/blender-geometry-nodes-encyclopedia/
3D Car Modeling and Rendering: From Beginner to Advanced,4452360,Vimeen Çevrimiçi Kurslar,"Cinema 4D, V-Ray, 3D & Animation, Design",3D Modeling,All Levels,89 hours,3.8,9,309,"Rp149,000",9/2025,1,0,1,https://www.udemy.com/course/car-modelling-and-rendering-orhanyucesoy/
Blender for Game Art,4399032,Kendale Jones,"Unreal Engine, Blender, Substance Painter, Game Design, Design",3D Modeling,All Levels,5.5 hours,4.7,38,357,"Rp149,000",11/2021,0,0,2,https://www.udemy.com/course/blender-for-game-art/
Making Production ready 3D AI Assets,6953625,3DRedBox Studio,"Unreal Engine, zBrush, Marmoset Toolbag, Autodesk 3ds Max, 3D & Animation",3D Modeling,All Levels,6.5 hours,5.0,1,12,"Rp149,000",1/2026,0,0,0,https://www.udemy.com/course/making-production-ready-3d-ai-assets/
LEARN 3D CHARACTER ANIMATION FROM SCRATCH,5175734,Effiong Samuel,"3D Animation, 3D & Animation, Design",3D Modeling,All Levels,19.5 hours,4.3,52,414,"Rp159,000",6/2024,0,0,5,https://www.udemy.com/course/learn-3d-character-animation-from-scratch-blender/
AutoCAD with Beginner-Friendly and Practical Lessons,6354965,Fábio Sánchez,"AutoCAD, Other IT & Software, IT & Software",3D Modeling,Beginner,8.5 hours,4.6,131,755,"Rp159,000",1/2026,0,0,51,https://www.udemy.com/course/autocad-with-beginner-friendly-and-practical-lessons/
"Master Blender 4 With AI Tools, Blender Addons & Unity.",5580650,Build FX,"Blender, 3D & Animation, Design",3D Modeling,All Levels,3 hours,4.8,20,1131,"Rp149,000",2/2025,0,0,0,https://www.udemy.com/course/master-blender-addons-and-learn-how-to-use-it/
Complete Blender Course: Beginner to Pro in 3D Modeling,6856651,Umair Naeem,"3D Modeling, Game Development Fundamentals, Unity Visual Scripting, Blender, 3D & Animation",3D Modeling,Intermediate,12.5 hours,4.4,N/A,5,"Rp149,000",10/2025,0,0,0,https://www.udemy.com/course/complete-blender-course-beginner-to-pro-in-3d-modeling/
Complete 3D Animation Masterclass: Create Animated Shorts,5462450,Vertmode Official,"3D Animation, 3D Rendering, Character Rigging, 3D Modeling, 3D & Animation",3D Modeling,All Levels,52 hours,4.7,47,423,"Rp149,000",8/2023,1,0,93,https://www.udemy.com/course/3danimationmasterclass/
"Virtual Reality Visualisation ( VRED , Blender ) and Coding",6162231,Khaja Mohamed,"3D Rendering, 3D Texturing, 3D Modeling, Other IT & Software, IT & Software",3D Modeling,Beginner,1.5 hours,3.9,8,779,"Rp149,000",3/2026,66,0,0,https://www.udemy.com/course/vred-high-end-3d-visualization-and-design-software-course/
3D Printing Business & Side Hustle Masterclass,6981121,NextGen 3D,"3D Printing, Entrepreneurship, Business",3D Modeling,All Levels,4 hours,4.2,9,1359,"Rp149,000",3/2026,0,0,48,https://www.udemy.com/course/3d-printing-business-side-hustle-masterclass/
Learn the ART of Video Games,1041162,Kevin Oxland,"Game Art, 3D Modeling, Game Texturing, 3D & Animation, Design",3D Modeling,Beginner,44 hours,4.4,822,7445,"Rp149,000",2/2020,3,0,20,https://www.udemy.com/course/the-art-of-video-games/
The Complete 3D-Printing Course - Masterclass,1605958,Manuel Stange,"3D Printing, 3D & Animation, Design",3D Modeling,Beginner,2 hours,4.4,357,1711,"Rp149,000",6/2020,0,0,2,https://www.udemy.com/course/the-complete-3d-printing-course-masterclass/
Animate a Rocket Launch: Smoke & Fire Simulation in Blender,2475584,Abdelilah Hamdani,"Blender, Photorealistic Rendering, Fluid Mechanics, 3D & Animation, Design",3D Modeling,Beginner,4.5 hours,4.5,74,1385,"Rp149,000",3/2025,0,0,7,https://www.udemy.com/course/rocket-launch-animation/
Creating A Si-fi Environment - Bio Lab,2241138,Leou von,"Cinema 4D, Amazon Redshift, zBrush, Blender, 3D & Animation",3D Modeling,Intermediate,12.5 hours,5.0,3,118,"Rp429,000",3/2019,0,0,0,https://www.udemy.com/course/creating-a-si-fi-environment-bio-lab/
Blender to Unreal Engine 3D Plants and Vegetation,4969302,3D Tudor,"3D Modeling, 3D Animation, Blender, Unreal Engine, 3D & Animation",3D Modeling,Beginner,15.5 hours,4.3,31,3157,"Rp149,000",4/2025,0,0,1,https://www.udemy.com/course/blender-to-unreal-engine-3d-plants-and-vegetation/
Rhino 3D Modeling - Beginner to Advance Transition Program,5097072,Krzysztof Kubasek,"3D Modeling, KeyShot, Rhino 3D, Design Tools, Design",3D Modeling,All Levels,4 hours,4.6,133,539,"Rp159,000",1/2023,0,0,16,https://www.udemy.com/course/learn_rhino3d/
Marvelous Designer for Beginners : Create Awesome 3d Clothes,6561095,Nexttut Education Pvt.Ltd.,"Marvelous Designer, 3D & Animation, Design",3D Modeling,Beginner,8.5 hours,4.2,55,415,"Rp149,000",4/2025,0,0,0,https://www.udemy.com/course/marvelous-designer-for-beginners-create-awesome-3d-cloths/
Animation and modeling for structure models and rebars,6478583,ahmed abdalkader,"3D Animation, 3D Modeling, Engineering, Teaching & Academics",3D Modeling,Expert,4.5 hours,5.0,6,16,"Rp349,000",2/2025,0,0,0,https://www.udemy.com/course/animation-and-modeling-for-structure-models-and-rebars/
Fusion 360 Component Assembly and Joint Design,4541680,J Aatish Rao,"Autodesk Fusion, Assembly Modeling, Mechanical Engineering, Autodesk, 3D & Animation",3D Modeling,Intermediate,4.5 hours,4.6,57,707,"Rp149,000",6/2025,1,0,6,https://www.udemy.com/course/fusion-360-component-assembly/
Robotics & Mechatronics 2: 3D Modelling & Machine Design,5625198,"Mouhammad Hamsho, Kemalaldin Hamso","Robotics, Mechatronics, Autodesk Fusion, Engineering, Teaching & Academics",3D Modeling,Intermediate,10.5 hours,4.6,214,2380,"Rp149,000",12/2023,7,0,6,https://www.udemy.com/course/robotics-mechatronics-2-3d-cad-machine-design-fusion-360-conveyor-cnc/
Master Autodesk Inventor: From Basics to Advanced,6913245,CADArtifex LLC,"Autodesk Inventor, Design Tools, Design",3D Modeling,Beginner,8.5 hours,4.5,20,104,"Rp149,000",11/2025,1,0,203,https://www.udemy.com/course/master-autodesk-inventor-from-basics-to-advanced/
Blender Made Easy: a Beginner's Guide to 3D Game Development,6327239,Billy McDaniel,"Blender, Game Design, Design",3D Modeling,Beginner,9.5 hours,4.6,20,171,"Rp149,000",7/2025,3,0,4,https://www.udemy.com/course/blender-made-easy-a-beginners-guide-to-3d-game-development/
Blender VFX for Beginners: Add Animated Characters to Videos,6402535,My 3D Class,"Blender, VFX Compositing, VFX Visual Effects, 3D & Animation, Design",3D Modeling,Beginner,5.5 hours,4.6,10,50,"Rp149,000",1/2026,0,0,7,https://www.udemy.com/course/blender-vfx-for-beginners-add-animated-characters-to-videos/
AutoCAD 3D: From Basics to Advanced Modelling,5635006,Meta Brains,"AutoCAD, AutoCAD Plant 3D, AutoCAD Civil 3D, 3D & Animation, Design",3D Modeling,All Levels,3.5 hours,4.3,225,36609,"Rp149,000",2/2024,2,0,1,https://www.udemy.com/course/autocad-3d-from-basics-to-advanced-modelling/
Revit Architecture 2026: For Architects and BIM Modelers,5875968,Ghasem Ariyani • BIM Manager,"Revit, Building Information Modeling (BIM), Architectural Design, Design",3D Modeling,All Levels,116.5 hours,4.3,475,7552,"Rp159,000",2/2026,48,0,47,https://www.udemy.com/course/revit-architecture-mastery-for-architects-and-bim-modelers/
Learn How To Sculpt Creatures In Blender,6660765,Adrain Krokodil,"3D Modeling, 3D Texturing, 3D Sculpting, 3D & Animation, Design",3D Modeling,Intermediate,14 hours,4.4,N/A,13,"Rp149,000",6/2025,0,0,0,https://www.udemy.com/course/learn-how-to-sculpt-model-creatures-in-blender/
3D Modeling Piped Systems in AutoCAD,656714,Paul Lynn,"3D Modeling, AutoCAD, 3D & Animation, Design",3D Modeling,All Levels,10.5 hours,4.5,1086,5129,"Rp149,000",9/2024,15,0,1,https://www.udemy.com/course/autocad3d/
Blender 3D: Create a Realistic Sci-Fi Movie Scene,6434363,Daren Perincic,"Blender, 3D Rendering, 3D Animation, 3D Modeling, 3D & Animation",3D Modeling,Beginner,5.5 hours,4.6,30,217,"Rp149,000",2/2025,0,0,0,https://www.udemy.com/course/blender-3d-create-a-realistic-sci-fi-movie-scene/
3D Printing Through To Painting,3090014,Tyson Washburn,"3D Printing, Arts & Crafts, Lifestyle",3D Modeling,All Levels,2 hours,4.5,48,327,"Rp149,000",6/2020,0,0,4,https://www.udemy.com/course/3d-printing-through-to-painting/
Getting Started with TinkerCAD,4052728,Nathan Nagele,"3D Modeling, 3D & Animation, Design",3D Modeling,Beginner,1.5 hours,4.6,40,4098,"Rp149,000",5/2021,0,0,5,https://www.udemy.com/course/getting-started-with-tinkercad/
Building Medieval Worlds - Unreal Engine 5 Modular Kitbash,5159796,3D Tudor,"Unreal Engine, Level Design, 3D Environment Modeling, Game Design, 3D & Animation",3D Modeling,All Levels,22 hours,4.4,72,1530,"Rp149,000",4/2025,0,0,1,https://www.udemy.com/course/building-medieval-worlds-unreal-engine-5-modular-kitbash/
The Art of product design in blender [10 Projects],4404614,Kamel Altohamy,"3D Modeling, Blender, 3D & Animation, Design",3D Modeling,All Levels,35.5 hours,3.6,16,265,"Rp149,000",6/2025,0,0,0,https://www.udemy.com/course/the-art-of-product-design-in-blender/
3D Printing & Additive Manufacturing with Tinkercad & Cura,4346776,Naman kumar Gandhi,"3D Printing, Design Thinking, Engineering, Teaching & Academics",3D Modeling,All Levels,5.5 hours,4.5,1004,8537,"Rp149,000",12/2025,0,0,3,https://www.udemy.com/course/additive-manuf-design-of-3d-printing-with-tinkercad-cura/
Learn Blender 3D Character Animation – Create a Short Film,6459079,My 3D Class,"3D Animation, Animation, Blender, 3D & Animation, Design",3D Modeling,Beginner,9 hours,4.5,42,236,"Rp149,000",2/2026,0,0,18,https://www.udemy.com/course/learn-blender-3d-character-animation-in-8-hours-short-film/
3ds max and Vray advanced course. Furniture modeling.,803780,"Anton Architect, Dmitrio Shuka","Autodesk 3ds Max, Financial Modeling, V-Ray, 3D & Animation, Design",3D Modeling,Intermediate,12 hours,3.2,65,511,"Rp149,000",4/2016,4,0,0,https://www.udemy.com/course/furniture-modeling-in-3ds-max-and-vray-advanced-training/
The Complete Course of AutoCAD Plant 3D,4412108,The Tech Courses,"AutoCAD Plant 3D, AutoCAD, Chemical Engineering, Plant Design, Engineering",3D Modeling,All Levels,9 hours,4.1,902,3575,"Rp159,000",1/2025,0,0,0,https://www.udemy.com/course/autocad-plant-3d-course/
Blend Your Imagination: Blender Character Megacourse,5202610,Promise Sebastian,"3D Modeling, 3D & Animation, Design",3D Modeling,All Levels,17 hours,5.0,8,159,"Rp149,000",6/2023,0,0,8,https://www.udemy.com/course/blender-creator/
Designing for Laser Cutting with Fusion 360,3815736,Larno Visser,"Autodesk Fusion, 3D Modeling, Prototyping, Laser Cutting, 3D & Animation",3D Modeling,All Levels,4 hours,4.7,351,2298,"Rp149,000",8/2022,0,0,10,https://www.udemy.com/course/designing-for-laser-cutting-with-fusion-360/
"Robot Modeling with Plasticity, Rendering with Blender",6405413,Onur Erbay,"3D Modeling, 3D & Animation, Design",3D Modeling,Beginner,5 hours,4.8,18,92,"Rp149,000",1/2025,0,0,1,https://www.udemy.com/course/robot-modeling-with-plasticity-rendering-with-blender/
Girl and the Dog Creation in Zbrush for Intermediate Level,3155780,Nexttut Education Pvt.Ltd.,"Character Modeling, 3D & Animation, Design",3D Modeling,Intermediate,49 hours,4.9,170,1463,"Rp149,000",6/2020,0,0,0,https://www.udemy.com/course/girl-and-the-dog-creation-in-zbrush-for-intermediate-level/
3D Architectural Visuals: Master Blender & Unreal Engine,3281026,Thomas McDonald,"Architectural Design, Design",3D Modeling,Beginner,6 hours,4.5,79,782,"Rp149,000",5/2025,1,0,25,https://www.udemy.com/course/unreal-engine-4-for-architecture-cinematic-creation/
Master Blender Quizzes: Zero to Hero with AI in One Day Go,6640489,Mukesh Kulshrestha,"Blender, Test Taking Skills, 3D Modeling, 3D Animation, 3D & Animation",3D Modeling,All Levels,N/A,4.8,N/A,1,"Rp149,000",1/2026,0,0,0,https://www.udemy.com/course/master-blender-443-quizzes-zero-to-hero_2025-with-ai/
Mastering FreeCAD with AI: Hands-On 3D Modelling Projects,6121203,Shashvat Rastogi,"FreeCAD, 3D & Animation, Design",3D Modeling,All Levels,3 hours,4.2,11,70,"Rp149,000",8/2024,0,0,0,https://www.udemy.com/course/mastering-freecad-with-ai/
SolidWorks Complete Course: Learn 3D Modeling in SolidWorks,2152304,Sattha - SolidWorks 3D Modeling,"SOLIDWORKS, 3D Modeling, 3D Animation, Game Development, Development",3D Modeling,Beginner,6 hours,4.4,890,14088,"Rp149,000",1/2025,0,0,4,https://www.udemy.com/course/solidworks-course-3d-modeling/
SketchUp for Web from Basic to Advanced,4473438,"Widhi Muttaqien, S.Kom, MMSI","SketchUp, 3D Modeling, Architectural Design, Design",3D Modeling,All Levels,7 hours,4.6,100,402,"Rp159,000",1/2022,0,0,29,https://www.udemy.com/course/sketchup-for-web-from-basic-to-advanced/
3D Modeling in 3ds Max: Create a Phorealistic 3D Model,6306329,Konstantinos Bakas,"3D Modeling, 3D & Animation, Design",3D Modeling,Beginner,1 hour,4.4,N/A,260,"Rp249,000",11/2024,0,0,0,https://www.udemy.com/course/3d-modeling-in-3ds-max-create-a-phorealistic-3d-model/
Create helmet in Blender and Substance painter,4819216,Porada Vsevolod Aleksandrovich,"Blender, Substance Painter, 3D Modeling, 3D & Animation, Design",3D Modeling,Beginner,4 hours,4.3,5,45,"Rp149,000",9/2022,0,0,2,https://www.udemy.com/course/create-helmet-in-blender-and-substance-painter/
Create a 2D Platformer with 3D Assets in Unity® and Blender!,2319656,"Mammoth Interactive, John Bura","Unity, 3D Modeling, 2D Game Development, Blender, Game Development",3D Modeling,All Levels,55.5 hours,4.8,7,161,"Rp149,000",9/2019,65,0,63,https://www.udemy.com/course/create-a-2d-platformer-with-3d-assets-in-unity-and-blender/
Create a simple cinematic in Blender [SHORT FILM],4605840,Blender Roxi,"Blender, 3D Animation, 3D Modeling, 3D Sculpting, 3D & Animation",3D Modeling,All Levels,2.5 hours,4.2,20,112,"Rp149,000",3/2022,1,0,1,https://www.udemy.com/course/create-a-simple-cinematic-in-blender/
Spider-Man Full Tutorial in Nomad Sculpt,5460626,Dave Reed,"3D Modeling, 3D & Animation, Design",3D Modeling,Intermediate,6 hours,4.7,124,896,"Rp149,000",7/2023,0,0,13,https://www.udemy.com/course/spiderman/
Learning Zbrush from Scratch,2495986,James Pro Art,"zBrush, 3D Rendering, 3D Sculpting, 3D & Animation, Design",3D Modeling,Beginner,8 hours,4.8,79,410,"Rp149,000",4/2020,0,0,13,https://www.udemy.com/course/learning-zbrush-from-scratch/
Blender: Modeling Your First 3D Character,5245400,Eve Paints,"Blender, 3D Modeling, 3D & Animation, Design",3D Modeling,Beginner,4 hours,4.8,14,89,"Rp329,000",4/2023,0,0,2,https://www.udemy.com/course/blender-modeling-your-first-3d-character/
Autodesk Fusion 360 - 3D Modeling and CNC Basics,5844088,Tai Fiebig,"3D Modeling, Manufacturing, Computer Numerical Control (CNC), 3D & Animation, Design",3D Modeling,Beginner,7.5 hours,4.7,175,905,"Rp149,000",1/2025,2,0,6,https://www.udemy.com/course/autodesk_fusion_cnc/
Unwrapping Techniques in Maya,1797850,Really Fun Games Educational,"Autodesk Maya, 3D & Animation, Design",3D Modeling,Beginner,5.5 hours,4.6,73,348,"Rp149,000",12/2018,0,0,3,https://www.udemy.com/course/unwrapping-techniques-in-maya/
What are Normals?,6148297,Sean Gobey,"3D & Animation, Design",3D Modeling,All Levels,3 hours,5.0,4,31,"Rp149,000",11/2024,0,0,6,https://www.udemy.com/course/what-are-normals/
Printing 3D - Fundamentals and advanced course - AulaGEO,3162350,"AulaGEO Academy, Golgi Alvarez","Mechanical Engineering, 3D Printing, CAD Software, SOLIDWORKS, 3D & Animation",3D Modeling,All Levels,7 hours,4.5,148,4632,"Rp149,000",8/2024,0,0,7,https://www.udemy.com/course/solidworks-and-printing-3d-using-cura/
"Revit MEP- HVAC- Duct Design, Revit 3D Modeling",5351442,Amir Karami • BIM,"Revit, HVAC, Architectural Design, Design",3D Modeling,All Levels,16.5 hours,4.6,360,10169,"Rp149,000",8/2025,6,0,5,https://www.udemy.com/course/revit-mep-hvac-duct-design-revit-3d-modeling/
Blender 2.8.x-4.5.x Easy Manual: Getting started,2613204,Emanuele Mulas,"Blender, 3D Modeling, 3D & Animation, Design",3D Modeling,All Levels,1 hour,4.6,16,1060,"Rp149,000",10/2025,0,0,3,https://www.udemy.com/course/blender-easy-manual-getting-started/
3ds Max: Master Poly Modeling With These Simple Projects,3778042,Adam Zollinger (Learn Archviz),"Autodesk 3ds Max, 3D & Animation, Design",3D Modeling,All Levels,4 hours,4.5,109,556,"Rp149,000",9/2025,3,0,0,https://www.udemy.com/course/3ds-max-poly-modeling-projects-from-beginning-to-advanced/
Practical Morphometrics Analysis (3D Model),2797274,Olalekan Agbolade,"Data Analysis, Image Processing, Other Teaching & Academics, Teaching & Academics",3D Modeling,Beginner,4 hours,4.2,23,2214,"Rp149,000",2/2020,0,0,0,https://www.udemy.com/course/practical-morphometrics-analysis-3d-model/
Blender UV Mapping - Complete Guide to UV Mapping in Blender,1873802,"Marko Matosevic, Concept Courses ⁯⁯⁯⁯⁯","Blender, UV Mapping, 3D Rendering, 3D Texturing, 3D & Animation",3D Modeling,Intermediate,3 hours,3.4,9,161,"Rp149,000",8/2018,3,0,0,https://www.udemy.com/course/blender-uv-unwrapping-and-mapping-course/
Creating a Gramophone in Blender and Substance Painter,6111847,Aniket Rawat,"Blender, Substance Painter, 3D Texturing, 3D Modeling, 3D & Animation",3D Modeling,All Levels,4 hours,4.3,2,27,"Rp149,000",8/2024,0,0,1,https://www.udemy.com/course/creating-a-gramophone-in-blender-and-substance-painter/
Low-Poly Character Modeling & Animation in Blender for Unity,3572065,Billy McDaniel,"Character Animation, 3D Modeling, Blender, Unity, Game Development",3D Modeling,Beginner,7 hours,4.7,51,507,"Rp149,000",7/2022,2,0,22,https://www.udemy.com/course/low-poly-character-modeling-animation-in-blender-for-unity/
The Complete Blender Starter: Learn from Modelling to Export,6253019,Stan Quad.Vertex,"3D Modeling, 3D Texturing, 3D Animation, Game Design, 3D & Animation",3D Modeling,Beginner,12.5 hours,4.5,4,44,"Rp149,000",5/2025,0,0,39,https://www.udemy.com/course/blender-foundations-quadvertex/
"Ultimate Art Bootcamp: Draw, Paint, Model, Animate & AI",6390667,"立派 汪, FRM,CIA,CCSA","Drawing, Animation, 3D Modeling, Painting, Graphic Design & Illustration",3D Modeling,Beginner,36 hours,5.0,7,68,"Rp149,000",3/2026,0,0,0,https://www.udemy.com/course/ultimate-art-bootcamp/
Blender Character Creation: Master the Basics and Beyond,5229566,V3D Kh,"Character Modeling, Character Rigging, 3D Texturing, Blender, 3D & Animation",3D Modeling,All Levels,7.5 hours,4.3,18,139,"Rp149,000",3/2023,0,0,1,https://www.udemy.com/course/blender-character-creation-master-the-basics-and-beyond/
FreeCAD 1.0 Easy Parametric Modeling: Spreadsheets & VarSets,6580529,MJ Solutions,"FreeCAD, 3D Modeling, CAD Software, 3D & Animation, Design",3D Modeling,All Levels,2.5 hours,4.8,44,220,"Rp249,000",6/2025,0,0,0,https://www.udemy.com/course/freecad-easy-parametric-modeling-with-spreadsheets-varsets/
Complete 3D product modeling course Blender 2.8 from A to Z,3223373,Ali Ncir,"Blender, 3D Modeling, Photorealistic Rendering, 3D & Animation, Design",3D Modeling,All Levels,4.5 hours,4.4,100,643,"Rp149,000",8/2020,1,0,1,https://www.udemy.com/course/modelling-realistic-headset-in-blender/
Substance Painter Novice to Pro,5457476,Sean Fowler,"Substance Painter, 3D Rendering, Unity, 3D Texturing, 3D & Animation",3D Modeling,All Levels,6 hours,4.5,94,770,"Rp149,000",3/2024,0,0,3,https://www.udemy.com/course/substance-painter-2023-novice-to-pro/
3D for Medicine and Orthopedic Surgery,1509992,Bruno Borralho Gobbato Gobbato,"3D Animation, General Health, Health & Fitness",3D Modeling,Intermediate,5 hours,4.0,135,4366,"Rp149,000",1/2019,1,0,0,https://www.udemy.com/course/3d_medicine_orthopedic/
3D Laser Sight: From Modeling to Game-Ready Asset,6539505,Oleh Boiko,"3D Modeling, Baking, 3D Texturing, UV Mapping, 3D & Animation",3D Modeling,Intermediate,6 hours,4.9,9,71,"Rp149,000",3/2025,0,0,1,https://www.udemy.com/course/3d-laser-sight-from-modeling-to-game-ready-asset/
Complete Blender Mega Course for Absolute Beginners,6640871,Amit kumar deb,"Blender, Sculpting, 3D Animation, 3D Modeling, 3D & Animation",3D Modeling,All Levels,7 hours,4.8,N/A,4,"Rp149,000",6/2025,0,0,8,https://www.udemy.com/course/blender-mega-course-for-absolute-beginners/
"Medical Imaging, 3D Modelling and 3D Printing - Beginners",3548900,Firoza Kothari,"Medical Imaging, 3D & Animation, Design",3D Modeling,Beginner,8.5 hours,4.7,189,640,"Rp1,799,000",5/2024,0,0,11,https://www.udemy.com/course/medical-imaging-3d-modelling-and-3d-printing-beginners/
3D Character Modelling in Blender from Scratch to Advance,5078544,Muhammad Junaid Alam,"Blender, Character Modeling, 3D Modeling, 3D & Animation, Design",3D Modeling,All Levels,7.5 hours,4.1,61,721,"Rp149,000",6/2023,0,0,14,https://www.udemy.com/course/3d-character-modelling-in-blender-from-scratch-to-advance/
Blender : Essential 3D for UI and Visual Designers,4838290,Harshavardhan Saravanan,"Blender, 3D Modeling, 3D Rendering, 3D & Animation, Design",3D Modeling,All Levels,3.5 hours,4.4,18,203,"Rp149,000",12/2023,0,0,1,https://www.udemy.com/course/blender-essential-3d-for-ui-and-visual-designers/
Roblox Noob to Pro 3D Modeling and Building Course,6380275,Veacian Roblox,"3D Modeling, ROBLOX Game Development, Blender, Game Development, Development",3D Modeling,Beginner,2.5 hours,3.7,9,569,"Rp149,000",3/2026,0,0,0,https://www.udemy.com/course/roblox-noob-to-pro-3d-modeling-course/
Blender 2.79 Discover 3D printing,2086816,Julien Deville,"Blender, 3D Printing, 3D & Animation, Design",3D Modeling,Intermediate,11 hours,4.6,50,628,"Rp149,000",12/2018,0,0,24,https://www.udemy.com/course/blender-279-discover-3d-printing/
Blender for Beginners: Learn to Model a Gnome With Real Hair,4746992,Harry Jones,"Blender, 3D Modeling, 3D Rendering, 3D Texturing, 3D & Animation",3D Modeling,Beginner,4 hours,4.8,21,78,"Rp149,000",6/2022,0,0,9,https://www.udemy.com/course/blender-for-beginners-learn-to-model-a-gnome-with-real-hair/
Procedural Radio Texture Creation in Substance Designer,6079089,3DRedBox Studio,"Substance 3D Designer, 3D & Animation, Design",3D Modeling,All Levels,6 hours,4.8,N/A,19,"Rp149,000",8/2024,0,0,0,https://www.udemy.com/course/procedural-radio-texture-creation-in-substance-designer/
"3D Printing with "" Ultimaker CURA Slicer- Start to finish""",4408814,Naman kumar Gandhi,"3D Printing, Engineering, Teaching & Academics",3D Modeling,All Levels,1 hour,4.8,179,5875,"Rp149,000",1/2025,0,0,0,https://www.udemy.com/course/ultimaker-cura-slicing-software-3d-printing-start-to-finish/
Creating a Modern House In Blender Course,5784084,Eldamar Studio,"Blender, 3D & Animation, Design",3D Modeling,All Levels,13.5 hours,4.0,2,60,"Rp149,000",3/2024,0,0,3,https://www.udemy.com/course/creating-a-modern-house-in-blender-course/
RISA 3D - Learn from scratch,6089339,BIKI KUMAR DAS,"Other Design, Design",3D Modeling,All Levels,4 hours,3.8,16,77,"Rp149,000",8/2024,0,0,0,https://www.udemy.com/course/risa-3d-learn-from-scratch/
Fusion 360 for 3D Printing - Creating Curved Bodies,1251104,Vladimir Mariano,"3D Printing, CAD Software, 3D Sculpting, Autodesk Fusion, 3D & Animation",3D Modeling,Intermediate,1.5 hours,4.6,535,3115,"Rp149,000",11/2019,0,0,0,https://www.udemy.com/course/fusion-360-for-3d-printing-creating-curved-bodies/
Blender 3.0: Your First Looping Animation!,4472838,Smeaf ‎,"3D Animation, 3D Modeling, Blender, 3D & Animation, Design",3D Modeling,Beginner,1 hour,4.6,93,1199,"Rp149,000",1/2022,0,0,0,https://www.udemy.com/course/blender-30-your-first-looping-animation/
Sketchup + Lumion + V-ray : Full Course for Architects,5991816,Amin Najafzadeh,"SketchUp, V-Ray, Lumion, Architectural Design, Design",3D Modeling,All Levels,4.5 hours,4.5,168,10644,"Rp149,000",11/2025,6,0,10,https://www.udemy.com/course/sketchup-with-lumionv-ray-full-course-from-zero/
Character Modeling in Blender. Create your 3D character,2290419,Riddick D. Character Blender Modelling,"Character Modeling, Blender, Digital Character Sculpting, 3D & Animation, Design",3D Modeling,All Levels,10 hours,4.1,171,18619,"Rp149,000",1/2025,0,0,0,https://www.udemy.com/course/character-modeling-in-blender/
Switching to Blender for game artists,5930846,FastTrack Tutorials,"Blender, 3D Environment Modeling, 3D Modeling, Game Art, 3D & Animation",3D Modeling,Beginner,5 hours,4.8,N/A,6,"Rp149,000",4/2024,0,0,0,https://www.udemy.com/course/switching-to-blender-for-game-artists/
Learn 3Ds Max Beginner to Advanced : A Complete Guide,5728526,Syed Muneeb Mohsin,"Autodesk 3ds Max, 3D Rendering, 3D & Animation, Design",3D Modeling,Beginner,10 hours,4.5,38,193,"Rp149,000",1/2026,2,0,5,https://www.udemy.com/course/learn-3ds-max-2024-from-scratch-a-step-by-step-course/
Fusion 360 For Hobbyists and Woodworkers,1183846,Michael Moyer,"Autodesk Fusion, 3D & Animation, Design",3D Modeling,Beginner,9 hours,4.3,3472,16437,"Rp149,000",4/2020,16,0,0,https://www.udemy.com/course/fusion360/
3D Products Visualization Course,3719620,Ahmed Hakeem,"Product Design, 3D Lighting, 3D Modeling, 3D Rendering, 3D & Animation",3D Modeling,All Levels,7.5 hours,4.5,9,65,"Rp149,000",2/2021,0,0,3,https://www.udemy.com/course/3d-products-visualization-course/
Beginner's Guide to 3D Graphic Design in Microsoft Paint 3D,5915906,VISHAL SAHU,"Graphic Design, 3D Modeling, Graphic Design & Illustration, Design",3D Modeling,All Levels,2.5 hours,4.5,6,442,"Rp149,000",3/2025,0,0,0,https://www.udemy.com/course/beginners-guide-to-3d-graphic-design-in-microsoft-paint-3d/
"Think it, make it, sell it! 3D Printing for Fun and Profit!",302500,"Jonathan Jarc, M.Ed","3D Printing, 3D Animation, Sales Skills, 3D & Animation, Design",3D Modeling,All Levels,2 hours,4.1,45,731,"Rp149,000",1/2015,2,0,4,https://www.udemy.com/course/think-it-make-it-sell-it/
Complete Rhino Megacourse: Beginner to Expert,4479134,Skillademia Academy,"Rhino 3D, 3D Modeling, 3D Rendering, 3D Sculpting, 3D & Animation",3D Modeling,All Levels,19 hours,4.4,184,18863,"Rp149,000",12/2024,0,0,4,https://www.udemy.com/course/complete-rhino-megacourse-beginner-to-expert/
Learn 3D Car Modeling & Rendering from Scratch in Cinema 4D,4652244,Vimeen Çevrimiçi Kurslar,"3D Modeling, Cinema 4D, 3D & Animation, Design",3D Modeling,All Levels,48.5 hours,5.0,3,158,"Rp149,000",9/2025,1,0,1,https://www.udemy.com/course/vehicle-modeling-orhanyucesoy/
"McLaren 650S GT3 Tutorial ( Modeling, Texturing, Lighting )",6047149,3DRedBox Studio,"3D Modeling, Design Tools, Design",3D Modeling,All Levels,17.5 hours,4.5,9,106,"Rp149,000",6/2024,0,0,1,https://www.udemy.com/course/mclaren-650s-gt3-tutorial-modeling-texturing-lighting/
3ds Max Zero to Hero: The Complete Guide To 3D Modeling,2987008,Steven Andriantsiratahina,"Autodesk 3ds Max, 3D Lighting, 3D Modeling, 3D Texturing, 3D & Animation",3D Modeling,Beginner,11.5 hours,4.4,194,14998,"Rp149,000",4/2020,0,0,2,https://www.udemy.com/course/3ds-max-zero-to-hero/
3D Designs with TinkerCad for kids,5260784,IoT KIDS,"3D Sketching, 3D & Animation, Design",3D Modeling,Beginner,1 hour,4.2,2,20,"Rp149,000",4/2023,0,0,0,https://www.udemy.com/course/3d-modeling-designs-and-basics-with-tinkercad/
FreeCAD For Beginner : Learn 3D Modeling from Scratch !,5818652,Amar Patel,"FreeCAD, Design Tools, Design",3D Modeling,All Levels,24.5 hours,3.9,35,190,"Rp149,000",12/2025,0,0,45,https://www.udemy.com/course/freecad-for-beginner-learn-3d-modeling-from-scratch/
3D Mechanical Design & 3D Printing Prototypes part using AI,6820845,Ayman Khoshouey,"Mechanical Engineering, 3D Printing, Industry, Business",3D Modeling,All Levels,1 hour,4.6,N/A,2,"Rp149,000",12/2025,0,0,0,https://www.udemy.com/course/3d-mechanical-design-3d-printing-prototypes-part-using-ai/
Blender Certification Pixar Animation course masterclass,3397420,Sio Vaspa,"Blender, 3D Animation, 3D Modeling, 3D Texturing, 3D & Animation",3D Modeling,All Levels,2.5 hours,4.8,N/A,8,"Rp149,000",7/2024,1,0,4,https://www.udemy.com/course/blender-pixar-animation-character-course-masterclass/
Creation of 3D model with Autodesk fusion 360,3882956,Febrian Ramadani,"Autodesk Fusion, Software Engineering, Other Design, Design",3D Modeling,Intermediate,3.5 hours,4.3,21,120,"Rp149,000",4/2021,0,0,0,https://www.udemy.com/course/creation-of-3d-model-with-autodesk-fusion-360/
Sci-Fi 3D Game Environment Design Modeling & Texturing,1876982,Victory3D LLC,"Game Design, 3D Modeling, 3D Animation, 3D Game Development, Design",3D Modeling,Intermediate,27 hours,4.5,113,1141,"Rp149,000",10/2019,0,0,6,https://www.udemy.com/course/sci-fi-environment/
Complete Guide to Maya,4743994,Nexttut Education Pvt.Ltd.,"Autodesk Maya, 3D & Animation, Design",3D Modeling,Beginner,18 hours,4.6,234,1356,"Rp149,000",6/2023,1,0,0,https://www.udemy.com/course/complete-guide-to-maya-2023/
REALISTIC 3D FEMALE FACE,5295584,kelechi John,"Character Modeling, 3D Rendering, 3D Sculpting, 3D Texturing, 3D & Animation",3D Modeling,All Levels,34 hours,4.7,N/A,32,"Rp149,000",7/2025,0,0,3,https://www.udemy.com/course/realistic-3d-female-face/
Fusion 360 Practice Questions,6779963,sarvesh Malakolikar,"Engineering, Teaching & Academics",3D Modeling,Intermediate,N/A,4.8,2,6,"Rp149,000",8/2025,0,0,0,https://www.udemy.com/course/fusion-360-practice-questions/
From Revit to Blender 2.9x from scratch,3740744,Lanre Kolawole,"Blender, 3D Modeling, Revit, Architectural Design, Design",3D Modeling,All Levels,4 hours,4.4,35,6394,"Rp149,000",11/2021,0,0,10,https://www.udemy.com/course/from-revit-to-blender-29x/
Blender 5.0 for Intermediate: From Zero to Your First Render,6898985,Martin Dillyn de Lange,"3D & Animation, Design",3D Modeling,Intermediate,5 hours,3.6,5,32,"Rp149,000",1/2026,1,0,12,https://www.udemy.com/course/blender-50-for-beginners-from-zero-to-your-first-render/
3D Sculpting for Beginners with Nomad Sculpt,6434457,Dave Reed,"3D Sculpting, Character Design, 3D Modeling, 3D & Animation, Design",3D Modeling,Beginner,1 hour,4.6,48,268,"Rp159,000",5/2025,0,0,1,https://www.udemy.com/course/monster9/
Advanced 3D Printing With Fusion 360: Design Your Phone Case,4200394,Larno Visser,"Autodesk Fusion, 3D Modeling, 3D Printing, Prototyping, 3D & Animation",3D Modeling,Beginner,3 hours,4.8,18,245,"Rp149,000",8/2022,0,0,15,https://www.udemy.com/course/fusion-360-create-a-3d-print-phone-case-attachments/
Blender 3D – Create Props and Assets for Games Step by Step,6765233,Sergio Rodríguez,"Blender, 3D Texturing, 3D Modeling, Game Texturing, 3D & Animation",3D Modeling,Beginner,16 hours,4.8,N/A,18,"Rp149,000",9/2025,0,0,3,https://www.udemy.com/course/blender-3d-create-props-and-assets-for-games-step-by-step/
Revit MEP- Sanitary- Pipe Design and Revit 3D Modeling,5515390,Amir Karami • BIM,"Piping, Building Information Modeling (BIM), Architectural Design, Design",3D Modeling,All Levels,10.5 hours,4.6,155,7475,"Rp149,000",10/2025,6,0,15,https://www.udemy.com/course/revit-mep-sanitary-pipe-design-and-revit-3d-modeling/
The complete beginners guide to Fusion 360,5582458,Michael-Jason Doliveira,"3D Modeling, Other IT & Software, IT & Software",3D Modeling,Beginner,2.5 hours,4.4,9,43,"Rp149,000",1/2025,0,0,11,https://www.udemy.com/course/the-complete-beginners-guide-to-fusion-360/
"3d Coat Sculpture Modelling, Retopo , UVs and Paint",585372,Scott Turner,"3D Coat, 3D Animation, 3D Modeling, 3D Sculpting, 3D & Animation",3D Modeling,All Levels,8.5 hours,4.2,187,1370,"Rp149,000",2/2016,0,0,8,https://www.udemy.com/course/3dcoatquickstart/
Introduction to 2 & 3D Drone Modeling With Agisoft Metashape,2371984,Richard L Charpentier,"Drone, Drone Surveying, 3D Modeling, Other Photography & Video, Photography & Video",3D Modeling,Beginner,6 hours,4.6,449,1638,"Rp159,000",9/2024,0,0,12,https://www.udemy.com/course/2d-3d-drone-modeling-and-mapping-with-agisoft-metashape/
"Blender for product Designers [3D Modeling, Texturing]",6143283,Kamel Altohamy,"Blender, 3D Rendering, 3D Modeling, 3D Animation, 3D & Animation",3D Modeling,All Levels,15.5 hours,4.8,N/A,13,"Rp169,000",8/2025,2,0,0,https://www.udemy.com/course/blender4products/
Hard Surface Modeling and Sculpting Course in 3D Coat,420672,Scott Turner,"3D Coat, 3D Animation, Hard Surface Modeling, 3D Sculpting, 3D & Animation",3D Modeling,All Levels,4.5 hours,4.3,177,1231,"Rp149,000",8/2020,0,0,1,https://www.udemy.com/course/3d-coat-robots/
Beginner's Guide to 3D Game Assets,5546758,Zachary Wolf,"3D Modeling, 3D Game Development, 3D & Animation, Design",3D Modeling,Beginner,10 hours,4.5,27,123,"Rp149,000",2/2024,0,0,1,https://www.udemy.com/course/beginners-guide-to-3d-game-assets/
V-Ray 5 + 3ds Max: Master 3D Rendering with Vray & 3ds Max,3749424,"Video School, Phil Ebiner, Margarita Nikita","V-Ray, 3D Rendering, Autodesk 3ds Max, Photorealistic Rendering, 3D & Animation",3D Modeling,Beginner,7 hours,4.5,871,5525,"Rp149,000",4/2024,4,0,8,https://www.udemy.com/course/3ds-max-vray-3d-photorealistic-art-course/
Fuze01 - Introduction to 3D and Maya,6728273,Wizix CHAULIAC,"Autodesk Maya, 3D Modeling, Other IT & Software, IT & Software",3D Modeling,Beginner,10 hours,5.0,2,6,"Rp149,000",7/2025,0,0,0,https://www.udemy.com/course/fuze01-introduction-to-3d-and-maya/
Blender 3D: Cartoon Animal Character Modeling for Beginners,6156173,Amit kumar deb,"3D & Animation, Design",3D Modeling,Beginner,2 hours,5.0,1,2,"Rp149,000",12/2024,0,0,4,https://www.udemy.com/course/blender-3d-cartoon-animal-character-modeling-for-beginners/
Blender Cinematic Intro: Create Studio-Style Intro Animation,6646183,VDYA World,"Blender, 3D & Animation, Design",3D Modeling,All Levels,2 hours,5.0,2,18,"Rp149,000",6/2025,0,0,0,https://www.udemy.com/course/blender-animations/
Blender 3D VFX Masterclass: Camera Tracking & CGI,6404631,Udit Gala,"VFX Visual Effects, 3D Animation, Blender, Adobe After Effects, 3D & Animation",3D Modeling,All Levels,10 hours,4.2,18,2191,"Rp149,000",12/2025,4,0,8,https://www.udemy.com/course/blender-masterclass-camera-tracking-vfx-combined/
Blender for 3D Printing - Intro to Pro Techniques (103),3158024,Jayson Wall,"3D Printing, Blender, CAD Software, Product Design, 3D & Animation",3D Modeling,Beginner,2.5 hours,4.5,34,288,"Rp149,000",1/2024,1,0,11,https://www.udemy.com/course/blender-28-for-3d-printing-intro-to-pro-techniques/
Learn to Digitally Paint and Texture a Stylized Creature,630034,3dmotive LLC,"Creature Design, Digital Painting, 3D Texturing, 3D & Animation, Design",3D Modeling,Intermediate,3.5 hours,4.5,34,744,"Rp149,000",9/2016,2,0,3,https://www.udemy.com/course/3dmotive-learn-to-digitally-paint-and-texture-a-stylized-creature/
Mastering 3ds Max: Pro Exterior Modeling,5399442,Alex Kondratiev,"3D Modeling, Autodesk 3ds Max, 3D & Animation, Design",3D Modeling,All Levels,5.5 hours,4.6,8,47,"Rp149,000",8/2023,0,0,3,https://www.udemy.com/course/mastering-3ds-max-pro-exterior-modeling/
"Creating 3D Animations, Game Asset, & Avatar Chatbot with AI",5799350,Christ Raharja,"Generative AI (GenAI), 3D Animation, AI Art Generation, Game Asset Creation, 3D & Animation",3D Modeling,All Levels,2.5 hours,3.8,18,3103,"Rp149,000",3/2026,0,0,16,https://www.udemy.com/course/creating-3d-animations-game-asset-avatar-chatbot-with-ai/
Blender : Create Your First 3D Food - Make Realistic chips,4402899,Harshavardhan Saravanan,"Blender, 3D Modeling, 3D & Animation, Design",3D Modeling,All Levels,1 hour,4.6,3,12,"Rp149,000",2/2022,0,0,1,https://www.udemy.com/course/create-your-first-3d-food-in-blender-make-realistic-chips/
Learn 3D Stall Design: Model 5 Exhibition Booths in Blender,7024957,Karan Rathore,"3D Modeling, 3D & Animation, Design",3D Modeling,Intermediate,2 hours,4.7,2,4,"Rp149,000",2/2026,0,0,3,https://www.udemy.com/course/learn-3d-stall-design-model-5-exhibition-booths-in-blender/
Complete Hardsurface Modelling & Sculpting inside ZBrush4 R8,1606168,UK Online Training Centre,"zBrush, 3D & Animation, Design",3D Modeling,Intermediate,21.5 hours,4.6,158,1772,"Rp149,000",3/2018,1,0,5,https://www.udemy.com/course/complete-hardsurface-modelling-sculpting-inside-zbrush4-r8/
Unreal Engine 5 and Blender 3D: Product Visualization,4935566,Nafay Sheikh,"Unreal Engine, 3D & Animation, Design",3D Modeling,Beginner,2.5 hours,4.4,13,124,"Rp149,000",10/2022,0,0,0,https://www.udemy.com/course/unreal-engine-5-and-blender-3d-product-visualization/
Learn 3D Motorcycle Modeling and Rendering in Cinema 4D,4634848,Vimeen Çevrimiçi Kurslar,"V-Ray, Cinema 4D, 3D & Animation, Design",3D Modeling,Intermediate,134.5 hours,3.9,6,150,"Rp149,000",9/2025,1,0,3,https://www.udemy.com/course/motorcycle-modeling-orhanyucesoy/
Revit Architecture BIM Mastery: Essential 3D Modeling,6466905,Marwan Sufyan,"Revit, Design Tools, Design",3D Modeling,Expert,11.5 hours,5.0,5,15,"Rp149,000",1/2026,0,0,1,https://www.udemy.com/course/revit-architecture-mastery-essential-3d-modeling/
Blender 3D | Masterclass for Beginners Dune Edition Part 1,6003868,Daren Perincic,"Blender, 3D Texturing, 3D Modeling, Cinematography, 3D & Animation",3D Modeling,Beginner,5.5 hours,4.8,14,72,"Rp149,000",6/2024,0,0,0,https://www.udemy.com/course/blender-3d-cinematography-masterclass-dune-1/
Learn Blender Modeling and Texturing,469898,Stone River eLearning,"Blender, Financial Modeling, 3D & Animation, Design",3D Modeling,Beginner,1.5 hours,4.0,31,270,"Rp149,000",2/2017,1,0,2,https://www.udemy.com/course/learn-blender-modeling-and-texturing/
Fusion 360 for 3D Printing - Designing with Components,1145520,Vladimir Mariano,"3D Animation, User Experience (UX) Design, Autodesk Fusion, 3D & Animation, Design",3D Modeling,Intermediate,1.5 hours,4.7,675,4144,"Rp149,000",11/2019,0,0,0,https://www.udemy.com/course/fusion-360-for-3d-printing-design-an-led-tea-light/
Rhino Beginner to Advanced Fast Track 3D Modelling,3168454,Brennan Israele,"Rhino 3D, 3D & Animation, Design",3D Modeling,All Levels,2.5 hours,3.8,141,463,"Rp149,000",7/2020,0,0,3,https://www.udemy.com/course/rhino-beginner-to-advanced-3d-modelling/
Introduction to 3D Texturing in Substance Painter,5581524,CG BLAST,"3D Texturing, Substance Painter, 3D & Animation, Design",3D Modeling,All Levels,1 hour,4.5,16,56,"Rp149,000",9/2023,0,0,4,https://www.udemy.com/course/introduction-to-3d-texturing-in-substance-painter/
"3D Printing Design for Autism, Dyslexic (Neurodiverse)",4316822,Infinite Minds Academy,"3D Printing, Autism, Dyslexia, Special Education, 3D & Animation",3D Modeling,Beginner,5.5 hours,4.8,163,16762,"Rp149,000",4/2024,0,0,0,https://www.udemy.com/course/3d-printing-design-skills-for-people-with-autism-dyslexia/
Design a Gift Box in Fusion 360,1614628,Vladimir Mariano,"Autodesk Fusion, 3D & Animation, Design",3D Modeling,Intermediate,1.5 hours,4.7,90,484,"Rp149,000",11/2019,0,0,0,https://www.udemy.com/course/design-a-gift-box-in-fusion-360/
Stylized Modular Game Ready Assets,5607404,Odin Fernandez,"3D Modeling, 3D Texturing, 3D Sculpting, 3D & Animation, Design",3D Modeling,Beginner,8.5 hours,3.7,3,24,"Rp149,000",2/2025,0,0,1,https://www.udemy.com/course/stylized-modular-game-ready-assets/
Horse modelling in Modo 3D,2209204,Daniel Cremers,"Modo, 3D Modeling, 3D & Animation, Design",3D Modeling,Intermediate,10 hours,4.6,3,54,"Rp149,000",4/2019,0,0,2,https://www.udemy.com/course/horse-modelling-in-modo-3d/
Create Fall Guys Characters with Blender,3855870,Ali Bashir Salih,"Character Design, Game Design, Design",3D Modeling,Intermediate,2 hours,4.6,25,62,"Rp149,000",2/2021,0,0,0,https://www.udemy.com/course/create-fall-guys-characters-with-blender/
Learning Autodesk Maya 2015 - A Practical Hands On Course,222094,Infinite Skills,"Autodesk Maya, 3D & Animation, Design",3D Modeling,All Levels,7 hours,4.5,53,620,"Rp149,000",1/2017,1,0,1,https://www.udemy.com/course/maya-2015/
"From Ai to 3D, 3ds max Cyborg Making of.",6564953,Marcello Pattarin 2,"3D Modeling, Autodesk 3ds Max, Generative AI (GenAI), 3D & Animation, Design",3D Modeling,All Levels,6 hours,5.0,1,1,"Rp149,000",12/2025,0,0,9,https://www.udemy.com/course/from-ai-to-3d-3ds-max-cyborg-making-of/
Blender Basics: Complete 3D Beginners Course,6621649,VDYA World,"Blender, 3D Modeling, 3D Animation, 3D & Animation, Design",3D Modeling,Beginner,2 hours,3.9,4,218,"Rp149,000",8/2025,0,0,5,https://www.udemy.com/course/blender-course/
3D Printing Using Ultimaker Cura,4604646,Scholarsight Learning,"3D Printing, 3D Modeling, 3D & Animation, Design",3D Modeling,All Levels,5 hours,4.2,41,179,"Rp149,000",4/2022,1,0,0,https://www.udemy.com/course/3d-printing-using-ultimaker-cura/
Create a Jinx Grenade in Blender and Substance Painter,4754624,Porada Vsevolod Aleksandrovich,"3D Modeling, 3D Rendering, 3D Texturing, Game Texturing, 3D & Animation",3D Modeling,All Levels,1.5 hours,4.3,8,29,"Rp149,000",8/2022,0,0,4,https://www.udemy.com/course/create-a-jinx-grenade-in-blender-and-substance-painter/
Fusion 360 the complete course,4831284,Nicolas Forgue,"Autodesk Fusion, CAD Software, 3D & Animation, Design",3D Modeling,All Levels,18 hours,4.0,15,157,"Rp149,000",12/2022,0,0,0,https://www.udemy.com/course/fusion-360-the-complete-course/
Procedural modeling in Blender with Python,3706162,Simon Van Den Hende,"3D Scripting, Game Design, 3D Game Development, 3D Modeling, 3D & Animation",3D Modeling,Beginner,3 hours,4.3,93,637,"Rp149,000",12/2020,0,0,0,https://www.udemy.com/course/procedural-modeling-in-blender-with-python/
Mastering HardSurface Asset: Modeling a Futuristic Vacuum,6101401,3DRedBox Studio,"3D Modeling, 3D & Animation, Design",3D Modeling,All Levels,9 hours,4.4,N/A,6,"Rp149,000",8/2024,0,0,1,https://www.udemy.com/course/mastering-hardsurface-asset-modeling-a-futuristic-vacuum/
Blender Essential: From Beginner to 3D Masterclass,5950120,Learnify IT,"Blender, 3D & Animation, Design",3D Modeling,All Levels,4 hours,4.0,277,36424,"Rp149,000",6/2024,0,0,0,https://www.udemy.com/course/blender-essential-from-beginner-to-3d-masterclass/
3D Character Creation in Cinema 4D: Modeling a 3D Robot,967788,Moy Lobito,"Cinema 4D, 3D Modeling, 3D Animation, Autodesk Maya, 3D & Animation",3D Modeling,All Levels,4 hours,4.6,82,682,"Rp149,000",6/2017,8,0,0,https://www.udemy.com/course/3d-character-creation-in-cinema-4d-modeling-a-3d-robot-by-moylobito/
Design 3D Printed Enclosure for Arduino Boards Fusion 360,3208477,"Educational Engineering Team, Ashraf Said AlMadhoun, Educational Engineering","Autodesk Fusion, 3D & Animation, Design",3D Modeling,All Levels,2.5 hours,4.2,49,10490,"Rp149,000",2/2026,29,0,2,https://www.udemy.com/course/fusion360-design-3d-printed-enclosure-for-arduino-boards-fusion-360/
3ds Max: Model High-Poly Assets For Your Arch Viz Scenes,271440,Adam Zollinger (Learn Archviz),"Autodesk 3ds Max, 3D Modeling, 3D & Animation, Design",3D Modeling,Intermediate,6 hours,4.5,414,3888,"Rp149,000",10/2019,6,0,1,https://www.udemy.com/course/3ds-max-create-3d-furniture-in-3ds-max-for-selling-online/
Introduction to Fusion 360,5469772,Messgerat Labs (GaugeHow),"Autodesk Fusion, Engineering, Teaching & Academics",3D Modeling,Beginner,4.5 hours,4.5,12,158,"Rp149,000",12/2025,1,0,0,https://www.udemy.com/course/learn-fusion-360/
Fusion 360 Modeling Course - Power Drill,3755894,Kendale Jones,"Autodesk Fusion, 3D Modeling, Product Design, 3D & Animation, Design",3D Modeling,All Levels,2.5 hours,4.6,46,193,"Rp149,000",1/2021,0,0,5,https://www.udemy.com/course/fusion-360-modeling-course-power-drill/
Blender 3D Modeling: Stylized Crate Creation Mastery,6001258,Chander Dhingra,"Game Design, Design",3D Modeling,Beginner,7 hours,3.3,3,3013,"Rp149,000",11/2024,0,0,1,https://www.udemy.com/course/unreal-engine-integration-build-a-stylized-crate-in-maya/
Blender 3D Low Poly Character Modeling for Beginners,6186339,Amit kumar deb,"Character Modeling, 3D & Animation, Design",3D Modeling,Beginner,2 hours,4.5,14,1002,"Rp149,000",3/2025,0,0,2,https://www.udemy.com/course/blender-3d-low-poly-character-modeling-for-beginners/
Blender Cozy Farm: Create a Stylized 3D Farm Scene,6631123,Kornwanast Samachiktummakun,"3D Modeling, 3D Rendering, 3D Animation, Blender, 3D & Animation",3D Modeling,Beginner,2 hours,5.0,1,1,"Rp149,000",7/2025,1,0,0,https://www.udemy.com/course/blender-cozy-farm-create-a-stylized-3d-farm-scene/
The Complete Rhino 3D Guide To Modeling & Visualizing Forms,4625008,Brandon Aaron Gibbs,"Rhino 3D, Architectural Design, Design",3D Modeling,Beginner,8 hours,4.3,63,1364,"Rp149,000",4/2023,3,0,4,https://www.udemy.com/course/introduction-to-rhino-3d-7-model-a-modern-building-in-rhino/
Master 3D Character Design: From Sketch to Animation TestQ&S,7015485,"PRAVASINI MALLIK, Ajaya Suna, Sameer Padhan","Other IT & Software, IT & Software",3D Modeling,All Levels,N/A,N/A,N/A,234,"Rp149,000",2/2026,0,0,0,https://www.udemy.com/course/master-3d-character-design-from-sketch-to-animation-testqs/
Create a 3D game asset in Blender & Substance Painter,4955068,Artem Daysun,"Blender, 3D Modeling, 3D Texturing, Substance Painter, 3D & Animation",3D Modeling,Beginner,3.5 hours,5.0,4,30,"Rp699,000",11/2022,0,0,1,https://www.udemy.com/course/viking-axe-3d-game-asset-in-blender-substance-painter/
Creating a Photorealistic Render in Keyshot,4034108,Digital Saucer Studios,"3D Rendering, 3D Modeling, UV Mapping, 3D & Animation, Design",3D Modeling,All Levels,6.5 hours,4.3,32,6054,"Rp149,000",5/2021,0,0,8,https://www.udemy.com/course/creating-a-photorealistic-render-in-keyshot/
NURBS Modeling with Autodesk Maya,3923194,Maximilian Schönherr,"Autodesk Maya, 3D Modeling, 3D & Animation, Design",3D Modeling,Intermediate,4 hours,4.3,15,81,"Rp149,000",3/2021,0,0,0,https://www.udemy.com/course/nurbs-modeling-with-autodesk-maya/
Character Modelling & Rigging in Blender- Character Design,2312244,Riddick D. Character Blender Modelling,"Character Modeling, Blender, 3D Rigging, Game Development, Development",3D Modeling,All Levels,6.5 hours,4.1,226,16582,"Rp279,000",1/2025,0,0,3,https://www.udemy.com/course/complete-character-modeling-and-rigging-in-blender/
"Concept Art Creation using 3Ds Max, Photoshop, and Unreal",1947760,Victory3D LLC,"Concept Art, Game Design, Design",3D Modeling,Intermediate,4 hours,4.2,19,133,"Rp149,000",11/2018,0,0,2,https://www.udemy.com/course/concept-art-creation/
Animate A 3D Looping LEGO Trench Run in Maya,4426212,Lucas Ridley,"3D Animation, Autodesk Maya, 3D & Animation, Design",3D Modeling,Intermediate,2.5 hours,4.6,4,86,"Rp149,000",11/2022,3,0,1,https://www.udemy.com/course/animate-a-3d-looping-lego-trench-run-in-maya/
Rimac Nevera: Low Poly 3D Car Modeling for Beginners in MAYA,5903652,MWHD LearningZONE,"3D Modeling, 3D & Animation, Design",3D Modeling,Beginner,6.5 hours,4.6,6,31,"Rp149,000",12/2024,0,0,2,https://www.udemy.com/course/mastering-3d-car-modeling-ll-from-novice-to-expert-with-maya/
Blender Character Modeling Bootcamp for Beginners,5539998,Muhammad Junaid Alam,"Character Modeling, 3D & Animation, Design",3D Modeling,Beginner,1 hour,4.3,26,1489,"Rp149,000",9/2023,0,0,0,https://www.udemy.com/course/blender-character-modeling-course-for-beginners/
Create a realistic Coffee cup in Blender,5645206,Taisiia Taran,"Blender, 3D Modeling, 3D & Animation, Design",3D Modeling,Beginner,38 mins,5.0,2,7,"Rp249,000",11/2023,1,0,5,https://www.udemy.com/course/blender_course/
Create fluffy Duck in Blender 3D /Stylized Characters - Easy,5801678,Alexandru Adascalita,"Blender, 3D & Animation, Design",3D Modeling,All Levels,2 hours,5.0,3,15,"Rp149,000",6/2024,0,0,1,https://www.udemy.com/course/blender-2024-from-beginner-to-pro-particle-system/
Blender Modelling and Animation Project workshop masterclass,3637260,Sio Vaspa,"3D Animation, 3D Modeling, 3D Texturing, Blender, 3D & Animation",3D Modeling,All Levels,4.5 hours,4.7,N/A,4,"Rp149,000",9/2023,0,0,4,https://www.udemy.com/course/blender-modelling-and-animation-project-workshop-masterclass/
Blender 3d For Newcomers: Using Cycles Render Engine,1169910,Zaigham Abbas,"Blender, 3D Animation, Design Tools, Design",3D Modeling,Beginner,17.5 hours,3.9,31,1043,"Rp149,000",5/2017,0,0,2,https://www.udemy.com/course/blender-3d-for-new-comers-using-cycles-render-engine/
Learn SOLIDWORKS Using Pokemon - Beginner Friendly,6308983,Tayseer Almattar,"SOLIDWORKS, Design Tools, Design",3D Modeling,Beginner,1 hour,4.6,18,678,"Rp239,000",5/2025,1,0,2,https://www.udemy.com/course/pokemon-in-solidworks/
SketchUp - From Floor Plan to 3D Model,5183526,WerkStrich – Zeichnen fürs Handwerk,"SketchUp, Interior Design, Design",3D Modeling,Beginner,1.5 hours,4.3,38,153,"Rp149,000",6/2025,2,0,2,https://www.udemy.com/course/sketchup-free-from-floor-plan-to-3d-model/
Wings 3D the complete course,6686837,Nicolas Forgue,"3D Modeling, 3D Rendering, 3D Animation, 3D & Animation, Design",3D Modeling,All Levels,8.5 hours,4.4,N/A,3,"Rp149,000",7/2025,0,0,0,https://www.udemy.com/course/wings-3d-the-complete-course/
Learn 3D Motion Graphics: Cinema 4D Beginner’s Guide,6290465,Ag Motion Designs,"3D Animation, Design Tools, Design",3D Modeling,Beginner,2 hours,5.0,2,14,"Rp149,000",11/2024,0,0,0,https://www.udemy.com/course/learn-3d-motion-graphics-cinema-4d-beginners-guide/
Architectural Design & Fundamentals : Floor Plans & 3D Model,3127542,Sourabh Jain,"AutoCAD, Civil Engineering, Architectural Design, Architecture Fundamentals, Design",3D Modeling,Beginner,4 hours,4.2,59,411,"Rp149,000",2/2026,7,0,0,https://www.udemy.com/course/architectural-design-fundamentals/
"Blender 3D: Cosmetic Product Modeling, Lighting & Rendering",5738858,Alaa Eddine ZAIR,"Blender, 3D & Animation, Design",3D Modeling,Beginner,2 hours,4.1,6,39,"Rp149,000",11/2025,0,0,1,https://www.udemy.com/course/blender-3d-cosmetic-product-modeling-lighting-rendering/
Adobe Dimension CC: Create Awesome 3D Models,2300768,Joseph adam,"Adobe Dimension, 3D & Animation, Design",3D Modeling,Beginner,1 hour,3.9,110,12857,"Rp149,000",4/2019,0,0,1,https://www.udemy.com/course/adobe-dimension/
Painting Damage with Mech Robots In Substance Painter,6462645,Dean Deakyne,"3D & Animation, Design",3D Modeling,All Levels,10.5 hours,N/A,N/A,10,"Rp149,000",8/2025,0,0,12,https://www.udemy.com/course/damage_mech_robots/
3D Game Development with Blender,853420,Andy Harris,"3D Game Development, Blender, Game Development, Development",3D Modeling,All Levels,11 hours,4.5,159,1352,"Rp149,000",1/2017,0,0,1,https://www.udemy.com/course/3d-game-development-with-blender/
Designing an Eternity Wedding Band in 3D,5168638,Hamed Arab,"Jewelry Design, CAD Software, 3D Printing, 3D & Animation, Design",3D Modeling,Beginner,2 hours,5.0,1,2,"Rp149,000",2/2023,0,0,4,https://www.udemy.com/course/jewelry-design-eternity-wedding-band-in-3d/
Designing Massive Mech in 3D Coat,2226066,Anton Tenitsky,"Concept Art, Hard Surface Modeling, 3D Coat, 3D & Animation, Design",3D Modeling,All Levels,16 hours,4.5,55,4091,"Rp149,000",2/2019,0,0,2,https://www.udemy.com/course/designing-massive-mech-in-3d-coat/
Blender - Low Poly Modeling/Texturing,5960254,Otavio Augusto,"3D Texturing, 3D Modeling, UV Mapping, Game Development, Development",3D Modeling,Beginner,1.5 hours,4.2,5,82,"Rp149,000",8/2024,3,0,0,https://www.udemy.com/course/blender-low-poly-modelingtexturing/
3D Blender for complete Beginners: Stylized Pokemon,5823198,Alexandru Adascalita,"Blender, 3D & Animation, Design",3D Modeling,All Levels,1 hour,5.0,1,12,"Rp149,000",6/2024,0,0,1,https://www.udemy.com/course/your-first-day-in-3d-blender-for-complete-beginners/
Master 3D Character Design: Create Your Own AI Professor Q&S,7039945,"PRAVASINI MALLIK, Rasmi Jena, Pinku Tripathi, Panchu Hota","Other IT & Software, IT & Software",3D Modeling,All Levels,N/A,N/A,N/A,323,"Rp149,000",2/2026,0,0,0,https://www.udemy.com/course/master-3d-character-design-create-your-own-ai-professor-qs/
Introduction to 3D Product Visualization in blender,4068390,Harshavardhan Saravanan,"3D Modeling, Blender, Product Design, 3D Texturing, 3D & Animation",3D Modeling,Intermediate,4 hours,4.3,21,129,"Rp149,000",5/2021,0,0,1,https://www.udemy.com/course/introduction-to-3d-product-visualisation-in-blender/
Creating a Cartoon Octopus Monster in Maya 2020,3637750,Digital Saucer Studios,"3D Lighting, 3D Texturing, 3D Modeling, 3D Rendering, 3D & Animation",3D Modeling,Beginner,4 hours,4.4,20,9500,"Rp149,000",11/2020,0,0,2,https://www.udemy.com/course/creating-a-cartoon-octopus-monster-in-maya-2020/
Photorealistic 3D product modeling course in Blender 2.9,4099332,Ali Ncir,"Blender, 3D Modeling, 3D Texturing, Photorealistic Rendering, 3D & Animation",3D Modeling,All Levels,6.5 hours,4.7,19,2195,"Rp149,000",6/2021,0,0,2,https://www.udemy.com/course/photorealistic-3d-product-modeling-course-in-blender-29/
Build and model a 3D Super MARLO runner clone in Unity®!,1088830,"Mammoth Interactive, John Bura","Unity, 3D Modeling, Game Development, Development",3D Modeling,Beginner,17 hours,4.7,42,625,"Rp149,000",3/2018,4,0,2,https://www.udemy.com/course/build-and-model-a-super-marlo-runner-clone-in-unity3d/
Make Your Very Own Custom Hair Brush And Hairstyle In Zbrush,2947670,Máté Vörös,"zBrush, 3D Modeling, 3D Sculpting, Hair Styling, 3D & Animation",3D Modeling,All Levels,34 mins,3.9,10,958,"Rp149,000",4/2020,1,0,0,https://www.udemy.com/course/make-your-very-own-custom-hair-brush-and-hairstyle-in-zbrush/
Learn Computer Graphics with Blender 3D Beginner to Pro,5735950,WealthCraft Academy,"Animation, 3D & Animation, Design",3D Modeling,All Levels,2 hours,3.9,16,562,"Rp149,000",2/2024,0,0,25,https://www.udemy.com/course/learn-computer-graphics-with-blender-3d-beginner-to-pro/
HYPER-REALISTIC 3D KID GIRL DESIGN,6634837,kelechi John,"3D Modeling, 3D Rendering, 3D & Animation, Design",3D Modeling,All Levels,17 hours,4.7,10,22,"Rp149,000",7/2025,0,0,0,https://www.udemy.com/course/hyper-realistic-3d-kid-girl-design/
Master 3ds max 3D Modeling by making THE VILLA from A to Z,1319786,Maamir Houssam Eddine,"V-Ray, Autodesk 3ds Max, Architectural Design, Design",3D Modeling,Beginner,3.5 hours,4.3,46,2939,"Rp149,000",12/2022,0,0,2,https://www.udemy.com/course/learn-3ds-max-vray-modeling-the-villa/
3D Printing Design Skills for Special Needs / Neurodiverse,4128770,Atar Singh,"3D Printing, 3D & Animation, Design",3D Modeling,Beginner,5.5 hours,4.7,12,5067,"Rp149,000",4/2024,0,0,0,https://www.udemy.com/course/special-needs-people-digital-tech-training/
3D Character Creation in Cinema 4D: Modeling a Happy Monster,1078836,Moy Lobito,"Cinema 4D, 3D Sculpting, 3D Modeling, 3D & Animation, Design",3D Modeling,All Levels,2 hours,4.5,66,380,"Rp149,000",6/2017,7,0,0,https://www.udemy.com/course/3d-character-creation-in-cinema-4d-modeling-a-happy-monster-moylobito/
Create Dope 3D Clay Illustration of Pepe in Blender 4.0,5885170,Alexandru Adascalita,"3D Modeling, 3D & Animation, Design",3D Modeling,All Levels,1 hour,4.3,2,9,"Rp149,000",3/2024,0,0,1,https://www.udemy.com/course/create-dope-3d-clay-illustration-of-pepe-in-blender-40/
Learn Blender 3D - The asset creation course V2,810870,Joe Baily,"Blender, 3D & Animation, Design",3D Modeling,Beginner,15.5 hours,4.2,14,154,"Rp149,000",9/2018,3,0,1,https://www.udemy.com/course/learn-blender-3d-the-asset-creation-course-v2/
Autodesk Inventor Professional 3D modeling course,793246,Veer Tutorial,"Autodesk Inventor, Graphic Design & Illustration, Design",3D Modeling,Beginner,8 hours,4.4,62,239,"Rp159,000",1/2019,0,0,0,https://www.udemy.com/course/learn-autodesk-inventor-2016/
"Arduino coding with 3D-Printing, Product Design, Fabrication",2698222,Brennen Pak,"3D Printing, Arduino, Autodesk Fusion, Hardware, IT & Software",3D Modeling,All Levels,5.5 hours,4.6,14,127,"Rp149,000",1/2020,1,0,0,https://www.udemy.com/course/product-design-fabrication-3d-printing-arduino-coding/
Rhino3D Aircraft NURBS Professional 3D Modeling Course,5114318,Krzysztof Kubasek,"Rhino 3D, 3D Modeling, Design Tools, Design",3D Modeling,Intermediate,4.5 hours,4.6,29,259,"Rp149,000",5/2023,0,0,29,https://www.udemy.com/course/rhino3d-professional-3dmodeling/
Learning Autodesk Maya 2014 - A Practical Hands On Course,81872,Infinite Skills,"Autodesk Maya, Design Tools, Design",3D Modeling,All Levels,10.5 hours,4.3,20,299,"Rp149,000",1/2017,1,0,1,https://www.udemy.com/course/autodesk-maya-2014/
AI art with Blender and Stable Diffusion w/ midjourney Model,5095550,Filipe Lima,"AI Art Generation, Blender, Stable Diffusion, Design Tools, Design",3D Modeling,Beginner,2 hours,4.1,18,348,"Rp149,000",1/2023,0,0,3,https://www.udemy.com/course/create-beautiful-ai-art-with-blender-in-minutes/
Blender 5 Bootcamp: Complete 3D Workflow,7031739,Abdullahi Umar Abubakar,"Blender, 3D & Animation, Design",3D Modeling,All Levels,1.5 hours,4.8,N/A,N/A,"Rp149,000",2/2026,0,0,0,https://www.udemy.com/course/blender-5-bootcamp-complete-3d-workflow/
Master Character Animation in 3ds Max with Pro Techniques,1953770,A4Animation School,"Autodesk 3ds Max, 3D Modeling, 3D Rigging, Character Animation, 3D & Animation",3D Modeling,All Levels,2 hours,4.1,73,398,"Rp149,000",5/2024,0,0,25,https://www.udemy.com/course/super-easy-fun-3d-character-animation-in-3dsmax-part-i/
Designing with Rhino 3D for Beginners,2822193,Leandro Rolon,"Rhino 3D, 3D Modeling, Product Design, Design Tools, Design",3D Modeling,Beginner,4 hours,4.4,250,7821,"Rp149,000",8/2021,0,0,3,https://www.udemy.com/course/rhino-3d-for-beginners/
Advanced rendering 3DS MAX+v-ray+ps by making the MediaTech,1658548,Maamir Houssam Eddine,"Autodesk 3ds Max, V-Ray, Adobe Photoshop, 3D Rendering, Architectural Design",3D Modeling,All Levels,2 hours,4.2,20,316,"Rp149,000",6/2025,0,0,1,https://www.udemy.com/course/3ds-max-vray-ps-texture-render-mediatech/
Curve 3d Modeling in Sketchup + Paper Mache for Home Decor,6870321,Amin Najafzadeh,"Crafting, Interior Design, Design",3D Modeling,All Levels,2.5 hours,4.8,14,2341,"Rp149,000",1/2026,2,0,1,https://www.udemy.com/course/sketchup-curved-modeling-to-diy-papier-mache-chandelier/
Design a Working Light Bulb - Fusion 360 for 3D Printing,1818726,Vladimir Mariano,"3D Printing, 3D Modeling, CAD Software, Autodesk Fusion, 3D & Animation",3D Modeling,Intermediate,1.5 hours,4.7,67,442,"Rp149,000",11/2019,0,0,0,https://www.udemy.com/course/lightbulb/
Blender 3D Product Animation: Fast-Track CGI for Beginners,6674935,VDYA World,"3D Animation, Blender, 3D & Animation, Design",3D Modeling,Beginner,2.5 hours,3.6,3,219,"Rp149,000",6/2025,0,0,0,https://www.udemy.com/course/blenderproductanimation/
Blender Game Character Modelling (Anatomy Low Poly) Course,3594524,Sio Vaspa,"Blender, 3D Animation, 3D Modeling, 3D Texturing, 3D & Animation",3D Modeling,All Levels,2.5 hours,4.8,N/A,5,"Rp169,000",9/2023,0,0,4,https://www.udemy.com/course/blender-game-character-modelling-anatomy-low-poly-course/
Blender 3D Modeling: Create a Low-Poly Police Building,6285055,Chander Dhingra,"3D Modeling, 3D & Animation, Design",3D Modeling,Beginner,2 hours,4.4,N/A,1,"Rp149,000",11/2024,0,0,0,https://www.udemy.com/course/blender-3d-modeling-create-a-low-poly-police-building/
Create a complete 3D Animation -C1- Character modeling,4345268,ALAOUCHICHE Abdelhamid,"Character Modeling, Digital Character Sculpting, 3D & Animation, Design",3D Modeling,Intermediate,3.5 hours,2.5,2,9,"Rp149,000",10/2021,0,0,0,https://www.udemy.com/course/bittersweet-pumpkin-chapter-01-character-modeling/
Blender Unleashed: Master 3d Fundamentals Quickly,238040,Brandon Hix,"Blender, 3D Animation, 3D Rendering, 3D & Animation, Design",3D Modeling,Beginner,7 hours,4.1,306,5389,"Rp149,000",10/2015,0,0,3,https://www.udemy.com/course/blender-3d-unleashed/
Cloth Modeling Master Course Tutorial,6716967,3DRedBox Studio,"Marvelous Designer, Fashion Design, Design",3D Modeling,All Levels,9 hours,3.9,6,58,"Rp149,000",8/2025,0,0,0,https://www.udemy.com/course/cloth-modeling-master-course-tutorial/
Dental Course : Prepare your STL Teeth Model for 3D Printer,4091366,Ahmed metwalli,"Dentistry, Other Teaching & Academics, Teaching & Academics",3D Modeling,Beginner,30 mins,4.3,10,877,"Rp149,000",6/2021,0,0,0,https://www.udemy.com/course/dental-course-prepare-your-stl-teeth-model-for-3d-printer/
3ds max Fundamentals and MasterClass,6075217,Khalil Sediqi,"Autodesk 3ds Max, 3D & Animation, Design",3D Modeling,All Levels,5 hours,4.5,6,2303,"Rp149,000",12/2025,0,0,1,https://www.udemy.com/course/create-your-first-3d-village-in-3ds-max-2024/
SOLIDWORKS Course: Turn 2D Sketches into 3D Models,698862,"Educational Engineering Team, Ashraf Said AlMadhoun, Educational Engineering","SOLIDWORKS, 3D Animation, 3D & Animation, Design",3D Modeling,Beginner,2 hours,4.0,124,8520,"Rp149,000",2/2026,2,0,2,https://www.udemy.com/course/solidworks-make-2d-sketches-and-turn-them-to-3d-models/
Construction Projects 3D - 4D - 5D Specialization - AulaGEO,5802780,"AulaGEO Academy, Felix Enzo Garofalo Lanzuisi","Construction Management, Building Information Modeling (BIM), Navisworks, Construction Estimation, Engineering",3D Modeling,All Levels,11.5 hours,4.2,24,2160,"Rp149,000",4/2024,0,0,63,https://www.udemy.com/course/construction-projects-3d-4d-5d-specialization-aulageo/
Rhino 3D Modelling for Beginners,3353326,Brennan Israele,"3D Modeling, Architectural Design, Design",3D Modeling,Beginner,3.5 hours,4.1,79,327,"Rp149,000",7/2020,0,0,2,https://www.udemy.com/course/rhino-3d-modelling-for-beginners/
3D Character Creature Model creation for a Game,4286016,Paul Rivot,"Creature Design, 3D Modeling, 3D Sculpting, 3D & Animation, Design",3D Modeling,Beginner,1 hour,4.4,17,2253,"Rp149,000",9/2021,0,0,4,https://www.udemy.com/course/3d-character-creature-model-creation-for-a-game/
Sculpting Characters for 3D Printing in Zbrush,3454874,Digital Art HQ School,"zBrush, 3D Printing, Character Design, 3D & Animation, Design",3D Modeling,Intermediate,16 hours,4.1,34,5756,"Rp149,000",11/2020,0,0,1,https://www.udemy.com/course/sculpting-characters-for-3d-printing-in-zbrush/
3D Architecture Visualization : Zero to Perfect Rendering,5238090,Animatics Studio,"3D Rendering, Architectural Design, Design",3D Modeling,Intermediate,31 mins,3.1,6,14,Free,3/2023,0,0,0,https://www.udemy.com/course/3d-architecture-visualization-zero-to-perfect-rendering/
Sketchup Modeling - AulaGEO,4032722,AulaGEO Academy,"SketchUp, 3D Modeling, 3D Rendering, V-Ray, 3D & Animation",3D Modeling,All Levels,4 hours,4.4,6,39,"Rp149,000",8/2024,0,0,18,https://www.udemy.com/course/sketchup-modeling/
Twinmotion: Easy VR and 3d Rendering For Arch Viz Projects,2624724,Adam Zollinger (Learn Archviz),"Twinmotion, 3D Rendering, 3D & Animation, Design",3D Modeling,All Levels,2.5 hours,4.5,119,613,"Rp149,000",4/2020,2,0,0,https://www.udemy.com/course/twinmotion-easy-vr-and-3d-rendering-for-architectural-visualization/
3Ds Max Game Modeling: Create Game Assets in 3Ds Max,2571326,Octo Man,"Autodesk 3ds Max, 3D & Animation, Design",3D Modeling,Beginner,7 hours,4.4,36,213,"Rp149,000",11/2019,0,0,5,https://www.udemy.com/course/3ds-max-game-modeling-create-game-assets-in-3ds-max/
PCB Designing (with 3D Model) in Orcad [2022],2057539,Rajandeep Singh,"Cadence OrCAD/Allegro, PCB Design, Software Engineering, Development",3D Modeling,All Levels,12.5 hours,4.2,684,5011,"Rp249,000",9/2022,0,0,40,https://www.udemy.com/course/orcad2019/
"PCB Design Crash Course: Footprint, 3D model & Board Design.",3897684,Pradeep Raj,"PCB Design, Autodesk Fusion, Altium Designer, Hardware, IT & Software",3D Modeling,Beginner,3.5 hours,4.3,89,345,"Rp149,000",9/2025,0,0,6,https://www.udemy.com/course/pcb-design-crash-course-3d-package-board-design-approach/
Materialise Mimics: Zero to Mastery,3815536,Fahimeh Azari,"Medical Imaging, Other IT & Software, IT & Software",3D Modeling,All Levels,43 mins,3.2,33,170,"Rp149,000",5/2022,0,0,0,https://www.udemy.com/course/materialise-mimics/
Learn indoor architecture 3D modeling,103560,Aleks Markelj,"3D Modeling, 3D Animation, Financial Modeling, Architectural Design, Design",3D Modeling,All Levels,3 hours,4.1,14,184,"Rp149,000",4/2016,0,0,1,https://www.udemy.com/course/indoor-architectural-3d-modeling/
Modeling a Theme Park Ride in 3d with Maya (Beginner),72650,Virtual Dreamz,"Autodesk Maya, 3D Animation, 3D Modeling, Hard Surface Modeling, 3D & Animation",3D Modeling,Beginner,15.5 hours,4.6,55,1074,"Rp149,000",1/2021,1,0,2,https://www.udemy.com/course/virtualdreamz-modeling-theme-park-ride-maya/
Create stunning Studio Apartment with Blender 3D,4571602,Blender Roxi,"Blender, Photorealistic Rendering, Interior Design, 3D & Animation, Design",3D Modeling,Beginner,5.5 hours,4.2,2,121,"Rp149,000",3/2022,1,0,1,https://www.udemy.com/course/studio-apartment-made-with-blender-3d/
Learning Autodesk Maya 2016,809536,Infinite Skills,"Autodesk Maya, 3D & Animation, Design",3D Modeling,All Levels,6.5 hours,4.3,260,1396,"Rp149,000",1/2017,1,0,1,https://www.udemy.com/course/learning-autodesk-maya-2016/
Advanced 3DS MAX Modeling by making the (MediaTech),1634554,Maamir Houssam Eddine,"Autodesk 3ds Max, AutoCAD, Revit, Architectural Design, Design",3D Modeling,All Levels,2.5 hours,3.8,18,1137,"Rp149,000",6/2025,0,0,1,https://www.udemy.com/course/learn-3ds-max-modeling-the-mediatech/
Full Course of MAYA with Experienced 21 years expert Faculty,4413488,Mukesh Kulshrestha,"Autodesk Maya, 3D & Animation, Design",3D Modeling,Beginner,8 hours,3.5,1,6,"Rp149,000",12/2021,0,0,33,https://www.udemy.com/course/full-course-of-maya-with-experienced-21-years-expert-faculty/
Sculpting a Caricature Character for 3D Printing in ZBrush,1563666,Victory3D LLC,"zBrush, 3D Animation, Caricature, 3D & Animation, Design",3D Modeling,Intermediate,5.5 hours,4.7,47,474,"Rp149,000",3/2018,0,0,6,https://www.udemy.com/course/sculptingfor3dprinting/
CINEMA 4D Unleashed - Master 3D Fundamentals,692964,Uri Soglowek,"Cinema 4D, 3D Animation, 3D & Animation, Design",3D Modeling,Beginner,5.5 hours,4.0,59,540,"Rp249,000",12/2015,5,0,5,https://www.udemy.com/course/cinema-4d-unleashed-master-3d-fundamentals/
Beginner’s Guide to Autodesk 3ds Max - AulaGEO,3821580,AulaGEO Academy,"Autodesk 3ds Max, 3D Modeling, 3D & Animation, Design",3D Modeling,All Levels,5 hours,3.6,2,9,"Rp149,000",2/2025,0,0,6,https://www.udemy.com/course/learn-autodesk-3ds-max/
"Model a Snowman in Cinema 4D, Beginner Course",4409832,Pete Maric,"Cinema 4D, 3D & Animation, Design",3D Modeling,Beginner,1 hour,5.0,2,10,"Rp149,000",11/2021,0,0,0,https://www.udemy.com/course/model-a-snowman-in-cinema-4d-beginner-course/
Learning SketchUp Pro 2015,387738,Infinite Skills,"SketchUp, 3D & Animation, Design",3D Modeling,Beginner,5.5 hours,4.3,561,2650,"Rp149,000",1/2017,1,0,1,https://www.udemy.com/course/learning-sketchup-pro-2015/
Low Poly Modeling in Cinema 4D - Vol 1: 3D Buildings,1078896,Moy Lobito,"Cinema 4D, 3D Animation, 3D Modeling, 3D Texturing, 3D & Animation",3D Modeling,All Levels,3.5 hours,4.3,21,514,"Rp149,000",6/2017,9,0,0,https://www.udemy.com/course/low-poly-modeling-in-cinema-4d-vol-1-3d-buildings-by-moylobito/
How to create 3D Game Assets,2632452,Davide Prestino,"Blender, 3D Texturing, Game Art, Level Design, Game Design",3D Modeling,Intermediate,11 hours,3.9,22,198,"Rp149,000",11/2019,0,0,1,https://www.udemy.com/course/how-can-made-assets-for-game-3d/
Learn ZBrush: Easy & Fun Character 3D Sculpt Modeling,1009524,Cody Scites,"zBrush, Financial Modeling, 3D Sculpting, 3D & Animation, Design",3D Modeling,Beginner,2 hours,3.8,18,132,"Rp149,000",3/2017,0,0,1,https://www.udemy.com/course/stylized-character-modeling-and-surfacing-using-zbrush/
Model complex 3D architectural geometry with Rhinoceros,404192,Stefan Boeykens,"Geometry, Architectural Design, 3D & Animation, Design",3D Modeling,Beginner,2 hours,4.1,227,1460,"Rp447,000.00",2/2015,0,0,25,https://www.udemy.com/course/model-complex-3d-architectural-geometry-with-rhinoceros/
3D Face Modeling for Beginners using Autodesk Maya,931598,Saptarshi Roy,"Autodesk Maya, 3D Animation, 3D & Animation, Design",3D Modeling,Beginner,2.5 hours,4.1,29,168,"Rp149,000",9/2016,0,0,3,https://www.udemy.com/course/superhero-3d-face-modeling-for-beginners-using-autodesk-maya/
Learning Tinkercad from Scratch,4015206,Pratik Pradhan,"Tinkercad, 3D Modeling, Other IT & Software, IT & Software",3D Modeling,Beginner,2 hours,3.8,6,23,"Rp149,000",6/2025,0,0,0,https://www.udemy.com/course/learning-tinkercad-from-scratch/
Low Poly Modeling in Cinema 4D - Vol 2: 3D Cars and Vehicles,1140414,Moy Lobito,"3D Animation, 3D Modeling, Cinema 4D, 3D & Animation, Design",3D Modeling,All Levels,2.5 hours,4.7,11,482,"Rp149,000",6/2017,9,0,0,https://www.udemy.com/course/low-poly-modeling-in-cinema-4d-vol-2-3d-cars-and-vehicles-by-moylobito/
The Complete SketchUp Guide II - Advanced 3D Modeling,3249874,Brandon Aaron Gibbs,"SketchUp, Design Tools, Design",3D Modeling,Beginner,3.5 hours,4.3,36,298,"Rp149,000",9/2022,2,0,0,https://www.udemy.com/course/the-complete-sketchup-guide-ii-advanced-3d-modeling/
Introduction to 3D Studio Max,1953242,Demetrios Symeou,"3D Modeling, Autodesk, Autodesk 3ds Max, 3D & Animation, Design",3D Modeling,Beginner,1.5 hours,4.5,23,130,"Rp149,000",10/2018,0,0,0,https://www.udemy.com/course/intro-3dsmax/
Complete AutoCAD 2D & 3D Practical Course,5184834,A2IT InternEdge,"AutoCAD, Architectural Design, Design",3D Modeling,All Levels,3.5 hours,4.3,9,18,"Rp149,000",7/2024,0,0,18,https://www.udemy.com/course/complete-autocad-2d-3d-practical-course/
Blender 3D: Cosmetic Product Modeling and Rendering Tutorial,5549702,Alaa Eddine ZAIR,"3D Rendering, 3D Texturing, 3D Lighting, 3D Modeling, 3D & Animation",3D Modeling,Intermediate,1 hour,4.0,3,14,"Rp149,000",12/2023,0,0,1,https://www.udemy.com/course/blender-cosmetic-serum-product-bottle-modeling-and-rendering/
SketchUp 2020 From 2D to 3D Home Design,2981532,Thomas Soltren,"SketchUp, 3D Rendering, Photorealistic Rendering, Lumion, Architectural Design",3D Modeling,Intermediate,2.5 hours,4.2,28,168,"Rp149,000",5/2020,0,0,3,https://www.udemy.com/course/sketchup-2020-from-2d-to-3d-home-design/
Model a Soda Can in Cinema 4D,4553158,Pete Maric,"3D Modeling, 3D & Animation, Design",3D Modeling,Beginner,1.5 hours,4.4,3,19,"Rp149,000",2/2022,0,0,0,https://www.udemy.com/course/model-a-soda-can-in-cinema-4d/
Create Profitable 3D NFT Art and METAVERSE Avatars W Expert,4455498,Muhammed Kosek,"3D Modeling, 3D Rendering, Blender, NFT (Non-Fungible Tokens), 3D & Animation",3D Modeling,All Levels,1 hour,4.4,35,6040,"Rp149,000",12/2021,0,0,1,https://www.udemy.com/course/designing-3d-nft-and-metaverse-avatar-for-sale/
3D Product Visualization in Cinema 4D - Energy Drink Poster,907312,Moy Lobito,"Cinema 4D, 3D Modeling, Adobe Photoshop, 3D Animation, 3D & Animation",3D Modeling,All Levels,2.5 hours,4.6,40,278,"Rp149,000",6/2017,7,0,0,https://www.udemy.com/course/3d-product-visualization-in-cinema-4d-energy-drink-poster/
3D Printing Workshop. How to use and maintain a 3D Printer.,1166456,Core Electronics,"3D Printing, Creativity, Personal Development",3D Modeling,Beginner,2 hours,4.7,786,19096,Free,6/2017,0,0,0,https://www.udemy.com/course/3d-printing-ultimate-workshop-and-full-step-by-step-guide/
2D Character Animation Sprites in Cinema 4D and Aseprite,5530182,Rene Espinoza,"2D Game Development, Character Animation, Cinema 4D, 3D Rendering, Game Design",3D Modeling,Beginner,1 hour,4.8,16,1668,Free,10/2023,0,0,0,https://www.udemy.com/course/2d-character-animations-sprites-in-cinema-4d-and-aseprite/
Free Blender Crash Course!,2657572,Gustavo Rosa,"Blender, Essential Tech Skills, 3D & Animation, Udemy Free Resource Center, Vodafone",3D Modeling,Beginner,2.5 hours,4.5,5784,118879,Free,9/2020,0,0,0,https://www.udemy.com/course/blender-crash-course/
Introduction to Blender For Beginners,898718,Danan Thilakanathan,"Blender, 3D Modeling, 3D Rendering, 3D & Animation, Design",3D Modeling,Beginner,5 hours,4.4,3703,100347,Free,12/2016,12,0,0,https://www.udemy.com/course/introduction-to-blender-for-beginners/
Create Your First Anime Scene in Blender,7053267,Aniket Rawat,"Blender, 3D Texturing, 3D Environment Modeling, 3D Modeling, 3D & Animation",3D Modeling,All Levels,1 hour,3.5,1,268,Free,2/2026,0,0,1,https://www.udemy.com/course/create-your-first-anime-scene-in-blender/
Getting Started with Onshape,4835438,Nathan Nagele,"Onshape, Other IT & Software, IT & Software",3D Modeling,Beginner,1.5 hours,4.7,253,1920,Free,8/2022,0,0,0,https://www.udemy.com/course/onshapecourse/
Blender 3d: New User Modeling Trial,4632098,Blender Way of Life,"3D Modeling, Blender, 3D & Animation, Design",3D Modeling,Beginner,1.5 hours,3.5,24,3088,Free,4/2022,0,0,0,https://www.udemy.com/course/blender-3d-new-user-modeling-trial/
Blender 3d: New User Modeling Trial (3.1 UPDATE),4669002,Blender Way of Life,"3D Modeling, 3D & Animation, Design",3D Modeling,Beginner,2 hours,3.6,5,2100,Free,6/2022,0,0,0,https://www.udemy.com/course/blender-3d-new-user-modeling-trial-31-update/
Blender Basics,1342722,Dara Harper,"Blender, 3D & Animation, Design",3D Modeling,Beginner,1.5 hours,4.5,1029,36445,Free,9/2017,0,0,0,https://www.udemy.com/course/blender-basics/
Create Your Own Character in Blender,783802,Thomas McDonald,"Character Design, Blender, 3D Modeling, 3D Animation, 3D & Animation",3D Modeling,Beginner,4 hours,4.5,1496,61621,Free,8/2025,2,0,1,https://www.udemy.com/course/create-your-own-character/
Learning Adobe Fuse from Scratch,3789992,Pratik Pradhan,"3D Modeling, Other IT & Software, IT & Software",3D Modeling,Beginner,1.5 hours,4.6,4,885,Free,9/2023,0,0,0,https://www.udemy.com/course/learningadobefusefromscratch/
Create an Immersive 3D PowerPoint with Figma & Blender,6194539,Andrew Woan,"PowerPoint, 3D & Animation, Design",3D Modeling,All Levels,43 mins,4.7,18,1002,Free,5/2025,0,0,1,https://www.udemy.com/course/create-an-immersive-3d-powerpoint-with-figma-and-blender/
"Blender Crash Course: Modeling, Texture and Rendering",6306693,Muhammad Junaid Alam,"3D & Animation, Design",3D Modeling,Beginner,2 hours,4.5,23,2025,Free,12/2024,0,0,0,https://www.udemy.com/course/blender-crash-course-modeling-texture-and-rendering/
SolidWorks for Beginners: Create Your First 3D Part,6820871,Alen Oletic,"SOLIDWORKS, Engineering, Teaching & Academics",3D Modeling,Beginner,2 hours,4.5,54,1622,Free,3/2026,2,0,10,https://www.udemy.com/course/solidworks-basics-your-first-part/
Learn 3D printing - Fused Deposition Modeling (FDM),5011782,Danish Technological Institute,"3D Printing, Manufacturing, Product Design, Product Development, Engineering",3D Modeling,Beginner,31 mins,4.7,39,443,Free,12/2022,0,0,1,https://www.udemy.com/course/learn-3d-printing-fused-deposition-modeling-fdm/
Create 3D Game Characters: No modeling or rigging required,672890,Reallusion Inc,"3D Game Development, Financial Modeling, 3D & Animation, Design",3D Modeling,All Levels,3 hours,4.4,878,48540,Free,11/2015,0,0,0,https://www.udemy.com/course/create-3d-game-characters-no-modeling-or-rigging-required/
Learn Magica Voxel - Create 3D Game Models For Unity3D,1152486,Swapnil Rane,"Voxel Art, 3D Modeling, Game Design, Design",3D Modeling,Beginner,2 hours,4.4,322,10989,Free,4/2017,1,0,6,https://www.udemy.com/course/learn-magica-voxel-create-3d-game-models-for-unity3d/
Advanced Product Design Techniques with Siemens Solid Edge,3875216,John Devitry,"Solid Edge, Engineering, Teaching & Academics",3D Modeling,Intermediate,1.5 hours,4.3,32,1580,Free,2/2021,0,0,2,https://www.udemy.com/course/subdivision/
Combat Knife 3D Game Asset in Blender and Substance Painter,2122746,"Chris Plush, CG Masters","3D Modeling, Game Texturing, 3D & Animation, Design",3D Modeling,Beginner,N/A,4.6,1077,26080,"Rp149,000",1/2019,0,0,0,https://www.udemy.com/course/combat-knife-3d-game-model-asset-in-blender-and-substance-painter/
Onshape CAD Essential Training Course,5224656,Wasif Ullah,"3D Modeling, Sketching, Assembly Modeling, Technical Drawing, Other Design",3D Modeling,All Levels,2 hours,3.8,5,180,Free,4/2023,0,0,0,https://www.udemy.com/course/onshape-cad-essential-training-course/
Cartoon Character Modeling In Blender,1902730,Danan Thilakanathan,"Character Modeling, 3D & Animation, Design",3D Modeling,Beginner,4 hours,4.4,622,33977,Free,9/2018,2,0,1,https://www.udemy.com/course/cartoon-character-modeling-in-blender/
Mastering Autodesk 3ds Max: Beginner's Guide To 3D Modelling,6481515,Stephen Cunningham,"Autodesk 3ds Max, 3D Rendering, 3D Modeling, 3D & Animation, Design",3D Modeling,Beginner,1.5 hours,4.4,20,794,Free,2/2025,0,0,0,https://www.udemy.com/course/mastering-autodesk-3ds-max-a-beginners-guide/
Learn The Art Of Hand Painted Asset Modeling,6330327,Shubham Bhardwaj,"3D Texturing, Autodesk Maya, Adobe Photoshop, 3D Modeling, Game Design",3D Modeling,Intermediate,2 hours,4.2,15,639,Free,12/2024,0,0,0,https://www.udemy.com/course/learn-the-art-of-hand-painted-asset-modeling/
Photo to 3D to AR : Free and Easy,2362260,Hafizur Rahaman,"Photogrammetry, Augmented Reality (AR), Virtual Reality, 3D Modeling, Other IT & Software",3D Modeling,Beginner,1 hour,4.4,300,10128,Free,3/2020,0,0,5,https://www.udemy.com/course/photo-to-3d-to-ar-free-and-easy/
The Ultimate Blender Course from Beginner to Pro & Get Paid,7072167,Bodhi The Blenderender,"3D Animation, Video Editing, Generative AI (GenAI), Digital Marketing, Marketing",3D Modeling,Beginner,47 hours,4.5,21,183,"Rp349,000",3/2026,1,0,71,https://www.udemy.com/course/the-ultimate-blender-course/
The Ultimate Blender 3D Sculpting Course,3471226,Alex Cordebard,"3D Sculpting, Blender, Digital Character Sculpting, 3D & Animation, Design",3D Modeling,All Levels,37.5 hours,4.7,3815,27902,"Rp159,000",3/2026,0,0,10,https://www.udemy.com/course/blender-3d-sculpting-course/
Head anatomy and sculpting exercises course,5012940,NIkolay Naydenov,"3D Sketching, Anatomy, 3D & Animation, Design",3D Modeling,Beginner,13.5 hours,4.9,949,5656,"Rp159,000",12/2022,0,0,1,https://www.udemy.com/course/head-anatomy-and-sculpting-exercises-course/
Creating 3D environments in Blender,683198,"Rob Tuytel, CG Obaid (Obaidur Rahman)","3D Modeling, 3D Environment Modeling, 3D Lighting, Blender, 3D & Animation",3D Modeling,All Levels,38 hours,4.7,14290,114787,"Rp159,000",11/2025,0,0,18,https://www.udemy.com/course/blender-environments/
Complete Guide to Realistic Character Creation in Blender,3610670,Victory3D LLC,"Character Design, Blender, 3D & Animation, Design",3D Modeling,Intermediate,53.5 hours,4.4,1584,17200,"Rp159,000",1/2026,0,0,4,https://www.udemy.com/course/realistic-character-creation-in-blender/
Blender 5 & UE5.7: Stylized Haunted Street Kit,7068543,3D Tudor,"3D Environment Modeling, Blender, Unreal Engine, 3D Game Development, 3D & Animation",3D Modeling,Intermediate,31 hours,4.8,9,217,"Rp149,000",2/2026,0,0,2,https://www.udemy.com/course/blender-5-ue57-stylized-haunted-street-kit/
Blender: Stylized character creation for videogames,6249789,The Parabox 3D,"Blender, Character Modeling, 3D Modeling, 3D Sculpting, 3D & Animation",3D Modeling,All Levels,26 hours,4.4,99,1587,"Rp159,000",6/2025,4,0,4,https://www.udemy.com/course/blender-stylized-character-creation-for-games/
Blender - Jewelry creation,5620740,Julien Deville,"3D Modeling, 3D Rendering, 3D Printing, Jewelry Design, Other IT & Software",3D Modeling,Intermediate,13 hours,4.7,265,1429,"Rp149,000",2/2024,0,0,41,https://www.udemy.com/course/blender-jewelry-creation/
Low Poly Landscapes: Blender Bite Sized Course,4258538,"GameDev.tv Team, Grant Abbitt, Rick Davidson","Blender, 3D & Animation, Design",3D Modeling,Beginner,6 hours,4.9,1676,10495,"Rp159,000",7/2025,1,0,2,https://www.udemy.com/course/blender-low-poly-landscapes/
The Ultimate Blender 3D Geometry Nodes Course,5280062,Alex Cordebard,"Blender, 3D & Animation, Design",3D Modeling,All Levels,54.5 hours,4.7,1624,14842,"Rp159,000",3/2026,1,0,29,https://www.udemy.com/course/geometry-nodes/
Blender Grease Pencil: Draw & Animate 2D Art in a 3D World,6876311,"GameDev.tv Team, Grant Abbitt","Blender, 2D Animation, Game Art, Game Development, Development",3D Modeling,Beginner,5.5 hours,4.7,145,1233,"Rp159,000",11/2025,0,0,0,https://www.udemy.com/course/blender-grease-pencil/
UV Mapping Bootcamp: Unwrapping & Texturing in Blender,6744673,"3D Tudor, Luke PolyGoods 3D","Blender, UV Mapping, 3D Texturing, 3D Game Development, 3D & Animation",3D Modeling,Beginner,11.5 hours,4.5,43,617,"Rp159,000",1/2026,0,0,1,https://www.udemy.com/course/uv-mapping-bootcamp-unwrapping-texturing-in-blender/
Stylized 3D character creation in Blender (2025),6873481,Bevel Studio,"Character Design, Character Rigging, Digital Character Sculpting, Character Modeling, 3D & Animation",3D Modeling,All Levels,13 hours,4.4,40,537,Free,1/2026,0,0,4,https://www.udemy.com/course/stylized-3d-character-creation-in-blender-45/
3D Printing Masterclass: Beginner to Pro with Complete Start,6922187,NextGen 3D,"3D Printing, 3D & Animation, Design",3D Modeling,All Levels,6.5 hours,4.4,40,1482,"Rp149,000",3/2026,0,0,50,https://www.udemy.com/course/3d-printing-masterclass-beginner-to-pro-with-complete-start/
The Art of Blender,6243237,Kevin Oxland,"Blender, Game Design, Design",3D Modeling,Beginner,13 hours,4.9,10,125,"Rp149,000",12/2025,0,0,8,https://www.udemy.com/course/the-art-of-blender/
"The Ultimate Blender 3D Simulations, Physics & Particles",6148541,Alex Cordebard,"Blender, 3D & Animation, Design",3D Modeling,All Levels,37.5 hours,4.8,534,5647,"Rp159,000",3/2026,1,0,16,https://www.udemy.com/course/blender-simulations-physics-particles/
Blender 5 Hair & Fur: Complete Workflow,6953075,Artem Academy,"Blender, 3D & Animation, Design",3D Modeling,Intermediate,3.5 hours,4.0,4,45,"Rp149,000",2/2026,0,0,13,https://www.udemy.com/course/blender-hair-fur-/
Female Assassin Game Character Creation in Blender,6195189,Victory3D LLC,"Game Design, Design",3D Modeling,Intermediate,72 hours,4.7,119,1945,"Rp159,000",1/2026,0,0,6,https://www.udemy.com/course/female-assassin-game-character-creation-in-blender/
Stylized texturing for video games with Blender,4375990,"The Parabox 3D, Sebastian Narvaez","Blender, 3D Texturing, Game Texturing, Marmoset Toolbag, 3D & Animation",3D Modeling,All Levels,10.5 hours,4.5,118,1759,"Rp159,000",10/2024,3,0,5,https://www.udemy.com/course/stylized-texturing-for-videogames-with-blender/
Master 3D Scene Creation with Blender: The Complete Course,5871330,Alex Cordebard,"Blender, 3D & Animation, Design",3D Modeling,All Levels,25.5 hours,4.7,121,1484,"Rp159,000",3/2026,0,0,8,https://www.udemy.com/course/blender-3d-scenes-course/
Redesign and Remake Game Assets,5553622,Arrimus 3D,"3D Modeling, 3D & Animation, Design",3D Modeling,All Levels,72.5 hours,4.9,4,138,"Rp149,000",11/2024,0,0,0,https://www.udemy.com/course/redesign/
The Ultimate Blender Low Poly Guide,2244796,Alex Cordebard,"Blender, 3D Animation, Character Modeling, 3D & Animation, Design",3D Modeling,Beginner,10.5 hours,4.8,968,7077,"Rp149,000",3/2026,0,0,2,https://www.udemy.com/course/blenderlowpoly/
Substance Designer 2024: Stylized material creation.,3549462,"The Parabox 3D, 3d production house","Substance 3D Designer, 3D Texturing, Game Art, Unreal Engine, Game Design",3D Modeling,All Levels,7 hours,4.8,730,5024,"Rp159,000",7/2025,5,0,7,https://www.udemy.com/course/substance-designer-stylized-material-creation/
Dragon girl in Blender course,5936038,NIkolay Naydenov,"Digital Character Sculpting, 3D & Animation, Design",3D Modeling,Intermediate,21.5 hours,4.8,302,3214,"Rp159,000",4/2024,0,0,1,https://www.udemy.com/course/dragon-girl-in-blender-course/
Complete Guide to Maya 2024,5429130,Nexttut Education Pvt.Ltd.,"Autodesk Maya, 3D Modeling, 3D & Animation, Design",3D Modeling,Beginner,17 hours,4.6,599,3271,"Rp149,000",7/2023,0,0,0,https://www.udemy.com/course/complete-guide-to-maya-2024/
3D Trees with Blender Geometry Nodes,6484495,"3D Tudor, Vladan Trhlík","Blender, 3D Modeling, Game Design, 3D & Animation, Design",3D Modeling,All Levels,2.5 hours,4.8,18,295,"Rp149,000",1/2026,0,0,2,https://www.udemy.com/course/3d-trees-with-blender-geometry-nodes/
Learn 3d with Blender - Fundamentals to Advanced,5736690,3d illusions,"Blender, 3D & Animation, Design",3D Modeling,All Levels,19 hours,4.7,53,537,"Rp149,000",8/2024,1,0,0,https://www.udemy.com/course/learn-3d-with-blender-fundamentals-to-advanced/
Blender Environment Artist: Create 3D Worlds,1788810,"GameDev.tv Team, Rick Davidson, Grant Abbitt","Blender, Game Development Fundamentals, 3D Texturing, 3D Rendering, 3D & Animation",3D Modeling,Beginner,12 hours,4.8,4357,46097,"Rp159,000",1/2026,2,0,64,https://www.udemy.com/course/blenderenvironment/
The Ultimate Blender 3D Animated Short AI Course,5663019,Alex Cordebard,"3D Animation, Blender, Generative AI (GenAI), 3D & Animation, Design",3D Modeling,All Levels,59 hours,4.7,176,1927,"Rp159,000",3/2026,0,0,33,https://www.udemy.com/course/blender-3d-ai-course/
Ultimate Blender 3D Character Creation & Animation Course,2915650,Alex Cordebard,"3D Animation, Animation, Blender, Character Animation, 3D & Animation",3D Modeling,All Levels,35.5 hours,4.7,3498,25238,"Rp159,000",3/2026,1,0,11,https://www.udemy.com/course/blender3dcharacteranimation/
Cyborg Hard Surface Character Creation in Blender,6784337,Victory3D LLC,"Game Design, Design",3D Modeling,Intermediate,59.5 hours,4.9,20,426,"Rp149,000",1/2026,0,0,5,https://www.udemy.com/course/cyborg-hard-surface-character-creation-in-blender/
Low Poly Characters: Blender Bitesize Course,4353258,"GameDev.tv Team, Grant Abbitt, Rick Davidson","Blender, Game Development Fundamentals, 3D & Animation, Design",3D Modeling,Beginner,5 hours,4.8,1403,9100,"Rp159,000",7/2025,1,0,36,https://www.udemy.com/course/blender-low-poly-characters/
Blender Texture Painting: Create Stunning Stylised Models,5625248,"GameDev.tv Team, Grant Abbitt","Blender, 3D Texturing, 3D Modeling, Game Development, Development",3D Modeling,All Levels,6.5 hours,4.9,319,2263,"Rp159,000",12/2024,0,0,0,https://www.udemy.com/course/blender-texture-painting/
A quick way to build a realistic scene in Blender,5598214,Sime Bugarija,"Blender, 3D & Animation, Design",3D Modeling,Beginner,2.5 hours,4.8,7,118,"Rp149,000",10/2023,0,0,3,https://www.udemy.com/course/a-quick-way-to-build-a-realistic-scene-in-blender/
The Ultimate Guide to Blender 3D Rigging & Animation,5009098,3D Tudor,"3D Rigging, 3D Animation, Blender, Character Animation, 3D & Animation",3D Modeling,All Levels,8 hours,4.6,374,4614,"Rp149,000",4/2025,0,0,2,https://www.udemy.com/course/blender-3d-rigging-animation/
Designing for 3D Printing with Fusion 360,958668,Vladimir Mariano,"Autodesk Fusion, 3D Modeling, 3D Printing, 3D & Animation, Design",3D Modeling,Beginner,4 hours,4.6,9904,38336,"Rp149,000",7/2021,7,0,0,https://www.udemy.com/course/designing-for-3d-printing-with-fusion-360/
Character sculpting with blender: Create a stylized warrior,3602544,The Parabox 3D,"Blender, 3D Sculpting, Character Modeling, Digital Character Sculpting, 3D & Animation",3D Modeling,All Levels,11.5 hours,4.7,646,4562,"Rp149,000",11/2021,2,0,11,https://www.udemy.com/course/character-sculpting-with-blender/
Old Stylized Character in Blender,5883682,Bharat Sharma,"Digital Character Sculpting, 3D & Animation, Design",3D Modeling,Intermediate,23.5 hours,4.5,10,184,"Rp149,000",3/2024,0,0,5,https://www.udemy.com/course/old-stylized-character-in-blender/
Demon Huntress in Blender course,4714018,NIkolay Naydenov,"Blender, Anatomy, 3D & Animation, Design",3D Modeling,Intermediate,23 hours,4.8,569,4491,"Rp159,000",6/2022,0,0,1,https://www.udemy.com/course/demon-huntress-in-blender-course/
Model and Texture a Stylized Dungeon for Games,881810,3dmotive LLC,"3D Texturing, Autodesk Maya, 3D Modeling, Game Texturing, Game Development",3D Modeling,Intermediate,6.5 hours,4.7,483,2834,"Rp149,000",9/2016,2,0,4,https://www.udemy.com/course/3dmotive-model-and-texture-a-stylized-dungeon-for-games/
Blender Character Creation Masterclass - Orc Warrior,4091506,Victory3D LLC,"Character Design, 3D & Animation, Design",3D Modeling,Intermediate,74 hours,4.6,640,6253,"Rp149,000",1/2026,0,0,2,https://www.udemy.com/course/character-creation-in-blender/
Sci fi Character Sculpting in Zbrush,5307714,Nexttut Education Pvt.Ltd.,"Digital Character Sculpting, 3D & Animation, Design",3D Modeling,Intermediate,21.5 hours,4.8,60,720,"Rp149,000",7/2023,0,0,0,https://www.udemy.com/course/sci-fi-character-creation-volume-1/
Create an Animated Character in Blender 2.9,3467104,Darrin Lile,"Blender, 3D & Animation, Design",3D Modeling,Beginner,14.5 hours,4.6,457,2798,"Rp149,000",10/2022,0,0,1,https://www.udemy.com/course/create-an-animated-character-in-blender-29/
Blender 4.4 The complete training,6613131,Julien Deville,"3D Modeling, 3D Texturing, 3D Animation, 3D Sculpting, 3D & Animation",3D Modeling,Beginner,26 hours,4.6,123,782,"Rp149,000",5/2025,0,0,55,https://www.udemy.com/course/blender-44-the-complete-training/
Create Realistic 3D Forest Scene in Blender for Beginners,6891763,My 3D Class,"Blender, 3D Rendering, 3D Animation, 3D Modeling, 3D & Animation",3D Modeling,Beginner,3 hours,5.0,1,18,"Rp149,000",2/2026,0,0,12,https://www.udemy.com/course/create-realistic-3d-forest-scene-in-blender-for-beginners/
Character Crafting with Blender for Absolute Newbies,5171830,NIkolay Naydenov,"Blender, 3D & Animation, Design",3D Modeling,Beginner,10 hours,4.8,258,1299,"Rp149,000",2/2023,0,0,1,https://www.udemy.com/course/character-crafting-with-blender-for-absolute-newbies/
Learn SketchUp Pro the Right Way!,3713306,Daniel Brown,"SketchUp, Interior Design, Design",3D Modeling,All Levels,7.5 hours,4.6,2836,12100,"Rp159,000",9/2023,0,0,15,https://www.udemy.com/course/learn-sketchup-the-right-way/
Maya for Absolute Beginners: Complete Course,3928002,Nexttut Education Pvt.Ltd.,"Autodesk Maya, 3D & Animation, Design",3D Modeling,Beginner,16 hours,4.8,507,2445,"Rp149,000",6/2023,0,0,0,https://www.udemy.com/course/maya-2020-for-absolute-beginners/
Female Game Character Creation in Blender Tutorial,4440750,Victory3D LLC,"Blender, Character Design, 3D & Animation, Design",3D Modeling,Intermediate,40 hours,4.7,213,2463,"Rp149,000",1/2026,0,0,3,https://www.udemy.com/course/female-game-character-creation-in-blender-complete-worklow/
Learn Blender 3D sculpting as a beginner,6484369,Just Tis,"3D Modeling, 3D Sculpting, 3D & Animation, Design",3D Modeling,Beginner,12 hours,4.7,20,177,"Rp149,000",2/2025,0,0,7,https://www.udemy.com/course/learn-blender-3d-sculpting-as-a-beginner/
Absolute Beginners 3D character in Blender course,4542508,NIkolay Naydenov,"Blender, 3D & Animation, Design",3D Modeling,Beginner,14.5 hours,4.6,1108,5865,"Rp149,000",2/2022,0,0,2,https://www.udemy.com/course/absolute-beginners-3d-character-in-blender-course/
NEW. All in one Blender Character creation for beginners.,5597776,Илья Хлынин,"3D Modeling, 3D & Animation, Design",3D Modeling,All Levels,13 hours,4.5,55,408,"Rp149,000",10/2023,0,0,1,https://www.udemy.com/course/new-all-in-one-blender-character-creation-for-beginners/
AutoCAD Architectural 3DModeling & Visualization Masterclass,6062649,Marwan Sufyan,"AutoCAD, 3D Modeling, Architectural Design, 3D & Animation, Design",3D Modeling,Expert,12 hours,5.0,1,29,"Rp149,000",1/2026,0,0,61,https://www.udemy.com/course/autocad-architectural-3d-modeling/
Blender with AI,5084494,Bedel Adrien,"AI Content Generation, AI Art Generation, Data Science, Development",3D Modeling,Beginner,1.5 hours,4.6,3,59,"Rp149,000",2/2023,0,0,0,https://www.udemy.com/course/blender-with-ai/
Blender – EXPERT in Hard Surface Modeling,6598023,Alfonso Alcaide,"Blender, 3D & Animation, Design",3D Modeling,Beginner,11.5 hours,4.1,34,413,"Rp149,000",6/2025,0,0,5,https://www.udemy.com/course/blender-expert-in-hard-surface-modeling/
Blender Geometry Nodes for Beginners - Foliage Scatter,6177711,"3D Tudor, Vladan Trhlík","Blender, 3D Modeling, 3D Game Development, 3D & Animation, Design",3D Modeling,Beginner,2.5 hours,4.6,16,407,"Rp149,000",1/2026,0,0,1,https://www.udemy.com/course/blender-geometry-nodes-for-beginners-foliage-scatter/
The Complete Intro to Mudbox for Games and Film,330158,3dmotive LLC,"Mudbox, 3D Modeling, 3D Sculpting, Digital Character Sculpting, 3D & Animation",3D Modeling,Beginner,3.5 hours,4.4,61,458,"Rp149,000",9/2016,2,0,3,https://www.udemy.com/course/3dmotive-the-complete-intro-to-mudbox-for-games-and-film/
Blender + AI Stylized Environment Creation - 2026,6794983,Artstudio 313,"3D & Animation, Design",3D Modeling,All Levels,5 hours,4.7,12,447,"Rp149,000",3/2026,0,0,17,https://www.udemy.com/course/build-a-complete-stylized-world-in-blender-45/
Fusion 360 Complete Course,3181440,Mike Freeman,"Autodesk Fusion, 3D Printing, CAD Software, 3D & Animation, Design",3D Modeling,All Levels,9.5 hours,4.6,1667,7170,"Rp159,000",5/2023,0,0,0,https://www.udemy.com/course/fusion-360-complete-course/
Blender - Create Satisfying Animations (Beginner to Creator),6232903,Rajat Kumar Gupta,"3D Animation, Blender, 3D Rendering, 3D & Animation, Design",3D Modeling,Beginner,1 hour,5.0,2,10,"Rp149,000",12/2025,0,0,1,https://www.udemy.com/course/blender-satisfying-animations-course/
Lobo - 3D character in Blender course,4916146,NIkolay Naydenov,"Blender, 3D Printing, 3D Sculpting, 3D & Animation, Design",3D Modeling,Intermediate,24 hours,4.9,266,2090,"Rp149,000",10/2022,0,0,2,https://www.udemy.com/course/lobo-3d-character-in-blender-course/
Blender to Unreal Engine Character Creation,5721728,Victory3D LLC,"Game Design, Design",3D Modeling,Intermediate,49 hours,4.5,75,1357,"Rp159,000",1/2026,0,0,4,https://www.udemy.com/course/blender-to-unreal-engine-character-creation/
Blender Environments Megacourse: Create 3D Environments,4968982,Skillademia Academy,"Blender, 3D Animation, 3D Modeling, 3D Texturing, 3D & Animation",3D Modeling,All Levels,50 hours,4.4,155,8199,"Rp149,000",3/2026,0,0,9,https://www.udemy.com/course/blender-environments-megacourse-create-3d-environments/
Blender for 3D Scientific Illustration: From Beginner to Pro,6756271,Satyajeet Patil,"Blender, 3D Rendering, Illustration, 3D Modeling, Science",3D Modeling,Beginner,3 hours,4.2,5,120,"Rp149,000",12/2025,0,0,0,https://www.udemy.com/course/blender-for-3d-scientific-illustration-from-beginner-to-pro/
Hard Surface Modelling in Maya,4488876,Nexttut Education Pvt.Ltd.,"Hard Surface Modeling, 3D & Animation, Design",3D Modeling,Beginner,16.5 hours,4.7,466,2563,"Rp149,000",6/2023,0,0,0,https://www.udemy.com/course/hard-surface-modelling-in-maya-2022/
Complete Guide to 3D Coat,4947066,Nexttut Education Pvt.Ltd.,"3D Coat, 3D & Animation, Design",3D Modeling,Beginner,25.5 hours,3.7,90,644,"Rp149,000",10/2022,0,0,1,https://www.udemy.com/course/complete-guide-to-3d-coat/
SOLIDWORKS Hands-on Essential Training,5091346,Asim Bashir,"SOLIDWORKS, 3D Modeling, CAD Software, 3D & Animation, Design",3D Modeling,All Levels,10 hours,4.5,22,102,"Rp149,000",3/2025,0,0,0,https://www.udemy.com/course/solidworks-hands-on-essential-training/
Blender Geometry Nodes – Procedural Bridge Generator,6259065,"3D Tudor, Vladan Trhlík","Blender, 3D Game Development, 3D Modeling, 3D & Animation, Design",3D Modeling,Beginner,2.5 hours,4.6,12,212,"Rp149,000",1/2026,0,0,0,https://www.udemy.com/course/blender-geometry-nodes-procedural-bridge-generator/
Blender UV Mapping Made Easy: Step-by-Step for Beginners,6203559,My 3D Class,"Blender, UV Mapping, 3D & Animation, Design",3D Modeling,Beginner,4 hours,4.1,13,64,"Rp149,000",1/2026,0,0,2,https://www.udemy.com/course/blender-uv-mapping-made-easy-step-by-step-for-beginners/
FreeCAD v1.0 2025 Ultimate Beginners Course Extended Version,6431967,MJ Solutions,"FreeCAD, 3D Modeling, CAD Software, 3D & Animation, Design",3D Modeling,Beginner,1.5 hours,4.7,570,1809,"Rp249,000",5/2025,0,0,0,https://www.udemy.com/course/freecad-ultimate-beginners-extended-version/
Blender for Complete Beginners Course,4600130,Victory3D LLC,"Blender, 3D & Animation, Design",3D Modeling,Beginner,12.5 hours,4.1,18,244,"Rp149,000",4/2022,0,0,2,https://www.udemy.com/course/blender-for-complete-beginners/
Blender Geometry Nodes - Boats,6425785,"3D Tudor, Vladan Trhlík","Blender, 3D Modeling, Game Design, 3D & Animation, Design",3D Modeling,All Levels,2.5 hours,4.6,18,209,"Rp149,000",1/2026,0,0,1,https://www.udemy.com/course/blender-geometry-nodes-boats/
Practical Sci-Fi Design,5553588,Arrimus 3D,"3D Modeling, 3D & Animation, Design",3D Modeling,Beginner,45.5 hours,4.9,10,254,"Rp149,000",2/2026,0,0,1,https://www.udemy.com/course/practical-sci-fi-design/
3D Printing: From Start to Finish,1680146,Kevin Volo,"3D Printing, 3D & Animation, Design",3D Modeling,Beginner,5.5 hours,4.5,1265,7612,"Rp159,000",7/2020,3,0,0,https://www.udemy.com/course/3d-printing-from-start-to-finish/
Blender Modelling Course for Beginners,4476174,Nexttut Education Pvt.Ltd.,"Blender, 3D & Animation, Design",3D Modeling,Beginner,17.5 hours,4.3,32,406,"Rp149,000",6/2023,0,0,3,https://www.udemy.com/course/blender-30-modelling-course-for-beginners/
Blender to Unreal Engine 5 The Complete Beginners Guide,5623250,3D Tudor,"3D Modeling, Blender, Unreal Engine, 3D Game Development, Game Design",3D Modeling,All Levels,18 hours,4.5,85,1331,"Rp149,000",4/2025,0,0,1,https://www.udemy.com/course/blender-to-unreal-engine-5-the-complete-beginners-guide/
Blender 4 Geometry Nodes Workshop: Jungle Vines,5862560,3D Tudor,"Blender, 3D Animation, 3D & Animation, Design",3D Modeling,All Levels,3.5 hours,4.9,10,170,"Rp149,000",1/2026,0,0,1,https://www.udemy.com/course/blender-4-geometry-nodes-workshop-jungle-vines/
Skeleton Luffy - Character Creation for Beginners in Blender,5538184,Bharat Sharma,"Digital Character Sculpting, 3D & Animation, Design",3D Modeling,Beginner,12 hours,4.7,3,52,"Rp149,000",9/2023,0,0,1,https://www.udemy.com/course/skeleton-luffy-beginner-character-creation-in-blender/
Realistic Animal Creation in Blender,4846018,Nexttut Education Pvt.Ltd.,"Blender, 3D & Animation, Design",3D Modeling,Beginner,23 hours,4.2,16,303,"Rp149,000",8/2022,1,0,1,https://www.udemy.com/course/realistic-animal-creation-in-blender/
Blender 4 Geometry Nodes for Beginners,5778750,3D Tudor,"Blender, 3D Modeling, 3D & Animation, Design",3D Modeling,All Levels,4.5 hours,4.3,8,244,"Rp149,000",1/2026,0,0,0,https://www.udemy.com/course/blender-4-geometry-nodes-for-beginners/
Blender 2.8 The complete guide from beginner to pro,2427460,Julien Deville,"3D Modeling, 3D & Animation, Design",3D Modeling,Beginner,34 hours,4.3,2795,14000,"Rp149,000",6/2020,0,0,58,https://www.udemy.com/course/blender-28-the-complete-guide-from-beginner-to-pro/
Mastering Human Anatomy For 3D Artists,5980010,Vertmode Official,"Digital Character Sculpting, 3D & Animation, Design",3D Modeling,Intermediate,32 hours,4.7,22,275,"Rp149,000",5/2024,0,0,11,https://www.udemy.com/course/mastering-human-anatomy-3d-artists/
Advanced Texture Character Creation,5108284,Nexttut Education Pvt.Ltd.,"3D Texturing, 3D & Animation, Design",3D Modeling,Intermediate,23 hours,4.8,180,1602,"Rp149,000",1/2023,0,0,0,https://www.udemy.com/course/advanced-texture-character-creation/
Blender and Gaea Masterclass – Procedural Ice World,6973175,"3D Tudor, Josh/ DragonLaser","Blender, 3D Environment Modeling, 3D Modeling, 3D & Animation, Design",3D Modeling,All Levels,7 hours,4.5,2,72,"Rp149,000",1/2026,0,0,1,https://www.udemy.com/course/blender-and-gaea-masterclass-procedural-ice-world/
Substance Painter to Unreal Engine 5 Masterclass,4712136,3D Tudor,"Unreal Engine, Game Design, Game Texturing, Substance Painter, 3D & Animation",3D Modeling,All Levels,15 hours,4.5,57,853,"Rp149,000",4/2025,0,0,2,https://www.udemy.com/course/substance-painter-to-unreal-engine-5-masterclass/
Blender: Creating elegant and realistic headphone,5818706,Mrawan Hussain,"Blender, Hard Surface Modeling, Product Design, 3D & Animation, Design",3D Modeling,Intermediate,5 hours,4.8,3,40,"Rp149,000",2/2024,0,0,1,https://www.udemy.com/course/blender-creating-elegant-and-realistic-headphone/
Rhinoceros 3D FULL Beginner to Advanced ZERO to HERO,5144458,Wassef Dabboussi,"Rhino 3D, 3D Rendering, 3D Modeling, Other Design, Design",3D Modeling,Beginner,12.5 hours,4.7,44,259,"Rp149,000",8/2023,0,0,3,https://www.udemy.com/course/rhino-3d-crash-course-zero-to-hero-in-just-12-hours/
Hair Creation for Game Characters: Maya Xgen,4592520,Nexttut Education Pvt.Ltd.,"Autodesk Maya, Digital Character Sculpting, 3D & Animation, Design",3D Modeling,Intermediate,11.5 hours,4.8,91,947,"Rp149,000",8/2022,0,0,0,https://www.udemy.com/course/hair-creation-for-game-characters/
Beginners Guide to Stylized Character Creation in Blender,4860316,Saviour Iheke,"Character Design, 3D Modeling, 3D Texturing, Character Modeling, 3D & Animation",3D Modeling,Beginner,14 hours,4.8,N/A,14,"Rp149,000",9/2022,0,0,8,https://www.udemy.com/course/beginners-guide-to-stylized-character-creation-in-blender/
Project Grenade-Game ready asset!,3483618,Milivoj Popovic,"zBrush, Substance Painter, Marmoset Toolbag, 3D & Animation, Design",3D Modeling,Intermediate,11.5 hours,4.6,243,1649,"Rp149,000",8/2021,4,0,7,https://www.udemy.com/course/sculpting-in-zbrush-project-grenade/
Blender 2.79- Character creation for unity for beginners,1737546,Julien Deville,"Blender, Unity, 3D & Animation, Design",3D Modeling,Beginner,11.5 hours,4.5,106,878,"Rp149,000",6/2018,0,0,47,https://www.udemy.com/course/blender-279-character-creation-for-unity/
Dynamic Male Anatomy for Artists in Zbrush,3867362,Nexttut Education Pvt.Ltd.,"zBrush, Anatomy, 3D & Animation, Design",3D Modeling,Intermediate,27.5 hours,4.7,131,1053,"Rp149,000",3/2021,1,0,0,https://www.udemy.com/course/dynamic-male-anatomy-for-artists-in-zbrush/
Stylized Knight for Cinematics in Blender,5813122,Victory3D LLC,"Game Design, 3D & Animation, Design",3D Modeling,Intermediate,48 hours,4.4,8,264,"Rp149,000",2/2024,0,0,9,https://www.udemy.com/course/stylized-knight-for-cinematics/
3D Anatomy: Sculpting in Blender: Master the human figure,4926876,Neil Fontaine,"Blender, 3D Sculpting, Anatomy, Graphic Design & Illustration, Design",3D Modeling,All Levels,24.5 hours,4.1,80,1478,"Rp149,000",10/2024,0,0,8,https://www.udemy.com/course/3danatomy/
Blender 4.0.2 Edit Mode for Beginners (2025 UPDATE WIP),5768168,Blender Way of Life,"Blender, 3D & Animation, Design",3D Modeling,Beginner,5 hours,4.8,N/A,12,"Rp149,000",2/2025,0,0,1,https://www.udemy.com/course/blender-402-edit-mode-for-beginners/
Robotics & Mechatronics 3: Digital Twin Machines | Unity,5635062,"Mouhammad Hamsho, Kemalaldin Hamso","Industrial Robotics, Unity, Mechatronics, Robotics, Engineering",3D Modeling,Intermediate,9.5 hours,4.6,305,2598,"Rp149,000",12/2023,5,0,10,https://www.udemy.com/course/robotics-mechatronics-3-digital-twin-machines-unity/
Blender 2.79 Dinosaur creation from scratch,1609664,Julien Deville,"Blender, Dinosaur, 3D & Animation, Design",3D Modeling,Intermediate,13.5 hours,4.6,458,3708,"Rp149,000",3/2018,0,0,46,https://www.udemy.com/course/blender-279-dinosaur-creation-from-scratch/
Stylised Character Sculpting in Zbrush,5194222,Nexttut Education Pvt.Ltd.,"zBrush, Character Modeling, 3D & Animation, Design",3D Modeling,Intermediate,43 hours,4.0,108,1203,"Rp149,000",3/2023,0,0,0,https://www.udemy.com/course/stylised-character-sculpting-in-zbrush/
Learn Blender Beginner - Intermediate Level In Hindi 2023,4420316,Anmol Krishna,"Blender, 3D & Animation, Design",3D Modeling,All Levels,7.5 hours,4.6,3,11,"Rp149,000",3/2023,0,0,4,https://www.udemy.com/course/learn-blender-beginner-to-intermediate/
Creating a Cute Character in Maya and Photoshop,3861016,Digital Saucer Studios,"3D Modeling, 3D Lighting, 3D Texturing, UV Mapping, 3D & Animation",3D Modeling,All Levels,9 hours,4.6,31,13973,"Rp149,000",2/2021,0,0,7,https://www.udemy.com/course/creating-a-cute-character-in-maya-and-photoshop/
Blender 3 to Unreal Engine 5 Dungeon Modular Kitbash,4805880,3D Tudor,"Blender, 3D Modeling, Game Design, Unreal Engine, 3D & Animation",3D Modeling,Beginner,26.5 hours,4.3,102,2453,"Rp149,000",4/2025,0,0,1,https://www.udemy.com/course/blender-3-to-unreal-engine-5-kitbash/
Photorealistic Product Design with Blender,4358226,Tobias Spitzbart,"Photorealistic Rendering, Product Design, Blender, 3D Modeling, 3D & Animation",3D Modeling,Intermediate,2.5 hours,3.7,17,120,"Rp149,000",10/2021,0,0,3,https://www.udemy.com/course/photorealistic-product-design-with-blender/
Absolute Beginners Retopology and UV unwrapping in 3dsMax,3600888,NIkolay Naydenov,"UV Mapping, Autodesk 3ds Max, 3D & Animation, Design",3D Modeling,Beginner,9 hours,4.9,61,586,"Rp149,000",10/2020,0,0,1,https://www.udemy.com/course/absolute-beginners-retopology-and-uv-unwrapping-in-3dsmax/
BLENDER : Realistic Vehicle Creation From Start To Finish,3136298,Mrawan Hussain,"Photorealistic Rendering, Substance Painter, 3D & Animation, Design",3D Modeling,All Levels,18 hours,4.6,253,11429,"Rp149,000",6/2021,2,0,4,https://www.udemy.com/course/create-super-vehicles-with-blender-28x-and-substance-painter/
Learn Game Props Modelling in Blender,5264810,Nexttut Education Pvt.Ltd.,"3D Modeling, 3D & Animation, Design",3D Modeling,Intermediate,22 hours,4.6,22,335,"Rp149,000",7/2023,0,0,1,https://www.udemy.com/course/aaa-game-props-making-for-beginners-radio-headphone/
Male Character Creation - Complete Game Pipeline,3166872,Victory3D LLC,"Game Design, Design",3D Modeling,Intermediate,31.5 hours,4.4,136,965,"Rp149,000",5/2020,0,0,5,https://www.udemy.com/course/male-character-creation/
Ultimate 3D Printing Course (FDM & Resin),2723354,Steven Mosbrucker,"3D Printing, Design Tools, Design",3D Modeling,All Levels,22 hours,4.4,194,1393,"Rp149,000",6/2025,0,0,1,https://www.udemy.com/course/intro-to-3d-printing/
Design for 3D Printing Using Blender,4293762,Steven Wolfe,"3D Modeling, 3D Printing, Design Tools, Design",3D Modeling,All Levels,1.5 hours,4.4,50,251,"Rp149,000",9/2021,0,0,4,https://www.udemy.com/course/design-for-3d-printing-using-blender/
Blender 3D Animation: Make Stunning Shorts & Cinematic Reels,6841089,My 3D Class,"Blender, Character Animation, 3D Animation, Animation, 3D & Animation",3D Modeling,All Levels,5 hours,5.0,6,37,"Rp149,000",2/2026,0,0,7,https://www.udemy.com/course/blender-animation-make-stunning-shorts-cinematic-reels/
learn autodesk maya last edition from scratch,6386461,Mostafa Sayed,"Product Design, 3D & Animation, Design",3D Modeling,Beginner,8.5 hours,5.0,13,27,"Rp149,000",3/2026,0,0,0,https://www.udemy.com/course/learn-autodesk-maya-last-edition-from-scratch/
Blender Foundations - Fundamental Blender Knowledge,6505475,Michael Bridges,"Blender, 3D & Animation, Design",3D Modeling,Beginner,10 hours,5.0,2,31,"Rp149,000",4/2025,0,0,35,https://www.udemy.com/course/blender-foundations/
3ds Max: Architectural Modeling Masterclass - From Zero,6559907,Hamidreza Hosseini,"3D Modeling, Autodesk 3ds Max, Architectural Design, Design",3D Modeling,All Levels,10.5 hours,4.3,46,185,"Rp149,000",10/2025,3,0,8,https://www.udemy.com/course/3dmodeling-in-3dsmax-from-zero/
Sketchup Pro the complete course,1647536,Nicolas Forgue,"SketchUp, 3D Animation, Architectural Design, Design",3D Modeling,All Levels,8.5 hours,3.8,22,176,"Rp149,000",9/2023,0,0,0,https://www.udemy.com/course/learn-sketchup-3d/
Blender Anatomy Course : Learn Male Human Anatomy,4895686,Nexttut Education Pvt.Ltd.,"Blender, 3D & Animation, Design",3D Modeling,Intermediate,34.5 hours,4.4,16,330,"Rp467,000.00",9/2022,1,0,1,https://www.udemy.com/course/anatomy-masterclass-in-blender-learn-male-human-anatomy/
Female anatomy for artists,3335594,NIkolay Naydenov,"Anatomy, 3D & Animation, Design",3D Modeling,Beginner,13 hours,4.7,1068,6674,"Rp159,000",7/2020,0,0,1,https://www.udemy.com/course/female-anatomy-for-artists/
Introduction to Rigging in Maya,4289376,Nexttut Education Pvt.Ltd.,"Autodesk Maya, 3D & Animation, Design",3D Modeling,Beginner,10.5 hours,4.6,666,4207,"Rp149,000",6/2023,0,0,0,https://www.udemy.com/course/introduction-to-rigging-in-maya-2022/
Blender 3D Character Animation Masterclass: Zero to Hero,6845835,My 3D Class,"3D Animation, Character Animation, 3D Rendering, Blender, 3D & Animation",3D Modeling,All Levels,8.5 hours,4.6,12,90,"Rp149,000",2/2026,0,0,15,https://www.udemy.com/course/blender-3d-character-animation-masterclass-zero-to-hero/
"Procedurally generated scenes with Blender, Python & NumPy",4952698,Oscar Villarreal,"Blender, Game Design, NumPy, Python, 3D & Animation",3D Modeling,Intermediate,2 hours,4.2,8,79,"Rp149,000",11/2022,0,0,17,https://www.udemy.com/course/procedurally-generated-scenes-with-blender-python-numpy/
Blender to Unreal Engine 5 | 3D Props | Medieval Market,4398220,3D Tudor,"3D Modeling, Blender, Unreal Engine, 3D & Animation, Design",3D Modeling,Beginner,6.5 hours,4.7,32,668,"Rp149,000",8/2024,0,0,2,https://www.udemy.com/course/blender-to-unreal-engine-5-3d-props/
Mechanical Creature Modelling in Maya,5120646,Nexttut Education Pvt.Ltd.,"3D Modeling, 3D & Animation, Design",3D Modeling,Intermediate,20 hours,4.8,40,251,"Rp149,000",11/2025,0,0,0,https://www.udemy.com/course/mechanical-creature-making-for-production/
Develop a working AI for your Games in Unity ® & Blender!,2552907,"Mammoth Interactive, John Bura","Unity, Machine Learning, 3D Modeling, Blender, Game Development",3D Modeling,All Levels,101 hours,4.3,3,80,"Rp149,000",9/2019,56,0,50,https://www.udemy.com/course/develop-a-working-ai-for-your-games-in-unity-blender/
Making a Fantasy Axe in Blender,4636590,Nexttut Education Pvt.Ltd.,"Blender, 3D & Animation, Design",3D Modeling,Intermediate,8 hours,4.1,17,150,"Rp149,000",4/2022,0,0,1,https://www.udemy.com/course/making-a-fantasy-axe-in-blender/
Master Character Modelling in Zbrush,3226635,Nexttut Education Pvt.Ltd.,"Character Modeling, 3D & Animation, Design",3D Modeling,Intermediate,79 hours,4.5,192,2048,"Rp149,000",6/2023,1,0,0,https://www.udemy.com/course/master-character-modeling-with-victor-yamakado/
"Zbrush, Blender, Substance Painter 3D game character course",4011234,NIkolay Naydenov,"Character Modeling, Blender, zBrush, Substance Painter, 3D & Animation",3D Modeling,Beginner,20 hours,4.7,394,2338,"Rp149,000",5/2021,0,0,2,https://www.udemy.com/course/zbrush-blender-substance-painter-full-3d-character-course/
Blender 3D For Absolute Complete Beginners,4313764,Rich Graysonn,"Blender, 3D & Animation, Design",3D Modeling,Beginner,10 hours,4.4,57,1646,"Rp149,000",7/2024,0,0,3,https://www.udemy.com/course/blender-for-absolute-complete-beginner/
Blender Still Life: Complete Course for Realistic Rendering,6913037,Umberto Oldani,"3D Rendering, 3D Modeling, Blender, Photorealistic Rendering, 3D & Animation",3D Modeling,Intermediate,2.5 hours,4.7,N/A,10,"Rp149,000",11/2025,0,0,21,https://www.udemy.com/course/blender-still-life-complete-course-for-realistic-rendering/
Sculpt Characters for Collectibles using Zbrush,3477280,"Digital Art HQ School, Alex Zaragoza","3D Modeling, Character Design, zBrush, Digital Character Sculpting, 3D & Animation",3D Modeling,Beginner,18.5 hours,4.4,83,1215,"Rp149,000",11/2020,0,0,3,https://www.udemy.com/course/sculpt-characters-for-collectibles-using-zbrush/
Master Hard Surface Modeling in Maya 2020,3435320,Digital Saucer Studios,"3D Modeling, 3D Rendering, 3D Rigging, 3D & Animation, Design",3D Modeling,All Levels,55 hours,4.3,75,9671,"Rp149,000",6/2025,0,0,19,https://www.udemy.com/course/master-hard-surface-modeling-in-maya-2020/
Complete Blender 3D Texturing and Animation Megacourse,6283247,Skillademia Academy,"Blender, 3D Texturing, 3D Animation, 3D Modeling, 3D & Animation",3D Modeling,Intermediate,8 hours,3.8,7,3350,"Rp279,000",3/2026,0,0,4,https://www.udemy.com/course/complete-blender-3d-texturing-and-animation-megacourse/
Material Maker the complete course material creation,6383821,Nicolas Forgue,"3D Rendering, 3D Texturing, 3D Modeling, 3D & Animation, Design",3D Modeling,All Levels,10 hours,3.4,4,25,"Rp149,000",2/2025,0,0,0,https://www.udemy.com/course/material-maker-the-complete-course-material-creation/
3ds Max for Beginners,4641898,Nexttut Education Pvt.Ltd.,"Autodesk 3ds Max, 3D & Animation, Design",3D Modeling,Beginner,17.5 hours,4.1,56,391,"Rp149,000",6/2023,0,0,0,https://www.udemy.com/course/3ds-max-2023-for-beginners/
Blender 3D Animation: Beginner to Pro,764088,Thomas McDonald,"3D Animation, Animation, Blender, 3D & Animation, Design",3D Modeling,Beginner,4 hours,4.5,67,1717,"Rp149,000",5/2025,1,0,4,https://www.udemy.com/course/3d-animation-with-blender/
Model-viewer: Web 3D made easy,4527678,Nicholas Lever,"Augmented Reality (AR), WebGL, 3D & Animation, Design",3D Modeling,Beginner,2 hours,4.7,92,648,"Rp159,000",5/2025,1,0,1,https://www.udemy.com/course/model-viewer/
Realistic Character Modeling For Game In Maya and Zbrush,1533210,Nalini Kanta Jena,"Character Modeling, zBrush, Autodesk Maya, 3D & Animation, Design",3D Modeling,Beginner,21.5 hours,4.4,1632,10457,"Rp149,000",5/2020,4,0,113,https://www.udemy.com/course/realistic-character-modeling-for-game-in-maya-and-zbrush/
Blender 3D: Product Visualization Animations,5814196,Nafay Sheikh,"Blender, 3D & Animation, Design",3D Modeling,All Levels,3.5 hours,4.4,81,571,"Rp159,000",2/2024,0,0,0,https://www.udemy.com/course/blender-3d-product-visualization-animations/
Design for 3D Printing with Blender - 2023,4166920,Steven Wolfe,"3D Printing, 3D & Animation, Design",3D Modeling,Beginner,2 hours,4.4,173,1073,"Rp149,000",1/2023,0,0,0,https://www.udemy.com/course/design-for-3d-printing-blender/
Mechanical Part Modeling & Technical Drawing in FreeCAD,6614081,Amar Patel,"FreeCAD, 3D & Animation, Design",3D Modeling,Intermediate,37.5 hours,4.5,2,42,"Rp149,000",3/2026,0,0,82,https://www.udemy.com/course/mastering-advanced-modeling-detailing-in-freecad/
Beginner's Guide to Creature Creation for Games,3320706,Nexttut Education Pvt.Ltd.,"Game Development Fundamentals, 3D & Animation, Design",3D Modeling,Beginner,32 hours,4.7,103,928,"Rp159,000",8/2020,0,0,0,https://www.udemy.com/course/beginners-guide-to-creature-creation-for-games/
3D Print MasterCourse,5669360,David Augustine,"3D Printing, 3D Modeling, Entrepreneurship, Business",3D Modeling,All Levels,3 hours,4.6,4,18,"Rp149,000",2/2024,0,0,5,https://www.udemy.com/course/3d-print-mastercourse/
Design and Introduction to Applications in 3D Printing,4396060,Juan Carlos Munguia Castañeda,"3D Printing, 3D & Animation, Design",3D Modeling,Beginner,4.5 hours,4.9,6,45,"Rp149,000",11/2021,0,0,9,https://www.udemy.com/course/design-and-introduction-to-applications-in-3d-printing/
Learn UV Mapping with Blender for Game Development,1023388,3dmotive LLC,"UV Mapping, 3D Texturing, Blender, 3D & Animation, Design",3D Modeling,Beginner,2.5 hours,4.5,81,530,"Rp149,000",4/2017,2,0,2,https://www.udemy.com/course/3dmotive-learn-uv-mapping-with-blender/
Maya Environment Creation for Film,2820153,Nexttut Education Pvt.Ltd.,"Environment Lighting, 3D Environment Modeling, 3D & Animation, Design",3D Modeling,Intermediate,23.5 hours,4.7,191,2014,"Rp149,000",9/2021,0,0,0,https://www.udemy.com/course/environment-creation-for-film/
Game Character Sculpting For Beginners with Zbrush & Maya,1333204,Nalini Kanta Jena,"Digital Character Sculpting, zBrush, Marvelous Designer, Game Development, Development",3D Modeling,Beginner,12.5 hours,4.5,186,1454,"Rp149,000",4/2020,2,0,9,https://www.udemy.com/course/game-character-sculpting-for-beginners/
Blender Unleashed: Mastering Subdivision Surface Modeling,570204,Brandon Hix,"Blender, 3D Modeling, 3D & Animation, Design",3D Modeling,Intermediate,5.5 hours,4.5,104,963,"Rp149,000",6/2018,2,0,1,https://www.udemy.com/course/blender-unleashed-mastering-subdivision-surface-modeling/
Master Solidworks 2019 - 3D CAD using real-world examples,2668814,Johno Ellison,"SOLIDWORKS, Design Tools, Design",3D Modeling,Beginner,12 hours,4.7,746,3544,"Rp149,000",5/2020,0,0,13,https://www.udemy.com/course/solidworks-2019/
Introduction to Animation in Maya,4227144,Nexttut Education Pvt.Ltd.,"3D Animation, 3D & Animation, Design",3D Modeling,Beginner,10 hours,4.7,293,2302,"Rp149,000",6/2023,0,0,0,https://www.udemy.com/course/introduction-to-animation-in-maya-2022/
Complete Guide to Marmoset Toolbag 4,4353432,Nexttut Education Pvt.Ltd.,"Marmoset Toolbag, 3D & Animation, Design",3D Modeling,Beginner,6 hours,4.7,210,1195,"Rp149,000",10/2021,1,0,0,https://www.udemy.com/course/complete-guide-to-marmoset-toolbag-4/
Female Character Portrait Creation - Complete Film Pipeline,3006734,Victory3D LLC,"Character Design, 3D & Animation, Design",3D Modeling,Intermediate,54 hours,4.7,99,1103,"Rp149,000",6/2020,0,0,6,https://www.udemy.com/course/female-character-film-pipeline/
Maya Lighting Masterclass: Become Pro at Rendering,4792696,Nexttut Education Pvt.Ltd.,"Autodesk Maya, 3D Lighting, Autodesk Arnold, 3D & Animation, Design",3D Modeling,Intermediate,9 hours,4.7,217,1649,"Rp149,000",8/2022,1,0,0,https://www.udemy.com/course/cinematic-lighting-in-maya/
Mythological Female Character - Complete Game Pipeline,2452916,Victory3D LLC,"Game Design, Design",3D Modeling,Intermediate,24.5 hours,4.4,274,1864,"Rp149,000",11/2019,0,0,8,https://www.udemy.com/course/mythological-female-character/
Master Solidworks 2018 - 3D CAD using real-world examples,2008010,Johno Ellison,"SOLIDWORKS, CAD Software, 3D Sketching, Design Tools, Design",3D Modeling,All Levels,11.5 hours,4.7,1657,6254,"Rp537,000.00",6/2020,0,0,13,https://www.udemy.com/course/solidworks-2018/
The Blender Bitesize Course - A complete guide,644692,Joe Baily,"Blender, 3D Modeling, Animation, Game Design, Design",3D Modeling,All Levels,17.5 hours,4.4,27,188,"Rp149,000",7/2018,1,0,0,https://www.udemy.com/course/the-blender-bitesize-course-a-complete-guide/
Mastering ZBrush: Comprehensive 3D Digital Sculpting Course,6027750,EDUCBA Bridging the Gap,"zBrush, Design Tools, Design",3D Modeling,All Levels,17 hours,5.0,10,1064,"Rp149,000",6/2024,0,0,0,https://www.udemy.com/course/mastering-zbrush-comprehensive-3d-digital-sculpting-course/
"Modern Exterior Arch Viz with 3ds Max, V-Ray & Vantage",6204825,Mahmoud Abdellatif,"Photorealistic Rendering, Architectural Design, Design",3D Modeling,Beginner,6 hours,4.9,14,237,"Rp149,000",12/2024,0,0,35,https://www.udemy.com/course/modern-exterior-arch-viz-with-3ds-max-v-ray-vantage/
Complete Character Creation in Maya for Beginners,2960736,"Nalini Kanta Jena, Nexttut Education Pvt.Ltd.","Autodesk Maya, 3D & Animation, Design",3D Modeling,Beginner,28 hours,4.5,337,1828,"Rp149,000",4/2020,1,0,0,https://www.udemy.com/course/complete-character-creation-in-maya-for-beginners/
Blender 4.x Beginners Course,5726178,iVito .,"Blender, 3D & Animation, Design",3D Modeling,Beginner,6 hours,4.6,47,304,"Rp149,000",2/2025,1,0,0,https://www.udemy.com/course/blender-beginners-course/
The ULTIMATE Guide to Jewellery CAD Design with Rhino 3D,4945398,Aaron Clark,"Jewelry Design, Other Design, Design",3D Modeling,All Levels,28 hours,4.8,123,310,"Rp749,000",9/2025,1,0,23,https://www.udemy.com/course/the-ultimate-guide-to-jewellery-cad-design-with-rhino-3d/
Substance Painter Beginner's Guide to Game Texturing,4989844,3D Tudor,"3D Texturing, Game Art, Game Texturing, Substance Painter, Game Design",3D Modeling,Beginner,10.5 hours,4.3,29,2314,"Rp149,000",4/2025,0,0,1,https://www.udemy.com/course/substance-painter-beginners-guide-to-game-texturing/
Comprehensive Guide & Walkthrough of 3D Printing,97336,Michael Golubev,"3D Printing, 3D Animation, 3D & Animation, Design",3D Modeling,All Levels,6 hours,3.5,46,6000,"Rp149,000",4/2016,0,0,19,https://www.udemy.com/course/start-a-3d-printing-business/
Unity 3D & Maya: Create & Submit Art to Unity Asset Store,412622,Alan Balodi,"Autodesk Maya, 3D Animation, Unity, 3D & Animation, Design",3D Modeling,All Levels,11.5 hours,4.5,117,1397,"Rp149,000",1/2018,0,0,9,https://www.udemy.com/course/unity-3d-and-maya-create-and-submit-art-to-unity-asset-store/
Learn Modular Environment Building for Games with Blender,895116,3dmotive LLC,"Blender, Unity, Game Asset Creation, Game Development, Development",3D Modeling,Intermediate,6.5 hours,4.3,90,750,"Rp149,000",9/2016,2,0,5,https://www.udemy.com/course/3dmotive-learn-modular-environment-building-for-games-with-blender/
Learn Character Rigging For Absolute Beginners in Maya 2025,4230452,Anass Cherkaoui,"3D Animation, 3D Rigging, 3D & Animation, Design",3D Modeling,All Levels,6.5 hours,4.7,52,390,"Rp149,000",3/2026,2,0,2,https://www.udemy.com/course/character-rigging-for-beginners-in-maya/
Blender for 3D Printing - Design a Pet Product (203),5124554,Jayson Wall,"3D Sculpting, Blender, 3D & Animation, Design",3D Modeling,Intermediate,3 hours,5.0,4,108,"Rp149,000",1/2024,1,0,3,https://www.udemy.com/course/blender-product-design-dog/
Blender for 3DS Max Users,5237338,The Avenew Academy Bootcamp,"Autodesk 3ds Max, Blender, 3D & Animation, Design",3D Modeling,All Levels,14 hours,4.1,36,166,"Rp149,000",4/2023,0,0,0,https://www.udemy.com/course/master-blender-for-3ds-max-users/
Substance Painter & Maya Course: Low Poly Character Making,4075436,Nexttut Education Pvt.Ltd.,"Character Modeling, Substance Painter, 3D & Animation, Design",3D Modeling,Beginner,13 hours,4.8,49,524,"Rp149,000",5/2021,0,0,0,https://www.udemy.com/course/substance-painter-maya-course-low-poly-character-making/
Blender 3D Complete Volume One,501290,3D BUZZ Programming and Digital Art training,"Blender, 3D Animation, 3D & Animation, Design",3D Modeling,Beginner,7 hours,4.3,264,2491,"Rp149,000",5/2015,0,0,1,https://www.udemy.com/course/blender-3d-complete-vol-one/
"Designing in 3D: A Beginner's Journey with SketchUp, VR, AR,",6423687,Tilanka Chandrasekera,"Interior Design, Design",3D Modeling,Beginner,1 hour,3.3,4,298,"Rp149,000",1/2025,0,0,0,https://www.udemy.com/course/designing-in-3d-a-beginners-journey-with-sketchup-vr-ar/
Zbrush Hard Surface Sculpting for Beginners,4418300,Nexttut Education Pvt.Ltd.,"zBrush, 3D & Animation, Design",3D Modeling,Beginner,9.5 hours,4.6,244,2203,"Rp149,000",6/2023,1,0,0,https://www.udemy.com/course/zbrush-2022-hard-surface-sculpting-for-beginners/
Blender 2.8 for beginners - Sword creation,2200744,Julien Deville,"Game Asset Creation, 3D & Animation, Design",3D Modeling,Beginner,8 hours,4.7,73,375,"Rp149,000",2/2019,0,0,27,https://www.udemy.com/course/blender-28-for-beginners-sword-creation/
3D Medical Animation in Autodesk Maya,1550686,Lucas Ridley,"3D Animation, Animation, Autodesk, 3D & Animation, Design",3D Modeling,All Levels,9.5 hours,4.5,127,996,"Rp149,000",8/2021,0,0,6,https://www.udemy.com/course/3d-medical-animation-in-autodesk-maya/
3D Interior Design with Blender: From Model to Render,6889337,Umberto Oldani,"3D Rendering, Blender, 3D Modeling, Architectural Design, 3D & Animation",3D Modeling,Intermediate,3.5 hours,4.8,N/A,13,"Rp149,000",10/2025,0,0,43,https://www.udemy.com/course/3d-interior-design-with-blender/
Stylized Female Character Creation - Complete Game Pipeline,2391240,Victory3D LLC,"3D Game Development, Game Design, Design",3D Modeling,Beginner,29 hours,3.9,19,257,"Rp149,000",6/2019,0,0,5,https://www.udemy.com/course/stylized-samurai-character/
Character Creation for Games Vol. 2: Production Workflow,2150424,Victory3D LLC,"Game Design, Design",3D Modeling,Beginner,18 hours,4.8,45,507,"Rp149,000",2/2020,0,0,9,https://www.udemy.com/course/character-creation-for-games-vol2/
Creating a 3D printed miniature using zBrush - for beginners,4362138,Jamie Korte,"zBrush, 3D Printing, 3D & Animation, Design",3D Modeling,Beginner,5.5 hours,4.8,75,237,"Rp149,000",7/2023,0,0,6,https://www.udemy.com/course/creating-a-3d-printed-miniature-using-zbrush-for-beginners/
Hard Surface Fantasy Female Character Sculpting in Zbrush,2792558,Victory3D LLC,"Digital Character Sculpting, 3D Sculpting, 3D & Animation, Design",3D Modeling,Intermediate,22 hours,4.4,27,360,"Rp149,000",2/2020,0,0,5,https://www.udemy.com/course/hard-surface-female-character/
Learn Hand-Painted Texturing for Game Environments,330144,3dmotive LLC,"Game Texturing, Autodesk Maya, 3D Modeling, 3D Texturing, 3D & Animation",3D Modeling,Intermediate,5 hours,4.5,235,3155,"Rp149,000",9/2016,2,0,3,https://www.udemy.com/course/3dmotive-learn-hand-painted-texturing-for-game-environments/
HardSurface Modeling Foundation Tutorial,6057571,3DRedBox Studio,"3D Modeling, Design Tools, Design",3D Modeling,All Levels,3.5 hours,2.5,2,16,"Rp149,000",7/2024,0,0,0,https://www.udemy.com/course/hardsurface-modeling-foundation-tutorial/
Combining 3D and AI: Blender & Stable Diffusion Workflow,6302361,Anton Tenitsky,"Generative AI (GenAI), 3D & Animation, Design",3D Modeling,Beginner,1 hour,2.9,5,190,"Rp149,000",12/2024,0,0,3,https://www.udemy.com/course/combining-3d-and-ai-blender-stable-diffusion-workflow/
Character Modeling & Texturing For Game - Complete Pipeline,1656244,Nalini Kanta Jena,"Digital Character Sculpting, Game Design, Design",3D Modeling,Beginner,23.5 hours,4.7,717,4575,"Rp149,000",8/2018,1,0,8,https://www.udemy.com/course/stylized-character-modeling-sculpting-for-beginners/
Maya For FX Artists - Projects Based Course,2051941,Raffi Bedross,"Computational Fluid Dynamics (CFD), VFX Visual Effects, Autodesk Maya, 3D & Animation, Design",3D Modeling,All Levels,9 hours,4.4,641,4603,"Rp149,000",11/2024,14,0,17,https://www.udemy.com/course/complete-maya-fluids-bootcamp/
Blender for 3D Printing - Sculpting Brushes Explained (202),5114494,Jayson Wall,"3D Sculpting, Blender, 3D & Animation, Design",3D Modeling,Intermediate,4.5 hours,4.4,22,267,"Rp149,000",1/2024,1,0,3,https://www.udemy.com/course/blender-sculpting-brushes-202/
"Fusion 360, Solidworks & CATIA - CAD Mastery Workshop",4397792,Roy Academy,"SOLIDWORKS, CATIA, Autodesk Fusion, CAD Software, 3D & Animation",3D Modeling,Beginner,7.5 hours,4.5,23,115,"Rp149,000",3/2022,0,0,0,https://www.udemy.com/course/fusion-360-solidworks-catia-cad-mastery-workshop/
The Complete AutoCAD Course: 30 Days Drafting and Modeling,5589984,Augmintech Education Pvt Ltd,"AutoCAD, Architectural Design, Design",3D Modeling,All Levels,21 hours,4.3,23,1230,"Rp149,000",11/2023,0,0,56,https://www.udemy.com/course/the-complete-autocad-course-30-days-drafting-and-modeling/
Blender for 3D Printing - Intro to Flexible Design (102),3154232,Jayson Wall,"3D Printing, CAD Software, Product Design, Product Manufacturing, 3D & Animation",3D Modeling,Beginner,2 hours,4.5,49,343,"Rp149,000",1/2024,1,0,11,https://www.udemy.com/course/blender-28-for-3d-printing-intro-to-flexible-design/
Blender 3D: Product Animation Masterclass,6100489,Nafay Sheikh,"Blender, 3D & Animation, Design",3D Modeling,All Levels,2.5 hours,4.5,27,218,"Rp159,000",8/2024,0,0,0,https://www.udemy.com/course/blender-3d-product-animation-masterclass/
Female Barbarian Warrior Vol. 2 - Game Ready Workflow,2144494,Victory3D LLC,"Game Design, Design",3D Modeling,Intermediate,16.5 hours,4.7,21,295,"Rp149,000",2/2020,0,0,5,https://www.udemy.com/course/female-barbarian-vol-2/
Human Anatomy for Artists using Zbrush and Photoshop,1772880,Victory3D LLC,"Anatomy, Drawing, zBrush, 3D & Animation, Design",3D Modeling,All Levels,21 hours,4.7,670,5188,"Rp149,000",11/2019,0,0,12,https://www.udemy.com/course/human-anatomy-for-artists/
The Complete 2025 Guide to 3D Facial Rigging in Maya,4325752,Anass Cherkaoui,"3D Rigging, 3D Animation, Autodesk Maya, 3D & Animation, Design",3D Modeling,All Levels,9 hours,4.4,55,644,"Rp149,000",3/2026,2,0,2,https://www.udemy.com/course/facial-rigging-for-beginners-in-maya/
Blender for 3D Printing - Learn All Blender Tools (201),5106864,Jayson Wall,"Blender, 3D Printing, 3D & Animation, Design",3D Modeling,Intermediate,5 hours,4.5,70,581,"Rp149,000",1/2024,1,0,2,https://www.udemy.com/course/blender-tools-201/
Realistic Fantasy Game Environment in Maya & Unreal Engine,3895628,Victory3D LLC,"Game Design, Design",3D Modeling,Intermediate,30 hours,4.6,137,1681,"Rp149,000",3/2021,0,0,4,https://www.udemy.com/course/fantasy-game-environment-in-maya/
Style3D: Skill-Up for Fashion Modeling & Visual Effect,5639896,Style3D Fashion,"3D Modeling, 3D & Animation, Design",3D Modeling,Intermediate,7.5 hours,4.4,57,559,"Rp149,000",4/2024,2,0,0,https://www.udemy.com/course/style3d-skill-up-course-for-fashion-modeling/
Prop Creation for Games: Medieval Well,6069157,Nexttut Education Pvt.Ltd.,"3D Modeling, 3D & Animation, Design",3D Modeling,Beginner,16.5 hours,4.5,7,88,"Rp149,000",7/2024,0,0,1,https://www.udemy.com/course/prop-creation-for-games-medieval-well/
Disney character creation in MAYA,5369572,Илья Хлынин,"Character Modeling, 3D & Animation, Design",3D Modeling,All Levels,9 hours,4.7,5,30,"Rp149,000",6/2023,0,0,1,https://www.udemy.com/course/disney-character-creation-in-maya/
Master Autodesk Maya - Course for Beginners,5583798,Dr. Zeeshan Bhatti,"Autodesk Maya, Autodesk, 3D Animation, 3D Modeling, IT Certifications",3D Modeling,Beginner,8 hours,5.0,2,328,"Rp149,000",9/2025,0,0,3,https://www.udemy.com/course/master-maya-ui-in-1-hour/
3D Designing and Printing,6167911,Ed-En.Pro [Education Enhanced Program],"3D Printing, Other Design, Design",3D Modeling,Beginner,2 hours,5.0,1,6,"Rp149,000",9/2024,0,0,1,https://www.udemy.com/course/3d-designing-and-printing/
Character Creation for Game: Complete Pipeline,2427192,Nexttut Education Pvt.Ltd.,"Game Texturing, 3D & Animation, Design",3D Modeling,Intermediate,15.5 hours,4.0,47,642,"Rp149,000",6/2023,2,0,0,https://www.udemy.com/course/character-texturing-for-game/
3D Character Creation: Retopologizing For Animation - Zbrush,265804,Victory3D LLC,"zBrush, Animation, 3D Animation, Game Design, Design",3D Modeling,All Levels,3 hours,4.4,185,1637,"Rp149,000",4/2018,1,0,3,https://www.udemy.com/course/retopologizing/
"Adobe Dimension 3D - Models, Mockups, Architectural design",5824998,Dipti Borse,"Adobe Dimension, Other IT & Software, IT & Software",3D Modeling,All Levels,2 hours,4.8,10,362,"Rp149,000",2/2024,0,0,0,https://www.udemy.com/course/adobe-dimension-3d-models-mockups-architectural-design/
Realistic Dagger Game Asset Creation in Blender,2796550,Victory3D LLC,"3D Sculpting, 3D & Animation, Design",3D Modeling,Intermediate,10 hours,4.1,17,183,"Rp149,000",2/2020,0,0,2,https://www.udemy.com/course/dagger-game-asset-creation-in-blender/
Blender - EXPERT in 3D Character Rigging and Animation,6628343,Alfonso Alcaide,"Blender, 3D & Animation, Design",3D Modeling,Beginner,5 hours,4.7,14,1072,"Rp149,000",6/2025,4,0,5,https://www.udemy.com/course/blender-expert-in-3d-character-rigging-and-animation/
Cyber Reptile Game Character Creation Volume 2,2247850,Victory3D LLC,"Game Design, Design",3D Modeling,Intermediate,14.5 hours,4.8,19,274,"Rp149,000",1/2020,0,0,3,https://www.udemy.com/course/cyber-reptile-volume2/
Hard Surface Character Sculpting in ZBrush,2697238,Nexttut Education Pvt.Ltd.,"zBrush, 3D & Animation, Design",3D Modeling,Intermediate,7.5 hours,4.5,180,1601,"Rp149,000",12/2019,1,0,0,https://www.udemy.com/course/hard-surface-character-sculpting-in-zbrush/
Photo Realistic 3D Rendering and Video Animations in KeyShot,4397546,Basheer Ahamed Mohamed Nishad,"3D Animation, 3D Rendering, 3D & Animation, Design",3D Modeling,All Levels,2.5 hours,4.4,70,384,"Rp149,000",3/2024,0,0,3,https://www.udemy.com/course/3d-rendering-with-keyshot-from-beginners-to-advanced-course/
VFX Shot Creation from Scratch with Maya and After Effects,965328,Vicki Lau,"VFX Visual Effects, 3D Modeling, 3D & Animation, Design",3D Modeling,All Levels,4 hours,4.5,36,359,"Rp149,000",2/2022,1,0,2,https://www.udemy.com/course/incident-of-record-a-visual-effects-story-from-scratch/
Blender for 3D Printing - Sculpting & Product Design (104),3158440,Jayson Wall,"3D Printing, 3D Sculpting, Blender, Product Design, Design Tools",3D Modeling,Beginner,2.5 hours,4.6,16,230,"Rp149,000",1/2024,1,0,2,https://www.udemy.com/course/blender-28-for-3d-printing-pro-design-sculpting-eevee/
Surface Modelling with Rhino 3D V6 ( or V5 ) Level 1 & 2,2076562,Alexandre Galin,"Hard Surface Modeling, Prototyping, 3D Modeling, Rhino 3D, Design Tools",3D Modeling,Intermediate,9.5 hours,4.6,245,1357,"Rp149,000",1/2021,1,0,6,https://www.udemy.com/course/surface-modelling-with-rhino-3d-v6-or-v5-level-1-2/
Hard Surface Creature Creation in Zbrush | Intermediate User,3104048,Nexttut Education Pvt.Ltd.,"zBrush, 3D & Animation, Design",3D Modeling,Intermediate,10 hours,4.2,38,552,"Rp149,000",5/2020,0,0,0,https://www.udemy.com/course/hard-surface-creature-creation-in-zbrush-intermediate-user/
Realistic Animal Creation for Film in Maya & Zbrush,4784126,Nexttut Education Pvt.Ltd.,"zBrush, 3D & Animation, Design",3D Modeling,Beginner,20 hours,3.7,13,299,"Rp149,000",9/2022,1,0,5,https://www.udemy.com/course/animal-creation-for-film-tiger/
Character Creation for Games Vol. 1: Sculpting in Zbrush,1675118,Victory3D LLC,"zBrush, Game Design, Design",3D Modeling,All Levels,11.5 hours,4.6,224,1450,"Rp149,000",9/2019,0,0,11,https://www.udemy.com/course/realistic-character/
Your first day in SpeedTree,2516740,VFX 3D Pro,"3D Modeling, 3D & Animation, Design",3D Modeling,Beginner,4.5 hours,4.4,48,265,"Rp149,000",8/2019,0,0,0,https://www.udemy.com/course/your-first-day-in-speedtree/
"3ds Max + AE: Learn VFX, Camera Tracking and Compositing",1095384,Adam Zollinger (Learn Archviz),"Autodesk 3ds Max, 3D Animation, Digital Compositing, 3D & Animation, Design",3D Modeling,Intermediate,2 hours,4.6,245,1887,"Rp149,000",11/2021,1,0,0,https://www.udemy.com/course/drones-arch-viz-compositing-3d-with-live-footage/
Autodesk Fusion CAD & CAM & SolidWorks CAD Basics (Crash),6533421,Mohamed Gamal,"Autodesk Fusion, SOLIDWORKS, Design Tools, Design",3D Modeling,Beginner,5.5 hours,4.6,7,146,"Rp149,000",4/2025,0,0,3,https://www.udemy.com/course/autodesk-fusion-solidworks-cad-basics-cad-crash-courses/
Substance 3D Designer for Beginners,4582462,Nexttut Education Pvt.Ltd.,"Substance 3D Designer, 3D & Animation, Design",3D Modeling,Beginner,15 hours,4.1,139,1826,"Rp149,000",4/2022,0,0,0,https://www.udemy.com/course/substance-3d-designer-for-beginners/
Autodesk Maya 2013,97346,VTC Software Training,"Autodesk Maya, Design Tools, Design",3D Modeling,All Levels,7.5 hours,4.5,5,17,"Rp349,000",9/2013,0,0,1,https://www.udemy.com/course/autodesk-maya-2013-vtc/
Basics of 3D printing,6066205,Isaac Porter,"3D Printing, Design Tools, Design",3D Modeling,Beginner,1 hour,4.2,9,23,"Rp149,000",7/2024,0,0,0,https://www.udemy.com/course/basics-of-3d-printing-for-kids/
Modeling Fundamentals in Maya 2020,3430516,Digital Saucer Studios,"3D Lighting, 3D Modeling, 3D Rendering, 3D & Animation, Design",3D Modeling,Beginner,14.5 hours,4.5,21,9659,"Rp149,000",9/2020,0,0,5,https://www.udemy.com/course/modeling-fundamentals-in-maya-2020/
From Maya to Blender | Blender Basics for Maya user,3567313,Digital Art HQ School,"Blender, Autodesk Maya, 3D & Animation, Design",3D Modeling,Beginner,4 hours,4.1,46,9394,"Rp149,000",11/2020,0,0,0,https://www.udemy.com/course/learning-blender-for-maya-artists-making-the-jump/
Revit 2026: Interior Design + Modeling + Rendering From Zero,6957443,Amir Karami • BIM,"Interior Design, Revit, Architectural Design, Design",3D Modeling,All Levels,1.5 hours,4.4,18,1036,"Rp149,000",2/2026,4,0,6,https://www.udemy.com/course/revit-2026-interior-design-modeling-rendering-from-zero/
BlendMasters Vol. 1: Model a Concept Car for Film in Blender,369262,Brandon Hix,"Blender, 3D Modeling, VFX Visual Effects, 3D & Animation, Design",3D Modeling,Expert,9 hours,3.9,292,2770,"Rp149,000",6/2018,1,0,1,https://www.udemy.com/course/blendmasters-vol-1-model-a-concept-car-for-film-in-blender/
A Beginner's Guide to Low Poly Models in Blender!,1317444,"Mammoth Interactive, John Bura","3D Modeling, Blender, 3D & Animation, Design",3D Modeling,Beginner,3 hours,4.4,13,84,"Rp149,000",3/2018,3,0,1,https://www.udemy.com/course/blenderbuildings/
Hyper Realistic Character Likeness Portrait for Films,2419158,Victory3D LLC,"VFX Visual Effects, 3D & Animation, Design",3D Modeling,Intermediate,29 hours,4.5,193,1601,"Rp149,000",12/2019,0,0,4,https://www.udemy.com/course/character-likeness-portrait-for-films/
Creating a Gundam Character in Maya 2022,6052743,Digital Saucer Studios,"3D Modeling, 3D & Animation, Design",3D Modeling,Intermediate,36.5 hours,4.0,4,1049,"Rp149,000",7/2024,0,0,22,https://www.udemy.com/course/creating-a-gundam-character-in-maya-2022/
Create 3D Property Tours w/ 360 Cameras + Matterport VR Tech,3768250,Forge Productions,"Real Estate Photography, 360 Video, Other Photography & Video, Photography & Video",3D Modeling,Beginner,1 hour,4.3,91,391,"Rp149,000",6/2024,0,0,0,https://www.udemy.com/course/3d-virtual-property-home-tours-360-cameras-matterport-vr-technology/
Creating A 3D Stylized Character Quickly And Easily For Film,5851418,Danan Thilakanathan,"Character Design, Character Modeling, Blender, 3D & Animation, Design",3D Modeling,Beginner,2 hours,4.1,21,1058,"Rp149,000",3/2024,0,0,0,https://www.udemy.com/course/creating-a-3d-stylized-character-quickly-and-easily/
3D Art Basics and Concepts for Absolute Complete Beginners,4789700,Rich Graysonn,"3D Modeling, 3D Sculpting, 3D & Animation, Design",3D Modeling,Beginner,6.5 hours,4.2,7,103,"Rp149,000",7/2022,1,0,0,https://www.udemy.com/course/3d-art-basics-and-concepts-for-absolute-complete-beginners/
"Modeling Buzz Lightyear from ""Toy Story"" with Blender !",4736574,Render Craft,"Blender, 3D Modeling, Character Modeling, 3D & Animation, Design",3D Modeling,Intermediate,4.5 hours,3.9,5,36,"Rp149,000",6/2022,1,0,6,https://www.udemy.com/course/modeling-buzz-lightyear-from-toy-story-with-blender/
Learning Autodesk® Maya® 2013,64980,John Wiley & Sons,"Autodesk Maya, Design Tools, Design",3D Modeling,All Levels,8.5 hours,4.3,27,315,"Rp149,000",12/2013,0,0,1,https://www.udemy.com/course/learning-autodesk-maya-2013/
Learn SolidWorks Mechanical Beginner to Advanced Guide,4126728,Ujjwal Tutorial Keep You Ahead,"SOLIDWORKS, Design Tools, Design",3D Modeling,All Levels,18 hours,4.0,59,335,"Rp149,000",8/2021,0,0,0,https://www.udemy.com/course/learn-solidworks-beginner-to-advanced-course/
Creo elements direct modeling express the complete course,4959232,Nicolas Forgue,"Creo, 3D Modeling, 3D Sketching, CAD Software, Design Tools",3D Modeling,All Levels,11 hours,4.3,39,118,"Rp149,000",12/2022,0,0,0,https://www.udemy.com/course/creo-elements-direct-modeling-express-the-complete-course/
Maya 2022 Beginners Course,2177210,iVito .,"Autodesk Maya, 3D & Animation, Design",3D Modeling,All Levels,5 hours,4.5,55,241,"Rp149,000",2/2025,1,0,2,https://www.udemy.com/course/maya-beginners-course/
Complete Guide to Texturing in Mari,4750872,Nexttut Education Pvt.Ltd.,"3D Texturing, 3D & Animation, Design",3D Modeling,Beginner,11.5 hours,4.4,18,196,"Rp149,000",7/2022,1,0,0,https://www.udemy.com/course/complete-guide-to-mari/
Master Solidworks 2015 - 3D CAD using real-world examples,1406484,Johno Ellison,"SOLIDWORKS, 3D Animation, CAD Software, Design Tools, Design",3D Modeling,All Levels,11.5 hours,4.5,396,1792,"Rp149,000",11/2018,0,0,13,https://www.udemy.com/course/master-solidworks/
Super Hero Anatomy Course for Artists -The Hulk,3557681,Nexttut Education Pvt.Ltd.,"Digital Character Sculpting, zBrush, 3D & Animation, Design",3D Modeling,Intermediate,26.5 hours,4.7,36,420,"Rp149,000",11/2020,0,0,0,https://www.udemy.com/course/male-super-hero-anatomy-course-for-artists-the-hulk/
Sketchup - Learn How To Create 3D Models,3056380,Ahmad Joseph (Cad Maker),"3D Modeling, CAD Software, SketchUp, Architectural Design, Design",3D Modeling,All Levels,40 mins,4.2,26,548,"Rp149,000",5/2025,0,0,0,https://www.udemy.com/course/sketchup-basic-architecture-interior-design/
Hard Surface Character Creation in Zbrush,2117824,Victory3D LLC,"Game Design, Design",3D Modeling,Intermediate,13 hours,4.5,89,979,"Rp149,000",2/2019,0,0,5,https://www.udemy.com/course/hard-surface-character-creation/
Masterclass With Maya : 3D Modeling Isometric Bedroom,4427006,You Tith,"Autodesk Maya, 3D Modeling, Interior Design, 3D & Animation, Design",3D Modeling,Intermediate,2 hours,4.7,N/A,2,"Rp149,000",1/2024,0,0,0,https://www.udemy.com/course/maya-tutorial-3d-modeling-isometric-bedroom/
Realistic Female Character Sculpting for Artists,3073578,"Nalini Kanta Jena, Nexttut Education Pvt.Ltd.","Digital Character Sculpting, 3D & Animation, Design",3D Modeling,Intermediate,75 hours,4.7,65,698,"Rp149,000",8/2020,0,0,0,https://www.udemy.com/course/realistic-female-character-sculpting-for-artist/
Revit Template Masterclass- For Revit Users and BIM Modelers,5714152,Ghasem Ariyani • BIM Manager,"Revit, Building Information Modeling (BIM), Architectural Design, Design",3D Modeling,All Levels,13.5 hours,4.6,119,3568,"Rp149,000",10/2025,2,0,1,https://www.udemy.com/course/revit-template-masterclass-for-revit-users-and-bim-modelers/
Model a Low Polygon Character in Autodesk Maya 2018,1477772,Eric Kunzendorf,"Autodesk, 3D & Animation, Design",3D Modeling,Intermediate,3 hours,4.6,73,276,"Rp149,000",12/2017,0,0,1,https://www.udemy.com/course/model-a-low-polygon-character-in-autodesk-maya-2018/
Autodesk Fusion 360: A Beginners Guide,6976589,Stephen Cunningham,"3D Modeling, 3D & Animation, Design",3D Modeling,Beginner,9.5 hours,4.4,N/A,7,"Rp149,000",1/2026,0,0,23,https://www.udemy.com/course/autodesk-fusion-360-a-beginners-guide/
Game Asset Creation With Houdini,1689546,Richard Banks,"Houdini Software, Game Art, 3D Modeling, Game Asset Creation, 3D & Animation",3D Modeling,Beginner,4.5 hours,4.7,372,1882,"Rp149,000",5/2018,0,0,0,https://www.udemy.com/course/game-asset-creation-with-houdini/
Blender 3D: Product Visualization Animation Masterclass,5412594,Nafay Sheikh,"Blender, 3D & Animation, Design",3D Modeling,All Levels,3 hours,4.7,17,222,"Rp149,000",6/2023,0,0,0,https://www.udemy.com/course/blender-3d-product-visualization-animation-masterclass/
Creating a robot in Maya and ZBrush,1527880,Rey3D .com,"Character Modeling, Autodesk Maya, 3D Sculpting, zBrush, 3D & Animation",3D Modeling,All Levels,13 hours,4.0,30,322,"Rp149,000",5/2021,0,0,0,https://www.udemy.com/course/creating-a-robot-in-maya-and-zbrush/
Blender Strategies for Modeling and Texturing,5068666,Darrin Lile,"Blender, 3D & Animation, Design",3D Modeling,Beginner,3 hours,4.5,52,305,"Rp149,000",1/2023,0,0,1,https://www.udemy.com/course/blender-strategies-for-modeling-and-texturing/
Learn to Unwrap and Texture a Stylized Character for Games,371876,3dmotive LLC,"Game Texturing, Autodesk Maya, 3D Modeling, 3D Texturing, 3D & Animation",3D Modeling,Intermediate,4 hours,4.5,19,673,"Rp149,000",9/2016,1,0,3,https://www.udemy.com/course/3dmotive-learn-to-unwrap-and-texture-a-stylized-character-for-games/
NEW Character Creator 3 Beginner to Pro 2022 Edition,4889718,Stephanie Michaels,"Character Design, 3D Modeling, 3D & Animation, Design",3D Modeling,All Levels,4 hours,4.4,43,207,"Rp149,000",5/2025,0,0,0,https://www.udemy.com/course/new-character-creator-3-beginner-to-pro-2022-edition/
The Complete Bipedal Rigging for Games in Maya Course,83440,3dmotive LLC,"3D Rigging, 3D Animation, Animation, Autodesk Maya, Design Tools",3D Modeling,All Levels,6 hours,4.6,256,1939,"Rp149,000",4/2017,2,0,4,https://www.udemy.com/course/3dmotive-the-complete-bipedal-rigging-in-maya-course/
"Texturing and Baking Game Assets in ZBrush, xNormal and nDo",86622,3dmotive LLC,"zBrush, 3D Modeling, 3D Texturing, 3D Sculpting, Game Design",3D Modeling,All Levels,1 hour,4.2,18,271,"Rp149,000",9/2016,1,0,1,https://www.udemy.com/course/3dmotive-texturing-and-baking-game-assets-in-zbrush-xnormal-and-ndo/
Sculpt a Complex Catacomb Environment Scene with ZBrush,2247134,3dmotive LLC,"3D Modeling, 3D Sculpting, zBrush, 3D & Animation, Design",3D Modeling,Intermediate,7 hours,4.6,8,147,"Rp149,000",3/2019,2,0,4,https://www.udemy.com/course/3dmotive-sculpt-a-catacomb-scene-with-zbrush/
Master Character Sculpting in ZBrush from Model to 3D Print,6585409,Brown Bear Animation,"3D Sculpting, 3D Rendering, 3D Modeling, 3D Printing, 3D & Animation",3D Modeling,Beginner,5.5 hours,4.6,N/A,7,"Rp149,000",4/2025,0,0,0,https://www.udemy.com/course/master-character-sculpting-in-zbrush-from-model-to-3d-print/
Learn to Sculpt an Underground Catacomb with ZBrush,570500,3dmotive LLC,"zBrush, 3D Modeling, 3D Sculpting, 3D & Animation, Design",3D Modeling,Intermediate,3 hours,4.5,6,104,"Rp149,000",8/2015,1,0,1,https://www.udemy.com/course/3dmotive-learn-to-sculpt-an-underground-catacomb-with-zbrush/
Substance Painter - Texturing multiple stylized assets,3703068,Luke PolyGoods 3D,"3D Texturing, Game Design, Design",3D Modeling,All Levels,3 hours,4.4,32,1478,"Rp149,000",4/2021,0,0,1,https://www.udemy.com/course/substance-painter-texturing-multiple-stylized-assets/
Catia V5 : Fundamental 3D Modeling Course for Engineers,2178034,Veer Tutorial,"CATIA, Design Tools, Design",3D Modeling,All Levels,10 hours,4.3,24,1412,"Rp149,000",5/2020,0,0,1,https://www.udemy.com/course/catia-fundamental-modeling-course-for-engineers/
Spaceship Concept Art with Affinity Photo and Blender,3959990,Daniel Kim,"Concept Art, Affinity Photo, Blender, Digital Painting, Graphic Design & Illustration",3D Modeling,Beginner,3.5 hours,4.2,20,131,"Rp149,000",4/2023,0,0,0,https://www.udemy.com/course/spaceship-concept-art-with-affinity-photo-and-blender-29/
"Interior Design Visualization: 3ds Max & Corona Essentials""",6406101,Zakiyeh Safdari,"Interior Design, 3D Rendering, 3D Modeling, Autodesk 3ds Max, Design",3D Modeling,All Levels,8.5 hours,4.2,19,92,"Rp149,000",8/2025,1,0,6,https://www.udemy.com/course/interior-design-visualization-3ds-max-corona-from-scratc/
Complete Game Asset Workflow: The Briefcase,83760,3dmotive LLC,"Game Asset Creation, 3D Modeling, 3D Texturing, Game Texturing, Game Design",3D Modeling,Intermediate,6.5 hours,4.3,20,346,"Rp149,000",9/2016,1,0,2,https://www.udemy.com/course/3dmotive-complete-game-asset-workflow-the-briefcase/
Game Character Retopology in Topogun & Maya for Beginners,1462484,Nalini Kanta Jena,"3D Modeling, Autodesk Maya, Game Design, Design",3D Modeling,Beginner,4.5 hours,4.5,29,455,"Rp149,000",4/2020,1,0,1,https://www.udemy.com/course/game-character-retopology-in-topogun-maya/
Learn to Rig a Complex Quadruped in Maya for Games and Film,881788,3dmotive LLC,"Autodesk Maya, 3D Animation, Animation, 3D Rigging, 3D & Animation",3D Modeling,Intermediate,6.5 hours,3.9,72,697,"Rp149,000",4/2017,2,0,4,https://www.udemy.com/course/3dmotive-learn-to-rig-a-complex-quadruped-in-maya/
Learn Creature Animation with Maya for Games and Film,208390,3dmotive LLC,"Autodesk Maya, Animation, Game Development Fundamentals, Creature Mechanics, 3D & Animation",3D Modeling,Intermediate,1 hour,4.2,30,330,"Rp149,000",4/2017,0,0,1,https://www.udemy.com/course/3dmotive-learn-creature-animation-with-maya/
3D Figurine Printing,6507609,Jon Holland,"3D Modeling, 3D & Animation, Design",3D Modeling,Beginner,6 hours,4.4,N/A,1,"Rp149,000",4/2025,0,0,14,https://www.udemy.com/course/3d-figurine-printing/
Learn to Sculpt Hair and Fur with ZBrush's Fibermesh,400790,3dmotive LLC,"zBrush, 3D Sculpting, 3D Modeling, 3D Texturing, 3D & Animation",3D Modeling,Expert,3.5 hours,4.7,17,290,"Rp149,000",9/2016,1,0,3,https://www.udemy.com/course/3dmotive-learn-to-sculpt-hair-and-fur-with-zbrushs-fibermesh/
Digital Sculpting for Interior Decor with ZBrush and 3ds Max,955212,3dmotive LLC,"3D Sculpting, Autodesk 3ds Max, zBrush, 3D & Animation, Design",3D Modeling,Intermediate,3.5 hours,4.1,13,145,"Rp149,000",9/2016,2,0,3,https://www.udemy.com/course/3dmotive-digital-sculpting-for-interior-decor-with-zbrush-and-3ds-max/
FreeCAD for Mechanical Engineers : Technical 2D Drawing,3266664,Mohamed Fathi,"FreeCAD, 3D Modeling, 3D & Animation, Design",3D Modeling,Beginner,4.5 hours,4.1,20,139,"Rp149,000",3/2023,0,0,12,https://www.udemy.com/course/freecad-sketcher/
Advanced AutoCAD 2018 : Technicalities with Tips,3662052,Asra Hafeez,"AutoCAD, 3D Modeling, Design Tools, Design",3D Modeling,All Levels,7.5 hours,4.2,153,11867,"Rp149,000",4/2021,0,0,21,https://www.udemy.com/course/autocad-2018-tips-and-technicalities/
Learn to Master UV Unwrapping in Maya,371880,3dmotive LLC,"Autodesk Maya, Game Texturing, UV Mapping, 3D & Animation, Design",3D Modeling,Beginner,1.5 hours,4.1,62,450,"Rp149,000",9/2016,1,0,1,https://www.udemy.com/course/3dmotive-learn-to-master-uv-unwrapping-in-maya/
Learn Technical Drawings in Rhino 3D using Layouts,4772196,Agata Kycia,"Technical Drawing, Architectural Design, Design",3D Modeling,All Levels,1.5 hours,2.7,4,25,"Rp149,000",2/2026,2,0,1,https://www.udemy.com/course/learn-technical-drawings-using-layouts-in-rhino-3d/
Modeling and Rendering a Robot in Maya 2020 Vol. 2,3581155,Digital Saucer Studios,"3D Modeling, 3D Lighting, 3D Rendering, Photoshop Retouching, 3D & Animation",3D Modeling,All Levels,31.5 hours,4.5,33,8161,"Rp149,000",11/2020,0,0,2,https://www.udemy.com/course/modeling-and-rendering-a-robot-in-maya-2020-vol-2/
The Complete Orc Bust Sculpting Course with ZBrush,83318,3dmotive LLC,"zBrush, 3D Sculpting, 3D Modeling, Digital Character Sculpting, Design Tools",3D Modeling,Intermediate,7 hours,4.3,13,352,"Rp149,000",9/2016,1,0,5,https://www.udemy.com/course/3dmotive-the-complete-orc-bust-sculpting-course-with-zbrush/
Sculpting CG Creatures in ZBrush: Tsathoggua,400782,3dmotive LLC,"Creature Design, 3D Sculpting, zBrush, 3D & Animation, Design",3D Modeling,Expert,5.5 hours,4.7,12,268,"Rp149,000",2/2015,0,0,4,https://www.udemy.com/course/3dmotive-sculpting-cg-creatures-in-zbrush-tsathoggua/
Learn Maya - A Beginners guide to Creating Realistic Scenes,732578,Bhaumik Patel,"Autodesk Maya, 3D Rendering, 3D Modeling, 3D Lighting, 3D & Animation",3D Modeling,Beginner,18.5 hours,4.6,1528,10240,"Rp149,000",2/2019,0,0,2,https://www.udemy.com/course/learn-maya-for-beginners/
The Complete Beginner's Guide to Maya for Games,82552,3dmotive LLC,"Autodesk Maya, 3D Modeling, Game Art, UV Mapping, Design Tools",3D Modeling,Beginner,8 hours,4.4,40,751,"Rp149,000",9/2016,1,0,5,https://www.udemy.com/course/3dmotive-the-complete-beginners-guide-to-maya-for-games/
How to model a base mesh in Maya,2867848,David Bittorf,"Character Modeling, 3D Modeling, Autodesk Maya, 3D & Animation, Design",3D Modeling,Beginner,1.5 hours,3.9,15,96,"Rp149,000",3/2020,0,0,12,https://www.udemy.com/course/mayacharacterstart/
Complete 35 Projects: Unity VR Games with C# & iPhone Apps,1572022,"Mammoth Interactive, John Bura","Unity, GUI Programming, Computer Science, User Interface Design, Game Development",3D Modeling,Beginner,108 hours,4.3,17,286,"Rp149,000",12/2018,33,0,20,https://www.udemy.com/course/unitygamesiphoneapps/
Hard Surface 3d Vehicle Detailing and Texturing for Games,260312,3dmotive LLC,"3D Texturing, Autodesk 3ds Max, 3D Modeling, Game Texturing, 3D & Animation",3D Modeling,Intermediate,10.5 hours,4.5,15,446,"Rp149,000",4/2017,1,0,5,https://www.udemy.com/course/3dmotive-hard-surface-vehicle-detailing-and-texturing/
Using Cycles Render Engine in Blender 3D,1382894,Packt Publishing,"Blender, 3D Animation, Web Development, Development",3D Modeling,Beginner,3 hours,4.3,22,199,"Rp149,000",10/2017,0,0,1,https://www.udemy.com/course/using-cycles-render-engine-in-blender-3d/
Game Asset Creation Modeling & Texturing a Futuristic Crate,1965076,Victory3D LLC,"Game Design, Design",3D Modeling,Intermediate,5 hours,4.2,10,167,"Rp149,000",12/2019,0,0,2,https://www.udemy.com/course/game-asset-futuristic-crate/
Sculpting CG Creatures in ZBrush: Cthulhu,390194,3dmotive LLC,"Creature Design, 3D Sculpting, zBrush, 3D & Animation, Design",3D Modeling,Expert,4.5 hours,4.6,78,806,"Rp149,000",9/2016,1,0,3,https://www.udemy.com/course/3dmotive-sculpting-cg-creatures-in-zbrush-cthulhu/
Photorealistic Bedroom in 3ds Max & Corona,6508853,Zakiyeh Safdari,"Interior Design, 3D Rendering, Photorealistic Rendering, Design",3D Modeling,All Levels,3 hours,3.2,4,9,"Rp149,000",11/2025,1,0,3,https://www.udemy.com/course/bedroom-design-rendering-with-3ds-max-corona-project/
"3D Master, from zero to hero Vol.4: Body Anatomy",1212754,Mauricio García Arias,"3D Animation, Google Workspace (G Suite), Anatomy, 3D & Animation, Design",3D Modeling,All Levels,4.5 hours,4.5,47,2695,"Rp149,000",11/2018,0,0,3,https://www.udemy.com/course/3d-character-creation-from-zero-to-hero-vol1-body-anatomy/
Learn to Sculpt a Stylized Character for Games with ZBrush,359660,3dmotive LLC,"zBrush, 3D Sculpting, 3D Modeling, Character Modeling, 3D & Animation",3D Modeling,Intermediate,4 hours,4.2,41,610,"Rp149,000",9/2016,1,0,3,https://www.udemy.com/course/3dmotive-learn-to-sculpt-a-stylized-character-for-games-with-zbrush/
Learn Character Animation for Games using Maya,147546,3dmotive LLC,"Autodesk Maya, Animation, 3D Animation, Character Animation, Game Design",3D Modeling,Intermediate,4.5 hours,4.3,74,1096,"Rp149,000",9/2016,1,0,1,https://www.udemy.com/course/3dmotive-learn-character-animation-for-games-using-maya/
CrazyTalk 8.1 3D Avatar Talking Head/Lip Sync Video Creation,1824802,"Brian Jackson, Writing a Book with ChatGPT AI, Creative Writing , Nonfiction, Amazon KDP Self-publishing. Moho 2D Animation, AI","3D Animation, 3D & Animation, Design",3D Modeling,Beginner,2 hours,4.2,21,3653,"Rp249,000",N/A,4,0,0,https://www.udemy.com/course/crazytalk-81-easy-3d-avatar-creation-and-lip-synching/
