course_title,course_id,lecturer_name,related_topics,subject,level,durations,ratings,num_ratings,student,price,last_update,articles,exercise,downloadable_resources,url
Angular - The Complete Guide,756150,Maximilian Schwarzmüller,"Angular, Web Development, Development",Angular,All Levels,55.5 hours,4.7,222914,856430,"Rp169,000",1/2026,61,0,143,https://www.udemy.com/course/the-complete-guide-to-angular-2/
Complete Angular Course 2025 - Master Angular in only 6 days,4844324,"Denis Panjuta, Jannick Leismann","Angular, Web Development, Development",Angular,All Levels,9.5 hours,4.5,8130,40444,"Rp149,000",10/2025,12,0,6,https://www.udemy.com/course/complete-angular-14-course-learn-frontend-development/
Complete Angular 21 - Ultimate Guide - with Real World App,1633166,Web Academy by Harsha Vardhan,"Angular, AngularJS, Typescript, Angular Material, Web Development",Angular,All Levels,53 hours,4.7,4269,24203,"Rp149,000",4/2026,25,0,173,https://www.udemy.com/course/complete-angular-indepth-easy/
Angular Deep Dive - Beginner to Advanced (Angular 21),1885262,Angular University,"Angular, Web Development, Development",Angular,All Levels,12 hours,4.5,12361,61652,"Rp149,000",4/2026,3,0,1,https://www.udemy.com/course/angular-course/
Build an app with ASPNET Core and Angular from scratch,1455016,Neil Cummings,"ASP.NET, Entity Framework, Angular, Web Development, Development",Angular,Beginner,32 hours,4.6,25454,119752,"Rp159,000",2/2026,1,0,2,https://www.udemy.com/course/build-an-app-with-aspnet-core-and-angular-from-scratch/
Angular 19 - Beginner to Expert + Interview Q&A + E-commerce,5835266,"Init Tech Labs Dhairya Joshi, Nirmal Joshi","Angular, IT Certifications, IT & Software",Angular,All Levels,24.5 hours,4.6,830,5502,"Rp149,000",7/2025,0,0,243,https://www.udemy.com/course/mastering-angular-new-interview-questions/
Modern Angular 21 with Signals - The missing guide,6121563,Kobi Hari,"Angular, Web Development, Development",Angular,All Levels,12 hours,4.8,769,4331,"Rp149,000",3/2026,11,0,8,https://www.udemy.com/course/modern-angular-with-signals-the-missing-guide/
ANGULAR 20 and ASP.NET Core Web API - Real World Application,4253526,Sameer Saini,"ASP.NET Core, ASP.NET, Entity Framework, Angular, Web Development",Angular,All Levels,31.5 hours,4.6,3461,18751,"Rp159,000",11/2025,4,0,5,https://www.udemy.com/course/real-world-app-angular-aspnet-core-web-api-and-sql/
Angular 21 Full Course - Complete Zero to Hero Angular 2026,6115337,Hashmath Rz,"Angular, Web Development, Development",Angular,All Levels,18 hours,4.5,548,2665,"Rp149,000",4/2026,0,0,0,https://www.udemy.com/course/angular-18-full-course-complete-zero-to-hero-angular-18/
Angular Crash Course for Busy Developers,719002,Mosh Hamedani,"Angular, Typescript, Web Development, Development",Angular,All Levels,10.5 hours,4.7,19132,84166,"Rp149,000",4/2018,5,0,4,https://www.udemy.com/course/angular-crash-course/
"Angular (Full App) with Angular Material, Angularfire & NgRx",1512962,"Academind by Maximilian Schwarzmüller, Maximilian Schwarzmüller","Angular Material, Web Development, Development",Angular,All Levels,11 hours,4.8,8650,47626,"Rp159,000",6/2024,20,0,91,https://www.udemy.com/course/angular-full-app-with-angular-material-angularfire-ngrx/
The Modern Angular Bootcamp,2685124,Stephen Grider,"Angular, Typescript, RxJs, Web Development, Development",Angular,All Levels,45 hours,4.5,4729,29040,"Rp149,000",2/2026,14,0,310,https://www.udemy.com/course/the-modern-angular-bootcamp/
Design Patterns in Angular - Practical Guide,6935543,Pawan Kumawat,"Angular, Coding Interview, System Design Interview, Design Patterns (software), Web Development",Angular,All Levels,1.5 hours,5.0,6,44,"Rp149,000",4/2026,6,0,3,https://www.udemy.com/course/design-patterns-in-angular-practical-guide/
Building Reusable Components in Angular – The Missing Guide,6561917,Kobi Hari,"Web Development, Development",Angular,All Levels,14 hours,4.9,12,119,"Rp149,000",3/2026,1,0,6,https://www.udemy.com/course/building-reusable-components-in-angular-the-missing-guide/
Modern Angular Forms: A Better Way with Signals,7085039,Brian Treese,"Angular, Web Development, Development",Angular,All Levels,1 hour,4.7,9,41,"Rp149,000",3/2026,0,0,12,https://www.udemy.com/course/angular-signal-forms/
Angular + Sockets: Aplicaciones en tiempo real con Bun,7025719,"Fernando Herrera, {d/t} - DevTalles","WebSocket, Angular, Bun JS, Typescript, Web Development",Angular,Intermediate,14.5 hours,5.0,3,79,"Rp149,000",2/2026,21,0,6,https://www.udemy.com/course/angular-bun-sockets/
JavaScript Full Stack Bootcamp Node JS React JS and Angular,7086137,"James Joab Soren, Hudson Dynamic Lab","JavaScript, Programming Languages, Development",Angular,All Levels,7.5 hours,5.0,1,120,"Rp149,000",3/2026,0,0,0,https://www.udemy.com/course/javascript-full-stack-bootcamp-node-js-react-js-and-angular/
CRM Fullstack Angular + Laravel | Proyecto Profesional,7105341,Adrian Lisciotti,"Web Development, Angular, Laravel, REST API, Development",Angular,Intermediate,51.5 hours,4.7,N/A,5,"Rp149,000",N/A,3,0,83,https://www.udemy.com/course/crm-fullstack-angular-laravel-proyecto-profesional/
Angular İle Scada Eğitimi,7127961,Hakan Kaya,"Angular, Web Development, Development",Angular,All Levels,39.5 hours,4.7,N/A,N/A,"Rp149,000",N/A,0,0,0,https://www.udemy.com/course/angular-ile-scada-egitimi/
Proyecto Fullstack: Plataforma Web con Admin y Pagos,7110239,Adrian Lisciotti,"Web Development, Angular, Laravel, REST API, Development",Angular,Intermediate,32 hours,4.7,N/A,4,"Rp149,000",4/2026,5,0,39,https://www.udemy.com/course/proyecto-fullstack-plataforma-web-con-admin-y-pagos/
Angular Signals In Depth (Angular 21),5908490,Angular University,"Angular, Web Development, Development",Angular,All Levels,7 hours,4.6,1473,6958,"Rp159,000",4/2026,2,0,0,https://www.udemy.com/course/angular-signals/
Full Stack: Angular and Java Spring Boot E-Commerce Website,1856950,"Chad Darby, Harinath Kuntamukkala","Spring Framework, Full Stack Web Development, Angular, Programming Languages, Development",Angular,Intermediate,26 hours,4.5,11557,118209,"Rp149,000",1/2026,12,0,214,https://www.udemy.com/course/full-stack-angular-spring-boot-tutorial/
Go Java Full Stack with Spring Boot and Angular,2023728,in28Minutes Official,"Angular, Spring Boot, RESTful Web Services, Web Development, Development",Angular,All Levels,14 hours,4.6,11375,90909,"Rp149,000",1/2026,33,0,0,https://www.udemy.com/course/full-stack-application-development-with-spring-boot-and-angular/
30 Days of Angular: Build 30 Projects with Angular,6400299,Andrew Tyranowski,"Angular, Web Development, Front End Web Development, Development",Angular,All Levels,27 hours,4.3,269,27750,"Rp149,000",9/2025,29,0,7,https://www.udemy.com/course/30-days-of-angular/
Learn to build an e-commerce app with .Net Core and Angular,2813723,Neil Cummings,".NET, E-Commerce, Angular, Business",Angular,Intermediate,31 hours,4.6,4872,28066,"Rp159,000",1/2026,1,0,1,https://www.udemy.com/course/learn-to-build-an-e-commerce-app-with-net-core-and-angular/
Angular & JavaScript Interview: Top 400 Questions (2026),5594432,Happy Rawat,"Angular, JavaScript, Coding Interview, Other IT & Software, IT & Software",Angular,All Levels,15 hours,4.7,250,1430,"Rp149,000",12/2025,0,0,8,https://www.udemy.com/course/angular-javascript-interview-top-400-questions-2023/
Full Stack Spring Boot API with Angular (ADVANCED),6765755,Get Arrays,"Spring Boot, Angular, REST API, Other IT & Software, IT & Software",Angular,All Levels,35.5 hours,4.6,29,247,"Rp159,000",12/2025,1,0,1,https://www.udemy.com/course/full-stack-spring-boot-api-with-angular-advanced/
Theming Angular 19-21 and Material MD3 - The missing guide,6390735,Kobi Hari,"Angular, Web Development, Development",Angular,All Levels,12 hours,4.8,137,852,"Rp159,000",3/2026,1,0,18,https://www.udemy.com/course/theming-angular-and-material-md3-the-missing-guide/
NgRx Signal store 19-20 for Angular - The missing guide,6178195,Kobi Hari,"Angular, Web Development, Development",Angular,All Levels,11.5 hours,4.8,374,2469,"Rp159,000",3/2026,1,0,21,https://www.udemy.com/course/ngrx-signal-store-the-missing-guide/
Learn C# Full Stack Development with Angular and ASP.NET,5344102,"Denis Panjuta, Tutorials.eu by Denis Panjuta, Jannick Leismann","Angular, Web Development, ASP.NET, Development",Angular,Intermediate,20 hours,4.5,1227,7241,"Rp149,000",7/2025,43,0,32,https://www.udemy.com/course/master-fullstack-web-development-with-angular-and-csharp-aspnet/
Angular Front End Development Legacy V2-V18 (module/zone.js),5235680,Dominic Tripodi,"Angular, Web Development, Development",Angular,All Levels,34 hours,4.6,229,2086,"Rp149,000",2/2026,14,9,4,https://www.udemy.com/course/angular-front-end-beginner-to-master/
"Reactive Angular Course (with RxJs, Angular 20)",1123098,Angular University,"RxJs, Angular, Web Development, Development",Angular,All Levels,5.5 hours,4.5,6530,31700,"Rp149,000",4/2026,2,0,0,https://www.udemy.com/course/rxjs-reactive-angular-course/
The Complete Angular Course: Beginner to Advanced,1247828,Mosh Hamedani,"Angular, Angular Material, Firebase, Typescript, Web Development",Angular,All Levels,29.5 hours,4.3,28092,119677,"Rp149,000",4/2018,10,0,38,https://www.udemy.com/course/the-complete-angular-master-class/
Complete Angular 18 Course with Project in Telugu,6132073,Satish Konduru,"Angular, Bootstrap, Angular Material, Other IT & Software, IT & Software",Angular,All Levels,38 hours,4.7,52,165,"Rp149,000",10/2024,0,0,1,https://www.udemy.com/course/angular-in-telugu/
Angular Interview Questions - Coding Interview 2026,5225396,Oleksandr Kocherhin,"Coding Interview, Angular, Typescript, RxJs, Career Development",Angular,All Levels,6 hours,4.4,759,6682,"Rp149,000",2/2026,3,0,54,https://www.udemy.com/course/angular-interview-questions-coding-interview/
Angular Interview Masterclass: Top 100 Questions (PDF)(2026),4913764,Happy Rawat,"Angular Material, Angular, Web Development, Development",Angular,All Levels,5.5 hours,4.6,341,1432,"Rp159,000",12/2025,0,0,2,https://www.udemy.com/course/angular-interview-masterclass-top-100-questions-with-pdf/
Angular Forms In Depth (Angular 21),1288304,Angular University,"Angular, Web Development, Development",Angular,All Levels,7 hours,4.6,2545,13972,"Rp149,000",4/2026,2,0,0,https://www.udemy.com/course/angular-forms-course/
Mastering Angular: From Basics to Advanced Development,6356839,Selfcode Academy,"AngularJS, Angular, Web Development, Development",Angular,All Levels,29.5 hours,4.6,77,277,"Rp149,000",1/2025,0,0,1,https://www.udemy.com/course/mastering-angular-from-basics-to-advanced-development/
Angular Real World Guide - Build Angular & Firebase Apps,6019872,Sameer Saini,"Angular, Firebase, Front End Web Development, Full Stack Web Development, Web Development",Angular,All Levels,10.5 hours,4.6,104,545,"Rp149,000",10/2025,0,0,3,https://www.udemy.com/course/angular-and-google-firebase-frontend-development/
Angular Step by Step for beginners,1863582,Shivprasad Koirala,"Angular, AngularJS, Programming Languages, Development",Angular,Beginner,8 hours,4.5,4205,28654,"Rp149,000",12/2023,0,0,12,https://www.udemy.com/course/angular-tutorial/
GraphQL with Angular for beginners,6571731,Discover Programming,"GraphQL, Angular, Web Development, Development",Angular,All Levels,3.5 hours,4.9,31,131,"Rp159,000",1/2026,3,0,43,https://www.udemy.com/course/graphql-with-angular-for-beginners/
Spring Boot REST & Angular + Full Stack Application!,2722246,Karthikeya T,"Spring Boot, REST API, RESTful Web Services, IT Certifications, IT & Software",Angular,All Levels,10 hours,4.6,737,6177,"Rp149,000",4/2025,18,0,10,https://www.udemy.com/course/spring-boot-rest-angular-full-stack-application/
Angular and NgRx - Building Real Project From Scratch,3108376,Oleksandr Kocherhin,"Angular, Redux Framework, Typescript, Web Development, Development",Angular,All Levels,7 hours,4.6,678,5819,"Rp149,000",2/2026,5,0,49,https://www.udemy.com/course/angular-and-ngrx-building-real-project-from-scratch/
Angular & NodeJS - The MEAN Stack Guide,833442,Maximilian Schwarzmüller,"Angular, Node.Js, MEAN Stack, Web Development, Development",Angular,All Levels,12.5 hours,4.6,25526,132458,"Rp289,000",10/2025,23,0,40,https://www.udemy.com/course/angular-2-and-nodejs-the-practical-guide/
Mastering Angular + Ang 17 - 18 + Interview + E-commerce App,3807352,Nirmal Joshi,"Angular, IT Certifications, IT & Software",Angular,All Levels,20.5 hours,4.2,732,4165,"Rp149,000",12/2024,9,0,258,https://www.udemy.com/course/mastering-angular-interview-questions-e-commerce-project/
Angular Material In Depth (Angular 21),1442960,Angular University,"Angular Material, Angular, Web Development, Development",Angular,All Levels,6.5 hours,4.5,2907,15840,"Rp239,000",4/2026,2,0,0,https://www.udemy.com/course/angular-material-course/
"Ionic - Build iOS, Android & Web Apps with Ionic & Angular",1070124,Maximilian Schwarzmüller,"Ionic, Android Development, Mobile Development, Development",Angular,All Levels,20 hours,4.8,17149,76462,"Rp857,000.00",4/2024,48,0,144,https://www.udemy.com/course/ionic-2-the-practical-guide-to-building-ios-android-apps/
NgRx (with NgRx Data) - The Complete Guide (Angular 20),1673770,Angular University,"Angular, Web Development, Development",Angular,All Levels,6 hours,4.5,7652,34640,"Rp149,000",4/2026,3,0,0,https://www.udemy.com/course/ngrx-course/
Angular Testing In Depth (Signals Edition),2308032,Angular University,"Angular, Web Development, Development",Angular,All Levels,10.5 hours,4.6,6789,31877,"Rp149,000",4/2026,8,0,0,https://www.udemy.com/course/angular-testing-course/
Angular 19 Complete Guide with real time project,5981824,Tarun Kumar Saini,"Typescript, Web Development, Development",Angular,Beginner,4 hours,4.5,2,9,"Rp149,000",5/2025,0,0,0,https://www.udemy.com/course/angular-19-complete-guide-with-real-time-project/
Interactive Angular Fundamentals - Practice-driven approach,5829424,Cserkó József,"Angular, Web Development, Development",Angular,Beginner,2.5 hours,4.5,9,206,"Rp149,000",2/2024,19,0,0,https://www.udemy.com/course/interactive-angular-fundamentals-practice-driven-approach/
"AI-Powered E-Commerce App with .NET 9, Angular 20 & RAG",6878943,Rahul Sahay,"Retrieval Augmented Generation (RAG), Data Science, Development",Angular,All Levels,10.5 hours,4.8,153,831,"Rp149,000",12/2025,0,0,1,https://www.udemy.com/course/ai-powered-e-commerce-app-with-net-9-angular-20-rag/
Angular Advanced MasterClass & FREE E-Book,1204590,Angular University,"Angular, Web Development, Development",Angular,Intermediate,6.5 hours,4.3,1355,11201,"Rp149,000",4/2026,4,0,1,https://www.udemy.com/course/angular-advanced-masterclass/
Angular 20 Masterclass – Build Real Project,6746815,Imad BOU AKL,"Angular, Web Development, Development",Angular,Intermediate,4 hours,4.2,12,2132,"Rp149,000",12/2025,1,0,23,https://www.udemy.com/course/angular-20-masterclass-build-real-project/
Angular Security Masterclass (with FREE E-Book),1302770,Angular University,"Angular, Web Development, Development",Angular,All Levels,8 hours,4.2,1546,14235,"Rp149,000",4/2026,3,0,1,https://www.udemy.com/course/angular-security/
Angular Practicals (Angular 21),4527896,Pawan Kumawat,"Angular, Web Development, Development",Angular,All Levels,5.5 hours,4.5,61,559,"Rp149,000",1/2026,0,0,2,https://www.udemy.com/course/angular-practicals/
Creating .Net Core Microservices using Clean Architecture,5126654,Rahul Sahay,"Microservices, .NET, Web Development, Development",Angular,All Levels,34.5 hours,4.7,636,19051,"Rp149,000",3/2026,0,0,3,https://www.udemy.com/course/creating-net-core-microservices-using-clean-architecture/
Angular SSR In Depth (formerly Angular Universal),1572898,Angular University,"Angular, Web Development, Development",Angular,All Levels,4 hours,4.4,1229,6359,"Rp149,000",4/2026,2,0,0,https://www.udemy.com/course/angular-universal-course/
"WhatsApp Clone: Spring Boot, Angular, Keycloak & WebSocket",6396417,Bouali Ali,"Spring Boot, WebSocket, OAuth, Angular, Web Development",Angular,All Levels,6 hours,3.9,12,90,"Rp149,000",1/2025,0,0,0,https://www.udemy.com/course/whatsapp-clone-spring-boot-angular-keycloak-websocket/
Angular Router In Depth (Angular 21),3202558,Angular University,"Angular, Web Development, Development",Angular,All Levels,5 hours,4.0,1723,17621,"Rp149,000",4/2026,3,0,1,https://www.udemy.com/course/angular-router-course/
Angular Testing: Unit Testing Angular and E2E Testing,5703046,Oleksandr Kocherhin,"Angular, Unit Testing, Cypress.io, Web Development, Development",Angular,All Levels,3.5 hours,4.6,502,3794,"Rp149,000",2/2026,4,0,21,https://www.udemy.com/course/angular-testing-unit-testing-angular-and-e2e-testing/
Mastering Angular 15/16/17 From Scratch Step By Step,4671724,Kameswara Sarma Uppuluri | 25+ Years Of Experienced Corporate Trainer,"Angular, Web Development, Development",Angular,All Levels,27 hours,4.0,153,1037,"Rp149,000",7/2024,0,0,6,https://www.udemy.com/course/masteringangular/
RxJs In Practice (with FREE E-Book),1726420,Angular University,"RxJs, Reactive Programming, Web Development, Development",Angular,All Levels,4.5 hours,4.5,5885,24759,"Rp149,000",4/2026,5,0,3,https://www.udemy.com/course/rxjs-course/
Stripe In Practice,2668274,Angular University,"Stripe Payments Platform, Web Development, Development",Angular,All Levels,6 hours,4.4,294,2873,"Rp159,000",4/2026,2,0,0,https://www.udemy.com/course/stripe-course/
Angular Components - like a Pro! (Angular 2/4/5/6/7+),1362782,Enrique Oriol,"Angular, Web Development, Development",Angular,Expert,3 hours,4.4,998,6059,"Rp149,000",6/2020,2,0,0,https://www.udemy.com/course/angular-components-like-a-pro/
Building Applications with Angular 19 and ASP.NET Core 9,6148561,Felipe Gavilán,"Angular, ASP.NET Core, Web Development, Development",Angular,Intermediate,17 hours,4.3,165,944,"Rp149,000",6/2025,1,0,5,https://www.udemy.com/course/building-applications-with-angular-and-aspnet-core-v2/
Typescript Bootcamp: Beginner To Advanced (2024 Edition),986406,Angular University,"Typescript, REST API, Web Development, Development",Angular,All Levels,14.5 hours,4.5,999,6970,"Rp149,000",4/2026,2,0,0,https://www.udemy.com/course/complete-typescript-2-course/
Angular Essentials (Angular 2+ with TypeScript),1282020,"Academind by Maximilian Schwarzmüller, Maximilian Schwarzmüller","Angular, Typescript, Programming Languages, Development",Angular,All Levels,6.5 hours,4.2,5566,38783,"Rp149,000",4/2024,19,0,23,https://www.udemy.com/course/angular-essentials-angular-2-angular-4-with-typescript/
Learn Angular From Scratch - Complete Guide Design to Deploy,3540200,Hashmath Rz,"Angular, Web Development, Development",Angular,All Levels,23 hours,4.4,290,2845,"Rp149,000",9/2024,0,0,32,https://www.udemy.com/course/angular-app-from-scratch-complete-guide-design-to-deploy/
Angular interview questions with answers,3079178,Shivprasad Koirala,"Angular, Coding Interview, Web Development, Development",Angular,Beginner,2.5 hours,4.6,2730,23603,"Rp149,000",12/2023,1,0,5,https://www.udemy.com/course/angular-interview-questions-answers/
Angular HTTP Communication,4162962,Get Arrays,"Angular, HTTP, Other IT & Software, IT & Software",Angular,All Levels,3.5 hours,4.8,49,247,"Rp149,000",7/2021,1,0,1,https://www.udemy.com/course/angular-http-communication/
Build Enterprise Applications with Angular 2 (and Angular 4),1009452,Mosh Hamedani,"Angular, Web Development, Development",Angular,Intermediate,9.5 hours,4.8,1569,12250,"Rp149,000",4/2018,5,0,13,https://www.udemy.com/course/angular2-advanced/
Angular Styling & Animations (for Angular 2+),1145430,Maximilian Schwarzmüller,"Animation, Angular, Web Development, Development",Angular,Intermediate,7 hours,4.4,2043,15460,"Rp149,000",4/2024,10,0,36,https://www.udemy.com/course/angular-styling-animations-for-angular-2-and-angular-4/
Building Amazon Style Full Stack Microservices,6586129,Rahul Sahay,"Web Development, Development",Angular,Beginner,34.5 hours,4.7,123,1890,"Rp149,000",11/2025,0,0,0,https://www.udemy.com/course/building-amazon-style-full-stack-microservices/
Interactive charts with D3 and Angular,2319662,Carlos Moura,"D3.js, Data Visualization, Angular, Other IT & Software, IT & Software",Angular,All Levels,25 hours,4.8,36,439,"Rp149,000",6/2023,8,0,28,https://www.udemy.com/course/interactive-charts-with-d3-and-angular/
Angular: Frontend Development with Real Projects,6285991,Selfcode Academy,"Angular, Web Development, Development",Angular,All Levels,12 hours,4.6,25,1056,"Rp149,000",11/2024,0,0,2,https://www.udemy.com/course/angular-frontend-development-with-real-projects/
Consuming APIs with Angular,4808984,Get Arrays,"Angular, Leaflet, Other IT & Software, IT & Software",Angular,Intermediate,2 hours,4.8,10,51,"Rp149,000",7/2022,0,0,0,https://www.udemy.com/course/consuming-apis-with-angular/
Firebase In Depth,2038962,Angular University,"Firebase, Web Development, Development",Angular,All Levels,10 hours,4.1,1622,12381,"Rp149,000",4/2026,2,0,0,https://www.udemy.com/course/firebase-course/
"AI-Powered Data Visualization with Angular, React and NodeJS",6454693,Uzochukwu Eddie Odozi,"Retrieval Augmented Generation (RAG), Artificial Intelligence (AI), React JS, Angular, Web Development",Angular,All Levels,37.5 hours,4.8,9,186,"Rp159,000",2/2025,7,0,77,https://www.udemy.com/course/ai-powered-data-visualization-with-angular-react-and-nodejs/
Typescript | Type script & Angular 13 and HTTP from Scratch,4855916,"Oak Academy, OAK Academy Team","Typescript, Front End Web Development, React JS, Angular, Programming Languages",Angular,All Levels,12 hours,4.6,35,207,"Rp149,000",4/2026,6,0,0,https://www.udemy.com/course/typescript-type-script-angular-13-and-http-from-scratch/
"Angular from Beginner to Advanced, Typescript and HTTP",3643020,"Oak Academy, OAK Academy Team","Angular, Web App Development, Web Development, Development",Angular,All Levels,7.5 hours,4.3,100,1388,"Rp149,000",4/2026,4,0,0,https://www.udemy.com/course/angular-from-beginner-to-advanced-r/
TYPESCRIPT FOR BEGINNERS,1711824,Bharath Thippireddy,"Typescript, Other IT & Software, IT & Software",Angular,Beginner,6.5 hours,4.5,3000,12949,"Rp149,000",4/2026,2,0,1,https://www.udemy.com/course/typescript-for-beginners/
".NET Identity with Angular (JWT, Email Confirmation, MFA)",5216652,Shayan Vaghei,"Angular, ASP.NET Core, Web Development, Development",Angular,Intermediate,12.5 hours,4.6,94,519,"Rp149,000",12/2025,3,0,2,https://www.udemy.com/course/aspnet-core-identity-with-angular-jwt-email-confirmation/
Angular Crash Course with Node and Java Backend,1711854,Bharath Thippireddy,"AngularJS, Other IT & Software, IT & Software",Angular,Beginner,9 hours,4.6,592,3973,"Rp149,000",4/2026,2,0,11,https://www.udemy.com/course/angular-6-crash-course/
Angular 19 - 21: Stay Ahead with the Latest Features (2026),6321407,Nicolas Lange-Schönbeck,"Angular, Web Development, Development",Angular,All Levels,11 hours,4.4,35,2073,"Rp149,000",12/2025,9,0,15,https://www.udemy.com/course/master-angular-1718/
Spring Boot API with Angular and RxJs State Management,4314384,Get Arrays,"Spring Boot, RxJs, Angular, Web Development, Development",Angular,All Levels,3.5 hours,4.8,3,58,"Rp149,000",9/2021,0,0,0,https://www.udemy.com/course/spring-boot-api-with-angular-and-rxjs-state-management/
"NativeScript + Angular: Build Native iOS, Android & Web Apps",2126948,"Academind by Maximilian Schwarzmüller, Maximilian Schwarzmüller","NativeScript, Web App Development, Mobile Development, Development",Angular,All Levels,20.5 hours,4.8,1928,10465,"Rp149,000",11/2022,25,0,112,https://www.udemy.com/course/nativescript-angular-build-native-ios-android-web-apps/
Learning MEAN Stack by Building Real world Application,1691646,Haider Malik,"MEAN Stack, Angular Material, Angular, Node.Js, Web Development",Angular,All Levels,16 hours,3.6,229,5873,"Rp149,000",11/2025,20,0,8,https://www.udemy.com/course/learning-mean-stack-by-building-real-world-application/
Angular Advanced (v. 16+),5751136,Alena Ananich,"Angular, Coding Interview, Front End Web Development, JavaScript, Web Development",Angular,Intermediate,4.5 hours,4.3,50,263,"Rp149,000",2/2024,0,0,11,https://www.udemy.com/course/angular-advanced/
Angular & TypeScript Complete Course – 20+ Practice Tests,1487326,Sandeep Soni,"Typescript, Angular, Web Development, Development",Angular,Intermediate,18.5 hours,4.3,110,1892,"Rp149,000",12/2025,0,0,67,https://www.udemy.com/course/angular4-typescript-from-basic-to-advanced/
Angular 8,3837532,EduOlc Team,"Angular, Typescript, Bootstrap, Web Development, Development",Angular,All Levels,2.5 hours,4.4,9,188,"Rp149,000",2/2021,0,0,0,https://www.udemy.com/course/typescript-in-angular/
"Angular: Build Modern, Scalable, Dynamic Web Applications",6811267,Uplatz Training,"Angular, AngularJS, Web Development, Front End Web Development, Development",Angular,All Levels,22.5 hours,4.7,N/A,5,"Rp149,000",10/2025,0,0,0,https://www.udemy.com/course/angular-frontend-development/
Angular 17 for Juniors: Building Real World Application,5350816,Fadi Nouh,"Angular, Web App Development, Front End Web Development, JavaScript, Web Development",Angular,Beginner,N/A,4.6,133,4501,"Rp149,000",1/2024,0,0,0,https://www.udemy.com/course/angular-for-juniors-building-real-world-application/
"Create Full-Stack Blog & CMS with Angular 18, Node.js, MySQL",5673836,Ayyaz Zafar,"Full Stack Web Development, Web Development, Development",Angular,Intermediate,14.5 hours,4.0,22,191,"Rp149,000",8/2024,0,0,0,https://www.udemy.com/course/create-full-stack-blog-cms-with-angular-18-nodejs-mysql/
Angular Renaissance: The Beginner's Guide for Modern Angular,6874685,Zaki Mohammed,"Angular, Typescript, Other IT & Software, IT & Software",Angular,Beginner,7.5 hours,4.5,9,77,"Rp149,000",11/2025,0,0,0,https://www.udemy.com/course/angular-renaissance-the-beginners-guide-for-modern-angular/
"React JS, Angular & Vue JS - Quickstart & Comparison",1208638,"Maximilian Schwarzmüller, Academind by Maximilian Schwarzmüller","Angular, React JS, Vue JS, Web Development, Development",Angular,Beginner,8 hours,4.6,3276,18029,"Rp149,000",11/2022,12,0,30,https://www.udemy.com/course/angular-reactjs-vuejs-quickstart-comparison/
Testing Angular 4 (previously Angular 2) Apps with Jasmine,1211596,Mosh Hamedani,"JasmineJs, Angular, Unit Testing, Software Testing, Development",Angular,Intermediate,2 hours,4.7,5900,27431,"Rp149,000",4/2018,2,0,3,https://www.udemy.com/course/testing-angular-apps/
"The complete Angular Course , Typescript included.",2563014,Coding Revolution,"Angular, AngularJS, Typescript, Web Development, Development",Angular,All Levels,33 hours,3.8,292,2217,"Rp149,000",10/2024,1,0,55,https://www.udemy.com/course/the-complete-angular-course-typescript-included/
New Angular 15 Crash Course by Angular Engineering Founder,4707388,Nedim Kurbegović,"Angular, Web Development, Development",Angular,All Levels,4.5 hours,4.4,163,11366,"Rp149,000",11/2022,0,0,1,https://www.udemy.com/course/new-angular-15-crash-course-by-angular-engineering-founder/
Learn to Build Interactive Modern Web Apps with Angular,3372820,Fatah Gabrial,"Angular, Web Development, Development",Angular,All Levels,2 hours,4.4,522,41816,"Rp149,000",6/2025,1,0,0,https://www.udemy.com/course/complete-angular-9-course-for-beginners/
Angular Signals - Building Quiz Angular Project,6081085,Oleksandr Kocherhin,"Angular, Web Development, Development",Angular,All Levels,2 hours,4.5,23,129,"Rp149,000",2/2026,3,0,13,https://www.udemy.com/course/angular-signals-building-quiz-angular-project/
Building FullStack E-Commerce App using SpringBoot & Angular,5727324,Rahul Sahay,"Spring Boot, Web Development, Development",Angular,All Levels,16.5 hours,4.6,57,4420,"Rp149,000",1/2024,0,0,0,https://www.udemy.com/course/building-fullstack-ecommerce-app-using-springboot-angular/
Top 300 .NET & Angular Interview Questions - Fullstack,4978216,Happy Rawat,".NET, Angular, Other IT & Software, IT & Software",Angular,All Levels,13.5 hours,4.5,419,1851,"Rp149,000",5/2024,0,0,10,https://www.udemy.com/course/top-300-net-angular-interview-questions-fullstack/
"Hotel Booking App with SpringBoot, Angular & Payment Gateway",6474957,Dev Den,"Angular, Web Development, Full Stack Web Development, Spring Boot, Development",Angular,Intermediate,11.5 hours,4.1,16,1109,"Rp149,000",1/2026,0,0,6,https://www.udemy.com/course/build-hotel-booking-app-in-springboot-angular-payment-2025/
Angular and NodeJS: A Rapid Guide - Advanced,4424818,Antonio Papa,"Node.Js, Docker, Angular, Angular Material, Web Development",Angular,Intermediate,9 hours,4.8,2,48,"Rp149,000",12/2021,0,0,0,https://www.udemy.com/course/angular-node-advanced/
Angular Coding: Fundamentals to Full-Stack Development,6820177,Human and Emotion: CHRMI,"Angular, Other IT & Software, IT & Software",Angular,Intermediate,12 hours,4.5,13,1020,"Rp149,000",10/2025,0,0,0,https://www.udemy.com/course/angular-coding-fundamentals-to-full-stack-development/
Complete Angular Course for Beginners & Professionals,4449748,NAVEEN SAGGAM,"Angular, IT Certifications, IT & Software",Angular,All Levels,7.5 hours,4.6,51,423,"Rp149,000",12/2021,3,0,17,https://www.udemy.com/course/complete-angular-course-for-beginners-professionals/
Angular - Complete Beginner's Guide [Step by Step],4141282,Navin Rajesham,"Angular, Web Development, Development",Angular,Beginner,6 hours,4.2,721,41749,"Rp149,000",5/2024,0,0,9,https://www.udemy.com/course/learning-angular/
Dockerize an Angular Application using Nginx,5655084,Get Arrays,"Angular, NGINX, Docker, Other IT & Software, IT & Software",Angular,All Levels,1 hour,4.3,9,45,"Rp149,000",11/2023,0,0,0,https://www.udemy.com/course/dockerize-angular-using-nginx/
Angular Progressive Web Apps (PWA) MasterClass & FREE E-Book,1391332,Angular University,"Angular, Progressive Web App, Web Development, Development",Angular,All Levels,3.5 hours,4.4,684,5868,"Rp159,000",4/2026,3,0,1,https://www.udemy.com/course/angular-pwa-course/
Clean Architecture Full-Stack Bootcamp: .NET 9 & Angular 19,6559149,Manzoor Ahmed,"Full Stack Web Development, Web Development, Development",Angular,Intermediate,61 hours,4.2,13,370,"Rp149,000",6/2025,0,0,42,https://www.udemy.com/course/clean-architecture-full-stack-bootcamp-net-9-angular-19/
Build awesome web apps using Angular,2091340,Vinod Kumar Kayartaya,"Angular, Web Development, Development",Angular,All Levels,5.5 hours,4.6,163,9062,"Rp149,000",5/2020,1,0,6,https://www.udemy.com/course/build-awesome-web-apps-using-angular-7/
"Angular & Django Full Stack: web, backend API, mobile apps",1580524,Krystian Czekalski,"Full Stack Web Development, Mobile App Design, API, Web App Development, Web Development",Angular,Beginner,20.5 hours,4.5,725,3860,"Rp149,000",4/2020,0,0,0,https://www.udemy.com/course/full-stack-development-web-app-mobile-app-back-end-api/
Angular with Test Driven Development,4761226,Basar Buyukkahraman,"Angular, Test-Driven Development (TDD), Web Development, Development",Angular,All Levels,14 hours,4.5,117,886,"Rp149,000",3/2024,4,0,4,https://www.udemy.com/course/angular-with-test-driven-development/
Angular: Fundamentals,1706112,Stone River eLearning,"AngularJS, Software Development Tools, Development",Angular,All Levels,5.5 hours,4.3,3,26,"Rp149,000",10/2018,0,0,5,https://www.udemy.com/course/angular-fundamentals/
"Angular Material, Universal: A Rapid Guide - Advanced",3394824,Antonio Papa,"Docker, Typescript, Microservices, Angular, Web Development",Angular,Intermediate,4.5 hours,4.5,23,147,"Rp149,000",4/2021,0,0,0,https://www.udemy.com/course/angular-influencer/
Angular 10 hands on for Java Developers,2614534,"Matt Greencroft, Virtual Pair Programmers","Angular, Spring Boot, Web Development, Development",Angular,Intermediate,18.5 hours,4.3,534,3685,"Rp149,000",11/2020,13,0,5,https://www.udemy.com/course/angular-hands-on-for-java-developers/
"MEAN Fullstack Trello clone: WebSocket, Socket IO",4764938,Oleksandr Kocherhin,"Full Stack Web Development, Angular, Typescript, Web Development, Development",Angular,All Levels,9 hours,4.5,148,1624,"Rp149,000",2/2026,5,0,42,https://www.udemy.com/course/build-fullstack-trello-clone-websocket-socket-io/
Fullstack Blogging App with Angular and Nest,6558737,Basar Buyukkahraman,"Full Stack Web Development, Angular, NestJS, Web Development, Development",Angular,All Levels,15.5 hours,4.5,3,29,"Rp149,000",5/2025,2,0,4,https://www.udemy.com/course/fullstack-blogging-app-with-angular-and-nest/
JavaScript & Angular with Hands-on Examples,3637320,"Oak Academy, OAK Academy Team","JavaScript, Web Development, Angular, Mobile App Development, Development",Angular,All Levels,21 hours,4.2,71,373,"Rp149,000",4/2026,6,0,0,https://www.udemy.com/course/javascript-angular-with-hands-on-examples/
"Full Stack Ionic 8, Angular & Node.js: Food Delivery App",4641660,Nikhil Agarwal,"Ionic, Node.Js, Full Stack Web Development, Angular, Other IT & Software",Angular,All Levels,85 hours,4.4,250,4339,"Rp149,000",1/2026,33,1,139,https://www.udemy.com/course/ionic-6-with-nodejs-the-complete-beginner-to-pro-course/
"Full Stack Web Development with React JS, Angular and NodeJS",3770614,"Oak Academy, OAK Academy Team","Full Stack Web Development, HTML, JavaScript, Angular, Web Development",Angular,All Levels,52.5 hours,4.5,966,4473,"Rp149,000",4/2026,6,0,0,https://www.udemy.com/course/full-stack-web-development-2021-guide-with-nodejs-mongodb/
[NEW] Master Spring Boot Microservice & Angular K8s CICD AWS,5441346,Code Decode,"Full Stack Web Development, Microservices, CI/CD, Other IT & Software, IT & Software",Angular,Intermediate,12 hours,4.3,1601,11049,"Rp149,000",4/2024,12,0,0,https://www.udemy.com/course/master-spring-boot-microservice-angular-with-k8s-cicd-aws/
Angular 2 Crash Course with TypeScript,874166,Stone River eLearning,"Angular, Typescript, Web Development, Development",Angular,All Levels,4 hours,4.6,718,20354,"Rp149,000",9/2019,1,0,2,https://www.udemy.com/course/angular-2-crash-course/
Angular Material: Ultimate Masterclass With Angular 9 (2020),3089572,"Rangel Stoilov, Shahzaib Kamal","Typescript, Angular, Angular Material, Other IT & Software, IT & Software",Angular,All Levels,12 hours,4.4,460,22061,"Rp149,000",6/2020,0,0,0,https://www.udemy.com/course/angular-material-masterclass/
Build and Deploy Angular 2 - Learn Angular-CLI,1167190,Le Deng,"Angular, Web Development, Development",Angular,All Levels,2.5 hours,4.7,10,102,"Rp149,000",5/2017,1,0,1,https://www.udemy.com/course/learn-angular-cli-for-beginners-quick-and-easy-start/
Angular Interview Preparation Questions 2026,5688428,Exams Practice Tests Academy,"Angular, Web Development, Development",Angular,All Levels,N/A,4.6,4,2375,"Rp149,000",1/2026,0,0,0,https://www.udemy.com/course/angular-mcq/
Complete Angular from Zero to Hero | Complete Guide,2369426,M Darwish,"Angular, Web Development, Development",Angular,All Levels,32 hours,4.0,757,8142,"Rp149,000",11/2024,0,0,0,https://www.udemy.com/course/angular-course-from-scratch-get-hired/
Angular: From Beginner to Advanced,1340646,Paul Halliday (BSc Hons),"Angular, AngularJS, Other IT & Software, IT & Software",Angular,Beginner,4.5 hours,4.3,29,213,"Rp159,000",1/2018,0,0,0,https://www.udemy.com/course/angular-from-beginner-to-advanced/
Angular and Deno: A Practical Guide,3798508,Antonio Papa,"Deno, JavaScript, Typescript, Angular, Web Development",Angular,All Levels,8 hours,4.6,8,54,"Rp149,000",4/2021,0,0,0,https://www.udemy.com/course/angular-deno-admin/
NestJs in Practice (with MongoDB),2580082,Angular University,"NestJS, Web Development, Development",Angular,All Levels,4.5 hours,4.6,522,3212,"Rp149,000",4/2026,3,0,0,https://www.udemy.com/course/nestjs-course/
"Angular - Concepts, Code and Collective Wisdom",712960,Mark Rajcok,"Angular, Web Development, Development",Angular,Intermediate,5.5 hours,4.4,363,1607,"Rp149,000",8/2019,4,0,1,https://www.udemy.com/course/angular-2-concepts-code-and-collective-wisdom/
Fullstack Development with Angular17 SpringBoot3 Bootstrap5,5787698,Ranjan Pandey,"Full Stack Web Development, Angular, Bootstrap, Spring Boot, Web Development",Angular,All Levels,4.5 hours,4.5,17,1085,"Rp149,000",1/2024,2,0,0,https://www.udemy.com/course/fullstack-development-with-angular17-springboot3-bootstrap5/
JSON Web Token (JWT) with Spring Security And Angular,2715290,Get Arrays,"JSON Web Token (JWT), Spring Security, Other IT & Software, IT & Software",Angular,All Levels,23 hours,4.5,1141,8008,"Rp149,000",7/2023,5,0,4,https://www.udemy.com/course/jwt-springsecurity-angular/
Angular Mastery: Build Modern Web Applications from Scratch,5507552,"Sufa Digital | 16,000+ Enrollments Worldwide","Angular, AngularJS, Web Development, Front End Web Development, Development",Angular,All Levels,19.5 hours,4.3,46,554,"Rp149,000",9/2025,8,0,0,https://www.udemy.com/course/build-angular-projects/
400+ Angular Interview Questions Practice Test [2026],5691130,Interview Questions Tests,"Angular, Web Development, Development",Angular,All Levels,N/A,4.5,4,1787,"Rp149,000",1/2026,0,0,0,https://www.udemy.com/course/angular-interview-questions/
Angular 13 Masterclass 2022 - Create 4 Real World Projects,4260414,DigiFisk (Programming is fun),"Angular, Angular Material, Web Development, Development",Angular,All Levels,22.5 hours,4.3,27,181,"Rp149,000",3/2022,4,0,4,https://www.udemy.com/course/angular-masterclass-create-real-world-projects/
Full-Stack Health Care (Telemed) App: Spring Boot & Angular,6884761,Dev Den,"Full Stack Web Development, Angular, Spring Boot, Web Development, Development",Angular,Intermediate,13 hours,4.9,11,1088,"Rp149,000",1/2026,0,0,6,https://www.udemy.com/course/full-stack-health-care-telemed-app-spring-boot-angular/
Qwik For Beginners,5120076,Angular University,"Web Development, Development",Angular,All Levels,3.5 hours,4.4,109,582,"Rp149,000",4/2026,2,0,0,https://www.udemy.com/course/qwik-course/
"Modern Frontend Web Development: Angular, Javascript JS",3633726,"Oak Academy, OAK Academy Team","Front End Web Development, JavaScript, Angular, Web Development, Development",Angular,All Levels,22 hours,4.4,95,835,"Rp149,000",4/2026,4,0,0,https://www.udemy.com/course/modern-web-development-from-zero-to-advanced/
Angular Front To Back,1277924,Brad Traversy,"Angular, Web Development, Development",Angular,All Levels,11.5 hours,4.4,6658,25309,"Rp149,000",5/2018,0,0,58,https://www.udemy.com/course/angular-4-front-to-back/
Build a Full Inventory Mgt System Using SpringBoot & Angular,6292645,Dev Den,"Spring Security, Angular, Spring Boot, Database Design, Web Development",Angular,Intermediate,11 hours,4.2,28,2128,"Rp149,000",1/2026,0,0,8,https://www.udemy.com/course/build-a-full-inventory-mgt-system-using-springboot-angular/
Angular Fundamentals from Scratch & Unit/Integration Testing,4188360,"QA Click Academy, Rahul Shetty Academy, Venugopal Rao","Unit Testing, Integration Testing, Angular, Software Testing, Development",Angular,All Levels,11 hours,4.5,622,4720,"Rp149,000",7/2021,4,0,2,https://www.udemy.com/course/angular-fundamentals-unit-integration-testing/
Unit Testing in Angular,6195267,Abhimanyu Singh Shaktawat,"Other IT & Software, IT & Software",Angular,Beginner,2 hours,4.6,31,97,"Rp149,000",11/2024,0,0,0,https://www.udemy.com/course/unit-testing-in-angular/
Build a Real-world App with ASP.NET Core and Angular 2 (4+),1144726,Mosh Hamedani,"ASP.NET Core, Angular, Web Development, Development",Angular,Intermediate,10.5 hours,4.6,4812,30060,"Rp149,000",4/2018,15,0,18,https://www.udemy.com/course/aspnet-core-angular/
Develop and Deploy MEAN Stack Project on Azure Cloud,4817430,Rakesh Pandey,"MEAN Stack, MongoDB, Node.Js, Angular, Web Development",Angular,All Levels,12.5 hours,4.2,31,6104,"Rp149,000",8/2022,3,0,0,https://www.udemy.com/course/develop-and-deploy-mean-stack-project-on-azure-cloud/
Full Stack Web Development Bootcamp : Spring Boot & Angular,4985102,Java Corner (Karim),"Spring Framework, Angular, Spring Boot, Programming Languages, Development",Angular,All Levels,31.5 hours,4.5,145,1211,"Rp149,000",4/2024,0,0,29,https://www.udemy.com/course/spring-boot-angular-practical-guide/
Angular for Beginners,3262652,Srikanth Pragada,"Angular, Front End Web Development, Typescript, Web Development, Other IT & Software",Angular,Beginner,11.5 hours,4.5,35,230,"Rp149,000",7/2021,1,0,3,https://www.udemy.com/course/angular_for_beginners/
"React, Angular, Node In-Depth Guide: Beginner to Pro (2018)",1652608,Filip Jerga,"Angular, React JS, Node.Js, MongoDB, Web Development",Angular,All Levels,63 hours,4.6,875,6940,"Rp149,000",3/2020,17,0,129,https://www.udemy.com/course/practical-angular-react-node-airbnb-style-application/
The Complete Angular Course 2022: From Zero to Expert!,4149734,Nitish Kumar - Microsoft MVP,"Angular, Angular Material, Web Development, Development",Angular,All Levels,13.5 hours,4.1,23,133,"Rp149,000",8/2022,0,0,1,https://www.udemy.com/course/angular-complete-course/
Angular for beginners: Learn from scratch,1306368,Bluelime Learning Solutions,"Angular, Web Development, Development",Angular,Beginner,4 hours,4.4,47,1775,"Rp149,000",3/2026,2,0,0,https://www.udemy.com/course/angular4-for-beginners-learn-from-scratch/
Angular from Zero to Hero,5455066,Bouali Ali,"Angular, Web Development, Development",Angular,Beginner,3.5 hours,4.1,287,2083,"Rp149,000",6/2024,1,0,0,https://www.udemy.com/course/new-angular-from-zero-to-hero/
The Complete Angular & NestJS Course,4100698,"Codestars • over 2.5 million students worldwide!, Antonio Papa","Angular, Node.Js, Typescript, NestJS, Web Development",Angular,All Levels,9.5 hours,4.1,62,769,"Rp149,000",12/2025,1,0,0,https://www.udemy.com/course/the-complete-angular-nestjs-course/
Spring Boot And Angular Material Full Stack Development,5596822,Kobinath Ramalingam,"Full Stack Web Development, Angular Material, Spring Boot, Web Development, Development",Angular,Beginner,14 hours,4.6,4,33,"Rp149,000",5/2025,0,0,0,https://www.udemy.com/course/angular-material-and-spring-boot-full-stack-development/
100 Angular Challenge,2898770,Dylan Israel,"Angular, Web Development, Development",Angular,Beginner,12.5 hours,4.1,136,1248,"Rp149,000",8/2020,0,0,0,https://www.udemy.com/course/100-angular-challenge/
Architecting Reactive Angular Applications with Redux & NgRx,2392822,Packt Publishing,"RxJs, Redux (JavaScript library), Web Development, Development",Angular,Beginner,6 hours,4.4,118,743,"Rp149,000",12/2019,0,0,1,https://www.udemy.com/course/architecting-reactive-angular-applications-with-redux-ngrx/
MEAN Stack Angular Material Node.js Angular App [2022],4875830,Youssef Kharoufi,"MEAN Stack, Node.Js, Angular, Angular Material, Web Development",Angular,All Levels,9.5 hours,4.5,13,85,"Rp149,000",10/2022,1,0,25,https://www.udemy.com/course/mean-fullstack-with-angular-material/
Essential Angular Programming by Practical Project Samples,2998928,Agus Kurniawan,"Angular, Node.Js, Web App Development, Web Development, Development",Angular,All Levels,7 hours,4.2,3,38,"Rp149,000",10/2023,2,0,61,https://www.udemy.com/course/angularprog/
Interactive Websites with Angular and TypeScript,5232360,Dr Amol Prakash Bhagat,"Typescript, IT Certifications, IT & Software",Angular,All Levels,14.5 hours,4.6,35,300,"Rp149,000",3/2023,0,0,0,https://www.udemy.com/course/interactive-websites-with-angular-and-typescript/
Learn React & Angular Step by Step: Building Projects,3447422,Fatah Gabrial,"Front End Web Development, Web Development, Development",Angular,All Levels,6 hours,4.1,295,36037,"Rp149,000",8/2025,0,0,0,https://www.udemy.com/course/react-angular-complete-guide-for-beginners-step-by-step/
"Angular 12, .NET Core Web API & Microsoft SQL full-stack app",4206792,Vinay Kumar,".NET, Microsoft SQL, Full Stack Web Development, Angular, Web Development",Angular,Beginner,1 hour,4.0,153,18267,"Rp149,000",8/2021,1,0,1,https://www.udemy.com/course/angular-12-net-core-web-api-microsoft-sql-full-stack-app/
Angularjs for Beginners,2139072,Shivprasad Koirala,"Angular, AngularJS, Web Development, Development",Angular,Beginner,7.5 hours,4.2,135,11664,"Rp149,000",3/2019,0,0,0,https://www.udemy.com/course/angularjs-angular/
Angular & Firebase Authentication: Complete Login System,3808344,Zoaib Khan,"Angular, Angular Material, Authentication, Firebase, Web Development",Angular,All Levels,2 hours,4.7,45,165,"Rp149,000",11/2024,0,0,3,https://www.udemy.com/course/angular-firebase-authentication-create-full-sign-up-app/
Redux in Angular (2 and 4+),1251786,Mosh Hamedani,"Redux Framework, Angular, Web Development, Development",Angular,Intermediate,1.5 hours,4.3,803,5111,"Rp149,000",7/2024,2,0,5,https://www.udemy.com/course/redux-in-angular/
Angular 7 with Angular Material and Firebase Cloud Firestore,1481956,Patrick Schroeder,"Angular, Typescript, Firebase, Angular Material, Web Development",Angular,All Levels,3 hours,4.0,188,814,"Rp149,000",12/2018,0,0,26,https://www.udemy.com/course/angular-firebase-firestore/
"[NEW] Learn Spring boot, Angular & Keycloak | Project based",5900926,Bouali Ali,"Spring Boot, Angular, Spring Security, Web Development, Development",Angular,Intermediate,14.5 hours,4.4,25,173,"Rp149,000",5/2024,0,0,0,https://www.udemy.com/course/learn-spring-boot-angular-keycloak-with-project-based/
ANGULAR : Advanced level,4485014,Best Tutorials,"Angular, Typescript, Visual Studio Code, Web Development, Development",Angular,All Levels,5 hours,3.2,24,166,"Rp149,000",6/2025,21,0,5,https://www.udemy.com/course/angular-professional-level/
"Angular 17, Python Fast API and MySQL Full-Stack App",5930530,Vinay Kumar,"Angular, FastAPI, Web Development, Development",Angular,Beginner,1 hour,4.1,24,1028,"Rp149,000",4/2024,0,0,0,https://www.udemy.com/course/angular-17-python-fast-api-and-mysql-full-stack-app/
Starting with Angular 4 (updated for Version 5),1105990,Stone River eLearning,"Angular, Programming Languages, Development",Angular,All Levels,10 hours,4.3,57,396,"Rp149,000",1/2018,1,0,4,https://www.udemy.com/course/starting-with-angular-4/
Complete Angular course for 2020,3225437,Igneus Technologies,"Angular, Web Development, Development",Angular,All Levels,16 hours,4.3,77,289,"Rp149,000",9/2020,1,0,1,https://www.udemy.com/course/complete-angular-developer-course/
Ultimate AngularJS: Build a Real-World App from Scratch,585496,"Ryan Chenkie, Code College","AngularJS, Web Development, Development",Angular,All Levels,5.5 hours,4.3,796,3738,"Rp149,000",2/2016,0,0,0,https://www.udemy.com/course/ultimate-angularjs-course/
Angular & Loopback - Build a Complete Website from Scratch,2424170,Umair Jameel,"Angular, Web Development, Development",Angular,Beginner,8.5 hours,4.2,56,436,"Rp149,000",2/2020,0,0,9,https://www.udemy.com/course/angular-loopback-build-complete-website-from-scratch/
Full Stack Web Development Bootcamp with MERN Stack Projects,4341426,"Oak Academy, OAK Academy Team","MERN Stack, Node.Js, React JS, Web Development, Development",Angular,All Levels,66 hours,4.2,340,1951,"Rp149,000",4/2026,12,0,0,https://www.udemy.com/course/full-stack-web-development-bootcamp-with-mern-stack-projects/
"Se un Full-Stack con Angular, Nodejs con TypeScript, MongoDB",6816447,Alonso Nava,"Angular, Node.Js, Typescript, MongoDB, Web Development",Angular,All Levels,6 hours,5.0,1,107,"Rp149,000",9/2025,1,0,2,https://www.udemy.com/course/se-un-full-stack-con-angular-nodejs-con-typescript-mongodb/
"MEAN Stack E-Commerce App: Angular, NX, PrimeNG [2023]",5397044,Fadi Nouh,"Angular, Web Development, Development",Angular,All Levels,27 hours,4.2,28,233,"Rp149,000",7/2023,4,0,0,https://www.udemy.com/course/mean-stack-e-commerce-angular-nx-primeng/
"React, Angular, Node In-Depth Guide: Beginner to Pro (2020)",2862260,"Eincode by Filip Jerga, Filip Jerga","React JS, JavaScript, Node.Js, Angular, Web Development",Angular,All Levels,79.5 hours,4.4,260,2377,"Rp149,000",9/2020,0,0,16,https://www.udemy.com/course/react-angular-node-in-depth-guide-beginner-to-pro-2020/
Angular and Laravel: A Rapid Guide - Advanced,3394726,Antonio Papa,"Typescript, Angular, Docker, Laravel, Web Development",Angular,Intermediate,8.5 hours,4.6,33,235,"Rp149,000",2/2022,0,0,0,https://www.udemy.com/course/angular-laravel-influencer/
Angular 5 - A 3-Step Process to Master Angular for Beginners,1924678,"Dr. Chris Mall • 40,000+ Students Worldwide","Angular, Web Development, AngularJS, AngularJS MVC, Development",Angular,All Levels,5 hours,4.3,19,79,"Rp149,000",8/2024,3,0,0,https://www.udemy.com/course/angular-mastercourse/
"Angular 15 Masterclass with TypeScript, Firebase, & Material",1557720,Siddharth Ajmera,"Angular, Firebase, Typescript, Angular Material, Other IT & Software",Angular,Beginner,17 hours,4.0,1141,55261,"Rp149,000",11/2022,1,0,51,https://www.udemy.com/course/angular-all-you-need-to-know/
Complete Guide to TypeScript: Essentials and Beyond,6832113,Selfcode Academy,"Typescript, Programming Languages, Development",Angular,All Levels,17 hours,4.5,4,1009,"Rp149,000",10/2025,0,0,2,https://www.udemy.com/course/complete-guide-to-typescript-essentials-and-beyond/
Angular for Beginners: From Basics to Advanced Projects,5848844,Meta Brains,"Web Development, Development",Angular,All Levels,3.5 hours,3.9,157,35766,"Rp149,000",2/2024,0,0,0,https://www.udemy.com/course/angular-for-beginners-from-basics-to-advanced-projects/
Go Full Stack JWT Authorization With Spring Boot and Angular,4383816,Senol Atac,"JSON Web Token (JWT), Spring Boot, Angular, Web Development, Development",Angular,All Levels,6.5 hours,4.2,54,321,"Rp149,000",6/2023,3,0,0,https://www.udemy.com/course/go-full-stack-jwt-authorization-with-spring-boot-and-angular/
"Angular 8+, be professional from page one",2050061,Orlando Quero,"Angular, Web Development, Development",Angular,Intermediate,14 hours,4.5,32,234,"Rp149,000",3/2020,0,0,2,https://www.udemy.com/course/angular-8-pro-from-page-one/
The Ultimate Authentication Course with Django and Angular,4556294,Antonio Papa,"Django, JavaScript, Typescript, Angular, Web Development",Angular,All Levels,3.5 hours,4.6,25,136,"Rp149,000",4/2022,0,0,0,https://www.udemy.com/course/angular-django-authentication/
Angular interview questions (All core concepts + hands-on),4963728,Vikash CV,"Angular, AngularJS, Web Development, Development",Angular,All Levels,3.5 hours,4.9,23,80,"Rp399,000",8/2023,7,0,0,https://www.udemy.com/course/angular-interview-preparation/
Docker & Kubernetes for .Net and Angular Developers,3431326,Rahul Sahay,"Docker, Software Development, Angular, Software Engineering, Development",Angular,All Levels,7 hours,4.4,337,13215,"Rp149,000",4/2026,0,0,1,https://www.udemy.com/course/docker-for-net-and-angular-developers/
Angular 2026: Complete Guide with Projects & Interview Prep,7048075,Arfan Ali | Certification Instructor,"Angular, Web Development, Development",Angular,All Levels,N/A,5.0,1,3,"Rp279,000",3/2026,0,0,0,https://www.udemy.com/course/angular-knowledge-check/
Angular CLI: Using Angular made easy,1436522,Purvang Joshi,"Angular, Other IT & Software, IT & Software",Angular,Intermediate,2 hours,4.3,21,1997,"Rp149,000",11/2017,0,0,0,https://www.udemy.com/course/angular-cli/
Go Full Stack With Spring Cloud Microservices and Angular,4364396,Senol Atac,"Microservices, Spring Boot, Spring Cloud, Angular, Web Development",Angular,All Levels,9.5 hours,4.4,68,426,"Rp149,000",6/2023,7,0,0,https://www.udemy.com/course/go-full-stack-with-spring-cloud-microservices-and-angular/
"FullStack Web Development with ReactJS, ReactNative, Angular",3633716,"Oak Academy, OAK Academy Team","React Native, Angular, Mobile App Development, Web Development, Development",Angular,All Levels,46 hours,4.3,183,2763,"Rp149,000",4/2026,6,0,0,https://www.udemy.com/course/mobile-and-web-development-with-react-js-native-angular/
The Ultimate Authentication Course with Java and Angular,4615562,"Antonio Papa, Rui Lopes","Java, Angular, Web Development, Development",Angular,All Levels,6 hours,3.9,2,46,"Rp149,000",4/2022,0,0,0,https://www.udemy.com/course/angular-java-authentication/
Angular unit test case with Jasmine & Karma,4661744,TheDotNet Office,"Angular, Unit Testing, Web Development, Development",Angular,All Levels,6.5 hours,4.0,151,729,"Rp149,000",11/2022,0,0,83,https://www.udemy.com/course/angular-unit-test-case-with-jasmine-karma/
Angular and Stripe payments integration,3970550,Nevyan Neykov,"Stripe Payments Platform, MongoDB, RxJs, Angular, Other IT & Software",Angular,Beginner,1 hour,4.7,27,166,"Rp149,000",1/2026,1,0,1,https://www.udemy.com/course/angular-stripe-payments-integration/
Atomic Design Mastery for Angular: From Theory to Practice,6821173,Medhat Gadallah,"Angular, Tailwind CSS, Web Development, Development",Angular,All Levels,3 hours,4.0,16,4733,"Rp149,000",1/2026,0,0,1,https://www.udemy.com/course/atomic-design-mastery-for-angular-from-theory-to-practice/
Learn how to use Ruby and Angular 2. Become a web developer,1015892,"Mammoth Interactive, John Bura","Angular, Web Development, Ruby (programming language), Programming Languages, Development",Angular,Beginner,41 hours,4.7,9,218,"Rp149,000",5/2018,1,0,1,https://www.udemy.com/course/learn-how-to-use-ruby-and-angular-2-become-a-web-developer/
Learn Angular 8 & Web API by creating a Full Stack Web App,2400782,Vinay Kumar,"Angular, Web API, Web Development, Development",Angular,Beginner,5.5 hours,4.2,253,15473,"Rp149,000",8/2020,2,0,2,https://www.udemy.com/course/angular-8/
Learning Angular 7,2133852,Packt Publishing,"Angular, Web Development, Development",Angular,Beginner,4 hours,4.3,31,117,"Rp149,000",1/2019,0,0,1,https://www.udemy.com/course/learning-angular-7/
Angular for Modern Web Development: A Complete Guide,3526874,Uplatz Training,"Angular, AngularJS, Front End Web Development, Full Stack Web Development, Web Development",Angular,All Levels,20.5 hours,3.9,402,33394,"Rp149,000",7/2025,0,0,33,https://www.udemy.com/course/angular-8-certification-training/
Full Stack Web Development with Mern Full Stack Project,4336812,"Oak Academy, OAK Academy Team","Web Development, Node.Js, React JS, MERN Stack, Development",Angular,All Levels,58.5 hours,4.3,200,1047,"Rp149,000",4/2026,5,0,0,https://www.udemy.com/course/full-stack-web-development-with-mern-full-stack-project/
Master Angular Fundamentals by Building a Real App,2579402,Irek Mirgaleev,"Angular, Web Development, Development",Angular,Intermediate,1 hour,4.6,44,3151,"Rp149,000",11/2019,0,0,0,https://www.udemy.com/course/angular-by-example/
"Front End Web Development with React JS, Angular, Bootstrap",3584798,"Oak Academy, OAK Academy Team","Front End Web Development, Bootstrap, HTML, Angular, Web Development",Angular,Beginner,39 hours,4.5,163,887,"Rp149,000",4/2026,5,0,0,https://www.udemy.com/course/web-development-with-html-css-bootstrapreact-js-angular/
Angular 7 & TypeScript Masterclass – 55+ Tests,2444552,Sandeep Soni,"Angular, Typescript, Software Engineering, Development",Angular,Beginner,18.5 hours,4.5,44,1202,"Rp149,000",12/2025,0,0,22,https://www.udemy.com/course/angular7-and-typescript-complete-course/
Chat GPT Clone in .NET9 and Angular,6765593,Tarun Kumar Saini,"Artificial Intelligence (AI), Angular, Machine Learning, .NET, Web Development",Angular,Intermediate,1 hour,4.6,N/A,3,"Rp169,000",8/2025,1,0,1,https://www.udemy.com/course/chat-gpt-clone-in-net9-and-angular/
Angular and Golang: A Rapid Guide - Advanced,4077046,Antonio Papa,"Go (programming language), Docker, Angular, Angular Material, Web Development",Angular,Intermediate,9.5 hours,4.3,11,154,"Rp149,000",2/2022,0,0,0,https://www.udemy.com/course/angular-go-advanced/
[AI] Build a Object Recognition App with Python & Angular,6185869,Alex Bakker,"Artificial Intelligence (AI), Machine Learning, React JS, Python, Software Engineering",Angular,All Levels,3 hours,4.8,13,2043,"Rp149,000",11/2024,1,0,7,https://www.udemy.com/course/ai-python-angular-object-recognition-app/
Deep Learning with Tensorflow and Angular 2!,2013346,"Mammoth Interactive, John Bura","Machine Learning, Deep Learning, Angular, TensorFlow, Data Science",Angular,All Levels,99 hours,4.4,10,225,"Rp149,000",11/2018,64,0,56,https://www.udemy.com/course/deep-learning-with-tensorflow-and-angular-2/
"Create web app with Angular 12, .NET Core Web API & Mongo DB",4202208,Vinay Kumar,"Full Stack Web Development, MongoDB, ASP.NET Core, Web Development, Development",Angular,Beginner,1 hour,4.0,328,17958,"Rp149,000",7/2021,1,0,1,https://www.udemy.com/course/create-web-app-with-angular-12-net-core-web-api-mongo-db/
Angular 12 and .NET Core Web API Full Stack Master Course,4216036,Vinay Kumar,"Full Stack Web Development, ASP.NET Core, Angular, Web Development, Development",Angular,Intermediate,3.5 hours,4.2,47,7836,"Rp149,000",8/2021,4,0,4,https://www.udemy.com/course/angular-12-and-net-core-web-api-full-stack-master-course/
Angular Signals in practice,6101703,Nevyan Neykov,"Angular, RxJs, Web Development, Development",Angular,All Levels,1 hour,3.4,2,10,"Rp149,000",1/2026,1,0,0,https://www.udemy.com/course/angular-signals-in-practice/
Java Full Stack Spring Boot and Angular (Inc. JWT + Cloud),4182882,Senol Atac,"Angular, Heroku, Spring Boot, Web Development, Development",Angular,All Levels,9.5 hours,4.3,78,425,"Rp149,000",6/2023,2,0,0,https://www.udemy.com/course/java-full-stack-spring-boot-and-angular-inc-jwt-cloud/
Learn Protractor(Angular Testing) from scratch +Framework,1699476,"Rahul Shetty Academy, Venugopal Rao","Protractor (software testing), JasmineJs, Automation, JavaScript, Software Testing",Angular,All Levels,21.5 hours,4.5,5182,25919,"Rp149,000",4/2021,27,0,6,https://www.udemy.com/course/protractor-tutorial/
"Vue JS 3, React JS & Angular - Guide to Popular Frameworks",3437650,"Eincode by Filip Jerga, Filip Jerga","Vue JS, JavaScript, React JS, Angular, Web Development",Angular,All Levels,26 hours,4.5,34,362,"Rp149,000",8/2020,0,0,0,https://www.udemy.com/course/vue-js-3-react-js-angular-guide-to-popular-frameworks/
Build Real World Development Projects Using Angular,4897796,"Sufa Digital | 16,000+ Enrollments Worldwide","Angular, AngularJS, JavaScript, Web Development, Development",Angular,All Levels,19 hours,4.1,84,2071,"Rp149,000",10/2025,8,0,8,https://www.udemy.com/course/real-world-development-projects-using-angular/
Angular & Firebase - CRUD + Auth + Deployment,5909020,Tomasz Klewicki,"Angular, Firebase, Web Development, Development",Angular,Beginner,3 hours,4.2,9,87,"Rp149,000",9/2024,0,0,0,https://www.udemy.com/course/angular-firebase-crud-auth-deployment-2024/
Angular 8 and 9 - Elements,2171516,Pravinkumar Dabade,"Angular, Web Development, Development",Angular,Expert,5 hours,4.0,51,284,"Rp149,000",2/2020,0,0,40,https://www.udemy.com/course/angular-elements/
Introduction to TypeScript Development,999200,Jordan Hudgens,"Typescript, JavaScript, Programming Languages, Development",Angular,Beginner,8 hours,4.4,4103,14919,"Rp149,000",4/2021,0,0,0,https://www.udemy.com/course/introduction-typescript-development/
The Complete Angular Course- Beginner to Advanced 2022,4706254,Happy Learnings,"AngularJS, Web Development, Development",Angular,All Levels,29 hours,4.5,10,72,"Rp149,000",5/2022,0,0,0,https://www.udemy.com/course/the-complete-angular-course-beginner-to-advanced-2022/
E-commerce Web with Angular 8 (Material) & Firebase in 2020,2608884,University Code,"Angular Material, AngularJS MVC, Firebase, Angular, Web Development",Angular,All Levels,5 hours,4.1,72,304,"Rp149,000",4/2020,0,0,15,https://www.udemy.com/course/e-commerce-apps-with-angular-8-material-firebase-2020/
"Full-Stack Web Development using Angular 10, Web API & SQL",3379414,Vinay Kumar,"Full Stack Web Development, SQL Server, Web API, Angular, Web Development",Angular,All Levels,1.5 hours,4.4,57,365,"Rp149,000",7/2020,1,0,1,https://www.udemy.com/course/full-stack-development-using-angular-10-web-api-sql/
Angular and NestJS: A Rapid Guide - Advanced,4017486,Antonio Papa,"NestJS, Docker, Typescript, Angular, Web Development",Angular,Intermediate,9 hours,4.4,26,176,"Rp149,000",2/2022,0,0,0,https://www.udemy.com/course/angular-nestjs-advanced/
Angular Developer Interview Preparation Questions [2026],5596902,Exams Practice Tests Academy,"Angular, Web Development, Development",Angular,All Levels,N/A,4.2,5,2188,"Rp149,000",1/2026,0,0,0,https://www.udemy.com/course/angular-developer-interview-questions/
Angular and Deno Authentication: Forgot and Reset Password,3618766,Antonio Papa,"MySQL, Typescript, Angular, Deno, Web Development",Angular,Beginner,2.5 hours,4.8,11,37,"Rp149,000",11/2020,0,0,0,https://www.udemy.com/course/angular-deno-authentication/
Modern Web Design Patterns in Angular 8,2432740,Packt Publishing,"Angular, Web Development, Development",Angular,Intermediate,2.5 hours,4.4,11,92,"Rp149,000",11/2019,0,0,1,https://www.udemy.com/course/modern-web-design-patterns-in-angular-8/
Learn Angular by building a Progressive Web App (PWA),2677980,Vinod Kumar Kayartaya,"Angular, Firebase, Web Development, Development",Angular,All Levels,2.5 hours,4.4,140,13850,"Rp149,000",7/2021,3,0,1,https://www.udemy.com/course/learn-angular-8-by-building-a-progressive-web-app-pwa/
"Go Full Stack: Java, Spring Boot, Angular & Typescript",2902028,Alexandru Rosu,"Full Stack Web Development, Java, REST API, Spring Security, Web Development",Angular,All Levels,8.5 hours,4.2,79,436,"Rp149,000",8/2023,3,0,4,https://www.udemy.com/course/learn-how-to-create-a-spring-boot-restful-java-application/
Angular 2 Jump Start With Typescript,671960,Anto Aravinth,"Angular, Typescript, Web Development, Development",Angular,All Levels,4 hours,3.9,96,1851,"Rp149,000",10/2018,3,0,0,https://www.udemy.com/course/angular-2-jump-start-with-typescript/
"Angular 12, .NET Core Web API & PostgreSQL full-stack app",4206850,Vinay Kumar,"Angular, PostgreSQL, .NET, Full Stack Web Development, Web Development",Angular,Beginner,1 hour,4.1,29,9253,"Rp149,000",8/2021,1,0,1,https://www.udemy.com/course/angular-12-net-core-web-api-postgresql-full-stack-app/
The Ultimate Authentication Course with C# and Angular,4764484,"Antonio Papa, Atanu Dhar","Authentication, C# (programming language), .NET, Angular, Web Development",Angular,All Levels,2.5 hours,4.6,6,61,"Rp149,000",7/2022,0,0,0,https://www.udemy.com/course/angular-csharp-auth/
Hands-On Web Development with ASP.NET Core and Angular 7,2254798,Packt Publishing,"Angular, Web Development, Development",Angular,Intermediate,3.5 hours,4.4,10,95,"Rp149,000",3/2019,0,0,1,https://www.udemy.com/course/hands-on-web-development-with-aspnet-core-and-angular-7/
"Angular, Spring Boot, Docker, Full Application",6122629,János Dégi,"Full Stack Web Development, Other IT & Software, IT & Software",Angular,Beginner,13 hours,3.4,16,110,"Rp149,000",10/2024,0,0,8,https://www.udemy.com/course/angular-spring-boot-docker-full-application/
Advanced Ionic & Angular: 10 Techniques in Web Development,2573606,John Jacob,"Web Development, Kubernetes, Angular, Ionic, Development",Angular,Expert,1.5 hours,4.6,7,73,"Rp149,000",11/2019,0,0,13,https://www.udemy.com/course/ionic-angular-advanced-concepts/
Angular 2 Master Class with Alejandro Rangel,769390,Alejandro Rangel,"Angular, Web Development, Development",Angular,All Levels,9.5 hours,4.2,212,4161,"Rp149,000",2/2016,0,0,42,https://www.udemy.com/course/angular-2-master-class-with-alejandro-rangel/
Angular - Complete Essential Guide,2159182,Awais Jamil,"Angular, Web Development, Development",Angular,Beginner,12 hours,4.4,98,450,"Rp149,000",12/2023,1,0,1,https://www.udemy.com/course/angular-7-complete-essential-guide/
Angular 8 Real World WebApp Development w/ Node.js & MariaDB,2282642,Patrick God,"Angular, Node.Js, MariaDB, Web Development, Development",Angular,Intermediate,9 hours,4.5,82,2365,"Rp149,000",10/2019,2,0,12,https://www.udemy.com/course/angular-real-world-webapp-development-w-nodejs-mariadb/
Angular 7 : Practical Guide [11 Hours],2037624,"Eduonix Learning Solutions, Arseniy Chernykh, Eduonix-Tech .","Angular, Web Development, Development",Angular,All Levels,11.5 hours,4.0,23,303,"Rp149,000",1/2019,1,0,0,https://www.udemy.com/course/angular-the-ultimate-guide/
Angular A to Z,3680442,Vrajesh Gajjar,"Angular, Web Development, Development",Angular,All Levels,8 hours,4.2,63,4946,"Rp149,000",5/2021,0,0,6,https://www.udemy.com/course/angular-a-to-z/
"Node, Express JS, Angular 12 & Mongo DB web app development",4253888,Vinay Kumar,"Node.Js, Express Framework, MongoDB, Angular, Web Development",Angular,Beginner,1 hour,4.5,78,12433,"Rp149,000",8/2021,1,0,1,https://www.udemy.com/course/node-express-js-angular-12-mongo-db-web-app-development/
"Angular, Ionic & Node: Build A Real Web & Mobile Chat App",1804018,Uzochukwu Eddie Odozi,"MEAN Stack, Angular, Node.Js, Ionic, Web Development",Angular,All Levels,37 hours,4.5,231,1338,"Rp149,000",12/2018,6,0,34,https://www.udemy.com/course/angular-ionic-node-build-a-real-web-mobile-chat-app/
Angular 2 & TypeScript Beginner Web Development,997814,"Mark Price, Devslopes by Nathan Sevedge","Angular, Web Development, Typescript, Development",Angular,Beginner,19.5 hours,3.9,578,5947,"Rp149,000",9/2018,3,0,6,https://www.udemy.com/course/angular2/
"Angular 18: Video Blog, i18n, Firebase, internationalization",6274257,Tomasz Klewicki,"Angular, Firebase, User Interface Design, Web Development, Development",Angular,Beginner,3.5 hours,3.5,2,106,"Rp149,000",3/2025,0,0,2,https://www.udemy.com/course/angular-18-video-blog-i18n-firebase-internacionalization/
"ASP NET Core,MVC,C#,Angular, ChatGPT & EF Crash Course",791802,Devwebtuts 24/7,"Angular, ASP.NET Core, ASP.NET MVC, C# (programming language), Programming Languages",Angular,All Levels,22.5 hours,4.0,2088,14281,"Rp149,000",8/2023,15,0,54,https://www.udemy.com/course/aspnet-core-aspnet-5mvc-6cweb-api-ef-crash-course/
Angular 2-8 Unit Testing With Jasmine & Karma Step By Step,2597106,"The Startup Central Co., Suren K","JasmineJs, Software Testing, Development",Angular,All Levels,3 hours,3.5,141,652,"Rp149,000",11/2019,2,0,2,https://www.udemy.com/course/angular-unit-testing-with-jasmine-karma/
Angular and Laravel: A Practical Guide with Docker,3216285,Antonio Papa,"Laravel, Docker, Typescript, Angular, Web Development",Angular,All Levels,6.5 hours,4.5,50,294,"Rp149,000",12/2020,0,0,0,https://www.udemy.com/course/angular-laravel-admin/
Angular 12 and Python Django Full Stack Web Development,4219382,Vinay Kumar,"Django, Full Stack Web Development, Angular, Python, Web Development",Angular,Intermediate,4.5 hours,3.6,28,9637,"Rp149,000",8/2021,5,0,5,https://www.udemy.com/course/angular-12-and-python-django-full-stack-web-development/
"JavaScript and Ruby on Rails with React, Angular, and Vue",1591772,"Mashrur Hossain, Evgeny Rahman","Ruby on Rails, AngularJS, Ruby (programming language), React JS, Web Development",Angular,All Levels,22 hours,4.3,427,4364,"Rp149,000",12/2020,132,12,0,https://www.udemy.com/course/ruby-on-rails-react-angular/
Angular and NodeJS: A Practical Guide with Typescript,4404672,Antonio Papa,"Node.Js, JavaScript, Typescript, Angular, Web Development",Angular,All Levels,6.5 hours,4.2,15,84,"Rp149,000",11/2021,0,0,0,https://www.udemy.com/course/angular-node-admin/
The Complete Angular 5 Essentials Course For Beginners,1407832,"Joe Parys, Leon Watson II, Joe Parys Support","Angular, Mobile Development, Development",Angular,Beginner,3 hours,4.0,293,33815,"Rp149,000",11/2017,2,0,4,https://www.udemy.com/course/angular5/
Build A Complete CMS App Using Angular 5,1524298,"Eduonix Learning Solutions, Eduonix-Tech ., Samy Eduonix","Angular, AngularJS, Front End Web Development, Web Development, Development",Angular,Intermediate,5 hours,4.1,86,621,"Rp149,000",12/2018,1,0,4,https://www.udemy.com/course/build-a-complete-cms-app-using-angular-5/
"E-Commerce app with .NET, Angular [intermediate-level-dev]",5635566,Youssef Kharoufi,".NET, Angular, Microsoft Azure, Web Development, Development",Angular,Intermediate,7.5 hours,4.2,3,40,"Rp149,000",11/2023,0,0,14,https://www.udemy.com/course/e-commerce-bshop/
"Live Project: N-Tier App (.NET 5, EF Core & Angular) | Tests",3821990,Sandeep Soni,".NET, Entity Framework, Angular, Programming Languages, Development",Angular,Beginner,5 hours,4.8,8,62,"Rp149,000",12/2025,0,0,5,https://www.udemy.com/course/live-project-using-ntier-arch-net5-ef-core-angular/
Figma to Angular Mastery: Design to Code with AI,6902915,Medhat Gadallah,"Angular, Windsurf AI, Figma, Web Development, Development",Angular,All Levels,1.5 hours,4.3,14,3037,"Rp149,000",11/2025,0,0,0,https://www.udemy.com/course/figma-to-angular-mastery-design-to-code-with-ai/
Vuejs for Angular Developers,3921338,Fikayo Adepoju,"Vue JS, Angular, Other IT & Software, IT & Software",Angular,Beginner,5 hours,4.4,8,30,"Rp149,000",4/2021,0,0,0,https://www.udemy.com/course/vuejs-for-angular-developers/
Angular 18: Firebase Authentication + Pannellum Virtual Tour,6168329,Tomasz Klewicki,"Angular, Firebase, Angular Material, Web Development, Development",Angular,Beginner,2.5 hours,4.5,1,20,"Rp149,000",11/2024,0,0,0,https://www.udemy.com/course/angular-18-firebase-authentication-pannellum-virtual-tour/
Angular and NestJS: A Practical Guide with Docker,3735544,Antonio Papa,"NestJS, Docker, Express Framework, Node.Js, Web Development",Angular,All Levels,6.5 hours,4.2,48,304,"Rp149,000",4/2021,0,0,0,https://www.udemy.com/course/nest-admin/
Learn Protractor(Angular Testing) with JavaScript,3062050,Pavan Kumar,"Protractor (software testing), Other IT & Software, IT & Software",Angular,All Levels,13.5 hours,4.2,48,223,"Rp149,000",4/2020,0,0,53,https://www.udemy.com/course/learn-protractorangular-testing-with-javascript/
Build A TodoList with ASP.NET Core and Ionic Angular,4350176,James Coonce with CodeBrains.IO Tech Training,"ASP.NET Core, Ionic, Angular, RESTful Web Services, Web Development",Angular,Beginner,2 hours,4.5,15,5231,"Rp149,000",6/2022,0,0,0,https://www.udemy.com/course/build-a-todolist-with-aspnet-core-and-ionic-angular/
Angular automation with Protractor + Typescript + Cucumber,1269108,Karthik KK,"Automation, Typescript, Protractor (software testing), Angular, Software Testing",Angular,All Levels,7 hours,4.1,513,2811,"Rp149,000",3/2019,1,0,8,https://www.udemy.com/course/protractor/
Angular ASP.NET Core Bootcamp,2345870,Amr Swalha,"ASP.NET Core, Angular, Web Development, Development",Angular,All Levels,4.5 hours,4.3,33,356,"Rp149,000",5/2019,0,0,0,https://www.udemy.com/course/angular-asp-net-core/
Testing Angular Apps - The Complete Guide,1492086,"Eduonix Learning Solutions, Eduonix-Tech ., Samy Eduonix","AngularJS, Software Testing, Web Development, Development",Angular,Beginner,5.5 hours,3.6,123,10567,"Rp149,000",12/2018,1,0,1,https://www.udemy.com/course/test-driven-development-in-angular/
"The Javascript you need for ReactJS (or Vue, Angular, Node)",5182864,Desmond Oben .A,"JavaScript, Web Development, Development",Angular,All Levels,3.5 hours,4.5,71,2247,"Rp149,000",8/2023,2,0,0,https://www.udemy.com/course/the-javascript-you-need-for-reactjs-or-vue-angular-node/
Ionic 2 Crash Course: Learn Ionic2 Fundamentals in 1.5 Hours,1223380,Mosh Hamedani,"Ionic, Mobile Development, Development",Angular,Intermediate,1.5 hours,4.4,241,4127,"Rp149,000",4/2018,3,0,0,https://www.udemy.com/course/ionic2-tutorial/
Angular and Django: A Rapid Guide - Advanced,3935168,Antonio Papa,"Django, Angular, Docker, Python, Web Development",Angular,Intermediate,8.5 hours,4.4,9,82,"Rp149,000",2/2022,0,0,0,https://www.udemy.com/course/angular-django-advanced/
Learn Angular 2 from Beginner to Advanced,949282,"Ermin Kreponic, Aldin Omerdic","Angular, Web Development, Development",Angular,Beginner,10 hours,3.9,1635,116742,"Rp149,000",1/2017,0,0,0,https://www.udemy.com/course/learn-angular-2-from-beginner-to-advanced/
Angular and Node.js Integration,1612762,"Edwin Diaz | 900,000+ Students, Coding Faculty Solutions","Angular, Node.Js, Web Development, Development",Angular,Intermediate,1.5 hours,4.1,516,20271,"Rp149,000",3/2018,1,0,1,https://www.udemy.com/course/angular-and-nodejs-integration/
Angular 16 & RxJS: Build Modern Single Page Applications,5634404,Meta Brains,"RxJs, Angular, Web Development, Development",Angular,All Levels,3.5 hours,3.8,141,35884,"Rp149,000",2/2024,2,0,1,https://www.udemy.com/course/angular-16-rxjs-build-modern-single-page-applications/
Firebase Authentication masterclass with Angular,1770172,Siddharth Ajmera,"Firebase, Angular, Web Development, Development",Angular,Beginner,2.5 hours,4.2,63,6910,"Rp149,000",7/2018,0,0,20,https://www.udemy.com/course/firebase-masterclass-with-angular/
Master Angular 4 by Example - Build 7 Awesome Apps!,1142202,Patrick Schroeder,"Angular, API, Node.Js, Web Development, Development",Angular,All Levels,8 hours,4.0,136,1489,"Rp149,000",11/2017,0,0,80,https://www.udemy.com/course/learn-angular-4/
Angular and Golang Authentication: Forgot & Reset Password,3808632,Antonio Papa,"Go (programming language), JavaScript, Typescript, Angular, Web Development",Angular,Beginner,2.5 hours,4.3,2,36,"Rp149,000",2/2021,0,0,0,https://www.udemy.com/course/angular-go-authentication/
Build Modern MEAN Stack Web App,3689646,Haider Malik,"NestJS, MEAN Stack, Node.Js, Angular, Web Development",Angular,Beginner,11.5 hours,4.2,13,95,"Rp149,000",12/2020,0,0,48,https://www.udemy.com/course/nestjs-angular/
Learn and Understand Angular and NodeJS- A Developers Course,2195180,Markos Klinakis,"Angular, Node.Js, Web Development, MongoDB, Development",Angular,Beginner,7.5 hours,4.2,53,235,"Rp149,000",3/2019,0,0,9,https://www.udemy.com/course/master-in-angular-and-nodejs-by-building-a-mean-stack-app/
"Intro to Database App Dev w/Spring Boot, Angular, Postgres",2645728,Howard Hyde,"Spring Boot, Database Programming, Java, Angular, Other IT & Software",Angular,Intermediate,7.5 hours,4.5,11,177,"Rp149,000",8/2023,4,0,9,https://www.udemy.com/course/intro-db-app-dev-springboot-angular/
Building a RESTful API Application using Spring and Angular,2225426,Get Arrays,"API, Java, Spring Framework, HTTP, Other IT & Software",Angular,Intermediate,11 hours,4.2,90,550,"Rp149,000",7/2022,2,0,1,https://www.udemy.com/course/building-a-restful-api-application-using-spring-and-angular/
NEW:Angular Material: The full guide using a Spring boot API,3578367,Bouali Ali,"Spring Boot, Swagger Tools, Angular Material, REST API, Web Development",Angular,All Levels,3 hours,3.9,63,11343,"Rp149,000",10/2022,3,0,0,https://www.udemy.com/course/master-spring-angular-material-with-a-full-web-application/
Angular and Golang: A Practical Guide,3830086,Antonio Papa,"Go (programming language), JavaScript, Typescript, Angular, Web Development",Angular,All Levels,6.5 hours,4.2,34,180,"Rp149,000",2/2021,0,0,0,https://www.udemy.com/course/angular-go-admin/
Full-Stack Web Development with Angular and Express.js,6544771,eTech School,"Full Stack Web Development, Web Development, Development",Angular,All Levels,6.5 hours,4.4,3,2008,"Rp149,000",6/2025,0,0,2,https://www.udemy.com/course/full-stack-web-development-with-angular-and-expressjs/
Angular and Laravel: Breaking a Monolith to Microservices,3482836,Antonio Papa,"Microservices, Laravel, RabbitMQ, Angular, Web Development",Angular,All Levels,15.5 hours,4.3,44,346,"Rp149,000",8/2021,0,0,0,https://www.udemy.com/course/angular-laravel-microservices/
Angular 2+ with Typescript - Essential Training,866460,Patrick Schroeder,"Typescript, Angular, Web Development, Development",Angular,Beginner,3 hours,4.4,1786,57871,"Rp149,000",12/2017,0,0,27,https://www.udemy.com/course/angular-2-training/
Serving Static Angular 5 Apps using AWS S3 & Cloudfront,1522214,Sai Kiran Rathan,"Angular, Amazon S3, Amazon AWS, Web Development, Development",Angular,Beginner,1.5 hours,4.1,64,2210,"Rp149,000",2/2018,0,0,2,https://www.udemy.com/course/serving-static-angular-5-apps-using-aws-s3-cloudfront/
Full Stack App Development with Spring 5 and Angular: 3-in-1,1967296,Packt Publishing,"Full Stack Web Development, Angular, Web Development, Development",Angular,Intermediate,8.5 hours,4.1,23,168,"Rp149,000",11/2018,0,0,1,https://www.udemy.com/course/full-stack-app-development-with-spring-5-and-angular-3-in-1/
Angular 8 + Spring Boot Microservices and Spring Cloud,2479654,Senol Atac,"Spring Cloud, Microservices, Angular, Spring Boot, Programming Languages",Angular,All Levels,5.5 hours,4.0,94,457,"Rp149,000",6/2023,6,0,0,https://www.udemy.com/course/angular-8-spring-boot-microservices-and-spring-cloud/
"Angular 2 Complete E-Commerce App Course - Java,Spring,MySQL",1155262,Le Deng,"Angular, Java, Spring Framework, Web Development, Development",Angular,All Levels,20.5 hours,3.7,554,2689,"Rp149,000",3/2017,1,0,78,https://www.udemy.com/course/build-angular-2-complete-e-comerce-app-java-spring-mysql/
Master Web API with Angular for a Clinic Management system,6277285,Fawaz Almkhlavi,"IT Certifications, IT & Software",Angular,All Levels,3.5 hours,3.1,2,398,"Rp149,000",10/2025,0,0,0,https://www.udemy.com/course/master-web-api-with-angular-for-a-clinic-management-system/
Step By Step Create Admin Panel With Spring Boot And Angular,2334670,Senol Atac,"System Administration, Angular, Spring Boot, Web Development, Development",Angular,All Levels,5.5 hours,4.0,91,472,"Rp149,000",6/2023,11,0,0,https://www.udemy.com/course/step-by-step-create-admin-panel-with-spring-boot-and-angular/
"MongoDB, Express, React, Node, Angular (MEAN/MERN) - 5 in 1",4823994,Prince Patni,"Full Stack Web Development, Web Development, Development",Angular,All Levels,N/A,4.4,142,50145,"Rp149,000",8/2022,0,0,0,https://www.udemy.com/course/mongodb-express-react-node-angular-mean-mern-stack-5-in-1-course/
Angular and Django Rest Framework - Rest API : CRUD + Auth,5961692,Tomasz Klewicki,"REST API, Angular, Postman, Django, Web Development",Angular,Beginner,5 hours,4.0,20,95,"Rp149,000",2/2025,0,0,20,https://www.udemy.com/course/restful-api-with-angular-django-learn-crud-auth-2024/
MEAN project with Angular 4 (and 5) - Creating a CMS,1379244,Vojislav K.,"Content Management Systems (CMS), Angular, Web Development, Development",Angular,All Levels,3 hours,4.1,116,656,"Rp149,000",3/2020,0,0,1,https://www.udemy.com/course/mean-project-with-angular-4-creating-a-cms/
"Become a JavaScript developer - Learn (React, Node,Angular)",1587302,Bluelime Learning Solutions,"AngularJS, React JS, JavaScript, Web Development, Development",Angular,Beginner,19.5 hours,3.9,240,9309,"Rp149,000",4/2026,2,0,1,https://www.udemy.com/course/become-a-javascript-developer-learn-react-nodeangular/
Real-time Communication using Socket.IO 3.x and Angular 11.x,3056242,Pravinkumar Dabade,"Socket.IO, Web Development, Development",Angular,Intermediate,7 hours,4.3,26,230,"Rp149,000",3/2021,0,0,29,https://www.udemy.com/course/rtc-socket-io-ng/
Angular Nest Web Application Architect - Master Class 2020,3211547,"Suren K, UnboxedJS ™","Web Development, Angular, Development",Angular,Intermediate,12 hours,4.2,33,278,"Rp149,000",10/2020,0,0,0,https://www.udemy.com/course/angularnest/
Learn Fullstack Web Development With Spring And Angular,1662172,"Eduonix Learning Solutions, Eduonix-Tech .","Angular, Spring Framework, Web Development, Development",Angular,All Levels,7.5 hours,3.9,33,242,"Rp149,000",12/2018,1,0,1,https://www.udemy.com/course/learn-fullstack-web-development-with-spring-and-angular/
Angular and Django: A Practical Guide with Docker,3641544,Antonio Papa,"Django, Docker, Python, Angular, Web Development",Angular,All Levels,6.5 hours,4.3,40,227,"Rp149,000",12/2020,0,0,0,https://www.udemy.com/course/angular-django-admin/
ASP NET CORE - ANGULAR 2 - Web API E-Commerce App,997750,Happy Code,"ASP.NET MVC, Web Development, Development",Angular,All Levels,15.5 hours,3.5,296,1760,"Rp149,000",12/2019,22,0,6,https://www.udemy.com/course/build-a-full-e-commerce-app-in-aspnet-core-mvc-6/
The Ultimate Authentication Course with NestJS and Angular,3711140,Antonio Papa,"NestJS, JavaScript, Typescript, Angular, Web Development",Angular,All Levels,3 hours,4.4,30,155,"Rp149,000",2/2022,0,0,0,https://www.udemy.com/course/angular-nest-authentication/
Develop Ionic Angular iOS Android Apps for WooCommerce,2654110,M A Hasan,"Angular, Ionic, Mobile Development, Development",Angular,Beginner,9.5 hours,4.7,60,330,"Rp239,000",8/2025,10,0,15,https://www.udemy.com/course/develop-ionic-4-angular-ios-android-apps-for-woocommerce/
Protractor Angular framework from scratch using java &nodeJS,2060371,Lucky Trainings,"Protractor (software testing), AngularJS, Other IT & Software, IT & Software",Angular,Beginner,6 hours,4.0,15,73,"Rp149,000",12/2025,0,0,1,https://www.udemy.com/course/protractor-angular-framework-from-scratch-using-java-nodejs/
"Learn Basic HTML, CSS & Javascript (Typescript) with Angular",3646523,James Coonce with CodeBrains.IO Tech Training,"Web Development, HTML, Typescript, Angular, Development",Angular,Beginner,1 hour,3.9,95,8377,"Rp149,000",6/2022,0,0,0,https://www.udemy.com/course/learn-basic-html-css-javascript-typescript-with-angular/
Become a MEAN Stack Developer: MongoDB; Express;Angular;Node,1720450,Bluelime Learning Solutions,"MEAN Stack, MongoDB, AngularJS, Web Development, Development",Angular,Beginner,9 hours,4.1,230,24656,"Rp149,000",3/2026,3,0,0,https://www.udemy.com/course/become-a-mean-stack-developer-mongodb-expressangularnode/
Hands-on Web Development with ASP.NET Core & Angular 7,2225040,Reynald Adolphe,"Angular, ASP.NET Core, Other IT & Software, IT & Software",Angular,Beginner,3.5 hours,4.1,60,231,"Rp149,000",2/2019,0,0,0,https://www.udemy.com/course/hands-on-web-development-with-aspnet-core-angular-7/
React JS + Angular + Rails 5 Bootcamp,1004134,Jordan Hudgens,"Angular, Ruby on Rails, Web Development, Development",Angular,Intermediate,13.5 hours,4.4,831,5042,"Rp149,000",5/2021,1,0,0,https://www.udemy.com/course/angular-on-rails-course/
ASP.NET CORE 2.2.1 COURSE,1321998,Happy Code,"ASP.NET, Entity Framework, ASP.NET MVC, Angular, Web Development",Angular,All Levels,4.5 hours,2.7,102,412,"Rp149,000",10/2018,2,0,2,https://www.udemy.com/course/asp-net-core-2-angular-4/
Angular and ASP.Net Core Integration,1346156,David Donovan,"Angular, ASP.NET, Web Development, Development",Angular,Intermediate,1.5 hours,3.8,17,166,"Rp149,000",4/2019,0,0,1,https://www.udemy.com/course/angular-and-aspnet-core/
Learn To Build Apps Using NodeJS and Angular,1784854,"Eduonix Learning Solutions, Eduonix-Tech .","Node.Js, Web Development, Development",Angular,All Levels,4 hours,4.2,24,243,"Rp149,000",12/2018,1,0,1,https://www.udemy.com/course/learn-to-build-apps-using-nodejs-and-angular/
QR Code Login Like Whatsapp Webapp With Angular 7 + Ionic 4,2322428,Senol Atac,"Spring Boot, Angular, Ionic, Hibernate, Mobile Development",Angular,All Levels,4 hours,3.9,12,158,"Rp149,000",6/2023,9,0,0,https://www.udemy.com/course/qr-code-login-like-whatsapp-webapp-angular-ionic-spring-boot/
"Spring Boot, Angular 7, SQL, Docker Faster Performance Code",2269898,Senol Atac,"Software Development, Angular, Spring Boot, Docker, Programming Languages",Angular,All Levels,1 hour,4.5,1,37,"Rp149,000",6/2023,21,0,0,https://www.udemy.com/course/spring-boot-angular-7-sql-docker-faster-performance-code/
Angular & Laravel Authentication: Forgot and Reset Password,2211082,Antonio Papa,"Angular, Laravel, Web Development, Development",Angular,Beginner,1.5 hours,4.4,29,104,"Rp169,000",1/2021,0,0,0,https://www.udemy.com/course/angular-and-laravel-passport-authentication/
MEAN Stack Registration and Login App,1656504,Awais Jamil,"MEAN Stack, Web Development, Development",Angular,Intermediate,4.5 hours,3.8,32,121,"Rp149,000",10/2018,2,0,0,https://www.udemy.com/course/build-advance-registration-app/
Angular & NestJS - The Modern MEAN Stack Guide,2371372,Baljeet Singh,"NestJS, API, Angular, Web Development, Development",Angular,All Levels,4.5 hours,4.4,65,274,"Rp149,000",8/2019,0,0,6,https://www.udemy.com/course/angular-nestjs-the-modern-mean-stack-guide/
Learn Python Django & Angular 10 by creating a FullStack App,3432242,Vinay Kumar,"Django, SQLite, Angular, Web Development, Development",Angular,All Levels,1.5 hours,4.4,43,736,"Rp149,000",8/2020,1,0,1,https://www.udemy.com/course/learn-python-django-angular-10-by-creating-a-fullstack-app/
"Full-Stack app with Angular 12, Python Django & PostgreSQL",4211132,Vinay Kumar,"Angular, Django, PostgreSQL, Full Stack Web Development, Web Development",Angular,Beginner,1 hour,3.7,55,13532,"Rp149,000",7/2021,1,0,1,https://www.udemy.com/course/full-stack-app-with-angular-12-python-django-postgresql/
NativeScript with Angular code sharing,1992156,Krystian Czekalski,"NativeScript, Angular, Mobile Development, Development",Angular,Beginner,3.5 hours,3.9,18,117,"Rp149,000",6/2019,0,0,1,https://www.udemy.com/course/nativescript-angular-code-sharing/
Learn MEAN Stack By Building A ToDo App,1013352,"Eduonix Learning Solutions, Eduonix-Tech .","MEAN Stack, Web Development, Development",Angular,Beginner,1.5 hours,4.0,16,113,"Rp149,000",12/2018,1,0,8,https://www.udemy.com/course/learn-mean-stack-building-a-todo-app/
"Build A TodoList with Go (Golang), Fiber and Angular",4335948,James Coonce with CodeBrains.IO Tech Training,"Go (programming language), Angular, RESTful Web Services, Full Stack Web Development, Programming Languages",Angular,Beginner,2 hours,4.4,14,4550,"Rp149,000",6/2022,0,0,0,https://www.udemy.com/course/build-a-todolist-with-go-golang-fiber-and-angular/
Machine learning in Angular,5312456,"Jorge Guerra Pires, TensorFlow.js Academy","TensorFlow.js, Bioinformatics, Angular, Typescript, Data Science",Angular,Beginner,3.5 hours,3.6,11,7632,"Rp149,000",4/2025,0,0,4,https://www.udemy.com/course/machine-learning-in-angular/
Learn to build an Auth0 App using Angular 2,1013408,"Eduonix Learning Solutions, Eduonix-Tech .","Angular, Auth0, Web Development, Development",Angular,Beginner,1 hour,4.3,18,146,"Rp149,000",12/2018,1,0,5,https://www.udemy.com/course/learn-to-build-an-auth0-app-using-angular-2/
"Ionic 4 Angular- Build Web App, Native Android, IOS App",2048721,RapidDev Pro,"Angular, Ionic, iOS Development, Android Development, Mobile Development",Angular,All Levels,3.5 hours,4.3,81,371,"Rp149,000",2/2020,2,0,6,https://www.udemy.com/course/ionic-angular/
ASP.NET Core MVC and Angular 5 Project- Creating a CMS,1453489,Vojislav K.,"ASP.NET Core, Content Management Systems (CMS), Microsoft Project, Angular, Web Development",Angular,All Levels,3 hours,4.2,113,619,"Rp149,000",3/2020,0,0,1,https://www.udemy.com/course/asp-net-mvc-core-and-angular-5-project-creating-a-cms/
Learn to Deploy your Angular NodeJS Application on Server,2223154,Markos Klinakis,"Node.Js, Angular, Amazon S3, App Deployment, Web Development",Angular,Beginner,1 hour,4.3,155,9828,"Rp149,000",2/2019,0,0,1,https://www.udemy.com/course/learn-to-deploy-your-angular-nodejs-application-on-server/
Ionic 4 Crash Course with Heartstone API & Angular,1861088,Filip Jerga,"Ionic, API, Angular, Mobile Web Sites, Mobile Development",Angular,All Levels,8 hours,4.4,342,1975,"Rp149,000",1/2019,2,0,7,https://www.udemy.com/course/ionic-4-crash-course-with-heartstone-api-angular/
Angular 7 + Spring Boot and Cloud Microservices(Inc. Docker),2287089,Senol Atac,"Microservices, Spring Cloud, Spring Boot, Apache Cassandra, Programming Languages",Angular,All Levels,7 hours,3.8,125,609,"Rp149,000",6/2023,23,0,0,https://www.udemy.com/course/angular-7-microservices-with-spring-boot-and-spring-cloud/
Ionic 4 - Build PWA and Mobile Apps with Angular,1836270,Baljeet Singh,"Ionic, AngularJS, Mobile Development, Development",Angular,Beginner,3.5 hours,4.4,244,1050,"Rp149,000",8/2019,5,0,11,https://www.udemy.com/course/ionic-4-build-pwa-and-mobile-apps-with-angular/
Java Web Services and REST API with Angular Frontend,2040040,Mark Nielsen,"Java Web Services, Web Development, Development",Angular,Beginner,2.5 hours,3.7,46,11183,"Rp149,000",7/2025,0,1,2,https://www.udemy.com/course/java-web-services-angular-dynamic-web-development/
Learn To Build A Google Map App Using Angular 2,1013380,"Eduonix Learning Solutions, Eduonix-Tech .","Google Maps API, Angular, Web Development, Development",Angular,Beginner,1 hour,3.9,29,236,"Rp447,000.00",12/2018,1,0,6,https://www.udemy.com/course/learn-to-build-a-google-map-app-using-angular-2/
Angular for Beginners Course (Angular 21),2023700,Angular University,"Angular, Web Development, Development",Angular,Beginner,2 hours,4.5,4405,85385,Free,4/2026,3,0,1,https://www.udemy.com/course/angular-for-beginners-course/
Angular Basics for Absolute Beginners,1826482,Web Academy by Harsha Vardhan,"Angular, AngularJS, Web Development, Development",Angular,Beginner,1 hour,4.5,1387,30523,Free,3/2026,1,0,1,https://www.udemy.com/course/angular-6-for-beginners-by-harsha/
Angular Fundamental Course for Absolute Beginners 2022,4486442,Hashmath Rz,"Angular, Web Development, Development",Angular,Beginner,2 hours,4.5,427,11943,Free,1/2022,0,0,0,https://www.udemy.com/course/angular-fundamental-course-for-absolute-beginners-2022/
Angular Fast Crash Course,1381896,"Edwin Diaz | 900,000+ Students, Coding Faculty Solutions","Angular, JavaScript, Web Development, Development",Angular,All Levels,3.5 hours,4.7,2723,61357,Free,6/2019,1,0,1,https://www.udemy.com/course/angular-fast-crash-course/
Getting Started with Angular 2+,1191946,"Ryan Chenkie, Angularcasts: End-to-end Angular Screencasts","Angular, Essential Tech Skills, Web Development, Udemy Free Resource Center, Vodafone",Angular,Beginner,2 hours,4.5,3936,76790,Free,5/2017,0,0,0,https://www.udemy.com/course/getting-started-with-angular-2/
Angular Crash Course - Learn Angular at Jet Speed!,6273341,Karthikeya T,"Angular, Other IT & Software, IT & Software",Angular,All Levels,2 hours,4.4,99,1775,Free,1/2025,1,0,0,https://www.udemy.com/course/angular-crash-course-learn-angular-at-jet-speed/
Angular - Mastering the Basics,1655400,Vishwas Gopinath,"Angular, Web Development, Development",Angular,Beginner,4 hours,4.5,2671,49640,Free,5/2018,0,0,0,https://www.udemy.com/course/angular-mastering-the-basics/
ANGULAR: FORMS - BASIC TO ADVANCED - PART IV,5538428,Ervis Trupja,"Angular, Typescript, Web Development, Development",Angular,Beginner,2 hours,4.6,70,3267,Free,1/2025,2,0,0,https://www.udemy.com/course/angular-beyond-fundamentals-part-iv/
"ANGULAR: COMPONENTS, DATA BINDING, AND EVENTS - PART 1",4737584,Ervis Trupja,"Angular, Web Development, Development",Angular,Beginner,2 hours,4.6,381,8187,Free,1/2025,1,0,0,https://www.udemy.com/course/angular-beyond-fundamentals/
"ANGULAR: DIRECTIVES, HTTP, DI, ERRORS - PART III",5373226,Ervis Trupja,"Angular, Web Development, Development",Angular,Beginner,2 hours,4.6,99,3692,Free,1/2025,3,0,0,https://www.udemy.com/course/angular-beyond-fundamentals-part-iii/
Learn Angular 20: Build Counter Application,6811013,Andrew Tyranowski,"Angular, Web Development, Front End Web Development, Typescript, Development",Angular,Beginner,N/A,4.4,49,5847,"Rp169,000",9/2025,0,0,0,https://www.udemy.com/course/learn-angular-by-building-counter-application/
Angular FREE Masterclass - COVID-19 Tracker App - Part 3,4713098,Stefan Omerovic,"Angular, Web Development, Development",Angular,Beginner,1.5 hours,4.7,54,3697,Free,6/2022,0,0,0,https://www.udemy.com/course/angular-free-masterclass-part-three/
FREE Angular Course for Beginners & Professionals,4448262,NAVEEN SAGGAM,"Angular, Web Development, Development",Angular,All Levels,2 hours,4.3,208,9252,Free,12/2021,0,0,0,https://www.udemy.com/course/free-angular-course-for-beginners-professionals/
Angular FREE Masterclass - COVID-19 Tracker App - Part 1,4713044,Stefan Omerovic,"Angular, Web Development, Development",Angular,Beginner,1.5 hours,4.6,173,5913,Free,6/2022,0,0,0,https://www.udemy.com/course/angular-free-masterclass-part-one/
Learn Angular 5 from Scratch,1427466,Gary Simon,"Angular, Web Development, Development",Angular,Beginner,1 hour,4.5,6338,86024,Free,11/2017,0,0,0,https://www.udemy.com/course/angular-5/
Learn Angular 4 from Scratch,1158572,Gary Simon,"Angular, Web Development, Development",Angular,Beginner,N/A,4.6,8258,108264,"Rp169,000",4/2017,0,0,0,https://www.udemy.com/course/learn-angular-from-scratch/
Angular Crash Course for beginners,4521724,DigiFisk (Programming is fun),"Angular, Web Development, Development",Angular,All Levels,1.5 hours,4.4,94,8207,Free,3/2022,1,0,0,https://www.udemy.com/course/angular-crash-course-router-components-unit-tests-forms/
Job interview : Angular Expert,4898186,Best Tutorials,"Angular, Web Development, Development",Angular,All Levels,38 mins,3.5,29,811,Free,6/2023,0,0,0,https://www.udemy.com/course/job-interview-angular-expert/
All About Angular From Zero to Hero(2021 Edition),3285722,Ankit Kumar,"Angular, Other IT & Software, IT & Software",Angular,All Levels,2 hours,3.8,210,11364,Free,2/2021,0,0,0,https://www.udemy.com/course/angular-basics/
Angular FREE Masterclass - COVID-19 Tracker App - Part 2,4713094,Stefan Omerovic,"Angular, Web Development, Development",Angular,Beginner,1.5 hours,4.6,83,3827,Free,6/2022,0,0,0,https://www.udemy.com/course/angular-free-masterclass-part-two/
Begin with Angular,6108709,Srini Dasari,"Angular, Angular Material, Other IT & Software, IT & Software",Angular,Beginner,2 hours,4.3,12,1557,Free,8/2024,0,0,1,https://www.udemy.com/course/begin-with-angular/
"ANGULAR: UI/UX, BOOTSTRAP, ROUTING - PART II",5281720,Ervis Trupja,"Angular, Web Development, Development",Angular,Beginner,2 hours,4.6,183,5375,Free,1/2025,0,0,0,https://www.udemy.com/course/angular-beyond-fundamentals-part-ii/
Angular 2 Routing: Up And Running,1121650,BTree Press,"Angular, Web Development, Development",Angular,Intermediate,37 mins,4.0,326,12426,Free,11/2017,1,0,1,https://www.udemy.com/course/angular-2-routing-up-and-running/
Master Angular 2 - The No Nonsense Course,1019918,Grant Klimaytys,"Angular, Web Development, Development",Angular,Beginner,2.5 hours,4.4,370,16240,Free,12/2016,1,0,0,https://www.udemy.com/course/angular-2-tutorial/
Try Angular v4 | An Incredible Front End Framework by Google,1308290,Justin Mitchel,"Angular, Bootstrap, Front End Web Development, Mobile App Development, Web Development",Angular,Beginner,4.5 hours,4.4,450,29315,Free,7/2017,0,0,0,https://www.udemy.com/course/try-angular/
Angular and Laravel Authentication and password reset.,1687824,Sarthak Shrivastava,"Angular, Laravel, AngularJS, Web Development, Development",Angular,Intermediate,3.5 hours,4.6,573,27229,Free,5/2018,0,0,0,https://www.udemy.com/course/angular-laravel-single-page-app-with-authentication-and-password-reset/
Angular 5 tutorial from scratch - Beginners tutorial,1805242,Ashish Tiwary,"AngularJS, Programming Languages, Development",Angular,Beginner,2 hours,4.1,125,13370,Free,10/2019,0,0,0,https://www.udemy.com/course/angular-5-tutorial-from-scratch-beginners-tutorial/
Angular: Overcoming Common Obstacles,1882462,David Donovan,"Angular, ASP.NET Core, Microsoft Visual Studio, Node.Js, Web Development",Angular,Intermediate,30 mins,3.7,50,7351,Free,4/2019,0,0,0,https://www.udemy.com/course/angular-overcoming-common-obstacles/
Angular 2 Demystified,500628,AJ Meyghani,"Angular, Web Development, Development",Angular,All Levels,3.5 hours,4.0,147,12424,Free,5/2016,5,0,15,https://www.udemy.com/course/introduction-to-angular2/
RxJS unit testing in Angular application. The whole picture.,2586716,Oleksandr Poshtaruk,"RxJs, Web Development, Development",Angular,Intermediate,1 hour,4.3,138,7071,Free,10/2019,0,0,1,https://www.udemy.com/course/rxjs-unit-testing-in-angular-application-the-whole-picture/
ASP.NET Zero: Development with ASP.NET Core & Angular,2327684,Volosoft Bilişim,"ASP.NET Core, Web Development, Development",Angular,Intermediate,3.5 hours,4.4,2690,54473,Free,4/2019,0,0,0,https://www.udemy.com/course/aspnet-zero-aspnet-core-angular/
Learn Angular 7 Boilerplate in Hindi (get a CRUD project),2151904,Dheeraj Bharat Sethi,"Angular, Other IT & Software, IT & Software",Angular,Beginner,N/A,3.7,144,5223,"Rp169,000",1/2019,0,0,0,https://www.udemy.com/course/angular-7-boilerplate-crud-hindi/
Component Driven Development using angular 1.5,941178,Md Mujibur Rahman,"Angular, Web Development, Development",Angular,Beginner,31 mins,4.1,157,11357,Free,5/2017,0,0,0,https://www.udemy.com/course/component-driven-development-using-angular-15/
Angular: Increasing Your Productivity in Visual Studio,1882568,David Donovan,"Microsoft Visual Studio, Angular, ASP.NET Core, Chrome Developer Tools, Web Development",Angular,Intermediate,24 mins,4.0,79,8998,Free,4/2019,0,0,0,https://www.udemy.com/course/angular-increasing-your-productivity-in-visual-studio/
Angular 2 & 4 complete tutorial with additional firebase,1006276,Dave Partner,"Angular, AngularJS, Firebase, Web Development, Development",Angular,All Levels,1.5 hours,4.4,236,16193,Free,9/2017,0,0,0,https://www.udemy.com/course/angular-2-final-complete-tutorial-with-additional-firebase/
Angular: ASP.Net Core Overview,1878562,David Donovan,"Node.Js, Angular, Microsoft Visual Studio, Gulp JS, Web Development",Angular,Intermediate,1 hour,3.6,174,14817,Free,4/2019,0,0,0,https://www.udemy.com/course/angular-letting-nodejs-do-the-heavy-lifting/
"Angular, React and Vue 3 Translations (i18n)",2288963,Antonio Papa,"Python, Angular, React JS, Vue JS, Web Development",Angular,Beginner,44 mins,4.4,107,11108,Free,9/2020,0,0,0,https://www.udemy.com/course/multilanguage-site-using-angular-react-vue-and-python/
"Using nodejs, angular to create a shopping website",5403052,Shuhan Xu,"Angular, Other IT & Software, IT & Software",Angular,Beginner,31 mins,3.9,25,2099,Free,6/2023,0,0,0,https://www.udemy.com/course/using-nodejs-angular-to-create-a-shopping-website/
Angular: Compelling Demos,1951298,David Donovan,"Angular, ASP.NET Core, Web Development, Development",Angular,Intermediate,30 mins,3.7,69,6731,Free,10/2018,0,0,0,https://www.udemy.com/course/angular-compelling-demos/
React vs Angular vs Vue.js by Example,1227322,Gary Simon,"React JS, JavaScript, AngularJS, Vue JS, Web Development",Angular,Beginner,3.5 hours,4.3,2851,94107,Free,6/2017,0,0,1,https://www.udemy.com/course/react-vs-angular-vs-vuejs-by-example/
Beginner’s Guide to Web Development with Angular & ASP.NET 8,6035828,Ahmet Bilgic,"Other IT & Software, IT & Software",Angular,All Levels,1.5 hours,3.9,32,8373,Free,6/2025,0,0,0,https://www.udemy.com/course/angular-18-and-aspnet-80-project-development-for-beginners/
"Angular, AI Code Generator for UI, API & DB",5761832,Simranjeet Singh,"Angular, SQL Server, .NET, Web API, Web Development",Angular,All Levels,1 hour,3.8,9,1330,Free,5/2024,3,3,7,https://www.udemy.com/course/auto-code-generator-angular-and-net-core-web-api/
Asp.Net Core 10 (.NET 10) | True Ultimate Guide,4931546,Web Academy by Harsha Vardhan,"ASP.NET Core, C# (programming language), Web Development, Development",Angular,All Levels,80 hours,4.5,7557,46846,"Rp159,000",3/2026,68,0,0,https://www.udemy.com/course/asp-net-core-true-ultimate-guide-real-project/
AngularJS Crash Course for Beginners,512678,Simon Sez IT,"AngularJS, Web Design, Design",Angular,All Levels,2 hours,4.3,2390,12228,"Rp149,000",12/2025,2,0,0,https://www.udemy.com/course/angularjs-crash-course-for-beginners/
Learn and Understand AngularJS,289230,Anthony Alicea,"AngularJS, Web Development, Development",Angular,All Levels,N/A,4.6,22458,102068,"Rp149,000",9/2020,0,0,0,https://www.udemy.com/course/learn-angularjs/
Prepare for Angular certification exams,5504262,Best Tutorials,"Angular, Web Development, Development",Angular,All Levels,N/A,4.5,39,171,"Rp149,000",2/2024,0,0,0,https://www.udemy.com/course/prepare-for-angular-certification-exams/
.NET Microservices with Azure DevOps & AKS | Basic to Master,6171063,Web Academy by Harsha Vardhan,"Microservices, Azure Kubernetes Service (AKS), Azure DevOps, Software Development Tools, Development",Angular,All Levels,45 hours,4.7,1233,8941,"Rp159,000",3/2026,39,0,0,https://www.udemy.com/course/dot-net-microservices-ecommerce-project-azure-devops-kubernetes-aks/
Understanding TypeScript,947098,Maximilian Schwarzmüller,"Typescript, Web Development, Development",Angular,All Levels,22.5 hours,4.7,58071,283849,"Rp169,000",1/2026,37,0,164,https://www.udemy.com/course/understanding-typescript/
Vue - The Complete Guide (incl. Router & Composition API),995016,Maximilian Schwarzmüller,"Vuex, JavaScript, Vue JS, Web Development, Development",Angular,All Levels,31.5 hours,4.7,66518,257998,"Rp169,000",11/2025,38,0,267,https://www.udemy.com/course/vuejs-2-the-complete-guide/
Ultimate Angular Prep: Practice Exams for Your Success,6471253,Martin Ferret,"Angular, Web Development, Development",Angular,All Levels,N/A,5.0,8,205,"Rp249,000",7/2025,0,0,0,https://www.udemy.com/course/ultimate-angular-prep-practice-exams-for-your-success/
Complete C# Masterclass,1581488,"Denis Panjuta, Tutorials.eu by Denis Panjuta","C# (programming language), Programming Fundamentals, Programming Languages, Development",Angular,All Levels,44.5 hours,4.6,37091,174268,"Rp169,000",10/2025,52,30,158,https://www.udemy.com/course/complete-csharp-masterclass/
AngularJS from Basics to Advanced – 20+ Practice Tests,1503370,Sandeep Soni,"AngularJS, Web Development, Development",Angular,Beginner,8.5 hours,4.4,101,5922,"Rp149,000",12/2025,0,0,38,https://www.udemy.com/course/angular-js-with-sample-project-from-basic-to-advanced/
"Spring Security Zero to Master along with JWT,OAUTH2",3485044,"Eazy Bytes, Madan Reddy","Spring Security, Other IT & Software, IT & Software",Angular,All Levels,24.5 hours,4.6,10665,67215,"Rp159,000",1/2026,2,0,1,https://www.udemy.com/course/spring-security-zero-to-master/
RxJS Crash Course - Reactivex From Zero to Hero,5952200,Oleksandr Kocherhin,"RxJs, Reactive Programming, ReactiveX, Web Development, Development",Angular,All Levels,2.5 hours,4.8,71,307,"Rp149,000",2/2026,3,0,32,https://www.udemy.com/course/rxjs-crash-course-reactivex-from-zero-to-hero/
Microfrontends with React: A Complete Developer's Guide,3604434,Stephen Grider,"Front End Web Development, React JS, Web Development, Development",Angular,All Levels,9 hours,4.7,9808,67420,"Rp159,000",2/2026,16,0,58,https://www.udemy.com/course/microfrontend-course/
Complete Role based E-Commerce MEAN Project in TELUGU,6132129,Satish Konduru,"Angular, Node.Js, MongoDB, Angular Material, Other IT & Software",Angular,All Levels,43 hours,5.0,2,42,"Rp149,000",8/2024,0,0,0,https://www.udemy.com/course/ecommerce-mean-project-in-telugu/
Master Ionic 8+: Beginner to Expert Food Delivery App Course,4312570,Nikhil Agarwal,"Ionic, Angular, Mobile App Development, Other IT & Software, IT & Software",Angular,All Levels,90 hours,4.4,566,4448,"Rp149,000",11/2025,30,0,74,https://www.udemy.com/course/ionic5-beginner-to-advanced-build-food-delivery-app/
React Interview Masterclass: Top 200 Questions (+PDF) (2026),5733266,Happy Rawat,"React JS, Other IT & Software, IT & Software",Angular,All Levels,6.5 hours,4.7,489,2640,"Rp149,000",12/2025,0,0,4,https://www.udemy.com/course/react-interview/
Build ASP.NET Core Web API - Scratch To Finish (.NET8 API),4421508,Sameer Saini,"ASP.NET Core, ASP.NET, C# (programming language), Entity Framework, Web Development",Angular,All Levels,18 hours,4.5,10091,49550,"Rp159,000",5/2025,4,0,17,https://www.udemy.com/course/build-rest-apis-with-aspnet-core-web-api-entity-framework/
Web Components & Stencil.js - Build Custom HTML Elements,2035334,"Academind by Maximilian Schwarzmüller, Maximilian Schwarzmüller","Web Components, Web Development, Development",Angular,All Levels,8.5 hours,4.8,3912,19644,"Rp149,000",11/2023,21,0,90,https://www.udemy.com/course/web-components-stenciljs-build-custom-html-elements/
Learn By Example: Angular JS,936182,Loony Corn,"AngularJS, JavaScript, Web Development, Development",Angular,All Levels,7 hours,4.4,103,2927,"Rp149,000",2/2018,0,0,110,https://www.udemy.com/course/learn-by-example-angular-js/
Complete guide to building an app with .Net Core and React,2472180,Neil Cummings,"ASP.NET Core, React JS, Web Development, Development",Angular,All Levels,33.5 hours,4.7,8588,52820,"Rp159,000",1/2026,2,0,3,https://www.udemy.com/course/complete-guide-to-building-an-app-with-net-core-and-react/
AngularJS 1.0 Masterclass - Deep Dive & Understand AngularJS,419318,Sandip Gautam,"AngularJS, Web Development, Development",Angular,All Levels,6 hours,4.4,1477,36928,"Rp149,000",7/2020,1,0,78,https://www.udemy.com/course/angularjs-masterclass/
React 19 and .NET 10 API - The Complete Full Stack Bootcamp,5057468,Bhrugen Patel - (DotNetMastery | Microsoft MVP | 300k+ Students),"React JS, .NET, ASP.NET Core, Programming Languages, Development",Angular,Beginner,19.5 hours,4.5,1260,7663,"Rp159,000",2/2026,2,0,0,https://www.udemy.com/course/full-stack-react-bootcamp-with-net-api/
100 Days Of Code - Web Development Bootcamp,4015622,"Academind by Maximilian Schwarzmüller, Maximilian Schwarzmüller, Manuel Lorenz","Web Development, Development",Angular,All Levels,79 hours,4.6,7746,46035,"Rp149,000",1/2026,32,0,18,https://www.udemy.com/course/100-days-of-code-web-development-bootcamp/
Progressive Web Apps (PWA) - The Complete Guide,1329100,"Academind by Maximilian Schwarzmüller, Maximilian Schwarzmüller","Progressive Web App, Web Development, Development",Angular,All Levels,15.5 hours,4.7,11467,68391,"Rp149,000",11/2022,25,0,158,https://www.udemy.com/course/progressive-web-app-pwa-the-complete-guide/
Build a Microservices app with .Net and NextJS from scratch,5465452,Neil Cummings,"Microservices, Next.js, .NET, Web Development, Development",Angular,Intermediate,31.5 hours,4.7,1308,9603,"Rp159,000",1/2026,0,0,3,https://www.udemy.com/course/build-a-microservices-app-with-dotnet-and-nextjs-from-scratch/
Keycloak: SSO Course from Zero to Hero,5858478,Arnab Das,"Authentication, Other IT & Software, IT & Software",Angular,All Levels,4.5 hours,4.2,294,3625,"Rp149,000",2/2026,22,0,15,https://www.udemy.com/course/keycloak-sso-course-from-zero-to-hero/
AWS Interview Masterclass: Top 200+ Questions (PDF)(2026),6675849,Happy Rawat,"Amazon AWS, Interviewing Skills, Other IT & Software, IT & Software",Angular,All Levels,7.5 hours,4.8,36,246,"Rp149,000",12/2025,0,0,1,https://www.udemy.com/course/aws-interview-masterclass-top-200-questions-pdf2025/
AngularJS For .Net Developers From Scratch,572268,Manzoor Ahmed,".NET, AngularJS, Web Development, Development",Angular,Intermediate,4.5 hours,4.5,1189,7159,"Rp149,000",2/2026,6,0,8,https://www.udemy.com/course/angularjs-for-dotnet-developers-from-scratch/
"Learn to build an e-commerce store with .Net, React & Redux",4349122,Neil Cummings,"React JS, Redux Framework, .NET, Web Development, Development",Angular,Beginner,29.5 hours,4.7,2174,14122,"Rp149,000",1/2026,1,0,1,https://www.udemy.com/course/learn-to-build-an-e-commerce-store-with-dotnet-react-redux/
Projects in AngularJS - Learn by building 10 Projects,531954,"Eduonix Learning Solutions, Eduonix-Tech .","AngularJS, Web Development, Development",Angular,All Levels,13.5 hours,4.3,852,8445,"Rp149,000",12/2018,1,0,41,https://www.udemy.com/course/learn-angularjs-development/
"Agentic AI Full‑Stack Masterclass: RAG, MCP & AI Agents",6964461,Nikhil Agarwal,"AI Agents & Agentic AI, Generative AI (GenAI), Web Development, Development",Angular,All Levels,15.5 hours,4.7,31,217,"Rp149,000",2/2026,8,0,21,https://www.udemy.com/course/agentic-ai-fullstack-masterclass-rag-mcp-ai-agents/
Test-Driven Development with Angular [2025 updated],1966720,Irek Mirgaleev,"Test-Driven Development (TDD), Angular, Web Development, Development",Angular,Intermediate,1.5 hours,4.4,1302,8362,"Rp149,000",5/2025,0,0,0,https://www.udemy.com/course/test-driven-development-with-angular/
Learn Angular JS for Beginners,648456,EDUmobile Academy,"AngularJS, Web Development, JavaScript, Mobile Development, Development",Angular,Beginner,1 hour,4.2,174,3736,"Rp149,000",11/2015,0,0,10,https://www.udemy.com/course/learn-angular-js-for-beginners/
Enterprise OAuth 2.0 and OpenID Connect,3746012,Viraj Shetty,"OAuth, Web Development, Development",Angular,All Levels,12 hours,4.7,3084,23639,"Rp149,000",1/2026,24,0,18,https://www.udemy.com/course/enterprise-oauth-for-developers/
Mastering TypeScript - 2026 Edition,4724938,Colt Steele,"Typescript, Web Development, Development",Angular,Beginner,10.5 hours,4.7,6969,37008,"Rp159,000",1/2026,11,0,25,https://www.udemy.com/course/learn-typescript/
Angularjs Live Project,572270,Manzoor Ahmed,"AngularJS, Web API, Web App Development, Architectural Design, Web Development",Angular,Intermediate,6.5 hours,4.5,191,1238,"Rp149,000",10/2017,1,0,2,https://www.udemy.com/course/angularjs-webapi2-efcodefirst-web-app-on-3-tier-architecture/
Understanding HTML and CSS: Modern Web Fundamentals,3223049,Anthony Alicea,"CSS, Front End Web Development, HTML, Web Development, Development",Angular,All Levels,18 hours,4.3,3013,16941,"Rp159,000",2/2026,4,22,135,https://www.udemy.com/course/understanding-html-and-css/
Reactivity with Signals in Angular v19+,6636705,Martijn Vissers,"Angular, Web Development, Development",Angular,Intermediate,1 hour,4.2,15,3230,"Rp149,000",6/2025,0,0,6,https://www.udemy.com/course/signals-in-angular-v19/
Learn Complete Modern Front-End Web Development Step-by-Step,3442782,Fatah Gabrial,"Front End Web Development, Web Development, Development",Angular,All Levels,41.5 hours,4.5,4794,69701,"Rp149,000",2/2026,5,28,0,https://www.udemy.com/course/front-end-web-development-complete-guide-step-by-step/
React JS and .NET Core Web API Full Stack Master Course,4214046,Vinay Kumar,"React JS, ASP.NET Core, Full Stack Web Development, Web Development, Development",Angular,Beginner,4 hours,4.0,76,10765,"Rp149,000",8/2021,4,0,4,https://www.udemy.com/course/react-js-and-net-core-web-api-full-stack-master-course/
Asp.Net Core & MERN MEAN stack: Build online course and shop,4181046,Hùng Nguyễn Thế,"ASP.NET Core, MEAN Stack, Node.Js, MERN Stack, Web Development",Angular,All Levels,39.5 hours,5.0,2,63,"Rp249,000",8/2021,1,0,5,https://www.udemy.com/course/aspnet-core-mern-mean-stack-build-online-course-and-shop/
Become a Professional JavaScript Programmer,1388970,Stone River eLearning,"JavaScript, Web Development, Development",Angular,All Levels,46 hours,4.8,125,6592,"Rp149,000",10/2020,1,0,20,https://www.udemy.com/course/become-a-professional-javascript-programmer/
"Learn and Understand NodeJS (V8, Express, MERN/PERN & more)",461160,Anthony Alicea,"Node.Js, Web Development, Development",Angular,All Levels,14.5 hours,4.6,31249,137510,"Rp149,000",12/2025,10,0,60,https://www.udemy.com/course/understand-nodejs/
.NET/C# Interview Masterclass- Top 500 Questions (PDF)(2026),4214682,Happy Rawat,".NET, ASP.NET, C# (programming language), SQL, Other IT & Software",Angular,All Levels,10 hours,4.6,2186,10221,"Rp149,000",12/2025,0,0,7,https://www.udemy.com/course/csharp-oops-mvc-asp-dotnet-core-webapi-sql-questions-mock-interviews/
Angular Preparation Practice Tests,6014664,Online Practice Exams Digital,"Angular, Web Development, Development",Angular,All Levels,N/A,5.0,1,5,"Rp149,000",6/2024,0,0,0,https://www.udemy.com/course/angular-preparation-practice-tests/
Python - The Practical Guide,1641648,"Academind by Maximilian Schwarzmüller, Maximilian Schwarzmüller","Python, Blockchain, Programming Languages, Development",Angular,All Levels,17.5 hours,4.8,5661,32270,"Rp149,000",11/2025,26,0,224,https://www.udemy.com/course/learn-python-by-building-a-blockchain-cryptocurrency/
Build a complete distributed app using .Net Aspire,6790911,Neil Cummings,"Microservices, Next.js, .NET, Web Development, Development",Angular,Intermediate,27.5 hours,4.7,132,1359,"Rp149,000",1/2026,1,0,1,https://www.udemy.com/course/build-a-complete-distributed-app-using-net-aspire/
The complete ASP.NET Core 9 course for busy developers,4599016,"Denis Panjuta, Jannick Leismann, Tutorials.eu by Denis Panjuta","ASP.NET Core, Web Development, Development",Angular,All Levels,16 hours,4.3,2715,13692,"Rp149,000",8/2024,1,0,35,https://www.udemy.com/course/aspnet-6-course/
ASP.NET Core 8,7009623,Sandeep Soni,"ASP.NET Core, Software Development, IT Certifications, IT & Software",Angular,Intermediate,24 hours,4.3,7,1119,"Rp149,000",1/2026,0,0,0,https://www.udemy.com/course/aspnet-core-8/
TypeScript Mastery: Basics to Advanced + Interview Prep 2026,7049423,Happy Rawat,"Typescript, Other IT & Software, IT & Software",Angular,All Levels,7 hours,5.0,2,24,"Rp149,000",2/2026,0,0,2,https://www.udemy.com/course/typescript-mastery-basics-to-advanced-interview-prep-2026/
ASP.NET Core for Backend: From beginners to deep dive,6285149,Deniz Kanmaz,"ASP.NET Core, Web Development, Development",Angular,Beginner,18 hours,4.7,16,220,"Rp149,000",8/2025,11,0,4,https://www.udemy.com/course/aspnet-core-for-backend-from-beginners-to-deep-dive/
ASP.NET MVC Complete Guide using .NET Core [.NET8 Updated],4910406,Sameer Saini,"ASP.NET Core, ASP.NET MVC, .NET, ASP.NET, Web Development",Angular,All Levels,13.5 hours,4.6,1754,8010,"Rp159,000",5/2025,2,0,8,https://www.udemy.com/course/aspnet-mvc-course-aspnet-core/
Building Applications with React 19 and ASP.NET Core 9,6653437,Felipe Gavilán,"React JS, Web Development, Development",Angular,Intermediate,17.5 hours,4.5,90,480,"Rp149,000",8/2025,1,0,0,https://www.udemy.com/course/building-applications-with-react-and-aspnet-core-v2/
NodeJS & MEAN Stack - for Beginners - In Easy way!,1716634,Web Academy by Harsha Vardhan,"Node.Js, MEAN Stack, Software Development Tools, Development",Angular,All Levels,10.5 hours,4.5,92,482,"Rp149,000",3/2026,3,0,8,https://www.udemy.com/course/nodejs-mean-stack-in-easy-way/
Unique Spring Boot E-Commerce Application Development,5762160,F. Frank Ozz,"App Development, E-Commerce, Spring Boot, Angular, Web Development",Angular,All Levels,14 hours,4.8,19,223,"Rp149,000",12/2024,0,0,32,https://www.udemy.com/course/unique-spring-boot-e-commerce-application-development/
Asp.Net MVC 5 - Ultimate Guide - In depth & Sample Project,1565998,Web Academy by Harsha Vardhan,"ASP.NET Core, SignalR, ASP.NET MVC, Web Development, Development",Angular,All Levels,21.5 hours,4.5,3639,18534,"Rp149,000",3/2026,31,0,106,https://www.udemy.com/course/complete-aspnet-mvc-5-and-aspnet-core-mvc-course-indepth/
Python Machine Learning - Recommender systems with Angular,1800552,Mark Nielsen,"Front End Web Development, API, Python, Web Development, Development",Angular,Beginner,3.5 hours,4.0,62,8160,"Rp149,000",4/2023,0,0,7,https://www.udemy.com/course/angular-recommender-system/
.NET Core MVC - The Complete Guide 2026 [E-commerce],1844356,Bhrugen Patel - (DotNetMastery | Microsoft MVP | 300k+ Students),"ASP.NET Core, ASP.NET, Web Development, Development",Angular,Intermediate,16.5 hours,4.4,20353,96303,"Rp169,000",2/2026,9,0,0,https://www.udemy.com/course/complete-aspnet-core-21-course/
JavaScript Interview Masterclass: Top 300 Questions (2026),5547424,Happy Rawat,"JavaScript, Coding Interview, Interviewing Skills, Other IT & Software, IT & Software",Angular,Intermediate,9.5 hours,4.7,374,1835,"Rp149,000",12/2025,0,0,5,https://www.udemy.com/course/javascript-interview/
Ultimate ASP.NET Core Web API Development Guide,3669306,Trevoir Williams,"ASP.NET Core, Web API, Web Development, .NET, Development",Angular,All Levels,19 hours,4.5,2211,13033,"Rp149,000",2/2026,18,0,0,https://www.udemy.com/course/ultimate-aspnet-5-web-api-development-guide/
Python Programmer's Ultimate Guide | Zero to Hero,4285736,Web Academy by Harsha Vardhan,"Python, SQLite, Programming Languages, Development",Angular,Beginner,33 hours,4.7,87,2079,"Rp149,000",3/2026,5,0,185,https://www.udemy.com/course/python-programmers-ultimate-guide-for-beginners-project/
Project Development Using Spring Boot,1426704,Bharath Thippireddy,"Java, Spring Boot, Other IT & Software, IT & Software",Angular,Intermediate,12.5 hours,4.6,2624,18755,"Rp149,000",4/2026,5,0,22,https://www.udemy.com/course/end-to-end-java-project-development-using-spring-boot/
Learn RESTful API Development with ASP.NET Core 2026,6923605,Asfend Yar Hamid,"REST API, ASP.NET Core, .NET, RESTful Web Services, Web Development",Angular,All Levels,6 hours,4.6,7,119,"Rp149,000",1/2026,3,0,3,https://www.udemy.com/course/learn-restful-api-development-with-aspnet-core/
Web Components & Design System with StencilJS,6673479,Vaillant Labs,"Web Components, Other IT & Software, IT & Software",Angular,Intermediate,8 hours,4.7,8,45,"Rp149,000",8/2025,5,0,1,https://www.udemy.com/course/web-components-design-system-with-stenciljs/
"Essential JavaScript, jQuery and AngularJS Training",531290,Simon Sez IT,"JavaScript, AngularJS, jQuery, Web Development, Development",Angular,Intermediate,7 hours,4.1,201,3145,"Rp149,000",9/2021,3,0,2,https://www.udemy.com/course/essential-javascript-jquery-angularjs-training/
"Full Stack Web Development with React,React Native,Bootstrap",3643018,"Oak Academy, OAK Academy Team","Web Development, JavaScript, React Native, Full Stack Web Development, Development",Angular,All Levels,27.5 hours,4.5,54,414,"Rp149,000",4/2026,5,0,0,https://www.udemy.com/course/full-web-development-course-html-css-boostrap-and-react/
C# .NET with MS SQL Complete Beginner to Master 2026,4436714,Dominic Tripodi,"C# (programming language), SQL Server, .NET, Programming Languages, Development",Angular,All Levels,24 hours,4.6,4374,29720,"Rp159,000",2/2026,22,7,6,https://www.udemy.com/course/net-core-with-ms-sql-beginner-to-expert/
All You Need To Know About AngularJS - Training On AngularJS,177912,Infinite Skills,"AngularJS, Web Development, Development",Angular,All Levels,5 hours,4.1,127,2109,"Rp149,000",1/2017,1,0,1,https://www.udemy.com/course/angularjs/
"Angular, Nodejs, MongoDB, Aprende con una aplicacion [2025]",6803513,Alonso Nava,"Angular, Node.Js, Tailwind CSS, MongoDB, Web Development",Angular,All Levels,8 hours,4.7,N/A,107,"Rp149,000",9/2025,1,0,0,https://www.udemy.com/course/angular-nodejs-mongodb-aprende-con-una-aplicacion-2025/
C#/.NET - 50 Essential Interview Questions (Mid Level),4562744,Elegant Code – Krystyna Ślusarczyk,"C# (programming language), Coding Interview, IT Certifications, IT & Software",Angular,All Levels,8 hours,4.9,606,5823,"Rp149,000",4/2026,4,10,56,https://www.udemy.com/course/csharpnet-50-essential-interview-questions-mid-level/
ASP.NET Core and React - The Complete Guide,4326154,Victor Lins,"Software Development, IT Certifications, IT & Software",Angular,Intermediate,3.5 hours,4.0,69,343,"Rp149,000",3/2022,0,0,1,https://www.udemy.com/course/aspnetcore6-efcore-reactjs-complete-guide/
Angular Preparation Practice Exams,6791139,Junaid Ahmad,"Angular, IT Certifications, IT & Software",Angular,All Levels,N/A,4.7,N/A,3,"Rp149,000",8/2025,0,0,0,https://www.udemy.com/course/angular-preparation-practice-exams/
AngularJS Fundamentals and Practice,217184,Sid Azad,"AngularJS, Web Development, Development",Angular,All Levels,5.5 hours,3.3,28,1084,"Rp149,000",6/2014,0,0,0,https://www.udemy.com/course/angularjstut/
ASP NET MVC 5 for beginners,2139070,Shivprasad Koirala,"ASP.NET MVC, IT Certifications, IT & Software",Angular,Beginner,22 hours,4.5,234,1159,"Rp149,000",7/2022,0,0,24,https://www.udemy.com/course/asp-mvc5/
The Complete AngularJS Bootcamp for Web Developers,7000913,Logic Labs,"AngularJS, Web Development, Development",Angular,All Levels,3.5 hours,4.3,6,2041,"Rp149,000",1/2026,0,0,0,https://www.udemy.com/course/the-complete-angularjs-bootcamp-for-web-developers/
AngularJS: Write It Like A Pro,520264,Michael E. Vargas JR,"AngularJS, Writing, Other IT & Software, IT & Software",Angular,Intermediate,6 hours,4.2,24,215,"Rp149,000",9/2015,1,0,10,https://www.udemy.com/course/angularjs-write-it-like-a-pro/
Web Development with AngularJS and Bootstrap,506862,Packt Publishing,"AngularJS, Web Development, Bootstrap, Development",Angular,All Levels,2 hours,3.6,20,137,"Rp149,000",7/2015,0,0,1,https://www.udemy.com/course/web-development-with-angularjs-and-bootstrap/
"Creating a Social Media App with C#, JS, ASP.NET and Azure",5652452,Ervis Trupja,"ASP.NET, ASP.NET MVC, Entity Framework, Tailwind CSS, Web Development",Angular,All Levels,21 hours,4.7,97,5634,"Rp159,000",12/2025,1,0,4,https://www.udemy.com/course/build-social-media-app-with-aspnet-core/
Let's build an insultbot,5009216,"Jorge Guerra Pires, IdeaCoding Lab, TensorFlow.js Academy","Angular Material, Artificial Intelligence (AI), TensorFlow.js, Web Development, Development",Angular,All Levels,3 hours,4.9,5,4010,"Rp149,000",8/2023,0,0,0,https://www.udemy.com/course/insultbot/
SignalR - The Complete Guide (with real world examples),4710062,Bhrugen Patel - (DotNetMastery | Microsoft MVP | 300k+ Students),"SignalR, ASP.NET MVC, ASP.NET Core, Web Development, Development",Angular,Beginner,5 hours,4.7,723,5002,"Rp149,000",2/2026,2,0,0,https://www.udemy.com/course/signalr-the-complete-guide/
Spring Boot Actuator - Build an Admin Dashboard,3249808,Get Arrays,"Spring Boot, Angular, Other IT & Software, IT & Software",Angular,All Levels,6.5 hours,4.5,45,466,"Rp149,000",9/2020,3,0,2,https://www.udemy.com/course/springboot-actuator-admin-dashboard/
RxJS Subjects & Operators: What They Do and When to Use Them,5891156,Tracy Riley,"RxJs, Reactive Programming, Angular, Other IT & Software, IT & Software",Angular,All Levels,10 hours,4.9,5,29,"Rp749,000",10/2024,1,0,1,https://www.udemy.com/course/rxjs-subjects-and-operators/
Protractor: End to End testing framework for AngularJS Apps,634546,Rahul Arora,"Protractor (software testing), Software Testing, Development",Angular,All Levels,17.5 hours,4.4,1631,8108,"Rp149,000",4/2022,31,0,31,https://www.udemy.com/course/angularjs-protractor-tutorial/
Top Angular Interview Questions for 2025: Practice Test,6182899,B KM,"Angular, Web Development, Development",Angular,All Levels,N/A,4.5,1,1008,"Rp149,000",10/2025,0,0,0,https://www.udemy.com/course/angular-interview-questions-practice-test-2024/
Accelerated ES6 JavaScript Training,886614,Maximilian Schwarzmüller,"JavaScript, ECMAscript, Web Development, Development",Angular,Intermediate,6 hours,4.6,6187,34901,"Rp149,000",11/2022,17,0,12,https://www.udemy.com/course/es6-bootcamp-next-generation-javascript/
Azure Interview Masterclass: Top 200 Questions (PDF)(2026),6589245,Happy Rawat,"Microsoft Azure, Other IT & Software, IT & Software",Angular,All Levels,5.5 hours,4.7,169,802,"Rp149,000",12/2025,0,0,3,https://www.udemy.com/course/azure-interview-masterclass-top-200-questions-pdf2025/
Full-Stack App MIHAB : MEAN Stack+ Ionic 7,5628099,Taki Jemai,"MEAN Stack, Ionic, Web Development, Development",Angular,All Levels,13.5 hours,5.0,2,6,"Rp857,000.00",10/2024,1,0,3,https://www.udemy.com/course/from-zero-to-full-stack-create-powerful-app-mean-and-ionic/
"Full Stack Web Development with C# OOP, MS SQL & ASP.NET MVC",3498608,"Oak Academy, OAK Academy Team","ASP.NET MVC, C# (programming language), Microsoft SQL, Web Development, Development",Angular,All Levels,41 hours,4.3,1410,16688,"Rp159,000",4/2026,5,0,0,https://www.udemy.com/course/full-stack-web-development-with-c-oop-ms-sql-aspnet-mvc/
TypeScript for Busy Developer - The Complete Guide,7053053,Bhrugen Patel - (DotNetMastery | Microsoft MVP | 300k+ Students),"Typescript, Web Development, Development",Angular,Beginner,3.5 hours,4.7,36,965,"Rp149,000",2/2026,2,0,0,https://www.udemy.com/course/typescript-for-busy-developer/
Learn Angular Js For beginners,653942,Bluelime Learning Solutions,"AngularJS, JavaScript, Web Development, Development",Angular,Beginner,3 hours,3.8,17,151,"Rp149,000",3/2026,1,0,0,https://www.udemy.com/course/learn-angular-js-for-beginners-i/
AngularJs with Bootstrap in Action,1238262,Marcos Costa,"AngularJS, Bootstrap, Web Development, Development",Angular,All Levels,15.5 hours,4.3,38,687,"Rp149,000",6/2017,0,0,13,https://www.udemy.com/course/angularjs-in-action/
"Build an app with React, Redux and Firestore from scratch",1655614,Neil Cummings,"React JS, Redux Framework, Firebase, Web Development, Development",Angular,Beginner,26.5 hours,4.7,1860,11591,"Rp149,000",11/2025,1,0,3,https://www.udemy.com/course/build-an-app-with-react-redux-and-firestore-from-scratch/
"Full Stack Web Development HTML, CSS, Bootstrap and React JS",3519882,"Oak Academy, OAK Academy Team","React JS, Bootstrap, CSS, HTML, Web Development",Angular,Beginner,15 hours,4.5,130,494,"Rp149,000",4/2026,3,0,0,https://www.udemy.com/course/full-stack-web-development-html-css-bootstrap-and-react-js/
Begin with Microservices,6203533,Srini Dasari,"Microservices, Other IT & Software, IT & Software",Angular,Expert,9.5 hours,4.7,N/A,6,"Rp149,000",6/2025,0,0,34,https://www.udemy.com/course/begin-with-microservices/
TypeScript: Build Scalable and Robust Applications,6436387,Uplatz Training,"Typescript, JavaScript, Full Stack Web Development, Software Development, Web Development",Angular,All Levels,12 hours,1.5,2,2523,"Rp149,000",2/2025,0,0,42,https://www.udemy.com/course/typescript-web-development/
Complete ASP.NET Core and Entity Framework Development,2725016,Trevoir Williams,"ASP.NET Core, Entity Framework, Web Development, .NET, Development",Angular,All Levels,21.5 hours,4.5,3061,23772,"Rp159,000",1/2026,13,0,0,https://www.udemy.com/course/complete-aspnet-core-31-and-entity-framework-development/
Architecture Interview Questions & Answers,6448903,Shivprasad Koirala,"C# (programming language), Design Patterns (software), SOLID Principles, Other IT & Software, IT & Software",Angular,All Levels,4 hours,4.8,19,156,"Rp149,000",2/2025,1,0,1,https://www.udemy.com/course/software-architecture-design-pattern-interview-questions-answers/
ASP.NET Web API Complete Course With Practice Tests,1630476,Sandeep Soni,"Web API, API, ASP.NET, Web Development, Development",Angular,Beginner,4 hours,4.1,67,2154,"Rp149,000",12/2025,0,0,15,https://www.udemy.com/course/aspnet-web-api-v/
Angular JS Essentials,959604,"Larry Chakir, Shahzaib Kamal","AngularJS, JavaScript, Web Development, Development",Angular,Beginner,4 hours,4.2,122,4734,"Rp149,000",1/2017,0,0,0,https://www.udemy.com/course/angular-js-crash-course/
Accelerated JavaScript Training,886300,Maximilian Schwarzmüller,"JavaScript, Web Development, Development",Angular,All Levels,7.5 hours,4.6,6587,31496,"Rp149,000",11/2022,15,0,11,https://www.udemy.com/course/javascript-bootcamp-2016/
Advanced Angular Directives Course,5645334,Beka Maisuradze,"Angular, Web Development, Development",Angular,Intermediate,3.5 hours,4.6,8,73,"Rp149,000",11/2023,3,0,11,https://www.udemy.com/course/advanced-angular-directives-course/
Unit Testing AngularJS: Build Bugfree Apps That Always Work!,617158,Matthias Kentzia,"AngularJS, Unit Testing, Web Development, Development",Angular,All Levels,2.5 hours,4.5,654,4861,"Rp149,000",3/2016,0,0,15,https://www.udemy.com/course/unit-testing-angularjs/
The Complete ASP.NET MVC 5 Course,806922,Mosh Hamedani,"ASP.NET MVC, Web API, Web Development, Development",Angular,All Levels,7.5 hours,4.6,35141,142280,"Rp149,000",4/2018,10,0,18,https://www.udemy.com/course/the-complete-aspnet-mvc-5-course/
Mastering MEAN.JS: Fullstack Ultimate Course,4285978,Rupesh Tiwari,"Node.Js, Angular Material, Angular, Web Development, Development",Angular,Beginner,19 hours,4.4,18,1173,"Rp149,000",10/2021,0,0,25,https://www.udemy.com/course/mastering-meanjs-fullstack-ultimate-course/
ASP.NET CORE WEB API | The Complete Guide,3744574,Ervis Trupja,"Web API, ASP.NET Core, Web Development, Development",Angular,All Levels,9 hours,4.2,1844,32932,"Rp149,000",12/2025,1,0,0,https://www.udemy.com/course/the-complete-guide-to-aspnet-web-api/
Create a Basic Real-Time Chat App with Angular4 and Firebase,1309766,Bluelime Learning Solutions,"Firebase, Real-Time Communication (RTC), Angular, Web Development, Development",Angular,Beginner,5 hours,3.6,22,1725,"Rp447,000.00",3/2026,2,0,0,https://www.udemy.com/course/create-a-basic-real-time-chat-app-with-angular4-and-firebase/
Hands-On RxJS for Web Development,2149954,Packt Publishing,"JavaScript, Web Development, Development",Angular,Intermediate,5.5 hours,4.1,28,229,"Rp149,000",1/2019,0,0,1,https://www.udemy.com/course/hands-on-rxjs-for-web-development/
Angular Interview Questions Practice Test,6925821,Rahul Udgata,"AngularJS, Other IT & Software, IT & Software",Angular,All Levels,N/A,N/A,N/A,334,"Rp149,000",11/2025,0,0,0,https://www.udemy.com/course/angular-interview-questions-practice-test/
Mastering Angular 17: Practice Tests for Interview,6032398,Ionised Learning,"Angular, Other IT & Software, IT & Software",Angular,All Levels,N/A,4.7,N/A,1,"Rp149,000",6/2024,0,0,0,https://www.udemy.com/course/angular-17/
ASP.NET Core Web API [.NET 10]: The Complete Guide,3702120,Frank Liu,"ASP.NET Core, Web API, Web Development, Development",Angular,All Levels,24 hours,4.6,1210,9372,"Rp149,000",1/2026,25,0,39,https://www.udemy.com/course/complete-web-api-course/
C# Basics for Beginners: Learn C# Fundamentals by Coding,382002,Mosh Hamedani,"C# (programming language), C (programming language), Programming Languages, Development",Angular,Beginner,5 hours,4.6,78983,275368,"Rp159,000",12/2020,11,0,8,https://www.udemy.com/course/csharp-tutorial-for-beginners/
How to Build Web Applications with AngularJs framework,1048972,YEVHEN MAKSYMENKO,"AngularJS, Web Development, Development",Angular,All Levels,4 hours,3.1,3,15,"Rp149,000",12/2020,0,0,0,https://www.udemy.com/course/angularjs-practical-session-to-be-an-angular-jedi/
Master .NET Core MVC by building a YouTube clone app (A - Z),6095397,Shayan Vaghei,"ASP.NET Core, Web Development, Development",Angular,Intermediate,15 hours,5.0,9,98,"Rp149,000",11/2024,0,0,1,https://www.udemy.com/course/master-net-core-mvc-by-building-a-youtube-clone-app/
Wordpress Plugin Development with Angular.js (2021),3809032,Guillaume Duhan,"WordPress Plugins, Angular, Web Development, Development",Angular,Beginner,1 hour,4.9,29,6928,"Rp149,000",2/2021,0,0,0,https://www.udemy.com/course/wordpress-plugin-development-angularjs/
Become A Full Stack Web Developer in 14 Days,1012096,EDUmobile Academy,"Full Stack Web Development, PHP (programming language), JavaScript, Ruby on Rails, Web Development",Angular,All Levels,13.5 hours,4.3,127,1443,"Rp149,000",11/2016,0,0,85,https://www.udemy.com/course/become-a-full-stack-web-developer-in-14-days/
RESTful Web API in .NET Core - The Beginners Guide (.NET 10),1480202,Bhrugen Patel - (DotNetMastery | Microsoft MVP | 300k+ Students),"ASP.NET Core, Web API, RESTful Web Services, REST API, Web Development",Angular,Intermediate,7 hours,4.4,7782,48564,"Rp149,000",2/2026,3,0,0,https://www.udemy.com/course/restful-api-with-asp-dot-net-core-web-api/
Factories and Directives in AngularJS,439578,Infinite Skills,"AngularJS, Other IT & Software, IT & Software",Angular,Expert,2 hours,3.8,8,169,"Rp149,000",1/2017,1,0,1,https://www.udemy.com/course/factories-and-directives-in-angularjs/
AngularJS for the Real World - Learn by creating a WebApp,173888,Alessandro Russo,"AngularJS, Web Development, JavaScript, Development",Angular,All Levels,7 hours,4.0,186,1685,"Rp149,000",2/2018,1,0,99,https://www.udemy.com/course/angularjs-for-the-real-world-learn-to-create-a-webapp/
Learn MEAN Stack,928292,Stone River eLearning,"MEAN Stack, Programming Languages, Development",Angular,All Levels,10.5 hours,4.0,136,827,"Rp149,000",7/2019,1,0,2,https://www.udemy.com/course/learn-mean-stack/
"Javascript, Nodejs, MongoDB for Full Stack Web Development",3633724,"Oak Academy, OAK Academy Team","JavaScript, Programming Fundamentals, React Native, Web Development, Development",Angular,All Levels,14 hours,4.6,34,2294,"Rp149,000",4/2026,5,0,0,https://www.udemy.com/course/javascript-with-hands-on-examples/
TypeScript: The Complete Guide,5475052,Navin Rajesham,"Typescript, Web Development, Development",Angular,All Levels,11 hours,4.5,64,872,"Rp149,000",5/2024,12,0,101,https://www.udemy.com/course/typescript-complete-guide/
Rest Api's in Asp.Net Core and C# 2025 Edition,1563268,Asfend Yar Hamid,"REST API, ASP.NET, ASP.NET Core, Web API, Web Development",Angular,All Levels,7 hours,4.7,3364,17678,"Rp149,000",1/2026,4,0,14,https://www.udemy.com/course/rest-apis-in-aspnet-core/
Ionic 8 + Firebase Masterclass: Build Real-Time Apps,5006276,Nikhil Agarwal,"Firebase, Mobile App Development, Angular, Ionic, Other IT & Software",Angular,Intermediate,9.5 hours,4.4,57,3448,"Rp149,000",1/2026,4,0,5,https://www.udemy.com/course/ionic-chat-app-using-firebase/
Ace Angular Job Interviews,5952374,Brian Su,"Angular, Job Search, Interviewing Skills, JavaScript, Software Development Tools",Angular,All Levels,6.5 hours,4.7,N/A,4,"Rp149,000",4/2025,72,0,0,https://www.udemy.com/course/ace-angular/
Master the MEAN Stack - Learn By Example,653846,Patrick Schroeder,"MEAN Stack, Web Development, Development",Angular,Intermediate,4.5 hours,3.9,493,32152,"Rp149,000",5/2017,0,0,39,https://www.udemy.com/course/master-the-mean-stack/
Enterprise-Scale Web Apps with Angular,6459649,Frontend Coach,"Angular, Other IT & Software, IT & Software",Angular,All Levels,N/A,4.7,N/A,1,"Rp169,000",2/2025,0,0,0,https://www.udemy.com/course/enterprise-scale-web-apps-with-angular/
Securing Swagger API Documentation with an API Key (JWT),2373730,Get Arrays,"Spring Boot, Angular, Other IT & Software, IT & Software",Angular,Intermediate,3.5 hours,4.4,10,128,"Rp149,000",1/2021,3,0,3,https://www.udemy.com/course/securing-swagger-documentation/
Javascript Interview Questions with answers,4636738,Shivprasad Koirala,"JavaScript, Web Development, Development",Angular,Beginner,3 hours,4.7,249,2622,"Rp149,000",12/2022,2,0,2,https://www.udemy.com/course/javascript-interview-questions-and-answers/
C# Advanced Topics: Prepare for Technical Interviews,356030,Mosh Hamedani,"C# (programming language), C (programming language), Programming Languages, Development",Angular,Intermediate,3 hours,4.5,24895,137405,"Rp149,000",10/2019,5,0,1,https://www.udemy.com/course/csharp-advanced/
The Complete Angular Course: Beginner to Advanced Q&S,6849279,"Prakash Mallik, Jangansenibiswal, Nandini Ray","Other IT & Software, IT & Software",Angular,All Levels,N/A,N/A,N/A,338,"Rp149,000",2/2026,0,0,0,https://www.udemy.com/course/the-complete-angular-course-beginner-to-advanced-qs/
ASP.NET MVC Interview Questions with Answers,4081184,Shivprasad Koirala,"ASP.NET, ASP.NET MVC, ASP.NET Core, Web Development, Development",Angular,All Levels,3.5 hours,4.6,1159,7903,"Rp149,000",9/2023,1,0,6,https://www.udemy.com/course/aspnet-mvc-interview-questions/
.NET / C# Interview Questions with Answers.,3821964,Shivprasad Koirala,"C# (programming language), .NET, Coding Interview, Web Development, Development",Angular,All Levels,9 hours,4.6,3146,20047,"Rp149,000",1/2025,0,0,6,https://www.udemy.com/course/csharp-interview-questions-answers/
Minimal API with .NET 10 and C#,6921735,"Bobby Davis, Jr","Web Development, Back End Web Development, Minimal API, .NET, Development",Angular,All Levels,12.5 hours,4.8,27,196,"Rp149,000",11/2025,0,0,0,https://www.udemy.com/course/minimal-api-net10/
"Build an App with MEAN, MERN and MEVN Stacks",4257134,Vinay Kumar,"Full Stack Web Development, Vue JS, MEAN Stack, MERN Stack, Web Development",Angular,Beginner,3.5 hours,4.3,24,9742,"Rp149,000",8/2021,3,0,3,https://www.udemy.com/course/build-an-app-with-mean-mern-and-mevn-stacks/
"Ionic 4 Firebase with Angular-Build PWA, Native Android, iOS",2339296,RapidDev Pro,"Ionic, Angular, Firebase, Web Development, Development",Angular,All Levels,4.5 hours,4.5,86,379,"Rp149,000",2/2020,2,0,11,https://www.udemy.com/course/ionic-4-firebase-with-angular-build-pwa-native-android-ios/
C#/.NET - 50 Essential Interview Questions (Junior Level),4266596,Elegant Code – Krystyna Ślusarczyk,"C# (programming language), Coding Interview, Other IT & Software, IT & Software",Angular,All Levels,7 hours,4.7,899,5818,"Rp149,000",4/2026,5,8,55,https://www.udemy.com/course/csharpnet-50-essential-interview-questions-junior-level/
Master AWS deployment: Build & Deploy a Java full stack App,6617463,Dev Den,"AWS DevOps, Deployment, Full Stack Web Development, Web Development, Development",Angular,All Levels,7 hours,4.3,9,1044,"Rp149,000",1/2026,0,0,5,https://www.udemy.com/course/build-a-task-manager-spring-boot-react-aws-deployment/
ASP.NET Core MVC - Build an E-Commerce Web Application 2026,5899144,Coding Courses,"ASP.NET Core, ASP.NET MVC, .NET, ASP.NET, Web Development",Angular,Beginner,9 hours,4.7,220,926,"Rp159,000",3/2026,1,0,2,https://www.udemy.com/course/aspnet-core-mvc-guide/
Angular Developer Interview & Certification Practic Test QCM,6732779,"Skill Pilot, SkillUp Academy","Angular, Web Development, Development",Angular,All Levels,N/A,4.7,N/A,603,"Rp149,000",7/2025,0,0,0,https://www.udemy.com/course/angular-developer-interview-certification-practic-test-qcm/
"Offline-First Apps with Angular, Ionic, PouchDB and CouchDB",5034718,Dominic Rudigier,"Ionic, Apache CouchDB, Mobile App Development, Angular, Mobile Development",Angular,Intermediate,11 hours,4.4,10,142,"Rp159,000",12/2022,0,0,34,https://www.udemy.com/course/offline-first-apps-with-angular-ionic-pouchdb-and-couchdb/
.NET / EF Core - 60+ Practical Interview Questions,5442132,Bhrugen Patel - (DotNetMastery | Microsoft MVP | 300k+ Students),"ASP.NET Core, .NET, Entity Framework, Web Development, Development",Angular,Intermediate,2.5 hours,4.7,519,5761,"Rp149,000",2/2026,9,0,0,https://www.udemy.com/course/net-ef-core-50-practical-interview-questions/
Angular Material Preparation Practice Exams,6818807,Shadab Pervaiz,"Angular Material, IT Certifications, IT & Software",Angular,All Levels,N/A,N/A,N/A,N/A,"Rp149,000",9/2025,0,0,0,https://www.udemy.com/course/angular-material-preparation-practice-exams/
Crack C# .NET Job Interviews,5988236,Brian Su,"C# (programming language), Job Search, Interviewing Skills, .NET, Programming Languages",Angular,All Levels,18.5 hours,4.7,N/A,23,"Rp149,000",7/2025,41,0,0,https://www.udemy.com/course/crack-csharop-dotnet/
Django + AngularJS for a Powerful Web Application,982860,Justin Mitchel,"AngularJS, Bootstrap, Django, Web Development, Development",Angular,Intermediate,5.5 hours,3.8,123,5269,"Rp149,000",10/2016,0,0,0,https://www.udemy.com/course/django-angularjs/
Master Mean : Learn the fundamentals of Mean Stack,749108,SkillBakery Studio,"MEAN Stack, JavaScript, MongoDB, AngularJS, Web Development",Angular,All Levels,4.5 hours,4.1,36,184,"Rp149,000",5/2017,3,0,3,https://www.udemy.com/course/master-mean/
Deploying AngularJS,423248,Packt Publishing,"AngularJS, Web Development, Development",Angular,All Levels,1.5 hours,4.4,2,89,Free,2/2015,0,0,1,https://www.udemy.com/course/deploying-angularjs/
Unit testing your Javascript with jasmine,1117068,"Juan Lizarazo, Reynaldo Pena","JasmineJs, JavaScript, Unit Testing, Software Testing, Development",Angular,Beginner,5.5 hours,4.4,1206,7069,"Rp149,000",11/2020,12,0,21,https://www.udemy.com/course/unit-testing-your-javascript-with-jasmine/
"The Complete Ionic Bootcamp: iOS, Android & Web Apps",4746440,EDUCBA Bridging the Gap,"Android Development, Ionic, Mobile Development, Development",Angular,All Levels,9 hours,4.5,29,18276,"Rp149,000",11/2025,0,0,0,https://www.udemy.com/course/ionic-tutorials-build-android-web-apps-with-ionic/
"Build a Real Time web app in node.js , Angular.js, mongoDB",409618,Arash Yahya,"Web App Development, Real-Time Communication (RTC), MongoDB, Node.Js, Web Development",Angular,All Levels,4 hours,3.4,199,3402,"Rp149,000",3/2015,0,0,0,https://www.udemy.com/course/realtime-meanstack/
Developer Bootcamp C# and ASP.NET Core,6139979,Charles Aylward,"C# (programming language), ASP.NET Core, Other IT & Software, IT & Software",Angular,Beginner,21 hours,4.5,62,341,"Rp149,000",9/2024,0,0,74,https://www.udemy.com/course/developer-bootcamp-c-and-aspnet-core-for-beginners/
Android iOS Apps For WordPress Blog Using Ionic Angular,3349026,M A Hasan,"Ionic, WordPress, Angular, Mobile Development, Development",Angular,Beginner,6 hours,5.0,6,67,"Rp149,000",8/2025,9,0,8,https://www.udemy.com/course/build-android-ios-wordpress-blog-app-using-ionic5-angular/
Create a MEAN App by Example - Full Stack Course,1205894,Gary Simon,"Web App Development, Web Development, Development",Angular,Intermediate,3.5 hours,4.4,390,2432,"Rp149,000",9/2018,1,0,1,https://www.udemy.com/course/full-stack-course-mean-app/
ASP.NET Core Web API and Minimal API Development with .NET 6,4793346,Pravinkumar Dabade,"Web API, ASP.NET Core, Minimal API, Web Development, Development",Angular,Intermediate,8.5 hours,4.4,62,460,"Rp149,000",7/2022,0,0,33,https://www.udemy.com/course/aspnet-core-web-api-and-minimal-api-development-with-net-6/
.NET Core - Top 50 Interview Questions & Answers,4370830,Happy Rawat,".NET, Coding Interview, Software Engineering, Development",Angular,All Levels,1.5 hours,4.4,143,1200,"Rp149,000",5/2024,0,0,1,https://www.udemy.com/course/net-core-30-most-important-interview-questions-in-30-mins/
"C# Intermediate: Classes, Interfaces and OOP",383576,Mosh Hamedani,"Object-Oriented Programming (OOP), C (programming language), C# (programming language), Programming Languages, Development",Angular,Intermediate,5.5 hours,4.5,41336,176111,"Rp159,000",10/2019,5,0,1,https://www.udemy.com/course/csharp-intermediate-classes-interfaces-and-oop/
Jasmine.js From Scratch: Learn The Basics,4328172,Pedro Planas,"JasmineJs, C++ (programming language), Computer Science, Java, Other IT & Software",Angular,Beginner,44 mins,5.0,1,93,"Rp149,000",10/2021,0,0,0,https://www.udemy.com/course/jasminejs-from-scratch-learn-the-basics/
Angular technologies with hands on.,6160281,Srini Dasari,"Software Development Tools, Development",Angular,Expert,3 hours,4.5,N/A,N/A,"Rp149,000",6/2025,0,0,7,https://www.udemy.com/course/angular-technologies-with-hands-on/
Projects in ExpressJS - Learn ExpressJs building 10 projects,606756,"Eduonix Learning Solutions, Eduonix-Tech .","Express Framework, Node.Js, Web Development, Development",Angular,All Levels,15.5 hours,4.3,307,2944,"Rp149,000",12/2018,1,0,97,https://www.udemy.com/course/projects-in-expressjs-learn-expressjs-building-10-projects/
Master RESTful API with NET Core Web API .NET 9 (English),6279043,render2web : Más de 150.000 Estudiantes en Todo el Mundo,"ASP.NET Core, API, REST API, .NET, Web Development",Angular,All Levels,12.5 hours,3.9,12,95,"Rp149,000",3/2026,12,2,10,https://www.udemy.com/course/master-restful-api-aspnet-core/
Building Minimal APIs with ASP.NET Core 9 and EF Core,5878526,Felipe Gavilán,"ASP.NET Core, REST API, Web API, Web Development, Development",Angular,Beginner,10.5 hours,4.6,118,818,"Rp149,000",1/2025,1,0,0,https://www.udemy.com/course/building-minimal-apis-with-aspnet-core-and-ef-core/
Mastering ASP.NET 4 from scratch Using C#,442580,Kameswara Sarma Uppuluri | 25+ Years Of Experienced Corporate Trainer,"ASP.NET, Web Development, Development",Angular,All Levels,26.5 hours,4.6,561,2706,"Rp149,000",9/2024,0,0,9,https://www.udemy.com/course/masteraspnet/
Minimal API with .NET Core - The Complete Guide [2026],2703056,Bhrugen Patel - (DotNetMastery | Microsoft MVP | 300k+ Students),"Minimal API, Web API, ASP.NET Core, Other IT & Software, IT & Software",Angular,Beginner,8 hours,4.6,1036,4778,"Rp149,000",4/2026,6,0,0,https://www.udemy.com/course/minimal-api-the-complete-guide/
ASP.NET 8 - Creating Minimal APIs + EF Core 8,5992450,Vinícius de Andrade ツ,"Minimal API, Entity Framework, ASP.NET Core, Web Development, Development",Angular,Beginner,7 hours,4.6,26,117,"Rp149,000",6/2024,0,0,1,https://www.udemy.com/course/aspnet-creating-minimal-apis/
Hybrid Mobile App Development with Ionic,858844,Infinite Skills,"Ionic, Mobile Development, Development",Angular,All Levels,3 hours,3.8,63,364,"Rp149,000",1/2017,1,0,1,https://www.udemy.com/course/hybrid-mobile-app-development-with-ionic/
Angular 19 zero to hero in hindi,6444595,Gagandeep Singh,"Angular, Web Development, Development",Angular,All Levels,3 hours,3.8,4,15,"Rp149,000",5/2025,0,0,14,https://www.udemy.com/course/angular-19-zero-to-hero-in-hindi/
Deploy MEAN Stack App on Azure Cloud with CICD Pipeline,4322088,Ranjan Pandey,"Azure DevOps, Deployment, Other IT & Software, IT & Software",Angular,Beginner,2.5 hours,4.5,50,21584,"Rp149,000",6/2023,2,0,0,https://www.udemy.com/course/deploy-mean-stack-app-on-azure-cloud-with-cicd-pipeline/
Angular & NestJS Full Stack Web Development Bootcamp 2023,5082006,App Ready,"Web Development, Development",Angular,Beginner,24 hours,3.6,18,127,"Rp149,000",3/2023,0,0,40,https://www.udemy.com/course/the-e-commerce-full-stack-web-development-bootcamp/
ASP.NET Core 5.0 MVC The Beginners Guide To Becoming A Pro,3771684,"Denis Panjuta, Tutorials.eu by Denis Panjuta, Bhrugen Patel - (DotNetMastery | Microsoft MVP | 300k+ Students)","ASP.NET Core, ASP.NET, ASP.NET MVC, Web Development, Development",Angular,Intermediate,9.5 hours,4.2,1699,8597,"Rp149,000",2/2023,2,0,27,https://www.udemy.com/course/aspnet-core-5-mvc/
AngularJS For ASP.NET MVC Developers,412952,Brett Romero,"ASP.NET MVC, ASP.NET, Spring MVC, AngularJS, Web Development",Angular,Intermediate,1 hour,3.5,107,3163,"Rp149,000",4/2017,0,0,1,https://www.udemy.com/course/angularjs-for-aspnet-mvc-developers/
Security in Node.js with Express and Angular,2028548,Black Hills,"Express Framework, Node.Js, Angular, Web Development, Development",Angular,All Levels,1 hour,3.9,26,1352,"Rp149,000",9/2021,31,0,1,https://www.udemy.com/course/security-in-nodejs-with-express-and-angular/
ASP.NET Core [.NET 9] Deep-Dive,6230473,Frank Liu,"ASP.NET Core, Web Development, Development",Angular,All Levels,32.5 hours,4.5,236,1512,"Rp149,000",1/2026,6,0,91,https://www.udemy.com/course/aspnet-core-deep-dive/
Learn Ionic 3 From Scratch,1168848,Paul Halliday (BSc Hons),"Ionic, Angular, Typescript, Firebase, Mobile Development",Angular,All Levels,12 hours,4.3,2226,8456,"Rp149,000",6/2018,23,0,3,https://www.udemy.com/course/learn-ionic-3-from-scratch/
State Management for Angular using AKITA - Crash Course,3617908,Naimish Verma,"Angular, Other IT & Software, IT & Software",Angular,Intermediate,1.5 hours,3.6,15,82,"Rp149,000",11/2020,0,0,0,https://www.udemy.com/course/state-management-for-angular-using-akita-crash-course/
Mastering ASP.NET Core MVC From Scratch Using C#,3280090,Kameswara Sarma Uppuluri | 25+ Years Of Experienced Corporate Trainer,"ASP.NET Core, Web Development, Development",Angular,All Levels,23 hours,4.6,318,1689,"Rp149,000",5/2024,0,0,2,https://www.udemy.com/course/mastering-aspnetcoremvc/
.NET Project SDK: Migration Journey,5645628,Santhosh Ambale Venkatesh,".NET, Other IT & Software, IT & Software",Angular,All Levels,2 hours,4.6,5,288,"Rp149,000",11/2023,0,0,2,https://www.udemy.com/course/net-project-sdk-migration-journey/
From Zero to Hero: Learn AI-Assisted Coding Fast,6679025,Paweł Zarębski,"Vibe Coding, Other IT & Software, IT & Software",Angular,All Levels,1.5 hours,4.7,N/A,N/A,"Rp149,000",12/2025,0,0,0,https://www.udemy.com/course/from-zero-to-hero-learn-ai-assisted-coding-fast/
The Complete MEAN Stack Guide: MongoDB to Angular,6573467,Venkateshan manickam,"MEAN Stack, IT Certifications, IT & Software",Angular,Intermediate,N/A,3.1,N/A,3,"Rp149,000",4/2025,0,0,0,https://www.udemy.com/course/the-complete-mean-stack-guide-mongodb-to-angular/
RESTful Web API in .NET Core - The Advanced Guide (.NET 10),5358556,Bhrugen Patel - (DotNetMastery | Microsoft MVP | 300k+ Students),"Web API, REST API, ASP.NET Core, Web Development, Development",Angular,Intermediate,8 hours,4.4,288,3108,"Rp149,000",2/2026,5,0,0,https://www.udemy.com/course/restful-web-api-the-complete-guide-net7-api-part-2/
Learn Mobile App Development with Ionic Framework,785782,"Eduonix Learning Solutions, Eduonix-Tech .","Ionic, Mobile Development, Development",Angular,All Levels,3.5 hours,4.1,81,469,"Rp149,000",12/2018,1,0,30,https://www.udemy.com/course/learn-mobile-app-deveopment-with-ionic-framework/
Microsoft Azure AZ-900 Certification,3541650,Shivprasad Koirala,"AZ-900: Microsoft Azure Fundamentals, Microsoft Azure, Web Development, Development",Angular,Beginner,2.5 hours,4.5,202,1478,"Rp149,000",10/2020,0,0,0,https://www.udemy.com/course/microsoft-azure-az-900-certification/
Professional Web Authentication System Password Validation,3747788,Asaad Nayyef,"Spring Boot, Spring Security, Web Development, Development",Angular,All Levels,7.5 hours,4.0,21,174,"Rp149,000",2/2023,3,0,54,https://www.udemy.com/course/professional-web-authentication-system-english/
JavaScript with Real World App Javascript Projects,3643010,"Oak Academy, OAK Academy Team","JavaScript, React Native, Programming Fundamentals, Web Development, Development",Angular,All Levels,8.5 hours,4.5,32,159,"Rp149,000",4/2026,3,0,0,https://www.udemy.com/course/javascript-with-real-world-app-project/
NodeJS made easy for MEAN or MERN Stack,989648,Bharath Thippireddy,"Node.Js, Other IT & Software, IT & Software",Angular,All Levels,7 hours,4.5,151,1090,"Rp149,000",4/2026,2,0,3,https://www.udemy.com/course/nodejs-in-easy-steps/
Ace the MEAN Stack Interview: Practice Tests & Concepts 2025,6742351,"Abhishek Pattanayak, biplab kumar mishra","MEAN Stack, IT Certifications, IT & Software",Angular,All Levels,N/A,N/A,N/A,1213,"Rp149,000",10/2025,0,0,0,https://www.udemy.com/course/ace-the-mean-stack-interview-practice-tests-concepts-2025/
ASP.NET CORE With JavaScript and JQuery,5565062,Tarun Kumar Saini,"JavaScript, ASP.NET Core, Web Development, Development",Angular,Beginner,4 hours,4.4,21,89,"Rp149,000",10/2023,0,0,1,https://www.udemy.com/course/aspnet-core-with-javascript-and-jquery/
SignalR Mastery: Become a Pro in Real-Time Web Development,3676646,Kevin Griffin | Microsoft MVP,"SignalR, Web Development, Development",Angular,All Levels,6.5 hours,4.5,778,5261,"Rp149,000",1/2023,4,0,0,https://www.udemy.com/course/signalr-mastery/
Monorepos - A Beginner's Guide,3524942,Robert Donnelly,"Software Architecture, JavaScript, Node.Js, Software Engineering, Development",Angular,Beginner,1 hour,4.4,665,3821,"Rp149,000",12/2024,5,0,0,https://www.udemy.com/course/monorepos-a-beginners-guide/
Fundamentals of Auth0: Modernizing Identity!!,6483329,Mana Dowlatshahi Yeganeh,"Auth0, Authentication, Network Administration, Cryptography, Network & Security",Angular,All Levels,42.5 hours,2.8,16,479,"Rp149,000",3/2026,8,0,3,https://www.udemy.com/course/fundamentals-of-auth0-modernizing-identity/
ASP.NET Core complete course by University Coding Teacher C#,6895445,University Coding Teacher Dr Albert Sadowski,"ASP.NET Core, RESTful Web Services, REST API, ASP.NET, Web Development",Angular,Beginner,6.5 hours,4.9,22,69,"Rp149,000",12/2025,1,0,1,https://www.udemy.com/course/aspnet-tutorial-for-beginners-by-university-coding-teacher/
"Build A TodoList with Phoenix, Elixir and Angular",4342196,James Coonce with CodeBrains.IO Tech Training,"Phoenix Framework, Elixir (programming language), Angular, RESTful Web Services, Web Development",Angular,Beginner,2 hours,4.4,2,3299,"Rp149,000",6/2022,0,0,0,https://www.udemy.com/course/build-a-todolist-with-phoenix-elixir-and-angular/
Javascript - From Beginner to Pro-Build real world JS apps,1025026,Abhay Talreja,"JavaScript, Web Development, Front End Web Development, Development",Angular,Beginner,12.5 hours,4.3,2070,48488,"Rp149,000",12/2019,1,79,10,https://www.udemy.com/course/javascript-from-beginner-to-pro-best-course/
Building RESTful Web APIs with ASP.NET Core 3.1,2809143,Felipe Gavilán,"ASP.NET Core, REST API, Web API, Web Development, Development",Angular,All Levels,11.5 hours,4.5,469,2151,"Rp149,000",1/2021,1,0,0,https://www.udemy.com/course/building-restful-web-apis-with-aspnet-core/
Deep Dive into ASP.NET MVC Part 2 – 25+ Practice Tests,1746072,Sandeep Soni,"ASP.NET, Web Development, Development",Angular,Beginner,10.5 hours,4.8,15,683,"Rp149,000",12/2025,0,0,44,https://www.udemy.com/course/deep-dive-into-aspnet-mvc-part-2/
ASP.NET CORE MVC | Build a Complete eCommerce App,4002654,Ervis Trupja,"ASP.NET MVC, C# (programming language), Entity Framework, .NET, Web Development",Angular,All Levels,12 hours,4.4,1469,20593,"Rp149,000",12/2025,1,0,0,https://www.udemy.com/course/complete-ecommerce-aspnet-mvc-application/
A Fullstack Saga: SpringBoot / Angular / Kubernetes,2980080,Antonica Alexandru,"Full Stack Web Development, Kubernetes, Spring Boot, Angular, Other IT & Software",Angular,All Levels,7 hours,3.6,270,2155,"Rp149,000",6/2020,1,0,0,https://www.udemy.com/course/a-fullstack-saga-springboot-angular-kubernetes/
Master ASP.NET Core 8 MVC with EF Core:A Comprehensive Guide,179288,Manzoor Ahmed,"ASP.NET MVC, Entity Framework, Microsoft, Office Productivity",Angular,All Levels,58.5 hours,4.3,887,9646,"Rp149,000",11/2024,4,0,41,https://www.udemy.com/course/aspnet-mvc-with-entity-framework-from-scratch/
AppSettings and Secrets in ASP.NET Core,3569651,"Bhrugen Patel - (DotNetMastery | Microsoft MVP | 300k+ Students), Bhrugen Patel - Microsoft MVP | 300,000+ Students","ASP.NET Core, Other IT & Software, IT & Software",Angular,Beginner,2 hours,4.6,856,3950,"Rp149,000",2/2026,1,0,0,https://www.udemy.com/course/appsettings-and-secrets-in-aspnet-core/
Java Full Stack Interview questions(with AI ML Overview),3894340,Suresh Kumar Reddy,"Full Stack Web Development, Java, MySQL, Other IT & Software, IT & Software",Angular,Intermediate,N/A,3.9,18,367,"Rp149,000",2/2026,0,0,0,https://www.udemy.com/course/java-full-stack-exam-practice-test-interview-questions/
Wordpress Rest API and Ionic 4 (Angular) App With Auth,1515202,Baljeet Singh,"Ionic, WordPress, API, REST API, Mobile Development",Angular,All Levels,2 hours,4.5,340,10423,"Rp149,000",8/2019,1,0,4,https://www.udemy.com/course/wordpress-rest-api-and-ionic-3-crud/
Build Real World ECommerce Website with .Net Core 7 2024,5161918,Asfend Yar Hamid,"ASP.NET Core, ASP.NET MVC, .NET, ASP.NET, Web Development",Angular,All Levels,4 hours,4.5,109,584,"Rp149,000",11/2025,4,0,6,https://www.udemy.com/course/aspnet-core-fundamentals-build-an-e-commerce-site/
Ionic Angular Firebase: From ZERO to ONE [Updated 2020],2521406,John Jacob,"Ionic, Web Development, Angular, Development",Angular,All Levels,7.5 hours,3.5,27,158,"Rp149,000",2/2020,0,0,10,https://www.udemy.com/course/ionic-angular-complete/
ASP.NET Core Web API - Zero to Hero [ASP Net Core 5.0],3756908,Nitish Kumar - Microsoft MVP,"Web API, ASP.NET Core, Web Development, Development",Angular,All Levels,7 hours,4.4,306,988,"Rp149,000",2/2026,1,0,0,https://www.udemy.com/course/restful-web-api-with-aspnet-core-5-zero-to-hero/
ASP.NET Core - Cross-Platform Development,2286771,"Trevoir Williams, Learn IT University, Andrii Piatakha","ASP.NET Core, Web Development, Entity Framework, Visual Studio Code, Development",Angular,Beginner,7.5 hours,4.5,1280,100175,"Rp149,000",11/2025,3,0,0,https://www.udemy.com/course/learn-aspnet-mvc-and-entity-framework/
Introducing Ionic 2,755932,Packt Publishing,"Ionic, Web Development, Development",Angular,Beginner,1.5 hours,3.7,82,411,"Rp149,000",3/2016,0,0,1,https://www.udemy.com/course/introducing-ionic-2/
Ionic Framework: Build Native iOS & Android AppsInterviewQ&S,6992911,Prakash Mallik,"Other IT & Software, IT & Software",Angular,All Levels,N/A,N/A,N/A,194,"Rp149,000",1/2026,0,0,0,https://www.udemy.com/course/ionic-framework-build-native-ios-android-appsinterviewqs/
"Build A TodoList Fast with Go, Fiber and Ionic / Angular",4350156,James Coonce with CodeBrains.IO Tech Training,"Go (programming language), Ionic, Angular, RESTful Web Services, Web Development",Angular,Beginner,2 hours,4.4,5,4625,"Rp149,000",6/2022,0,0,0,https://www.udemy.com/course/build-a-todolist-fast-with-go-fiber-and-ionic-angular/
Regression in Angular using TensorFlow.js,5358016,"Jorge Guerra Pires, TensorFlow.js Academy","Regression Analysis, Angular, Typescript, TensorFlow.js, Math",Angular,All Levels,3 hours,2.7,7,6580,"Rp149,000",5/2025,0,0,2,https://www.udemy.com/course/regression-in-angular-using-tensorflowjs/
Jasmine.Js For Beginners: The Videocourse,3941192,Pedro Planas,"JasmineJs, JavaScript, Other IT & Software, IT & Software",Angular,Beginner,1.5 hours,4.0,N/A,N/A,"Rp149,000",3/2021,0,0,0,https://www.udemy.com/course/jasminejs-for-beginners-the-videocourse/
Create E-shop with .Net Core MVC (step by step project),2632994,Pavol Almasi,"ASP.NET Core, ASP.NET MVC, Software Development, Web Development, Development",Angular,Beginner,5.5 hours,4.3,360,1590,"Rp149,000",11/2020,2,0,4,https://www.udemy.com/course/asp-net-core-3/
Build Secure Web API For E-Commerce using ASP.NET Core,5360568,Coding Courses,"ASP.NET Core, REST API, Web Development, Development",Angular,Beginner,9.5 hours,4.7,86,471,"Rp149,000",3/2025,4,0,5,https://www.udemy.com/course/build-aspnet-web-api/
Reactive JavaScript Programming,1203648,Packt Publishing,"RxJs, JavaScript, Programming Languages, Development",Angular,Intermediate,2.5 hours,4.2,21,143,"Rp149,000",5/2017,0,0,1,https://www.udemy.com/course/reactive-javascript-programming/
"Front-End Frameworks Bootcamp: React, Angular, Ember & Backb",1167538,"Eduero Academy, Inc.","Front End Web Development, Web Development, Development",Angular,All Levels,2.5 hours,4.0,8,135,"Rp149,000",1/2026,2,0,0,https://www.udemy.com/course/ultimate-front-end-frameworks-web-development/
ASP.NET CORE ZERO TO HERO COURSE WITH PROJECT,5513000,Tarun Kumar Saini,"ASP.NET Core, ASP.NET MVC, Linq, ASP.NET, Web Development",Angular,Beginner,14 hours,4.2,39,213,"Rp149,000",5/2025,0,0,4,https://www.udemy.com/course/aspnet-core-zero-to-hero-course-with-realtime-project/
C# .net 8 WEB API based on eCommerce example,5654592,Modestas Vačerskas,"Software Development, C# (programming language), .NET, Web API, Other IT & Software",Angular,Beginner,30.5 hours,4.5,8,88,"Rp149,000",11/2023,1,0,0,https://www.udemy.com/course/c-net-8-web-api-based-on-ecommerce-example/
Mastering ASP.NET MVC 5 From Scratch Using C#,994634,Kameswara Sarma Uppuluri | 25+ Years Of Experienced Corporate Trainer,"C# (programming language), ASP.NET, C (programming language), ASP.NET MVC, Web Development",Angular,All Levels,13 hours,4.2,1059,5136,"Rp149,000",8/2020,0,0,2,https://www.udemy.com/course/masteringaspnetmvc5/
Blockchain Ninja : Develop Ethereum dapp with Angular,1643902,Dheeraj Pal,"Blockchain, Solidity, Angular, Ethereum, DApp",Angular,Intermediate,5 hours,3.4,57,2124,"Rp149,000",4/2018,0,0,0,https://www.udemy.com/course/blockchain-ninja-develop-ethereum-dapp-with-angular/
"Robust REST APIs and Clients in C#, ASP.NET Core, HttpClient",4458530,Nathan LaFratta,"REST API, ASP.NET Core, RESTful Web Services, ASP.NET, Other IT & Software",Angular,Intermediate,2.5 hours,4.5,69,1509,"Rp149,000",12/2022,0,0,24,https://www.udemy.com/course/robust-restful-apis-dotnet/
Ionic Angular Android iOS Apps For WooCommerce WebCheckout,3211811,M A Hasan,"Ionic, WooCommerce, WordPress, Apache Cordova, Mobile Development",Angular,Beginner,6 hours,3.9,22,150,"Rp149,000",8/2025,13,0,23,https://www.udemy.com/course/ionic-5-angular-android-ios-apps-for-woocommerce-web-checkout/
"Desktop apps with Angular, Firestore and Electron",1652828,Raja yogan,"AngularJS, Web Development, Development",Angular,Intermediate,11.5 hours,3.6,34,403,"Rp149,000",5/2018,1,0,0,https://www.udemy.com/course/desktop-apps-with-angular-firestore-and-electron/
Live News Website with AS .NET Core 9 Mvc and SQL,6970475,Roshan Academy,"ASP.NET MVC, ASP.NET Core, ASP.NET, Web Development, Development",Angular,All Levels,26 hours,4.8,4,1030,"Rp149,000",12/2025,1,0,1,https://www.udemy.com/course/live-news-website-with-as-net-core-9-mvc-and-sql/
"Full-Stack Mastery: ASP.NET Core , GitHub, Cloud Migration",6111933,Shenkut Tegenaw,"Web Development, Development",Angular,All Levels,10 hours,4.6,10,54,"Rp149,000",8/2024,0,0,2,https://www.udemy.com/course/full-stack-mastery-aspnet-core-github-cloud-migration/
Build A TodoList Fast with Ruby on Rails and Ionic / Angular,4327790,James Coonce with CodeBrains.IO Tech Training,"Ruby on Rails, Ionic, Angular, RESTful Web Services, Web Development",Angular,Beginner,1.5 hours,4.3,5,2529,"Rp149,000",6/2022,0,0,0,https://www.udemy.com/course/build-a-todolist-fast-with-ruby-on-rails-and-ionic-angular/
Learn Asp Net C# OOPs SQL and JavaScript for Development,4727558,Metla Sudha Sekhar,"C# (programming language), JavaScript, Web Development, Full Stack Web Development, Development",Angular,All Levels,22 hours,4.7,120,6342,"Rp149,000",11/2025,0,1,0,https://www.udemy.com/course/learn-asp-net-c-oops-sql-and-javascript-for-development/
Getting Started with .NET Core SignalR,2739046,Manish Narayan,"SignalR, .NET, Software Engineering, Development",Angular,All Levels,2 hours,4.4,107,405,"Rp149,000",3/2020,0,0,11,https://www.udemy.com/course/getting-started-with-net-core-signalr/
"Learn Asp Net C#, MySQL and JavaScript for web developers",4727880,Metla Sudha Sekhar,"Full Stack Web Development, JavaScript, Object-Oriented Programming (OOP), Web Development, Development",Angular,All Levels,21.5 hours,4.6,77,9808,"Rp149,000",11/2025,0,1,0,https://www.udemy.com/course/learn-asp-net-c-mysql-and-javascript-for-web-developers/
Live Online Shop (Ecommerce) by ASP .NET Core 8 MVC and SQL,6195763,Roshan Academy,"ASP.NET MVC, ASP.NET Core, ASP.NET, Web Development, Development",Angular,All Levels,20 hours,4.5,79,6389,"Rp149,000",3/2025,1,0,1,https://www.udemy.com/course/live-online-shop-ecommerce-by-asp-net-core-mvc/
D3 4.x: Mastering Data Visualization,1234834,Packt Publishing,"Data Visualization, Other IT & Software, IT & Software",Angular,Intermediate,3.5 hours,3.1,56,371,"Rp447,000.00",6/2019,30,0,1,https://www.udemy.com/course/d3-4x-mastering-data-visualization/
ASP.NET Core 8 MVC Project - CMS and E-Commerce platform,5873918,Vojislav K.,"ASP.NET Core, Web Development, Development",Angular,All Levels,7.5 hours,4.5,31,156,"Rp149,000",3/2024,1,0,1,https://www.udemy.com/course/aspnet-core-mvc-project-cms-and-e-commerce-platform/
ASP.NET Core Web API - Build an API from Scratch,3968372,Praveenkumar Bouna,"Web API, ASP.NET MVC, ASP.NET Core, RESTful Web Services, Web Design",Angular,Beginner,3 hours,4.3,330,1687,"Rp149,000",8/2025,5,0,0,https://www.udemy.com/course/aspnetcore-webapi/
Python 3 Foundations Complete Masterclass,5018792,Dominic Tripodi,"Python, Software Engineering, Development",Angular,Beginner,7.5 hours,4.3,30,3061,"Rp149,000",8/2024,17,13,0,https://www.udemy.com/course/python-beginner-complete-masterclass/
Reactive JS: Are you ready for the next big paradigm shift?,771198,"3D BUZZ Programming and Digital Art training, Nelson LaQuet","RxJs, JavaScript, Web Development, Development",Angular,Intermediate,5.5 hours,4.3,735,3859,"Rp149,000",2/2016,0,0,1,https://www.udemy.com/course/reactive-js-getting-ready-for-the-next-big-paradigm-shift/
ASP .Net Core 5 Web APIs Using DB First [In-depth in 8 Days],4278972,Manzoor Ahmed,"ASP.NET Core, Web API, Web Development, Development",Angular,Intermediate,9 hours,4.3,41,6960,"Rp149,000",5/2023,0,0,7,https://www.udemy.com/course/asp-net-core-5-web-apis-using-db-first-in-depth-in-8-days/
Getting Started with .NET Core,1601824,Manish Narayan,"Microsoft Visual Studio, .NET, ASP.NET, ASP.NET Core, Software Engineering",Angular,All Levels,2 hours,3.8,58,1555,"Rp149,000",3/2018,0,0,1,https://www.udemy.com/course/getting-started-with-dotnet-core/
ASP.NET Core - Build Hands-On Web Projects,3330064,Kaushik Roy Chowdhury |,"ASP.NET Core, Web Development, Development",Angular,All Levels,17 hours,4.7,33,2368,"Rp149,000",11/2024,4,0,50,https://www.udemy.com/course/aspnetcore-31-build-hands-on-web-projects/
Java:spring restful web service crud,1131052,Naveen Kumar A,"Java, Spring Framework, REST API, Programming Languages, Development",Angular,All Levels,34 mins,3.5,34,1053,"Rp149,000",3/2018,1,0,0,https://www.udemy.com/course/javaspring-restful-web-service-crud/
The Complete JavaScript Bootcamp,882128,EDUmobile Academy,"JavaScript, AngularJS, Node.Js, jQuery, Web Development",Angular,All Levels,5 hours,4.2,174,2265,"Rp149,000",6/2016,0,0,50,https://www.udemy.com/course/the-complete-javascript-bootcamp/
sql server tutorial,2104266,Shivprasad Koirala,"SQL Server, SQL, Microsoft SQL, Database Design & Development, Development",Angular,Beginner,7 hours,4.5,142,4042,"Rp149,000",7/2022,0,0,4,https://www.udemy.com/course/sql-server-sql/
ASP.NET Core for beginners,4302759,Bluelime Learning Solutions,"ASP.NET Core, Web Development, Development",Angular,Beginner,2 hours,4.4,44,423,"Rp149,000",3/2026,1,0,0,https://www.udemy.com/course/aspnet-core-for-beginners/
Fullstack Asp.Net Core MVC & C# Bootcamp With Real Projects,2409310,Ebenezer Ogbu,"ASP.NET MVC, C# (programming language), HTML, Web Development, Development",Angular,All Levels,24.5 hours,3.6,209,913,"Rp149,000",5/2020,0,0,4,https://www.udemy.com/course/fullstack-aspnet-core-mvc-and-c-bootcamp-with-real-project/
Learn Node.js by exemples: from beginner to advanced,1850640,Olivier Campeau,"Node.Js, Docker, Angular, Apache CouchDB, Programming Languages",Angular,All Levels,11.5 hours,4.2,19,159,"Rp149,000",9/2018,0,0,73,https://www.udemy.com/course/learn-nodejs-by-exemples-from-beginner-to-advanced/
Master ASP.NET Core 3.1 MVC with 7 Step By Step Projects,3319810,Pavol Almasi,"ASP.NET Core, Generic Programming, Software Design, Software Practices, Other IT & Software",Angular,All Levels,26 hours,4.4,125,753,"Rp149,000",10/2020,1,0,15,https://www.udemy.com/course/aspnet-core-mvc-beginners/
JavaScript Objects - Explore and learn about Objects,1781964,Laurence Svekis,"JavaScript, Programming Languages, Development",Angular,Beginner,2 hours,4.6,36,1610,"Rp149,000",11/2024,13,0,10,https://www.udemy.com/course/javascript-objects/
Learn Reactivex From Ground Up,961996,"Eduonix Learning Solutions, Eduonix-Tech .","ReactiveX, Web Development, Development",Angular,Intermediate,5 hours,4.2,66,355,"Rp149,000",12/2018,1,0,32,https://www.udemy.com/course/learn-reactivex-from-ground-up/
App Development with ASP .NET Core MVC,2228282,Packt Publishing,"ASP.NET MVC, Software Development Tools, Development",Angular,Beginner,13.5 hours,4.3,25,130,"Rp149,000",2/2019,0,0,1,https://www.udemy.com/course/app-development-with-asp-net-core-mvc/
Learn Rest Api's with .NET Core 8.0 2025,5977912,Asfend Yar Hamid,"REST API, ASP.NET Core, .NET, RESTful Web Services, Web Development",Angular,All Levels,4.5 hours,4.5,75,399,"Rp149,000",11/2025,3,0,0,https://www.udemy.com/course/learn-rest-apis-with-net-core/
EF Core 5 With Code First And Db First [In-depth in 8 Days],4221646,Manzoor Ahmed,"Entity Framework, Other IT & Software, IT & Software",Angular,Intermediate,11.5 hours,4.4,29,5819,"Rp149,000",9/2021,0,0,8,https://www.udemy.com/course/ef-core-5-with-code-first-and-db-first-in-depth-in-7-days/
.NET Core Complete Guide (.NET 6) [OLD Course],5534544,Bhrugen Patel - (DotNetMastery | Microsoft MVP | 300k+ Students),"ASP.NET Core, ASP.NET MVC, Web Development, Development",Angular,Beginner,15 hours,4.7,18,604,"Rp149,000",9/2023,0,0,0,https://www.udemy.com/course/net-core-complete-guide-net-6-old-course/
Getting Started with C#,1485412,Ervis Trupja,"C# (programming language), .NET, Other IT & Software, IT & Software",Angular,Beginner,3 hours,4.7,1656,42251,"Rp149,000",6/2025,1,10,0,https://www.udemy.com/course/csharp-beginner-to-advanced/
Complete ASP.NET MVC Course with Real World Practices,3239037,"Oak Academy, OAK Academy Team","ASP.NET MVC, Web Development, Development",Angular,All Levels,20 hours,4.1,251,1382,"Rp149,000",4/2026,3,0,0,https://www.udemy.com/course/complete-aspnet-mvc-course-with-real-world-practices/
LEARNING PATH: Webpack: Web Development with Webpack,1554052,Packt Publishing,"Webpack, Web Development, Development",Angular,Beginner,6.5 hours,4.2,14,148,"Rp149,000",2/2018,0,0,1,https://www.udemy.com/course/learning-path-webpack-web-development-with-webpack/
Exploring ASP.NET Core: Intermediate,1706178,Stone River eLearning,"ASP.NET, ASP.NET Core, Web Development, Development",Angular,All Levels,5.5 hours,4.6,4,65,"Rp149,000",10/2018,0,0,3,https://www.udemy.com/course/exploring-aspnet-core-intermediate/
Webpack 1 & 2 - The Complete Guide,1037666,Nelson Jamal,"Webpack, Web Development, Development",Angular,All Levels,6.5 hours,4.4,129,675,"Rp149,000",7/2017,0,0,0,https://www.udemy.com/course/webpack-complete-guide/
Master Full stack .NET Architecture using C#,3517006,Freddy Ayala,"Software Development, C# (programming language), DevOps, Operating Systems & Servers, IT & Software",Angular,Intermediate,3 hours,3.9,35,145,"Rp149,000",3/2022,3,0,0,https://www.udemy.com/course/fullstack-dot-net/
"Building a Web App with ASP.NET Core, MVC, and EF",2969098,Manuel Ernesto Cambota,"ASP.NET Core, ASP.NET MVC, Bootstrap, Entity Framework, Other IT & Software",Angular,All Levels,3 hours,4.4,21,1030,"Rp149,000",6/2024,0,0,0,https://www.udemy.com/course/building-a-web-app-with-aspnet-core-mvc-entity-framework-m/
ASP.NET Core 5 MVC : Hands-on-Lab with Practical Projects,3631442,Agus Kurniawan,"ASP.NET Core, ASP.NET MVC, Web Development, Development",Angular,All Levels,5.5 hours,4.8,3,73,"Rp149,000",1/2021,5,0,6,https://www.udemy.com/course/aspnetcore5mvc/
ASP .Net MVC Quick Start,309820,Brian Gorman,"ASP.NET MVC, ASP.NET, Web Development, Development",Angular,Intermediate,17.5 hours,4.4,2535,22735,"Rp149,000",12/2021,6,0,6,https://www.udemy.com/course/aspnet-mvc-quick-start/
Build a TodoList Fast with React and ASP.NET Core API,4250464,James Coonce with CodeBrains.IO Tech Training,"RESTful Web Services, React JS, ASP.NET Core, Full Stack Web Development, Web Development",Angular,Beginner,2 hours,4.2,37,6189,"Rp149,000",6/2022,0,0,0,https://www.udemy.com/course/build-a-todolist-fast-with-react-and-aspnet-core-api/
Real World ASP.NET Web API Services for .NET Framework,1580426,Darren DeLoach,"Web API, API, ASP.NET, Web Development, Development",Angular,Intermediate,7.5 hours,4.3,885,4418,"Rp149,000",2/2020,3,0,11,https://www.udemy.com/course/real-world-aspnet-web-api-services-for-net-framework/
ASP.NET Core + React (Small CRUD App),4398480,Ruben Heeren,"ASP.NET Core, C# (programming language), React JS, .NET, Other IT & Software",Angular,Intermediate,3 hours,4.7,39,235,"Rp149,000",11/2021,2,0,0,https://www.udemy.com/course/aspnet-core-react/
The Complete ASP.Net Core Web APIs Course With JWT Security,2621174,Manzoor Ahmed,"ASP.NET, API, JSON Web Token (JWT), Web Development, Development",Angular,Intermediate,6 hours,4.2,457,3768,"Rp149,000",7/2020,7,0,9,https://www.udemy.com/course/the-complete-aspnet-core-web-apis-course/
ASP .NET Core. API User Identity & more + Azure Cloud deploy,3156470,Jakub Kozera,".NET, Other IT & Software, IT & Software",Angular,Intermediate,4.5 hours,4.3,106,821,"Rp149,000",6/2022,0,0,2,https://www.udemy.com/course/asp-net-core-developing-web-api-functionalities/
ASP :basics for beginners,971022,Naveen Kumar A,"ASP.NET, Web Development, Development",Angular,All Levels,1 hour,2.8,14,784,"Rp149,000",6/2017,0,0,0,https://www.udemy.com/course/asp-basics-for-beginners/
ASP.NET - Total Guide,4570456,DIGIFLAX E-LEARNING,"ASP.NET, Web Development, Development",Angular,All Levels,1 hour,4.0,65,3332,"Rp149,000",3/2022,0,0,0,https://www.udemy.com/course/asp-net-guide/
ASP.NET Core MVC - Up and Running Part 1 (.NET 5),3310480,"Bhrugen Patel - (DotNetMastery | Microsoft MVP | 300k+ Students), Bhrugen Patel - Microsoft MVP | 300,000+ Students","ASP.NET MVC, ASP.NET Core, Web Development, Development",Angular,Beginner,7 hours,4.5,1174,4915,"Rp149,000",12/2020,0,0,0,https://www.udemy.com/course/aspnet-core-mvc-up-and-running-part-1-net-5/
#1 Complete ASP.NET Core MVC Single-Page App[The Future],1311258,Toufiq Elahy,"ASP.NET Core, ASP.NET MVC, .NET, Web Development, Development",Angular,Intermediate,3.5 hours,4.5,64,7596,"Rp149,000",6/2025,0,0,0,https://www.udemy.com/course/toufiqelahy/
C# for Beginners: Master Programming Fundamentals,6650459,Sandeep Soni,"C# (programming language), C (programming language), Programming Languages, Development",Angular,All Levels,8.5 hours,5.0,3,103,"Rp149,000",3/2026,0,0,0,https://www.udemy.com/course/c-for-beginners-master-programming-fundamentals/
From A Non Programmer To Full Stack .NET Developer,2020464,Ion Cosmin Grigore,".NET, C# (programming language), jQuery, Full Stack Web Development, Web Development",Angular,Beginner,3.5 hours,4.0,523,3147,"Rp149,000",5/2019,2,0,6,https://www.udemy.com/course/from-a-non-programmer-to-full-stack-net-developer/
Jasmine.js Videocourse: The Beginners Edition,3881522,Pedro Planas,"Computer Science, JavaScript, Computer Basics, JasmineJs, Other IT & Software",Angular,Beginner,1 hour,4.7,N/A,N/A,"Rp149,000",2/2021,0,0,0,https://www.udemy.com/course/jasminejs-videocourse-the-beginners-edition/
Learn Tableau step by step for beginners.,2066199,Shivprasad Koirala,"Tableau, Business Analytics & Intelligence, Business",Angular,Beginner,6.5 hours,4.2,70,3438,"Rp149,000",12/2018,0,0,0,https://www.udemy.com/course/tableau-beginners/
Live Project On ASP.Net Core 2.0 MVC(Formerly ASP.Net MVC 5),196304,Manzoor Ahmed,"ASP.NET MVC, Entity Framework, Architectural Design, Web App Development, Programming Languages",Angular,Intermediate,10.5 hours,4.4,776,6072,"Rp149,000",8/2018,0,0,11,https://www.udemy.com/course/aspnet-mvc-web-app-on-3-tier-architecture/
The Complete Guide To Build Rest Api's with Asp.Net and C#,1923692,Asfend Yar Hamid,"ASP.NET, ASP.NET MVC, REST API, Web Development, Development",Angular,All Levels,4 hours,4.5,2898,11377,"Rp149,000",11/2023,6,0,10,https://www.udemy.com/course/restapi-in-aspnet/
C# Full-Stack Development: OOP and SQL Stored Procedures,6558201,Cornelius Tonui,"C# (programming language), Other IT & Software, IT & Software",Angular,All Levels,5.5 hours,4.2,7,1018,"Rp149,000",4/2025,0,0,0,https://www.udemy.com/course/real_world_aapplication_using_stored_procedures/
Asp.Net Core : The Complete Guide To Build RESTful Api's,2192886,Asfend Yar Hamid,"REST API, RESTful Web Services, ASP.NET Core, Web Development, Development",Angular,All Levels,8 hours,4.2,3180,14177,"Rp149,000",5/2024,8,0,13,https://www.udemy.com/course/restful-apis-in-aspnet-core/
Consume Web API in ASP.Net Core MVC (step by step project),2352792,Pavol Almasi,"ASP.NET Core, ASP.NET MVC, Web App Development, Web API, Web Development",Angular,All Levels,12.5 hours,4.5,63,1753,"Rp149,000",10/2020,2,0,6,https://www.udemy.com/course/web-api-asp-net-core-mvc/
Learn C#.Net Core With Real World Examples,185678,Manzoor Ahmed,"C# (programming language), Programming Languages, Development",Angular,All Levels,26.5 hours,4.4,2902,37690,"Rp149,000",6/2024,0,0,21,https://www.udemy.com/course/csharp-from-scratch/
Build A TodoList with ASP.NET and Electron Vue,5066914,James Coonce with CodeBrains.IO Tech Training,"ASP.NET Core, Vue JS, Electron Framework, Object-Relational Mapping (ORM), Web Development",Angular,Intermediate,1.5 hours,4.7,9,1009,"Rp149,000",1/2023,0,0,0,https://www.udemy.com/course/build-a-todolist-with-aspnet-and-electron-vue/
ASP.NET CORE and C# REST API With Real World Projects,2413626,Ebenezer Ogbu,"ASP.NET, ASP.NET Core, RESTful Web Services, REST API, Web Development",Angular,All Levels,22.5 hours,3.9,169,975,"Rp149,000",6/2023,0,0,4,https://www.udemy.com/course/aspnet-core-and-c-rest-api-with-real-world-projects/
Learn ASP.NET Core Step By Step,1826414,Maruti Makwana,"ASP.NET Core, ASP.NET, Web Development, Development",Angular,Beginner,1.5 hours,4.1,110,3399,"Rp149,000",4/2024,0,0,2,https://www.udemy.com/course/aspnetcoremaruti/
RESTful API Development with ASP.NET Core Web API Bootcamp,2544337,Agus Kurniawan,"ASP.NET Core, OAuth, Microsoft Azure, REST API, Web Development",Angular,All Levels,3 hours,3.9,21,174,"Rp149,000",2/2022,1,0,10,https://www.udemy.com/course/aspnet-core-bootcamp/
LEARNING PATH: Modern Web Development with ASP.NET Core,1592382,Packt Publishing,"ASP.NET Core, ASP.NET, Web Development, Development",Angular,Beginner,8.5 hours,3.9,34,219,"Rp149,000",3/2018,0,0,1,https://www.udemy.com/course/learning-path-modern-web-development-with-aspnet-core/
C# Restful API on Web API .Net Core with MsSQL & EF Core,4462742,"Oak Academy, OAK Academy Team","REST API, C# (programming language), Web API, ASP.NET Core, Web Development",Angular,All Levels,4 hours,4.2,79,516,"Rp149,000",4/2026,2,0,0,https://www.udemy.com/course/c-restful-api-on-web-api-net-core-with-mssql-ef-core/
C# & .Net used effectively in day to day work- includes LINQ,2335704,Timo | C# Development | .NET | DevOps,"C# (programming language), Programming Languages, Development",Angular,Intermediate,3.5 hours,4.5,17,243,"Rp149,000",3/2021,1,3,4,https://www.udemy.com/course/net-productivity-with-linq/
What’s New in .NET 8 & C# 12,6783225,Medhat Gadallah,".NET, C# (programming language), Web API, Web Development, Development",Angular,All Levels,2 hours,4.5,6,2278,"Rp149,000",8/2025,0,0,0,https://www.udemy.com/course/whats-new-in-net-8-c-12/
Comprehensive ASP .NET Core MVC Practice Test: Skill Mastery,6137321,Adil Aijaz,"ASP.NET Core, Other IT & Software, IT & Software",Angular,All Levels,N/A,4.7,9,7461,"Rp149,000",11/2024,0,0,0,https://www.udemy.com/course/comprehensive-asp-net-core-mvc-practice-test-skill-mastery/
"React Monorepo: Fluent UI, MobX, CyPress, Vitest & More",5911088,Shahriat Hossain,"Other IT & Software, IT & Software",Angular,All Levels,5 hours,3.9,12,1031,"Rp149,000",1/2026,0,0,16,https://www.udemy.com/course/react-monorepo-fluent-ui-mobx/
Express ( Web Framework) for beginners,3004976,Bluelime Learning Solutions,"Express Framework, Web Development, Development",Angular,Beginner,2 hours,4.2,35,10310,"Rp149,000",3/2026,3,0,0,https://www.udemy.com/course/express-web-framework-for-beginners/
The Complete REACT Course- Beginner to Advanced 2022,4711844,Happy Learnings,"React JS, Web Development, Development",Angular,All Levels,28 hours,4.2,5,30,"Rp149,000",6/2022,0,0,0,https://www.udemy.com/course/the-complete-react-course-beginner-to-advanced-2022/
Complete ASP NET MVC Web Development - Newbie to Ninja!,328476,Brett Hargreaves,"ASP.NET MVC, ASP.NET, Web Development, Development",Angular,All Levels,14.5 hours,4.0,2777,15489,"Rp149,000",7/2020,1,0,2,https://www.udemy.com/course/better-web-development-pro-techniques-for-success/
Hands on ASP.NET Core 5 production grade API Development,3016616,Biswa Nath Ghosh,"Software Engineering, Web Development, Development",Angular,All Levels,23 hours,3.9,60,4427,"Rp149,000",10/2023,4,0,0,https://www.udemy.com/course/hands-on-aspnet-core-31-production-grade-api-development/
N-Tier Architecture .NET Core 3.1 Web API,3143626,SAI Bachir,"ASP.NET Core, C# (programming language), Web API, .NET, IT Certifications",Angular,All Levels,4.5 hours,3.9,30,133,"Rp149,000",5/2020,0,0,8,https://www.udemy.com/course/n-tier-architecture-net-core-31-web-api/
ASP.NET Core SignalR in a nutshell,2069695,Fiodar Sazanavets,"SignalR, Web Development, ASP.NET Core, WebSocket, Network & Security",Angular,All Levels,1 hour,4.2,81,2435,"Rp149,000",7/2020,20,0,0,https://www.udemy.com/course/aspnet-core-signalr-in-a-nutshell/
Build real application by ASP.NET Core Simple To Complex,2713706,Karwan Othman,"ASP.NET Core, Entity Framework, Linq, Web Development, Development",Angular,Expert,6.5 hours,4.0,18,4193,"Rp149,000",8/2025,1,0,1,https://www.udemy.com/course/build-real-application-by-asp-net-core-31-simple-to-complex/
RESTful Services with ASP.NET Web API,352774,Packt Publishing,"API, Web API, ASP.NET, Web Development, Development",Angular,All Levels,2 hours,3.9,73,775,"Rp149,000",11/2014,0,0,1,https://www.udemy.com/course/restful-services-with-aspnet-web-api/
Building an Enterprise Application with ASP.NET Core MVC,2546485,Everest Nwosu,"ASP.NET Core, C# (programming language), .NET, Entity Framework, Software Engineering",Angular,All Levels,10 hours,4.1,454,8143,"Rp149,000",10/2020,3,0,2,https://www.udemy.com/course/building-an-enterprise-application-with-aspnet-core-mvc/
Projects in ASP.NET Core 2.0,1564414,"Eduonix Learning Solutions, Eduonix-Tech ., Samy Eduonix","ASP.NET Core, Web Development, Development",Angular,Intermediate,6 hours,4.3,45,454,"Rp149,000",12/2018,1,0,4,https://www.udemy.com/course/projects-in-aspnet-core-20/
C# Mastery: Unlocking the Power of .NET Framework,5758272,EDUCBA Bridging the Gap,"C# (programming language), .NET, Programming Languages, Development",Angular,All Levels,4 hours,4.6,14,4323,"Rp149,000",4/2024,0,0,0,https://www.udemy.com/course/c-programming-using-net/
Learn Restful Api's with Asp.Net Core 5.0 2022,3237225,Asfend Yar Hamid,"REST API, ASP.NET Core, RESTful Web Services, Web Development, Development",Angular,All Levels,4.5 hours,4.4,1220,4374,"Rp149,000",11/2023,2,0,5,https://www.udemy.com/course/learn-restful-apis-with-aspnet-core-5/
Getting Started with ASP.NET Core MVC,1806992,Packt Publishing,"ASP.NET Core, ASP.NET, Programming Languages, Development",Angular,Expert,4 hours,4.1,29,152,"Rp149,000",8/2018,0,0,1,https://www.udemy.com/course/getting-started-with-aspnet-core-mvc/
Become a full-stack C# developer,3862824,Taurius Litvinavicius,".NET, Blazor, Web Development, Development",Angular,Beginner,11 hours,4.3,42,8891,"Rp149,000",9/2021,0,0,31,https://www.udemy.com/course/c-sharp-full-stack/
Developing Single Page Applications,2566314,Emmanuel Asante,"Single-Page Applications (SPA), React JS, Ruby on Rails, Web Development, Development",Angular,Intermediate,19.5 hours,4.5,45,376,"Rp149,000",12/2020,0,0,188,https://www.udemy.com/course/developing-single-page-applications/
Learning ASP.Net MVC - A Course For ASP.NET Developers,296628,Infinite Skills,"ASP.NET MVC, ASP.NET, Spring MVC, Programming Languages, Development",Angular,All Levels,4 hours,4.0,102,871,"Rp149,000",1/2017,1,0,1,https://www.udemy.com/course/learning-aspnet-mvc-a-course-for-aspnet-developers/
Mastering ES6 JavaScript: Hands-On Learning with Real-World,2552131,"Tech To Apex, Teach Apex, Apex Education","JavaScript, Web Development, Development",Angular,All Levels,5 hours,3.7,9,1315,"Rp249,000",2/2025,1,0,19,https://www.udemy.com/course/javascript-es6-for-beginners/
Create an ASP .NET MVC Application in an Hour,842736,Destin Learning,"ASP.NET MVC, ASP.NET, Spring MVC, Other IT & Software, IT & Software",Angular,All Levels,1 hour,4.2,67,1418,"Rp149,000",11/2018,1,0,4,https://www.udemy.com/course/create-an-asp-net-mvc-application-in-an-hour/
"STEP BY STEP .NET MVC 5 with EF,WebApi, Generic Repo & DI",831648,Yogesh P,"ASP.NET MVC, Other IT & Software, IT & Software",Angular,All Levels,6 hours,4.3,29,133,"Rp149,000",5/2019,2,0,4,https://www.udemy.com/course/step-by-step-net-mvc-5-with-webapigeneric-repository-di/
"Learn ASP NET with Bootstrap,Entity Framework,JavaScript,C#",453290,Devwebtuts 24/7,"Bootstrap, JavaScript, C (programming language), ASP.NET, Programming Languages",Angular,All Levels,11 hours,4.1,412,2159,"Rp149,000",4/2016,13,0,22,https://www.udemy.com/course/learn_aspnet_bootstrap_entityframework/
"C# in Depth: Puzzles, Gotchas, Questions at Interviews",1454574,Engineer Spock,"C# (programming language), Coding Interview, Programming Languages, Development",Angular,Intermediate,4.5 hours,4.3,203,2803,"Rp149,000",7/2020,3,0,0,https://www.udemy.com/course/csharp-in-depth/
Complete ASP.NET Core MVC 6 with Real-World Projects,4752490,Metla Sudha Sekhar,"ASP.NET Core, ASP.NET, ASP.NET MVC, Web Development, Development",Angular,All Levels,7 hours,4.6,160,10749,"Rp149,000",12/2025,0,1,0,https://www.udemy.com/course/aspnet-core-mvc-webforms-a-project-method-from-scratch/
Create ASP.Net Core Web API (step by step for beginners),2306100,Pavol Almasi,"ASP.NET Core, API, ASP.NET MVC, Web API, Web Development",Angular,All Levels,10 hours,4.6,437,3543,"Rp149,000",11/2020,1,0,20,https://www.udemy.com/course/creating-net-core-api/
Learn Entity Framework Core 2.0 (EFC2) using ASP.Net Core,1313540,"Nilay Mehta, Tutorials Team","Entity Framework, ASP.NET Core, Software Engineering, Development",Angular,All Levels,4 hours,3.8,124,2291,"Rp149,000",8/2017,0,0,4,https://www.udemy.com/course/learn-entity-framework-core-2-efc2-using-aspnet-core/
ASP NET CORE WEB API,1301346,Happy Code,"Web API, API, ASP.NET MVC, ASP.NET, Web Development",Angular,All Levels,3.5 hours,3.4,115,521,"Rp149,000",10/2017,4,0,3,https://www.udemy.com/course/aspnet-core-web-api/
Complete Express Framework Course - Sign Up Auth0 - Node.Js,5078200,"Willow Sloane, Media Training Worldwide Digital","Express Framework, Auth0, JavaScript, Web Development, Development",Angular,All Levels,6.5 hours,4.2,11,3127,"Rp149,000",1/2023,6,0,1,https://www.udemy.com/course/complete-express-framework-course-sign-up-auth0-nodejs/
Learning ASP.NET Core 2.0 MVC - Beginner to Developer,1423714,Vojislav K.,"ASP.NET Core, Web Development, Development",Angular,All Levels,3.5 hours,4.2,233,886,"Rp149,000",3/2020,0,0,2,https://www.udemy.com/course/learning-aspnet-core-mvc-beginner-to-developer/
RESTful Web services with ASP.NET Core,1312650,Packt Publishing,"RESTful Web Services, REST API, WebService, ASP.NET Core, Web Development",Angular,Intermediate,3.5 hours,4.0,438,2177,"Rp149,000",8/2017,0,0,1,https://www.udemy.com/course/restful-web-services-with-aspnet-core/
Complete ASP.NET Core 6 .NET 6 - beginner to developer,5105918,Vojislav K.,"ASP.NET Core, Web Development, Development",Angular,All Levels,7.5 hours,4.2,33,250,"Rp149,000",3/2024,1,0,0,https://www.udemy.com/course/complete-aspnet-core-6-net-6-beginner-to-developer/
Microsoft AI-900 Exam Practice Questions,5624898,Neil Baal,"AI-900: Microsoft Azure AI Fundamentals, IT Certifications, IT & Software",Angular,Beginner,N/A,4.6,N/A,3,"Rp149,000",10/2023,0,0,0,https://www.udemy.com/course/microsoft-ai-900-exam-practice-questions/
Stripe with C# (Blazor),3207801,Taurius Litvinavicius,"Stripe Payments Platform, Programming Languages, Development",Angular,Expert,1.5 hours,3.1,25,7440,"Rp149,000",9/2021,0,0,3,https://www.udemy.com/course/stripe-with-c-sharp/
Learn to Create REST API's with C# .NET,1692348,Vivek Kumar,"REST API, API, Web API, Web Development, Development",Angular,All Levels,2 hours,3.7,61,225,"Rp149,000",12/2020,1,0,1,https://www.udemy.com/course/aspnet-web-api-create-restful-apis-in-c-using-net-45/
Fast RESTful Api in ASP .Net Core 9 For Absolute beginners,6735351,Roshan Academy,"REST API, RESTful Web Services, Entity Framework, ASP.NET Core, Web Development",Angular,All Levels,3 hours,3.9,9,3007,"Rp149,000",7/2025,1,0,1,https://www.udemy.com/course/fast-restful-api-in-asp-net-core-for-absolute-beginners/
C# 7 and .NET Core 2.0 Recipes,1341972,Packt Publishing,".NET, ASP.NET, C# (programming language), Programming Languages, Development",Angular,Beginner,5.5 hours,4.1,126,754,"Rp149,000",9/2017,0,0,1,https://www.udemy.com/course/c-7-and-net-core-20-recipes/
Create Charts In Xamarin Forms,1393004,Asfend Yar Hamid,"Xamarin.Forms, Excel Charts, Mobile Development, Development",Angular,All Levels,1 hour,3.8,27,266,"Rp149,000",10/2017,0,0,1,https://www.udemy.com/course/create-charts-in-xamarin-forms/
Rest Api's in Asp.Net and C#,1481526,Asfend Yar Hamid,"REST API, ASP.NET, Web API, Web Development, Development",Angular,All Levels,2.5 hours,4.0,262,908,"Rp149,000",2/2018,0,0,14,https://www.udemy.com/course/rest-apis-in-asp/
Build Real World Food Delivery App with Xamarin Forms,3000318,Asfend Yar Hamid,"Xamarin.Forms, Web API, Xamarin, App Development, Mobile Development",Angular,All Levels,4 hours,4.4,338,1654,"Rp149,000",8/2023,15,0,6,https://www.udemy.com/course/build-real-world-food-delivery-app-with-xamarin-forms/
"Learn To Use APIs With Visual Studio, C#, ASP.Net",1759370,Aaron Craig,"REST API, Other IT & Software, IT & Software",Angular,Intermediate,2 hours,4.5,82,1221,"Rp149,000",6/2018,0,0,0,https://www.udemy.com/course/learn-to-use-apis-with-visual-studio-c-aspnet/
.NET Core From Scratch - Start Fom Zero(Blank Console),3010342,Stan Silviu Valentin,"Software Development, Other IT & Software, IT & Software",Angular,All Levels,14.5 hours,3.9,14,102,"Rp149,000",1/2025,0,0,0,https://www.udemy.com/course/learn-net-core-from-scratch-from-an-empty-console/
Learn C# Programming For Absolute Beginners From Scratch,1032196,Bluelime Learning Solutions,"C# (programming language), .NET, C (programming language), Programming Languages, Development",Angular,Beginner,6.5 hours,4.3,46,1563,"Rp149,000",3/2026,3,0,0,https://www.udemy.com/course/learn-c-programming-for-absolute-beginners-from-scratch/
Asp.Net Core : The Complete Guide To Build Rest Api's,2556116,Asfend Yar Hamid,"REST API, RESTful Web Services, ASP.NET Core, Web Development, Development",Angular,All Levels,4.5 hours,4.4,79,400,"Rp149,000",11/2020,2,0,13,https://www.udemy.com/course/aspnet-core-the-complete-guide-to-build-rest-apis-mac/
Python Programming: Unlock the Power of Python,5329826,Edson L P Camacho,"Python, Artificial Intelligence (AI), Other IT & Software, IT & Software",Angular,Beginner,1.5 hours,4.8,4,22,"Rp149,000",3/2024,43,0,9,https://www.udemy.com/course/python-for-beginners-journey/
Board of Electronics Engineering (SET B),6148165,Carlo Neil B. Micael,"Engineering, Teaching & Academics",Angular,Beginner,N/A,5.0,N/A,N/A,"Rp149,000",8/2024,0,0,0,https://www.udemy.com/course/board-of-electronics-engineering-set-b/
Advanced Online Business Methods: Fast Track Training,3430782,Douglas Melvin,"Affiliate Marketing, Marketing Strategy, Marketing",Angular,All Levels,1.5 hours,4.2,N/A,126,"Rp149,000",8/2020,0,0,0,https://www.udemy.com/course/advanced-online-business-methods-fast-track-training/
MICROSOFT SQL SERVER: A Beginner to Advanced Guide,1191580,Launch Programmers,"SQL Server, Microsoft SQL, SQL, Database Design & Development, Development",Angular,All Levels,3.5 hours,3.5,34,129,"Rp149,000",5/2017,0,0,0,https://www.udemy.com/course/microsoft-sql-server-a-beginner-to-advanced-guide/
Certified Professional in C# Programming - Practice Test,4838606,MOHNAS LTD,"C# (programming language), IT Certifications, IT & Software",Angular,All Levels,N/A,4.2,31,10153,"Rp149,000",12/2025,0,0,0,https://www.udemy.com/course/certified-professional-in-c-programming-practice-test-d/
AngularJS For Beginners,511934,Stone River eLearning,"AngularJS, Web Development, Development",Angular,All Levels,3 hours,4.4,5669,107551,Free,3/2021,1,0,1,https://www.udemy.com/course/angularjs-for-beginners-udemy/
Angular 15 Beginner to Master,5227364,Vijay A,"Angular, Web Development, Development",Angular,All Levels,N/A,3.8,47,4581,"Rp149,000",3/2023,0,0,0,https://www.udemy.com/course/angular-15-beginner-to-master/
Try AngularJS: Beginner's Guide to Front End Web Development,983534,Justin Mitchel,"AngularJS, JavaScript, Web Development, Development",Angular,Beginner,4.5 hours,4.6,1062,86541,Free,10/2016,0,0,0,https://www.udemy.com/course/try-angularjs/
Quickstart AngularJS 1.0 [First Version Of Angular],314462,Sandip Gautam,"AngularJS, Web Development, Development",Angular,Beginner,1.5 hours,4.2,7305,127337,Free,7/2020,2,0,1,https://www.udemy.com/course/quickstart-angularjs-10-first-version-of-angular/
Build a Single-Layer Todo Web Application with ABP Framework,5160788,Volosoft Bilişim,"Web Development, Other IT & Software, IT & Software",Angular,Beginner,1 hour,4.7,13,2006,Free,3/2023,1,0,0,https://www.udemy.com/course/build-a-single-layer-todo-web-application-with-abp-framework/
Basics of Instantaneous Centre of Rotation (ICR) method,3720596,Vishal Galande,"Engineering Instruction, Engineering, Teaching & Academics",Angular,All Levels,1.5 hours,4.6,8,1071,Free,3/2021,0,0,0,https://www.udemy.com/course/basics-of-instantaneous-centre-of-rotation-icr-method/
Build a Todo Web Application with ABP Framework,5142758,Volosoft Bilişim,"Web Development, Development",Angular,Beginner,1 hour,4.5,21,3296,Free,2/2023,1,0,0,https://www.udemy.com/course/build-todo-web-application-with-abp-framework/
AngularJS for Beginners (2014),332252,"Zenva Academy, Pablo Farias","Single-Page Applications (SPA), AngularJS, JavaScript, Web Development, Development",Angular,All Levels,1.5 hours,4.4,512,23471,Free,8/2024,2,0,0,https://www.udemy.com/course/angularjs-tutorial/
Rapid Prototyping with Ionic: Build a Data-Driven Mobile App,534066,Hunter Leaman,"Ionic, Prototyping, Mobile Development, Development",Angular,Intermediate,4.5 hours,4.0,929,34377,N/A,9/2016,14,0,11,https://www.udemy.com/course/learn-ionic-framework-build-a-stock-market-mobile-app/
Developing Web Application using Angular JS (Feb 2025),4860692,Proton Expert Systems & Solutions,"AngularJS, Web Development, Development",Angular,Intermediate,N/A,3.9,59,7295,N/A,2/2025,0,0,0,https://www.udemy.com/course/developing-web-application-using-angular-jssept-2022/
NGRX angular nativescript,4795998,Ilyoskhuja Ikromkhujaev,"Angular, NativeScript, Web Development, Development",Angular,Intermediate,1 hour,3.5,27,3370,Free,8/2022,2,0,0,https://www.udemy.com/course/ngrx-angular-nativescript/
Learn Webpack 2 from scratch,1334796,Robert Guss,"Webpack, Web Development, Development",Angular,All Levels,1.5 hours,4.6,1777,36654,Free,11/2025,1,0,0,https://www.udemy.com/course/learn-webpack-2-from-scratch/
AngularJS Authentication: Secure Your App with Auth0,808622,Ryan Chenkie,"AngularJS, Auth0, Web Development, Development",Angular,All Levels,2 hours,4.5,2250,59806,Free,11/2017,0,0,0,https://www.udemy.com/course/angularjs-authentication-with-auth0/
Webpack 4: Beyond the Basics,1420562,Lawrence Whiteside,"Webpack, Web Development, Development",Angular,All Levels,6 hours,4.5,3166,33720,Free,7/2018,0,0,0,https://www.udemy.com/course/webpack-beyond-the-basics/
Create a CRUD Application with Ionic 3 and Firebase,1294240,Paul Halliday (BSc Hons),"Firebase, Ionic, Mobile Development, Development",Angular,Beginner,44 mins,4.5,2473,48123,Free,5/2018,1,0,0,https://www.udemy.com/course/create-a-crud-application-with-ionic-3-and-firebase/
Azure Pipelines/AppService/StaticWebApp/ASPNET Core/Angular,5563078,Ionut Pac-Balaj,"Microsoft Azure, Other IT & Software, IT & Software",Angular,Beginner,1 hour,4.2,78,4934,Free,9/2023,0,0,0,https://www.udemy.com/course/azure-pipelinesappservicestaticwebappaspnet-coreangular/
Jhipster: Creating a CMS using Spring + Angular,3836952,Mike Suarez,"Content Management Systems (CMS), Other IT & Software, IT & Software",Angular,Beginner,1 hour,4.0,196,4339,Free,6/2021,1,0,0,https://www.udemy.com/course/jhipster-creating-a-cms-using-spring-angular/
MEAN Stack For Web Developers: Build Websites on Javascript,461458,Vishal Kumar,"MEAN Stack, JavaScript, Web Development, Development",Angular,All Levels,2 hours,3.8,1642,54684,Free,1/2016,0,0,2,https://www.udemy.com/course/javascript-based-website-in-minutes-using-the-mean-stack/
ASP.NET CORE: BACKGROUND PROCESSING WITH HANGFIRE,2873706,Ervis Trupja,"ASP.NET Core, Web Development, Development",Angular,Intermediate,32 mins,4.6,726,9316,Free,12/2025,1,0,7,https://www.udemy.com/course/aspnet-core-background-processing-with-hangfire/
Build a Simple Google Translate Clone with GPT-4 & ASP.NET,5511950,Ervis Trupja,"OpenAI API, C# (programming language), ASP.NET, ASP.NET MVC, Web Development",Angular,Beginner,1 hour,4.5,72,4220,Free,12/2025,1,0,0,https://www.udemy.com/course/build-a-translator-app-with-openai-gpt-and-aspnet-mvc/
Login and Register Operations with .Net Core Social Media,4410434,"Best Codder Academy, Ertuğrul Yılmaz","Identity and Access Management (IAM), Social Media Marketing, .NET, Web Development, Development",Angular,Intermediate,1 hour,4.1,27,3809,Free,12/2021,0,0,0,https://www.udemy.com/course/login-and-register-operations-with-net-core-social-media/
Asp Net Core Dependency Injection & Service Lifetimes,4559440,"Best Codder Academy, Hasan Denli, Ertuğrul Yılmaz","Dependency Injection, ASP.NET MVC, .NET, ASP.NET Core, Web Development",Angular,All Levels,2 hours,4.0,124,8180,Free,2/2022,0,0,0,https://www.udemy.com/course/asp-net-core-dependency-injection-service-lifetimes/
AspNet Core Blazor: The Big Picture,2990226,Ervis Trupja,"Blazor, C# (programming language), ASP.NET, Web Development, Development",Angular,Beginner,39 mins,4.4,511,6898,Free,4/2020,0,0,3,https://www.udemy.com/course/aspnet-core-blazor-the-big-picture/
Beginners Guide to Dependency Injection for C# Developers,1609014,Engineer Spock,"Dependency Injection, Software Engineering, Development",Angular,Beginner,1 hour,4.4,555,18725,Free,7/2020,3,0,0,https://www.udemy.com/course/injection-intro/
Introduction to ASP.NET Core Razor Pages (.NET 6),4361074,Bhrugen Patel - (DotNetMastery | Microsoft MVP | 300k+ Students),"ASP.NET Core, Web Development, Development",Angular,Beginner,2 hours,4.2,623,16606,Free,10/2021,0,0,0,https://www.udemy.com/course/introduction-to-aspnet-core-razor-pages-net-6/
Build Web-based (MVC) Database Applications quickly - Baadal,2517780,Kotaa Krishna Kamath,"ASP.NET MVC, Other IT & Software, IT & Software",Angular,All Levels,30 mins,3.7,121,9501,Free,8/2019,0,0,0,https://www.udemy.com/course/build-web-basedmvc-database-applications-quickly-baadal/
Introduction to Unit Testing,212388,RefactorU LLC,"Unit Testing, Web Development, Development",Angular,Expert,1.5 hours,4.1,372,9334,Free,11/2015,0,0,8,https://www.udemy.com/course/refactoru-intro-unit-test/
Creating Single Page Apps using ASP.Net Core and React,3515982,SkillBakery Studio,"ASP.NET Core, Web Development, Development",Angular,All Levels,1 hour,3.9,222,10453,Free,9/2020,0,0,1,https://www.udemy.com/course/creating-single-page-apps-using-aspnet-core-and-react/
Learn MVC + Web API from scratch - Basics to Advance,2744578,Rahul Jha,"Web API, ASP.NET MVC, Entity Framework, Postman, Other IT & Software",Angular,Intermediate,2 hours,4.0,323,17034,Free,1/2020,0,0,0,https://www.udemy.com/course/learn-mvc-web-api-from-scratch-basics-to-advance/
RxJS 7 and Observables: Introduction,3548982,Jurek Wozniak,"RxJs, Web Development, Development",Angular,All Levels,5.5 hours,4.8,3835,15633,"Rp149,000",3/2026,5,0,1,https://www.udemy.com/course/rxjs-and-observables/
Typescript: The Complete Developer's Guide,2337318,Stephen Grider,"Typescript, Programming Languages, Development",Angular,All Levels,27 hours,4.7,14046,86522,"Rp149,000",2/2026,25,0,198,https://www.udemy.com/course/typescript-the-complete-developers-guide/
NestJS Ultimate Masterclass: (Basics to Advanced) 2026,6613851,Tarun (tkssharma) Sharma,"NestJS, Programming Languages, Development",Angular,All Levels,43.5 hours,4.9,21,234,"Rp149,000",4/2026,0,0,0,https://www.udemy.com/course/nestjs-ultimate-masterclass-basics-to-advanced-2026/
AngularJS JumpStart with Dan Wahlin,164554,Dan Wahlin,"AngularJS, Web Development, Development",Angular,All Levels,5.5 hours,4.6,3638,24025,"Rp149,000",6/2019,6,0,8,https://www.udemy.com/course/angularjs-jumpstart/
Svelte.js - The Complete Guide (incl. Sapper.js),2360566,"Academind by Maximilian Schwarzmüller, Maximilian Schwarzmüller","Svelte Framework, Web Development, Development",Angular,All Levels,12.5 hours,4.8,3646,21290,"Rp159,000",11/2023,25,0,187,https://www.udemy.com/course/sveltejs-the-complete-guide/
"Complete Vue Developer Bootcamp (Pinia, Vitest)",3624936,"Andrei Neagoie, Luis Ramirez Jr","Vue JS, Vuex, Web Development, Development",Angular,All Levels,28 hours,4.6,3134,18579,"Rp159,000",2/2026,19,1,59,https://www.udemy.com/course/complete-vue-js-developer-zero-to-mastery-vuex/
Master AngularJS : Learn Angular JS From Scratch,404172,SkillBakery Studio,"AngularJS, JavaScript, Web Development, Development",Angular,All Levels,2.5 hours,3.7,32,332,"Rp149,000",9/2015,0,0,1,https://www.udemy.com/course/master-angularjs/
Vue Masterclass (Covers Vue 2 and 3),3966970,Boris Paskhaver,"Vue JS, Typescript, Vuex, Tailwind CSS, Web Development",Angular,Beginner,42.5 hours,4.6,1068,7007,"Rp159,000",1/2026,52,0,96,https://www.udemy.com/course/vue-masterclass/
Advanced TypeScript - A Production-grade TypeScript Course,5950028,CodeLicks Academy,"Typescript, Programming Languages, Development",Angular,Expert,10 hours,4.6,345,3798,"Rp149,000",9/2025,0,0,22,https://www.udemy.com/course/advanced-typescript-bible/
How to Build the Right Software (and Choose the Right Stack),6214281,Anthony Alicea,"System Requirements, Software Engineering, Development",Angular,All Levels,2.5 hours,4.8,78,837,"Rp149,000",12/2025,3,0,1,https://www.udemy.com/course/right-software-and-right-stack/
Mastering Visual Studio Code (2026),2664746,Alex Dan,"Visual Studio Code, Other IT & Software, IT & Software",Angular,All Levels,9 hours,4.6,2786,93508,"Rp159,000",4/2026,14,0,40,https://www.udemy.com/course/mastering-visual-studio-code/
Frontend Developer Interview and 1400+ Practice Tests Bundle,6194515,FuturePrepSkills Academy,"Front End Web Development, Web Development, Development",Angular,All Levels,N/A,4.7,N/A,1113,"Rp149,000",12/2024,0,0,0,https://www.udemy.com/course/frontend-interview-questions-and-practice-tests-bundle/
AWS Serverless APIs & Apps - A Complete Introduction,1241254,"Academind by Maximilian Schwarzmüller, Maximilian Schwarzmüller","Amazon AWS, Web Development, Development",Angular,All Levels,7.5 hours,4.7,14391,95895,"Rp149,000",11/2024,31,0,51,https://www.udemy.com/course/aws-serverless-a-complete-introduction/
JavaScript - Marathon Interview Questions Series,2551073,Nirmal Joshi,"JavaScript, IT Certifications, IT & Software",Angular,All Levels,17.5 hours,4.5,1348,11721,"Rp149,000",1/2025,10,0,148,https://www.udemy.com/course/javascript-marathon-interview-questions-series/
Hacking AngularJS Applications,5348628,Dawid Czagan,"Bug Bounty, Ethical Hacking, Penetration Testing, AngularJS, Network & Security",Angular,All Levels,1 hour,5.0,2,20,"Rp149,000",5/2023,0,0,0,https://www.udemy.com/course/hacking-angularjs-applications/
C# 14 & .NET 10 Mastery 2026: Build Next Generation Of Apps,6495357,Digital Dev Academy,"C# (programming language), Programming Languages, Development",Angular,All Levels,14.5 hours,4.7,46,1235,"Rp149,000",4/2026,3,10,0,https://www.udemy.com/course/modern-csharp-masterclass/
Building FullStack E-Commerce App using SpringBoot & React,5812688,Rahul Sahay,"Spring Boot, Web Development, Development",Angular,All Levels,17.5 hours,4.9,178,4779,"Rp149,000",4/2024,0,0,0,https://www.udemy.com/course/building-fullstack-e-commerce-app-using-springboot-react/
"Shopping List with AngularJS, PHP and SQLite",91436,Sebastian Sulinski,"PHP (programming language), SQLite, AngularJS, Web Development, Development",Angular,All Levels,3.5 hours,4.4,5,107,"Rp249,000",7/2014,0,0,1,https://www.udemy.com/course/angularjs-shopping-list/
Master AWS Amplify Gen2 – Build Full-Stack Applications,6016982,Anas Shahwan,"AWS Amplify, Web Development, Development",Angular,All Levels,9 hours,4.4,13,181,"Rp159,000",1/2026,1,0,26,https://www.udemy.com/course/master-aws-amplify-gen2-build-full-stack-applications/
TypeScript Interview Questions - Coding Interview 2026,5504474,Oleksandr Kocherhin,"Typescript, Coding Interview, Web Development, Development",Angular,All Levels,3 hours,4.7,64,671,"Rp149,000",2/2026,4,0,3,https://www.udemy.com/course/typescript-interview-questions-coding-interview/
TypeScript for developers,3309182,Alex Dan,"Typescript, Node.Js, REST API, Software Engineering, Development",Angular,Intermediate,11 hours,4.7,682,6949,"Rp149,000",1/2026,9,0,86,https://www.udemy.com/course/typescript-full-stack-programming/
Mastering Micro Frontends with Module Federation,6331209,Russell Canfield,"Web Development, Other IT & Software, IT & Software",Angular,Intermediate,6.5 hours,3.9,84,679,"Rp149,000",1/2025,0,0,1,https://www.udemy.com/course/mastering-micro-frontends-with-module-federation/
Web Developer Fundamentals: Newbie to Pro Web Bootcamp!,288466,Simon Sez IT,"Web Development, Development",Angular,All Levels,54.5 hours,4.5,98,7453,"Rp149,000",10/2021,14,0,11,https://www.udemy.com/course/become-a-web-developer/
"Build Full-Stack Food App: Spring Boot, React,AWS & Payments",6639081,Dev Den,"Software Development, Web Development, Amazon AWS, Stripe Payments Platform, Development",Angular,All Levels,18.5 hours,4.7,48,1447,"Rp149,000",1/2026,0,0,9,https://www.udemy.com/course/food-ordering-app-spring-boot-react-payment-deployment/
Spring Boot 4 Project: Build a Job Portal Web Application,5673188,"Chad Darby, Ravi Kumar Singh","Spring Boot, Programming Languages, Development",Angular,Intermediate,6 hours,4.5,627,7481,"Rp149,000",1/2026,4,0,12,https://www.udemy.com/course/spring-boot-project-job-portal-web-app/
The Complete Visual Studio Code Course,5673984,"Codestars • over 2.5 million students worldwide!, Dr. Mohammad Nauman","Visual Studio Code, Other IT & Software, IT & Software",Angular,Beginner,7 hours,4.5,255,1865,"Rp149,000",12/2025,14,0,0,https://www.udemy.com/course/the-complete-visual-studio-code-course/
Java Spring Boot E-Commerce Ultimate Course,3716888,Nam Ha Minh,"Spring Boot, Spring Framework, Web Development, Development",Angular,All Levels,86 hours,4.3,1744,15375,"Rp149,000",8/2024,0,0,225,https://www.udemy.com/course/spring-boot-e-commerce-ultimate/
Become a Professional Programmer,679682,Stone River eLearning,"Web Development, Programming Languages, Development",Angular,All Levels,53.5 hours,4.7,681,11378,"Rp149,000",5/2021,2,0,11,https://www.udemy.com/course/become-a-programmer/
Mastering Thymeleaf with Spring Boot,736250,"John Thompson • 500,000+ Enrollments Worldwide, Spring Ahead Code Academy","Spring Framework, Thymeleaf, Web Development, Development",Angular,All Levels,5 hours,4.0,1154,17766,"Rp149,000",11/2025,1,0,0,https://www.udemy.com/course/mastering-thymeleaf-with-spring/
Mobile and Web Development with React and React Native,3475794,"Oak Academy, OAK Academy Team","React Native, React JS, React Hooks, Web Development, Development",Angular,All Levels,18 hours,4.2,186,5024,"Rp149,000",4/2026,3,0,0,https://www.udemy.com/course/mobile-and-web-development-with-react-and-react-native/
Ionic Basics,1600118,"Radiant Training, Jason Taylor, Samarth Agarwal","Ionic, AngularJS, Apache Cordova, Mobile App Development, Mobile Development",Angular,Beginner,2.5 hours,4.5,633,7368,"Rp149,000",6/2018,0,0,0,https://www.udemy.com/course/ionic-basics/
Projects in Node.js - Learn by Example,720356,Patrick Schroeder,"Node.Js, Web Development, Development",Angular,All Levels,5 hours,4.1,150,1217,"Rp149,000",4/2016,0,0,28,https://www.udemy.com/course/projects-in-nodejs/
AngularJS Custom Directives with Dan Wahlin,420652,Dan Wahlin,"AngularJS, Web Development, Development",Angular,All Levels,4.5 hours,4.6,631,5323,"Rp149,000",4/2023,4,0,1,https://www.udemy.com/course/angularjs-custom-directives/
TypeScript Crash Course,4295022,Jan Schaffranek,"Typescript, Programming Languages, Development",Angular,Beginner,3.5 hours,4.4,971,5796,"Rp149,000",12/2023,4,0,0,https://www.udemy.com/course/typescript-for-beginners-u/
Become a Modern Web Developer,891306,Stone River eLearning,"Web Development, Development",Angular,All Levels,36 hours,3.8,19,159,"Rp149,000",2/2017,1,0,8,https://www.udemy.com/course/become-a-modern-web-developer/
The Complete RxJS Course,2908040,Code Grip,"RxJs, Web Development, Development",Angular,Beginner,5.5 hours,4.2,37,905,"Rp149,000",6/2023,7,0,2,https://www.udemy.com/course/the-complete-rxjs-course/
Webpack 5 Ninja - Build Micro frontend and web apps,4475008,Gaurav Soni,"Webpack, Other IT & Software, IT & Software",Angular,Beginner,8.5 hours,4.6,778,8036,"Rp149,000",7/2024,1,0,1,https://www.udemy.com/course/webpack-5-ninja-build-micro-frontend-and-web-apps/
Become a Professional Web Developer | Version 3.0,140238,Stone River eLearning,"Web Development, Development",Angular,All Levels,59 hours,4.5,495,12734,"Rp149,000",8/2020,2,0,39,https://www.udemy.com/course/web-development-tutorials/
Webpack 5: The Complete Guide For Beginners,1776342,Viktor Pyskunov,"Webpack, Web Development, Development",Angular,All Levels,5 hours,4.7,5569,28684,"Rp149,000",9/2024,7,0,0,https://www.udemy.com/course/webpack-from-beginner-to-advanced/
Mastering Java Programming and Full Stack Development,5680704,EDUCBA Bridging the Gap,"Java, Programming Languages, Development",Angular,All Levels,18 hours,4.3,39,7114,"Rp149,000",3/2024,0,0,0,https://www.udemy.com/course/java-certification-course-with-interview-questions/
AngularJs :basics for beginners,957362,Naveen Kumar A,"AngularJS, Web Development, Development",Angular,All Levels,1 hour,3.7,22,1245,"Rp149,000",6/2017,0,0,0,https://www.udemy.com/course/angularjs-basics-for-beginners/
Django Rest Framework,2378730,Bharath Thippireddy,"Django, Other IT & Software, IT & Software",Angular,Beginner,6.5 hours,4.2,1137,6977,"Rp149,000",4/2026,2,0,3,https://www.udemy.com/course/djangorestframework/
Java Full-Stack Interview Preparation Bootcamp,6282833,EDUCBA Bridging the Gap,"Java, Web Development, Development",Angular,All Levels,3 hours,4.5,1,1012,"Rp149,000",11/2025,0,0,0,https://www.udemy.com/course/interview-preparations-for-java-full-stack-developer/
Learning Path: Elasticsearch and AngularJS: IntraWeb Search,1226144,Packt Publishing,"AngularJS, Elasticsearch, Business Analytics & Intelligence, Business",Angular,Beginner,4 hours,3.8,11,118,"Rp149,000",2/2018,0,0,2,https://www.udemy.com/course/learning-path-elasticsearch-and-angularjs-intraweb-search/
AngularJS Essentials - From Beginner to Advanced Developer,6262525,Learnify IT,"AngularJS, Programming Languages, Development",Angular,All Levels,5.5 hours,4.3,124,22584,"Rp149,000",11/2024,0,0,0,https://www.udemy.com/course/angularjs-essentials-from-beginner-to-advanced-developer/
Django with GraphQL,2445302,Krystian Czekalski,"GraphQL, Django, Web Development, Development",Angular,Beginner,4 hours,4.3,326,2090,"Rp149,000",8/2019,0,0,0,https://www.udemy.com/course/django-with-graphql/
The Typescript you need for ReactJS With Projects,5353702,Desmond Oben .A,"Typescript, Web Development, Development",Angular,All Levels,4 hours,4.6,31,1079,"Rp149,000",6/2023,4,0,9,https://www.udemy.com/course/the-typescript-you-need-for-reactjs-with-projects/
Creating a Calculation Tool with AngularJS 1.x,713468,Chris Converse,"AngularJS, HTML, JavaScript, Web Development, Development",Angular,All Levels,1.5 hours,4.6,33,189,"Rp149,000",10/2016,0,0,1,https://www.udemy.com/course/creating-a-calculation-tool-with-angularjs/
"Advanced TypeScript: Generic Search, Sorting, and Filtering",3822500,Chris Frewin,"Typescript, Other IT & Software, IT & Software",Angular,All Levels,3.5 hours,4.5,81,593,"Rp149,000",2/2021,0,0,4,https://www.udemy.com/course/advanced-typescript-generic-search-sorting-and-filtering/
RxJS Operators,1534352,Daniel Stern,"RxJs, JavaScript, Web Development, Development",Angular,All Levels,4 hours,4.4,247,1452,"Rp149,000",2/2018,0,0,1,https://www.udemy.com/course/rxjs-operators/
140+ Frontend Developer Interview Questions 2025,6448167,Coding Masters,"Front End Web Development, Web Development, Development",Angular,All Levels,N/A,4.7,N/A,3,"Rp149,000",2/2025,0,0,0,https://www.udemy.com/course/frontend-developer-interview-questions-2025/
"Interview Faqs & Ans: Javascript, NodeJS, ReactJS, AngularJS",1875734,Satish Venkatesh,"JavaScript, Node.Js, Interviewing Skills, AngularJS, Programming Languages",Angular,All Levels,4.5 hours,2.8,37,3965,"Rp149,000",10/2023,15,0,0,https://www.udemy.com/course/interview-faqs-ans-javascript-nodejs-reactjs-angularjs/
Master TypeScript with Hands-On Practice Tests - 2025 Update,6428617,Gururo Pvt Ltd.,"Typescript, IT Certifications, IT & Software",Angular,Beginner,N/A,5.0,2,8,"Rp149,000",6/2025,0,0,0,https://www.udemy.com/course/typescript-practice-tests/
NestJS - Modern backend Development 2026,6546397,Tarun (tkssharma) Sharma,"Microservices, NestJS, Programming Languages, Development",Angular,Beginner,12 hours,4.4,20,1125,"Rp149,000",3/2026,0,0,0,https://www.udemy.com/course/nestjs-hindi-course-backend-development/
Back to School Web Development and Programming Bundle,79154,John Bura,"Web Development, Functional Programming, Development",Angular,Beginner,44 hours,4.4,195,18500,"Rp149,000",4/2014,0,0,0,https://www.udemy.com/course/back-to-school-web-development-and-programming-bundle/
Loopback 4: Modern ways to Build APIs in Typescript & NodeJs,2460064,Haider Malik,"REST API, Node.Js, Typescript, Web Development, Development",Angular,Intermediate,5 hours,4.1,288,1379,"Rp149,000",12/2022,1,0,34,https://www.udemy.com/course/loopback-4-the-complete-developers-guide/
The Complete 2020 Web Developer Master Course,2689414,Jesse Caine,"Web Development, JavaScript, MEAN Stack, REST API, Development",Angular,All Levels,66 hours,4.4,973,30454,"Rp149,000",11/2020,15,0,57,https://www.udemy.com/course/the-complete-2020-web-developer-master-course/
Mastering JavaScript Essentials 2021 Novice to Professional,2843432,"Joe Parys, Shahzaib Kamal, Joe Parys Support","JavaScript, Programming Languages, Development",Angular,All Levels,8 hours,4.1,105,13282,"Rp149,000",8/2025,0,0,1,https://www.udemy.com/course/javascriptessentials/
"Become a Front-End Developer: HTML, CSS & Bootstrap",5510178,Board Infinity,"Front End Web Development, Web Development, Development",Angular,All Levels,30 hours,4.1,5,20,"Rp149,000",7/2025,6,0,0,https://www.udemy.com/course/become-a-front-end-developer/
C# & .NET Core for Beginners,4210234,Chris Hawkes,"C# (programming language), .NET, Web Development, Development",Angular,Beginner,3.5 hours,4.0,51,182,"Rp149,000",7/2021,0,0,1,https://www.udemy.com/course/c-net-core-for-beginners/
Latest C# ASP.NET Core MVC+ Projects + Web API + Exercises,4229340,Amardeep Singh,"ASP.NET Core, Web Development, Development",Angular,All Levels,35.5 hours,4.4,79,643,"Rp149,000",9/2025,0,0,213,https://www.udemy.com/course/h-asp-core/
Mastering Python - The Complete Guide (Beginner to Advanced),5835264,"Init Tech Labs Dhairya Joshi, Nirmal Joshi","Python Scripting, Python, Other IT & Software, IT & Software",Angular,All Levels,22 hours,4.5,7,145,"Rp149,000",3/2026,0,0,300,https://www.udemy.com/course/python-the-complete-guide-beginner-to-advanced/
The Full Stack Web Development,1002676,"Eduonix Learning Solutions, Eduonix-Tech ., Samy Eduonix","Full Stack Web Development, Web Development, Development",Angular,Beginner,33 hours,4.3,2988,14808,"Rp149,000",12/2018,1,0,187,https://www.udemy.com/course/the-full-stack-web-development/
100 Technical Front End Developer Interview Questions,5646710,SKILL CURB,"Front End Web Development, Interviewing Skills, IT Certifications, IT & Software",Angular,Beginner,7 hours,3.9,2,28,"Rp149,000",11/2023,0,0,0,https://www.udemy.com/course/100-technical-front-end-developer-interview-questions/
Mastering Sitefinity MVC Widget Development,4159010,Lino Tadros,"Web Development, Development",Angular,Intermediate,3 hours,4.6,78,235,"Rp149,000",6/2022,0,0,1,https://www.udemy.com/course/mastering-sitefinity-mvc-widget-development/
Learn AngularJS Course for Beginners to Advanced,5800130,Knowledge Nest,"AngularJS, Web Development, Development",Angular,All Levels,3 hours,4.1,150,31298,"Rp149,000",2/2024,0,0,0,https://www.udemy.com/course/learn-angular-js-course-zero-to-hero/
Performant GraphQL Backend in 1 Day Using Hasura Engine 2022,3472870,Dmytro Mezhenskyi,"GraphQL, Full Stack Web Development, Front End Web Development, Web Development, Development",Angular,All Levels,7.5 hours,4.6,453,10250,"Rp149,000",6/2022,4,0,0,https://www.udemy.com/course/develop-graphql-backend-faster-with-hasura/
TypeScript for Professionals - by Basarat,3387966,Basarat Ali Syed,"Typescript, JavaScript, Programming Languages, Development",Angular,Beginner,3.5 hours,4.6,4596,19937,"Rp149,000",1/2024,0,0,0,https://www.udemy.com/course/typescript-for-professionals/
Mastering TypeScript with Marathon Interview Questions,3591648,Nirmal Joshi,"Typescript, IT Certifications, IT & Software",Angular,All Levels,7.5 hours,4.7,236,2059,"Rp149,000",1/2025,0,0,0,https://www.udemy.com/course/mastering-typescript-with-marathon-interview-questions/
Bootstrap 5- The complete Step by Step guide.,5758818,Srini Dasari,"Bootstrap, Other IT & Software, IT & Software",Angular,Intermediate,5.5 hours,4.6,N/A,5,"Rp149,000",8/2024,0,0,0,https://www.udemy.com/course/learn-bootstrap-tutorials/
"JavaScript, jQuery & TypeScript: Full-Stack Web Development",6119801,Sara Academy,"JavaScript, Typescript, jQuery, Web Development, Development",Angular,All Levels,6 hours,4.2,189,26741,"Rp149,000",5/2025,0,0,0,https://www.udemy.com/course/javascript-jquery-typescript-full-stack-web-development/
The Complete Frontend Engineering Interview Preparation Kit,4021260,Manoj Satishkumar,"System Design Interview, Other IT & Software, IT & Software",Angular,Beginner,26.5 hours,3.8,519,13682,"Rp149,000",4/2025,170,0,57,https://www.udemy.com/course/msk-frontend-system-design-interview-guidance/
TypeScript for Beginners,4407296,Dipendra Shekhawat,"Typescript, Programming Languages, Development",Angular,All Levels,2.5 hours,4.2,30,133,"Rp149,000",12/2022,1,0,0,https://www.udemy.com/course/typescript-for-beginners-2022/
1500 Front End Developer Interview Questions with Answers,6517359,Interview Questions Tests,"Front End Web Development, Web Development, Development",Angular,All Levels,N/A,3.5,2,4861,"Rp149,000",3/2026,0,0,0,https://www.udemy.com/course/front-end-web-developer-interview-questions/
Learn Microservices using Spring boot with Spring Cloud,4503926,Srini Dasari,"Spring Boot, Microservices, Web Development, Development",Angular,Intermediate,11 hours,4.5,1,24,"Rp149,000",6/2025,1,0,43,https://www.udemy.com/course/learn-microservices-using-spring-boot-with-mongo-database/
Ionic 8+ & Supabase Full-Stack Mastery: Build Real-Time Apps,6530607,Nikhil Agarwal,"Mobile App Development, Ionic, Mobile Development, Development",Angular,Beginner,6.5 hours,4.9,8,83,"Rp149,000",9/2025,2,0,1,https://www.udemy.com/course/build-a-scalable-quiz-app-with-ionic-supabase-dynamic-for/
Master RxJS Without Breaking A Sweat,2024062,Maurice de Beijer,"RxJs, Other IT & Software, IT & Software",Angular,Intermediate,2.5 hours,4.6,893,4431,"Rp149,000",10/2021,0,0,0,https://www.udemy.com/course/master-rxjs-without-breaking-a-sweat/
Firebase 9 Full Course - Learn Firebase from Scratch,4582596,Nishant Kumar,"Web Development, Other IT & Software, IT & Software",Angular,Beginner,4 hours,3.8,4,32,"Rp149,000",3/2022,0,0,0,https://www.udemy.com/course/firebase-9-full-course-learn-firebase-from-scratch/
600+ Ionic Interview Questions Practice Test,5863646,Interview Questions Tests,"Ionic, Mobile Development, Development",Angular,All Levels,N/A,N/A,N/A,1543,"Rp149,000",6/2025,0,0,0,https://www.udemy.com/course/ionic-interview-questions/
TypeScript Developer Course in 2025 – Beginner to Expert,4834448,Muslim Helalee,"Typescript, Web Development, Development",Angular,All Levels,21 hours,4.5,126,1032,"Rp149,000",2/2025,0,0,26,https://www.udemy.com/course/typescript-developer-course-beginner-to-expert/
Reactive Programming with RxJS,6460541,Frontend Coach,"RxJs, Other IT & Software, IT & Software",Angular,All Levels,N/A,N/A,N/A,1,"Rp149,000",2/2025,0,0,0,https://www.udemy.com/course/reactive-programming-with-rxjs-k/
Java Web Services and REST API with Spring & Spring Boot,1950444,Mark Nielsen,"Java Web Services, Web Development, Development",Angular,Beginner,2.5 hours,4.0,93,9956,"Rp149,000",4/2023,0,0,3,https://www.udemy.com/course/complete-java-web-service-bootcamp-from-beginner-to-pro/
Learn Ionic React By Building a WhatsApp Clone,3278698,Fikayo Adepoju,"Ionic, Other IT & Software, IT & Software",Angular,Beginner,6 hours,4.3,47,288,"Rp149,000",11/2020,0,0,0,https://www.udemy.com/course/ionic-react-whatsapp-clone/
TypeScript from Scratch: Go from zero to hero in TypeScript,1351232,"AkaSkills! 35,000+ Students","Typescript, Web Development, Development",Angular,All Levels,3.5 hours,3.4,70,3418,"Rp149,000",9/2017,19,0,25,https://www.udemy.com/course/type-script/
Mastering CSS with Sass & Bootstrap + Interview Questions,3807346,Nirmal Joshi,"CSS, HTML, Bootstrap, Sass, Web Development",Angular,All Levels,13.5 hours,4.7,114,554,"Rp149,000",2/2025,0,0,160,https://www.udemy.com/course/html-css-sass-bootstrap-beginner-to-expert-bootcamp/
Spring boot & Paypal Payment Integration,5272514,Bouali Ali,"Spring Boot, Paypal, Thymeleaf, Web Development, Development",Angular,All Levels,1 hour,4.2,20,95,"Rp149,000",4/2023,0,0,0,https://www.udemy.com/course/spring-boot-paypal-payment-integration/
JavaScript Mastery: Best Practices & Coding Efficiency,5847128,Meta Brains,"Asynchronous Programming, Web Development, Development",Angular,All Levels,5.5 hours,4.0,122,36922,"Rp149,000",2/2024,0,0,0,https://www.udemy.com/course/javascript-mastery-best-practices-coding-efficiency/
"RxJS - Mastering Observables, Subjects and Operators",1515558,Daniel Stern,"RxJs, Asynchronous Programming, Web Development, Development",Angular,Beginner,1 hour,3.8,186,721,"Rp149,000",1/2018,0,0,1,https://www.udemy.com/course/rxjs-101/
RxJS 101,2417262,Matthew Keener,"RxJs, Web Development, Development",Angular,All Levels,5.5 hours,4.5,266,4033,"Rp149,000",8/2019,0,0,0,https://www.udemy.com/course/rxjs-101-course/
High Performance Coding with .NET Core and C#,1445354,Gergely Kalapos,".NET, ASP.NET, C# (programming language), Software Engineering, Development",Angular,Intermediate,6.5 hours,4.6,1941,13154,"Rp149,000",12/2017,1,0,36,https://www.udemy.com/course/high-performance-coding-with-net-core-and-csharp/
Learn Azure step by step.,2058749,Shivprasad Koirala,"Microsoft Azure, Web Development, Development",Angular,Beginner,11.5 hours,4.5,1252,11615,"Rp149,000",11/2025,0,0,6,https://www.udemy.com/course/learn-azure/
Create Mobile Apps using Intel XDK and Ionic Framework,497646,QScutter Tutorials,"Ionic, Mobile Development, Development",Angular,All Levels,6 hours,3.7,25,235,"Rp149,000",10/2015,1,0,0,https://www.udemy.com/course/intel-xdk-and-ionic-framework/
TypeScript Interview Mastery with 300+ Questions : [NEW],5555738,DataVeta Academy,"Typescript, Programming Languages, Development",Angular,Beginner,N/A,4.5,4,26,"Rp149,000",1/2025,0,0,0,https://www.udemy.com/course/typescript-interview-mastery-with-300-questions-2023/
RxJS Essentials: Introduction to RXJS for RXJS Beginners,6109207,"SkillFusion Academy, Mana Unni","RxJs, Web Development, Development",Angular,Beginner,1 hour,5.0,2,3,"Rp149,000",11/2024,0,0,3,https://www.udemy.com/course/rxjs-essentials-introduction-to-rxjs-for-rxjs-beginners/
React and Flux Web Development for Beginners,671552,"Mark Price, Devslopes by Nathan Sevedge","Front End Web Development, React JS, Web Development, Development",Angular,Beginner,11 hours,3.8,1014,9470,"Rp149,000",10/2018,14,0,12,https://www.udemy.com/course/react-flux/
D3.js Essentials: Build Interactive Visuals Fast,6592931,Emma Saunders,"D3.js, Web Development, Development",Angular,Intermediate,2.5 hours,4.9,5,20,"Rp149,000",6/2025,0,0,32,https://www.udemy.com/course/d3js-the-complete-guide-to-data-driven-visualizations/
Designing Scalable Frontend Systems,4625604,Manoj Satishkumar,"Front End Web Development, Web Design, Design",Angular,Intermediate,2 hours,3.9,158,2583,"Rp149,000",8/2023,8,0,1,https://www.udemy.com/course/designing-scalable-frontend-systems/
Productive coding with WebStorm,881106,Peter Kassenaar,"WebStorm, Web Development, Front End Web Development, Software Development Tools, Development",Angular,All Levels,2 hours,4.5,342,1630,"Rp149,000",7/2016,0,0,1,https://www.udemy.com/course/productive-coding-with-webstorm/
"Full Stack Airline Booking App: Java, Spring Boot & React",6742631,Dev Den,"Full Stack Web Development, React JS, REST API, Spring Boot, Web Development",Angular,All Levels,13 hours,4.5,25,1709,"Rp159,000",1/2026,0,0,10,https://www.udemy.com/course/full-stack-airline-booking-app-java-spring-boot-react/
Introduction to NX Monorepos For Beginners,6030448,Dimitar Dyankov,"Software Development, Other IT & Software, IT & Software",Angular,Intermediate,2 hours,3.7,52,1318,"Rp159,000",9/2025,4,0,0,https://www.udemy.com/course/introduction-to-nx-monorepos-for-beginners/
"Build Hotel Booking App Using SpringBoot, React,Payment 2026",6420289,Dev Den,"Full Stack Web Development, Web Development, React JS, Spring Boot, Development",Angular,Intermediate,13.5 hours,4.5,36,1292,"Rp149,000",1/2026,0,0,6,https://www.udemy.com/course/build-a-hotel-booking-platform-using-springboot-react-2025/
Build a Full-Stack E-commerce App with Spring Boot & React.,6108639,Dev Den,"Full Stack Web Development, Web Development, Development",Angular,All Levels,15 hours,4.2,20,1965,"Rp149,000",1/2026,0,0,19,https://www.udemy.com/course/build-ecommerce-platform-using-spring-boot-reactmysql-aws/
The Frontend Developer Career Blueprint - The shortcuts,2462670,Mohammed Zakari,"Front End Web Development, Web Development, Career Development, Development",Angular,All Levels,2 hours,4.2,149,6177,"Rp149,000",8/2019,0,0,0,https://www.udemy.com/course/the-frontend-developer-career-blueprint-the-shortcuts/
Practical Typescript,5834666,Jānis Smilga,"Typescript, Web Development, Development",Angular,Beginner,20 hours,4.7,283,2874,"Rp149,000",12/2024,4,0,0,https://www.udemy.com/course/practical-typescript/
"Complete E-Commerce Course - Java,Spring,Hibernate and MySQL",1070976,Le Deng,"E-Commerce, Spring Framework, Java, MySQL, Web Development",Angular,All Levels,20 hours,4.3,789,4187,"Rp149,000",1/2017,1,0,75,https://www.udemy.com/course/complete-e-commerce-course-javaspringhibernate-and-mysql/
Web Application Architecture and Deployment,3611330,Osama Hassan,"Technical Analysis (finance), Business Analytics & Intelligence, Business",Angular,Beginner,3 hours,3.7,22,2572,"Rp149,000",6/2025,0,0,12,https://www.udemy.com/course/enterprise-application-architecture/
Projects in MongoDB - Learn MongoDB Building Projects,621022,"Eduonix Learning Solutions, Eduonix-Tech .","MongoDB, Web Development, Development",Angular,All Levels,12 hours,4.3,397,5777,"Rp149,000",12/2018,1,0,88,https://www.udemy.com/course/projects-in-mongodb/
Programming in C# - From Beginner to Advanced,5066418,Felipe Gavilán,"C# (programming language), Programming Languages, Development",Angular,Beginner,18.5 hours,4.4,105,570,"Rp149,000",5/2025,1,0,1,https://www.udemy.com/course/programming-in-csharp-from-beginner-to-advanced/
Monorepos - From Zero to Hero,6546269,Tarun (tkssharma) Sharma,"Software Development Tools, Development",Angular,Beginner,4 hours,3.8,17,228,"Rp149,000",3/2026,0,0,0,https://www.udemy.com/course/monorepo-from-zero-to-hero/
Learn Spring Core Framework the Easy Way!,2080300,Karthikeya T,"Spring Framework, Other IT & Software, IT & Software",Angular,All Levels,5 hours,4.3,240,5384,"Rp149,000",12/2024,19,0,14,https://www.udemy.com/course/spring-online-training/
New to AngularJS Automation.?Try Protractor-Best for Newbies,990330,Testing World,"Protractor (software testing), Automation, jQuery, Software Testing, Development",Angular,Intermediate,9 hours,4.3,149,663,"Rp149,000",11/2018,1,0,0,https://www.udemy.com/course/jquery-for-testers/
Spring Boot & Thymeleaf - The Full Stack Developer Guide,4945200,Java Corner (Karim),"Spring Framework, JUnit, Spring Boot, Spring Security, Programming Languages",Angular,Intermediate,23.5 hours,4.5,84,1954,"Rp149,000",7/2024,0,0,24,https://www.udemy.com/course/spring-jpa-mvc-security-mockito-practical-guide/
Angular JS in ServiceNow,6938149,"ServiceNow Guru, Parakala Madhuri","AngularJS, ServiceNow, Software Development Tools, Development",Angular,Beginner,41 mins,4.2,10,14,"Rp149,000",11/2025,0,0,0,https://www.udemy.com/course/angular-js-in-servicenow-palni/
Beginners Guide to Electron Framework,1259586,Eduonix Learning Solutions,"Electron Framework, Web Development, Development",Angular,Beginner,5 hours,4.1,54,496,"Rp149,000",12/2018,1,0,9,https://www.udemy.com/course/beginners-guide-to-electron-framework/
Rotational Dynamics & Linear Momentum,1715606,Vishesh Nigam,"Physics, Science, Teaching & Academics",Angular,Intermediate,3 hours,4.6,8,1665,"Rp149,000",10/2025,0,0,35,https://www.udemy.com/course/center-of-mass-and-linear-momentum-part-2/
TypeScript for Beginners: Mastering TypeScript Fundamentals,5564026,Meta Brains,"Typescript, JavaScript, Web Development, Development",Angular,All Levels,2 hours,4.2,270,44314,"Rp149,000",2/2024,2,0,1,https://www.udemy.com/course/typescript-for-beginners-mastering-typescript-fundamentals/
Step-by-Step ASP.NET MVC Tutorial: 18Hrs Zero to Hero Course,2567732,Ashish Tiwary,"ASP.NET MVC, jQuery, Bootstrap, Other IT & Software, IT & Software",Angular,All Levels,18 hours,3.8,29,1179,"Rp149,000",7/2025,0,0,0,https://www.udemy.com/course/asp-dot-net-mvc-tutorial-for-beginners-zero-to-hero/
Apache Cordova - Build Mobile App with HTML CSS & JavaScript,6068183,"Gaurab Kumar, Instill Learning","Apache Cordova, JavaScript, Mobile App Development, HTML, Mobile Development",Angular,All Levels,2.5 hours,4.6,10,1157,"Rp149,000",8/2024,1,0,2,https://www.udemy.com/course/apache-cordova-bootcamp/
Full Stack ReactJS with Spring Boot,5722990,Get Arrays,"React JS, Spring Boot, Web Development, Development",Angular,All Levels,3 hours,3.7,5,33,"Rp149,000",12/2023,1,0,0,https://www.udemy.com/course/full-stack-reactjs-with-spring-boot/
ASP.NET CORE Top 500 Interview Questions and Answers,5641794,Tarun Kumar Saini,"ASP.NET MVC, Web Development, .NET, ASP.NET Core, Development",Angular,All Levels,3 hours,3.9,20,73,"Rp149,000",5/2025,2,0,0,https://www.udemy.com/course/aspnet-core-top-500-interview-questions-and-answers/
TypeScript: From Zero to Expert (2024),5774314,Héctor Uriel Pérez,"Typescript, Web Development, Development",Angular,All Levels,9.5 hours,4.4,30,1265,"Rp149,000",1/2024,0,0,3,https://www.udemy.com/course/typescript-from-zero-to-expert/
Spring Boot For Software Engineers,1418878,Nelson Jamal,"Spring Boot, Software Engineering, Development",Angular,Expert,6.5 hours,4.5,1324,8112,"Rp149,000",7/2019,1,0,0,https://www.udemy.com/course/spring-boot-for-software-engineers/
TypeScript: Learn Typescript & Type script Pro In Details,4401537,"Oak Academy, OAK Academy Team","Typescript, JavaScript, Node.Js, React JS, Programming Languages",Angular,All Levels,6.5 hours,4.6,81,304,"Rp149,000",4/2026,2,0,0,https://www.udemy.com/course/typescript-learn-typescript-type-script-pro-in-details/
Visual Studio Code - Master the Complete VS Code environment,3536292,Norbert B. Menyhart,"Visual Studio Code, Web Development, Code Editor, Development",Angular,All Levels,3.5 hours,3.9,20,147,"Rp149,000",11/2023,6,0,4,https://www.udemy.com/course/visual-studio-code-master-the-complete-vs-code-environment/
Progressive Web Apps (PWA) - From Beginner to Expert,1326114,Chris Love,"Progressive Web App, Web Development, Development",Angular,Beginner,19.5 hours,4.0,91,1124,"Rp149,000",6/2018,24,0,45,https://www.udemy.com/course/progressive-web-apps-pwa-from-beginner-to-expert/
MEAN Stack Preparation Practice Exams,6818933,Shadab Pervaiz,"MEAN Stack, IT Certifications, IT & Software",Angular,All Levels,N/A,N/A,N/A,N/A,"Rp149,000",9/2025,0,0,0,https://www.udemy.com/course/mean-stack-preparation-practice-exams/
The ULTIMATE guide for the Spring boot framework,5771826,Bouali Ali,"Spring Boot, Java Persistence API (JPA), Software Testing, Web Development, Development",Angular,All Levels,7.5 hours,4.5,N/A,17,"Rp149,000",1/2024,0,0,0,https://www.udemy.com/course/the-ultimate-guide-for-the-spring-boot-framework/
"Quasar V1: PWA (with Vue JS 2, Firebase, NodeJS & Express)",3240810,Danny Connell,"Progressive Web App, Vue JS, Firebase, Node.Js, Web Development",Angular,All Levels,15 hours,4.8,685,3763,"Rp149,000",3/2022,23,0,19,https://www.udemy.com/course/pwa-with-vuejs-quasar-firebase/
Master C# Programming - Beginner to Advanced (with OOP),5793578,Sameer Saini,"C# (programming language), Object-Oriented Programming (OOP), ASP.NET Core, Programming Languages, Development",Angular,All Levels,10.5 hours,4.6,550,2739,"Rp149,000",6/2024,1,3,0,https://www.udemy.com/course/csharp-programming-beginners-guide/
ReactiveX Preparation Practice Exams,6818937,Shadab Pervaiz,"ReactiveX, IT Certifications, IT & Software",Angular,All Levels,N/A,N/A,N/A,N/A,"Rp149,000",9/2025,0,0,0,https://www.udemy.com/course/reactivex-preparation-practice-exams/
Spring MVC With Spring Boot (All Modules) and Project!!,2498116,Karthikeya T,"Spring MVC, Spring Framework, Spring Boot, Other IT & Software, IT & Software",Angular,All Levels,8.5 hours,4.3,77,470,"Rp149,000",3/2024,15,0,11,https://www.udemy.com/course/spring-mvc-spring-boot-spring-data-all-modules/
Progressive Web Apps: The Concise PWA Masterclass,1233648,Ray Viljoen,"Progressive Web App, App Development, Web App Development, JavaScript, Web Development",Angular,All Levels,6 hours,4.6,1152,7479,"Rp149,000",5/2020,0,1,46,https://www.udemy.com/course/progressive-web-apps/
Master Typescript : Learn Typescript from scratch,591116,SkillBakery Studio,"Typescript, JavaScript, Web Development, Development",Angular,All Levels,2.5 hours,3.6,59,508,"Rp149,000",2/2016,0,0,2,https://www.udemy.com/course/master-typescript/
Mastering Spring Data JPA: From Basics to Advanced,5268954,Bouali Ali,"Spring Data JPA, Java Persistence API (JPA), Hibernate, Web Development, Development",Angular,Beginner,5 hours,4.4,12,70,"Rp149,000",4/2023,0,0,0,https://www.udemy.com/course/mastering-spring-data-jpa-from-basics-to-advanced/
NEW: Spring Boot 3 Securing Your Application with JWT Token,5049046,Bouali Ali,"Spring Security, Spring Boot, Software Engineering, Development",Angular,Intermediate,2 hours,4.3,51,203,"Rp149,000",1/2023,1,0,0,https://www.udemy.com/course/securing-your-spring-boot-3-applications-with-jwt-token/
Web Project Workshop: 20+ HTML & CSS Websites in Action,6742285,Andrew Tyranowski,"Front End Web Development, CSS, HTML, Web Development, Development",Angular,Beginner,5.5 hours,4.6,109,12715,"Rp149,000",9/2025,1,0,4,https://www.udemy.com/course/web-project-workshop-html-css-in-action/
Learn to build progressive web apps using JavaScript,1920502,"Eduonix Learning Solutions, Eduonix-Tech .","Progressive Web App, JavaScript, Web Development, Development",Angular,Beginner,4 hours,4.2,17,347,"Rp149,000",12/2018,1,0,9,https://www.udemy.com/course/learn-to-build-progressive-web-apps-using-javascript/
Spring Boot Tutorial For Beginners,5192858,Bouali Ali,"Spring Boot, Spring Framework, Git, GitHub, Web Development",Angular,Beginner,2.5 hours,4.8,4,13,"Rp149,000",3/2023,0,0,0,https://www.udemy.com/course/spring-boot-3-tutorial-for-beginners/
Integrating d3.js with React,4035148,Eli Elad Elrom,"React JS, D3.js, JavaScript, Typescript, Software Engineering",Angular,Beginner,17.5 hours,4.7,7,28,"Rp1,799,000",6/2021,0,0,118,https://www.udemy.com/course/integrating-d3js-with-react/
Data Visualization in JavaScript with React and D3.js,5192454,Caleb Diehl,"Data Visualization, D3.js, React JS, Data Science, Development",Angular,Intermediate,3 hours,4.5,62,329,"Rp149,000",5/2023,0,0,9,https://www.udemy.com/course/data-visualization-react-d3/
Complete Bootstrap with 5 Real time Projects - Live coding,4463066,NAVEEN SAGGAM,"Bootstrap, Web Development, Development",Angular,All Levels,11 hours,4.6,20,128,"Rp149,000",12/2021,6,0,6,https://www.udemy.com/course/complete-bootstrap-with-5-real-time-projects-live-coding/
AWS Certified Cloud Practitioner,6540135,Martin Ferret,"AWS Certified Cloud Practitioner, Software Engineering, Development",Angular,All Levels,N/A,4.7,N/A,247,"Rp249,000",3/2025,0,0,0,https://www.udemy.com/course/aws-certified-cloud-practitioner-practice/
React Data Visualization - Build a Cryptocurrency Dashboard,1848568,react.school _,"React JS, CSS, JavaScript, Data Visualization, Web Development",Angular,All Levels,3.5 hours,4.4,563,3250,"Rp149,000",10/2020,7,0,1,https://www.udemy.com/course/react-data-visualization-build-a-cryptocurrency-dashboard/
[NEW] Full user login and registration with Email validation,4591514,Bouali Ali,"Spring Boot, Email Server, Spring Security, Authentication, Software Engineering",Angular,Intermediate,4 hours,4.0,10,33,"Rp149,000",10/2022,1,0,1,https://www.udemy.com/course/full-user-login-and-registration-with-email-validation/
App Development with Ionic from Scratch,4221392,Eduonix Learning Solutions,"Ionic, Mobile Development, Development",Angular,Beginner,5 hours,4.6,27,118,"Rp149,000",9/2021,0,0,0,https://www.udemy.com/course/app-development-with-ionic-from-scratch/
TypeScript Basics: Beginner's Guide - 2023 Edition,5254816,Origiins Academy,"Typescript, Programming Languages, Development",Angular,All Levels,3.5 hours,4.5,2,6,"Rp149,000",4/2023,0,0,0,https://www.udemy.com/course/typescript-basics-beginners-guide-2023-edition/
"Ultimate Guide to Spring, Spring Boot, MVC & Hibernate",6246871,"Sunshine Coding, Code IT","Spring Framework, Spring MVC, Hibernate, Spring Boot, Software Development Tools",Angular,All Levels,22 hours,4.6,109,10175,"Rp149,000",1/2026,0,0,3,https://www.udemy.com/course/learn-spring-framework-the-easy-and-fun-way/
Webpack 5: Optimizing For Production,4831306,Viktor Pyskunov,"Webpack, Web Development, Development",Angular,All Levels,6 hours,4.5,462,4408,"Rp149,000",1/2025,3,0,0,https://www.udemy.com/course/webpack-optimizing-for-production/
ASP.NET CORE WITH ADO .NET Full Project based Course,5570402,Tarun Kumar Saini,"ASP.NET MVC, SQL Server, ADO.NET, ASP.NET Core, Web Development",Angular,Beginner,8.5 hours,4.0,38,218,"Rp149,000",3/2024,0,0,2,https://www.udemy.com/course/aspnet-core-with-ado-net-full-project-based-course/
NX Monorepo Interview Questions,6453099,Dimitar Dyankov,"Other IT & Software, IT & Software",Angular,Beginner,N/A,3.1,2,10,"Rp149,000",2/2025,0,0,0,https://www.udemy.com/course/nx-monorepo-interview-questions/
Lodash - The Complete Guide,2378464,Oleksandr Kocherhin,"Lodash, JavaScript, Functional Programming, Web Development, Development",Angular,All Levels,3.5 hours,4.4,201,1130,"Rp149,000",2/2026,5,0,0,https://www.udemy.com/course/lodash-the-complete-guide/
Storybook Official Tutorial Code Along - Web Development,5774078,Willow Sloane,"Redux (JavaScript library), Web Development, Front End Web Development, Development",Angular,All Levels,8.5 hours,4.1,62,1349,"Rp149,000",2/2025,8,0,6,https://www.udemy.com/course/storybook-official-tutorial-code-along-web-development/
Build a State Management Library with TypeScript,5887076,Alex Figliolia,"Typescript, React State, React Hooks, Web Development, Development",Angular,Intermediate,1 hour,5.0,1,12,"Rp149,000",3/2024,0,0,0,https://www.udemy.com/course/build-a-state-management-library-with-typescript/
Build Progressive Web Apps: Python Django PWA Masterclass,6470105,Meta Brains,"Web Development, Development",Angular,All Levels,3.5 hours,4.2,43,13234,"Rp249,000",5/2025,1,0,1,https://www.udemy.com/course/build-progressive-web-apps-python-django-pwa-masterclass/
Learn React Micro Frontend From Scratch Using Webpack,5998580,K.Sathya Prakash Reddy,"React JS, MERN Stack, Web Development, Next.js, Development",Angular,Beginner,3.5 hours,4.7,24,156,"Rp149,000",5/2024,0,0,0,https://www.udemy.com/course/learn-react-micro-frontends-from-scratch-using-webpack/
"Webpack Mastery: Bundle, Optimize & Scale Web Sites",6656753,Ahmed Elsakka,"Webpack, Web Development, Development",Angular,All Levels,3 hours,5.0,2,1015,"Rp149,000",9/2025,6,0,16,https://www.udemy.com/course/webpack-mastery-bundle-optimize-scale-web-sites/
C# Backend Developer Interview Questions: Practice Tests,6598431,Emrah KONDUR,"Software Engineering, Development",Angular,All Levels,N/A,5.0,2,30,"Rp149,000",1/2026,0,0,0,https://www.udemy.com/course/c-backend-developer-interview-preparation-practice-tests/
Ionic Framework with VueJS: Build a CRUD App Using SQLite,3851680,Aaron Saunders,"Vue JS, Ionic, SQLite, Mobile Development, Development",Angular,Beginner,3 hours,4.4,10,165,"Rp149,000",2/2021,4,0,3,https://www.udemy.com/course/ionic-framework-with-vuejs-build-a-crud-app-using-sqlite/
Ionic 3 Apps for WooCommerce: Build an eCommerce Mobile App,1194928,Samarth Agarwal,"Ionic, Mobile App Design, WooCommerce, Mobile Development, Development",Angular,All Levels,7 hours,4.5,743,4106,"Rp149,000",3/2018,1,0,1,https://www.udemy.com/course/ionic-3-apps-for-woocommerce-build-an-ecommerce-mobile-app/
React Progressive Web App With Workbox and Webpack Tutorial,4088388,Imran Sayed,"Progressive Web App, React JS, Webpack, Web Development, Development",Angular,Beginner,2 hours,4.6,71,6418,"Rp149,000",10/2022,0,0,0,https://www.udemy.com/course/react-progressive-web-app-with-workbox-and-webpack-tutorial/
Certified TypeScript Developer Professional Practice Tests,7024937,Ruane ribeiro,"Typescript, IT Certifications, IT & Software",Angular,All Levels,N/A,4.7,N/A,1,"Rp149,000",1/2026,0,0,0,https://www.udemy.com/course/certified-typescript-developer-professional-practice-tests/
Create a Full Ionic App with Material Design - Full Stack,1267142,Gary Simon,"Google Material Design, User Experience (UX) Design, Ionic, Mobile Development, Development",Angular,All Levels,3.5 hours,4.2,86,858,"Rp149,000",6/2017,0,0,1,https://www.udemy.com/course/ionic-material-design/
Customizing AppGini web applications,520478,Ahmed Genedy,"Web Development, User Interface Design, Development",Angular,Intermediate,4.5 hours,4.4,351,1135,"Rp399,000",10/2020,3,0,2,https://www.udemy.com/course/customizing-appgini-web-applications/
Go full stack Spring: Spring + RESTFUL API + Spring Boot,2239764,"StudyEasy Organization, Chaand Sheikh","Spring Boot, Spring Framework, RESTful Web Services, Web Development, Development",Angular,All Levels,36 hours,4.3,124,1584,"Rp149,000",12/2024,54,0,45,https://www.udemy.com/course/spring-web-services-spring-boot/
ASP.NET Core 9.0 API Native AOT: The Essential Guide,6805207,Agus Kurniawan,"ASP.NET Core, Web API, Web Development, Development",Angular,Beginner,3 hours,4.5,N/A,3,"Rp149,000",10/2025,2,0,10,https://www.udemy.com/course/nativeaot/
Tests for Associate in Healthcare Information and Management,6467567,Bee In IT,"Healthcare IT, Healthcare, Career Development, Personal Development",Angular,All Levels,N/A,4.3,N/A,8,"Rp149,000",1/2026,0,0,0,https://www.udemy.com/course/tests-for-associate-in-healthcare-information-and-management/
Ionic Apps with Firebase,1691572,Samarth Agarwal,"Firebase, Ionic, Mobile Development, Development",Angular,Intermediate,5.5 hours,4.5,427,2197,"Rp149,000",7/2018,1,0,0,https://www.udemy.com/course/ionic-apps-with-firebase/
.NET 8 Web API Bootcamp: From Scratch to Azure Deployment,6657623,Anusha M,".NET, JSON Web Token (JWT), REST API, Web Development, Development",Angular,All Levels,6 hours,3.7,3,6,"Rp149,000",6/2025,0,0,13,https://www.udemy.com/course/net-8-web-api-bootcamp-from-scratch-to-azure-deployment/
300+ jQuery Interview Questions Practice Test [2026],5700976,Interview Questions Tests,"jQuery, Web Development, Development",Angular,All Levels,N/A,N/A,N/A,2241,"Rp149,000",1/2026,0,0,0,https://www.udemy.com/course/300-jquery-interview-questions-practice-test/
Ionic Apps for WooCommerce: Build an eCommerce Mobile App,864792,Samarth Agarwal,"Ionic, E-Commerce, WooCommerce, Mobile Development, Development",Angular,All Levels,4.5 hours,4.2,175,1400,"Rp447,000.00",6/2016,4,0,0,https://www.udemy.com/course/ionic-apps-for-woocommerce-build-an-ecommerce-mobile-app/
Building Scalable Web Apps with ASP.NET,6460401,Frontend Coach,"ASP.NET, Other IT & Software, IT & Software",Angular,All Levels,N/A,4.6,N/A,1,"Rp149,000",2/2025,0,0,0,https://www.udemy.com/course/building-scalable-web-apps-with-aspnet/
"Restful API With Spring Boot And React (Redux, Router,Hooks)",3054848,Senol Atac,"React JS, MySQL, Spring Boot, Postman, Web Development",Angular,All Levels,6.5 hours,4.1,37,199,"Rp149,000",6/2023,5,0,0,https://www.udemy.com/course/restfull-api-web-services-with-spring-boot-and-react-js/
Microsoft Power BI for beginners,2510316,Shivprasad Koirala,"Microsoft Power BI, Other IT & Software, IT & Software",Angular,Beginner,3 hours,4.3,147,3564,"Rp149,000",7/2022,0,0,5,https://www.udemy.com/course/microsoft-power-bi-beginners/
Comprehensive TypeScript,473622,Daniel Stern,"Typescript, Web Development, Development",Angular,All Levels,3.5 hours,3.8,111,1420,"Rp169,000",5/2015,0,0,7,https://www.udemy.com/course/typescript101/
Storybook Bootcamp | Visual Testing Course,3545312,Gleyder Hernandez,"React JS, User Interface Design, Web Development, Development",Angular,All Levels,1.5 hours,3.4,81,3509,"Rp149,000",10/2020,2,0,0,https://www.udemy.com/course/storybook/
Ionic Framework: JumpStart,496586,Samarth Agarwal,"Ionic, Android Development, Mobile Development, Development",Angular,All Levels,3.5 hours,4.5,53,850,"Rp149,000",1/2016,0,0,5,https://www.udemy.com/course/ionic-framework-jumpstart/
Web API in ASP.Net Core: A Project-Based Step by Step Course,3728148,Aftab Syed,"Web API, Web Development, Development",Angular,All Levels,2.5 hours,4.4,13,65,"Rp149,000",4/2021,0,0,1,https://www.udemy.com/course/web-api-in-aspnet-core-a-project-based-step-by-step-course/
Intro ASP .NET Core 6 & MVC Web Design for absolute beginner,4539662,Mega Learning,"ASP.NET Core, C# (programming language), ASP.NET MVC, Programming Languages, Development",Angular,Beginner,20 hours,4.2,55,8344,"Rp149,000",3/2024,4,0,2,https://www.udemy.com/course/windows-forms-with-c-for-absolute-beginners/
Git Training: Step-by-Step Guide to Git Version Control,2240742,Oleksandr Kocherhin,"Version Control, Git, GitHub, Software Development Tools, Development",Angular,Beginner,2 hours,4.0,380,1843,"Rp149,000",2/2026,4,0,0,https://www.udemy.com/course/console-git-practical-guide/
Learn Cordova From Scratch - Visual Studio and Mac,1420178,SkillBakery Studio,"Apache Cordova, Mobile Development, Development",Angular,All Levels,2 hours,3.3,22,201,"Rp149,000",1/2018,1,0,1,https://www.udemy.com/course/learn-apache-cordova-from-scratch-visual-studio-and-mac/
Learn Web Scraping with Node.js,701636,Patrick Schroeder,"Web Scraping, Node.Js, Web Development, Development",Angular,All Levels,1 hour,4.0,204,17946,"Rp149,000",5/2017,0,0,7,https://www.udemy.com/course/web-scraping-nodejs/
400+ ASP.NET Interview Questions Practice Test,5718436,Interview Questions Tests,"ASP.NET, Web Development, Development",Angular,All Levels,N/A,4.6,N/A,1054,"Rp149,000",6/2025,0,0,0,https://www.udemy.com/course/asp-net-interview-questions/
Progressive Web Application With React Jumpstart,1232650,Anto Aravinth,"Web App Development, React JS, Web Development, Development",Angular,Beginner,3 hours,3.9,86,1220,"Rp149,000",12/2017,4,0,0,https://www.udemy.com/course/progressive-web-app-with-react-jumpstart/
Building Mobile Apps with Ionic 4,2256700,Packt Publishing,"Firebase, Programming Languages, Development",Angular,Intermediate,4 hours,4.5,60,174,"Rp149,000",3/2019,0,0,1,https://www.udemy.com/course/building-mobile-apps-with-ionic-4/
Full-Stack Firebase,1779912,Chris Esplin,"Firebase, Web Development, Development",Angular,Beginner,2.5 hours,3.2,210,1108,"Rp149,000",7/2018,0,0,0,https://www.udemy.com/course/full-stack-firebase/
Master Microservices with Spring boot 3.0 and Spring cloud,5281774,Bouali Ali,"Microservices, Spring Boot, Web Development, Development",Angular,All Levels,1 hour,3.9,15,50,"Rp149,000",4/2023,0,0,0,https://www.udemy.com/course/master-microservices-with-spring-boot-30-and-spring-cloud/
Building a Java Spring Boot Web App From Scratch,3541448,Trevor Page,"Java, Bootstrap, MySQL, Spring Boot, Web Development",Angular,Intermediate,15 hours,4.5,29,263,"Rp149,000",10/2020,0,0,0,https://www.udemy.com/course/building-a-java-spring-boot-web-app-from-scratch/
Mastering ASP.NET Core Web API with .NET 10,6885191,Muhtar Qong,"ASP.NET Core, C# (programming language), REST API, Entity Framework, Web Development",Angular,All Levels,11 hours,4.5,N/A,19,"Rp149,000",1/2026,0,0,0,https://www.udemy.com/course/mastering-aspnet-core-web-api-with-net-10/
Webpack 4 - First Steps,2301794,Mehul Mohan,"Web Development, Webpack, Full Stack Web Development, Development",Angular,Beginner,2 hours,4.6,35,244,"Rp149,000",4/2019,0,0,0,https://www.udemy.com/course/webpack-4-first-steps/
d3.js - Complete Developer Data Visualization Guide,2046134,"Paulo Dichone | Software Engineer, AWS Cloud Practitioner & Instructor","Data Visualization, JavaScript, Front End Web Development, D3.js, Web Development",Angular,All Levels,17.5 hours,4.5,340,2758,"Rp149,000",2/2020,5,0,1,https://www.udemy.com/course/the-complete-d3js-data-visualization-guide/
"Build A TodoList with Laravel, PHP and Ionic Vue",4869744,James Coonce with CodeBrains.IO Tech Training,"Vue JS, Ionic, Laravel, REST API, Web Development",Angular,Beginner,1 hour,5.0,1,1022,"Rp149,000",9/2022,0,0,0,https://www.udemy.com/course/build-a-todolist-with-laravel-php-and-ionic-vue/
ASP .NET Interview Questions Practice Exams,7071455,Practice Exams Potential,"IT Certifications, IT & Software",Angular,All Levels,N/A,N/A,N/A,N/A,"Rp149,000",2/2026,0,0,0,https://www.udemy.com/course/asp-net-interview-questions-practice-exams/
Protractor with CucumberJS BDD on a Live Project,1997574,Rahul Arora,"Protractor (software testing), Cucumber Software, Automation Testing, Selenium Testing Framework, Other IT & Software",Angular,All Levels,3.5 hours,4.4,112,904,"Rp149,000",4/2022,5,0,3,https://www.udemy.com/course/protractor-cucumber-tutorial/
TypeScript for JavaScript Developers,2527588,Packt Publishing,"Typescript, Web Development, Development",Angular,Intermediate,3 hours,4.2,5,59,"Rp149,000",11/2019,0,0,1,https://www.udemy.com/course/typescript-for-javascript-developers/
Finance Market Stocks and Currency Visualization in React JS,2534724,Pravinkumar Dabade,"Highcharts, React JS, Web Development, Development",Angular,Expert,4.5 hours,3.8,25,203,"Rp149,000",12/2019,0,0,22,https://www.udemy.com/course/finance-stocks-and-currency-in-react/
NativeScript - First Steps,2158178,Mehul Mohan,"NativeScript, App Development, iOS Development, Android Development, Mobile Development",Angular,Beginner,3 hours,4.3,63,338,"Rp149,000",2/2019,0,0,0,https://www.udemy.com/course/learn-nativescript/
ASP.NET Core MVC Simplified: Master What You Need,6101551,Guilherme Marques dos Santos,"ASP.NET Core, IT Certifications, IT & Software",Angular,Intermediate,8 hours,4.5,6,33,"Rp149,000",3/2025,0,0,4,https://www.udemy.com/course/aspnet-core-mvc-simplified-master-what-you-need/
Webpack Preparation Practice Exams,6818925,Shadab Pervaiz,"Webpack, IT Certifications, IT & Software",Angular,All Levels,N/A,N/A,N/A,N/A,"Rp149,000",9/2025,0,0,0,https://www.udemy.com/course/webpack-preparation-practice-exams/
"NativeScript - prepare, optimise and publish app",1834308,Krystian Czekalski,"NativeScript, Mobile Development, Development",Angular,Intermediate,3 hours,4.3,15,164,"Rp149,000",11/2018,0,0,3,https://www.udemy.com/course/nativescript-publish-app-on-markets/
SignalR on .NET 5: everything you need to know,3803476,Fiodar Sazanavets,"SignalR, Web Development, WebSocket, ASP.NET Core, Development",Angular,All Levels,1 hour,4.3,45,975,"Rp457,000.00",2/2021,21,0,0,https://www.udemy.com/course/signalr-on-net-5-everything-you-need-to-know/
Centralization and Decentralization,4368812,Management Study Guide,"Management Skills, Business Strategy, Business",Angular,All Levels,30 mins,4.7,2,584,"Rp149,000",10/2024,1,0,1,https://www.udemy.com/course/centralization-and-decentralization/
Dynamic Forms | Salesforce,5294310,Bhumika Pandey,"Salesforce, Programming Languages, Development",Angular,Expert,1 hour,4.4,4,14,"Rp149,000",4/2023,0,0,0,https://www.udemy.com/course/dynamic-forms-salesforce/
Date and Time Fundamentals in .NET and SQL Server,1272014,Engineer Spock,".NET, SQL Server, Programming Languages, Development",Angular,Beginner,3.5 hours,4.4,64,605,"Rp149,000",7/2020,3,0,0,https://www.udemy.com/course/date-and-time-fundamentals/
Learn TypeScript Decorators in depth,4778220,Dharmindar Devsidas,"Typescript, Programming Languages, Development",Angular,All Levels,1.5 hours,4.1,24,4888,"Rp149,000",7/2022,0,0,0,https://www.udemy.com/course/learn-typescript-decorators-in-depth/
D3.js in Action: Build 17 D3.js Data Visualization Projects,1676620,Crypters Infotech,"D3.js, Web Development, Development",Angular,All Levels,17 hours,4.5,330,3431,"Rp149,000",6/2021,52,0,0,https://www.udemy.com/course/d3js-data-visualization-projects/
Master Ionic 3 with Ionic Native and Cordova Integrations,1206948,Paul Halliday (BSc Hons),"Ionic, Mobile Development, Development",Angular,All Levels,3.5 hours,4.1,153,2361,"Rp149,000",7/2017,0,0,0,https://www.udemy.com/course/master-ionic-3-with-ionic-native-and-cordova-integrations/
Certified ASP.NET Developer Professional Practice Exams,7021983,Ruane ribeiro,"ASP.NET, IT Certifications, IT & Software",Angular,All Levels,N/A,4.6,N/A,1,"Rp149,000",1/2026,0,0,0,https://www.udemy.com/course/certified-aspnet-developer-professional-practice-exams/
What’s New in .NET 9 & C# 13,6783341,Medhat Gadallah,".NET, C# (programming language), Web API, Web Development, Development",Angular,All Levels,1.5 hours,4.8,7,2657,"Rp149,000",8/2025,0,0,0,https://www.udemy.com/course/whats-new-in-net-9-c-13/
FullStack Application Spring Boot and React,4176300,Arjun Gautam,"Spring Boot, React JS, Full Stack Web Development, Other IT & Software, IT & Software",Angular,Beginner,1 hour,4.1,275,32640,"Rp149,000",9/2021,3,0,0,https://www.udemy.com/course/fullstack-application-spring-boot-and-react/
Dotnet 7 Architecture,5073150,Piotr Żak,".NET, Web Development, Development",Angular,Intermediate,10 hours,4.6,N/A,24,"Rp149,000",1/2024,0,0,23,https://www.udemy.com/course/net-7-architecture/
Using Webpack,4258840,Daniel Stern,"Webpack, Web Development, Development",Angular,Intermediate,1.5 hours,4.5,6,93,"Rp149,000",9/2021,0,0,1,https://www.udemy.com/course/using-webpack/
Ionic Framework 101: A Quickstart to Building Mobile Apps,613174,Nic Raboy,"Ionic, Mobile Development, Development",Angular,Beginner,2.5 hours,4.3,52,272,"Rp279,000",9/2015,0,0,1,https://www.udemy.com/course/ionic-framework-101-quickstart/
Ionic 3 Firebase - Become an iOS/Android rockstar developer!,1365464,Dave Partner,"Firebase, Android Development, iOS Development, Ionic, Mobile Development",Angular,Beginner,2 hours,3.6,34,2098,"Rp149,000",10/2017,0,0,0,https://www.udemy.com/course/ionic-3-angular-4-and-firebase-become-an-iosandroid-dev/
Progressive Web Apps(PWA) development For beginners,4338814,Bluelime Learning Solutions,"Progressive Web App, Web Development, Development",Angular,Beginner,2.5 hours,4.4,45,8091,"Rp149,000",3/2026,6,0,3,https://www.udemy.com/course/progressive-web-appspwa-development-for-beginners/
Getting Started with Ionic v2/v3 and Parse Server,986894,Samarth Agarwal,"Ionic, Parse Server, Mobile Development, Development",Angular,All Levels,2.5 hours,4.6,146,899,"Rp149,000",4/2017,0,0,2,https://www.udemy.com/course/getting-started-with-ionic-2-and-parse-server/
Intelligent Mobile Apps with Ionic and API.AI (DialogFlow),1387516,Samarth Agarwal,"Ionic, Dialogflow, Mobile Development, Development",Angular,Intermediate,2.5 hours,4.5,164,797,"Rp149,000",10/2017,0,0,0,https://www.udemy.com/course/intelligent-mobile-apps-with-ionic-and-apiai-dialogflow/
Microsoft .NET Interview Questions Practice Exams,7071447,Practice Exams Potential,"IT Certifications, IT & Software",Angular,All Levels,N/A,N/A,N/A,N/A,"Rp149,000",2/2026,0,0,0,https://www.udemy.com/course/microsoft-net-interview-questions-practice-exams/
Statistics for Data science,2356514,Shivprasad Koirala,"Data Science, Development",Angular,Beginner,1 hour,4.0,105,3531,"Rp149,000",7/2019,0,0,4,https://www.udemy.com/course/datascience-statistics/
Tableau Desktop - A Complete Introduction,2508940,"Academind by Maximilian Schwarzmüller, Manuel Lorenz","Tableau, Business Analytics & Intelligence, Business",Angular,Beginner,10.5 hours,4.6,366,2768,"Rp149,000",11/2022,7,0,100,https://www.udemy.com/course/tableau-desktop-a-complete-introduction/
[New] Spring Framework 6 & Spring Boot 3 (Developer Guide),4981316,Java Corner (Karim),"Spring Boot, Web Development, Development",Angular,All Levels,9.5 hours,4.3,13,148,"Rp149,000",4/2024,0,0,28,https://www.udemy.com/course/spring-boot-complete-reference/
E-Commerce app from Scratch to Play Store and beyond 2020,2683914,Sheshadhree Shankar,"Android Studio, Firebase, Mobile Payment Systems, Mobile Development, Development",Angular,All Levels,47 hours,4.3,15,76,"Rp149,000",10/2020,0,0,0,https://www.udemy.com/course/e-commerce-app-from-scratch-to-play-store-and-beyond-part1/
Unlock the Power of Kafka: A Comprehensive Tutorial!,5680426,Bouali Ali,"Apache Kafka, Reactive Programming, Spring Boot, Web Development, Development",Angular,Beginner,1.5 hours,4.6,N/A,4,"Rp149,000",11/2023,1,0,0,https://www.udemy.com/course/unlock-the-power-of-kafka-a-comprehensive-tutorial/
600+ MVC Interview Questions Practice Test,5868910,Interview Questions Tests,"Web Development, Development",Angular,All Levels,N/A,N/A,N/A,886,"Rp149,000",6/2025,0,0,0,https://www.udemy.com/course/600-mvc-interview-questions-practice-test/
Learn React and Redux by examples (Updated to React 16.12.0),2221432,Vinod Kumar Kayartaya,"React JS, Web Development, Development",Angular,All Levels,5.5 hours,4.7,132,6991,"Rp149,000",5/2020,1,0,29,https://www.udemy.com/course/learn-react-and-redux-by-examples/
NativeScript Jumpstart For Beginners,706904,Easy Professor,"NativeScript, Other IT & Software, IT & Software",Angular,Beginner,2 hours,4.0,22,137,"Rp249,000",1/2016,0,0,1,https://www.udemy.com/course/nativescript-jumpstart-for-beginners/
Build a Beautiful CryptoCurrency App using Ionic,1378244,Gary Simon,"Cryptocurrency, Ionic, Mobile Development, Development",Angular,Intermediate,2.5 hours,4.5,89,562,"Rp149,000",10/2017,0,0,1,https://www.udemy.com/course/cryptocurrency-app/
azure signalr serverless,5986468,Tarif Aljnidi,"Other IT & Software, IT & Software",Angular,All Levels,1.5 hours,5.0,1,197,"Rp149,000",5/2024,0,0,0,https://www.udemy.com/course/azure-signalr-serverless/
Ionic 3 - Learn How to Design Ionic Apps,1211226,Tinashe Munyaka,"Ionic, User Experience (UX) Design, User Interface Design, Mobile Development, Development",Angular,All Levels,3.5 hours,4.3,251,3249,"Rp149,000",6/2017,1,0,4,https://www.udemy.com/course/design-ionic-apps/
"Create Android and iOS App using HTML, CSS and JS",496588,Samarth Agarwal,"Android Development, CSS, JavaScript, HTML, Mobile Development",Angular,Beginner,2.5 hours,4.2,37,517,"Rp149,000",8/2015,0,0,0,https://www.udemy.com/course/getting-started-with-ionic-framework-and-parse/
Progressive Web Apps - Beginner to Expert - 2021,3761370,Fahd Saifuddin,"Progressive Web App, Web Development, Development",Angular,All Levels,15.5 hours,4.3,51,362,"Rp149,000",1/2021,1,0,2,https://www.udemy.com/course/progressive-web-apps-beginners-to-advanced/
"Build fullstack app with Node.Js, Loopback4, React and Hooks",3820368,Haider Malik,"MERN Stack, Node.Js, Redux Framework, React Hooks, Web Development",Angular,All Levels,8.5 hours,4.0,19,169,"Rp149,000",2/2021,0,0,27,https://www.udemy.com/course/loopback-and-react/
NPM Packages and Monorepos,3745020,David Armendáriz,"npm, GitHub, JavaScript, Typescript, Software Development Tools",Angular,Beginner,4 hours,3.7,20,166,"Rp149,000",1/2021,0,0,0,https://www.udemy.com/course/npm-packages-and-monorepos/
NativeScript Preparation Practice Tests,6470443,Smart Practice Exams,"NativeScript, IT Certifications, IT & Software",Angular,All Levels,N/A,N/A,N/A,N/A,"Rp149,000",2/2025,0,0,0,https://www.udemy.com/course/nativescript-preparation-practice-tests/
ASP.NET Core 8 & MVC: The Complete Web Developer Guide Q&S,7020917,"PRAVASINI MALLIK, Sameer Padhan, Kabi Mishra","Other IT & Software, IT & Software",Angular,All Levels,N/A,N/A,N/A,229,"Rp149,000",2/2026,0,0,0,https://www.udemy.com/course/aspnet-core-8-mvc-the-complete-web-developer-guide-qs/
Master SignalR: Build Real-Time Web Apps with ASP.NET,6494533,Dmitriy Pokintelitsa,"SignalR, Web Development, Development",Angular,All Levels,43 mins,1.0,1,28,"Rp149,000",3/2025,0,0,0,https://www.udemy.com/course/master-signalr-build-real-time-web-apps-with-aspnet/
JavaScript 360: Complete Introduction to EcmaScript,1450652,Dylan Israel,"JavaScript, Other IT & Software, IT & Software",Angular,Beginner,7.5 hours,3.9,343,26503,"Rp149,000",7/2019,0,0,3,https://www.udemy.com/course/javascript-360/
On writing JavaScript well.,392272,Wes Higbee,"JavaScript, Programming Languages, Development",Angular,All Levels,6.5 hours,3.9,11,933,"Rp149,000",3/2015,10,0,0,https://www.udemy.com/course/javascript-aesthetics/
NativeScript 101: A Quickstart to Building Mobile Apps,649222,Nic Raboy,"NativeScript, Mobile Development, Development",Angular,Beginner,2.5 hours,4.1,178,1536,"Rp279,000",11/2015,0,0,2,https://www.udemy.com/course/nativescript-101-a-quickstart-to-building-mobile-apps/
Ionic 3 - Tips & Tricks for Developing Ionic Apps,1279168,Tinashe Munyaka,"Ionic, Mobile Development, Development",Angular,All Levels,1.5 hours,4.4,68,1984,"Rp149,000",9/2017,0,0,12,https://www.udemy.com/course/ionic-3-tips-tricks/
Learn Microsoft ASP.Net Core 3.0 fast,2665988,Michał Białecki,"ASP.NET Core, Other IT & Software, IT & Software",Angular,Beginner,5 hours,4.4,40,221,"Rp149,000",1/2020,0,0,2,https://www.udemy.com/course/microsoft-aspnet-core-30/
Docker for beginners: From Zero to Hero,5314926,Bouali Ali,"Docker, Web Development, Development",Angular,All Levels,2 hours,4.5,1,10,"Rp149,000",5/2023,0,0,0,https://www.udemy.com/course/new-2023-docker-for-beginners-from-zero-to-hero/
Spring Boot Firebase CRUD Tutorial,4407188,Programming Knowledge,"Spring Boot, Firebase, Web Development, Development",Angular,Beginner,1 hour,4.4,22,2124,"Rp149,000",12/2021,0,0,0,https://www.udemy.com/course/spring-boot-firebase-crud-tutorial/
Learn Apache Cordova using Visual Studio 2015 & Command line,1039814,"Nilay Mehta, Tutorials Team","Apache Cordova, Microsoft Visual Studio, Mobile Development, Development",Angular,All Levels,1.5 hours,3.9,45,1259,"Rp149,000",10/2017,0,0,4,https://www.udemy.com/course/learn-how-to-create-hybrid-app-using-apache-cordova-using-visual-stud/
Learn SignalR: Make a Full Featured Chat App From Scratch,512146,D. Penev,"SignalR, Web Development, Development",Angular,All Levels,42 mins,3.7,97,407,"Rp149,000",6/2015,0,0,1,https://www.udemy.com/course/learn-signalr-make-a-full-featured-chat-app-from-scratch/
400 VMware Interview Questions with Answers 2026,7094321,Interview Questions Tests,"VMware Vsphere, Programming Languages, Development",Angular,All Levels,N/A,4.6,N/A,100,"Rp149,000",3/2026,0,0,0,https://www.udemy.com/course/vmware-interview-questions-with-answers/
Quick Mobile App Prototyping With Ionic Creator,1167946,Tinashe Munyaka,"Ionic, Prototyping, Mobile Development, Development",Angular,All Levels,2.5 hours,4.2,35,1814,"Rp149,000",4/2017,1,0,1,https://www.udemy.com/course/ionic-creator/
Learn ASP.Net Web API 2 for Absolute Beginner,1156648,"Nilay Mehta, Tutorials Team","ASP.NET, Web API, API, Web Development, Development",Angular,All Levels,3.5 hours,3.9,68,1629,"Rp149,000",4/2017,0,0,3,https://www.udemy.com/course/learn-aspnet-web-api-2-for-absolute-beginner/
React Native - First Steps,2119458,Mehul Mohan,"React Native, React JS, iOS Development, Android Development, Web Development",Angular,Beginner,3 hours,4.2,27,183,"Rp149,000",1/2019,0,0,0,https://www.udemy.com/course/react-native-first-steps/
C# for Beginners - Coding From Scratch,2045744,Pontus Wittenmark,"C# (programming language), .NET, Programming Languages, Development",Angular,Beginner,4.5 hours,4.4,870,6491,"Rp149,000",3/2025,0,0,10,https://www.udemy.com/course/c-and-net-core-for-beginners/
C# .NET For Beginners,2199240,Rick Phillips,"C# (programming language), Programming Languages, Development",Angular,Beginner,4 hours,4.4,1431,26758,"Rp149,000",3/2019,0,0,33,https://www.udemy.com/course/c-net-for-beginners/
Build Real World Teacher Finder App with Xamarin Forms,2326654,Asfend Yar Hamid,"Xamarin.Forms, Web API, App Development, Mobile Development, Development",Angular,All Levels,4.5 hours,4.3,192,940,"Rp149,000",11/2020,5,0,14,https://www.udemy.com/course/build-real-world-app-with-xamarin-forms-part-4/
Build real-time iOS apps with ASP .NET Core SignalR,5157126,Pawel Kadluczka,"SignalR, iOS Development, Swift, ASP.NET Core, Mobile Development",Angular,All Levels,1 hour,4.3,7,35,"Rp149,000",4/2024,0,0,0,https://www.udemy.com/course/build-real-time-ios-apps-with-asp-net-core-signalr/
Master ASP.NET MVC: A Complete Hands-On Project-Based Guide,5815416,Open Canopy Academy,"ASP.NET, ASP.NET MVC, Web Development, Development",Angular,All Levels,2.5 hours,4.0,1,11,"Rp149,000",2/2024,0,0,0,https://www.udemy.com/course/master-aspnet-mvc-a-complete-hands-on-project-based-guide/
ASPNET Web API,6599231,Arunprakash PV,"Other IT & Software, IT & Software",Angular,Expert,6 hours,N/A,N/A,N/A,"Rp549,000",7/2025,0,0,11,https://www.udemy.com/course/aspnet-web-api-d/
Spring and Spring Boot - Learn by building projects,2456554,Vojislav K.,"Spring Framework, Web Development, Development",Angular,All Levels,9.5 hours,4.2,211,1066,"Rp149,000",3/2020,0,0,1,https://www.udemy.com/course/spring-and-spring-boot-learn-by-bulding-projects/
React Essentials with Typescript: A Practical Guide,3469978,Antonio Papa,"React JS, Redux Framework, Typescript, Web Development, Development",Angular,Beginner,7.5 hours,3.9,37,247,"Rp169,000",2/2021,0,0,0,https://www.udemy.com/course/react-admin/
Learn D3.JS Hands-on And The Simple Way,837354,UI5 Community Network,"D3.js, JavaScript, Programming Languages, Development",Angular,All Levels,4 hours,4.3,96,429,"Rp149,000",11/2016,1,0,0,https://www.udemy.com/course/learn-d3js/
Ionic 2 Tutorial with Two Complete Apps,815344,Brent Daugherty,"Ionic, Mobile Development, Development",Angular,Intermediate,2.5 hours,3.2,136,961,"Rp149,000",8/2016,1,0,0,https://www.udemy.com/course/ionic-2-tutorial-course-learning-by-example-with-complete-apps/
400+ JavaScript Interview Questions Practice Test [2026],5690886,Interview Questions Tests,"JavaScript, Web Development, Development",Angular,All Levels,N/A,4.7,N/A,2537,"Rp149,000",1/2026,0,0,0,https://www.udemy.com/course/400-javascript-interview-questions-practice-test/
Basic C# Clearly Explained,758908,T O,"C# (programming language), C (programming language), Programming Languages, Development",Angular,Beginner,2.5 hours,4.5,827,3282,"Rp149,000",9/2020,0,0,0,https://www.udemy.com/course/friendlyinvitationtocsharp/
C# HashTable Challenge: Solve These Problems,5264426,Nikhil -,"Data Structures, C# (programming language), Coding Interview, Software Engineering, Development",Angular,All Levels,N/A,4.7,N/A,N/A,"Rp149,000",4/2023,0,0,0,https://www.udemy.com/course/c-hashtable-challenge-solve-these-problems/
ASP.NET MVC Crash Course - Hands-on ASP.NET MVC,3207193,Apex Education,"ASP.NET, Web Development, Development",Angular,All Levels,2 hours,3.4,29,3179,"Rp149,000",2/2025,0,0,0,https://www.udemy.com/course/aspnet-mvc-crash-course/
Progressive Web Apps (PWA) Practice Tests,6146909,Practice Exams Analyst,"IT Certifications, IT & Software",Angular,All Levels,N/A,1.0,N/A,N/A,N/A,8/2024,0,0,0,https://www.udemy.com/course/progressive-web-apps-pwa-practice-tests/
".NET Framework Practice Tests – Core, OOP, C#, and Advanced",6167697,Interview Preaparation,".NET, Web Development, Development",Angular,Intermediate,N/A,4.3,5,373,"Rp149,000",11/2024,0,0,0,https://www.udemy.com/course/net-framework-practice-tests-core-oop-c-and-advanced/
JEST Framework Full Crash Course | Java Script Unit Testing,5242760,Neelam Jain Tueseon Technologies,"Unit Testing, Software Testing, Development",Angular,All Levels,3 hours,3.7,10,52,"Rp149,000",9/2023,0,0,0,https://www.udemy.com/course/jest-framework-complete-course-all-matchers-with-examples/
