course_title,course_id,lecturer_name,related_topics,subject,level,durations,ratings,num_ratings,student,price,last_update,articles,exercise,downloadable_resources,url
CompTIA Security+ (SY0-701) Complete Course & Practice Exam,2015076,"Jason Dion • 3 Million+ Enrollments Worldwide, Dion Training Solutions • ATO for ITIL & PRINCE2, Dion Training Solutions • ATO for ITIL & PRINCE2, Dion Training Solutions, Jason Dion • 2.8 Million+ Enrollments Worldwide","CompTIA Security+, Cybersecurity, Information Security, IT Certifications, IT & Software",CompTIA Security+,All Levels,31 hours,4.7,116623,481947,"Rp169,000",4/2026,1,0,0,https://www.udemy.com/course/securityplus/
CompTIA Security+ (SY0-701) Practice Exams Set 1,5652528,"Jason Dion • 3 Million+ Enrollments Worldwide, Dion Training Solutions • ATO for ITIL & PRINCE2, Dion Training Solutions • ATO for ITIL & PRINCE2, Jamario Kelly, Dion Training Solutions, Jason Dion • 2.8 Million+ Enrollments Worldwide","CompTIA Security+, IT Certifications, IT & Software",CompTIA Security+,All Levels,N/A,4.5,4593,58631,"Rp169,000",4/2026,0,0,0,https://www.udemy.com/course/comptia-security-sy0-701-practice-exams/
"CompTIA Security+ SY0-701 Full Course, Labs, and Study Plan",5668016,"TIA Training, Andrew Ramdayal","CompTIA Security+, IT Certifications, IT & Software",CompTIA Security+,All Levels,26 hours,4.7,11128,41737,"Rp149,000",8/2025,1,0,4,https://www.udemy.com/course/comptia_security_plus/
CompTIA Security+ (SY0-701) Practice Exams Set 2,5652536,"Jason Dion • 3 Million+ Enrollments Worldwide, Dion Training Solutions • ATO for ITIL & PRINCE2, Dion Training Solutions • ATO for ITIL & PRINCE2, Jamario Kelly, Dion Training Solutions, Jason Dion • 2.8 Million+ Enrollments Worldwide","CompTIA Security+, IT Certifications, IT & Software",CompTIA Security+,All Levels,N/A,4.4,935,16096,"Rp159,000",4/2026,0,0,0,https://www.udemy.com/course/comptia-security-sy0-701-practice-exams-2nd-edition/
TOTAL: CompTIA Security+ Course + Practice Exam SY0-701,1596138,"Total Seminars Over 1 Million Enrollments, Mike Meyers, Lyndon WIlliams, Dan Lachance","CompTIA Security+, Network & Security, IT Certifications, IT & Software",CompTIA Security+,All Levels,20.5 hours,4.6,37776,145395,"Rp159,000",3/2026,0,0,30,https://www.udemy.com/course/total-comptia-security-plus/
CompTIA Security Plus Course SY0-701 and Hands on Labs,6657115,Vision Training Systems : IT Training,"CompTIA Security+, IT Certifications, IT & Software",CompTIA Security+,All Levels,30.5 hours,4.7,121,991,"Rp149,000",1/2026,0,0,7,https://www.udemy.com/course/comptia-security-sy0-701-vision/
CompTIA Security+ (SY0-701) Practice Exams,5754880,"TIA Training, Andrew Ramdayal","CompTIA Security+, IT Certifications, IT & Software",CompTIA Security+,All Levels,N/A,4.4,869,11065,"Rp149,000",1/2026,0,0,0,https://www.udemy.com/course/securitypluspracticeexams/
SY0-701 CompTIA Security+ Practice Exams [2026],7068819,Nex Arc,"CompTIA Security+, Information Security, IT Certifications, IT & Software",CompTIA Security+,All Levels,N/A,5.0,36,334,"Rp149,000",3/2026,0,0,0,https://www.udemy.com/course/comptia-security-plus-practice-exams-sy0/
CompTIA Security+ 701 - REALISTIC Practice Exam!,6074185,Cyber James,"CompTIA Security+, Network & Security, IT & Software",CompTIA Security+,Beginner,N/A,4.5,353,2262,"Rp149,000",3/2026,0,0,0,https://www.udemy.com/course/passsecurityplus/
CompTIA CySA+ (CS0-003) Complete Course & Practice Exam,5017474,"Jason Dion • 3 Million+ Enrollments Worldwide, Dion Training Solutions • ATO for ITIL & PRINCE2, Dion Training Solutions • ATO for ITIL & PRINCE2, Dion Training Solutions, Jason Dion • 2.8 Million+ Enrollments Worldwide","CompTIA Cybersecurity Analyst (CySA+), IT Certifications, IT & Software",CompTIA Security+,Intermediate,36 hours,4.6,11470,68158,"Rp169,000",4/2026,1,0,3,https://www.udemy.com/course/comptia-cysa-003/
CompTIA Security+ (Sec+) SY0-701 Each Option Explained 2026,6488601,Yusuf Marks,"CompTIA Security+, IT Certifications, IT & Software",CompTIA Security+,All Levels,N/A,4.8,10,109,"Rp149,000",4/2026,0,0,0,https://www.udemy.com/course/comptia-security-sec-sy0-701-exam-questions-2025/
The Complete Hands-On Cybersecurity Analyst Course,6176211,"Mike S, Josh G","Cybersecurity, Network & Security, IT & Software",CompTIA Security+,All Levels,91.5 hours,4.7,1374,12510,"Rp169,000",3/2026,0,0,2,https://www.udemy.com/course/the-complete-hands-on-cybersecurity-analyst-course/
Security+ Certification: 600 Practice EXAM STYLE Qs,6887245,CyberCert Education Institute,"CompTIA Security+, Cybersecurity, IT Certifications, IT & Software",CompTIA Security+,All Levels,N/A,4.9,63,577,"Rp149,000",3/2026,0,0,0,https://www.udemy.com/course/security-certification-600-practice-exam-style-qs-r/
CompTIA Security+ SY0-701 Full Training Guide,4929520,Alexander Oni,"CompTIA Security+, IT Certifications, IT & Software",CompTIA Security+,All Levels,15 hours,4.8,392,2362,"Rp149,000",9/2024,7,0,3,https://www.udemy.com/course/comptia-security-sy0-601-complete-training-guide/
CompTIA Security+ (SY0-701): Comprehensive Practice Exams,5712844,"Nasser Alaeddine | Ph.D., CISSP, CISM, PMP","CompTIA Security+, IT Certifications, IT & Software",CompTIA Security+,All Levels,N/A,4.4,579,8665,"Rp149,000",3/2026,0,0,0,https://www.udemy.com/course/comptia-security-plus-sy0-701-practice-exams/
Security+ 701 Just Labs: The Ultimate Hands-On Bootcamp,6853389,Anand Rao Nednur,"CompTIA Security+, Network & Security, IT & Software",CompTIA Security+,Intermediate,35 hours,4.7,87,431,"Rp149,000",1/2026,0,0,0,https://www.udemy.com/course/security-701-just-labs-the-ultimate-hands-on-bootcamp/
CompTIA Network+ (N10-009) Full Course & Practice Exam,4223486,"Jason Dion • 3 Million+ Enrollments Worldwide, Dion Training Solutions • ATO for ITIL & PRINCE2, Dion Training Solutions • ATO for ITIL & PRINCE2, Dion Training Solutions, Jason Dion • 2.8 Million+ Enrollments Worldwide","CompTIA Network+, IT Certifications, IT & Software",CompTIA Security+,Beginner,33 hours,4.7,39140,199790,"Rp169,000",4/2026,1,0,0,https://www.udemy.com/course/comptia-network-009/
Six 2024 CompTIA Security+ (SY0-701) Practice Tests w/PBQs,6102065,"Mike Chapple, Ph.D.","CompTIA Security+, IT Certifications, IT & Software",CompTIA Security+,Beginner,N/A,4.0,174,2184,"Rp149,000",8/2025,0,0,0,https://www.udemy.com/course/comptia-security-sy0-701-practice-tests-pbqs-certmike/
CompTIA Security Plus (SY0-701) Course | Comptia Security+,3953896,"Oak Academy, OAK Academy Team","CompTIA Security+, CompTIA Network+, Information Security, IT Certifications, IT & Software",CompTIA Security+,All Levels,24.5 hours,4.4,2108,13592,"Rp149,000",4/2026,2,0,0,https://www.udemy.com/course/comptia-securitysy0-601-complete-course-comptia-2021/
CompTIA PenTest+ (PT0-003) Full Course & Practice Exam,1755264,"Jason Dion • 3 Million+ Enrollments Worldwide, Dion Training Solutions • ATO for ITIL & PRINCE2, Dion Training Solutions • ATO for ITIL & PRINCE2, Jason Dion • 2.8 Million+ Enrollments Worldwide","CompTIA PenTest+, IT Certifications, IT & Software",CompTIA Security+,All Levels,36.5 hours,4.6,11832,85191,"Rp169,000",4/2026,1,0,3,https://www.udemy.com/course/pentestplus/
CompTIA Security+ Plus Certification Training Course 2026,6098821,"Cyvitrix Learning | CISSP, CISM, CISA, GRC, Security+, SecAI+, Security+ Courses","CompTIA Security+, Network Security, Cybersecurity, Information Security, IT Certifications",CompTIA Security+,Beginner,43 hours,4.5,108,4619,"Rp149,000",4/2026,5,0,156,https://www.udemy.com/course/the-ultimate-guide-for-comptia-security-plus-exam/
CompTIA SecurityX (CAS-005) Complete Course & Practice Exam,4419806,"Jason Dion • 3 Million+ Enrollments Worldwide, Dion Training Solutions • ATO for ITIL & PRINCE2, Dion Training Solutions • ATO for ITIL & PRINCE2, Jeremiah Minner, Dion Training Solutions, Jason Dion • 2.8 Million+ Enrollments Worldwide","CompTIA SecurityX, IT Certifications, IT & Software",CompTIA Security+,All Levels,43.5 hours,4.6,5400,33470,"Rp159,000",4/2026,1,0,3,https://www.udemy.com/course/casp-plus/
CompTIA Security+ (SY0-701) Complete Course & Comptia Lab,4462748,"Oak Academy, OAK Academy Team","CompTIA Security+, CompTIA Network+, Cybersecurity, Information Security, IT Certifications",CompTIA Security+,All Levels,24.5 hours,4.5,441,2260,"Rp149,000",4/2026,2,0,0,https://www.udemy.com/course/comptia-security-sy0-601-complete-course-comptia-lab/
CompTIA A+ Core 1 (220-1201) Full Course & Practice Exam,4802926,"Jason Dion • 3 Million+ Enrollments Worldwide, Dion Training Solutions • ATO for ITIL & PRINCE2, Dion Training Solutions • ATO for ITIL & PRINCE2, Dion Training Solutions, Jason Dion • 2.8 Million+ Enrollments Worldwide","CompTIA A+, IT Certifications, IT & Software",CompTIA Security+,All Levels,26 hours,4.7,43328,169792,"Rp169,000",3/2026,1,0,0,https://www.udemy.com/course/comptia-a-core-1/
CompTIA Security Plus (SY0-701) Mastery,6414289,"Learnsector LLP, Ajit Pal Singh Wadhawan","CompTIA Security+, Information Security, IT Certifications, IT & Software",CompTIA Security+,All Levels,18.5 hours,4.8,47,194,"Rp149,000",10/2025,0,0,0,https://www.udemy.com/course/comptia-security-sy0-701-exam-domain-1-complete-mastery/
CompTIA Security+ (SY0-701) Mastery Course w/ Labs & Exams,6317149,François B. Arthanas,"CompTIA Security+, Cybersecurity Awareness, Cybersecurity, Network & Security, IT & Software",CompTIA Security+,All Levels,32 hours,5.0,10,42,"Rp149,000",2/2026,0,0,8,https://www.udemy.com/course/comptia-security-sy0-701-mastery-course-w-labs-exams/
CompTIA Security+ V7 (SY0-701) 7 SIMULATIONS,6692469,Dean Cyber,"CompTIA Security+, IT Certifications, IT & Software",CompTIA Security+,Beginner,1.5 hours,4.3,42,252,"Rp149,000",6/2025,0,0,0,https://www.udemy.com/course/comptia-security-plus-simulations/
CompTIA Security+ (SY0‑701) Complete Certification Training,6808401,Aashir Masood,"CompTIA Security+, Network Security, Cybersecurity, Information Security, Network & Security",CompTIA Security+,Beginner,2 hours,4.6,32,610,"Rp149,000",9/2025,0,0,0,https://www.udemy.com/course/comptia-security-plus-sy0-701-cybersecurity-certification-course/
"CompTIA Network+ N10-009 Full Course, Labs, Course Notes",6020890,"TIA Training, Andrew Ramdayal","CompTIA Network+, IT Certifications, IT & Software",CompTIA Security+,All Levels,30 hours,4.8,8461,31883,"Rp159,000",9/2025,3,0,9,https://www.udemy.com/course/comptia_network_plus/
CompTIA CySA+ (CS0-003) Practice Exams,5364532,"Jason Dion • 3 Million+ Enrollments Worldwide, Dion Training Solutions • ATO for ITIL & PRINCE2, Dion Training Solutions • ATO for ITIL & PRINCE2, Jamario Kelly, Dion Training Solutions, Jason Dion • 2.8 Million+ Enrollments Worldwide","CompTIA Cybersecurity Analyst (CySA+), IT Certifications, IT & Software",CompTIA Security+,Intermediate,N/A,4.6,1398,23046,"Rp159,000",4/2026,0,0,0,https://www.udemy.com/course/comptia-cysa-cs0-003-practice-exams/
CompTIA A+ Core 2 (220-1202) Full Course & Practice Exam,4802826,"Jason Dion • 3 Million+ Enrollments Worldwide, Dion Training Solutions • ATO for ITIL & PRINCE2, Dion Training Solutions • ATO for ITIL & PRINCE2, Dion Training Solutions, Jason Dion • 2.8 Million+ Enrollments Worldwide","CompTIA A+, IT Certifications, IT & Software",CompTIA Security+,Beginner,37.5 hours,4.7,12391,98839,"Rp3,759,000",4/2026,1,0,0,https://www.udemy.com/course/comptia-a-core-2/
CompTIA Security+ (SY0-701) Practice Exams & PBQs '26,5404840,"Paulo Carreira • PhD, CISSP, CDPO, Andree Miranda • CISSP, Vasco Lucas","CompTIA Security+, IT Certifications, IT & Software",CompTIA Security+,Beginner,N/A,4.3,66,770,"Rp149,000",1/2026,0,0,0,https://www.udemy.com/course/comptia-security-sy0-701-practice-exams-simulated-pbqs/
CompTIA Security+ (SY0-701),5640628,Stone River eLearning,"CompTIA Security+, IT Certifications, IT & Software",CompTIA Security+,All Levels,30.5 hours,4.5,36,218,"Rp149,000",11/2023,0,0,0,https://www.udemy.com/course/comptia-security-sy0-701/
CompTIA Security+ SY0-701: Acronym Flash Test & Explanations,6737545,Ahmed Kerkeni,"CompTIA Security+, IT Certifications, IT & Software",CompTIA Security+,Beginner,N/A,5.0,6,1133,"Rp149,000",7/2025,0,0,0,https://www.udemy.com/course/comptia-security-sy0-701-acronym-flash-test-explanations/
Cyber Security: From Beginner to Expert,3654420,"Logix Academy | 150,000+ Enrollments Worldwide","Cybersecurity, Network & Security, IT & Software",CompTIA Security+,Beginner,15.5 hours,4.6,14968,88379,"Rp169,000",3/2026,4,0,20,https://www.udemy.com/course/cybersecurity-from-beginner-to-expert/
CompTIA SecAI+ Fundamentals: AI Cybersecurity Basics CY0-001,6976945,Mana Dowlatshahi Yeganeh,"CompTIA SecAI+, CompTIA Security+, Artificial Intelligence (AI), Cybersecurity, IT Certifications",CompTIA Security+,All Levels,45 hours,4.8,42,808,"Rp149,000",4/2026,19,0,19,https://www.udemy.com/course/comptia-secai-fundamentals-ai-cybersecurity-basics-cy0-001/
CompTIA Security+ (SY0-501) Certification Bootcamp,2616890,Jon Good,"CompTIA Security+, Cybersecurity, Network Security, IT Certifications, IT & Software",CompTIA Security+,All Levels,3.5 hours,4.4,207,807,"Rp149,000",4/2020,0,0,0,https://www.udemy.com/course/comptia-security-sy0-501-certification-bootcamp/
CompTIA Security+ Practice Exams (+ Detailed Explanations),6966503,"Nandy Bo | InfoSec & Azure Expert | $2,000,000+ Earned On Upwork & Fiverr Pro | 1,000+ Students","CompTIA Security+, IT Certifications, IT & Software",CompTIA Security+,All Levels,N/A,4.7,93,111,"Rp149,000",12/2025,0,0,0,https://www.udemy.com/course/comptia-security-sy0-701-practice-exams-detailed-explanations/
TOTAL: CompTIA A+ Core 1 (220-1201) Course + Practice Exam,2359992,"Total Seminars Over 1 Million Enrollments, Mike Meyers, Dakota Snow","CompTIA A+, IT Certifications, IT & Software",CompTIA Security+,All Levels,20.5 hours,4.6,88154,231241,"Rp159,000",3/2026,0,0,26,https://www.udemy.com/course/comptia-aplus-core-1/
CompTIA Security+ SY0-701 Video Bootcamp,6002244,Networkel Inc.,"CompTIA Security+, IT Certifications, IT & Software",CompTIA Security+,Intermediate,17.5 hours,4.6,94,540,"Rp149,000",3/2026,0,0,0,https://www.udemy.com/course/comptia-security-sy0-701-video-bootcamp/
CompTIA Tech+ (FC0-U71) Complete Course & Practice Exam,5916486,"Jason Dion • 3 Million+ Enrollments Worldwide, Dion Training Solutions • ATO for ITIL & PRINCE2, Dion Training Solutions • ATO for ITIL & PRINCE2, Dion Training Solutions, Jason Dion • 2.8 Million+ Enrollments Worldwide","CompTIA Tech+, IT Certifications, IT & Software",CompTIA Security+,All Levels,17 hours,4.7,813,3652,"Rp149,000",4/2026,1,0,3,https://www.udemy.com/course/comptia-tech-fc0-u71-complete-course-exam/
CompTIA Security+ (SY0-601),5260278,Stone River eLearning,"CompTIA Security+, IT Certifications, IT & Software",CompTIA Security+,All Levels,29 hours,4.6,18,138,"Rp149,000",6/2023,0,0,1,https://www.udemy.com/course/comptia-security-sy0-601-c/
CompTIA Security+ SY0-701: Security Architecture-Vol 3,5777872,Anand Rao Nednur,"CompTIA Security+, Network & Security, IT & Software",CompTIA Security+,All Levels,20 hours,5.0,3,18,"Rp149,000",1/2026,0,0,0,https://www.udemy.com/course/comptia-security-sy0-701-security-architecture-vol-3/
CompTIA SECURITY+ SIMULATIONS or PBQ,6902313,Pramod Thorat,"CompTIA Security+, IT Certifications, IT & Software",CompTIA Security+,Intermediate,3.5 hours,5.0,2,12,"Rp149,000",3/2026,0,0,0,https://www.udemy.com/course/comptia-security-simulations/
CompTIA Security+ Crash Course,6411223,Ammad Ud Din,"CompTIA Security+, Network Security, Cybersecurity, Information Security, IT Certifications",CompTIA Security+,Beginner,17 hours,4.3,7,51,"Rp149,000",1/2025,0,0,30,https://www.udemy.com/course/comptia-security-crash-course/
CompTIA SecurityX (CAS-005) 6 Practice Exams,6141725,"Jason Dion • 3 Million+ Enrollments Worldwide, Dion Training Solutions • ATO for ITIL & PRINCE2, Dion Training Solutions • ATO for ITIL & PRINCE2, Dion Training Solutions, Jeremiah Minner, Jason Dion • 2.8 Million+ Enrollments Worldwide","CompTIA SecurityX, IT Certifications, IT & Software",CompTIA Security+,All Levels,N/A,4.6,114,3185,"Rp149,000",4/2026,0,0,0,https://www.udemy.com/course/comptia-securityx-cas-005-6-practice-exams/
TOTAL: CompTIA Security+ Cert. (SY0-701) Practice Tests,1567458,"Total Seminars Over 1 Million Enrollments, Mike Meyers","CompTIA Security+, Network & Security, IT Certifications, IT & Software",CompTIA Security+,All Levels,N/A,4.3,5209,44619,"Rp149,000",2/2024,0,0,0,https://www.udemy.com/course/total-comptia-security-cert-sy0-701-practice-tests/
SY0-701 CompTIA Security+ Practice Tests April 2026,7076489,Joel Palmer - Microsoft Solution Architect - Technical Expert - PMP,"CompTIA Security+, Artificial Intelligence (AI), IT Networking Fundamentals, Cybersecurity, IT Certifications",CompTIA Security+,All Levels,N/A,5.0,48,105,"Rp149,000",4/2026,0,0,0,https://www.udemy.com/course/comptia-security-sy0-701-practice-tests-march-2026/
ISC2 CC - Certified in Cybersecurity Exam Prep Course 2026,5491586,"Cyvitrix Learning | CISSP, CISM, CISA, GRC, Security+, SecAI+, Security+ Courses","Certified in Cybersecurity (CC), Network & Security, IT & Software",CompTIA Security+,All Levels,28.5 hours,4.8,469,4684,"Rp149,000",2/2026,14,0,129,https://www.udemy.com/course/isc2-cc-complete-training/
CompTIA Data+ (DA0-001) Complete Course & Practice Exam,4635580,"Jason Dion • 3 Million+ Enrollments Worldwide, Sundog Education by Frank Kane, Dion Training Solutions • ATO for ITIL & PRINCE2, Dion Training Solutions • ATO for ITIL & PRINCE2, Sundog Education Team, Frank Kane, Dion Training Solutions, Jason Dion • 2.8 Million+ Enrollments Worldwide","CompTIA Data+, IT Certifications, IT & Software",CompTIA Security+,All Levels,14 hours,4.6,1927,11092,"Rp149,000",3/2026,1,0,3,https://www.udemy.com/course/comptia-data/
CompTIA Security+ (SY0-601),4620052,Vision Training Systems : IT Training,"CompTIA Security+, IT Certifications, IT & Software",CompTIA Security+,Intermediate,16 hours,4.8,7,43,"Rp149,000",3/2022,0,0,22,https://www.udemy.com/course/comptia-security-sy0-601-k/
CompTIA Security Plus SY0-701 Master Course & Practice Exam,4366058,"Oak Academy, OAK Academy Team","CompTIA Security+, Cybersecurity, Information Security, CompTIA Network+, IT Certifications",CompTIA Security+,All Levels,22 hours,4.4,378,1744,"Rp149,000",4/2026,2,0,0,https://www.udemy.com/course/comptia-security-plus-sy0-601-master-course-practice-exam/
CompTIA PenTest+ (PT0-003) 6 Practice Exams,5928312,"Jason Dion • 3 Million+ Enrollments Worldwide, Dion Training Solutions • ATO for ITIL & PRINCE2, Dion Training Solutions • ATO for ITIL & PRINCE2, Dion Training Solutions, Jamario Kelly, Jason Dion • 2.8 Million+ Enrollments Worldwide","CompTIA PenTest+, IT Certifications, IT & Software",CompTIA Security+,All Levels,N/A,4.5,214,4738,"Rp149,000",4/2026,0,0,0,https://www.udemy.com/course/comptia-pentest-pt0-003-6-practice-exams/
Mastering CompTIA Security+ Certification,6905497,Scott Jernigan,"CompTIA Security+, Network & Security, IT & Software",CompTIA Security+,Intermediate,12 hours,5.0,1,2,"Rp149,000",2/2026,0,0,0,https://www.udemy.com/course/mastering-comptia-security-certification/
The Absolute Beginners Guide to Cyber Security 2026 - Part 1,1236568,Alexander Oni,"Cybersecurity, Information Security, Network & Security, IT & Software",CompTIA Security+,Beginner,5 hours,4.6,56899,144113,"Rp159,000",1/2026,2,0,3,https://www.udemy.com/course/the-absolute-beginners-guide-to-information-cyber-security/
Security+ (SY0-701) - 1900+ Questions & Real-World Scenarios,6378165,Cyber Pulse Academy,"CompTIA Security+, Network & Security, IT & Software",CompTIA Security+,All Levels,3.5 hours,4.5,76,306,"Rp149,000",2/2026,29,0,29,https://www.udemy.com/course/security-plus-best-quizzes-for-exam-preparation/
Information Security Training for Corporate Professionals,6514293,"RPATech - Automating Intelligence, Aahana Singh","Information Security, Cybersecurity, Network & Security, IT & Software",CompTIA Security+,Beginner,1.5 hours,4.3,2591,7458,"Rp149,000",3/2026,0,0,0,https://www.udemy.com/course/information-security-training/
CompTIA Security Plus SY0-701 Cybersecurity Course,6263435,Jay Cotrone,"Cybersecurity, IT Certifications, IT & Software",CompTIA Security+,Beginner,18.5 hours,4.7,19,474,"Rp149,000",2/2026,0,0,23,https://www.udemy.com/course/comptia-security-sy0-701-s/
CompTIA A+ Core 2 (220-1202) 6 Practice Exams,6502301,"Jason Dion • 3 Million+ Enrollments Worldwide, Dion Training Solutions • ATO for ITIL & PRINCE2, Dion Training Solutions • ATO for ITIL & PRINCE2, Dion Training Solutions, Jason Dion • 2.8 Million+ Enrollments Worldwide","CompTIA A+, IT Certifications, IT & Software",CompTIA Security+,All Levels,N/A,4.5,451,8630,"Rp149,000",4/2026,0,0,0,https://www.udemy.com/course/comptia-a-core-2-220-1202-6-practice-exams/
BEST 2025: CompTIA Security+ (SY0-701) Cert. Practice Tests,6265673,CertifyEdge ™,"CompTIA Security+, Cybersecurity, IT Certifications, IT & Software",CompTIA Security+,All Levels,N/A,5.0,1,26,"Rp149,000",10/2025,0,0,0,https://www.udemy.com/course/new-2024-comptia-security-sy0-701-cert-practice-tests/
CompTIA Security+ SY0-701 Practice Exams (2026),7020833,support prepdude,"CompTIA Security+, IT Certifications, IT & Software",CompTIA Security+,All Levels,N/A,5.0,4,10,"Rp149,000",3/2026,0,0,0,https://www.udemy.com/course/practice-exams-security-plus/
CompTIA Security+ Certification Exam Prep: Complete Guide,6176353,Salman Khan,"Confidence, Time Management, IT Certifications, IT & Software",CompTIA Security+,Beginner,N/A,5.0,2,6,"Rp149,000",9/2024,0,0,0,https://www.udemy.com/course/comptia-security-certification-exam-prep-complete-guide/
CompTIA A+ Core 1 (220-1201) 6 Practice Exams,6141679,"Jason Dion • 3 Million+ Enrollments Worldwide, Dion Training Solutions • ATO for ITIL & PRINCE2, Dion Training Solutions • ATO for ITIL & PRINCE2, Dion Training Solutions, Jason Dion • 2.8 Million+ Enrollments Worldwide","CompTIA A+, IT Certifications, IT & Software",CompTIA Security+,All Levels,N/A,4.5,1104,14270,"Rp149,000",4/2026,0,0,0,https://www.udemy.com/course/comptia-a-core-1-220-1201-6-practice-exams/
CompTIA Network+ (N10-009) 6 Practice Exams Set 1,5787684,"Jason Dion • 3 Million+ Enrollments Worldwide, Dion Training Solutions • ATO for ITIL & PRINCE2, Dion Training Solutions • ATO for ITIL & PRINCE2, Dion Training Solutions, Jason Dion • 2.8 Million+ Enrollments Worldwide","CompTIA Network+, IT Certifications, IT & Software",CompTIA Security+,All Levels,N/A,4.5,1945,29797,"Rp159,000",4/2026,0,0,0,https://www.udemy.com/course/comptia-network-n10-009-6-practice-exams-and-pbqs-set-1/
CompTIA Security+ Practice Exams,6575499,Kodi Cochran,"CompTIA Security+, IT Certifications, IT & Software",CompTIA Security+,Beginner,N/A,5.0,1,20,"Rp149,000",4/2025,0,0,0,https://www.udemy.com/course/comptia-security-practice-tests/
*NEW* CompTIA Security+ V7 (SY0-701) 6 Practice Exam Tests,5563484,Dean Cyber,"CompTIA Security+, IT Certifications, IT & Software",CompTIA Security+,Intermediate,N/A,4.3,66,493,"Rp149,000",4/2026,0,0,0,https://www.udemy.com/course/new-comptia-security-plus-practice-exam-tests/
The Complete Certified in Cybersecurity CC course ISC2 2026,4672448,"Thor Pedersen | 670,000+ Enrollments Worldwide, ThorTeaches Support","Cybersecurity, Cybersecurity Awareness, Certified in Cybersecurity (CC), Network & Security, IT & Software",CompTIA Security+,All Levels,17.5 hours,4.7,14779,71917,"Rp169,000",3/2026,6,0,15,https://www.udemy.com/course/certifiedincybersecurity/
Comptia Security Plus | Comptia Security+ (SY0-701) Prep Lab,4912768,"Muharrem AYDIN, OAK Academy Team","CompTIA Security+, CompTIA Network+, Cybersecurity, Information Security, IT Certifications",CompTIA Security+,All Levels,27 hours,4.4,50,317,"Rp149,000",4/2026,2,0,0,https://www.udemy.com/course/comptia-security-plus-comptia-security-sy0-601-prep-lab/
CompTIA A+ 220-1201 Core 1 Hands-On Course Full Training,4914508,"TIA Training, Andrew Ramdayal","CompTIA A+, IT Certifications, IT & Software",CompTIA Security+,All Levels,15 hours,4.8,6914,21115,"Rp149,000",2/2026,2,0,2,https://www.udemy.com/course/comptia-a-plus-core-1-course-hands-on-training/
Master CompTIA Security+ & CompTIA Pentest + Certification,2289509,Packt Publishing,"CompTIA PenTest+, Network & Security, IT Certifications, IT & Software",CompTIA Security+,Beginner,14 hours,4.5,56,414,"Rp149,000",3/2019,0,0,0,https://www.udemy.com/course/master-comptia-security-comptia-pentest-certification/
CompTIA Network+ (N10-009) 6 Practice Exams Set 2,5787688,"Jason Dion • 3 Million+ Enrollments Worldwide, Dion Training Solutions • ATO for ITIL & PRINCE2, Dion Training Solutions • ATO for ITIL & PRINCE2, Dion Training Solutions, Jason Dion • 2.8 Million+ Enrollments Worldwide","CompTIA Network+, IT Certifications, IT & Software",CompTIA Security+,All Levels,N/A,4.2,375,7345,"Rp149,000",4/2026,0,0,0,https://www.udemy.com/course/comptia-network-n10-009-6-practice-exams-and-pbqs-set-2/
CompTIA Security+ Certification - Complete Exam Preparation,6171183,Hamza Oussakry,"CompTIA Security+, IT Certifications, IT & Software",CompTIA Security+,All Levels,N/A,5.0,1,9,"Rp149,000",9/2024,0,0,0,https://www.udemy.com/course/comptia-security-certification-complete-exam-preparation-c/
CompTIA Security+ (SY0-701) Complete Course & Practice Exam,6593421,Selfcode Academy,"CompTIA Security+, Network & Security, IT & Software",CompTIA Security+,All Levels,20 hours,5.0,1,8,"Rp149,000",11/2025,0,0,1,https://www.udemy.com/course/comptia-security-sy0-701-certification-preparation/
Security Awareness Training,536482,Michael Biocchi,"Cybersecurity Awareness, Human Resources, Business",CompTIA Security+,Beginner,2.5 hours,4.7,45793,82003,"Rp149,000",1/2026,3,0,0,https://www.udemy.com/course/security-awareness-training/
CompTIA Security+ (SY0-701) Practice Tests – 5 Full Exams,6815155,Ankur Marwaha,"CompTIA Security+, IT Certifications, IT & Software",CompTIA Security+,Intermediate,N/A,4.4,50,3401,"Rp149,000",9/2025,0,0,0,https://www.udemy.com/course/comptia-security-sy0-701-practice-tests-5-full-exams/
CompTIA Security+ (SYO-701) Mock Exams : PBQs included,6807423,Cyber Cert,"CompTIA Security+, IT Certifications, IT & Software",CompTIA Security+,All Levels,N/A,4.5,15,771,"Rp149,000",10/2025,0,0,0,https://www.udemy.com/course/comptia-security-syo-701-mock-exams/
CompTIA Security+ SY0-701 Practice Tests — 6 Full Exams,6993309,Helix Cyber Systems,"CompTIA Security+, Network Security, Network & Security, IT & Software",CompTIA Security+,All Levels,N/A,5.0,3,13,"Rp149,000",1/2026,0,0,0,https://www.udemy.com/course/comptia-security-plus-sy0-701-practice-tests-6-full-exams/
Full CompTIA Security+ Practice Exam Questions (V7) 2026,5478122,Anthony Today | Certified CISSP • CISM • CISA,"CompTIA Security+, Cybersecurity, IT Fundamentals, Information Security, IT Certifications",CompTIA Security+,All Levels,N/A,4.4,35,411,"Rp149,000",12/2025,0,0,0,https://www.udemy.com/course/comptia-security-plus-certification-practice-questions/
The Complete Cyber Security Awareness Training for Employees,3723132,SIA Global Security,"Cybersecurity Awareness, Information Security, Cybersecurity, Cybersecurity Social Engineering, Network & Security",CompTIA Security+,Beginner,2.5 hours,4.5,1182,2785,"Rp149,000",8/2021,0,0,0,https://www.udemy.com/course/cybersecurity-for-corporate-employees/
CompTIA Security+ 701 Practice Exam (2026),5684810,Cyber Learning,"CompTIA Security+, Information Security, IT Certifications, IT & Software",CompTIA Security+,All Levels,N/A,4.2,189,6589,"Rp149,000",3/2026,0,0,0,https://www.udemy.com/course/comptia-security-701-practice-exam-2024/
CompTIA Security+ (Exam SY0-601),1607282,Stone River eLearning,"CompTIA Security+, Agile, IT Certifications, IT & Software",CompTIA Security+,All Levels,11 hours,4.3,50,220,"Rp5,669,000",4/2022,0,0,0,https://www.udemy.com/course/comptia-security-exam-sy0-501-part-1-of-part-2/
CompTIA Security+ Practice Tests (Exam SY0-701) *New*,6040368,On Top eLearning,"CompTIA Security+, Cybersecurity, IT Certifications, IT & Software",CompTIA Security+,All Levels,N/A,5.0,1,24,"Rp5,669,000",1/2026,0,0,0,https://www.udemy.com/course/comptia-security-practice-exam-sy0-701/
CompTIA A+ 220-1202 Core 2 Hands-On Course - Full Training,4934960,"TIA Training, Andrew Ramdayal","CompTIA A+, IT Certifications, IT & Software",CompTIA Security+,Beginner,14 hours,4.8,4797,17593,"Rp149,000",2/2026,2,0,2,https://www.udemy.com/course/comptia-a-plus-core-2-exam-prep/
CompTIA Security+ | Security Plus | (SY0-601) Certification,4385598,"Luxa Skill, Fahmid Chowdhury","CompTIA Security+, Cybersecurity, Ethical Hacking, Network & Security, IT & Software",CompTIA Security+,All Levels,11.5 hours,4.3,247,8923,"Rp149,000",4/2022,1,0,1,https://www.udemy.com/course/comptia-security-bootcamp-exam/
CompTIA Security+ SY0-601 Lab Course with Simulations/PBQ,3665664,"TIA Training, Andrew Ramdayal","CompTIA Security+, IT Certifications, IT & Software",CompTIA Security+,All Levels,24.5 hours,4.3,4054,19261,"Rp5,669,000",8/2021,0,0,2,https://www.udemy.com/course/comptia_security_sy0-601_certification_training_class/
CompTIA Security+ SY0-701 | 6 Practice Tests | 2026,5581438,"Serkan Demirhan • 160,000+ Enrollments Worldwide, TechSerks Academy","CompTIA Security+, IT Certifications, IT & Software",CompTIA Security+,All Levels,N/A,4.3,250,12683,"Rp149,000",3/2026,0,0,0,https://www.udemy.com/course/ultimate-comptia-security-sy0-701-6-practice-tests-2026/
Hands-On Training for CompTIA Security+,6340771,Frantz Merine,"CompTIA Security+, Cybersecurity, IT Certifications, IT & Software",CompTIA Security+,All Levels,7 hours,4.2,2,215,"Rp149,000",12/2024,0,0,24,https://www.udemy.com/course/hands-on-training-for-comptia-security/
CompTIA Security+ (SYO-701) Certification Preparation Test,6686071,"Mehmood Khalil, Eman Aslam","CompTIA Security+, CompTIA Network+, CompTIA A+, IT Certifications, IT & Software",CompTIA Security+,All Levels,N/A,5.0,5,3095,"Rp149,000",6/2025,0,0,0,https://www.udemy.com/course/comptia-security-syo-701-certification-preparation-test/
CompTIA Security+ SY0-701 | 6 Practice Exams 2026,7043499,Cyber Certs Academy,"CompTIA Security+, IT Certifications, IT & Software",CompTIA Security+,All Levels,N/A,5.0,3,221,"Rp149,000",3/2026,0,0,0,https://www.udemy.com/course/practice-exams-comptia-security-unofficial/
CompTIA Security+ | (Oct-24),6208091,Kumar Mishra,"CompTIA Security+, IT Certifications, IT & Software",CompTIA Security+,All Levels,N/A,5.0,2,4,"Rp149,000",9/2024,0,0,0,https://www.udemy.com/course/comptia-security-certified/
CompTIA Security+ (SY0-701) Practice Mock Exam | Updated 26,5647234,C Dey,"CompTIA Security+, IT Certifications, IT & Software",CompTIA Security+,Intermediate,N/A,5.0,1,13,"Rp149,000",1/2026,0,0,0,https://www.udemy.com/course/comptia-security-sy0-601-certification-mock-exam/
Certification Training for CompTIA Security+,6151567,Hassan Diani,"CompTIA Security+, IT Certifications, IT & Software",CompTIA Security+,All Levels,N/A,5.0,6,16,"Rp149,000",4/2025,0,0,0,https://www.udemy.com/course/certification-training-for-comptia-security-2024-edition/
CompTIA Security+ SY0-701 Labs Only Don't Just be Paper Cert,6492051,Network Specialist (Professor Mo Max),"CompTIA Security+, Network & Security, IT & Software",CompTIA Security+,All Levels,26.5 hours,4.1,18,192,"Rp149,000",6/2025,0,0,0,https://www.udemy.com/course/comptia-security-sy0-701-labs-only-dont-just-be-paper-cert/
ISC2 CC Certified in Cybersecurity Exam 1500 Questions,5404030,"SuperDeal | ISC2 CC, CISSP, Comptia Security+ SY0-701, Cyber Security, DEA-C01, AWS SAP-C02, SAA-C03, Amazon","Certified in Cybersecurity (CC), Cybersecurity, IT Certifications, IT & Software",CompTIA Security+,Beginner,N/A,4.4,119,1031,"Rp149,000",2/2026,0,0,0,https://www.udemy.com/course/isc2-cc-certified-in-cybersecurity-exam-1200-questions-p/
"CompTIA Security+ SY0-601 (Videos, Labs, Workbook, Exams)",4024982,How To Network,"CompTIA Security+, IT Certifications, IT & Software",CompTIA Security+,Beginner,17 hours,4.4,59,234,"Rp149,000",5/2021,0,0,2,https://www.udemy.com/course/comptia-security-sy0-601/
CompTIA CySA+ (CS0-004) - Complete Course and Practice Test,6973965,Vision Training Systems : IT Training,"CompTIA Cybersecurity Analyst (CySA+), IT Certifications, IT & Software",CompTIA Security+,All Levels,17 hours,4.4,10,289,"Rp149,000",2/2026,0,0,7,https://www.udemy.com/course/comptia-cysa-cs0-004/
CompTIA Security+ (SY0-701) - Practice Exams - 500 Questions,6024928,Jeff Landry,"CompTIA Security+, IT Certifications, IT & Software",CompTIA Security+,Intermediate,N/A,4.6,8,37,"Rp149,000",7/2024,0,0,0,https://www.udemy.com/course/comptia-security-sy0-701-practice-exams-2024-version/
CompTIA Security+ (SY0-701) Exam,5728500,"SuperDeal | ISC2 CC, CISSP, Comptia Security+ SY0-701, Cyber Security, DEA-C01, AWS SAP-C02, SAA-C03, Amazon","CompTIA Security+, IT Certifications, IT & Software",CompTIA Security+,All Levels,N/A,4.7,4,179,"Rp159,000",9/2025,0,0,0,https://www.udemy.com/course/comptia-security-sy0-701-exam/
CompTIA Security+ (SY0-701) Practice Exams,6218957,Skill Forge,"CompTIA Security+, Network & Security, IT & Software",CompTIA Security+,Beginner,N/A,4.7,15,1286,"Rp149,000",7/2025,0,0,0,https://www.udemy.com/course/comptia-security-sy0-701-practice-exams-v/
Comptia Security+ SY0-701 Exam Prep (2025),6708743,Asif Sideeq,"CompTIA Security+, IT Certifications, IT & Software",CompTIA Security+,Beginner,N/A,4.6,24,35,"Rp149,000",2/2026,0,0,0,https://www.udemy.com/course/comptia-security-sy0-701-exam-prep-2025-k/
CompTIA CySA+ Practice Tests | CS0-003 970 Questions | 2026,7041469,IT Assurance Academy Center,"CompTIA Cybersecurity Analyst (CySA+), IT Certifications, IT & Software",CompTIA Security+,All Levels,N/A,4.9,57,201,"Rp149,000",3/2026,0,0,0,https://www.udemy.com/course/comtia-cysa-real-exam-questions-with-explanations-2026/
Cybersecurity 101: Foundations for Absolute Beginners,6613447,School of AI,"Cybersecurity, Network & Security, IT & Software",CompTIA Security+,All Levels,3.5 hours,4.6,1826,27427,"Rp149,000",2/2026,0,0,0,https://www.udemy.com/course/cybersecurity-101-foundations-for-absolute-beginners/
IRRESISTIBLE: How to Land Your Dream Cybersecurity Position,5152770,"Jason Dion • 3 Million+ Enrollments Worldwide, Dion Training Solutions • ATO for ITIL & PRINCE2, Dion Training Solutions • ATO for ITIL & PRINCE2, Kip Boyle, Dion Training Solutions, Jason Dion • 2.8 Million+ Enrollments Worldwide","Job Search, Career Development, Personal Development",CompTIA Security+,All Levels,6.5 hours,4.9,187,1737,"Rp149,000",2/2026,0,0,6,https://www.udemy.com/course/irresistible-cybersecurity/
CompTIA Security+ SY0-701 - 2026 (Labs Pending),5731972,IT Cert Doctor,"CompTIA Security+, IT Certifications, IT & Software",CompTIA Security+,Beginner,14.5 hours,4.7,9,140,"Rp149,000",1/2026,3,0,0,https://www.udemy.com/course/comptia-security-plus-it-cert-doctor/
CompTIA Security+ (SY0-701) Practice Exams Set 3 - 2025,6339315,Gururo Pvt Ltd.,"CompTIA Security+, IT Certifications, IT & Software",CompTIA Security+,Beginner,N/A,5.0,1,484,"Rp149,000",5/2025,0,0,0,https://www.udemy.com/course/comptia-security-sy0-701-simulation/
CompTIA Security+ (SY0-701) Full Course & Exam Prep 2026,7022207,Sachin Aggarwal,"Network & Security, IT & Software",CompTIA Security+,Beginner,35 hours,5.0,2,11,"Rp149,000",3/2026,1,0,0,https://www.udemy.com/course/comptia-security-plus-sy0-701-complete-course/
CS0-003 CompTIA CySA+ Cybersecurity Analyst Practice Exams,7068933,Nex Arc,"CompTIA Cybersecurity Analyst (CySA+), Cybersecurity, Information Security, IT Certifications, IT & Software",CompTIA Security+,All Levels,N/A,5.0,35,306,"Rp149,000",3/2026,0,0,0,https://www.udemy.com/course/cs0-comptia-cysa-cybersecurity-analyst-practice-exams/
Security+ (SY0-701) Full Practice Exams with Images,6743497,DataGuard Ak,"CompTIA Security+, Information Security, Artificial Intelligence (AI), Cybersecurity, IT Certifications",CompTIA Security+,Intermediate,N/A,5.0,5,14,"Rp149,000",3/2026,0,0,0,https://www.udemy.com/course/comptia-security-sy0-701-full-practice-exams-part-012026/
NEW! CompTIA Security+ 701 - Best Practice Exams!,6445975,Ammad Ud Din,"CompTIA Security+, Information Security, IT Certifications, IT & Software",CompTIA Security+,All Levels,N/A,4.3,8,27,"Rp149,000",3/2025,0,0,0,https://www.udemy.com/course/new-comptia-security-701-realistic-practice-exams/
CompTIA Security+ (SY0-701) Certification Training + LAB,5868410,Vijay Kumar,"CompTIA Security+, Security Hacking, Cybersecurity, Information Security, Network & Security",CompTIA Security+,Intermediate,26 hours,4.3,230,3321,"Rp149,000",11/2024,0,0,0,https://www.udemy.com/course/comptia-security-certification-training/
Personal Cybersecurity Bootcamp: Build Your Digital Shield,2459524,Alexander Oni,"Cybersecurity Awareness, Network & Security, IT & Software",CompTIA Security+,Beginner,3.5 hours,4.6,1431,5810,"Rp149,000",2/2026,2,0,2,https://www.udemy.com/course/the-absolute-beginners-guide-to-personal-cyber-security/
CompTIA Security+ SY0-701: General Security Concepts-Vol 1,5650594,Anand Rao Nednur,"Cybersecurity, Network & Security, IT & Software",CompTIA Security+,Intermediate,7.5 hours,4.6,210,1242,"Rp149,000",1/2026,0,0,2,https://www.udemy.com/course/comptia-security-sy0-701-general-security-concepts-part1/
CompTIA Security+ (SY0-701) Comprehensive Practice Exam 2026,5736232,B Talukdar,"CompTIA Security+, IT Certifications, IT & Software",CompTIA Security+,All Levels,N/A,4.5,1,5,"Rp149,000",1/2026,0,0,0,https://www.udemy.com/course/comptia-security-sy0-701-practice-exams-cover-all-domains/
TOTAL: CompTIA CySA+ Cybersecurity Analyst (CS0-003),1423418,Total Seminars Over 1 Million Enrollments,"CompTIA Cybersecurity Analyst (CySA+), Ethical Hacking, Network Security, Cybersecurity, IT Certifications",CompTIA Security+,Intermediate,15 hours,4.4,5441,29845,"Rp159,000",9/2024,0,0,0,https://www.udemy.com/course/comptia-cybersecurity-analyst-csa-the-total-course/
"CompTIA Security+ Exam Prep: Quick, Effective Practice Tests",6178713,B KM,"CompTIA Security+, IT Certifications, IT & Software",CompTIA Security+,All Levels,N/A,3.6,4,938,"Rp149,000",10/2025,0,0,0,https://www.udemy.com/course/comptia-security-exam-certification-practice-exams-2024-d/
CompTIA Security+ (SY0-701) Premium Practice Test w/PBQ 2026,6067219,M A Rahman,"CompTIA Security+, IT Certifications, IT & Software",CompTIA Security+,Intermediate,N/A,3.2,2,12,"Rp149,000",1/2026,0,0,0,https://www.udemy.com/course/comptia-security-sy0-701-practice-exam-wexplanations/
Cyber Security & Ethical Hacking v2026: From Zero to Expert,6808985,IT Security Online Training,"Cybersecurity, Certified Ethical Hacker (CEH), IT Certifications, IT & Software",CompTIA Security+,All Levels,22 hours,4.3,90,428,"Rp149,000",3/2026,2,0,0,https://www.udemy.com/course/cyber-security-ethical-hacking-v2026-from-zero-to-expert/
CompTIA Security+ SY0-701 (V7) Practice Exam Questions,5650888,CramWise Environment™,"CompTIA Security+, IT Certifications, IT & Software",CompTIA Security+,Beginner,N/A,4.7,18,133,"Rp5,669,000",10/2025,0,0,0,https://www.udemy.com/course/comptia-security-plus-exam-tests-new/
CompTIA Security+ (SY0-701) Exam Strategy & Practice Tests,6788961,Kandi Brian,"CompTIA Security+, IT Certifications, IT & Software",CompTIA Security+,Intermediate,2.5 hours,5.0,1,4,"Rp149,000",3/2026,0,0,30,https://www.udemy.com/course/comptia-security-plus-seven/
CompTIA CySA+ (Exam CS0-003) Practice Tests *New*,5645856,On Top eLearning,"CompTIA Cybersecurity Analyst (CySA+), IT Certifications, IT & Software",CompTIA Security+,All Levels,N/A,4.8,97,312,"Rp5,669,000",1/2026,0,0,0,https://www.udemy.com/course/comptia-cysa-exam-cs0-003-practice-tests/
Cyber Security: Common Attacks,4757506,Peter A,"Cybersecurity, Network & Security, IT & Software",CompTIA Security+,Beginner,1 hour,4.4,4444,18655,"Rp149,000",7/2022,2,0,0,https://www.udemy.com/course/cyber-security-common-attacks/
The Absolute Beginners Guide to Cyber Security - Part 3,2041178,Alexander Oni,"Cybersecurity, Network & Security, IT & Software",CompTIA Security+,All Levels,2 hours,4.6,6286,17666,"Rp149,000",7/2024,0,0,0,https://www.udemy.com/course/cyber-security-for-mobile-devices-the-complete-2019-guide/
"CompTIA Security+:Threats,Vulnerabilities & Mitigations-VOL2",5777160,Anand Rao Nednur,"CompTIA Security+, Cybersecurity, Network & Security, IT & Software",CompTIA Security+,Intermediate,10 hours,4.7,46,1243,"Rp149,000",1/2026,0,0,0,https://www.udemy.com/course/comptia-sy0-701-threatsvulnerabilities-mitigations-vol-2/
CompTIA Security+ (SY0-701) Complete Course & Practice Exam,6376637,John Bandin,"CompTIA Security+, IT Certifications, IT & Software",CompTIA Security+,Beginner,18.5 hours,4.4,24,91,"Rp149,000",12/2025,1,0,68,https://www.udemy.com/course/comptia-security-sy0-701-complete-course-practice-exam/
The Complete Cyber Security Course : Hackers Exposed!,614772,Nathan House,"Cybersecurity, Network & Security, IT & Software",CompTIA Security+,All Levels,12 hours,4.6,58173,316209,"Rp159,000",3/2024,1,0,1,https://www.udemy.com/course/the-complete-internet-security-privacy-course-volume-1/
CompTIA Security+ SY0-701 (V7) Practice Exam Questions 2025,3472420,"Nick Gorgo, ExamsDigest • 230,000+ Enrolled students [NOW ON UDEMY]","CompTIA Security+, Network & Security, IT & Software",CompTIA Security+,All Levels,N/A,4.5,192,1016,"Rp149,000",12/2025,0,0,0,https://www.udemy.com/course/comptia-security-sy0-701-practice-exam-questions-2024/
Information Security Management Fundamentals for Non-Techies,805864,"Alton Teaches LLC, Alton Hardin | 250,000+ Enrollments Worldwide","Data and Information Management, Cybersecurity, Network Security, Information Security, Network & Security",CompTIA Security+,Beginner,16.5 hours,4.6,22305,73183,"Rp159,000",1/2026,29,0,144,https://www.udemy.com/course/information-security-fundamentals/
CompTIA Security+ SY0-701 REALISTIC Exam Practice Test 2026,5736230,B Talukdar,"CompTIA Security+, IT Certifications, IT & Software",CompTIA Security+,All Levels,N/A,4.7,N/A,10,"Rp149,000",1/2026,0,0,0,https://www.udemy.com/course/comptia-security-sy0-701-practice-exams-simulated/
CompTIA Security+ (SY0-701) Certification Practice Exam : 26,5437442,Abdur Rahim,"CompTIA Security+, IT Certifications, IT & Software",CompTIA Security+,All Levels,N/A,4.7,N/A,2,"Rp149,000",1/2026,0,0,0,https://www.udemy.com/course/comptia-security-sy0-601-certification-practice-exams-j/
CompTIA Security+ SY0-701 with Cloud and Networking,5021150,Dean Armada,"CompTIA Security+, Network & Security, IT & Software",CompTIA Security+,Beginner,23 hours,4.5,41,335,"Rp149,000",7/2025,30,0,0,https://www.udemy.com/course/comptia-sec/
Cybersecurity for Absolute Beginners: Essential Concepts,4611846,"Alton Teaches LLC, Alton Hardin | 250,000+ Enrollments Worldwide","Cybersecurity, Network Security, Cybersecurity Awareness, Network & Security, IT & Software",CompTIA Security+,Beginner,4 hours,4.7,2431,9174,"Rp149,000",2/2026,8,0,1,https://www.udemy.com/course/cyber-security-for-absolute-beginners-essential-concepts/
CompTIA Security+ SYO-701 - The Ultimate Practice Exam 2026,5287528,Soyab _,"CompTIA Security+, IT Certifications, IT & Software",CompTIA Security+,All Levels,N/A,3.7,3,53,"Rp149,000",1/2026,0,0,0,https://www.udemy.com/course/comptia-security-sy0-601-questions-with-details-explanation/
CompTIA Security+ SY0-701 Exam (V7) – Practice Tests - 2026,7028383,Big Data Landscape,"CompTIA Security+, IT Certifications, IT & Software",CompTIA Security+,All Levels,N/A,5.0,1,3,"Rp149,000",2/2026,0,0,0,https://www.udemy.com/course/comptia-security-v7/
CompTIA Security+ (SY0-701) Practice Exams,6739811,Ahmed Kerkeni,"CompTIA Security+, IT Certifications, IT & Software",CompTIA Security+,Beginner,N/A,4.7,N/A,8,"Rp149,000",9/2025,0,0,0,https://www.udemy.com/course/comptia-security-sy0-701-practice-exams-i/
CompTIA Security+ (SY0-701) Ultimate Exam Practice Tests,5889156,Professor H.U,"CompTIA Security+, IT Certifications, IT & Software",CompTIA Security+,Beginner,N/A,3.1,8,47,"Rp149,000",1/2026,0,0,0,https://www.udemy.com/course/comptia-security-sy0-701-comprehensive-practice-exams/
6 Practice Tests: CompTIA Security+ Certification,6166365,Omar skila,"Cybersecurity, IT Certifications, IT & Software",CompTIA Security+,All Levels,N/A,5.0,1,126,"Rp149,000",1/2026,0,0,0,https://www.udemy.com/course/6-practice-tests-2025-comptia-security-certification-j/
CompTIA Security+ (SY0-701) | 360+ Questions & Answers,5944882,Mark de Moras,"CompTIA Security+, Ethical Hacking, Cybersecurity, IT Certifications, IT & Software",CompTIA Security+,All Levels,N/A,4.5,24,5239,"Rp149,000",5/2025,0,0,0,https://www.udemy.com/course/comptia-security-sy0-701-comprehensive-practice-exams-2024/
CompTIA A+ Cyber Certification Practice Tests & Training,6834363,Ankur Marwaha,"IT Certifications, IT & Software",CompTIA Security+,Beginner,N/A,5.0,49,3427,"Rp149,000",9/2025,0,0,0,https://www.udemy.com/course/comptia-a-cyber-certification-practice-tests-training/
CompTIA Security+ (SY0-701) Exam +500QS & Explanations,5875524,Noureddine Mourigue,"CompTIA Security+, IT Certifications, IT & Software",CompTIA Security+,All Levels,N/A,4.6,43,248,"Rp149,000",3/2024,0,0,0,https://www.udemy.com/course/comptia-security-sy0-701-exam-500qs-explanations-2024/
The Complete Cyber Security Course : Network Security!,875974,Nathan House,"Cybersecurity, Network Security, Network & Security, IT & Software",CompTIA Security+,All Levels,12.5 hours,4.6,20756,195827,"Rp159,000",3/2024,1,0,2,https://www.udemy.com/course/network-security-course/
Comptia Security + Sy0-601 Practice Tests,5474550,CertifyX Academy,"CompTIA Security+, IT Certifications, IT & Software",CompTIA Security+,All Levels,N/A,3.8,5,3007,"Rp149,000",1/2024,0,0,0,https://www.udemy.com/course/comptia-sy0-601-practice-tests/
CompTIA Security+ OFFICIAL Video Training Partner (SY0-501),2773930,ITPro TV,"CompTIA Security+, Network & Security, IT & Software",CompTIA Security+,Beginner,28 hours,4.6,40,249,"Rp5,669,000",2/2020,0,0,1,https://www.udemy.com/course/comptia-security-official-video-training-partner-sy0-501/
Cyber Security Awareness Training in the AI Era,4523194,"Logix Academy | 150,000+ Enrollments Worldwide","Cybersecurity Awareness, Network & Security, IT & Software",CompTIA Security+,Beginner,4 hours,4.5,4800,33623,"Rp159,000",3/2026,1,0,0,https://www.udemy.com/course/cyber-security-awareness-for-everyone-2022/
Python Programming for Cybersecurity: From Zero to Defender,5964284,Alexander Oni,"Python, Programming Languages, Development",CompTIA Security+,Beginner,8 hours,4.6,175,1133,"Rp159,000",1/2026,0,14,6,https://www.udemy.com/course/python-programming-for-cybersecurity-from-zero-to-defender/
CompTIA Security+ SY0-701 Cert. Practice Tests,6127227,Ruban Paul,"CompTIA Security+, Network & Security, IT & Software",CompTIA Security+,All Levels,N/A,5.0,1,37,"Rp149,000",2/2026,0,0,0,https://www.udemy.com/course/comptia-security-sy0-701-cert-practice-tests-d/
CompTIA Security+ SY0-401,985094,Stone River eLearning,"CompTIA Security+, IT Certifications, IT & Software",CompTIA Security+,All Levels,8 hours,4.2,44,413,"Rp149,000",3/2017,0,0,0,https://www.udemy.com/course/comptia-security-plus-sy0-401-certification/
CompTIA Security+ (SY0-701) Practical Skills,5876200,Jobskillshare Community,"Cybersecurity, Network & Security, IT & Software",CompTIA Security+,Beginner,13.5 hours,4.3,64,1866,"Rp149,000",3/2025,16,0,10,https://www.udemy.com/course/comptia-security-plus-701-practical-skills/
The Absolute Beginners Guide to Cyber Security 2026 - Part 2,1511170,Alexander Oni,"Cybersecurity, Network & Security, IT & Software",CompTIA Security+,All Levels,6 hours,4.7,13405,40553,"Rp149,000",1/2026,1,0,2,https://www.udemy.com/course/the-complete-2018-cyber-security-guide-for-non-professionals/
CompTIA Security+ Exam Certification Practice exams,6124683,Mohamed Benjouda,"CompTIA Security+, IT Certifications, IT & Software",CompTIA Security+,All Levels,N/A,5.0,6,28,"Rp149,000",2/2026,0,0,0,https://www.udemy.com/course/comptia-security-exam-certification-practice-exams-2024/
Cybersecurity Fundamentals: Key Concepts and Strategies,6071213,Doğaç Artem,"Cybersecurity, Network & Security, IT & Software",CompTIA Security+,Beginner,2.5 hours,4.6,21,1059,"Rp149,000",10/2025,8,0,0,https://www.udemy.com/course/cybersecurity-fundamentals-key-concepts-and-strategies/
Complete Security+ Series Practice Tests,1388396,Chad Russell,"CompTIA Security+, IT Certifications, IT & Software",CompTIA Security+,All Levels,N/A,3.8,12,83,"Rp149,000",10/2017,0,0,0,https://www.udemy.com/course/complete-security-plus-series-practice-exams-sy0-401/
CompTIA Security+ Certification Preparation: CyberSecurity,988876,"Bally Kehal (Cybertraining365), Samy Mkacher","Cybersecurity, Information Security, Network & Security, IT & Software",CompTIA Security+,Intermediate,10.5 hours,4.1,255,1458,"Rp149,000",12/2016,0,0,3,https://www.udemy.com/course/comptia-security-plus-certification-prep/
"CompTIA Security+ :Viruses,Threats and Compromise Indicators",2686624,Anand Rao Nednur,"CompTIA Security+, Network & Security, IT & Software",CompTIA Security+,Beginner,1.5 hours,4.3,1012,13422,"Rp149,000",3/2026,0,0,5,https://www.udemy.com/course/comptia-security-virusesthreats-and-compromise-indicators/
Cyber Security Awareness Training,6095223,Learnsector LLP,"Cybersecurity Awareness, Working Remotely, Network & Security, IT & Software",CompTIA Security+,All Levels,1.5 hours,4.5,2918,11504,"Rp149,000",3/2025,0,0,0,https://www.udemy.com/course/cybersecurity-awareness-for-remote-workers/
Cyber Security Essentials - The Fundamentals,4151534,Anand Rao Nednur,"CompTIA Security+, Network & Security, IT & Software",CompTIA Security+,Intermediate,4 hours,4.5,626,9413,"Rp149,000",4/2026,1,0,16,https://www.udemy.com/course/comptia-security-601/
CompTIA Security Plus (SY0-701) - Exam Questions 2026,6382487,YERLAN MUSSIN,"CompTIA Security+, IT Certifications, IT & Software",CompTIA Security+,All Levels,N/A,4.3,12,166,"Rp149,000",4/2026,0,0,0,https://www.udemy.com/course/comptia-security-plus-sy0-701-sec-practice-exams-2025/
Complete Introduction to Cybersecurity 2026,4038718,Grant Collins,"Cybersecurity, Network & Security, IT & Software",CompTIA Security+,Beginner,2.5 hours,4.4,8385,64138,"Rp159,000",1/2026,2,0,1,https://www.udemy.com/course/complete-introduction-to-cybersecurity/
CompTIA Security + (Sy0-701) - 6 Exames Práticos,6931511,DMZ Simulados,"CompTIA Security+, IT Certifications, IT & Software",CompTIA Security+,Beginner,N/A,5.0,7,17,"Rp149,000",11/2025,0,0,0,https://www.udemy.com/course/comptia-security-sy0-701-6-exames-praticos/
CompTIA Security+ (SY0-601/701 ) PracticeTests–Exam Prep2025,5812122,Mohuya Chakraborty,"CompTIA Security+, Certified in Cybersecurity (CC), Cryptography, IT Certifications, IT & Software",CompTIA Security+,All Levels,N/A,5.0,1,44,"Rp149,000",3/2025,0,0,0,https://www.udemy.com/course/complete-comptia-security-certification-practice-tests/
CompTIA Sec+ Exam,2382423,Aws Nabeel,"CompTIA Security+, IT Certifications, IT & Software",CompTIA Security+,Beginner,N/A,4.1,76,7621,"Rp149,000",11/2025,0,0,0,https://www.udemy.com/course/comptia-sec-exam/
CompTIA Security+ (SY0-701): Practice Quizzes | New Exam,6428423,Lorenzo Levano,"CompTIA Security+, Network & Security, IT & Software",CompTIA Security+,All Levels,N/A,4.7,N/A,N/A,"Rp149,000",1/2025,0,0,0,https://www.udemy.com/course/comptia-security-sy0-701-practice-quizzes-new-exam/
NEW! CompTIA Security+ SY0-701 Practice Exams and Tests,5642928,David Staples,"CompTIA Security+, IT Certifications, IT & Software",CompTIA Security+,Intermediate,N/A,4.2,239,3039,"Rp149,000",1/2025,0,0,0,https://www.udemy.com/course/new-comptia-security-sy0-701-practice-exams-and-tests/
Six 2021 CompTIA Security+ (SY0-601) Practice Tests w/PBQs,3446262,"Mike Chapple, Ph.D.","CompTIA Security+, IT Certifications, IT & Software",CompTIA Security+,All Levels,N/A,4.2,480,5810,"Rp149,000",7/2023,0,0,0,https://www.udemy.com/course/security_plus_practice_exams/
CompTIA Security+ (SY0-701) Practice Exams Set 1 - 2025,6339227,Gururo Pvt Ltd.,"CompTIA Security+, IT Certifications, IT & Software",CompTIA Security+,Beginner,N/A,3.5,2,498,"Rp149,000",4/2025,0,0,0,https://www.udemy.com/course/comptia-security-sy0-701-practice-tests-exam/
Complete Cybersecurity Certification - ISC2,6221691,"Imran Afzal, Hasnain Mahmood","Cybersecurity, Data Security, Risk Management, Disaster Recovery, IT Certifications",CompTIA Security+,All Levels,8.5 hours,4.7,425,4910,"Rp149,000",4/2026,16,0,100,https://www.udemy.com/course/complete-cybersecurity-certification-isc2/
CompTIA Security+ (SY0-701) Futuristic Cyber Defense Tests,6512149,CompTIA & Cisco Expert,"CompTIA Security+, CompTIA Linux+, CompTIA Cybersecurity Analyst (CySA+), IT Certifications, IT & Software",CompTIA Security+,All Levels,N/A,4.7,N/A,88,"Rp149,000",3/2025,0,0,0,https://www.udemy.com/course/comptia-security-sy0-701-futuristic-cyber-defense-tests/
CompTIA Security+ (SY0-701) Practice Exams,5809560,"Aaroncayc Aio, Video School, Phil Ebiner","CompTIA Security+, Network Security, Cybersecurity, Career Development, IT Certifications",CompTIA Security+,Beginner,N/A,4.5,90,1561,"Rp149,000",11/2025,0,0,0,https://www.udemy.com/course/comptia-security-sy0-701-practice-test-course/
CompTIA Security+ SY0-701: 6 Full MCQ Exams | 2026 Updated,7002393,"GIMIT, Sachin Kumar, PMI Approved (ATP) Instructor","Network & Security, IT & Software",CompTIA Security+,All Levels,N/A,5.0,3,3,"Rp149,000",1/2026,0,0,0,https://www.udemy.com/course/comptia-security-sy0-701-6-full-mcq-exams-2026-updated/
CompTIA Security+ SY0-701 Full Course in depth,6195801,Muhammad Zubair,"CompTIA Security+, IT Certifications, IT & Software",CompTIA Security+,Beginner,30.5 hours,4.7,N/A,2,"Rp149,000",1/2025,0,0,0,https://www.udemy.com/course/comptia-security-sy0-701-full-course-in-depth/
Latest CompTIA Security+ Cert (SY0-701) Exam Practice Tests,5916482,Cristina Mehra,"CompTIA Security+, IT Certifications, IT & Software",CompTIA Security+,All Levels,N/A,4.6,13,35,"Rp149,000",9/2024,0,0,0,https://www.udemy.com/course/latest-2024-comptia-security-sy0-701-exam-practice-tests/
Introduction to Cyber Security - 2 Hour Crash Course,4328166,Rick Crisci,"Cybersecurity, Firewall, IT Networking Fundamentals, Cybersecurity Social Engineering, Network & Security",CompTIA Security+,Beginner,3 hours,4.6,15292,44085,"Rp149,000",2/2026,1,0,17,https://www.udemy.com/course/cyberintro/
"Notes!! - CompTIA A+, Network+ and Security+ (Mike Meyers)",4650430,Robert Mathisen,"CompTIA A+, IT Certifications, IT & Software",CompTIA Security+,Beginner,1 hour,4.4,72,2953,"Rp149,000",10/2024,44,0,75,https://www.udemy.com/course/comptia-a-1001-1002-study-notes/
CompTIA Security+ Preparation Practice Exams,7006843,Practice Exams Streamline,"CompTIA Security+, IT Certifications, IT & Software",CompTIA Security+,All Levels,N/A,4.7,N/A,N/A,"Rp149,000",1/2026,0,0,0,https://www.udemy.com/course/comptia-security-preparation-practice-exams/
"Security Awareness Training, Internet Security for Employees",1361726,Roy Davis,"Cybersecurity Awareness, Business Strategy, Business",CompTIA Security+,Beginner,1 hour,4.5,54785,101002,"Rp149,000",7/2022,1,0,2,https://www.udemy.com/course/security-awareness-training-internet-security-for-everyone/
CompTIA Security+ SY0-701 Practice Exams 2026 (6 Full Tests),6102543,Shahid Ali,"CompTIA Security+, IT Certifications, IT & Software",CompTIA Security+,All Levels,N/A,3.5,2,10,"Rp149,000",3/2026,0,0,0,https://www.udemy.com/course/comptia-security-sy0-701-exam-practice-test-questions/
CompTIA Security+ (SY0-701) Domain 4: Security Operations,6888731,Papa Nurd,"CompTIA Security+, Network & Security, IT & Software",CompTIA Security+,Beginner,N/A,4.7,N/A,1,"Rp5,669,000",10/2025,0,0,0,https://www.udemy.com/course/comptia-security-sy0-701-domain-4-security-operations-e/
CompTIA Security+ 601 Practice Exam (2024),5622812,Cyber Learning,"CompTIA Security+, IT Certifications, IT & Software",CompTIA Security+,All Levels,N/A,4.6,99,3435,"Rp149,000",8/2024,0,0,0,https://www.udemy.com/course/comptia-security-601-practice-exam-domain-1-5/
Hack Your Future: Cyber Security Projects for Your Dream Job,5256630,Pavel Hrabec,"Cybersecurity, Resume and CV Writing, Cloud Security, Network & Security, IT & Software",CompTIA Security+,All Levels,5.5 hours,4.4,690,7125,"Rp159,000",3/2026,1,0,35,https://www.udemy.com/course/hack-your-future-cyber-security-projects-for-your-dream-job/
CompTIA Security+ 701 Practice Test,5979288,Ashish Chugh,"CompTIA Security+, IT Certifications, IT & Software",CompTIA Security+,Beginner,N/A,3.9,4,21,"Rp149,000",5/2024,0,0,0,https://www.udemy.com/course/comptia-security-701-practice-test/
Launch Your Cybersecurity Career: The Ultimate Starter Guide,1848540,Alexander Oni,"Cybersecurity, Network & Security, IT & Software",CompTIA Security+,All Levels,4 hours,4.6,6332,16077,"Rp149,000",7/2025,2,0,0,https://www.udemy.com/course/becoming-a-cyber-security-professional-the-complete-guide/
CompTIA Security+ (SY0-701) Practice Tests | 6 Question Sets,5889154,Professor H.U,"CompTIA Security+, IT Certifications, IT & Software",CompTIA Security+,Beginner,N/A,4.7,N/A,4,"Rp149,000",1/2026,0,0,0,https://www.udemy.com/course/comptia-security-sy0-701-practice-exam-preparation-wlabs/
CompTIA Security+ (SY0-701) Practice Tests & Explanations,7042769,Sachin Aggarwal,"Network & Security, IT & Software",CompTIA Security+,Beginner,N/A,5.0,N/A,7,"Rp149,000",2/2026,0,0,0,https://www.udemy.com/course/comptia-security-sy0-701-practice-tests-explanations/
Security+ (SY0-701) - Exam Preparation Quizzes,6442525,Cyber Pulse Academy,"CompTIA Security+, IT Certifications, IT & Software",CompTIA Security+,All Levels,N/A,5.0,7,103,"Rp149,000",2/2025,0,0,0,https://www.udemy.com/course/security-plus-exam-preparation-quizzes/
CompTIA Security+ (SY0-401) : The Complete Course,1247562,Lazaro (Laz) Diaz,"CompTIA Security+, IT Certifications, IT & Software",CompTIA Security+,All Levels,9 hours,4.5,275,2630,"Rp149,000",10/2023,0,0,34,https://www.udemy.com/course/comptia-security-sy0-401-the-complete-course/
CompTIA Security+ (SY0-701) Complete Exam Practice Test 2026,6247807,Fox Medium,"CompTIA Security+, IT Certifications, IT & Software",CompTIA Security+,Beginner,N/A,4.6,7,280,"Rp149,000",12/2025,0,0,0,https://www.udemy.com/course/comptia-security-plus-sy0-701-complete-exam-practice-test/
CompTIA Security+ (SY0-701),7041081,Huyen Thuong Truong Thi,"CompTIA Security+, Test Prep, Teaching & Academics",CompTIA Security+,All Levels,N/A,4.7,N/A,N/A,"Rp149,000",2/2026,0,0,0,https://www.udemy.com/course/comptia-security-sy0-701-y/
CompTIA Security+ (SY0-701) Practice Exam,6872945,Certification Expert,"CompTIA Security+, IT Certifications, IT & Software",CompTIA Security+,All Levels,N/A,5.0,1,400,"Rp149,000",10/2025,0,0,0,https://www.udemy.com/course/comptia-security-sy0-701-practice-exam-k/
CompTIA Security+ (SY0-701) Practice Tests,5549116,Robert Karamagi,"CompTIA Security+, IT Certifications, IT & Software",CompTIA Security+,Beginner,N/A,4.7,88,21609,"Rp149,000",10/2024,0,0,0,https://www.udemy.com/course/comptia-security-sy0-701-practice-tests/
FC0-U71 CompTIA Tech+ Practice Exams [2026],7088781,Nex Arc,"CompTIA Tech+, IT Certifications, IT & Software",CompTIA Security+,All Levels,N/A,5.0,34,301,"Rp149,000",3/2026,0,0,0,https://www.udemy.com/course/comptia-tech-plus-practice-exams/
CompTIA Security+ SY0-701 Practice Tests [2025 Latest],6056821,Kam I,"CompTIA Security+, IT Certifications, IT & Software",CompTIA Security+,All Levels,N/A,5.0,2,6,"Rp149,000",12/2024,0,0,0,https://www.udemy.com/course/comptia-security-sy0-701-practice-tests-latest/
Crack the CompTIA Security+ Certification: Top Question 2025,5578954,"Stepwise Learning ., Technical Support Team","CompTIA Security+, Network Security, Computer Network, IT Networking Fundamentals, Network & Security",CompTIA Security+,All Levels,N/A,4.6,6,1011,"Rp149,000",1/2025,0,0,0,https://www.udemy.com/course/comptia-security-plus/
CompTIA Security+ Practice Exams 2026 | 540 Questions,6085379,Alan Nguyen,"CompTIA Security+, Network & Security, IT & Software",CompTIA Security+,Intermediate,N/A,4.7,4,17,"Rp149,000",4/2026,0,0,0,https://www.udemy.com/course/comptia-security-sy0-701-practice-exams-latest-2025/
Cyber Security Masterclass - All about IT Security,4310980,"Henrique Centieiro, Bee Lee","Cybersecurity, CompTIA Security+, Network & Security, IT & Software",CompTIA Security+,All Levels,6.5 hours,4.5,89,321,"Rp149,000",3/2026,1,0,0,https://www.udemy.com/course/cyber-security-masterclass-all-about-it-security/
Ultimate CompTIA Security+ (SY0-701) Practice Test Series,6756531,"Ramesh Chandra Nayak, Rohan Satpathy","CompTIA Security+, IT Certifications, IT & Software",CompTIA Security+,All Levels,N/A,4.8,4,768,"Rp149,000",8/2025,0,0,0,https://www.udemy.com/course/ultimate-comptia-security-sy0-701-practice-test-series/
Master Course in CompTIA Security+ (101 level),5615696,Dr. José Prabhu J,"CompTIA Security+, Cybersecurity, CompTIA Cybersecurity Analyst (CySA+), IT Certifications, IT & Software",CompTIA Security+,All Levels,1 hour,4.3,276,15942,"Rp149,000",7/2025,0,0,0,https://www.udemy.com/course/comptia-security-plus-cybersecurity-plus/
Ultimate CompTIA Security+ SY0-701 Exam,6848851,Abdul Mannan,"CompTIA Security+, CompTIA Network+, Cybersecurity, CompTIA Cybersecurity Analyst (CySA+), IT Certifications",CompTIA Security+,All Levels,N/A,4.7,5,2009,"Rp149,000",9/2025,0,0,0,https://www.udemy.com/course/ultimate-comptia-security-sy0-701-exam/
CySa | CompTIA CySa+ CS0-003 Cybersecurity Analyst Exam Prep,6744397,"Oak Academy, OAK Academy Team","CompTIA Cybersecurity Analyst (CySA+), Security Information and Event Management (SIEM), Incident Management, Cybersecurity, IT Certifications",CompTIA Security+,All Levels,31.5 hours,4.1,9,276,"Rp149,000",4/2026,1,0,0,https://www.udemy.com/course/cysa-comptia-cysa-cs0-003-cybersecurity-analyst-exam-prep/
Security+ (SY0-701) Plus 601 Bonus - Self-paced Course!,4385052,Lazaro (Laz) Diaz,"CompTIA Security+, Network & Security, IT & Software",CompTIA Security+,All Levels,32 hours,5.0,4,1034,"Rp149,000",9/2024,0,0,19,https://www.udemy.com/course/security-sy0-601-self-paced-course/
6 Practice Exams | CompTIA Security+ (SY0-701),6529099,Valentin Chéneau,"CompTIA Security+, IT Certifications, IT & Software",CompTIA Security+,All Levels,N/A,5.0,1,107,"Rp149,000",3/2025,0,0,0,https://www.udemy.com/course/6-practice-exams-comptia-security-sy0-701/
The Beginners 2026 Cyber Security Awareness Training Course,1973756,Reza Zaheri,"Cybersecurity, Cybersecurity Awareness, Cybersecurity Social Engineering, Network & Security, IT & Software",CompTIA Security+,Beginner,3 hours,4.6,26440,52278,"Rp149,000",2/2026,17,0,17,https://www.udemy.com/course/1m-cyber-security-awareness/
CompTIA Security+ SY0-701 (V7) Exam Course Prep Questions,6219815,GlobalCerts Training,"IT Certifications, IT & Software",CompTIA Security+,Beginner,N/A,4.7,2,17,N/A,9/2025,0,0,0,https://www.udemy.com/course/comptia-security-plus-exam-course-prep-questions/
CompTIA Security+ (SY0-701) Certification Preparation 2026,5973312,F R Aunna,"CompTIA Security+, IT Certifications, IT & Software",CompTIA Security+,All Levels,N/A,4.7,N/A,8,"Rp149,000",1/2026,0,0,0,https://www.udemy.com/course/comptia-security-sy0-701-comprehensive-practice-test-prep/
CompTIA Security+ Cert (SY0-701) Exam Practice Tests - 2024,6165939,Nithinkumar R,"CompTIA Security+, IT Certifications, IT & Software",CompTIA Security+,All Levels,N/A,4.8,103,310,"Rp149,000",9/2024,0,0,0,https://www.udemy.com/course/comptia-securityplus-exams/
CompTIA Security+ Practice Tests | Exam-Focused Prep Course,6788433,Nafisur Ahmed,"CompTIA Security+, IT Certifications, IT & Software",CompTIA Security+,All Levels,N/A,5.0,2,11,"Rp149,000",8/2025,0,0,0,https://www.udemy.com/course/comptia-security-practice-tests-exam-focused-prep-course/
CompTIA Security+ SY0‑701 Practice Exams – 600 Questions,7093143,Yogesh Dhiman,"CompTIA Security+, IT Certifications, IT & Software",CompTIA Security+,All Levels,N/A,4.7,N/A,100,"Rp149,000",3/2026,0,0,0,https://www.udemy.com/course/comptia-security-sy0701-practice-exams-600-questions/
CompTIA Security+ SY0-801 (V8) Practice Exam Questions,7030445,Nick Gorgo,"IT Certifications, IT & Software",CompTIA Security+,Beginner,N/A,N/A,N/A,N/A,"Rp149,000",1/2026,0,0,0,https://www.udemy.com/course/comptia-security-practice-cert-exam-questions-tests/
Updated CompTIA Security+ Cert. (SY0-701) Practice Exams,5937358,Muhammad Zubair,"IT Certifications, IT & Software",CompTIA Security+,Beginner,N/A,N/A,N/A,N/A,"Rp149,000",5/2024,0,0,0,https://www.udemy.com/course/comptia-practice-tests/
CompTIA Security+ V7 (SY0-701) Exam Prep Questions,6144801,Angel Gorgo,"IT Certifications, IT & Software",CompTIA Security+,All Levels,N/A,N/A,N/A,N/A,"Rp149,000",2/2026,0,0,0,https://www.udemy.com/course/comptia-security-sy0-701-exam-test-prep-new/
CompTIA Security+ SY0-701 (V7) Practice Exam Questions,6971871,Linux Direct,"CompTIA Security+, IT Certifications, IT & Software",CompTIA Security+,Beginner,N/A,4.7,N/A,N/A,"Rp149,000",12/2025,0,0,0,https://www.udemy.com/course/comptia-security-plus-practice-exam-questions-course/
Practice Exam CompTIA Security+ SY0-701 (ENG version),6308653,htp cyber,"CompTIA Security+, Network & Security, IT & Software",CompTIA Security+,Intermediate,N/A,4.7,N/A,N/A,"Rp149,000",12/2024,0,0,0,https://www.udemy.com/course/practice-exam-comptia-security-sy0-701-eng-version/
CompTIA Security+ (SY0-701) - 500 Exam Practice Questions,6735093,Master Prep,"IT Certifications, IT & Software",CompTIA Security+,All Levels,N/A,N/A,N/A,2,"Rp149,000",7/2025,0,0,0,https://www.udemy.com/course/comptia-security-sy0-701-500-exam-practice-questions/
CompTIA Security+ SY0-701 Practice Exams 2026,6941891,Master Mind Prep,"CompTIA Security+, IT Certifications, IT & Software",CompTIA Security+,All Levels,N/A,4.0,1,102,"Rp149,000",3/2026,0,0,0,https://www.udemy.com/course/comptia-security-sy0-701-practice-exams-2026-v/
CompTIA Security+ (SY0-701) Practice Test Certification Exam,6350753,HACKALYS Academy | 750.000+ Students Enrollments Worldwide,"CompTIA Security+, Network Security, Security Hacking, Information Security, Network & Security",CompTIA Security+,All Levels,N/A,4.1,8,123,"Rp149,000",4/2026,0,0,0,https://www.udemy.com/course/comptia-security-sy0-701-practice-certification-exam/
Comptia Security+ Sy0-601 Practice Exams,6992039,Junaid Ahmad,"IT Certifications, IT & Software",CompTIA Security+,All Levels,N/A,N/A,N/A,N/A,"Rp149,000",1/2026,0,0,0,https://www.udemy.com/course/comptia-security-sy0-601-practice-exams-hc/
CompTIA Security+ SY0-801 (V8) Practice Exams,7025263,PrimeTech Academy,"IT Certifications, IT & Software",CompTIA Security+,Beginner,N/A,N/A,N/A,N/A,"Rp149,000",1/2026,0,0,0,https://www.udemy.com/course/comptia-security-practice-exam-course/
CompTIA Security+ (SY0-701) Practice Certification Exams,5656758,Denis Rusanov,"CompTIA Security+, IT Certifications, IT & Software",CompTIA Security+,All Levels,N/A,5.0,1,4,"Rp149,000",12/2023,0,0,0,https://www.udemy.com/course/comptia-security-sy0-701-practice-certification-exams/
CompTIA Security+ SY0-801 (V8) Exam Questions *NEW*,7025131,Know Direct,"IT Certifications, IT & Software",CompTIA Security+,Beginner,N/A,N/A,N/A,1,"Rp149,000",1/2026,0,0,0,https://www.udemy.com/course/comptia-security-cert-exam-questions-new-course/
CompTIA Security+ (SY0 - 601) Certification Practice Exam,5390282,Mofig ud,"CompTIA Security+, IT Certifications, IT & Software",CompTIA Security+,All Levels,N/A,4.1,4,30,"Rp149,000",1/2026,0,0,0,https://www.udemy.com/course/comptia-security-sy0-601-certification-practice-exam-j/
CompTIA Security+ (Exam SY0-701) Practice Tests,5723756,On Top eLearning,"CompTIA Security+, Cybersecurity, IT Certifications, IT & Software",CompTIA Security+,All Levels,N/A,4.5,3,7,"Rp149,000",1/2026,0,0,0,https://www.udemy.com/course/comptia-security-plus-exam-sy0-701-practice-tests/
CompTIA Security+ SY0-701 (V7) Practice Exam Prep *NEW*,5970518,"ExamsDigest • 230,000+ Enrolled students [NOW ON UDEMY]","IT Certifications, IT & Software",CompTIA Security+,Beginner,N/A,N/A,N/A,5,"Rp149,000",12/2025,0,0,0,https://www.udemy.com/course/comptia-security-plus-exam-prep-simulators/
CompTIA Security+ (SY0-701) Exam Practice Test,5862484,Majd Marwan,"CompTIA Security+, IT Certifications, IT & Software",CompTIA Security+,Intermediate,N/A,5.0,1,105,"Rp149,000",5/2025,0,0,0,https://www.udemy.com/course/comptia-security-sy0-701-exam-preparation-practice/
Security Analyst,3121742,Stone River eLearning,"Cybersecurity, Network & Security, IT & Software",CompTIA Security+,All Levels,4 hours,4.6,999,3084,"Rp149,000",5/2020,0,0,4,https://www.udemy.com/course/security-analyst/
CompTIA Security+ (SY0-701) Practice Test - Cover All Domain,5287524,Soyab _,"CompTIA Security+, IT Certifications, IT & Software",CompTIA Security+,All Levels,N/A,4.7,N/A,2,"Rp149,000",1/2026,0,0,0,https://www.udemy.com/course/comptia-security-sy0-601-fully-explained-practice-exam/
CompTIA Security+ SY0-801 (V8) Practice Exam Questions,7030297,Linux Path,"CompTIA Security+, IT Certifications, IT & Software",CompTIA Security+,Beginner,N/A,4.7,N/A,N/A,"Rp5,669,000",1/2026,0,0,0,https://www.udemy.com/course/comptia-security-plus-practice-cert-exam-questions-course/
The Beginners Guide to Practical Cyber Hacking Skills,3471332,Alexander Oni,"Cybersecurity, Network & Security, IT & Software",CompTIA Security+,Beginner,8.5 hours,4.7,469,2988,"Rp149,000",7/2023,1,0,6,https://www.udemy.com/course/the-beginners-guide-to-practical-cyber-security-skills/
CompTIA Security+ (SY0-701) Practice Exams,6468749,Dark Cyber – Ethical Hacking and Security,"IT Certifications, IT & Software",CompTIA Security+,All Levels,N/A,N/A,N/A,N/A,"Rp149,000",2/2025,0,0,0,https://www.udemy.com/course/comptia-security-sy0-701-practice-exams-t/
Practice Tests for CompTIA Security+ SY0-601,4737204,Ashar Fraz,"CompTIA Security+, IT Certifications, IT & Software",CompTIA Security+,Intermediate,N/A,4.7,N/A,1,"Rp149,000",N/A,0,0,0,https://www.udemy.com/course/practice-tests-for-comptia-security-sy0-601-o/
CompTIA Security+ SY0-701 6 Full Practice Tests | Updated,6956075,Biswajit Saha Net Defender Academy,"CompTIA Security+, IT Certifications, IT & Software",CompTIA Security+,All Levels,N/A,5.0,10,10,"Rp149,000",12/2025,0,0,0,https://www.udemy.com/course/comptia-security-sy0-701-6-full-practice-tests-updated/
3 Cybersecurity Exams ISC2 CC & Cissp & Comptia Security+,5562490,"SuperDeal | ISC2 CC, CISSP, Comptia Security+ SY0-701, Cyber Security, DEA-C01, AWS SAP-C02, SAA-C03, Amazon","Certified in Cybersecurity (CC), CompTIA Security+, Certified Information Systems Security Professional (CISSP), IT Certifications, IT & Software",CompTIA Security+,All Levels,N/A,4.0,7,46,"Rp149,000",1/2025,0,0,0,https://www.udemy.com/course/3-cybersecurity-exams-isc2-cc-cissp-comptia-security/
CompTIA Security+ SY0-701 Practice Test & Simulated PBQ 2026,5287522,Soyab _,"CompTIA Security+, IT Certifications, IT & Software",CompTIA Security+,Intermediate,N/A,1.0,3,14,"Rp149,000",1/2026,0,0,0,https://www.udemy.com/course/comptia-security-sy0-601-exam-preparation/
"Cyber Security, CompTIA Security+ (SYO-701) 600+ Questions.",6737489,Andrew Banning,"CompTIA Security+, IT Certifications, IT & Software",CompTIA Security+,Intermediate,N/A,5.0,2,4,"Rp149,000",2/2026,0,0,0,https://www.udemy.com/course/cyber-security-comptia-security-syo-701-600-questions/
CompTIA Security+ Certification - SY0-401 (2014 Objectives),297996,Infinite Skills,"CompTIA Security+, IT Certifications, IT & Software",CompTIA Security+,All Levels,9 hours,4.5,976,7137,"Rp149,000",1/2017,1,0,1,https://www.udemy.com/course/comptia-security-certification-sy0-401-2014-objectives/
Cybersecurity Essentials: Stay Safe and Secure Online,5720328,Simon Sez IT,"Cybersecurity, Network Security, Information Security, Network & Security, IT & Software",CompTIA Security+,Beginner,2.5 hours,4.5,22,89,"Rp149,000",12/2025,3,0,1,https://www.udemy.com/course/cybersecurity-essentials-safe-and-secure-online/
CompTIA Security+ SY0-701: Practice Tests - Updated 2025,6664787,Md Mehedi Hasan,"CompTIA Security+, IT Certifications, IT & Software",CompTIA Security+,All Levels,N/A,4.8,7,5505,"Rp149,000",6/2025,0,0,0,https://www.udemy.com/course/comptia-security-sy0-701-practice-tests-updated-2025/
Cybersecurity Essentials & Awareness: From Zero to Hero,6398413,Networkel Inc.,"Cybersecurity Awareness, Cybersecurity Social Engineering, Cybersecurity, Network & Security, IT & Software",CompTIA Security+,Beginner,4 hours,4.4,325,1046,"Rp149,000",2/2026,0,0,0,https://www.udemy.com/course/cybersecurity-essentials-ultimate/
CompTIA Security+ 701 - REALISTIC Exam Practice Test 2026,5647230,C Dey,"CompTIA Security+, IT Certifications, IT & Software",CompTIA Security+,Beginner,N/A,2.5,1,2,"Rp149,000",1/2026,0,0,0,https://www.udemy.com/course/comptia-security-sy0-601-practice-test-exam-preparation/
CompTIA Security+ (SY0-701) Practice Tests & Simulated PBQs,5288810,Soyab _,"CompTIA Security+, IT Certifications, IT & Software",CompTIA Security+,All Levels,N/A,1.2,3,5,"Rp149,000",1/2026,0,0,0,https://www.udemy.com/course/comptia-security-updated-question-as-per-latest-syllabus-s/
CompTIA Security+ (SY0-701) Practice Exams Set 2 - 2025,6339283,Gururo Pvt Ltd.,"CompTIA Security+, IT Certifications, IT & Software",CompTIA Security+,Beginner,N/A,3.2,3,512,"Rp149,000",5/2025,0,0,0,https://www.udemy.com/course/comptia-security-sy0-701-mock-tests/
CompTIA Security+ - Full-Lengths 4 Practice Exams - SY0-701,6729665,Pratap Todi,"CompTIA Security+, Ethical Hacking, Cybersecurity, Information Security, IT Certifications",CompTIA Security+,All Levels,N/A,5.0,1,5,"Rp149,000",11/2025,0,0,0,https://www.udemy.com/course/comptia-security-full-length-4-practice-exams-2025-edition/
CompTIA Security+ SY0-701 (V7) Practice Exam Questions,5718990,Dojo Lab,"CompTIA Security+, IT Certifications, IT & Software",CompTIA Security+,Beginner,N/A,4.6,4,33,"Rp149,000",12/2025,0,0,0,https://www.udemy.com/course/comptia-security-plus-exam-practice-prep/
Cybersecurity Warrior Certification: Cybersecurity Immersion,1309942,"Starweaver Experts, Kevin Cardwell, Paul Siegel","Cybersecurity, IT Certifications, IT & Software",CompTIA Security+,Beginner,8 hours,4.6,674,34514,"Rp149,000",4/2026,1,0,14,https://www.udemy.com/course/cyber-security-building-a-cyberwarrior-certification/
CompTIA CySA+ (CS0-003),6025808,Stone River eLearning,"IT Certifications, IT & Software",CompTIA Security+,All Levels,15 hours,4.7,22,96,"Rp149,000",6/2024,0,0,0,https://www.udemy.com/course/comptia-cysa-cs0-003-c/
CompTIA Security+ (SY0-701) Practice Test: Boost Your Exam,6217819,B KM,"IT Certifications, IT & Software",CompTIA Security+,All Levels,N/A,5.0,1,1439,"Rp149,000",10/2025,0,0,0,https://www.udemy.com/course/comptia-security-sy0-701-practice-test-boost-your-exam/
CompTIA Security+ (V7) Complete Course 100% Exam Coverage,6262119,Nick Gorgo,"IT Certifications, IT & Software",CompTIA Security+,Beginner,2 hours,4.5,2,5,"Rp149,000",9/2025,0,0,28,https://www.udemy.com/course/comptia-security-plus-complete-course-full-exam-coverage/
CompTIA Security+ SY0-801 (V8) Practice Exam Questions,7026497,CramWise Environment™,"IT Certifications, IT & Software",CompTIA Security+,Beginner,N/A,N/A,N/A,N/A,"Rp149,000",1/2026,0,0,0,https://www.udemy.com/course/comptia-security-practice-cert-exam-questions-course/
CompTIA Security+ (SY0-701) Practice Exams 2025,6881397,Diogo Graça,"IT Certifications, IT & Software",CompTIA Security+,Expert,N/A,5.0,1,5,N/A,10/2025,0,0,0,https://www.udemy.com/course/comptia-security-sy0-701-practice-exams-2025-n/
CompTIA Security+ (SY0-701) Practice Tests Questions - 2026,5288814,Soyab _,"CompTIA Security+, IT Certifications, IT & Software",CompTIA Security+,All Levels,N/A,3.0,2,6,"Rp149,000",1/2026,0,0,0,https://www.udemy.com/course/prepare-for-the-comptia-security-sy0-601-updated-question-n/
CompTIA Security+ | Complete Guide to Security Fundamentals,7020853,Cloud in Depth,"Cybersecurity, IT Certifications, IT & Software",CompTIA Security+,Beginner,3.5 hours,4.3,N/A,N/A,"Rp149,000",2/2026,0,0,0,https://www.udemy.com/course/comptia-security-plus-course/
CompTIA Security+ (SY0-701) Practice Tests Prep w/PBQs 2026,5287526,Soyab _,"CompTIA Security+, IT Certifications, IT & Software",CompTIA Security+,All Levels,N/A,4.3,N/A,5,"Rp5,669,000",1/2026,0,0,0,https://www.udemy.com/course/comptia-security-sy0-601-fully-explained-every-questions/
CompTIA Security+ (SY0-701) Practice Test : 2025,6678195,Nur Mohammad Khan,"CompTIA Security+, IT Certifications, IT & Software",CompTIA Security+,Expert,N/A,4.3,N/A,N/A,"Rp149,000",6/2025,0,0,0,https://www.udemy.com/course/comptia-security-sy0-701-practice-test-2025/
CompTIA Security+ (SY0-701) Practice Tests,6562249,Scrumy Thoughts,"CompTIA Security+, Network Security, Information Security, IT Certifications, IT & Software",CompTIA Security+,Beginner,N/A,4.3,N/A,N/A,"Rp149,000",4/2025,0,0,0,https://www.udemy.com/course/comptia-security-sy0-701-practice-tests-u/
1500 Questions | CompTIA Security+ Certification [NEW 2026],6925539,Exams Practice Tests Academy,"CompTIA Security+, IT Certifications, IT & Software",CompTIA Security+,All Levels,N/A,4.3,N/A,1214,"Rp149,000",2/2026,0,0,0,https://www.udemy.com/course/comptia-security-plus-certification-exams/
CompTIA Security+ (SY0-701) Practice Exams,5667826,B Avenatti,"Cybersecurity, IT Certifications, IT & Software",CompTIA Security+,All Levels,N/A,4.3,N/A,3,"Rp149,000",10/2025,0,0,0,https://www.udemy.com/course/securityplus-practice-exams/
CompTIA Security+ SY0-801 (V8) Exam Course Prep Questions,7026429,GlobalCerts Training,"IT Certifications, IT & Software",CompTIA Security+,Beginner,N/A,N/A,N/A,N/A,"Rp149,000",1/2026,0,0,0,https://www.udemy.com/course/comptia-security-cert-exam-prep-questions-course/
"Cyber Security: Info Security, Combat Cyber Threats, ChatGPT",4600492,"Peter Alkema, Regenesys Business School","Cybersecurity, Cryptography, Network & Security, IT & Software",CompTIA Security+,Beginner,26.5 hours,4.2,2607,10252,"Rp149,000",9/2025,9,0,532,https://www.udemy.com/course/cyber-security-training/
CompTIA Security+ (SY0-701) Realistic Practice Test SY0701,5889150,Professor H.U,"CompTIA Security+, IT Certifications, IT & Software",CompTIA Security+,Beginner,N/A,4.3,N/A,N/A,"Rp149,000",1/2026,0,0,0,https://www.udemy.com/course/comptia-security-sy0-701-complete-practice-exam-with-labs/
Information Security Professional Certification,5293518,"MTF Institute of Management, Technology and Finance","Information Security, IT Certifications, IT & Software",CompTIA Security+,All Levels,N/A,4.4,620,37420,"Rp149,000",12/2025,0,0,0,https://www.udemy.com/course/information_security_expert/
Practice Exams | CompTIA Security+ (SY0-701),6372043,Jeffrey LEE,"Cybersecurity, IT Certifications, IT & Software",CompTIA Security+,All Levels,N/A,4.3,N/A,N/A,"Rp149,000",1/2025,0,0,0,https://www.udemy.com/course/practice-exams-comptia-security-sy0-701/
CompTIA Security+ SY0-701 Chapter Wise Mock Test Prep 2026,5287520,Soyab _,"CompTIA Security+, IT Certifications, IT & Software",CompTIA Security+,Beginner,N/A,4.3,N/A,1,"Rp149,000",1/2026,0,0,0,https://www.udemy.com/course/comptia-security-sy0-601-as-per-latest-syllabus/
CompTIA Security+ SY0-701 (V7) Practice Exams – New for 2025,6474993,PrimeTech Academy,"IT Certifications, IT & Software",CompTIA Security+,Beginner,N/A,N/A,N/A,N/A,"Rp149,000",12/2025,0,0,0,https://www.udemy.com/course/comptia-security-practice-cert-exam-course/
CompTIA Security+ SY0-801 (V8) Exam Questions Course,7026329,SecureStack Academy,"IT Certifications, IT & Software",CompTIA Security+,Beginner,N/A,N/A,N/A,N/A,"Rp149,000",1/2026,0,0,0,https://www.udemy.com/course/comptia-security-cert-exam-questions-course/
CompTIA Security+ SY0-801 (V8) Practice Exam Questions,7030173,Linux Direct,"IT Certifications, IT & Software",CompTIA Security+,Beginner,N/A,N/A,N/A,N/A,"Rp149,000",1/2026,0,0,0,https://www.udemy.com/course/comptia-security-plus-practice-cert-exam-questions-tests/
SY0-601: CompTIA Security+ Practice Exams,3981586,Viktor Afimov,"CompTIA Security+, IT Certifications, IT & Software",CompTIA Security+,Beginner,N/A,4.3,94,642,"Rp5,669,000",2/2022,0,0,0,https://www.udemy.com/course/cs0-601-comptia-security-practice-exams/
CompTIA® Security+® Exam Prep,2701980,QuickStart Learning Inc.,"CompTIA Security+, Network & Security, IT & Software",CompTIA Security+,Intermediate,9.5 hours,3.1,11,107,"Rp149,000",2/2020,0,0,0,https://www.udemy.com/course/comptia-security-exam-prep/
Comprehensive CompTIA Security+ SY0-701 Practice Exam,5854202,CertifyX Academy,"CompTIA Security+, IT Certifications, IT & Software",CompTIA Security+,All Levels,N/A,4.8,4,3661,"Rp5,669,000",11/2024,0,0,0,https://www.udemy.com/course/comprehensive-comptia-security-sy0-701-practice-exam/
CompTIA Security+ (SY0-701) Exam Practice Test Sets Updated,5554288,Cyber IT Exam,"CompTIA Security+, IT Certifications, IT & Software",CompTIA Security+,All Levels,N/A,4.3,N/A,102,"Rp149,000",1/2026,0,0,0,https://www.udemy.com/course/comptia-security-exam-practice-test-question-sets/
CompTIA Security+ (SY0-701) Practice Exam 2024- NEW,5974298,Cyber Whiz,"CompTIA Security+, IT Certifications, IT & Software",CompTIA Security+,All Levels,N/A,4.3,N/A,N/A,"Rp149,000",6/2024,0,0,0,https://www.udemy.com/course/comptia-security-sy0-701-practice-exam-2024-new/
CompTIA Security+ SY0-701 (V7) Practice Exam Questions,6970211,Linux Path,"IT Certifications, IT & Software",CompTIA Security+,Beginner,N/A,N/A,N/A,N/A,"Rp149,000",12/2025,0,0,0,https://www.udemy.com/course/comptia-security-sy0-701-v7-practice-exam-questions-course/
CompTIA Advanced Security Practitioner (Part 1 of 2),1620208,Stone River eLearning,"CompTIA SecurityX, Network & Security, IT & Software",CompTIA Security+,All Levels,17 hours,4.2,54,342,"Rp149,000",9/2018,0,0,13,https://www.udemy.com/course/comptia-advanced-security-practitioner-exam-cas-002-part1/
CompTIA Security+ (SY0-601) Practice Test(Exam questions),3106102,Kriangsak Namkot,"CompTIA Security+, IT Certifications, IT & Software",CompTIA Security+,All Levels,N/A,3.2,4,92,"Rp149,000",9/2022,0,0,0,https://www.udemy.com/course/comptia-security-sy0-501-practice-testexam-questions/
Cyber Security For Normal People: Protect Yourself Online,1391482,"Brad Merrill, mDash Courses","Cybersecurity, Network & Security, IT & Software",CompTIA Security+,Beginner,1.5 hours,4.5,11193,23415,"Rp149,000",11/2021,0,0,0,https://www.udemy.com/course/security/
Exam SY0-601: CompTIA Security+ (601) preparation,4116236,Anees Khan,"CompTIA Security+, IT Certifications, IT & Software",CompTIA Security+,All Levels,N/A,4.3,N/A,N/A,"Rp149,000",8/2021,0,0,0,https://www.udemy.com/course/exam-sy0-601-comptia-security-601-preparation/
Cyber Security 2021: Beginners Guide to Cyber Security™,3621684,Ciech Defence,"Cybersecurity, Network & Security, IT & Software",CompTIA Security+,All Levels,2 hours,4.1,87,7219,"Rp149,000",2/2021,0,0,0,https://www.udemy.com/course/cyber-security-2020-beginners-guide-to-cyber-securitytm-az/
CompTIA Security+ (SY0-701) Practice Exam Prep Updated 2026,5647232,C Dey,"CompTIA Security+, IT Certifications, IT & Software",CompTIA Security+,Intermediate,N/A,4.3,N/A,9,"Rp149,000",1/2026,0,0,0,https://www.udemy.com/course/comptia-security-sy0-601-exam-preparation-simulated-pbq/
CompTIA Security+ SY0-701 Practice Exams 2025 – 540 Question,6723889,Danilo Oliveira,"CompTIA Security+, IT Certifications, IT & Software",CompTIA Security+,All Levels,N/A,4.3,N/A,1,"Rp149,000",8/2025,0,0,0,https://www.udemy.com/course/comptia-security-sy0-701-practice-exams-2025-540-question/
CompTIA Security+ SY0-801 (V8) Practice Exam Questions,7026553,Dojo Lab,"CompTIA Security+, IT Certifications, IT & Software",CompTIA Security+,Beginner,N/A,4.3,N/A,N/A,"Rp149,000",1/2026,0,0,0,https://www.udemy.com/course/comptia-security-practice-exam-questions-course/
Cybersecurity Fundamentals - Become a Security Expert,5242052,"Emilio Aguero, Palwasha khan","Cybersecurity, Certified in Cybersecurity (CC), NIST Cybersecurity Framework (CSF), Network & Security, IT & Software",CompTIA Security+,All Levels,6 hours,4.5,91,1372,"Rp149,000",3/2026,0,0,48,https://www.udemy.com/course/cybersecurity-expert/
CompTIA Security+ (SY0-701) *Exam Preparation for 2026*,5973310,F R Aunna,"CompTIA Security+, IT Certifications, IT & Software",CompTIA Security+,All Levels,N/A,4.3,N/A,3,"Rp149,000",1/2026,0,0,0,https://www.udemy.com/course/comptia-security-sy0-701-ultimate-practice-exams-wpbqs/
TOTAL: CompTIA CySA+ (CS0-002) Practice Tests,1410342,Total Seminars Over 1 Million Enrollments,"CompTIA Cybersecurity Analyst (CySA+), Cybersecurity, IT Certifications, IT & Software",CompTIA Security+,All Levels,N/A,4.3,668,7987,"Rp149,000",10/2024,0,0,0,https://www.udemy.com/course/comptia-cybersecurity-analyst-csa-cs0-001-practice-tests/
CompTIA Security+ SY0-701 practice Test,6322233,Nadun Yalegama,"CompTIA Security+, IT Certifications, IT & Software",CompTIA Security+,All Levels,N/A,4.3,N/A,54,"Rp149,000",12/2024,0,0,0,https://www.udemy.com/course/comptia-security-sy0-701-practice-test-c/
Certified in Cybersecurity Entry-Level Certification - Exams,5824720,Paweł Krakowiak,"Certified in Cybersecurity (CC), Cybersecurity Awareness, Cybersecurity, Cybersecurity Social Engineering, IT Certifications",CompTIA Security+,Beginner,N/A,4.7,19,5715,"Rp149,000",4/2025,0,0,0,https://www.udemy.com/course/certified-in-cybersecurity-entry-level-certification-exam/
Comptia Security+ SY0-701 practice questions,6238451,Olivier Collet,"Cybersecurity, IT Certifications, IT & Software",CompTIA Security+,Intermediate,N/A,4.7,8,46,"Rp149,000",10/2024,0,0,0,https://www.udemy.com/course/comptia-security-sy0-701-practice-questions/
CompTIA Security+ (SY0-701) Real Practice Tests,6364847,Balakrishana Geridi,"CompTIA Security+, IT Certifications, IT & Software",CompTIA Security+,All Levels,N/A,4.3,N/A,N/A,"Rp5,669,000",2/2025,0,0,0,https://www.udemy.com/course/comptia-security-sy0-701-real-practice-tests/
CompTIA Security+ SY0-701 Exam Practice Tests With PBQs 2026,5736234,B Talukdar,"CompTIA Security+, IT Certifications, IT & Software",CompTIA Security+,All Levels,N/A,4.3,N/A,N/A,"Rp149,000",1/2026,0,0,0,https://www.udemy.com/course/comptia-security-sy0-701-practice-exam-updated-syllabus/
CompTIA Security+ (SY0-701) Full-length Practice Tests 2026,6067217,M A Rahman,"CompTIA Security+, IT Certifications, IT & Software",CompTIA Security+,Intermediate,N/A,4.3,N/A,2,"Rp5,669,000",1/2026,0,0,0,https://www.udemy.com/course/comptia-security-sy0-701-full-length-practice-exams/
Cybersecurity Awareness: Protect your Digital Realm,5564890,Simon Sez IT,"Cybersecurity Awareness, Network Security, Cybersecurity, Information Security, Network & Security",CompTIA Security+,Beginner,2 hours,4.5,837,2019,"Rp149,000",12/2025,3,0,1,https://www.udemy.com/course/cybersecurity-awareness-essentials/
IT Security Careers and Certifications First Steps,4875502,Vinay Kumar,"Network Security, Cybersecurity, Network & Security, IT & Software",CompTIA Security+,Beginner,2 hours,4.7,46,188,"Rp149,000",1/2026,0,0,0,https://www.udemy.com/course/it-security-careers-and-certifications-first-steps/
CompTIA Security+ SY0-701 Practice Tests 2026 | 1080 Qs,6817071,Exam Certification,"CompTIA Security+, IT Certifications, IT & Software",CompTIA Security+,All Levels,N/A,4.3,N/A,200,"Rp149,000",3/2026,0,0,0,https://www.udemy.com/course/full-exmas-for-comptia-security-certification-v7-sy0-701/
CompTIA Security+ (SY0-701) Practice Exam,5719926,Abdul Wahab,"CompTIA Security+, Network & Security, IT & Software",CompTIA Security+,All Levels,N/A,4.1,45,2112,"Rp149,000",7/2024,0,0,0,https://www.udemy.com/course/comptia-security-sy0-701-practice-exam-d/
100% Security+ Practice Exams,6733915,Jeremie Amsellem,"CompTIA Security+, IT Certifications, IT & Software",CompTIA Security+,Intermediate,N/A,5.0,2,2,"Rp149,000",8/2025,0,0,0,https://www.udemy.com/course/securityplusexams/
CompTIA Security+ (SYO-601) Practice Tests,6027760,Practice Exams Scholar,"CompTIA Security+, IT Certifications, IT & Software",CompTIA Security+,All Levels,N/A,4.3,N/A,N/A,"Rp149,000",6/2024,0,0,0,https://www.udemy.com/course/comptia-security-syo-601-practice-tests/
CompTIA PenTest+ PT0-002 & PT0-003 Mock Exam Practice!!,6987369,Mana Dowlatshahi Yeganeh,"CompTIA PenTest+, CompTIA Security+, Cloud Monitoring, Cybersecurity, IT Certifications",CompTIA Security+,All Levels,N/A,4.6,9,98,"Rp149,000",3/2026,0,0,0,https://www.udemy.com/course/comptia-pentest-pt0-002-pt0-003-mock-exam-practice/
CompTIA Security+ SY0-701: Exam-Style Practice Questions,7006793,"Ramesh Chandra Nayak, Roshan Kumar Nayak","CompTIA Security+, Other IT & Software, IT & Software",CompTIA Security+,All Levels,N/A,4.2,2,334,"Rp149,000",1/2026,0,0,0,https://www.udemy.com/course/comptia-security-sy0-701-exam-style-practice-questions/
CompTIA Security+ (SY0-701) Practice Examination and Test,6651269,"Belad Tech Academy, Belad Creative Studio","CompTIA Security+, IT Certifications, IT & Software",CompTIA Security+,Beginner,N/A,4.0,2,2028,"Rp149,000",3/2026,0,0,0,https://www.udemy.com/course/comptia-security-sy0-701-practice-examination-and-test/
CompTIA Security+ (SY0-701) : Exam Prep Q&A and Rapid Review,5936764,IS Portal,"CompTIA Security+, Cybersecurity, IT Certifications, IT & Software",CompTIA Security+,All Levels,1.5 hours,3.9,12,61,"Rp149,000",11/2025,0,0,10,https://www.udemy.com/course/comptia-security-sy0-701-revision-and-exam-questions-set/
CompTIA CySA+ (Cybersecurity Analyst+) CS0-002,4641130,Vision Training Systems : IT Training,"CompTIA Cybersecurity Analyst (CySA+), Network & Security, IT & Software",CompTIA Security+,Intermediate,15 hours,4.5,18,76,"Rp149,000",4/2022,0,0,2,https://www.udemy.com/course/comptia-cysa-cybersecurity-analyst-cs0-002/
AWS Certified SAP on AWS Specialty PAS-C01 Exam,5403602,"SuperDeal | ISC2 CC, CISSP, Comptia Security+ SY0-701, Cyber Security, DEA-C01, AWS SAP-C02, SAA-C03, Amazon","AWS Certified SAP on AWS - Specialty (Retired), IT Certifications, IT & Software",CompTIA Security+,All Levels,N/A,4.5,32,367,"Rp149,000",3/2024,0,0,0,https://www.udemy.com/course/aws-certified-sap-on-aws-pas-c01-exam/
CompTIA Security+ V7 (SY0-701) Exam Prep Questions,6693441,CertCraft Institute,"IT Certifications, IT & Software",CompTIA Security+,All Levels,N/A,N/A,N/A,N/A,"Rp149,000",12/2025,0,0,0,https://www.udemy.com/course/comptia-security-exam-prep-questions/
SY0-601: CompTIA Security+ Practice Test,5261698,Somenath Sen,"CompTIA Security+, IT Certifications, IT & Software",CompTIA Security+,All Levels,N/A,2.0,1,1,"Rp149,000",4/2023,0,0,0,https://www.udemy.com/course/sy0-601-comptia-security-practice-test-y/
CompTIA Security+ V7 (SY0-701) Practice Test latest 2025,6429573,Atif Ahmad,"CompTIA Security+, IT Certifications, IT & Software",CompTIA Security+,All Levels,N/A,4.5,1,2,"Rp149,000",3/2026,0,0,0,https://www.udemy.com/course/comptia-security-sy0-701-practice-test-latest-2025/
CompTIA Security+ SY0-701 (V7) Exam Questions Course,6444245,SecureStack Academy,"CompTIA Security+, IT Certifications, IT & Software",CompTIA Security+,Beginner,N/A,4.3,N/A,N/A,"Rp149,000",12/2025,0,0,0,https://www.udemy.com/course/comptia-security-sy0-701-exam-cert-questions-test-course/
CompTIA Security+ (SY0-701) Ultimate Practice Test Prep 2026,6067221,M A Rahman,"CompTIA Security+, IT Certifications, IT & Software",CompTIA Security+,Intermediate,N/A,4.3,N/A,5,"Rp149,000",1/2026,0,0,0,https://www.udemy.com/course/comptia-security-sy0-701-complete-practice-exam-prep/
CompTIA Security+ V7 (SY0-701) Practice Exam Questions,6431913,ITCertify Zone,"CompTIA Security+, IT Certifications, IT & Software",CompTIA Security+,All Levels,N/A,4.3,N/A,N/A,"Rp149,000",2/2026,0,0,0,https://www.udemy.com/course/comptia-security-plus-practice-prep-exam-questions/
CISSP Certified Information Systems Security Professional,5726052,"SuperDeal | ISC2 CC, CISSP, Comptia Security+ SY0-701, Cyber Security, DEA-C01, AWS SAP-C02, SAA-C03, Amazon","Certified Information Systems Security Professional (CISSP), IT Certifications, IT & Software",CompTIA Security+,All Levels,N/A,4.3,N/A,27,"Rp149,000",5/2025,0,0,0,https://www.udemy.com/course/cissp-certified-information-systems-security-professional-zy/
CompTIA Security+ (SY0-601) Practice Exams & PBQs,5011602,Lakshit Mahajan,"CompTIA Security+, IT Certifications, IT & Software",CompTIA Security+,All Levels,N/A,2.5,1,18,"Rp149,000",8/2025,0,0,0,https://www.udemy.com/course/comptia-security-sy0-601-practice-exams-pbqs/
CompTIA Security+ SY0-701 Practice Exam 2026,7035029,Sydney Marshall,"CompTIA Security+, Network & Security, IT & Software",CompTIA Security+,Expert,N/A,4.3,N/A,165,"Rp149,000",1/2026,0,0,0,https://www.udemy.com/course/comptia-security-sy0-701-practice-exam-2026/
CompTIA Security+ SY0-501 Practice Exams and Tests,3436892,David Staples,"CompTIA Security+, IT Certifications, IT & Software",CompTIA Security+,Intermediate,N/A,4.2,39,144,"Rp149,000",11/2023,0,0,0,https://www.udemy.com/course/new-comptia-security-sy0-005-practice-exams-and-tests/
CompTIA Security+ PKI Mini-Course,6275425,"Danni-Tech, Danni","Public Key Infrastructure, CompTIA Security+, IT Certifications, IT & Software",CompTIA Security+,Beginner,1.5 hours,4.9,7,17,"Rp149,000",11/2024,0,0,0,https://www.udemy.com/course/comptia-security-pki-course/
Complete Cyber Security Course using Kali linux : Hacking OS,1185198,Sunil K. Gupta,"Cybersecurity, Kali Linux, Network & Security, IT & Software",CompTIA Security+,Expert,1 hour,3.5,18,1042,"Rp149,000",7/2017,0,0,0,https://www.udemy.com/course/the-complete-cyber-security-course-hackers-exposed/
CompTIA Security+ Cert(SY0-501): Security Administration,2458350,John Wiley & Sons,"CompTIA Security+, IT Certifications, IT & Software",CompTIA Security+,All Levels,1 hour,4.3,179,930,"Rp149,000",7/2019,1,0,2,https://www.udemy.com/course/comptia-security-certsy0-501-security-administration/
Ace Your CompTIA Security+ (SY0-701) Exam with Confidence,6044918,Brandon Cox,"CompTIA Security+, Network & Security, IT & Software",CompTIA Security+,Beginner,N/A,4.5,11,124,"Rp149,000",3/2025,0,0,0,https://www.udemy.com/course/comptia-security-practice-exams-w/
CompTIA Security+ (SY0-701) Practice Tests - Pass Fast,6170159,Wesam Qawasmeh,"CompTIA Security+, IT Certifications, IT & Software",CompTIA Security+,All Levels,N/A,4.3,N/A,103,"Rp149,000",10/2025,0,0,0,https://www.udemy.com/course/comptia-security-sy0-701-practice-tests-pass-fast/
CompTIA Security+ Questions To Practice And Learn! [2024],5611674,Cert Duck,"CompTIA Security+, IT Certifications, IT & Software",CompTIA Security+,Intermediate,N/A,4.4,2,9,"Rp149,000",8/2024,0,0,0,https://www.udemy.com/course/cert-duck-comptia-security-plus-practice-tests/
CompTIA CySA+ Practice Tests for Cybersecurity Analysts,6752265,Fatima Mjahed,"CompTIA Cybersecurity Analyst (CySA+), IT Certifications, IT & Software",CompTIA Security+,Beginner,N/A,4.5,18,1013,"Rp149,000",8/2025,0,0,0,https://www.udemy.com/course/comptia-cysa-practice-tests-for-cybersecurity-analysts/
CompTIA Security+ (SY0-701) Mock Exam Practice Tests 2025,6107051,Hacklogy - Simplifying CyberSecurity,"CompTIA Security+, IT Certifications, IT & Software",CompTIA Security+,All Levels,N/A,2.5,1,352,"Rp149,000",9/2025,0,0,0,https://www.udemy.com/course/comptia-security-sy0-701-mock-exam-practice-tests-2024/
CompTIA Security+ (SY0-701) Exam Prep : Cover All Domain,5973306,F R Aunna,"CompTIA Security+, IT Certifications, IT & Software",CompTIA Security+,All Levels,N/A,4.3,N/A,3,"Rp149,000",1/2026,0,0,0,https://www.udemy.com/course/comptia-security-sy0-701-practice-exam-cover-all-domain/
CompTIA Security+ (SY0-701) Preparation Practice Tests,6016984,Online Practice Exams Digital,"CompTIA Security+, IT Certifications, IT & Software",CompTIA Security+,All Levels,N/A,4.3,N/A,1,"Rp149,000",6/2024,0,0,0,https://www.udemy.com/course/comptia-security-sy0-701-preparation-practice-tests/
CompTIA CySA AI+ Practice Tests 2025 with more than 500 Q&A,6577185,"A Security Guru, Raghu The Security Expert","Artificial Intelligence (AI), CompTIA Cybersecurity Analyst (CySA+), IT Certifications, IT & Software",CompTIA Security+,All Levels,N/A,4.6,2,154,"Rp149,000",4/2025,0,0,0,https://www.udemy.com/course/comptia-cysa-ai-plus-practice-tests/
Master CompTIA Security+ SY0-701 (v7) Exam 2026,7091825,Master Questions,"Network & Security, IT & Software",CompTIA Security+,All Levels,N/A,5.0,N/A,N/A,"Rp149,000",3/2026,0,0,0,https://www.udemy.com/course/master-comptia-security-sy0-701-v7-exam-2026/
Network Security A-Z™: Cyber Security + Ethical Hacking,4248566,"SecuritasX™ IT Training, SecuritasX Careers","Network Security, Computer Network, Cybersecurity, Ethical Hacking, Engineering",CompTIA Security+,All Levels,12.5 hours,4.3,97,572,"Rp149,000",8/2021,0,0,0,https://www.udemy.com/course/network-security-a-z-cyber-security-ethical-hacking/
CompTIA Security+ SY0-701 (V7) Exam Questions *2025*,6145201,Know Direct,"CompTIA Security+, IT Certifications, IT & Software",CompTIA Security+,Beginner,N/A,4.3,N/A,1,"Rp149,000",12/2025,0,0,0,https://www.udemy.com/course/comptia-security-plus-exam-prep-questions/
Intro to Cyber Security Certification - Security+ Boot Camp,864240,Chad Russell,"CompTIA Security+, Network & Security, IT Certifications, IT & Software",CompTIA Security+,All Levels,1 hour,4.2,694,10484,"Rp149,000",12/2016,0,0,1,https://www.udemy.com/course/securityplustraining/
CompTIA A+ Certification (Part1 of 2),1623820,Stone River eLearning,"CompTIA A+, Network & Security, IT Certifications, IT & Software",CompTIA Security+,All Levels,20.5 hours,4.1,70,257,"Rp149,000",10/2018,0,0,37,https://www.udemy.com/course/comptia-a-certification-part1-of-part2/
CompTIA CySA+ (CS0-002),4663260,Stone River eLearning,"CompTIA Cybersecurity Analyst (CySA+), IT Certifications, IT & Software",CompTIA Security+,All Levels,11.5 hours,4.9,2,30,"Rp5,669,000",5/2022,0,0,9,https://www.udemy.com/course/comptia-cysa-cs0-002-u/
CompTIA Security+ (SY0-701) Practice Test: Exam Prep Guide,6144397,Malek Qahtani,"IT Certifications, IT & Software",CompTIA Security+,All Levels,N/A,3.4,N/A,N/A,"Rp149,000",8/2024,0,0,0,https://www.udemy.com/course/comptia-security-sy0-701-practice-test-exam-prep-guide/
CompTIA Security+ (SY0-701) Practice Exams Set 2,5963658,Abdul Wahab,"CompTIA Security+, Network Security, Cybersecurity, Cybersecurity Awareness, Network & Security",CompTIA Security+,All Levels,N/A,4.1,20,319,"Rp149,000",10/2024,0,0,0,https://www.udemy.com/course/security-701-exam2/
"Cyber Security: Threats, Vulnerabilities & Mitigations",6968365,Mumshad Mannambeth,"CompTIA Security+, Cybersecurity, Network & Security, IT & Software",CompTIA Security+,Beginner,2.5 hours,4.6,20,1027,"Rp149,000",3/2026,7,0,0,https://www.udemy.com/course/cyber-security-threats-vulnerabilities-mitigations/
CompTIA Cybersecurity Analyst (CySA+) - CS0-003 Exam- 2026,7071085,Big Data Landscape,"CompTIA Cybersecurity Analyst (CySA+), IT Certifications, IT & Software",CompTIA Security+,All Levels,N/A,5.0,1,2,"Rp149,000",2/2026,0,0,0,https://www.udemy.com/course/comptia-cybersecurity-analyst-cysa-/
CompTIA Security+ (SY0-701)[2025] 540ques SIX Practice Tests,5403794,R Sharma,"CompTIA Security+, Cybersecurity, IT Certifications, IT & Software",CompTIA Security+,Beginner,N/A,4.3,N/A,1,"Rp149,000",8/2025,0,0,0,https://www.udemy.com/course/comptia-security-sy0-7012025-540ques-six-practice-tests/
CompTIA PenTest AI+ Practice Tests with 500+ questions(2025),6662739,Raghu The Security Expert,"CompTIA PenTest+, IT Certifications, IT & Software",CompTIA Security+,All Levels,N/A,5.0,1,107,"Rp149,000",6/2025,0,0,0,https://www.udemy.com/course/comptia-pentest-ai-practice-tests-with-500-questions/
CompTIA Security+ Exam SY0-701 Preparation,6190695,"ICT Questions and Answers, Birali Faustin Nzubahimana","CompTIA Security+, IT Certifications, IT & Software",CompTIA Security+,All Levels,N/A,4.3,N/A,N/A,"Rp149,000",3/2025,0,0,0,https://www.udemy.com/course/comptia-security-exam-sy0-701-preparation/
CompTIA CySA+ (CS0-003) Practice Examination and Test,6686719,"Belad Tech Academy, Belad Creative Studio","CompTIA Cybersecurity Analyst (CySA+), Cybersecurity, IT Certifications, IT & Software",CompTIA Security+,Beginner,N/A,4.7,4,1835,"Rp149,000",7/2025,0,0,0,https://www.udemy.com/course/comptia-cysa-cs0-003-practice-examination-and-test/
CompTIA CySA+ (CS0-002),5266620,Stone River eLearning,"CompTIA Cybersecurity Analyst (CySA+), IT Certifications, IT & Software",CompTIA Security+,All Levels,25 hours,4.6,11,60,"Rp149,000",4/2023,0,0,2,https://www.udemy.com/course/comptia-cysa-cs0-002-d/
Ethical Hacking Certification Exam Questions - Crack Exam *,1341272,Sunil K. Gupta,"Ethical Hacking, Network & Security, IT & Software",CompTIA Security+,Beginner,41 mins,3.1,3,127,"Rp149,000",9/2017,0,0,0,https://www.udemy.com/course/ethical-hacking-certification-questions-answers/
CompTIA Pentest+ Certification (PT0-001),2136808,Packt Publishing,"CompTIA PenTest+, IT Certifications, IT & Software",CompTIA Security+,Expert,7.5 hours,4.0,38,213,"Rp149,000",1/2019,0,0,0,https://www.udemy.com/course/comptia-pentest-certification-pt0-001/
Cybersecurity for Absolute Beginners - A Safe Place to Start,6354747,Idan Gabrieli,"Cybersecurity Awareness, Network Security, Cybersecurity, Network & Security, IT & Software",CompTIA Security+,Beginner,2 hours,4.3,30,871,"Rp149,000",8/2025,2,0,4,https://www.udemy.com/course/cybersecurity-for-absolute-beginners-a-safe-place-to-start/
CySA+ CompTIA Cybersecurity Analyst Practice Exams 2026,6983437,"Sang Do, PMP","CompTIA Cybersecurity Analyst (CySA+), IT Certifications, IT & Software",CompTIA Security+,Intermediate,N/A,4.5,1,1,"Rp149,000",12/2025,0,0,0,https://www.udemy.com/course/cysa-comptia-cybersecurity-analyst-practice-exams-new/
CompTIA Security+ Cert(SY0-501): Identity/Access Management,2458322,John Wiley & Sons,"Identity and Access Management (IAM), CompTIA Security+, IT Certifications, IT & Software",CompTIA Security+,All Levels,2 hours,4.4,52,235,"Rp149,000",7/2019,1,0,2,https://www.udemy.com/course/comptia-security-certsy0-501-identityaccess-management/
Security+ Certification – Network Security Domain,798530,Chad Russell,"CompTIA Security+, Wireless Networking, Network Security, IT Certifications, IT & Software",CompTIA Security+,All Levels,2.5 hours,4.2,34,533,"Rp5,669,000",10/2017,0,0,0,https://www.udemy.com/course/security-certification-network-security-domain-deep-dive/
CompTIA Cybersecurity Analyst (CySA+) Express Bootcamp,1328814,Joseph Holbrook,"CompTIA Security+, CompTIA Cybersecurity Analyst (CySA+), IT Certifications, IT & Software",CompTIA Security+,All Levels,9.5 hours,4.1,194,2333,"Rp149,000",5/2018,0,0,27,https://www.udemy.com/course/comptia-cybersecurity-analyst-csa-test-prep-bootcamp/
Master Course in Cyber Security & Cyber Security Awareness,5131780,Dr. José Prabhu J,"Cybersecurity, Cybersecurity Awareness, Cybersecurity Social Engineering, Network & Security, IT & Software",CompTIA Security+,All Levels,2 hours,4.3,457,28155,"Rp149,000",7/2025,0,0,0,https://www.udemy.com/course/cyber-security-cyber-security-awareness-social-engineering/
CISSP - Domain 4 - Communication & Network Security,3924876,Intellezy Trainers,"Certified Information Systems Security Professional (CISSP), Network Security, Risk Management, Network & Security, IT & Software",CompTIA Security+,Expert,4 hours,4.7,2,5,"Rp149,000",10/2023,0,0,0,https://www.udemy.com/course/cissp-domain-4-communication-network-security/
Cybersecurity Unveiled: Recognizing Its Vital Importance,4511742,Prabh Kirpa Classes,"Cybersecurity, Other Teaching & Academics, Teaching & Academics",CompTIA Security+,All Levels,1 hour,4.3,372,21841,"Rp149,000",10/2023,0,0,0,https://www.udemy.com/course/cyber-security-importance-tips-myths-cyber-threats/
CompTIA Advanced Security Practitioner (Exam CAS-002) Part 2,1620978,Stone River eLearning,"CompTIA SecurityX, Network & Security, IT Certifications, IT & Software",CompTIA Security+,All Levels,2 hours,4.3,14,274,"Rp149,000",9/2018,0,0,3,https://www.udemy.com/course/comptia-advanced-security-practitioner-part-2-of-part2/
Security+ Certification - Operational Security Domain,703476,Chad Russell,"CompTIA Security+, Computer Forensics, Cybersecurity, IT Certifications, IT & Software",CompTIA Security+,All Levels,3 hours,4.1,28,240,"Rp149,000",7/2017,0,0,0,https://www.udemy.com/course/security-certification-operational-security-domain/
CompTIA A+ Certification ( Part 2 of 2),1623902,Stone River eLearning,"CompTIA A+, Network & Security, IT Certifications, IT & Software",CompTIA Security+,All Levels,5 hours,4.4,40,233,"Rp149,000",10/2018,0,0,14,https://www.udemy.com/course/comptia-a-certification-part-2-of-part2/
CompTIA Network+ Cert: Wireless Network Security & Risks,2613444,John Wiley & Sons,"Wireless Security, Wireless Networking, Network & Security, IT & Software",CompTIA Security+,All Levels,6.5 hours,4.7,10,75,"Rp149,000",12/2019,1,0,1,https://www.udemy.com/course/comptia-network-cert-wireless-network-security-risks/
CompTIA CyberSecurity Analyst (CySA) CSO-003 Mini Deep Dive,5192492,Joseph Holbrook,"CompTIA Cybersecurity Analyst (CySA+), IT Certifications, IT & Software",CompTIA Security+,Intermediate,7 hours,4.2,28,1870,"Rp149,000",11/2023,0,0,0,https://www.udemy.com/course/cybersecurity-analyst-cysa-cysa-cso-002-and-cso-003/
Cyber Security Course for Beginners - Level 01,1117528,FourthWall Technologies,"Cybersecurity, Network & Security, IT & Software",CompTIA Security+,Beginner,1 hour,4.2,15990,248109,Free,3/2017,0,0,0,https://www.udemy.com/course/certified-secure-netizen/
So You Want to be a Network Engineer?,147582,Paul Browning,"IT Networking Fundamentals, Network Security, Network & Security, IT & Software",CompTIA Security+,All Levels,9.5 hours,4.6,3830,120156,Free,8/2014,0,0,0,https://www.udemy.com/course/network-engineer-taster-courses/
Ultimate Cyber Security Beginner Course : Zero to Hero,5586700,CyBrainium .,"Cybersecurity, Network & Security, IT & Software",CompTIA Security+,All Levels,1.5 hours,4.5,652,12718,Free,10/2023,0,0,3,https://www.udemy.com/course/cyber-security-fundamental/
Security+: Practice Exam 1 with In-Depth Video Explanations,6106407,Khester Kendrick,"CompTIA Security+, IT Certifications, IT & Software",CompTIA Security+,Beginner,2 hours,4.2,103,1778,Free,10/2024,0,0,0,https://www.udemy.com/course/security-practice-exam-1-with-in-depth-video-explanations/
Transitioning into Cybersecurity,5223540,Lee Mitchell,"Cybersecurity, Network & Security, IT & Software",CompTIA Security+,Beginner,37 mins,4.4,105,2425,Free,10/2024,0,0,0,https://www.udemy.com/course/transitioning-into-cybersecurity/
Security Awareness Campaigns (Lite),381082,Michael Goedeker,"Cybersecurity, Essential Tech Skills, Network & Security, Udemy Free Resource Center, Vodafone",CompTIA Security+,Beginner,N/A,4.4,6378,53473,"Rp169,000",1/2015,0,0,0,https://www.udemy.com/course/security-awareness-campaigns/
Cyber Security Awareness Training Course For Beginners 2025,5953280,Dathathreyalu TP,"Cybersecurity, Data Protection, Network Security, Cybersecurity Awareness, Network & Security",CompTIA Security+,Beginner,30 mins,4.6,1600,13871,Free,2/2025,0,0,0,https://www.udemy.com/course/cyber-security-awareness-training-course/
CompTIA Tech+ Prep Course (FC0-U71) | IT Course PREVIEW,6982457,"Nick Mendez, TeachMeIT | Training & Certification Prep","CompTIA Tech+, IT Fundamentals, IT Certifications, IT & Software",CompTIA Security+,All Levels,1.5 hours,4.9,4,392,Free,3/2026,2,0,2,https://www.udemy.com/course/comptia-tech-prep-course/
CompTIA Network+ Certification Preview,1029349,Bally Kehal (Cybertraining365),"CompTIA Network+, Network Security, Network & Security, IT Certifications, IT & Software",CompTIA Security+,Beginner,2 hours,4.4,926,24604,Free,12/2016,1,0,0,https://www.udemy.com/course/comptia-network-certification-preview/
Cyber Security Awareness (Lite),4805846,"Logix Academy | 150,000+ Enrollments Worldwide","Cybersecurity Awareness, Network & Security, IT & Software",CompTIA Security+,Beginner,1 hour,4.5,201,3932,Free,9/2022,2,0,0,https://www.udemy.com/course/cyber-security-awareness-lite/
CompTIA SecAI+ (CY0-001) Complete Course & Exam Prep 2026,7035201,"Avnish Singh, Pavan Kumar","CompTIA SecAI+, CompTIA Security+, IT Certifications, IT & Software",CompTIA Security+,All Levels,28.5 hours,4.5,245,1566,"Rp149,000",4/2026,0,0,6,https://www.udemy.com/course/comptia-secai-plus-cy0-001-exam-prep/
CompTIA SecAI+ CY0-001: Full Certification Prep Bootcamp,7058149,Alexander Oni,"CompTIA SecAI+, IT Certifications, IT & Software",CompTIA Security+,All Levels,11 hours,5.0,7,86,"Rp149,000",3/2026,1,0,2,https://www.udemy.com/course/comptia-secai-cy0-001-full-certification-prep-bootcamp/
CompTIA CySA+ (CS0-003) Mastery Course w/ Labs & Exams (QAs),6954441,François B. Arthanas,"Cybersecurity, IT Certifications, IT & Software",CompTIA Security+,Intermediate,25.5 hours,4.9,19,141,"Rp149,000",3/2026,0,0,0,https://www.udemy.com/course/comptia-cysa-cs0-003-mastery-course-w-labs-exams-qas/
CompTIA Server+ | CompTIA Server+ SK0-005 Certification Prep,5314726,"Oak Academy, OAK Academy Team, Selman Bilal Sivri","CompTIA Server+, IT / Technical Support, Server Administration, Server Infrastructure, IT Certifications",CompTIA Security+,All Levels,27 hours,4.0,932,7244,"Rp159,000",4/2026,2,0,1,https://www.udemy.com/course/comptia-server-comptia-server-sk0-005-certification-prep/
Full Cybersecurity Course From 0: Ethical Hacking & Defense,5900324,Sunny dimalu,"Cybersecurity, Ethical Hacking, PowerShell, Kali Linux, Network & Security",CompTIA Security+,All Levels,30 hours,4.6,367,1640,"Rp149,000",1/2026,11,0,1,https://www.udemy.com/course/hands-on-cyber-security-and-ethical-hacking-from-0/
CompTIA A+ CompTIA A 220-1001 Exam and A+ Certification Prep,4567774,"Oak Academy, OAK Academy Team","CompTIA A+, CompTIA Network+, IT / Technical Support, CompTIA IT Fundamentals (ITF+) (Retired), IT Certifications",CompTIA Security+,All Levels,15 hours,4.7,72,232,"Rp149,000",4/2026,3,0,0,https://www.udemy.com/course/comptia-a-comptia-a-220-1001-exam-and-a-certification-prep/
CompTIA SecAI+ Certification Training with E-Book & Quizzes,7010507,"Cyvitrix Learning | CISSP, CISM, CISA, GRC, Security+, SecAI+, Security+ Courses","IT Certifications, IT & Software",CompTIA Security+,All Levels,19.5 hours,4.0,16,224,"Rp149,000",3/2026,3,0,0,https://www.udemy.com/course/comptia-secai-exam-prep-ai-security-risk-governance/
TOTAL: CompTIA A+ Core 2 (220-1202) Course + Practice Exam,2360064,"Total Seminars Over 1 Million Enrollments, Mike Meyers, Dakota Snow","CompTIA A+, IT / Technical Support, IT Certifications, IT & Software",CompTIA Security+,All Levels,21.5 hours,4.7,24986,146018,"Rp159,000",3/2026,0,0,26,https://www.udemy.com/course/comptia-aplus-core-2/
CompTIA Tech+ (FC0-U71) 6 Practice Exams,5916492,"Jason Dion • 3 Million+ Enrollments Worldwide, Dion Training Solutions • ATO for ITIL & PRINCE2, Dion Training Solutions • ATO for ITIL & PRINCE2, Dion Training Solutions, Jason Dion • 2.8 Million+ Enrollments Worldwide","CompTIA Tech+, IT Certifications, IT & Software",CompTIA Security+,All Levels,N/A,4.5,148,1257,"Rp149,000",4/2026,0,0,0,https://www.udemy.com/course/comptia-comptia-tech-fc0-u71-6-practice-exams/
PT0-003 CompTIA PenTest+ Practice Exams [2026],7089153,Nex Arc,"CompTIA PenTest+, Information Security, IT Certifications, IT & Software",CompTIA Security+,All Levels,N/A,5.0,39,310,"Rp149,000",3/2026,0,0,0,https://www.udemy.com/course/comptia-pentest-plus-practice-exam/
CompTIA CySA+ REALISTIC Practice Exam (WITH LOGS!),6520439,Cyber James,"Network & Security, IT & Software",CompTIA Security+,Beginner,N/A,4.5,89,550,"Rp149,000",7/2025,0,0,0,https://www.udemy.com/course/comptiacysa/
Data Security Fundamentals,6586729,George Smarts,"Data Security, Network Security, Information Security, Network & Security, IT & Software",CompTIA Security+,Beginner,4 hours,4.4,400,1437,"Rp149,000",4/2026,1,0,13,https://www.udemy.com/course/data-security-fundamentals/
TOTAL: CompTIA Network+ (N10-009) + Practice Exam,1780698,"Total Seminars Over 1 Million Enrollments, Mike Meyers","CompTIA Network+, Network & Security, IT Certifications, IT & Software",CompTIA Security+,All Levels,19 hours,4.6,34431,138071,"Rp159,000",1/2026,0,0,19,https://www.udemy.com/course/comptia-networkplus-certification/
CompTIA Server+ Course & Lab for Exam SK0-005 - Complete,6784117,Vision Training Systems : IT Training,"IT Networking Fundamentals, CompTIA Server+, Computer Network, IT Certifications, IT & Software",CompTIA Security+,Beginner,29.5 hours,4.8,156,1094,"Rp149,000",12/2025,0,0,7,https://www.udemy.com/course/comptia-server-sk0-005-certification-full-course/
ISC2 Certified in Cybersecurity (CC) Full Practice Exams '26,4940470,"Paulo Carreira • PhD, CISSP, CDPO, Andree Miranda • CISSP","Certified in Cybersecurity (CC), IT Certifications, IT & Software",CompTIA Security+,Beginner,N/A,4.6,3699,21705,"Rp159,000",3/2026,0,0,0,https://www.udemy.com/course/certified-in-cybersecurity-cc-exam-preparation/
CompTIA Project+ (PK0-005) Complete Course & Practice Exam,5124112,"Jason Dion • 3 Million+ Enrollments Worldwide, Dion Training Solutions • ATO for ITIL & PRINCE2, Dion Training Solutions • ATO for ITIL & PRINCE2, Reed Bidgood, Dion Training Solutions, Jason Dion • 2.8 Million+ Enrollments Worldwide","CompTIA Project+, IT Certifications, IT & Software",CompTIA Security+,Intermediate,16.5 hours,4.6,2551,16813,"Rp159,000",4/2026,1,0,3,https://www.udemy.com/course/comptia-project-pk0-005-complete-course-practice-exam/
CompTIA Network+ N10-009 Practice Exams,6180741,"TIA Training, Andrew Ramdayal","CompTIA Network+, IT Certifications, IT & Software",CompTIA Security+,All Levels,N/A,4.5,713,7331,"Rp149,000",8/2025,0,0,0,https://www.udemy.com/course/network-plus-practice-exams/
Introduction to Cyber Security,384788,Michael Goedeker,"Cybersecurity, Network & Security, IT & Software",CompTIA Security+,All Levels,14 hours,4.4,461,1998,"Rp149,000",10/2023,0,0,6,https://www.udemy.com/course/intro2cybersec/
2025 CompTIA Network Plus (N10-009) Course & Lab Guides,6611973,Vision Training Systems : IT Training,"CompTIA Network+, Network & Security, IT & Software",CompTIA Security+,Beginner,41.5 hours,4.7,95,739,"Rp149,000",11/2025,0,0,7,https://www.udemy.com/course/comptia-network-n10-009-vision/
IBM Cybersecurity Analyst Professional Certificate Assessmen,5600316,Rahmadi Setiawan,"Cybersecurity, IT Certifications, IT & Software",CompTIA Security+,Expert,N/A,4.6,20,73,"Rp149,000",10/2023,0,0,0,https://www.udemy.com/course/ibm-cybersecurity-analyst-professional-certificate-assessmen/
CompTIA DataX (DY0-001) | CompTIA DataX Certification Prep,6469565,"Oak Academy, OAK Academy Team, Ali̇ CAVDAR","CompTIA DataAI, Data Science, Data Analysis, Statistics, IT Certifications",CompTIA Security+,All Levels,28 hours,4.4,12,631,"Rp159,000",4/2026,2,0,1,https://www.udemy.com/course/comptia-datax-dy0-001-comptia-datax-certification-prep/
CompTIA IT Fundamentals Exam FC0-U61 Simplified,4877406,"TIA Training, Andrew Ramdayal","CompTIA IT Fundamentals (ITF+) (Retired), IT Certifications, IT & Software",CompTIA Security+,All Levels,6 hours,4.6,938,8945,"Rp149,000",9/2022,0,0,0,https://www.udemy.com/course/comptia-it-fundamentals-simplified/
Internet Security: A Hands-on Approach,2506082,Wenliang Du,"Network Security, Cybersecurity, Ethical Hacking, TCP/IP, Network & Security",CompTIA Security+,All Levels,19.5 hours,4.8,1071,7885,"Rp159,000",8/2023,9,0,11,https://www.udemy.com/course/du-internet-security/
CySA+: Hands-on Approach & Practice Tests All-in-One Course,6591645,"Mike S, Josh G","CompTIA Cybersecurity Analyst (CySA+), Network & Security, IT & Software",CompTIA Security+,Intermediate,41.5 hours,4.3,15,174,"Rp5,669,000",1/2026,1,0,0,https://www.udemy.com/course/cysa-hands-on-approach-practice-tests-all-in-one-course/
6 FULL Certified in Cybersecurity (CC) tests #1-6 ISC2 2026,5546712,"Thor Pedersen | 670,000+ Enrollments Worldwide, ThorTeaches Support","Certified in Cybersecurity (CC), Cybersecurity Awareness, Cybersecurity, Information Security, IT Certifications",CompTIA Security+,Beginner,N/A,4.4,734,9113,"Rp159,000",3/2026,0,0,0,https://www.udemy.com/course/isc2-certified-in-cybersecurity-cc-tests1/
Ethical Hacking: Network Security & Network Layer Attack,1850796,"Muharrem AYDIN, OAK Academy Team","Network Security, Network & Security, IT & Software",CompTIA Security+,All Levels,6.5 hours,4.8,1094,8218,"Rp149,000",4/2026,4,0,1,https://www.udemy.com/course/network-for-penetration-testers-fundamentals-attacks/
Passing Certification Exams with Strategic Test Taking!,1338022,"Jason Dion • 3 Million+ Enrollments Worldwide, Dion Training Solutions • ATO for ITIL & PRINCE2, Dion Training Solutions • ATO for ITIL & PRINCE2, Jason Dion • 2.8 Million+ Enrollments Worldwide","Test Taking Skills, IT Certifications, IT & Software",CompTIA Security+,All Levels,3 hours,4.6,4595,23400,"Rp199,000",4/2026,1,0,1,https://www.udemy.com/course/better-testing/
TOTAL: CompTIA PenTest+ (PT0-003) Course,1968490,"Total Seminars Over 1 Million Enrollments, Michael Solomon","CompTIA PenTest+, IT Certifications, IT & Software",CompTIA Security+,All Levels,13.5 hours,4.7,2438,25133,"Rp149,000",3/2026,0,0,30,https://www.udemy.com/course/ethical-hacking-and-comptia-pentest-exam-prep-pt0-001/
SecurityX Certification Course – Master Modern Cyber Defence,6120079,"Cyvitrix Learning | CISSP, CISM, CISA, GRC, Security+, SecAI+, Security+ Courses","CompTIA SecurityX, IT Certifications, IT & Software",CompTIA Security+,All Levels,26 hours,4.5,86,444,"Rp149,000",1/2026,0,0,0,https://www.udemy.com/course/comptia-advanced-security-practionier-casp-exam-cas-004/
CompTIA SecurityX Certification Training (CAS-005),6613379,Vision Training Systems : IT Training,"CompTIA SecurityX, IT Certifications, IT & Software",CompTIA Security+,Expert,15 hours,4.6,27,162,"Rp149,000",5/2025,0,0,6,https://www.udemy.com/course/comptia-securityx-certification-training-cas-005/
Computer Security: A Hands-on Approach,2504050,Wenliang Du,"Cybersecurity, Network & Security, IT & Software",CompTIA Security+,All Levels,12 hours,4.6,973,6328,"Rp149,000",8/2023,8,0,0,https://www.udemy.com/course/du-computer-security/
CompTIA Sec AI+ Certification Prep Course,6321823,YouAccel Training,"Artificial Intelligence (AI), IT Certifications, IT & Software",CompTIA Security+,All Levels,18 hours,3.8,80,3829,"Rp159,000",11/2025,1,0,75,https://www.udemy.com/course/comptia-sec-ai-certification/
CompTIA Data+ (DA0-001) Practice Certification Exams,4635594,"Jason Dion • 3 Million+ Enrollments Worldwide, Dion Training Solutions • ATO for ITIL & PRINCE2, Dion Training Solutions • ATO for ITIL & PRINCE2, Reed Bidgood, Dion Training Solutions, Jason Dion • 2.8 Million+ Enrollments Worldwide","CompTIA Data+, IT Certifications, IT & Software",CompTIA Security+,All Levels,N/A,4.1,158,2760,"Rp149,000",3/2026,0,0,0,https://www.udemy.com/course/comptia-data-practice-exams/
CompTIA Sec AI+ Practice Tests (CY1-001),6654333,Raghu The Security Expert,"Cybersecurity, IT Certifications, IT & Software",CompTIA Security+,All Levels,N/A,4.8,6,535,"Rp149,000",10/2025,0,0,0,https://www.udemy.com/course/comptia-security-ai-plus-practice-tests/
Mastering Leadership in Cybersecurity Oversight,6796867,"Starweaver Experts, Paul Siegel, Mark Peters","IT Certifications, IT & Software",CompTIA Security+,Expert,3.5 hours,4.7,15,707,"Rp149,000",4/2026,18,0,5,https://www.udemy.com/course/mastering-leadership-in-cybersecurity-oversight/
CompTIA A+ (220-1201) Core 1 Practice Exams,5774012,"TIA Training, Andrew Ramdayal","CompTIA A+, IT Certifications, IT & Software",CompTIA Security+,All Levels,N/A,4.4,310,5354,"Rp149,000",2/2026,0,0,0,https://www.udemy.com/course/comptiaaplucore1practiceexams/
CompTIA A+ (220-1202) Core 2 Practice Exams,5774018,"TIA Training, Andrew Ramdayal","CompTIA A+, IT Certifications, IT & Software",CompTIA Security+,All Levels,N/A,4.6,206,4810,"Rp149,000",11/2025,0,0,0,https://www.udemy.com/course/comptiaaplucore2practiceexams/
CompTIA Security+ (SY0-701): 6 Advanced Practice Exams 2026,6966471,Nabil Anine,"CompTIA Security+, IT Certifications, IT & Software",CompTIA Security+,All Levels,N/A,4.3,N/A,1,"Rp149,000",12/2025,0,0,0,https://www.udemy.com/course/comptia-security-sy0-701-6-advanced-practice-exams-2025/
"CompTIA Security+ (SY0-701) 1,000+ Practice Questions 2026",7101251,Raj R,"CompTIA Security+, IT Certifications, IT & Software",CompTIA Security+,All Levels,N/A,5.0,1,122,"Rp149,000",3/2026,0,0,0,https://www.udemy.com/course/comptia-security-practice-questions/
Cyber Security Course: From Beginner to Specialist,7008819,Providence Essien,"Cybersecurity, Network & Security, IT & Software",CompTIA Security+,All Levels,1.5 hours,4.9,63,128,"Rp149,000",1/2026,0,0,0,https://www.udemy.com/course/cyber-security-course-from-beginner-to-specialist/
End User Security Awareness,5364506,Stone River eLearning,"Cybersecurity Awareness, Other IT & Software, IT & Software",CompTIA Security+,All Levels,3 hours,5.0,3,12,"Rp149,000",6/2023,0,0,0,https://www.udemy.com/course/end-user-security-awareness/
CAS-005 CompTIA SecurityX Practice Exams [2026],7105863,Nex Arc,"Cryptography, Zero Trust Security, CompTIA SecurityX, Cloud Security, IT Certifications",CompTIA Security+,All Levels,N/A,5.0,30,300,"Rp149,000",3/2026,0,0,0,https://www.udemy.com/course/comptia-securityx-practice-tests/
The Human Firewall-A Cybersecurity Awareness Thriller Series,6947647,Anand Rao Nednur,"Cybersecurity Awareness, Network & Security, IT & Software",CompTIA Security+,Beginner,1 hour,4.9,37,102,"Rp149,000",2/2026,0,0,2,https://www.udemy.com/course/the-human-firewall-a-cybersecurity-thriller/
CompTIA Pentest+ PT0-002 ( Ethical Hacking & Pentest+ ) Lab,5006526,"Oak Academy, OAK Academy Team","CompTIA PenTest+, Cybersecurity, Ethical Hacking, Penetration Testing, Network & Security",CompTIA Security+,All Levels,32.5 hours,4.6,171,2078,"Rp149,000",4/2026,4,0,1,https://www.udemy.com/course/comptia-pentest-pt0-002-ethical-hacking-pentest-lab/
"AI for Cyber Security : Threat Detection, SOC Automation",6860481,Selfcode Academy,"Artificial Intelligence (AI), Cybersecurity, Network & Security, IT & Software",CompTIA Security+,All Levels,23.5 hours,4.6,399,2588,"Rp149,000",12/2025,0,0,1,https://www.udemy.com/course/ai-for-cybersecurity-threat-detection-soc-automation/
Cyber Secuirty Expert Course,5277350,"Satyendra Singh (NCFM and NSIM certified ) Technical analyst, portfolio manager,ML, blockchain expert","Cybersecurity, Network & Security, IT & Software",CompTIA Security+,Intermediate,5 hours,4.5,80,182,"Rp149,000",10/2024,0,0,0,https://www.udemy.com/course/cyber-secuirty-expert/
Cyber Security For Beginners,6213261,SP Classes,"Cybersecurity, IT Certifications, IT & Software",CompTIA Security+,Beginner,50 hours,4.4,263,1407,"Rp149,000",3/2026,5,0,0,https://www.udemy.com/course/cyber-security-for-beginners-cyber-security-hacking/
AI Prompt Engineering For Cybersecurity Pros,6843411,"Jason Dion • 3 Million+ Enrollments Worldwide, Brandon Spencer, Jason Dion • 2.8 Million+ Enrollments Worldwide","Generative AI (GenAI), Network & Security, IT & Software",CompTIA Security+,All Levels,8.5 hours,4.6,87,1173,"Rp159,000",4/2026,4,0,7,https://www.udemy.com/course/ai-prompt-engineering-cybersecurity/
CompTIA A+ (220-1101 & 220-1102),4829152,Stone River eLearning,"CompTIA A+, IT Certifications, IT & Software",CompTIA Security+,All Levels,20 hours,4.4,1141,5891,"Rp149,000",9/2024,0,0,14,https://www.udemy.com/course/comptia-a-220-1101-220-1102/
TOTAL: CompTIA Tech+ (FC0-U71),1302896,"Total Seminars Over 1 Million Enrollments, Scott Jernigan","CompTIA IT Fundamentals (ITF+) (Retired), IT Fundamentals, IT Certifications, IT & Software",CompTIA Security+,Beginner,5 hours,4.6,13138,31759,"Rp149,000",4/2026,0,0,10,https://www.udemy.com/course/it-fundamentals-fc0-u61-the-total-course/
Complete Network Security: Get Certified in Cyber Security,6002130,Apex Education,"Network Security, Network & Security, IT & Software",CompTIA Security+,All Levels,15.5 hours,4.2,68,236,"Rp149,000",6/2024,0,0,0,https://www.udemy.com/course/complete-network-security-get-certified-in-cyber-security/
Cybersecurity Fundamentals: Beginner to Pro Practitioner,7059897,"Bayo Idowu (MSc., CISSP, CISM, CISA, CRISC, Sec+, PMP, AWS CCP, AIGP)","Network & Security, IT & Software",CompTIA Security+,All Levels,1.5 hours,5.0,96,102,"Rp249,000",3/2026,0,0,0,https://www.udemy.com/course/cybersecurity-from-basics-to-career-ready/
CompTIA PenTest+ PT0-003 Complete Course & Exam Prep 2025,6670723,Vision Training Systems : IT Training,"CompTIA PenTest+, IT Certifications, IT & Software",CompTIA Security+,Intermediate,29.5 hours,4.5,51,1422,"Rp149,000",12/2025,0,0,5,https://www.udemy.com/course/comptia-pentest-pt0-003-complete-course-practice-test/
CompTIA A+ 220-1102 (Core 2) & 2025 CompTIA A+ (220-1202)!!,6479723,Mana Dowlatshahi Yeganeh,"CompTIA A+, Network Administration, Computer Science, Computer Architecture, IT Certifications",CompTIA Security+,All Levels,23.5 hours,4.8,6,471,"Rp149,000",3/2026,47,0,11,https://www.udemy.com/course/comptia-a-220-1102-core-2-2025-comptia-a-220-1202/
"CompTIA A+ CompTIA A+ 220-1201, CompTIA A+ 220-1202 Prep Lab",4735232,"Oak Academy, OAK Academy Team","CompTIA A+, IT / Technical Support, Linux, CompTIA IT Fundamentals (ITF+) (Retired), IT Certifications",CompTIA Security+,All Levels,19 hours,4.3,605,4365,"Rp149,000",4/2026,3,0,0,https://www.udemy.com/course/comptia-a-comptia-a-220-1101-comptia-a-220-1102-prep-lab/
CompTIA Network+ N10-009 REALISTIC Practice Exams!,6314251,Cyber James,"CompTIA Network+, IT Certifications, IT & Software",CompTIA Security+,All Levels,N/A,4.5,21,177,"Rp149,000",5/2025,0,0,0,https://www.udemy.com/course/passnetworkplus/
Application Security Fundamentals for the Absolute Beginners,5038250,"A Security Guru, Raghu The Security Expert","Web Application Security, OWASP, Network & Security, IT & Software",CompTIA Security+,Beginner,6 hours,4.5,2570,8300,"Rp149,000",10/2025,3,0,2,https://www.udemy.com/course/application-security-fundamentals-including-hands-on-demos/
Comptia Cloud+ | Comptia Cloud+ CV0-004 Certification Prep,5487112,"Oak Academy, OAK Academy Team","CompTIA Cloud+, CompTIA Cloud Essentials+ (Retired), Cloud Computing, Cloud Management, IT Certifications",CompTIA Security+,All Levels,18.5 hours,4.2,23,572,"Rp149,000",4/2026,1,0,0,https://www.udemy.com/course/comptia-cloud-comptia-cloud-cv0-003-certification-prep/
CompTIA Data+ (DA0-001) | CompTIA Data Certification Course,5883748,"Oak Academy, OAK Academy Team, Ali̇ CAVDAR","CompTIA Data+, Data Science, Statistics, Data Analysis, IT Certifications",CompTIA Security+,All Levels,13.5 hours,4.2,36,910,"Rp149,000",4/2026,1,0,0,https://www.udemy.com/course/comptia-data-da0-001-comptia-data-certification-course/
CompTIA Security+ SY0-701 Practice Exams: 3 Tests to Pass,7082491,Syed Parvez,"CompTIA Security+, IT Certifications, IT & Software",CompTIA Security+,Intermediate,N/A,5.0,1,101,"Rp5,669,000",3/2026,0,0,0,https://www.udemy.com/course/comptia-security-plus-sy0-701/
CompTIA Security+ SY0-701: 6 Practice Tests (660 Questions),7046329,Atlas Digital,"CompTIA Security+, IT Certifications, IT & Software",CompTIA Security+,All Levels,N/A,4.3,N/A,N/A,"Rp149,000",2/2026,0,0,0,https://www.udemy.com/course/comptia-security-sy0-701-6-practice-tests-660-questions/
AI Cybersecurity Foundations: Job-Ready Security Skills,7026865,"Bayo Idowu (MSc., CISSP, CISM, CISA, CRISC, Sec+, PMP, AWS CCP, AIGP)","Network & Security, IT & Software",CompTIA Security+,Beginner,2.5 hours,5.0,90,111,"Rp249,000",3/2026,0,0,0,https://www.udemy.com/course/job-ready-cybersecurity-protect-data-build-tech-career-online/
Everyday Cybersecurity: Protect Your Digital Life,6584701,Eduonix Learning Solutions,"Cybersecurity, Virtual Private Networks (VPNs), Network & Security, IT & Software",CompTIA Security+,All Levels,41 mins,5.0,1,19,"Rp149,000",5/2025,0,0,0,https://www.udemy.com/course/everyday-cybersecurity-tools-for-safer-living/
Cyber Security Awareness: Training for Online Safety (2026),5015624,"Nasser Alaeddine | Ph.D., CISSP, CISM, PMP","Cybersecurity Awareness, Network & Security, IT & Software",CompTIA Security+,Beginner,2 hours,4.5,2019,24837,"Rp149,000",1/2026,1,0,13,https://www.udemy.com/course/cyber-security-awareness-course/
Keep Cyber Simple!,4807788,Larry Watlington,"Cybersecurity, Network & Security, IT & Software",CompTIA Security+,All Levels,6 hours,4.9,12,242,"Rp149,000",12/2023,0,0,17,https://www.udemy.com/course/keep_cyber_simple/
cyber security fundamentals,3873330,Ahmed Zekraoui,"Cybersecurity, Network & Security, IT & Software",CompTIA Security+,Beginner,1.5 hours,4.4,265,18442,"Rp149,000",3/2022,0,0,0,https://www.udemy.com/course/cybersecurity-fundamentals/
Information Security A-Z: Cyber Security Bootcamp,3996346,"SecuritasX™ IT Training, SecuritasX Careers","Information Security, Cybersecurity, Data and Information Management, Risk Management, Network & Security",CompTIA Security+,All Levels,12.5 hours,4.5,2532,11416,"Rp149,000",7/2024,0,0,0,https://www.udemy.com/course/information-security-a-z-bootcamp/
"Cybersecurity for Emerging Tech: AI, Cloud & Zero Trust",7067189,"Bayo Idowu (MSc., CISSP, CISM, CISA, CRISC, Sec+, PMP, AWS CCP, AIGP)","Network & Security, IT & Software",CompTIA Security+,All Levels,1 hour,5.0,100,102,"Rp249,000",3/2026,0,0,0,https://www.udemy.com/course/emerging-technologies-in-cybersecurity/
ChatGPT for SOC Analyst: Master Cyber Security with AI,5789000,Pavel Hrabec,"ChatGPT, Artificial Intelligence (AI), Cybersecurity, Cloud Security, Network & Security",CompTIA Security+,All Levels,7 hours,4.5,5063,15804,"Rp149,000",3/2026,0,0,22,https://www.udemy.com/course/chatgpt-for-soc-analyst-master-cyber-security-with-ai/
Security Awareness Training for Employees 2026 + Free Ebook,5608990,Yaz Bekkar,"Cybersecurity Awareness, Business Strategy, Business",CompTIA Security+,All Levels,1.5 hours,4.5,1524,9735,"Rp149,000",2/2026,1,0,1,https://www.udemy.com/course/security-awareness-training-cyber-security-for-everyone/
CompTIA Pentest+ PT0-002 (Ethical Hacking& Pentest) Prep Lab,5006576,"Muharrem AYDIN, OAK Academy Team","CompTIA PenTest+, Cybersecurity, Ethical Hacking, Penetration Testing, IT Certifications",CompTIA Security+,All Levels,24 hours,4.8,21,1964,"Rp149,000",4/2026,3,0,1,https://www.udemy.com/course/comptia-pentest-pt0-002-ethical-hacking-pentest-prep-lab/
Network+ | Comptia Network Plus (N10-008) Certification Prep,5617176,"Oak Academy, OAK Academy Team","CompTIA Network+, IT Networking Fundamentals, Cisco Certified Network Associate (CCNA), Computer Network, IT Certifications",CompTIA Security+,All Levels,14.5 hours,4.3,16,1019,"Rp5,239,000",4/2026,2,0,0,https://www.udemy.com/course/network-comptia-network-plus-n10-008-certification-prep/
"CompTIA A+ Lab & Comptia A 220-1001, 220-1002 Practice Exams",4591290,"Oak Academy, OAK Academy Team","CompTIA A+, IT / Technical Support, Linux, CompTIA IT Fundamentals (ITF+) (Retired), IT Certifications",CompTIA Security+,All Levels,9 hours,4.1,70,260,"Rp149,000",4/2026,3,0,0,https://www.udemy.com/course/comptia-a-lab-comptia-a-220-1001-220-1002-practice-exams/
TOTAL: CompTIA Network+ (N10-009): 4 Practice Exams,1789766,Total Seminars Over 1 Million Enrollments,"CompTIA Network+, IT Certifications, IT & Software",CompTIA Security+,All Levels,N/A,4.6,2575,27512,"Rp149,000",4/2025,0,0,0,https://www.udemy.com/course/comptia-networkplus-practice-exams/
The Complete Cyber Security Course : End Point Protection!,872460,Nathan House,"Cybersecurity, Network & Security, IT & Software",CompTIA Security+,All Levels,16.5 hours,4.4,7131,101869,"Rp159,000",3/2024,1,0,0,https://www.udemy.com/course/the-complete-cyber-security-course-end-point-protection/
CompTIA Network+ N10-008,4626322,Vision Training Systems : IT Training,"CompTIA Network+, IT Certifications, IT & Software",CompTIA Security+,Beginner,46.5 hours,4.6,232,1105,"Rp149,000",4/2022,0,0,16,https://www.udemy.com/course/comptia-network-n10-008-f/
Foundations of Cybersecurity by TechKnowSurge,6113665,TechKnowSurge (Andrew Grimes),"Cybersecurity, Network & Security, IT & Software",CompTIA Security+,Beginner,9 hours,4.7,5,15,"Rp149,000",10/2024,1,0,0,https://www.udemy.com/course/foundations-of-cybersecurity/
CompTIA Linux+ (XK0-004),4618816,Vision Training Systems : IT Training,"CompTIA Linux+, Operating Systems & Servers, IT & Software",CompTIA Security+,Beginner,25 hours,4.6,144,641,"Rp149,000",3/2022,0,0,0,https://www.udemy.com/course/comptialinuxxk0-004/
CompTIA Security Plus Certification Practice Exams,7021733,Ruane ribeiro,"CompTIA Security+, IT Certifications, IT & Software",CompTIA Security+,All Levels,N/A,4.3,N/A,N/A,"Rp149,000",1/2026,0,0,0,https://www.udemy.com/course/comptia-security-plus-certification-practice-exams-b/
Artificial Intelligence & ChatGPT for Cyber Security 2026,5666936,"Luka Anicin, Aleksa Tamburkovski","Cybersecurity, Artificial Intelligence (AI), Python, Network & Security, IT & Software",CompTIA Security+,All Levels,7 hours,4.6,7372,21557,"Rp159,000",1/2026,10,0,8,https://www.udemy.com/course/artificial-intelligence-chatgpt-for-cyber-security-2024/
CompTIA Security+ (SY0-701),6950311,Samuel Adegboyega,"IT Certifications, IT & Software",CompTIA Security+,Beginner,N/A,N/A,N/A,1,"Rp1,499,000",12/2025,0,0,0,https://www.udemy.com/course/comptia-security-sy0-701-xs/
Essential Cybersecurity Practices for the Modern Age,5258120,Georgi Ginchev,"Cybersecurity, Network & Security, IT & Software",CompTIA Security+,Beginner,41 mins,4.5,44,2290,"Rp149,000",4/2023,0,0,0,https://www.udemy.com/course/essential-cybersecurity-practices-for-the-modern-age/
CompTIA Cybersecurity Analyst (CySA+) Certification Course,6344949,Jeremy Chew,"CompTIA Cybersecurity Analyst (CySA+), IT Certifications, IT & Software",CompTIA Security+,All Levels,11 hours,4.5,29,180,"Rp149,000",1/2026,2,0,1,https://www.udemy.com/course/comptia-cysa-plus-certification-cybersecurity-analyst-training/
CompTIA Advanced Security Practitioner (CASP+ Exam CAS-003),2134674,Stone River eLearning,"CompTIA SecurityX, Network & Security, IT Certifications, IT & Software",CompTIA Security+,All Levels,12 hours,4.5,1096,6894,"Rp149,000",3/2019,0,0,6,https://www.udemy.com/course/comptia-advanced-security-practitioner-casp-exam-cas-003/
CompTIA Security+ 2025 100% Aligned Practice Tests,6715259,Dip Rawal,"CompTIA Security+, IT Certifications, IT & Software",CompTIA Security+,Beginner,N/A,4.3,N/A,N/A,"Rp149,000",8/2025,0,0,0,https://www.udemy.com/course/comptia-security-2025-100-aligned-practice-tests/
"Data Privacy and Cybersecurity - Enterprise Risk, Regulation",6997109,Learnsector LLP,"Cybersecurity, Network & Security, IT & Software",CompTIA Security+,All Levels,2 hours,5.0,1,100,"Rp149,000",2/2026,0,0,0,https://www.udemy.com/course/data-privacy-and-cybersecurity-enterprise-risk-regulation/
Complete Ethical Hacking & Cyber Security Masterclass Course,2497526,"Joe Parys, Aleksa Tamburkovski, Joe Parys Support","Ethical Hacking, Cybersecurity, Network & Security, IT & Software",CompTIA Security+,All Levels,13.5 hours,4.7,2102,46417,"Rp149,000",8/2025,1,0,0,https://www.udemy.com/course/ethicalhackingcourse/
Networking Fundamentals for Cybersecurity,5941770,Jobskillshare Community,"Cybersecurity, Network & Security, IT & Software",CompTIA Security+,Beginner,11.5 hours,4.3,88,1400,"Rp149,000",5/2024,2,0,0,https://www.udemy.com/course/networking-fundamentals-for-cybersecurity/
Ultimate CompTIA CySA+ Practice Test Questions CS0-003 2026,5832056,Anthony Today | Certified CISSP • CISM • CISA,"CompTIA Cybersecurity Analyst (CySA+), Ethical Hacking, Cybersecurity, Information Security, Network & Security",CompTIA Security+,All Levels,N/A,4.0,4,1038,"Rp149,000",12/2025,0,0,0,https://www.udemy.com/course/ultimate-comptia-cysa-practice-test-questions/
Cybersecurity awareness with AI risks 2026 + Exam,4527030,Martins Gills,"Information Security, Network & Security, IT & Software",CompTIA Security+,Beginner,2 hours,4.6,1582,3158,"Rp149,000",2/2026,0,0,1,https://www.udemy.com/course/infosec-for-employees/
Cybersecurity Career Switch: Fast Track to Success - Part 01,6067099,Humayun Khan,"Network & Security, IT & Software",CompTIA Security+,All Levels,7.5 hours,4.9,18,82,"Rp149,000",8/2024,1,0,45,https://www.udemy.com/course/cybersecurity-career-switch-fast-track-to-success-part-01/
CompTIA Security+ (SY0-701) Complete Course & Practice Exams,6987941,Mark Anthony Germanos,"IT Certifications, IT & Software",CompTIA Security+,Intermediate,19 hours,N/A,N/A,N/A,"Rp149,000",12/2025,0,0,32,https://www.udemy.com/course/comptia-securityplus-sy0-701-complete-course-and-practice-exams/
CompTIA Security+ (SY0-701) – Real Exam Questions,6517703,Akshat Sawraj,"Other IT & Software, IT & Software",CompTIA Security+,All Levels,N/A,2.3,N/A,N/A,"Rp149,000",3/2025,0,0,0,https://www.udemy.com/course/comptia-security-sy0-701-real-exam-questions/
Productive NIST Cybersecurity Framework (CSF) Essentials,6666333,Force Academy,"NIST Cybersecurity Framework (CSF), Network & Security, IT & Software",CompTIA Security+,All Levels,1.5 hours,5.0,64,179,"Rp149,000",6/2025,0,0,0,https://www.udemy.com/course/productive-nist-cybersecurity-framework-csf-essentials/
Professional Security Officer/Security Guard Training,5095768,Fox Bravo,"Physical Security, Career Development, Personal Development",CompTIA Security+,All Levels,1.5 hours,4.5,425,988,"Rp149,000",5/2023,0,0,0,https://www.udemy.com/course/professional-security-officer-training/
Security Fundamentals,5297022,Stone River eLearning,"Operating System, Network & Security, IT & Software",CompTIA Security+,All Levels,7 hours,3.7,4,16,"Rp149,000",4/2023,0,0,1,https://www.udemy.com/course/security-fundamentals-t/
6 FULL Certified in Cybersecurity (CC) tests #7-12 ISC2 2026,5546714,"Thor Pedersen | 670,000+ Enrollments Worldwide, ThorTeaches Support","Cybersecurity Awareness, Certified in Cybersecurity (CC), Cybersecurity, Information Security, IT Certifications",CompTIA Security+,Beginner,N/A,4.1,214,3390,"Rp149,000",3/2026,0,0,0,https://www.udemy.com/course/isc2-certified-in-cybersecurity-cc-tests2/
The Complete Cyber Security Course : Anonymous Browsing!,875976,Nathan House,"Cybersecurity, Network & Security, IT & Software",CompTIA Security+,All Levels,13.5 hours,4.7,6459,105721,"Rp149,000",3/2024,1,0,0,https://www.udemy.com/course/the-complete-cyber-security-course-anonymous-browsing/
CompTIA Security+ & Cybersecurity Fundamentals Practice Exam,6823939,SOWROV CHANDRA ROY,"Network & Security, IT & Software",CompTIA Security+,All Levels,N/A,N/A,N/A,N/A,"Rp149,000",9/2025,0,0,0,https://www.udemy.com/course/comptia-security-cybersecurity-fundamentals-practice-exam/
Prepare for CompTIA PenTest+ Exam: 2000+ QAs & PenTest AI..,6478099,Mana Dowlatshahi Yeganeh,"CompTIA PenTest+, Network Administration, Cybersecurity, Artificial Intelligence (AI), IT Certifications",CompTIA Security+,All Levels,22 hours,4.7,2,457,"Rp149,000",3/2026,106,0,12,https://www.udemy.com/course/prepare-for-comptia-pentest-exam-qas-pentest-ai/
CC Certified in Cybersecurity Practice Tests – Unofficial,6758461,Khalil bekloul,"Certified in Cybersecurity (CC), Cybersecurity, IT Certifications, IT & Software",CompTIA Security+,Beginner,N/A,4.9,26,715,N/A,8/2025,0,0,0,https://www.udemy.com/course/cc-certified-in-cybersecurity-practice-tests-unofficial/
CompTIA Advanced Security Practitioner (CASP),984960,Stone River eLearning,"CompTIA SecurityX, Cybersecurity, IT Certifications, IT & Software",CompTIA Security+,All Levels,8 hours,4.2,487,3818,"Rp149,000",12/2016,0,0,0,https://www.udemy.com/course/comptia-advanced-security-practitioner-casp/
Information Security Fundamentals,4790052,Cyber Quince,"Information Security, Network & Security, IT & Software",CompTIA Security+,Beginner,1.5 hours,4.4,1515,71489,"Rp149,000",8/2022,0,0,18,https://www.udemy.com/course/infosec-fundamentals/
Cybersecurity for Absolute Beginners: Online Security,4740638,"Alton Teaches LLC, Alton Hardin | 250,000+ Enrollments Worldwide","Cybersecurity, Network Security, Cybersecurity Awareness, Network & Security, IT & Software",CompTIA Security+,Beginner,5.5 hours,4.5,562,2233,"Rp149,000",2/2026,7,0,25,https://www.udemy.com/course/cyber-security-for-absolute-beginners-online-security/
CompTIA Network+ (Exam N10-009) Practice Tests,6012616,On Top eLearning,"CompTIA Network+, IT Certifications, IT & Software",CompTIA Security+,All Levels,N/A,5.0,177,475,"Rp149,000",1/2026,0,0,0,https://www.udemy.com/course/comptia-network-plus-n10-009-practice-test/
Cybersecurity in Finance,6459621,Workplace Artificial Intelligence Skills Academy,"Finance, Finance & Accounting",CompTIA Security+,All Levels,1 hour,4.6,53,96,"Rp159,000",2/2025,0,0,7,https://www.udemy.com/course/cybersecurity-in-finance/
Cyber Security Beginner to Pro: Hands-On Labs + Job Skills,4762400,Aashir Masood,"Cybersecurity, Digital Forensics, Ethical Hacking, Information Security, Network & Security",CompTIA Security+,All Levels,8.5 hours,4.4,74,751,"Rp149,000",6/2025,0,0,0,https://www.udemy.com/course/learn-cyber-security-from-beginning-to-expert-level/
Crack the Cyber Security Career Code,3958168,Mobolaji Moyosore,"Cybersecurity, Network & Security, IT & Software",CompTIA Security+,Beginner,3 hours,4.7,22,87,"Rp149,000",5/2021,0,0,5,https://www.udemy.com/course/crack-the-cyber-security-career-code/
Cyber Security Masterclass: Testing and Security Assessment,4668468,Trenton Jennings,"Cybersecurity, Network & Security, IT & Software",CompTIA Security+,All Levels,3 hours,4.5,38,193,"Rp149,000",1/2026,2,0,0,https://www.udemy.com/course/cyber-security-masterclass-testing-and-security-assessment/
CompTIA Security+ (SY0-701) Practice Exams,6638431,Jesica Smith,"CompTIA Security+, Network Security, Risk Management, IT Certifications, IT & Software",CompTIA Security+,Beginner,N/A,4.3,N/A,N/A,"Rp149,000",5/2025,0,0,0,https://www.udemy.com/course/comptia-security-sy0-701-practice-exams-h/
CompTIA CySA+ (CS0‑003) Practice Test Certification Exam,6692623,HACKALYS Academy | 750.000+ Students Enrollments Worldwide,"CompTIA Cybersecurity Analyst (CySA+), CompTIA Security+, Security Operations Center (SOC) Analyst Skills, Blue Team Defensive Security, IT Certifications",CompTIA Security+,All Levels,N/A,5.0,2,14,"Rp149,000",4/2026,0,0,0,https://www.udemy.com/course/comptia-cysa-practice-test-certification-exam/
Comptia A+ 220-1001 and 220-1002 Practice Exams | CompTIA A+,4618688,"Oak Academy, OAK Academy Team","CompTIA A+, IT Certifications, IT & Software",CompTIA Security+,All Levels,N/A,4.1,67,252,"Rp149,000",7/2023,0,0,0,https://www.udemy.com/course/comptia-a-220-1001-and-220-1002-practice-exams-comptia-a/
Python for Cybersecurity,4889162,Lloyd Ramsey,"Python, Network & Security, IT & Software",CompTIA Security+,Beginner,5 hours,4.5,594,10241,"Rp149,000",3/2024,0,0,4,https://www.udemy.com/course/python-for-cyber/
Comptia A+ 220-1001 Practice Exam (Core 1) | CompTIA A+,4568076,"Oak Academy, OAK Academy Team","CompTIA A+, IT Certifications, IT & Software",CompTIA Security+,All Levels,N/A,4.3,42,114,"Rp149,000",7/2023,0,0,0,https://www.udemy.com/course/comptia-a-220-1001-practice-exam-core-1-comptia-a/
Introduction to Security Awareness Campaigns,383250,Michael Goedeker,"Cybersecurity, Network & Security, IT & Software",CompTIA Security+,Intermediate,2.5 hours,4.5,16505,27624,"Rp149,000",8/2022,0,0,10,https://www.udemy.com/course/introduction-to-security-awareness-campaigns/
Learn Cybersecurity: The Ultimate Beginner's Guide,6256459,Kandi Brian,"Cybersecurity, Network & Security, IT & Software",CompTIA Security+,Beginner,18.5 hours,4.6,19,118,"Rp149,000",3/2026,0,0,32,https://www.udemy.com/course/learn-cybersecurity/
Cybersecurity Analyst Bootcamp with Hands-On Case Studies,7008757,Raghu The Security Expert,"Cybersecurity, Network & Security, IT & Software",CompTIA Security+,Beginner,3 hours,4.8,3,48,"Rp149,000",2/2026,1,0,0,https://www.udemy.com/course/cybersecurity-analyst-bootcamp-with-hands-on-case-studies/
Computer Security Made Easy,1221170,Dennis Shats,"Cybersecurity, Network & Security, IT & Software",CompTIA Security+,Beginner,2.5 hours,4.3,28,104,"Rp149,000",9/2017,0,0,38,https://www.udemy.com/course/computer-security-made-easy/
CompTIA Cloud Plus Certification Practice Exams,7021355,Ruane ribeiro,"CompTIA Cloud+, IT Certifications, IT & Software",CompTIA Security+,All Levels,N/A,N/A,N/A,N/A,"Rp149,000",1/2026,0,0,0,https://www.udemy.com/course/comptia-cloud-plus-certification-practice-exams-i/
Cyber Security Fundamentals: Protect Your Devices & Data,5637686,Daniel Gauthier,"Cybersecurity Awareness, Network & Security, IT & Software",CompTIA Security+,Beginner,2 hours,4.7,3,19,"Rp149,000",1/2026,0,0,0,https://www.udemy.com/course/computer-security-for-beginners/
CompTIA Advanced Security Practitioner CASP+ (CAS-004),4713664,Stone River eLearning,"CompTIA SecurityX, IT Certifications, IT & Software",CompTIA Security+,All Levels,13 hours,4.2,11,50,"Rp149,000",6/2022,0,0,5,https://www.udemy.com/course/comptia-advanced-security-practitioner-casp-cas-004/
Cybersecurity for Absolute Beginners: OS Security,4968140,"Alton Teaches LLC, Alton Hardin | 250,000+ Enrollments Worldwide","Cybersecurity, Cybersecurity Awareness, Operating System, Network & Security, IT & Software",CompTIA Security+,Beginner,5.5 hours,4.7,307,1452,"Rp149,000",2/2026,6,0,21,https://www.udemy.com/course/cyber-security-for-absolute-beginners-os-security/
The Cybersecurity Crash Course,5441240,DigitalDefend Academy,"Cybersecurity, Cybersecurity Awareness, Network Security, IT Networking Fundamentals, Network & Security",CompTIA Security+,Beginner,2.5 hours,5.0,3,14,"Rp149,000",6/2025,0,0,1,https://www.udemy.com/course/the-cybersecurity-for-business-crash-course/
Cyber Security for Users 101 - Security Awareness,3205000,David McHale,"Cybersecurity, Information Security, Cybersecurity Social Engineering, Cybersecurity Awareness, Network & Security",CompTIA Security+,Beginner,41 mins,4.2,65,125,"Rp149,000",9/2025,0,0,0,https://www.udemy.com/course/cyber-security-for-users-101-security-awareness/
Security+ (CompTIA SY0-701) Practice Exams and Cybersecurity,6940545,Tyler Boltz,"CompTIA Security+, IT Certifications, IT & Software",CompTIA Security+,Beginner,N/A,4.3,N/A,37,"Rp149,000",11/2025,0,0,0,https://www.udemy.com/course/security-comptia-sy0-701-practice-exams-and-cybersecurity/
Cyber Security Fundamentals: Protect Yourself Online,649780,Jeff Przybylski,"Cybersecurity, Network Security, Network & Security, IT & Software",CompTIA Security+,Beginner,3.5 hours,4.5,8709,20073,"Rp149,000",11/2025,3,0,0,https://www.udemy.com/course/cyber-security-and-internet-safety/
CompTIA Security+ (SY0-701) Practice Exams 2025,6559119,Piyush P,"CompTIA Security+, CompTIA A+, Network Security, CompTIA Network+, Network & Security",CompTIA Security+,All Levels,N/A,4.3,N/A,N/A,"Rp149,000",4/2025,0,0,0,https://www.udemy.com/course/comptia-security-sy0-701-practice-exams-2025/
*2026* CompTIA CySA+ (CS0-003) Practice Exams,6221647,Dean Cyber,"CompTIA Cybersecurity Analyst (CySA+), IT Certifications, IT & Software",CompTIA Security+,All Levels,N/A,4.3,7,106,"Rp159,000",4/2026,0,0,0,https://www.udemy.com/course/comptia-cysa-cs0-practice-exams-simulations/
Gateway to Cyber Security,6452027,Nagarajan Subbu,"Network & Security, IT & Software",CompTIA Security+,All Levels,4 hours,4.9,7,15,"Rp149,000",3/2025,0,0,0,https://www.udemy.com/course/gateway-to-cyber-security/
Comptia Security + SY0-701 Questions,6483201,Jalal Suleymanov,"CompTIA Security+, Network Security, Cybersecurity, Information Security, Other IT & Software",CompTIA Security+,Beginner,N/A,4.3,N/A,1,"Rp149,000",2/2025,0,0,0,https://www.udemy.com/course/comptia-security-sy0-701-questions/
Cyber Security Course,4319086,Tsisana Kharabadze,"Cybersecurity, Network & Security, IT & Software",CompTIA Security+,All Levels,7.5 hours,4.5,18,762,"Rp149,000",12/2021,0,0,0,https://www.udemy.com/course/cyber-security-course/
Cybersecurity for the End User - Beginner,2111168,Intellezy Trainers,"Cybersecurity, Other Business, Business",CompTIA Security+,Beginner,33 mins,3.6,2,8,"Rp149,000",8/2024,0,0,0,https://www.udemy.com/course/cyber-security-for-the-end-user/
Ethical Hacking and Cybersecurity Course for Beginners,5774364,Selfcode Academy,"Ethical Hacking, Cybersecurity, Cryptography, Network & Security, IT & Software",CompTIA Security+,All Levels,20.5 hours,4.3,361,1077,"Rp159,000",10/2024,0,0,1,https://www.udemy.com/course/ethical-hacking-and-cybersecurity/
Cyber Security For Beginners (CYBERSEC101),2873852,Jon Good,"Cybersecurity, Network & Security, IT & Software",CompTIA Security+,Beginner,1 hour,4.4,54,87,"Rp149,000",6/2020,0,0,0,https://www.udemy.com/course/cybersec101/
CompTIA PenTest+ Practice Tests + Detailed Explanations,6995225,"Nandy Bo | InfoSec & Azure Expert | $2,000,000+ Earned On Upwork & Fiverr Pro | 1,000+ Students, Nandy Cyber Success | Turbocharge Your Cybersecurity Career","CompTIA PenTest+, IT Certifications, IT & Software",CompTIA Security+,All Levels,N/A,4.8,53,58,"Rp5,669,000",1/2026,0,0,0,https://www.udemy.com/course/comptia-pentest-practice-tests-detailed-explanations/
Cyber Security: Vulnerability Management,5004374,Styx Security,"Cybersecurity, Network & Security, IT & Software",CompTIA Security+,All Levels,34 mins,4.2,1640,4272,"Rp149,000",2/2023,0,0,0,https://www.udemy.com/course/cyber-security-vulnerability-management/
TOTAL: CompTIA PenTest+ (PT0-003) Practice Tests,4756814,Total Seminars Over 1 Million Enrollments,"CompTIA PenTest+, IT Certifications, IT & Software",CompTIA Security+,All Levels,N/A,3.5,28,2702,"Rp149,000",3/2026,0,0,0,https://www.udemy.com/course/total-comptia-pentest-pt0-002-practice-tests-y/
Cybersecurity Habits Masterclass,3913642,George Finney,"Cybersecurity, Management, Business",CompTIA Security+,Beginner,1.5 hours,4.6,4958,10275,"Rp149,000",10/2022,0,0,1,https://www.udemy.com/course/cybersecurity-habits-masterclass/
Cybersecurity Defense with AI and Gen AI,6287431,"Start-Tech Academy, Abhishek Bansal, Pukhraj Parikh","Cybersecurity, Information Security, Cybersecurity Awareness, Generative AI (GenAI), Network & Security",CompTIA Security+,All Levels,1 hour,4.3,1281,10380,"Rp149,000",3/2026,4,0,0,https://www.udemy.com/course/cybersecurity-with-ai-genai/
CompTIA Security+ (SY0-701) Practice Tests,6564085,Scrumy Thoughts,"CompTIA Security+, Network Security, Information Security, IT Certifications, IT & Software",CompTIA Security+,Beginner,N/A,4.3,N/A,N/A,"Rp5,669,000",4/2025,0,0,0,https://www.udemy.com/course/comptia-security-sy0-701-practice-tests-f/
CyberSecurity Basics,5717250,Exprivia S.p.a.,"Cybersecurity Awareness, Cybersecurity Social Engineering, Malware, Network & Security, IT & Software",CompTIA Security+,Beginner,30 mins,4.7,2,7,"Rp149,000",12/2023,0,0,0,https://www.udemy.com/course/cybersecurity-basics-t/
"Security Awareness Training: Protecting Data, Devices & More",6612619,Mayfair Real Estate Institute,"Cybersecurity Awareness, Business Strategy, Business",CompTIA Security+,All Levels,1.5 hours,4.7,21,359,"Rp149,000",6/2025,1,0,1,https://www.udemy.com/course/security-awareness-training-protecting-data-devices-more/
Information Security Fundamentals - Cyber Security Bootcamp,4000188,"MAQTBA • Over 60,000 Enrollments","Information Security, Network & Security, IT & Software",CompTIA Security+,All Levels,2 hours,4.4,297,23762,"Rp149,000",8/2025,0,0,38,https://www.udemy.com/course/information-security-principles/
CompTIA Cybersecurity Analyst (CySA+) - Exam Practice Tests,5925710,Master Prep,"CompTIA Cybersecurity Analyst (CySA+), IT Certifications, IT & Software",CompTIA Security+,All Levels,N/A,3.0,1,6,"Rp149,000",4/2024,0,0,0,https://www.udemy.com/course/comptia-cybersecurity-analyst-cysa-exam-practice-tests/
Cybersecurity: A Day in the Life,3480568,Stepping Security,"Cybersecurity, Information Security, Network & Security, IT & Software",CompTIA Security+,Beginner,1 hour,4.3,316,14259,"Rp149,000",9/2024,0,0,0,https://www.udemy.com/course/cyber-security-a-day-in-the-life/
A Complete Cyber Security Guide For Beginners 2026,3363282,7 Defence,"Cybersecurity, Network & Security, IT & Software",CompTIA Security+,Beginner,15.5 hours,4.5,878,47320,"Rp149,000",1/2026,37,0,75,https://www.udemy.com/course/a-complete-cyber-security-guide-for-beginners/
Mastering Network Security: Defend Against Cyber Attacks,5341290,OCSALY Academy | 560.000+ Students,"Network Security, Ethical Hacking, IT Networking Fundamentals, Cybersecurity, Network & Security",CompTIA Security+,All Levels,9.5 hours,4.1,637,70393,"Rp149,000",1/2026,0,0,0,https://www.udemy.com/course/master-network-security/
Complete CompTIA CySA+ Certification Prep - Practice Tests,6151589,Hassan Diani,"CompTIA A+, IT Certifications, IT & Software",CompTIA Security+,All Levels,N/A,5.0,1,18,"Rp149,000",9/2024,0,0,0,https://www.udemy.com/course/complete-comptia-cysa-certification-prep-practice-tests/
Cyber Security Interview Questions Practice Test MCQ | Quiz,5675634,Exams Practice Tests Academy,"Cybersecurity, Network & Security, IT & Software",CompTIA Security+,All Levels,N/A,5.0,2,1682,"Rp149,000",6/2025,0,0,0,https://www.udemy.com/course/cyber-security-mcq/
Introduction to Cybersecurity,6422869,Jeffrey LEE,"Cybersecurity, Network & Security, IT & Software",CompTIA Security+,Beginner,1.5 hours,4.4,24,737,"Rp149,000",3/2025,0,0,8,https://www.udemy.com/course/intro-to-cyber-security/
IT & Information Security 101 - Cyber Security for Beginners,3436242,John Courtenay,"Cybersecurity, Network & Security, IT & Software",CompTIA Security+,Beginner,1 hour,4.2,536,47705,"Rp149,000",8/2025,0,0,0,https://www.udemy.com/course/it-security-101-protecting-and-securing-computer-networks/
NIST Cybersecurity Framework (NCSF) Foundation - 500 Q&A,6703487,Master Prep,"NIST Cybersecurity Framework (CSF), IT Certifications, IT & Software",CompTIA Security+,All Levels,N/A,4.5,1,7,"Rp149,000",7/2025,0,0,0,https://www.udemy.com/course/nist-cybersecurity-framework-ncsf-foundation-500-qa/
Network Security 101 : Start Network Security from Scratch,4597372,EC ACADEMY,"Network Security, Network & Security, IT & Software",CompTIA Security+,Beginner,3.5 hours,4.3,88,4352,"Rp149,000",3/2026,0,0,2,https://www.udemy.com/course/network-security-with-hands-on-labs/
CompTIA A+ 220-801 - Prepare For The CompTIA A+ 220-801 Exam,181890,Infinite Skills,"CompTIA A+, IT Certifications, IT & Software",CompTIA Security+,All Levels,8 hours,4.6,360,3441,"Rp149,000",1/2017,1,0,1,https://www.udemy.com/course/comptia-220-801/
Cyber Security 2020: Beginners Guide to Cyber Security™,3444878,Ciech Defence,"Cybersecurity, Network & Security, IT & Software",CompTIA Security+,Beginner,2 hours,4.0,27,50,"Rp149,000",10/2020,0,0,0,https://www.udemy.com/course/cyber-security-for-absolute-beginners/
Cyber Security Crash Course for Beginners:Learn From Scratch,1472952,"TELCOMA Global | Leading Since 2009 | 75,000+ Students","Cybersecurity, Network & Security, IT & Software",CompTIA Security+,All Levels,2 hours,3.3,130,6272,"Rp149,000",12/2017,0,0,0,https://www.udemy.com/course/cyber-security-crash-course-for-beginners/
Defense Cybersecurity & IT Architecture Fundamentals!!,7028263,Mana Dowlatshahi Yeganeh,"Cybersecurity, CompTIA Security+, Cloud Monitoring, Computer Architecture, IT Certifications",CompTIA Security+,All Levels,4.5 hours,4.6,11,485,"Rp149,000",3/2026,0,0,0,https://www.udemy.com/course/defense-cybersecurity-it-architecture-fundamentals/
CompTIA Cybersecurity Analyst (CySA+) CS0-003 Practice Exam,6292479,Master Mind Prep,"CompTIA Cybersecurity Analyst (CySA+), IT Certifications, IT & Software",CompTIA Security+,All Levels,N/A,5.0,4,1082,"Rp149,000",1/2026,0,0,0,https://www.udemy.com/course/comptia-cybersecurity-analyst-cysa-cs0-003-practice-exam/
The Basics of Cyber Security 2020,2755896,Faisal Ammari,"Cybersecurity, Information Security, Network & Security, IT & Software",CompTIA Security+,Beginner,1 hour,3.9,2290,74912,"Rp149,000",3/2020,0,0,0,https://www.udemy.com/course/the-basics-of-cyber-security-2020/
Security+ Practice Test Bootcamp,6594913,SecureNet Skills,"CompTIA Security+, Network & Security, IT & Software",CompTIA Security+,Intermediate,N/A,5.0,1,3,"Rp5,669,000",7/2025,0,0,0,https://www.udemy.com/course/security-practice-test-bootcamp/
Cybersecurity Awareness Annual Training 2025 For Everyone,6697597,Vision Training Systems : IT Training,"Cybersecurity Awareness, Network & Security, IT & Software",CompTIA Security+,All Levels,1.5 hours,4.4,2,24,"Rp149,000",6/2025,0,0,0,https://www.udemy.com/course/cybersecurity-awareness-annual-training-2025-for-everyone/
CompTIA CySA+ CS0-003 Practice Exams 2026,6980119,Nabil Anine,"CompTIA Cybersecurity Analyst (CySA+), IT Certifications, IT & Software",CompTIA Security+,All Levels,N/A,N/A,N/A,N/A,"Rp149,000",12/2025,0,0,0,https://www.udemy.com/course/comptia-cysa-cs0-003-practice-exams-2026/
CompTIA Security+ SY0-701: Expert Practice Exams 2025 Update,6734523,"SkillUp Academy, Skill Pilot","CompTIA Security+, Cybersecurity, Network & Security, IT & Software",CompTIA Security+,All Levels,N/A,4.3,N/A,505,"Rp149,000",7/2025,0,0,0,https://www.udemy.com/course/comptia-security-sy0-701-expert-practice-exams-2025-update/
Cyber Security Fundamentals for Beginners,5370554,Vahagn Hayrapetyan,"Cybersecurity, Cryptography, Malware, Network & Security, IT & Software",CompTIA Security+,Beginner,2.5 hours,4.7,172,1276,"Rp149,000",10/2025,0,0,0,https://www.udemy.com/course/cyber-security-fundamentals-essential-skills-for-beginners/
CompTIA Network Plus N10-007 Practice Exam | Network+,4401541,"Oak Academy, OAK Academy Team","CompTIA Network+, IT Certifications, IT & Software",CompTIA Security+,All Levels,N/A,4.4,22,153,"Rp149,000",7/2023,0,0,0,https://www.udemy.com/course/comptia-network-plus-n10-007-practice-exam-network/
Start Career in CyberSecurity - The Ultimate Guide,4572462,"CyberProStudy Ltd., Asen Nikolov","Cybersecurity, Career Change, Network & Security, IT & Software",CompTIA Security+,Beginner,5 hours,4.0,1313,77938,"Rp159,000",1/2024,0,0,0,https://www.udemy.com/course/cybersecuritystartcareer2022-thecompletecourse/
Mastering Cybersecurity: Essential Knowledge and Techniques,6236227,"Starweaver Experts, Kevin Cardwell, Paul Siegel","Cybersecurity, IT Certifications, IT & Software",CompTIA Security+,Beginner,1.5 hours,4.4,736,20858,"Rp149,000",4/2026,5,0,0,https://www.udemy.com/course/mastering-cybersecurity-essential-knowledge-and-techniques/
Introduction to Cyber Security: security management for IT,4956490,"Bootstrap IT, David Clinton","Cybersecurity, Network & Security, IT & Software",CompTIA Security+,Beginner,1 hour,4.4,47,2172,"Rp149,000",1/2023,1,0,0,https://www.udemy.com/course/intro-cyber-security-framework-planning/
CompTIA PenTest+ (Ethical Hacking) & Security Assessment,5501000,Kareem Ullah,"CompTIA PenTest+, IT Certifications, IT & Software",CompTIA Security+,All Levels,1 hour,4.7,209,996,"Rp149,000",8/2023,0,0,0,https://www.udemy.com/course/comptia-pentest-ethical-hacking-security-assessment/
Introduction to Cybersecurity: A Free Beginner’s Guide,7038385,Adam Cedro,"Ethical Hacking, Cybersecurity, Network & Security, IT & Software",CompTIA Security+,Beginner,37 mins,4.6,15,493,"Rp249,000",1/2026,0,0,0,https://www.udemy.com/course/introduction-to-cybersecurity-a-free-beginners-guide/
The Ultimate Cyber Security Course for Beginners [NEW],6865503,Samod Sodunke,"Cybersecurity, Ethical Hacking, Information Security, Penetration Testing, Network & Security",CompTIA Security+,Beginner,3.5 hours,4.3,26,726,"Rp149,000",4/2026,3,0,1,https://www.udemy.com/course/cybersecurity-course-for-beginners/
CompTIA CySA+ (CS0-003) Exam Preparation - NEW,5584838,Tech Hub+,"CompTIA Cybersecurity Analyst (CySA+), IT Certifications, IT & Software",CompTIA Security+,All Levels,N/A,4.5,1,5,"Rp149,000",12/2023,0,0,0,https://www.udemy.com/course/comptia-cysa-cs0-003-exam-preparation-new/
The Complete Cybersecurity Essentials Course: For Beginners,5919338,Training Instructor,"Cybersecurity Awareness, Cybersecurity, Cybersecurity Social Engineering, Network & Security, IT & Software",CompTIA Security+,Beginner,3 hours,4.2,12,38,"Rp149,000",5/2024,0,0,0,https://www.udemy.com/course/cybersecurity-essentials-d/
AI Cybersecurity Solutions Overview with Case Studies,6788381,Raghu The Security Expert,"Cybersecurity, Network & Security, IT & Software",CompTIA Security+,All Levels,2.5 hours,4.5,46,232,"Rp149,000",12/2025,2,0,0,https://www.udemy.com/course/ai-cybersecurity-solutions-overview-with-case-studies/
Comprehensive Introduction to Cyber Security,4287908,Talence Security,"Cybersecurity, Network & Security, IT & Software",CompTIA Security+,Beginner,5 hours,4.4,117,16563,"Rp149,000",10/2021,0,0,0,https://www.udemy.com/course/comprehensive-introduction-to-cyber-security/
CYBERSECURITY 101: THE FUNDAMENTALS OF CYBERSECURITY,4870960,EC ACADEMY,"Compliance (IT), IT Governance, Cybersecurity, Information Security, Network & Security",CompTIA Security+,Beginner,2 hours,4.1,166,5795,"Rp149,000",7/2025,0,0,7,https://www.udemy.com/course/learn-information-cybersecurity-essentials-docs-added/
The Ultimate Network Security Training Course: All In One,4660012,Michael Wilcoxson,"Network Security, Network & Security, IT & Software",CompTIA Security+,All Levels,11 hours,4.5,79,504,"Rp149,000",1/2026,2,0,0,https://www.udemy.com/course/the-ultimate-network-security-training-course-all-in-one/
Cyber Security: OS Security,4800918,Peter A,"Cybersecurity, Operating Systems & Servers, IT & Software",CompTIA Security+,Beginner,38 mins,4.1,395,27020,"Rp149,000",8/2022,1,0,0,https://www.udemy.com/course/cyber-security-os-security/
Practice exams for the CompTIA SY0-701 certification,6241805,Roberto Herrera,"CompTIA Security+, IT Certifications, IT & Software",CompTIA Security+,All Levels,N/A,4.3,10,5829,"Rp149,000",11/2024,0,0,0,https://www.udemy.com/course/comptia-security-qa-mastery-ace-the-sy0-701/
Cyber Security A-Z™: Masterclass Course for Non-Techies,3999038,"SecuritasX™ IT Training, SecuritasX Careers","Cybersecurity, Information Security, Network & Security, IT & Software",CompTIA Security+,All Levels,6 hours,4.5,347,11658,"Rp149,000",5/2021,0,0,0,https://www.udemy.com/course/iso-information-security-management-system/
Cybersecurity Full Practice Exams: Fundamentals to Advance,6576843,CyberCraft Tech.,"Cybersecurity, Cybersecurity Awareness, CompTIA Cybersecurity Analyst (CySA+), IT Certifications, IT & Software",CompTIA Security+,All Levels,N/A,4.9,4,1116,"Rp149,000",6/2025,0,0,0,https://www.udemy.com/course/cybersecurity-full-practice-exams-fundamentals-to-advance/
Build a Cyber Security Career & EARN more than 150K/year,3609058,Roland Costea,"Career Development, Career Change, Personal Development",CompTIA Security+,All Levels,6.5 hours,4.5,54,1508,"Rp149,000",2/2025,2,0,4,https://www.udemy.com/course/build-a-security-privacy-career-earn-more-than-150kyear/
Complete Cyber Security Course: The Network Security A-Z™,2549303,"Teach Apex, Teach Apex Pro","Network Security, Cybersecurity, Network & Security, IT & Software",CompTIA Security+,All Levels,15.5 hours,4.2,229,7775,"Rp149,000",6/2020,0,0,10,https://www.udemy.com/course/complete-cyber-security-course/
The Cyber Security Series: Intermediate Cyber Security,5053770,Abdurraheem Abdulfattah,"Cybersecurity, Network & Security, IT & Software",CompTIA Security+,Intermediate,2.5 hours,4.2,3,14,"Rp149,000",6/2023,0,0,0,https://www.udemy.com/course/the-cyber-security-series-intermediate-cyber-security/
CompTIA A+ Certification Preparation: Learn the Basics of IT,1036852,"Bally Kehal (Cybertraining365), Samy Mkacher","CompTIA A+, IT Fundamentals, Hardware, IT Certifications, IT & Software",CompTIA Security+,Beginner,11 hours,4.2,207,5799,"Rp149,000",12/2016,0,0,0,https://www.udemy.com/course/comptia-aplus-certification-prep/
Cyber Security Exam Preparation Guide,5105856,Engr Usama,"Cybersecurity, Network & Security, IT & Software",CompTIA Security+,All Levels,N/A,3.6,2,998,"Rp149,000",1/2025,0,0,0,https://www.udemy.com/course/cyber-security-course-preparation-test/
ISC Cybersecurity Practice Exam: Challenge Your Knowledge,5555124,David Abreu,"CompTIA Security+, Cybersecurity Social Engineering, IT Certifications, IT & Software",CompTIA Security+,Beginner,N/A,5.0,4,7,"Rp149,000",9/2023,0,0,0,https://www.udemy.com/course/isc-cybersecurity-practice-exam-challenge-your-knowledge/
Cyber Security Fundamentals,4076076,Dhananjay M.Kanade,"Cybersecurity, Engineering, Teaching & Academics",CompTIA Security+,Beginner,2.5 hours,4.0,137,7393,"Rp149,000",3/2023,0,0,1,https://www.udemy.com/course/cyber-security-fundamentals/
Intro Certificate Course in Cybersecurity for Beginners,6017002,ATMASUTRA INSTITUTE OF CAREER DEVELOPMENT AND TRAINING (AICDT),"E-Commerce, Network & Security, IT & Software",CompTIA Security+,Beginner,3 hours,5.0,2,7,"Rp149,000",11/2025,3,0,1,https://www.udemy.com/course/intro-certificate-course-in-cybersecurity-for-beginners/
Artificial Intelligence Risk and Cyber Security Course 2026,4444834,Taimur Ijlal | Award winning cybersecurity leader and instructor,"Artificial Intelligence (AI), Machine Learning, Risk Management, Cybersecurity, Network & Security",CompTIA Security+,Beginner,2 hours,4.5,10683,26186,"Rp149,000",1/2026,0,0,0,https://www.udemy.com/course/artificial-intelligence-ai-governance-and-cyber-security/
1500 Questions | MS Cybersecurity Architect Expert (SC-100),7104753,Exams Practice Tests Academy,"IT Certifications, IT & Software",CompTIA Security+,All Levels,N/A,N/A,N/A,100,"Rp149,000",3/2026,0,0,0,https://www.udemy.com/course/ms-cybersecurity-architect-expert-sc-100/
Defend Yourself: Cybersecurity Awareness & Best Practices,1924738,SONIC Performance Support - E-Learning Experts,"Cybersecurity, Network & Security, IT & Software",CompTIA Security+,All Levels,2.5 hours,4.5,114,2385,"Rp149,000",7/2025,0,0,30,https://www.udemy.com/course/cyber-security-awareness/
Cybersecurity and Ethical Hacking Fundamentals,5500260,Taoufik Z.,"Cybersecurity, Ethical Hacking, Certified Ethical Hacker (CEH), Information Security, Network & Security",CompTIA Security+,Beginner,1 hour,4.5,12,1032,"Rp149,000",5/2025,0,0,2,https://www.udemy.com/course/cybersecurity-and-hacking-101/
CompTIA CySA+ (CS0-003) Mock Exam Practice Tests (Updated),6107291,Hacklogy - Simplifying CyberSecurity,"CompTIA Cybersecurity Analyst (CySA+), IT Certifications, IT & Software",CompTIA Security+,All Levels,N/A,4.5,9,382,"Rp149,000",6/2025,0,0,0,https://www.udemy.com/course/latest-comptia-cysa-plus-mock-exam-practice-tests/
Cybersecurity Fundamentals for Everyone,6816403,Dr. Dheeraj Mehrotra,"Personal Transformation, Personal Development",CompTIA Security+,All Levels,1.5 hours,5.0,1,113,"Rp149,000",9/2025,0,0,0,https://www.udemy.com/course/cybersecurity-fundamentals-for-everyone/
CompTIA Cybersecurity Analyst (CySA+) CS0-003,6882747,Certification Expert,"CompTIA Cybersecurity Analyst (CySA+), IT Certifications, IT & Software",CompTIA Security+,All Levels,N/A,5.0,1,2,"Rp149,000",10/2025,0,0,0,https://www.udemy.com/course/comptia-cybersecurity-analyst-cysa-cs0-003-p/
Cyber Security for Seniors,6209827,Christopher Littlestone,"Cybersecurity Awareness, Cybersecurity, Network & Security, IT & Software",CompTIA Security+,Beginner,2 hours,5.0,5,342,"Rp429,000",10/2024,0,0,0,https://www.udemy.com/course/cyber-security-for-seniors/
Cybersecurity Essentials 2025,6470435,Tuomas Karhula,"Cybersecurity Awareness, Cybersecurity, Information Security, Network & Security, IT & Software",CompTIA Security+,All Levels,3.5 hours,4.8,9,31,"Rp149,000",5/2025,0,0,0,https://www.udemy.com/course/cybersecurity-essentials-2025/
Certificate Course in Cybersecurity Foundation,6810635,Aakaro Consulting,"Network & Security, IT & Software",CompTIA Security+,Beginner,1.5 hours,4.6,44,1452,N/A,3/2026,2,0,0,https://www.udemy.com/course/kickstart-your-cybersecurity-career-aakaro-training/
Cyber Security Ultimate Exam Practice Tests w/PBQs 2026,5326486,Soyab _,"Cybersecurity, IT Certifications, IT & Software",CompTIA Security+,All Levels,N/A,4.3,N/A,7,"Rp149,000",1/2026,0,0,0,https://www.udemy.com/course/cyber-security-certification/
Cybersecurity Fundamentals Explained Certificate,5853294,Brian Mackay,"Cybersecurity, Cybersecurity Awareness, Network & Security, IT & Software",CompTIA Security+,All Levels,3.5 hours,4.5,36,4475,"Rp149,000",7/2024,0,0,11,https://www.udemy.com/course/cybersecurity-fundamentals-explained-with-brian-mackay/
Cyber Security Awareness (With Social Engineering Labs),5824848,Aashir Masood,"Cybersecurity Awareness, Cybersecurity, Cybersecurity Social Engineering, Network & Security, IT & Software",CompTIA Security+,Beginner,1.5 hours,4.5,70,1441,"Rp149,000",3/2024,0,0,0,https://www.udemy.com/course/security-awareness-on-social-engineering-practical-attacks/
CompTIA SY0-701 Security+ Practice Question Course (2025),6475931,Arthur Salmon,"CompTIA Security+, IT Certifications, IT & Software",CompTIA Security+,Intermediate,N/A,4.3,N/A,7,"Rp149,000",4/2025,0,0,0,https://www.udemy.com/course/comptia-sy0-701-security-practice-question-course-2025/
Cybersecurity of Networks from Scratch to Advanced,1227834,Mohammad Adly,"Network Security, Cybersecurity, Network & Security, IT & Software",CompTIA Security+,All Levels,8 hours,4.3,2453,93726,"Rp149,000",8/2022,0,0,51,https://www.udemy.com/course/computer-networks-security-from-scratch-to-advnaced/
Cyber Security Essentials,4891252,Jade Ball,"Cybersecurity, Network & Security, IT & Software",CompTIA Security+,Beginner,1 hour,4.4,22,1605,"Rp149,000",9/2022,0,0,1,https://www.udemy.com/course/cyber-security-essentials/
CyberSecurity Bootcamp: The Ultimate Beginner's Course,4308301,CyberProStudy Ltd.,"Cybersecurity Awareness, Data Security, Network & Security, IT & Software",CompTIA Security+,Beginner,1.5 hours,4.1,1858,88372,"Rp149,000",6/2023,0,0,33,https://www.udemy.com/course/personal-digital-security-everyone-must-have-cybersecurity/
The Complete Cyber Security Course - Practice Test - Vol 1,1522754,Nathan House,"Cybersecurity, Network & Security, IT & Software",CompTIA Security+,All Levels,N/A,4.4,74,2617,"Rp149,000",11/2018,0,0,0,https://www.udemy.com/course/the-complete-cyber-security-course-practice-test-vol-1/
CompTIA Cloud+ Certification Exam Prep CV002 - 2019,1514120,Anand Rao Nednur,"CompTIA Cloud+, IT Certifications, IT & Software",CompTIA Security+,Expert,N/A,4.1,110,3490,"Rp149,000",1/2020,0,0,0,https://www.udemy.com/course/comptia-cloud-certification-exam-prep-2018/
Certified in Cybersecurity (CC) - Domain-Wise Practice Test,7010991,"Ramesh Chandra Nayak, Roshan Kumar Nayak","Certified in Cybersecurity (CC), Cybersecurity, Other IT & Software, IT & Software",CompTIA Security+,All Levels,N/A,4.5,1,591,"Rp149,000",1/2026,0,0,0,https://www.udemy.com/course/certified-in-cybersecurity-cc-domain-wise-practice-test/
Master Cyber Security Without Even Prior Experience,5945312,Clayton Fredericks,"Cybersecurity, Network & Security, IT & Software",CompTIA Security+,Beginner,2 hours,4.7,12,55,"Rp149,000",6/2024,0,0,2,https://www.udemy.com/course/master-cyber-security-without-even-prior-experience/
Cyber Security Awareness Training for Employees,5113944,Jeremiah Padayachee,"Cybersecurity Awareness, Network & Security, IT & Software",CompTIA Security+,Beginner,2 hours,4.3,324,795,"Rp1,099,000",2/2024,14,0,53,https://www.udemy.com/course/cyber-security-awareness-training-for-employees/
"Cyber Security Myths, Secrets & Lies",5987672,Ian Mann,"Network & Security, IT & Software",CompTIA Security+,All Levels,6.5 hours,4.8,10,31,"Rp1,799,000",7/2024,0,0,0,https://www.udemy.com/course/cyber-security-myths-secrets-lies/
Complete Study Guide: CompTIA CySA+ Certification,6166395,Omar skila,"IT Certifications, IT & Software",CompTIA Security+,All Levels,N/A,5.0,2,541,"Rp149,000",1/2026,0,0,0,https://www.udemy.com/course/complete-study-guide-2024-comptia-cysa-certification-u/
Cybersecurity Introduction,6547573,Jason Rowsell,"Network & Security, IT & Software",CompTIA Security+,All Levels,1.5 hours,5.0,1,6,"Rp249,000",4/2025,0,0,0,https://www.udemy.com/course/cybersecurity-introduction/
CS0-003: CompTIA CySA+ Cybersecurity Analyst Mock Unofficial,7041845,JITENDRA TestZone,"CompTIA Cybersecurity Analyst (CySA+), Cybersecurity, IT Certifications, IT & Software",CompTIA Security+,All Levels,N/A,N/A,N/A,N/A,"Rp149,000",2/2026,0,0,0,https://www.udemy.com/course/cs0-003-comptia-cysa-cybersecurity-analyst-mock-unofficial/
CompTIA A+ (Exams 220-1001 & 220-1002),2590634,Stone River eLearning,"CompTIA A+, IT Certifications, IT & Software",CompTIA Security+,All Levels,19 hours,4.1,141,576,"Rp149,000",1/2021,0,0,24,https://www.udemy.com/course/comptia-a-exams-220-1001-220-1002/
Anti Phishing and Email Security Training,2081014,James Ratcliffe,"Cybersecurity Social Engineering, IT Service Management (ITSM), Cybersecurity, Network & Security, IT & Software",CompTIA Security+,Beginner,31 mins,4.6,593,2952,"Rp149,000",4/2020,9,0,0,https://www.udemy.com/course/organisational-email-security-staff-training/
Computer Security: Fundamental Concepts and Practices,4393264,Rajasekar Ramalingam,"Information Security, Cybersecurity, Network Security, Network & Security, IT & Software",CompTIA Security+,Intermediate,15 hours,4.4,31,2800,"Rp149,000",12/2021,0,0,0,https://www.udemy.com/course/computer-security-fundamental-concepts-and-practices/
CompTIA Cybersecurity Analyst (CySA+) - Practice Tests,6016296,Master Prep,"CompTIA Cybersecurity Analyst (CySA+), IT Certifications, IT & Software",CompTIA Security+,All Levels,N/A,3.3,2,12,"Rp149,000",6/2024,0,0,0,https://www.udemy.com/course/comptia-cybersecurity-analyst-cysa-practice-tests-o/
Cyber Security for Non-Technical User,5425326,Vijay Kumar,"Cybersecurity Awareness, Network & Security, IT & Software",CompTIA Security+,Beginner,4 hours,4.6,18,233,"Rp149,000",7/2023,0,0,0,https://www.udemy.com/course/cyber-security-for-non-technical-user/
ISC2 Certified in Cybersecurity: 600 Practice Questions,6624035,"Imran Afzal, Hasnain Mahmood","Certified in Cybersecurity (CC), Risk Management, IT Certifications, IT & Software",CompTIA Security+,All Levels,N/A,4.6,43,1034,"Rp149,000",8/2025,0,0,0,https://www.udemy.com/course/isc2-certificated-in-cybersecurity-600-practice-questions/
CompTIA Network+ (N10-009) Certification & Exam Prep,6700811,Aashir Masood,"CompTIA Network+, IT Networking Fundamentals, Computer Network, IT Certifications, IT & Software",CompTIA Security+,Beginner,1.5 hours,4.6,43,1279,"Rp149,000",9/2025,0,0,0,https://www.udemy.com/course/learn-networking-for-it-cybersecurity/
CompTIA SecOT+ SOT-001 (V1) Practice Exam Questions,7031967,Dojo Lab,"IT Certifications, IT & Software",CompTIA Security+,Beginner,N/A,N/A,N/A,N/A,"Rp149,000",1/2026,0,0,0,https://www.udemy.com/course/comptia-secot-practice-exam-questions-course/
Cybersecurity Foundations: From Zero to Pro - Bootcamp,5300590,Hailie Shaw,"Cybersecurity, Network & Security, IT & Software",CompTIA Security+,Beginner,11.5 hours,4.6,73,1197,"Rp149,000",8/2023,0,0,0,https://www.udemy.com/course/cybersecurity-foundations-from-zero-to-pro-bootcamp/
CompTIA Security+ V7 (SY0-701) Exam Practice Test Prep 2026,6716033,Shamim Reza,"CompTIA Security+, IT Certifications, IT & Software",CompTIA Security+,Intermediate,N/A,4.3,N/A,2,"Rp149,000",2/2026,0,0,0,https://www.udemy.com/course/comptia-security-v7-sy0-701-exam-practice-test-prep/
Digital Security Awareness Training for Business & Home User,1642276,Stone River eLearning,"Cybersecurity, Software Development Tools, Development",CompTIA Security+,All Levels,6 hours,4.6,17,70,"Rp149,000",7/2018,0,0,11,https://www.udemy.com/course/digital-security-awareness-training-for-business-home-user/
Cybersecurity Essentials Quiz: Are You Ready to Defend?,6268879,Career Lighthouse AI,"Certified Ethical Hacker (CEH), Cybersecurity Awareness, Cybersecurity, Network & Security, IT & Software",CompTIA Security+,Beginner,N/A,4.7,61,4714,"Rp149,000",11/2024,0,0,0,https://www.udemy.com/course/cybersecurity-essentials-quiz-are-you-ready-to-defend/
Network Security: Cyber Security [From Zero to Advanced],4973568,Evgenii Puzakov,"Network Security, Network & Security, IT & Software",CompTIA Security+,Beginner,5 hours,4.4,6,435,"Rp149,000",3/2025,0,0,0,https://www.udemy.com/course/network-security-detailed-theory/
"Network Security: Protocols, Architecture, and Defense",6343701,Career Lighthouse AI,"CompTIA Network+, Certified Ethical Hacker (CEH), IT Networking Fundamentals, Network & Security, IT & Software",CompTIA Security+,Beginner,N/A,4.4,50,7562,"Rp149,000",12/2024,0,0,0,https://www.udemy.com/course/network-security-protocols-architecture-and-defense/
2026 Beginner's guide to Cyber Security,3982702,"George Proorocu, Alexandru - Madalin Ghenea","Cybersecurity, Cybersecurity Awareness, Network & Security, IT & Software",CompTIA Security+,Beginner,2 hours,4.3,3654,158247,"Rp149,000",12/2025,0,0,5,https://www.udemy.com/course/2021-beginners-guide-to-cyber-security/
CompTIA Cybersecurity Analyst CySA Practice Exams,7021391,Ruane ribeiro,"CompTIA Cybersecurity Analyst (CySA+), IT Certifications, IT & Software",CompTIA Security+,All Levels,N/A,N/A,N/A,N/A,"Rp149,000",1/2026,0,0,0,https://www.udemy.com/course/comptia-cybersecurity-analyst-cysa-practice-exams-g/
Cybersecurity Foundation,4237660,GreyCampus Inc.,"Cybersecurity, Network & Security, IT & Software",CompTIA Security+,Beginner,3 hours,4.3,47,2298,"Rp149,000",8/2021,0,0,0,https://www.udemy.com/course/cybersecurity-foundations/
IS20 Security Controls Certification,2662712,InfoSec Academy,"Information Security, Network & Security, IT & Software",CompTIA Security+,Intermediate,3 hours,4.3,24,86,"Rp149,000",11/2019,0,0,0,https://www.udemy.com/course/is20-security-controls-certification/
CompTIA Cloud+ Advanced,1641114,Stone River eLearning,"CompTIA Cloud+, Network & Security, IT Certifications, IT & Software",CompTIA Security+,All Levels,3.5 hours,4.4,29,193,"Rp149,000",10/2018,0,0,3,https://www.udemy.com/course/comptia-cloud-advanced/
CompTIA CySA AI+ Certification Prep Course,6321807,YouAccel Training,"Artificial Intelligence (AI), IT Certifications, IT & Software",CompTIA Security+,All Levels,18.5 hours,4.0,5,2646,"Rp149,000",11/2025,1,0,75,https://www.udemy.com/course/comptia-cysa-ai-certification/
Cyber Security 101 - Introduction,4925322,AbdulAzeez Mustapha,"Cybersecurity, Information Security, Network & Security, IT & Software",CompTIA Security+,Beginner,1 hour,4.1,40,1551,"Rp149,000",4/2025,0,0,0,https://www.udemy.com/course/cyber-information-security-101/
Server Administration Fundamentals (Comptia Server+ SK0-005),5281112,"Oak Academy, Selman Bilal Sivri","Server Administration, CompTIA Server+, IT / Technical Support, Server Infrastructure, Operating Systems & Servers",CompTIA Security+,All Levels,10.5 hours,4.2,24,702,"Rp149,000",4/2026,1,0,0,https://www.udemy.com/course/server-administration-fundamentals-comptia-server-sk0-005/
Cybersecurity Course,5406978,Khaja Mohamed,"Cybersecurity, Cybersecurity Social Engineering, Cybersecurity Awareness, Other IT & Software, IT & Software",CompTIA Security+,All Levels,1 hour,4.2,31,1783,"Rp149,000",3/2026,11,0,0,https://www.udemy.com/course/cybersecurity-course/
CompTIA Network+ N10-007,1761106,Stone River eLearning,"CompTIA Network+, Network & Security, IT Certifications, IT & Software",CompTIA Security+,All Levels,16.5 hours,4.2,37,176,"Rp149,000",2/2019,0,0,10,https://www.udemy.com/course/comptia-network-n10-007-v/
Cyber Security Fundamentals One,4740004,Rishabh Gupta,"Cybersecurity, Network & Security, IT & Software",CompTIA Security+,Beginner,42 mins,4.6,30,571,"Rp149,000",6/2023,1,0,0,https://www.udemy.com/course/cyber-security-fundamentals-one/
Cybersecurity Course 2025 : Beginner to Cybersecurity Expert,6146827,ARUNNACHALAM SHANMUGARAAJAN,"Security Operations Center (SOC) Analyst Skills, Network Security, Security Information and Event Management (SIEM), Network & Security, IT & Software",CompTIA Security+,Beginner,3 hours,4.3,123,9159,"Rp149,000",5/2025,0,0,1,https://www.udemy.com/course/complete-security-engineer-megacourse-from-zero-to-hero/
How to Identify and Combat Spam and Phishing Emails,4605338,Roy Davis,"Cybersecurity Awareness, Network & Security, IT & Software",CompTIA Security+,Intermediate,33 mins,4.4,4985,11744,"Rp149,000",12/2022,2,0,0,https://www.udemy.com/course/how-to-identify-and-combat-spam-and-phishing-emails/
Cyber Awareness Training - for employees and individuals,5260220,Martin Voelk,"Cybersecurity Awareness, Network & Security, IT & Software",CompTIA Security+,Beginner,1 hour,4.4,141,4161,"Rp149,000",6/2023,10,0,1,https://www.udemy.com/course/cyber-awareness-training/
CompTIA CySA+ (CS0-003) Practice Exams,6694161,Skill Forge,"Cybersecurity, Ethical Hacking, IT Certifications, IT & Software",CompTIA Security+,Intermediate,N/A,5.0,1,655,"Rp149,000",8/2025,0,0,0,https://www.udemy.com/course/comptia-cysa-cs0-003-practice-exams-y/
Basic Cyber Security Measures for Everyone,5625474,SRF HNC,"Certified in Cybersecurity (CC), Other Office Productivity, Office Productivity",CompTIA Security+,All Levels,1.5 hours,4.6,18,594,"Rp149,000",11/2023,0,0,0,https://www.udemy.com/course/cyber-security-measures-precautions/
Cybersecurity in 90 Minutes,1496052,Mohammad Adly,"Cybersecurity, Network & Security, IT & Software",CompTIA Security+,All Levels,1.5 hours,4.1,1024,45143,"Rp149,000",8/2022,0,0,10,https://www.udemy.com/course/cybersecurity-in-90-minutes/
Information Security Course (English subtitles version),5594512,"グラブデザイン 共感講座®, 株式会社 ドリット","Cybersecurity Awareness, Network & Security, IT & Software",CompTIA Security+,Beginner,1.5 hours,4.6,79,1088,"Rp149,000",11/2023,0,0,0,https://www.udemy.com/course/information-security-course-english-subtitles-version/
Professional Cybersecurity Awareness,6259179,Eric Yeboah,"Cybersecurity Awareness, Network & Security, IT & Software",CompTIA Security+,All Levels,2.5 hours,5.0,4,5,"Rp149,000",10/2025,0,0,0,https://www.udemy.com/course/professional-cybersecurity-awareness/
"Master Network Security: Nmap, Wireshark & Packet Analysis",6459229,OCSALY Academy | 560.000+ Students,"Network Security, Ethical Hacking, Cybersecurity, Nmap, Network & Security",CompTIA Security+,All Levels,11.5 hours,3.8,191,21582,"Rp149,000",1/2026,0,0,0,https://www.udemy.com/course/hacking-network/
The Complete Cyber Security Course for Beginners,3184046,Ameen Bineabade,"Web Development, Developer Tools, Mobile Game Development, App Development, Development",CompTIA Security+,All Levels,1.5 hours,4.2,57,3150,"Rp149,000",6/2024,0,0,0,https://www.udemy.com/course/software-mobile-development/
CompTIA Network+ For Nerds (N10-008),4732964,Vonnie Hudson,"CompTIA Network+, IT Certifications, IT & Software",CompTIA Security+,Beginner,1 hour,4.9,17,115,"Rp149,000",11/2022,1,0,0,https://www.udemy.com/course/comptia-network-plus-for-nerds-n10-008/
ISC2 Certified in Cybersecurity CC Practice Exam 2023,5632968,Abdul Wahab,"Certified in Cybersecurity (CC), Network & Security, IT & Software",CompTIA Security+,All Levels,N/A,4.2,65,1392,"Rp149,000",3/2024,0,0,0,https://www.udemy.com/course/cybersecurity-certification-practice-exam-2023-by-isc2/
CompTIA Cybersecurity Analyst (CySA+) CS0-003 Exam 2026,6947503,IT Education Hub,"CompTIA Cybersecurity Analyst (CySA+), IT Certifications, IT & Software",CompTIA Security+,All Levels,N/A,N/A,N/A,N/A,"Rp149,000",1/2026,0,0,0,https://www.udemy.com/course/comptia-cybersecurity-analyst-cysa-cs0-exam-/
CompTIA SecOT+ SOT-001 (V1) Practice Exam Questions,7032089,Nick Gorgo,"IT Certifications, IT & Software",CompTIA Security+,Beginner,N/A,N/A,N/A,N/A,"Rp149,000",1/2026,0,0,0,https://www.udemy.com/course/comptia-secot-practice-exam-cert-questions-course/
Windows 8: Hacking & Securing - Complete Course,326378,"IT Security Academy, Hacking School","Ethical Hacking, Network & Security, IT & Software",CompTIA Security+,Beginner,4.5 hours,4.2,24,557,"Rp149,000",11/2024,3,0,0,https://www.udemy.com/course/windows-8-hacking-and-securing/
Cyber Security Uncovered: From Basics to Complexity,5370722,Prabh Kirpa Classes,"Cybersecurity, Network & Security, IT & Software",CompTIA Security+,Intermediate,1 hour,4.1,247,21393,"Rp149,000",10/2023,0,0,0,https://www.udemy.com/course/cyber-security-broad-concept/
Cisco Certified Cybersecurity Professional Exam Questions,6683459,Nick Gorgo,"IT Certifications, IT & Software",CompTIA Security+,Beginner,N/A,N/A,N/A,1,"Rp149,000",6/2025,0,0,0,https://www.udemy.com/course/cisco-certified-cybersecurity-professional-exam-questions-tests/
CCNA Network Security and Network Programmability Essentials,5949886,"Muharrem AYDIN, OAK Academy Team","Cisco Certified Network Associate (CCNA), IT Networking Fundamentals, Network Security, Computer Network, IT Certifications",CompTIA Security+,All Levels,4 hours,4.3,10,616,"Rp149,000",4/2026,1,0,0,https://www.udemy.com/course/ccna-network-security-and-network-programmability-essentials/
Cyber Security Course from Beginner to Advance 2018/2019 *,1185204,Sunil K. Gupta,"Cybersecurity, Ethical Hacking, Network & Security, IT & Software",CompTIA Security+,Expert,3 hours,3.8,57,2051,"Rp149,000",11/2018,0,0,0,https://www.udemy.com/course/the-complete-cyber-security-course-anonymous-browsing-s/
Fundamental Questions on cybersecurity,3760310,Harish Kumar Maheshwari,"Cybersecurity, Engineering, Teaching & Academics",CompTIA Security+,Intermediate,N/A,4.2,160,20102,"Rp149,000",10/2023,0,0,0,https://www.udemy.com/course/fundamentals-of-cyber-security/
CompTIA Network+ Certification Preparation: Learn Networking,1032978,"Bally Kehal (Cybertraining365), Samy Mkacher","Network Security, Network & Security, IT & Software",CompTIA Security+,Intermediate,7 hours,4.2,144,1701,"Rp149,000",12/2016,0,0,0,https://www.udemy.com/course/comptia-network-plus-certification-prep/
Information Security Awareness: An Introduction for UK SMEs,1203174,"David Chapman, PhD","Information Security, Cybersecurity, Network & Security, IT & Software",CompTIA Security+,Beginner,2 hours,4.4,504,1320,"Rp149,000",4/2023,0,0,33,https://www.udemy.com/course/information-security-awareness-an-introduction-for-uk-smes/
Cyber Security & Ethical Hacking: Tools and Best Practices,6314793,EDUCBA Bridging the Gap,"Cybersecurity, Network & Security, IT & Software",CompTIA Security+,All Levels,12 hours,4.7,8,155,"Rp299,000",11/2025,0,0,0,https://www.udemy.com/course/comprehensive-cyber-security-and-hacking-techniques/
Master Course : CC - Certified in Cybersecurity,5483782,Dr. José Prabhu J,"Certified in Cybersecurity (CC), Cybersecurity Social Engineering, Cybersecurity, IT Certifications, IT & Software",CompTIA Security+,All Levels,1.5 hours,4.3,303,24707,"Rp149,000",7/2025,0,0,0,https://www.udemy.com/course/master-course-cc-certified-in-cybersecurity/
Cybersecurity Digital Immune Systems (101 level),5597334,Dr. José Prabhu J,"Cybersecurity Awareness, Cybersecurity, Network & Security, IT & Software",CompTIA Security+,All Levels,1 hour,4.3,219,18568,"Rp149,000",7/2025,0,0,0,https://www.udemy.com/course/cybersecurity-digital-immune-systems/
CompTIA CySA+ CS0-004 Practice Exams 2026 | 900 Questions,5844094,"Serkan Demirhan • 160,000+ Enrollments Worldwide, TechSerks Academy","CompTIA Cybersecurity Analyst (CySA+), Cloud Computing, Cybersecurity, Cybersecurity Awareness, IT Certifications",CompTIA Security+,All Levels,N/A,4.5,24,9804,"Rp149,000",3/2026,0,0,0,https://www.udemy.com/course/comptia-cysa-cso-003-the-ultimate-practice-exam-2024/
Cybersecurity Awareness Training,384660,Eric Schwartzman,"Cybersecurity, Network & Security, IT & Software",CompTIA Security+,All Levels,40 mins,4.1,2729,32603,"Rp149,000",2/2023,0,0,0,https://www.udemy.com/course/security-awareness/
CompTIA Cybersecurity Analyst MCQ Exam Readiness,6959539,Study Bloom (Exam Practice),"CompTIA Cybersecurity Analyst (CySA+), IT Certifications, IT & Software",CompTIA Security+,Intermediate,N/A,N/A,N/A,100,"Rp149,000",12/2025,0,0,0,https://www.udemy.com/course/comptia-cybersecurity-analyst-mcq-exam-readiness-g/
CompTIA Network+ (N10-008) Practice Tests,5882520,"Video School, TechLab Guru, Phil Ebiner","CompTIA Network+, Network Security, Cybersecurity, Career Development, IT Certifications",CompTIA Security+,Beginner,N/A,4.4,36,1211,"Rp149,000",10/2025,0,0,0,https://www.udemy.com/course/comptia-network-n10-008-practice-tests/
CompTIA CySA+ (CS0-002) Practice Certification Exams,5297214,Pasha Academy,"CompTIA Cybersecurity Analyst (CySA+), IT Certifications, IT & Software",CompTIA Security+,All Levels,N/A,4.6,30,9488,"Rp149,000",2/2024,0,0,0,https://www.udemy.com/course/comptia-cysa-cs0-002-practice-certification-exams/
Cyber Security for Managers: Tools for Cyber Action Plan,812322,NSG College,"Cybersecurity Awareness, Network & Security, IT & Software",CompTIA Security+,All Levels,1 hour,4.2,16,34,"Rp849,000",1/2018,0,0,0,https://www.udemy.com/course/cyber-security-in-9-steps/
CompTIA Cybersecurity Analyst (CySA+) Practice Exam [NEW],6886919,Master IT Exam,"CompTIA Cybersecurity Analyst (CySA+), IT Certifications, IT & Software",CompTIA Security+,All Levels,N/A,4.6,2,515,"Rp149,000",11/2025,0,0,0,https://www.udemy.com/course/comptia-cybersecurity-analyst-cysa-practice-exam-new/
CompTIA CySA+ (CS0-003) Practice Tests - 600+ Questions,6364423,Gururo Pvt Ltd.,"CompTIA Cybersecurity Analyst (CySA+), IT Certifications, IT & Software",CompTIA Security+,Beginner,N/A,3.6,6,849,"Rp149,000",5/2025,0,0,0,https://www.udemy.com/course/comptia-cysa-cs0-003-practice-tests/
Cyber Security Awareness and Information Security Course,5787938,Ali Çiftci,"Information Security, Cybersecurity Awareness, Security Hacking, Cybersecurity, IT Certifications",CompTIA Security+,All Levels,1.5 hours,4.5,21,274,"Rp149,000",2/2024,0,0,0,https://www.udemy.com/course/cyber-security-awareness-and-information-security-course/
CompTIA Cloud+ CV1-004 Preparation Practice Exams,6027158,Online Practice Exams Digital,"CompTIA Cloud+, IT Certifications, IT & Software",CompTIA Security+,All Levels,N/A,4.5,N/A,N/A,"Rp149,000",6/2024,0,0,0,https://www.udemy.com/course/comptia-cloud-cv1-004-preparation-practice-exams/
Cybersecurity Essentials,3530614,Pedro Paulino,"Cybersecurity, Network & Security, IT & Software",CompTIA Security+,Beginner,1.5 hours,4.1,107,9100,"Rp149,000",9/2020,0,0,4,https://www.udemy.com/course/cybersecurity-essentials/
ISC2 Certified in Cybersecurity Crash Course,6169361,Joseph Holbrook,"Certified in Cybersecurity (CC), Network Security, Cybersecurity, IT Certifications, IT & Software",CompTIA Security+,All Levels,6 hours,4.2,7,27,"Rp149,000",5/2025,0,0,3,https://www.udemy.com/course/isc2-certified-in-cybersecurity-cc-crash-course/
"GenAI for Cybersecurity: Threat Hunting, SecOps & Patching",6206443,Dr. Amar Massoud,"Cybersecurity, Generative AI (GenAI), Network & Security, IT & Software",CompTIA Security+,All Levels,1.5 hours,4.5,24,3260,"Rp149,000",3/2026,1,0,0,https://www.udemy.com/course/cybersecurity-defense-with-genai/
Cyber Security: Secrets Exposed,5693362,Frank Anemaet,"Open-Source Intelligence (OSINT), Network & Security, IT & Software",CompTIA Security+,Beginner,34 mins,4.4,44,6009,"Rp149,000",12/2023,1,0,0,https://www.udemy.com/course/cyber-security-secrets-exposed/
CySA+ Fast Track Exam Preparation + Question Bank +SOS Tips™,1735804,"Dr. Chris Mall • 40,000+ Students Worldwide","CompTIA Cybersecurity Analyst (CySA+), IT Certifications, IT & Software",CompTIA Security+,All Levels,2 hours,4.5,107,1753,"Rp149,000",2/2023,3,0,0,https://www.udemy.com/course/comptia-cysa-complete-exam-training-with-a-4-step-process/
CompTIA CySA+ Exam Made Easy: 500+ Questions to Conquer,6533177,CertPrep Solutions,"CompTIA Cybersecurity Analyst (CySA+), IT Certifications, IT & Software",CompTIA Security+,All Levels,N/A,3.0,N/A,N/A,"Rp149,000",3/2025,0,0,0,https://www.udemy.com/course/comptia-cysa-exam-made-easy-500-questions-to-conquer/
Security+ Certification - Threats and Vulnerabilities Domain,914628,Chad Russell,"CompTIA Security+, Penetration Testing, Security Hacking, IT Certifications, IT & Software",CompTIA Security+,All Levels,3 hours,3.7,35,727,"Rp149,000",2/2017,0,0,0,https://www.udemy.com/course/security-certification-threats-and-vulnerabilities-domain/
Cyber Security Essentials: 18 Expert Tips for Protection,5342554,Prabh Kirpa Classes,"Cybersecurity Awareness, Network & Security, IT & Software",CompTIA Security+,All Levels,1 hour,4.0,264,17794,"Rp149,000",9/2025,0,0,0,https://www.udemy.com/course/18-crucial-cyber-security-tips/
Cyber Security: Detect and Prevent Malware,5699366,Frank Anemaet,"Malware, Network & Security, IT & Software",CompTIA Security+,Beginner,31 mins,4.3,81,7006,"Rp149,000",12/2023,1,0,0,https://www.udemy.com/course/cyber-security-detect-and-prevent-malware/
CompTIA CySA+ CS0-003 Practice Tests 2026 | MITRE ATT&CK,6822385,Exam Certification,"CompTIA Cybersecurity Analyst (CySA+), IT Certifications, IT & Software",CompTIA Security+,All Levels,N/A,N/A,N/A,200,"Rp149,000",3/2026,0,0,0,https://www.udemy.com/course/test-for-comptia-cybersecurity-analyst-cysa-certification/
Cybersecurity and Social Engineering Training For Employees,4313170,Nathan Takunda Rukanda,"Cybersecurity Awareness, Cybersecurity, Malware, Cybersecurity Social Engineering, Other IT & Software",CompTIA Security+,Intermediate,1 hour,4.4,13,298,"Rp149,000",4/2024,1,0,0,https://www.udemy.com/course/the-complete-cybersecurity-awareness-course-for-employees/
Fundamental Question on Network Security,3781536,Harish Kumar Maheshwari,"Network Security, Computer Science, Network & Security, IT & Software",CompTIA Security+,Intermediate,N/A,4.2,56,20115,"Rp149,000",9/2023,0,0,0,https://www.udemy.com/course/fundamentals-of-network-security-quiz/
How to create Azure Virtual Machines and Windows Sandbox,4918030,Bluelime Learning Solutions,"Azure Virtual Machines, Operating Systems & Servers, IT & Software",CompTIA Security+,Beginner,1 hour,5.0,6,478,"Rp149,000",3/2026,4,0,0,https://www.udemy.com/course/how-to-create-azure-virtual-machines-and-windows-sandbox/
CompTIA CySA+(CSO-002) Cyber Analyst Practice Exam 2024,4589300,Cyber Whiz,"CompTIA Cybersecurity Analyst (CySA+), IT Certifications, IT & Software",CompTIA Security+,All Levels,N/A,4.6,16,160,"Rp149,000",6/2024,0,0,0,https://www.udemy.com/course/comptia-cysacso-002-cyber-analyst-practice-exam-2022-new/
Windows 7: New Features,1648552,Stone River eLearning,"Microsoft Windows, Operating Systems & Servers, IT & Software",CompTIA Security+,All Levels,2 hours,4.3,N/A,1,"Rp149,000",10/2018,0,0,6,https://www.udemy.com/course/windows-7-new-features/
Guide to get the Comptia A+ 220 - 901 Certification,878598,VTC Software Training,"CompTIA A+, IT Certifications, IT & Software",CompTIA Security+,Intermediate,8.5 hours,4.5,18,359,"Rp349,000",7/2016,0,0,1,https://www.udemy.com/course/comptia-a-990-201/
CompTIA AI Essentials Practice Tests,6516929,Raghu The Security Expert,"Artificial Intelligence (AI), IT Certifications, IT & Software",CompTIA Security+,All Levels,N/A,4.5,5,182,"Rp149,000",4/2025,0,0,0,https://www.udemy.com/course/comptia-ai-essentials-practice-tests/
Practice Tests to get Comptia A+ Certification 220-1001,2124848,MSc Jose Luis Rueda,"CompTIA A+, IT Certifications, IT & Software",CompTIA Security+,Beginner,N/A,3.8,84,310,"Rp149,000",8/2021,0,0,0,https://www.udemy.com/course/practice-tests-to-get-comptia-a-certification-220-1001/
CompTIA CySA+ CyberSecurity Analyst CS0-001 Practice Exams,1324472,Joseph Holbrook,"CompTIA Cybersecurity Analyst (CySA+), IT Certifications, IT & Software",CompTIA Security+,Intermediate,N/A,3.5,75,425,"Rp149,000",10/2019,0,0,0,https://www.udemy.com/course/comptia-cysa-cybersecurity-analyst-cs0-001-practice-exams/
CompTIA Network+ (N10-007) (80x5) Practice Exam,2571528,On Top eLearning,"CompTIA Network+, IT Certifications, IT & Software",CompTIA Security+,All Levels,N/A,4.5,10,85,"Rp149,000",1/2026,0,0,0,https://www.udemy.com/course/comptia-network-n10-007-80x5-practice-exam/
CompTIA CDIA+ 5th Edition 225-030,992788,Stone River eLearning,"IT Certifications, IT & Software",CompTIA Security+,All Levels,11.5 hours,4.2,62,210,"Rp149,000",12/2016,0,0,0,https://www.udemy.com/course/comptia-cdia-5th-edition-225-030/
SOC Analyst Essentials: Introduction to Cybersecurity (FREE),6232907,"Lorenzo Levano, Lorenzocybersecurity.com Udemy","Security Operations Center (SOC) Analyst Skills, Network Security, Cybersecurity, Network & Security, IT & Software",CompTIA Security+,All Levels,1.5 hours,4.5,925,8466,Free,10/2024,1,0,1,https://www.udemy.com/course/soc-analyst-essentials-introduction-to-cybersecurity-free/
Cyber Security Training Course,3623576,Tony Espinosa,"Network Security, Network & Security, IT & Software",CompTIA Security+,All Levels,36 mins,4.5,600,15401,Free,12/2020,0,0,0,https://www.udemy.com/course/cyber-security-training-course/
Introduction to CyberSecurity,6083853,Md Shahnawaz Alam,"Information Security, Cybersecurity, Network & Security, IT & Software",CompTIA Security+,Beginner,1.5 hours,4.5,123,1434,Free,7/2024,0,0,0,https://www.udemy.com/course/introduction-to-cybersecurity-k/
Cybersecurity Defence Fundamentals: Encryption & OS Security,6842787,Mark Pinchen,"Cybersecurity, Network & Security, IT & Software",CompTIA Security+,Beginner,1.5 hours,4.6,53,855,Free,1/2026,0,0,8,https://www.udemy.com/course/cyber-security-fundamentals-part-2/
[NEW] Cyber Security 2020,2749676,Daniel Arzuaga,"Cybersecurity, Network & Security, IT & Software",CompTIA Security+,All Levels,5 hours,4.5,4301,71827,Free,1/2020,0,0,0,https://www.udemy.com/course/new-web-security-2020/
Physical Security for Cyber Security Professionals,6706997,NextGen Learning,"Physical Security, Network & Security, IT & Software",CompTIA Security+,Beginner,33 mins,4.4,43,1122,Free,7/2025,0,0,0,https://www.udemy.com/course/physical-security-for-cyber-security-professionals/
Cyber Security Fundamentals - Don't Get Hacked,6709349,"Shubham Dumbre, Saswati Panda, Ambika Anil Varma, Vedashree Bhandigare","Cybersecurity Awareness, Cybersecurity, Digital Transformation, Network & Security, IT & Software",CompTIA Security+,Beginner,1 hour,4.5,73,2116,Free,7/2025,0,0,0,https://www.udemy.com/course/cybersecuritydticourse/
CompTIA Project+ Full Prep Course New Exam | COURSE PREVIEW,7029295,"Nick Mendez, TeachMeIT | Training & Certification Prep","CompTIA Project+, Project Management, Project Planning, Project Scheduling, Business",CompTIA Security+,All Levels,1 hour,4.9,7,139,Free,3/2026,1,0,0,https://www.udemy.com/course/comptia-project-full-prep-course-preview/
Cybersecurity 101: Adopting A Security Mindset,3848460,"Jordan Sauchuk, Threat Intelligence Group, Studios Global Pioneers","Cybersecurity, Bug Bounty, Cybersecurity Awareness, Network & Security, IT & Software",CompTIA Security+,Beginner,1.5 hours,4.5,1092,24049,Free,1/2022,2,0,0,https://www.udemy.com/course/cybersecurity101/
"Cybersecurity Basics: Threats, Hardware & Networks",6836299,Mark Pinchen,"Cybersecurity, Other IT & Software, IT & Software",CompTIA Security+,Beginner,1.5 hours,4.4,47,1103,Free,1/2026,0,0,4,https://www.udemy.com/course/byte-sized-cyber-security-fundamentals-part-1/
Understanding Cybersecurity part 1 - Networks Fundamentals,6418517,Eran Bineth,"Cybersecurity, Network Security, Computer Network, Network & Security, IT & Software",CompTIA Security+,Beginner,2 hours,4.4,73,2800,Free,11/2025,0,0,0,https://www.udemy.com/course/understanding-cyber-security-part-1-networks-fundamentals/
Cybersecurity Training for New Hires: By Next Dimension,2587722,Brandy Coulsey,"Cybersecurity Awareness, Other IT & Software, IT & Software",CompTIA Security+,Beginner,31 mins,4.2,826,16391,Free,10/2019,8,0,0,https://www.udemy.com/course/cybersecurity-training-for-new-hires-by-next-dimension/
"Cyber Security, Ethical Hacking - Intro to Phishing",5487912,Red Civet Cyber Security,"Ethical Hacking, Cybersecurity Social Engineering, Cybersecurity, Red Team Offensive Security, Network & Security",CompTIA Security+,Beginner,30 mins,4.3,271,5837,Free,8/2023,0,0,0,https://www.udemy.com/course/intro-to-phishing/
Cyber Security Training for Absolute Beginners,3986908,Irfan Shakeel,"Cybersecurity, Ethical Hacking, Information Security, Network Security, Network & Security",CompTIA Security+,Beginner,1 hour,4.5,495,14109,Free,4/2021,0,0,0,https://www.udemy.com/course/cyber-security-training-for-absolute-beginners/
Cyber Security Threat Intelligence Researcher Preview,1109980,Bally Kehal (Cybertraining365),"Cybersecurity, Network & Security, IT & Software",CompTIA Security+,Beginner,1.5 hours,4.3,2055,50530,Free,2/2017,0,0,0,https://www.udemy.com/course/cyber-security-threat-intelligence-researcher-preview/
Understanding Cybersecurity part 2 - The power of Wireshark,6771797,Eran Bineth,"Cybersecurity, Network Security, Computer Network, Network & Security, IT & Software",CompTIA Security+,Beginner,2 hours,4.5,31,1532,Free,11/2025,0,0,0,https://www.udemy.com/course/understanding-cyber-security-part-2-the-power-of-wireshark/
Cyber Criminals Want Your Information: Stop Them Cold!,434398,Jeremy OConnell,"Cybersecurity, Other Office Productivity, Office Productivity",CompTIA Security+,All Levels,9 hours,4.6,779,31108,Free,3/2020,0,0,6,https://www.udemy.com/course/not-another-password/
Cybersecurity Awareness Training Program.,6571771,vSOCBox Modules,"Online Education, Teaching & Academics",CompTIA Security+,Beginner,32 mins,4.4,63,910,Free,4/2025,0,0,0,https://www.udemy.com/course/cybersecurity-awareness-training-program/
How does the Internet work & Networking Crash Course,3920936,Ian Frost,"Computer Network, Security Hacking, IT Requirements, Other IT & Software, IT & Software",CompTIA Security+,Beginner,2 hours,4.7,566,13170,Free,4/2021,0,0,0,https://www.udemy.com/course/how-does-the-internet-work/
Cybersecurity Prep Course for Absolute Beginners,4873766,Lloyd Ramsey,"Cybersecurity, Network Theory, NIST Cybersecurity Framework (CSF), Ethical Hacking, Network & Security",CompTIA Security+,Beginner,2 hours,4.6,714,15003,Free,9/2022,0,0,1,https://www.udemy.com/course/cybersecurity-prep-course-for-absolute-beginners/
Cybersecurity Essentials: Protect Yourself Online,6923035,Abdelrahim Al Balushi,"Network & Security, IT & Software",CompTIA Security+,Beginner,33 mins,4.5,8,103,Free,11/2025,0,0,7,https://www.udemy.com/course/cybersecurity-essentials-protect-yourself-online/
Internet Safety: Guide to Online Privacy and Security,4621086,ExpressVPN .,"Cybersecurity Awareness, Network & Security, IT & Software",CompTIA Security+,Beginner,1 hour,4.6,320,4441,Free,11/2023,0,0,3,https://www.udemy.com/course/the-essential-guide-to-online-privacy-security/
Certified Security Analyst Training Preview,1029354,Bally Kehal (Cybertraining365),"Cybersecurity, Information Security, Network & Security, IT & Software",CompTIA Security+,Beginner,1 hour,4.5,1596,37950,Free,12/2016,1,0,0,https://www.udemy.com/course/certified-security-analyst-training-preview/
Cyber Security Advanced Persistent Threat Defender Preview,1125050,Bally Kehal (Cybertraining365),"Cybersecurity, Network & Security, IT & Software",CompTIA Security+,Beginner,2.5 hours,4.5,1394,52976,Free,2/2017,0,0,0,https://www.udemy.com/course/cyber-security-advanced-persistent-threat-defender-preview/
6 Figure Cybersecurity Resume,5141648,Nicole Enesse,"Resume and CV Writing, Other IT & Software, IT & Software",CompTIA Security+,Beginner,1.5 hours,4.5,19,1478,Free,8/2023,0,0,0,https://www.udemy.com/course/6-figure-cybersecurity-resume/
Cyber Security Pathway - 2026,6279811,Rouge Sec Academy,"Cybersecurity, Career Development, Information Security, Network & Security, IT & Software",CompTIA Security+,All Levels,30 mins,4.4,167,2391,Free,1/2026,0,0,0,https://www.udemy.com/course/cyber-security-pathway-2025/
Cybersecurity for the Home and Organization,6004150,John Bandler,"Cybersecurity, Management, Business",CompTIA Security+,Beginner,2 hours,4.6,79,1197,Free,12/2024,0,0,1,https://www.udemy.com/course/cybersecurity-home-and-organization/
Cryptography & Security: Protect Data from Cyber Threats,5238052,"Luxa Skill, Fahmid Chowdhury","Cryptography, Data Protection, Certified in Cybersecurity (CC), Network & Security, IT & Software",CompTIA Security+,All Levels,43 mins,4.1,269,6887,Free,4/2025,0,0,0,https://www.udemy.com/course/cryptography-security-protect-data-from-cyber-threats/
CyberSavvy: How To Keep You And Your Customers Safe,5522394,Peyton Rohan,"Cybersecurity Awareness, Network & Security, IT & Software",CompTIA Security+,All Levels,1 hour,4.5,17,817,Free,10/2023,1,0,0,https://www.udemy.com/course/cybersavvy/
Personal Technical Security: How to keep yourself safe,4299179,Michael Biocchi,"Cybersecurity Awareness, Other Personal Development, Personal Development",CompTIA Security+,Beginner,2 hours,4.6,82,1714,Free,9/2021,0,0,0,https://www.udemy.com/course/personal-technical-security/
Top 5 Topics: Solution Security (Sol Sec),6187599,Tim Coakley,"Cybersecurity, Career Development, Personal Development",CompTIA Security+,Beginner,34 mins,4.7,15,699,Free,9/2024,0,0,0,https://www.udemy.com/course/top-5-topics-solution-security-solsec/
Cybersecurity Principles and Models,6717587,Ayaa Qasim Mohammed,"Cybersecurity, Cybersecurity Social Engineering, Information Security, IT Certifications, IT & Software",CompTIA Security+,Beginner,44 mins,4.1,25,539,Free,7/2025,0,0,0,https://www.udemy.com/course/cybersecurity-principles-and-models/
Cyber Security for personal and family security,5843208,Samir Black,"Other IT & Software, IT & Software",CompTIA Security+,Beginner,1 hour,4.7,73,1421,Free,3/2024,0,0,0,https://www.udemy.com/course/cyber-security-for-personal-and-family-security/
Cybersecurity for Small and Medium size business,5221576,Lee Mitchell,"Cybersecurity, Network & Security, IT & Software",CompTIA Security+,All Levels,37 mins,4.5,56,2103,Free,10/2024,0,0,0,https://www.udemy.com/course/cybersecurity-for-small-and-medium-size-business/
Basic security measures for working on the Internet,2510454,Sergey Dzhura,"CompTIA Security+, Network & Security, IT & Software",CompTIA Security+,All Levels,1.5 hours,3.5,44,5084,Free,8/2019,0,0,0,https://www.udemy.com/course/basic-security-measures-for-working-on-the-internet/
Global Security Consulting University Seminars,1130308,Luke Bencie,"Management Consulting, Cybersecurity, Information Security, Entrepreneurship, Business",CompTIA Security+,Beginner,1 hour,4.5,196,5876,Free,3/2017,0,0,0,https://www.udemy.com/course/global-security-consulting-university-seminars/
Cyber Security: The Ultimate Beginner's Handbook,3156854,Balakrishnan V,"Cybersecurity, Cybersecurity Awareness, Network & Security, IT & Software",CompTIA Security+,All Levels,2 hours,4.3,316,13033,Free,7/2020,0,0,0,https://www.udemy.com/course/cyber-security-the-ultimate-beginners-handbook/
Online Safety Training: Cybersecurity Basics for Everyone,6845621,"Nick Mendez, TeachMeIT | Training & Certification Prep","Cybersecurity, Cybersecurity Awareness, Network & Security, IT & Software",CompTIA Security+,All Levels,1.5 hours,4.4,22,621,Free,3/2026,2,0,3,https://www.udemy.com/course/online-safety-training/
CYBER SECURITY LAW BY DR. PAVAN DUGGAL - CYBERLAW UNIVERSITY,1305460,Dr. Pavan Duggal,"Cybersecurity, Law, Network & Security, IT & Software",CompTIA Security+,Beginner,1 hour,4.2,2016,30528,Free,4/2023,0,0,35,https://www.udemy.com/course/cyber-security-law/
Military English/Professional development. Part 1 Assessment,3294624,Marina Hrabar,"Cybersecurity Awareness, Network & Security, IT & Software",CompTIA Security+,Intermediate,1 hour,4.1,17,3553,Free,7/2020,9,0,6,https://www.udemy.com/course/military-englishprofessional-development-part-1-assessment/
How to Career Guide into Cyber Security,5031348,Tim Coakley,"Cybersecurity, Career Development, Career Change, Information Security, Personal Development",CompTIA Security+,Beginner,31 mins,4.1,107,3966,Free,6/2023,0,0,0,https://www.udemy.com/course/how-to-career-guide-into-cyber-security/
Staying Safe Online: Cyber Security Best Practices for Kids,2444128,Pranav Patil,"Cybersecurity, Other Lifestyle, Lifestyle",CompTIA Security+,Beginner,1.5 hours,4.4,297,12941,Free,7/2025,8,0,0,https://www.udemy.com/course/cybersecurity-for-kids/
The Cyber Security Series: Introduction to Cyber Security,4763728,Abdurraheem Abdulfattah,"Cybersecurity, Network & Security, IT & Software",CompTIA Security+,Beginner,38 mins,4.1,213,7572,Free,3/2023,3,0,0,https://www.udemy.com/course/cyber-security-series-cyber-security/
Cybersecurity Fundamentals - Part 1 - Information Security,5781452,GATE German Academy for Technology and Entrepreneurship,"Cybersecurity, Certified in Cybersecurity (CC), CompTIA Cybersecurity Analyst (CySA+), Information Security, Network & Security",CompTIA Security+,Beginner,N/A,4.3,62,2270,"Rp5,669,000",1/2024,0,0,0,https://www.udemy.com/course/cybersecurity-fundamentals-information-security-bootcamp-gate-moyyn/
Cyber Security Stories: Because of You!,2913856,May Am,"Cybersecurity, Malware, Cybersecurity Social Engineering, Cybersecurity Awareness, Network & Security",CompTIA Security+,All Levels,1 hour,4.3,512,17451,Free,1/2021,0,0,0,https://www.udemy.com/course/cyber-security-stories/
Cybersecurity for Businesses - The Fundamental Edition,1690426,Shon Gerber,"Cybersecurity, Network & Security, IT & Software",CompTIA Security+,Beginner,2 hours,4.4,512,20969,Free,8/2018,0,0,1,https://www.udemy.com/course/cybersecurity-for-businesses-the-fundamental-edition/
Cyber Security The Right Start,3246790,Sameh Elgawady,"Cybersecurity, Information Security, Network & Security, IT & Software",CompTIA Security+,Beginner,2 hours,4.4,168,4345,Free,3/2022,0,0,4,https://www.udemy.com/course/cyber-security-the-right-start/
Security Awareness Training | Cyber Awareness Course in 2026,5412792,Rahul Tyagi,"Ethical Hacking, Cybersecurity Awareness, Cybersecurity, Cybersecurity Social Engineering, Network & Security",CompTIA Security+,All Levels,1.5 hours,4.3,106,3210,Free,4/2026,0,0,1,https://www.udemy.com/course/security-awareness-training-top-cyber-awareness-course-in-2023/
The Cyber Security Series: Introduction to Android Security,5189370,Abdurraheem Abdulfattah,"Android Development, Mobile Development, Development",CompTIA Security+,Beginner,1 hour,4.4,87,3263,Free,6/2023,0,0,0,https://www.udemy.com/course/android-security/
Cyber Security - SOC Overview,6749275,Cyber Landing PTY LTD,"Cybersecurity, Security Operations Center (SOC) Analyst Skills, NIST Cybersecurity Framework (CSF), Network & Security, IT & Software",CompTIA Security+,Beginner,35 mins,4.6,45,695,Free,8/2025,0,0,0,https://www.udemy.com/course/soc-overview/
Information Security Awareness Training- For You & Career,6231931,Shapon Mohammad,"Cybersecurity Awareness, Information Security, Cybersecurity Social Engineering, ISO/IEC 27001, Network & Security",CompTIA Security+,All Levels,1 hour,4.3,50,1112,Free,11/2024,0,0,0,https://www.udemy.com/course/information-security-awareness-training-for-you-career/
Information Security and Cryptography,6041292,DrUsha G,"Cryptography, IT Certifications, IT & Software",CompTIA Security+,Beginner,1.5 hours,4.2,34,1047,Free,6/2024,0,0,1,https://www.udemy.com/course/information-security-and-cryptography/
Fundamentals of Internet Security | Secure Your Environment,1141550,Baraq Adnan,"Cybersecurity, WordPress, Network & Security, IT & Software",CompTIA Security+,Beginner,1.5 hours,4.6,395,16038,Free,4/2017,1,0,1,https://www.udemy.com/course/fundamental-of-wordpress-security-secure-your-environment/
Forms of Business Organisation Part-2 Cooperative Societies,4810824,Prabh Kirpa Classes,"Business Model, Business Strategy, Business",CompTIA Security+,All Levels,39 mins,4.8,7,614,Free,8/2022,0,0,0,https://www.udemy.com/course/forms-of-business-organisation-part-2-cooperative-societies/
CISSP Domain 1 Practice Questions,5569948,Ben Malisow,"Certified Information Systems Security Professional (CISSP), IT Certifications, IT & Software",CompTIA Security+,Expert,1 hour,4.3,21,1070,Free,9/2023,0,0,0,https://www.udemy.com/course/wannapractice-cissp-domain-1-practice-questions/
Staying Safe Online - Beginner's Guide to Cybersecurity,5088940,Mae Point Tech,"Cybersecurity, Network & Security, IT & Software",CompTIA Security+,Beginner,36 mins,4.4,85,2807,Free,1/2025,13,0,5,https://www.udemy.com/course/staying-safe-online/
Detection Engineering Introduction,6107965,Anthony Isherwood,"Cybersecurity, Network & Security, IT & Software",CompTIA Security+,Beginner,1 hour,4.4,49,1383,Free,8/2025,0,0,1,https://www.udemy.com/course/detection-engineering-introduction/
Complete Comptia Network + IT/ Networking Course,4381940,"Luxa Skill, Fahmid Chowdhury","CompTIA Network+, Computer Network, IT Networking Fundamentals, IT Certifications, IT & Software",CompTIA Security+,All Levels,1.5 hours,4.4,471,14398,Free,1/2022,2,0,1,https://www.udemy.com/course/complete-comptia-network-it-networking-course/
Cybersecurity Essentials,6088207,Lee Mitchell,"Cybersecurity, Network & Security, IT & Software",CompTIA Security+,All Levels,1.5 hours,3.8,16,581,Free,10/2024,0,0,1,https://www.udemy.com/course/cybersecurity-essentials-y/
Computer and Internet Security: E-mail & Passwords,948106,Aleksey Grebeshkov,"Cybersecurity Awareness, Cybersecurity, Security Hacking, Network & Security, IT & Software",CompTIA Security+,All Levels,1 hour,4.4,55,1832,Free,2/2017,2,0,0,https://www.udemy.com/course/computer-and-internet-security/
IT Fundamentals & Computer Networking Course with Comptia A+,4339992,"Luxa Skill, Fahmid Chowdhury","IT Fundamentals, CompTIA A+, CompTIA Network+, Computer Network, IT Certifications",CompTIA Security+,All Levels,1.5 hours,4.3,585,13392,Free,10/2021,0,0,0,https://www.udemy.com/course/it-fundamentals-computer-networking-course-with-comptia-a/
CompTIA Network+ N10-007 ExamPrep: 90+ Questions+IPv4 Review,1044312,Learn to Excel Online,"CompTIA Network+, IT Certifications, IT & Software",CompTIA Security+,All Levels,2 hours,4.4,436,24078,Free,9/2020,1,0,0,https://www.udemy.com/course/free-network-plus-practice-questions/
Total: CompTIA Linux+ (XK0-006),7075401,"Total Seminars Over 1 Million Enrollments, Michael Solomon","Linux, IT Certifications, IT & Software",CompTIA Security+,Expert,15.5 hours,4.9,7,98,"Rp149,000",3/2026,0,0,10,https://www.udemy.com/course/total-comptia-linux-xk0-006/
Learn Ethical Hacking From Scratch,857010,"Zaid Sabih, z Security","Ethical Hacking, Security Hacking, Kali Linux, Penetration Testing, Network & Security",CompTIA Security+,All Levels,15 hours,4.6,136191,671703,"Rp169,000",11/2025,2,0,21,https://www.udemy.com/course/learn-ethical-hacking-from-scratch/
Network Administration Security Cloud Fundamentals Overview!,6762697,Mana Dowlatshahi Yeganeh,"Network Administration, Artificial Intelligence (AI), Server Infrastructure, Cloud Management, Operating Systems & Servers",CompTIA Security+,All Levels,133 hours,4.8,30,699,"Rp149,000",3/2026,22,0,24,https://www.udemy.com/course/network-administration-security-cloud-fundamentals-overview/
CompTIA Project+ (PK0-005) Practice Exams,5124114,"Jason Dion • 3 Million+ Enrollments Worldwide, Dion Training Solutions • ATO for ITIL & PRINCE2, Dion Training Solutions • ATO for ITIL & PRINCE2, Reed Bidgood, Dion Training Solutions, Jason Dion • 2.8 Million+ Enrollments Worldwide","CompTIA Project+, IT Certifications, IT & Software",CompTIA Security+,Intermediate,N/A,4.4,271,6833,"Rp149,000",4/2026,0,0,0,https://www.udemy.com/course/comptia-project-pk0-005-practice-exams-a/
SOC Analyst Level 1 & 2 Masterclass,6769301,Selfcode Academy,"Network Security, Cybersecurity, Information Security, Network & Security, IT & Software",CompTIA Security+,Intermediate,23.5 hours,4.3,508,3071,"Rp149,000",8/2025,0,0,1,https://www.udemy.com/course/soc-analyst-level-1-2-masterclass/
CC Practice Exams 2026 | ISC2 Certified in Cybersecurity,7050707,Nex Arc,"Certified in Cybersecurity (CC), Cybersecurity, IT Certifications, IT & Software",CompTIA Security+,All Levels,N/A,4.9,37,1034,"Rp149,000",2/2026,0,0,0,https://www.udemy.com/course/cc-practice-exams-isc2-certified-in-cybersecurity/
Ultimate Cybersecurity Architecture & Design Training,6302205,"Cyvitrix Learning | CISSP, CISM, CISA, GRC, Security+, SecAI+, Security+ Courses","Cybersecurity, Network Security, Career Development, Personal Development",CompTIA Security+,All Levels,8.5 hours,4.6,34,372,"Rp149,000",3/2026,2,0,0,https://www.udemy.com/course/cybersecurity-design-and-architecture/
ISC2 Certified in Cybersecurity (CC) – 5 Practice Exams 2026,5333710,"Nasser Alaeddine | Ph.D., CISSP, CISM, PMP","Certified in Cybersecurity (CC), IT Certifications, IT & Software",CompTIA Security+,Beginner,N/A,4.8,316,7978,"Rp149,000",1/2026,0,0,0,https://www.udemy.com/course/master-the-cc-exam-become-certified-in-cybersecurity/
LPI Security Essentials (020-100) Complete Course,5124126,"Jason Dion • 3 Million+ Enrollments Worldwide, Dion Training Solutions • ATO for ITIL & PRINCE2, Dion Training Solutions • ATO for ITIL & PRINCE2, Kip Boyle, Dion Training Solutions, Jason Dion • 2.8 Million+ Enrollments Worldwide","LPI Security Essentials, IT Certifications, IT & Software",CompTIA Security+,Beginner,17.5 hours,4.8,162,1367,"Rp149,000",4/2026,1,0,2,https://www.udemy.com/course/linux-security-essentials/
CompTIA PenTest+ PTO-003 | 6 Full-Length Practice Tests 2026,6848005,Dustin Copeland - Thousands of Enrollments Worldwide,"CompTIA PenTest+, IT Certifications, IT & Software",CompTIA Security+,Intermediate,N/A,4.8,24,662,"Rp149,000",1/2026,0,0,0,https://www.udemy.com/course/pentest003-tests/
Comptia ITF | Comptia IT Fundamentals (ITF+) FC0-U61 Prep,5429530,"Oak Academy, OAK Academy Team","CompTIA IT Fundamentals (ITF+) (Retired), IT / Technical Support, IT Recruiting, IT Fundamentals, IT Certifications",CompTIA Security+,All Levels,6 hours,4.5,48,279,"Rp149,000",4/2026,2,0,0,https://www.udemy.com/course/comptia-itf-comptia-it-fundamentals-itf-fc0-u61-prep-x/
CompTIA SecAI+ CY0-001: Complete Course: AI Cybersecurity,7059281,Vision Training Systems : IT Training,"CompTIA SecAI+, IT Certifications, IT & Software",CompTIA Security+,All Levels,6 hours,5.0,8,315,"Rp149,000",2/2026,0,0,6,https://www.udemy.com/course/secai-cy0-001/
CY0-001 CompTIA SecAI+ Practice Exams [2026],7107009,Nex Arc,"CompTIA SecAI+, Artificial Intelligence (AI), AI Agents & Agentic AI, Threat Modeling, IT Certifications",CompTIA Security+,All Levels,N/A,5.0,24,301,"Rp149,000",4/2026,0,0,0,https://www.udemy.com/course/comptia-secai-plus-practice-exams/
"CompTIA Tech+ FC0-U71 Prep Hands-on training, Practice Exam",6957559,"TIA Training, Andrew Ramdayal","CompTIA Tech+, IT Certifications, IT & Software",CompTIA Security+,Beginner,7.5 hours,4.8,75,1367,"Rp149,000",1/2026,1,0,2,https://www.udemy.com/course/comptia-tech-plus-prep/
Blue Team Cybersecurity Foundations - Defensive Security 101,5901448,"Cyvitrix Learning | CISSP, CISM, CISA, GRC, Security+, SecAI+, Security+ Courses","Blue Team Defensive Security, Network Security, Cybersecurity, Cybersecurity Social Engineering, Network & Security",CompTIA Security+,Beginner,8.5 hours,4.9,21,218,"Rp149,000",1/2025,2,0,0,https://www.udemy.com/course/blue-team-security-foundations/
1100+ MCQs QA CompTIA SecAI+ CY0-001 Mock Exam Practice 2026,6979427,Mana Dowlatshahi Yeganeh,"CompTIA SecAI+, CompTIA Security+, Artificial Intelligence (AI), CompTIA Cybersecurity Analyst (CySA+), IT Certifications",CompTIA Security+,All Levels,N/A,4.7,26,195,"Rp5,669,000",3/2026,0,0,0,https://www.udemy.com/course/1100-mcqs-qa-comptia-secai-cy0-001-mock-exam-practice-2026/
Machine Learning & AI in Cybersecurity: 20+ Projects [2026],6839941,Vulnsec Academy,"Ethical Hacking, Python, Network & Security, IT & Software",CompTIA Security+,All Levels,9.5 hours,4.8,189,670,"Rp149,000",2/2026,18,0,16,https://www.udemy.com/course/ai-for-cybersecurity-build-20-projects-isc2-cert-aligned/
CompTIA Cloud+ (CV0-004) - Full Course and Practice Test,6697517,Vision Training Systems : IT Training,"IT Certifications, IT & Software",CompTIA Security+,All Levels,12 hours,4.8,37,750,"Rp159,000",7/2025,0,0,4,https://www.udemy.com/course/comptia-cloud-cv0-004-full-course-and-practice-test/
AI Security,6251107,Christopher Nett | 100.000+ Enrollments Worldwide,"Artificial Intelligence (AI), Network & Security, IT & Software",CompTIA Security+,All Levels,10 hours,4.5,1543,6336,"Rp159,000",1/2026,6,0,0,https://www.udemy.com/course/ai-security-cn/
Security Architecture & Review with Threat Modeling-Hands On,5242806,Raghu The Security Expert,"Threat Modeling, Network Security, Network & Security, IT & Software",CompTIA Security+,All Levels,2 hours,4.5,923,4807,"Rp149,000",10/2025,2,0,6,https://www.udemy.com/course/security-architecture-and-design-review-with-threat-modeling/
Security+: Complete Course (SY0-701) + Practice Exams + Fun!,6931531,Paul Oyelakin,"CompTIA Security+, IT Certifications, IT & Software",CompTIA Security+,All Levels,10 hours,5.0,1,27,"Rp149,000",12/2025,1,0,0,https://www.udemy.com/course/securityplusfun/
CompTIA Network+ (Exam - N10-009) Full-Length Practice Tests,6856025,Edu Nexa,"CompTIA Network+, IT Certifications, IT & Software",CompTIA Security+,All Levels,N/A,5.0,131,236,"Rp149,000",1/2026,0,0,0,https://www.udemy.com/course/comptia-network-plus-exam-tests/
AI-Driven SOC: Fundamentals of Security Operations!!,6661343,Mana Dowlatshahi Yeganeh,"Artificial Intelligence (AI), Computer Hacking Forensic Investigator (CHFI), Cybersecurity, Generative AI (GenAI), Network & Security",CompTIA Security+,Intermediate,51 hours,4.8,40,446,"Rp149,000",3/2026,2,0,1,https://www.udemy.com/course/ai-driven-soc-fundamentals-of-security-operations/
Cyber Security-SOC and SIEM (SPLUNK&ELK) for Beginners -2025,5201530,"Cyber talents, Madhu S","Cybersecurity, Network & Security, IT & Software",CompTIA Security+,All Levels,33 hours,4.3,1343,11641,"Rp159,000",7/2025,1,0,8,https://www.udemy.com/course/cyber-security-soc-fundamentals/
CompTIA A+ 220-1101 (Core 1) & 2025 CompTIA A+ (220-1201)!!,6479719,Mana Dowlatshahi Yeganeh,"CompTIA A+, Network Administration, Computer Science, Computer Architecture, IT Certifications",CompTIA Security+,All Levels,23.5 hours,4.8,9,566,"Rp149,000",3/2026,63,0,11,https://www.udemy.com/course/comptia-a-220-1101-core-1-2025-comptia-a-220-1201/
Cyber Security Operations and Technology Solutions,1808398,Mobolaji Moyosore,"Cybersecurity, Network & Security, IT & Software",CompTIA Security+,Intermediate,4 hours,4.6,5705,21252,"Rp149,000",7/2022,0,0,4,https://www.udemy.com/course/cyber-security-operations-and-technology-solutions/
CompTIA Server + (SK0-005),5265714,Stone River eLearning,"CompTIA Server+, IT Certifications, IT & Software",CompTIA Security+,All Levels,13.5 hours,4.5,320,1521,"Rp149,000",8/2023,0,0,1,https://www.udemy.com/course/comptia-server-sk0-005/
TOTAL: Cloud Computing / CompTIA Cloud+ (CV0-004),2834322,"Total Seminars Over 1 Million Enrollments, Tom Carpenter","Cloud Computing, CompTIA Cloud+, IT Certifications, IT & Software",CompTIA Security+,Intermediate,6 hours,4.5,11348,49578,"Rp279,000",12/2025,0,0,11,https://www.udemy.com/course/total-cloud-computing-comptia-cloud-cert-cv0-002/
CompTIA Network+ V9 (N10-009) 9 SIMULATIONS,6525239,Dean Cyber,"CompTIA Network+, IT Certifications, IT & Software",CompTIA Security+,Intermediate,2 hours,4.2,202,842,"Rp159,000",2/2026,0,0,0,https://www.udemy.com/course/comptia-network-plus-simulations-pbq/
CompTIA A+ Core 2 (220-1102),5260498,Stone River eLearning,"CompTIA A+, IT Certifications, IT & Software",CompTIA Security+,All Levels,13 hours,4.5,1,13,"Rp149,000",4/2023,0,0,1,https://www.udemy.com/course/comptia-a-core-2-220-1102-p/
Python Programming & Cybersecurity - Web Attacks/Hacking,4199310,Dean Armada,"Python Security, Network & Security, IT & Software",CompTIA Security+,All Levels,8 hours,4.3,46,391,"Rp149,000",11/2023,1,0,0,https://www.udemy.com/course/pycs-web/
Risk Management for Cybersecurity and IT Managers,1494648,"Jason Dion • 3 Million+ Enrollments Worldwide, Dion Training Solutions • ATO for ITIL & PRINCE2, Dion Training Solutions • ATO for ITIL & PRINCE2, Jason Dion • 2.8 Million+ Enrollments Worldwide","Cybersecurity, Risk Management, Management, Business",CompTIA Security+,All Levels,3 hours,4.5,21573,56187,"Rp149,000",4/2026,1,0,2,https://www.udemy.com/course/risk-management-for-cybersecurity/
Cyber Practitioner Masterclass - CSX-P®-Aligned 2026,5530856,"Cyvitrix Learning | CISSP, CISM, CISA, GRC, Security+, SecAI+, Security+ Courses","Information Security, Cybersecurity, IT Service Management (ITSM), IT Fundamentals, IT Certifications",CompTIA Security+,All Levels,8.5 hours,4.8,6,50,"Rp149,000",1/2026,2,0,0,https://www.udemy.com/course/isaca-csx-itca-complete-training/
Cyber Security Specialist Workshop,5643604,Cyber Pass,"Cybersecurity, IT Certifications, IT & Software",CompTIA Security+,All Levels,15 hours,4.4,11,63,"Rp149,000",11/2023,0,0,0,https://www.udemy.com/course/cyber-security-specialist-workshop/
CompTIA CASP+,5268900,Stone River eLearning,"CompTIA SecurityX, IT Certifications, IT & Software",CompTIA Security+,All Levels,26.5 hours,4.4,59,259,"Rp149,000",4/2023,0,0,1,https://www.udemy.com/course/comptia-casp/
CompTIA Server+ Certification (Exam SK0-005) Practice Test,6055649,On Top eLearning,"CompTIA Server+, IT Certifications, IT & Software",CompTIA Security+,All Levels,N/A,5.0,57,115,"Rp5,239,000",1/2026,0,0,0,https://www.udemy.com/course/comptia-server-certification-exam-sk0-005-practice-test/
CompTIA Cloud | CompTIA Cloud+ CV0-004 Exam Preparation Lab,5617168,"Muharrem AYDIN, OAK Academy Team","CompTIA Cloud+, Cloud Computing, CompTIA Cloud Essentials+ (Retired), Cloud Management, IT Certifications",CompTIA Security+,All Levels,16.5 hours,4.6,15,273,"Rp5,239,000",4/2026,1,0,0,https://www.udemy.com/course/comptia-cloud-comptia-cloud-cv0-003-exam-preparation-lab/
CompTIA SecAI+ Certification (CY0-001) - 2026 Real Exams,7089863,Big Data Landscape,"CompTIA SecAI+, IT Certifications, IT & Software",CompTIA Security+,All Levels,N/A,5.0,2,9,"Rp149,000",3/2026,0,0,0,https://www.udemy.com/course/comptia-secaiplus-exam/
AI Cybersecurity Fundamentals for Absolute Beginners!!,6750235,Mana Dowlatshahi Yeganeh,"Generative AI (GenAI), Artificial Intelligence (AI), Network Administration, Cybersecurity, Network & Security",CompTIA Security+,All Levels,52.5 hours,4.7,25,726,"Rp149,000",3/2026,1,0,0,https://www.udemy.com/course/ai-cybersecurity-fundamentals-for-absolute-beginners/
CompTIA A+ Core 2 (220-1202) Certification Prep Course 2026,7048015,"Pavan Kumar, Avnish Singh","CompTIA A+, IT Certifications, IT & Software",CompTIA Security+,Beginner,41 hours,4.9,62,87,"Rp149,000",3/2026,0,0,0,https://www.udemy.com/course/comptia-a-plus-core-2-220-1202-certification-prep/
CompTIA Tech+ Complete Course (FC0-U71),4161962,"Mike Chapple, Ph.D.","CompTIA Tech+, IT Certifications, IT & Software",CompTIA Security+,Beginner,4 hours,4.7,3245,9439,"Rp149,000",6/2025,0,0,0,https://www.udemy.com/course/certmike-comptia-it-fundamentals-itf/
CompTIA SecAI+ 2026: Complete AI Security Exam Prep,6992939,Vinay Kumar,"CompTIA SecAI+, CompTIA Cybersecurity Analyst (CySA+), CompTIA A+, IT Certifications, IT & Software",CompTIA Security+,All Levels,1.5 hours,4.7,15,42,"Rp5,669,000",2/2026,0,0,12,https://www.udemy.com/course/comptia-secai-certification-2025-complete-exam-prep/
The Modern SOC (Security Operations Center),5266716,Michael Goedeker,"Security Operations Center (SOC) Analyst Skills, Network & Security, IT & Software",CompTIA Security+,All Levels,8 hours,4.6,453,2841,"Rp159,000",1/2025,0,0,0,https://www.udemy.com/course/the-modern-soc-security-operations-center/
CompTIA A+ 220 1201-1202 LABS ONLY Don't Just be a PaperCert,6526493,Network Specialist (Professor Mo Max),"IT Certifications, IT & Software",CompTIA Security+,All Levels,14.5 hours,4.4,7,89,N/A,6/2025,0,0,0,https://www.udemy.com/course/comptia-a-22012011202-labs-only-dont-just-be-a-papercert/
CompTIA A+ (Exam 220-1202) Practice Tests (Core 2),6777713,On Top eLearning,"CompTIA A+, IT Certifications, IT & Software",CompTIA Security+,All Levels,N/A,5.0,82,152,"Rp149,000",1/2026,0,0,0,https://www.udemy.com/course/comptia-a-plus-1202-practice-test/
Python & Bash For Ethical Hackers & CyberSecurity Engineers,5429588,Bi lel,"Cybersecurity, Ethical Hacking, Network Security, Python Network Programming, Network & Security",CompTIA Security+,All Levels,17.5 hours,4.5,425,1735,"Rp149,000",2/2025,0,0,1,https://www.udemy.com/course/python-for-ethical-hackers-and-cyber-security-engineers/
CompTIA Network+ N10-009 Labs Only Don't Just Be Paper Cert,6491957,Network Specialist (Professor Mo Max),"CompTIA Network+, IT Certifications, IT & Software",CompTIA Security+,All Levels,25.5 hours,4.7,34,331,"Rp5,239,000",6/2025,0,0,0,https://www.udemy.com/course/comptia-network-n10-009-labs-only-dont-just-be-paper-cert/
CompTIA A+ (Exam 220-1201) Practice Tests (Core 1),6743691,On Top eLearning,"CompTIA A+, IT Certifications, IT & Software",CompTIA Security+,All Levels,N/A,5.0,112,215,"Rp149,000",1/2026,0,0,0,https://www.udemy.com/course/comptia-a-220-1201-practice-test/
AKYLADE Certified Cyber Resilience Fundamentals (A/CCRF),5928302,"Jason Dion • 3 Million+ Enrollments Worldwide, Dion Training Solutions • ATO for ITIL & PRINCE2, Dion Training Solutions • ATO for ITIL & PRINCE2, Reed Bidgood, Dion Training Solutions, Jason Dion • 2.8 Million+ Enrollments Worldwide","Cybersecurity, IT Certifications, IT & Software",CompTIA Security+,Intermediate,7 hours,4.7,117,906,"Rp149,000",4/2026,1,0,3,https://www.udemy.com/course/akylade-certified-cyber-resilience-fundamentals-accrf/
CompTIA A+ Core 1 (220-1101),5260422,Stone River eLearning,"CompTIA A+, IT Certifications, IT & Software",CompTIA Security+,All Levels,11.5 hours,5.0,2,19,"Rp149,000",7/2023,0,0,1,https://www.udemy.com/course/comptia-a-core-1-220-1101/
CompTIA A+ Simulations for Core 1 and 2 V15 (220-1201/1202),5377572,Dean Cyber,"CompTIA A+, IT Certifications, IT & Software",CompTIA Security+,Beginner,7.5 hours,4.5,415,2386,"Rp149,000",2/2026,0,0,0,https://www.udemy.com/course/comptia-a-plus-simulations-for-core-1-and-2-new/
CompTIA A+ version 15 - Core 1 (220-1201) - 2026,6673227,IT Cert Doctor,"IT Fundamentals, IT Certifications, IT & Software",CompTIA Security+,Beginner,19 hours,5.0,9,462,"Rp149,000",1/2026,4,0,0,https://www.udemy.com/course/comptia-a-plus-core1-it-cert-doctor/
1500 Questions | CompTIA Security+ Certification 2026,7111247,Exams Practice Tests Academy,"IT Certifications, IT & Software",CompTIA Security+,All Levels,N/A,N/A,N/A,100,"Rp149,000",3/2026,0,0,0,https://www.udemy.com/course/comptia-security-certification-exam/
CompTIA Security+ SY0-701 Practice Exams 2026 – Test 2,7106925,Arfan Ali | Certification Instructor,"CompTIA Security+, IT Certifications, IT & Software",CompTIA Security+,All Levels,N/A,5.0,1,1,"Rp329,000",3/2026,0,0,0,https://www.udemy.com/course/comptia-security-sy0-701-practice-exams-2026-test-2/
CompTIA Security+ (SY0-701) Domain 5: Security Program MGMT,6891249,Papa Nurd,"CompTIA Security+, Network & Security, IT & Software",CompTIA Security+,Beginner,N/A,4.3,N/A,1,"Rp5,669,000",10/2025,0,0,0,https://www.udemy.com/course/comptia-security-sy0-701-domain-5-security-program-mgmt/
CompTIA Cloud Essentials CLO-002 Certification Exam Prep Lab,5617218,"Oak Academy, OAK Academy Team","CompTIA Cloud Essentials+ (Retired), CompTIA Cloud+, Cloud Computing, Cloud Management, IT Certifications",CompTIA Security+,All Levels,12 hours,5.0,5,128,"Rp149,000",4/2026,1,0,0,https://www.udemy.com/course/comptia-cloud-essentials-clo-002-certification-exam-prep-lab/
CyberPatriot,5310032,Stone River eLearning,"Cybersecurity, IT Certifications, IT & Software",CompTIA Security+,All Levels,11.5 hours,4.2,2,23,"Rp149,000",5/2023,0,0,0,https://www.udemy.com/course/cyberpatriot/
TOTAL: CompTIA A+ Cert Core 1 - 1201 Practice Exams,2401582,Total Seminars Over 1 Million Enrollments,"CompTIA A+, IT Certifications, IT & Software",CompTIA Security+,All Levels,N/A,3.9,4819,27767,"Rp149,000",11/2025,0,0,0,https://www.udemy.com/course/comptia-a-plus-core1-practice-exams/
CompTIA PenTest+ (PT0-003),5263778,Stone River eLearning,"CompTIA PenTest+, Nmap, IT Certifications, IT & Software",CompTIA Security+,Intermediate,23.5 hours,4.1,4,33,"Rp149,000",11/2025,0,0,1,https://www.udemy.com/course/comptia-pentest-pt0-002-z/
N10-009 CompTIA Network+ Practice Exams [2026],7068897,Nex Arc,"CompTIA Network+, IT Certifications, IT & Software",CompTIA Security+,All Levels,N/A,4.2,32,309,"Rp149,000",3/2026,0,0,0,https://www.udemy.com/course/n10-comptia-network-plus-practice-exams/
CompTIA A Plus 220-1201 & 220-1202 (Newest Exam),6585571,Vision Training Systems : IT Training,"CompTIA A+, IT Certifications, IT & Software",CompTIA Security+,Beginner,30 hours,4.4,44,572,"Rp149,000",9/2025,0,0,14,https://www.udemy.com/course/comptia-a-2025-220-1201-and-220-1202/
CompTIA Security+ (SY0-701) Full Practice Exams Part 02|2026,7047397,DataGuard Ak,"CompTIA Security+, Artificial Intelligence (AI), Network Security, Cybersecurity, IT Certifications",CompTIA Security+,Intermediate,N/A,5.0,2,9,"Rp149,000",2/2026,0,0,0,https://www.udemy.com/course/comptia-security-sy0-701-full-practice-exams-part-022026/
TOTAL: CompTIA Server+ (SK0-005): 4 Practice Tests 200 Q's,4351782,Total Seminars Over 1 Million Enrollments,"CompTIA Server+, IT Certifications, IT & Software",CompTIA Security+,All Levels,N/A,4.3,269,3094,"Rp149,000",11/2021,0,0,0,https://www.udemy.com/course/total-comptia-server-sk0-005-4-practice-tests-200qs/
The Cybersecurity Consultant Mindset,5422606,Robert Smith,"Cybersecurity, Coaching and Consulting Business, Network & Security, IT & Software",CompTIA Security+,All Levels,4.5 hours,4.3,8,176,"Rp149,000",5/2025,0,0,0,https://www.udemy.com/course/the-cybersecurity-consultant-mindset/
CompTIA Network Plus (N10-008) Prep Lab | CompTIA Network+,4821936,"Muharrem AYDIN, OAK Academy Team","CompTIA Network+, CompTIA A+, Computer Network, IT Networking Fundamentals, IT Certifications",CompTIA Security+,All Levels,9 hours,4.3,83,648,"Rp149,000",4/2026,2,0,0,https://www.udemy.com/course/comptia-network-plus-n10-008-prep-lab-comptia-network/
TOTAL: Conversation on Cryptography: w/ Mike Meyers,1648694,"Total Seminars Over 1 Million Enrollments, Mike Meyers","Cryptography, Network & Security, IT & Software",CompTIA Security+,Beginner,2.5 hours,4.7,2179,7841,"Rp149,000",1/2020,0,0,0,https://www.udemy.com/course/conversation-on-cryptography-a-total-course-w-mike-meyers/
CompTIA Security+ SY0-701 Practice Exams 2026 – Test 1,7106823,Arfan Ali | Certification Instructor,"CompTIA Security+, IT Certifications, IT & Software",CompTIA Security+,All Levels,N/A,5.0,1,1,"Rp329,000",3/2026,0,0,0,https://www.udemy.com/course/comptia-security-sy0-701-practice-exams-2026-test-1/
*NEW* CompTIA PenTest+ 4 Full-Length Practice Tests,7035355,Dean Cyber,"CompTIA PenTest+, IT Certifications, IT & Software",CompTIA Security+,Intermediate,N/A,4.4,N/A,3,"Rp149,000",4/2026,0,0,0,https://www.udemy.com/course/new-comptia-pentest-4-full-length-practice-tests/
CompTIA Cloud- CompTIA Cloud Essentials+ CLO-002 Prep Course,5940668,"Muharrem AYDIN, OAK Academy Team","CompTIA Cloud Essentials+ (Retired), CompTIA Cloud+, Cloud Computing, Cloud Management, IT Certifications",CompTIA Security+,All Levels,11.5 hours,5.0,4,102,"Rp149,000",4/2026,1,0,0,https://www.udemy.com/course/comptia-cloud-comptia-cloud-essentials-clo-002-prep-course/
Cybersecurity Solution Architecture 101 (2026),6575845,Serge Movsesyan | CISSP / CCSP / CASP+,"Cybersecurity, Risk Management, Information Security, Enterprise Architecture, Network & Security",CompTIA Security+,All Levels,4 hours,4.4,100,4073,"Rp159,000",1/2026,4,0,0,https://www.udemy.com/course/cybersecurity-solutions-architecture-101/
AKYLADE Certified Cyber Resilience Fundamentals Exams,5928304,"Jason Dion • 3 Million+ Enrollments Worldwide, Dion Training Solutions • ATO for ITIL & PRINCE2, Dion Training Solutions • ATO for ITIL & PRINCE2, Dion Training Solutions, Jason Dion • 2.8 Million+ Enrollments Worldwide","NIST Cybersecurity Framework (CSF), IT Certifications, IT & Software",CompTIA Security+,Intermediate,N/A,4.7,11,179,"Rp149,000",4/2026,0,0,0,https://www.udemy.com/course/akylade-certified-cyber-resilience-fundamentals-accrf-z/
CSP - Certified Security Principles,4961554,Mile2® Cyber Security Certifications,"Network Security, Data Security, Risk Management, Network & Security, IT & Software",CompTIA Security+,Intermediate,20.5 hours,4.6,7,26,"Rp149,000",11/2022,0,0,0,https://www.udemy.com/course/csp-certified-security-principles/
Cybersecurity Basics: Ethical Hacking for Everyone,6596605,Adam Cedro,"Cybersecurity, Ethical Hacking, Network Security, Information Security, Network & Security",CompTIA Security+,Beginner,4 hours,4.9,33,33,"Rp149,000",11/2025,0,0,0,https://www.udemy.com/course/cybersecurity-basics-ethical-hacking-for-everyone/
CySA+ (CS0-003) - 1000+ Questions & Real-World Scenarios,6954045,Cyber Pulse Academy,"CompTIA Cybersecurity Analyst (CySA+), IT Certifications, IT & Software",CompTIA Security+,All Levels,2 hours,4.3,28,131,"Rp149,000",2/2026,18,0,0,https://www.udemy.com/course/cpa-cysa-plus-best-exam-preparation-quizzes/
CompTIA SecAI+ CY0-001 Video Bootcamp,7022335,Networkel Inc.,"CompTIA SecAI+, IT Certifications, IT & Software",CompTIA Security+,All Levels,9.5 hours,4.2,14,185,"Rp149,000",2/2026,0,0,0,https://www.udemy.com/course/comptia-secai-plus/
Modern Cybersecurity Fundamentals,5260394,Matthew Martin,"Cybersecurity, Network & Security, IT & Software",CompTIA Security+,All Levels,2 hours,3.4,7,635,"Rp149,000",4/2023,0,0,12,https://www.udemy.com/course/modern-cybersecurity-fundamentals/
Cybersecurity Essentials:SOC Mastery from Zero to Hero(2025),5776782,Cyber talents,"Security Operations Center (SOC) Analyst Skills, Cybersecurity, Network & Security, IT & Software",CompTIA Security+,All Levels,32 hours,4.2,627,4548,"Rp159,000",7/2025,1,0,6,https://www.udemy.com/course/cybersecurity-essentials-series-soc-fundamentals-and-beyond/
CompTIA FC0-U61: IT Fundamentals,4599546,Vision Training Systems : IT Training,"IT / Technical Support, IT Certifications, IT & Software",CompTIA Security+,Beginner,13 hours,4.7,228,499,"Rp149,000",3/2022,0,0,6,https://www.udemy.com/course/comptia-fc0-u61-it-fundamentals/
Impact of Generative AI on Cyber Security,5521188,Anand Rao Nednur,"Generative AI (GenAI), Network & Security, IT & Software",CompTIA Security+,Beginner,3 hours,4.5,4426,21617,"Rp149,000",4/2026,5,0,13,https://www.udemy.com/course/impact-of-generative-ai-on-cyber-security/
CompTIA Advanced Security Practitioner (CASP+) Practice Test,6393667,Gururo Pvt Ltd.,"CompTIA SecurityX, IT Certifications, IT & Software",CompTIA Security+,Beginner,N/A,5.0,1,38,"Rp149,000",6/2025,0,0,0,https://www.udemy.com/course/comptia-advanced-security-practitioner-casp-practice-test/
CompTIA A+ Certification Core 1 (220-1201) Practice Exams,6957045,Edu Nexa,"CompTIA A+, IT Certifications, IT & Software",CompTIA Security+,All Levels,N/A,5.0,115,194,"Rp149,000",1/2026,0,0,0,https://www.udemy.com/course/comptia-a-certification-core-1-220-1201-practice-exam/
CompTIA A+ Core 1 (220-1201) Complete Exam Prep Course 2026,6991103,"Pavan Kumar, Avnish Singh","CompTIA A+, IT Certifications, IT & Software",CompTIA Security+,Beginner,29 hours,4.8,44,88,"Rp149,000",3/2026,1,0,2,https://www.udemy.com/course/comptia-a-core-1-220-1201-exam-prep/
Cybersecurity: Security Operations Center (SOC) Analyst NOW!,4363642,"Tyler Wall, Michael Archuleta","Security Operations Center (SOC) Analyst Skills, Cybersecurity, Network & Security, IT & Software",CompTIA Security+,Beginner,4.5 hours,4.5,1566,24091,"Rp159,000",2/2025,4,0,3,https://www.udemy.com/course/soc-analyst-now/
"CompTIA A+ Certification Lab | CompTIA A+ 220-1201, 220-1202",4800858,"Muharrem AYDIN, OAK Academy Team","CompTIA A+, IT / Technical Support, Linux, CompTIA IT Fundamentals (ITF+) (Retired), IT Certifications",CompTIA Security+,All Levels,17 hours,3.9,166,955,"Rp149,000",4/2026,4,0,1,https://www.udemy.com/course/comptia-a-certification-lab-comptia-a-220-1101-220-1102/
ChatGPT for Cybersecurity,6103507,Harshit Srivastava,"Cybersecurity, ChatGPT, Network & Security, IT & Software",CompTIA Security+,All Levels,1 hour,4.4,45,1249,"Rp149,000",8/2024,0,0,0,https://www.udemy.com/course/chatgpt-for-cybersecurity-z/
CompTIA Server+ V5 (SK0-005): 5 Practice Tests,5590154,Dean Cyber,"CompTIA Server+, IT Certifications, IT & Software",CompTIA Security+,All Levels,N/A,3.7,54,277,"Rp149,000",4/2026,0,0,0,https://www.udemy.com/course/comptia-server-sk0-005-4-practice-tests/
1500 Cyber Security Interview Questions Practice Exam Test,6868199,Interview Questions Tests,"Cybersecurity, Network & Security, IT & Software",CompTIA Security+,All Levels,N/A,4.3,N/A,1370,"Rp149,000",10/2025,0,0,0,https://www.udemy.com/course/cyber-security-interview-questions-exam/
The Complete Hands-On Labs for Cyber Pros,6954255,François B. Arthanas,"Cybersecurity, Network & Security, IT & Software",CompTIA Security+,Beginner,10 hours,5.0,1,8,"Rp149,000",12/2025,0,0,4,https://www.udemy.com/course/the-complete-hands-on-labs-for-cyber-pros/
CompTIA Security+ SY0-701 Complete Exam Prep & Practice Test,6936613,Cyber Security Academy,"CompTIA Security+, Information Security, IT Certifications, IT & Software",CompTIA Security+,All Levels,N/A,4.3,N/A,25,"Rp5,669,000",11/2025,0,0,0,https://www.udemy.com/course/comptia-security-sy0-701-complete-exam-prep-practice-test-p/
Cybersecurity Awareness for Business Leaders,6983841,Profe Sang,"Cybersecurity Awareness, Other Business, Business",CompTIA Security+,All Levels,3 hours,5.0,1,112,"Rp449,000",1/2026,0,0,0,https://www.udemy.com/course/cybersecurity-awareness-forleaders/
"CompTIA Combo Pack (CompTIA CASP+, CySA+, PenTest+) : 2026",5437412,Abdur Rahim,"CompTIA SecurityX, IT Certifications, IT & Software",CompTIA Security+,All Levels,N/A,N/A,N/A,2,"Rp149,000",1/2026,0,0,0,https://www.udemy.com/course/comptia-combo-pack-comptia-casp-cysa-pentest/
TOTAL: CompTIA A+ Cert Core 2 - 1202 Practice Exams,2401584,Total Seminars Over 1 Million Enrollments,"CompTIA A+, IT Certifications, IT & Software",CompTIA Security+,All Levels,N/A,3.9,2104,19699,"Rp149,000",1/2026,0,0,0,https://www.udemy.com/course/comptia-a-plus-core-2-practice-exams/
CompTIA Security+ SY0-801 (V8) Practice Exam Prep,7030061,"ExamsDigest • 230,000+ Enrolled students [NOW ON UDEMY]","IT Certifications, IT & Software",CompTIA Security+,Beginner,N/A,N/A,N/A,N/A,"Rp149,000",1/2026,0,0,0,https://www.udemy.com/course/comptia-security-practice-cert-exam-prep-course/
CompTIA Security+ SY0-701: 2025 Practice Exam Set with PBQ's,6902343,Andrew Hughes,"CompTIA Security+, IT Certifications, IT & Software",CompTIA Security+,Intermediate,N/A,4.3,N/A,2,"Rp149,000",11/2025,0,0,0,https://www.udemy.com/course/comptia-security-sy0-701-2025-practice-exam-set-with-pbqs/
CompTIA Sec AI+ Certification | Practice Exams,6342231,YouAccel Training,"Artificial Intelligence (AI), IT Certifications, IT & Software",CompTIA Security+,All Levels,N/A,4.0,1,1728,"Rp149,000",12/2024,0,0,0,https://www.udemy.com/course/comptia-sec-ai-certification-practice-exams/
Comptia A+ 220-1002 Practice Exam (Core 2) | CompTIA A+,4607684,"Oak Academy, OAK Academy Team","CompTIA A+, IT Certifications, IT & Software",CompTIA Security+,All Levels,N/A,4.4,37,112,"Rp149,000",7/2023,0,0,0,https://www.udemy.com/course/comptia-a-220-1002-practice-exam-core-2-comptia-a/
*NEW* CompTIA Network+ (N10-009) 4 Practice Exams,5397562,Dean Cyber,"CompTIA Network+, IT Certifications, IT & Software",CompTIA Security+,Beginner,N/A,4.5,123,1005,"Rp149,000",4/2026,0,0,0,https://www.udemy.com/course/comptia-network-n10-009-4-practice-exams/
Securing GenAI Systems: Fundamentals of Cybersecurity!!,6453859,Mana Dowlatshahi Yeganeh,"Cybersecurity, Artificial Intelligence (AI), Network Administration, Generative AI (GenAI), Network & Security",CompTIA Security+,Expert,52.5 hours,4.4,6,352,"Rp149,000",3/2026,10,0,4,https://www.udemy.com/course/securing-genai-systems-fundamentals-of-cybersecurity/
CompTIA A+ Practice Test,5097842,Abde BarBa,"CompTIA A+, IT Certifications, IT & Software",CompTIA Security+,All Levels,N/A,3.4,3,342,"Rp149,000",12/2025,0,0,0,https://www.udemy.com/course/comptia-a-practice-test-2023/
Generative AI - Risk and Cyber Security Masterclass 2026,5424682,Taimur Ijlal | Award winning cybersecurity leader and instructor,"Generative AI (GenAI), Artificial Intelligence (AI), Risk Management, Cybersecurity, Network & Security",CompTIA Security+,Beginner,3 hours,4.5,9001,27142,"Rp149,000",3/2026,0,0,0,https://www.udemy.com/course/generative-ai-risk-and-cybersecurity-masterclass-2023/
Cybersecurity Career Jumpstart,5290746,"James Mullahey, Patrick Mulcahey","NIST Cybersecurity Framework (CSF), Cybersecurity, Cybersecurity Awareness, Career Development, Network & Security",CompTIA Security+,Beginner,17.5 hours,4.7,2,15,"Rp149,000",11/2024,0,0,10,https://www.udemy.com/course/cybersecurity-career-jumpstart/
Artifical Intelligence in Cybersecurity,6971777,Rajesh Sinha,"Network & Security, IT & Software",CompTIA Security+,All Levels,10.5 hours,4.9,4,11,"Rp149,000",3/2026,0,0,25,https://www.udemy.com/course/artifical-intelligence-in-cybersecurity/
CompTIA A+ Certification Core 2 (220-1202) Practice Exams,6969989,Edu Nexa,"CompTIA A+, IT Certifications, IT & Software",CompTIA Security+,All Levels,N/A,5.0,53,129,"Rp149,000",1/2026,0,0,0,https://www.udemy.com/course/comptia-a-plus-core-two-practice-exams/
Cybersecurity & Information Security Fundamentals,6030250,Shapon Mohammad,"Cybersecurity Awareness, Information Security, Network & Security, IT & Software",CompTIA Security+,All Levels,4 hours,4.6,27,70,"Rp149,000",2/2025,0,0,12,https://www.udemy.com/course/cybersecurity-information-security-fundamentals/
The Official ISC² CC Certified in Cybersecurity Exams (2025),6875619,Cameron McKenzie,"Certified in Cybersecurity (CC), Certified Information Systems Security Professional (CISSP), Systems Security Certified Practitioner (SSCP), Certified Cloud Security Professional (CCSP), IT Certifications",CompTIA Security+,Expert,N/A,5.0,1,39,"Rp149,000",11/2025,0,0,0,https://www.udemy.com/course/updated-official-isc2-cc-certified-in-cybersecurity-exams/
TOTAL: CompTIA Tech+ Practice Tests FC0-U71,2580126,Total Seminars Over 1 Million Enrollments,"CompTIA IT Fundamentals (ITF+) (Retired), IT Certifications, IT & Software",CompTIA Security+,Beginner,N/A,4.1,827,5230,"Rp149,000",1/2026,0,0,0,https://www.udemy.com/course/comptia-it-fundamentals-fc0-u61-practice-tests/
CompTIA Security+ (SY0-701) Practice Tests New,6868533,Houssem Bahi,"IT Certifications, IT & Software",CompTIA Security+,All Levels,N/A,N/A,N/A,N/A,"Rp149,000",12/2025,0,0,0,https://www.udemy.com/course/comptia-security-sy0-701-practice-exams-4-tests/
AI for CyberSecurity with ChatGPT: Automate Security Defense,6320457,Pavel Hrabec,"Cybersecurity, Artificial Intelligence (AI), ChatGPT, Generative AI (GenAI), Network & Security",CompTIA Security+,All Levels,5.5 hours,4.7,497,5191,"Rp149,000",3/2026,0,0,12,https://www.udemy.com/course/ai-for-cybersecurity-with-chatgpt-automate-security-defense/
CCNA (200-301) | Ethernet Switching and Wireless Networks,4462744,"Oak Academy, OAK Academy Team, Selman Bilal Sivri","Cisco Certified Network Associate (CCNA), IT Networking Fundamentals, Network Security, Cisco, IT Certifications",CompTIA Security+,All Levels,3 hours,4.8,24,118,"Rp149,000",4/2026,2,0,3,https://www.udemy.com/course/ccna-200-301-ethernet-switching-and-wireless-networks/
CompTIA CySA+ Certification Exam (CS0-002),5229420,IT Moretti,"CompTIA Cybersecurity Analyst (CySA+), IT Certifications, IT & Software",CompTIA Security+,All Levels,N/A,3.7,3,136,"Rp149,000",6/2025,0,0,0,https://www.udemy.com/course/comptia-cysa-certification-exam-cs0-002/
CompTIA CySA+ (CS0-003) Practice Tests w/PBQs Updated - 2026,5283662,Soyab _,"CompTIA Cybersecurity Analyst (CySA+), IT Certifications, IT & Software",CompTIA Security+,All Levels,N/A,2.5,1,30,"Rp5,669,000",1/2026,0,0,0,https://www.udemy.com/course/comptia-cysa-cs0-002-certification/
ISC² CC Practice Tests: Pass Certified in Cybersecurity Exam,5842712,"Dr. Kolapo Adedipe, PhD, CC, OCP, ALX SE Grad","Cybersecurity, Certified in Cybersecurity (CC), IT Certifications, IT & Software",CompTIA Security+,All Levels,N/A,3.5,1,5,"Rp149,000",6/2025,0,0,0,https://www.udemy.com/course/isc2-cc-practice-tests-pass-certified-in-cybersecurity-exam/
Prompt Engineering & AI Security: Data Protection & Ethics,6566217,"Logix Academy | 150,000+ Enrollments Worldwide","Generative AI (GenAI), ChatGPT, Network & Security, IT & Software",CompTIA Security+,Beginner,2.5 hours,4.8,18,2901,"Rp149,000",3/2026,0,0,0,https://www.udemy.com/course/generative-ai-security-risks-data-protection-and-ethics/
"ChatGPT for Cybersecurity: Automate, Defend & Secure with AI",6293109,Alexander Oni,"ChatGPT, Network & Security, IT & Software",CompTIA Security+,All Levels,4 hours,4.4,20,250,Free,1/2026,1,0,15,https://www.udemy.com/course/chatgpt-for-cybersecurity-automate-defend-secure-with-ai/
Cybersecurity and Ethical Hacking,6571551,Selfcode Academy,"Cybersecurity, Ethical Hacking, Network & Security, IT & Software",CompTIA Security+,All Levels,25.5 hours,4.5,7,60,"Rp149,000",1/2026,0,0,2,https://www.udemy.com/course/ethical-hacking-and-cybersecurity-analyst-bootcamp/
IT Fundamentals - Everything you need to know about IT,3627542,Imran Afzal,"IT Fundamentals, Computer Skills, CompTIA IT Fundamentals (ITF+) (Retired), Other IT & Software, IT & Software",CompTIA Security+,All Levels,13.5 hours,4.6,9118,48475,"Rp169,000",9/2025,17,0,29,https://www.udemy.com/course/it-fundamentals-everything-you-need-to-know-about-it/
CompTIA Network+ (N10-008),5259716,Stone River eLearning,"CompTIA Network+, IT Certifications, IT & Software",CompTIA Security+,All Levels,21.5 hours,3.7,3,35,"Rp149,000",4/2023,0,0,1,https://www.udemy.com/course/comptia-network-n10-008-b/
How To Become A Cyber Security Consultant,4266796,David Rauschendorfer,"Cybersecurity, Network & Security, IT & Software",CompTIA Security+,Beginner,2.5 hours,4.1,21,154,"Rp149,000",8/2021,0,0,1,https://www.udemy.com/course/how-to-become-a-cyber-security-consultant/
CompTIA Network+ (N10-009),6024646,Stone River eLearning,"Network & Security, IT & Software",CompTIA Security+,All Levels,34 hours,4.1,7,71,"Rp149,000",6/2024,0,0,0,https://www.udemy.com/course/comptia-network-n10-009/
CompTIA A+ 220-802 - Prepare For The CompTIA A+ 220-802 Exam,245190,Infinite Skills,"CompTIA A+, IT Certifications, IT & Software",CompTIA Security+,All Levels,6.5 hours,4.5,187,3343,"Rp149,000",1/2017,1,0,1,https://www.udemy.com/course/comptia-a-220-802/
Master CompTIA Linux+: Complete Zero-to-SysAdmin Course,6156983,Vitalii Shumylo,"CompTIA Linux+, IT Certifications, IT & Software",CompTIA Security+,All Levels,42.5 hours,5.0,2,121,"Rp149,000",7/2025,0,0,0,https://www.udemy.com/course/comptia-linux-course/
Comptia Academy : Security+ 701 / 801,6056997,Jim Herbe Third Level Technology,"CompTIA Security+, IT Certifications, IT & Software",CompTIA Security+,All Levels,8 hours,4.3,N/A,2,"Rp249,000",3/2026,0,0,29,https://www.udemy.com/course/comptia-security-701-exam-course/
CompTIA PenTest+ PT0-003 Practice Test & Simulated PBQs 2026,5283672,Soyab _,"CompTIA PenTest+, IT Certifications, IT & Software",CompTIA Security+,All Levels,N/A,1.5,2,17,"Rp149,000",1/2026,0,0,0,https://www.udemy.com/course/comptia-pentest-pt0-002-certification/
Complete Guide to Cybersecurity and OWASP Top 10 Risks,7096655,Yotta Academy,"Cybersecurity, Network & Security, IT & Software",CompTIA Security+,Intermediate,2.5 hours,4.5,19,122,"Rp149,000",3/2026,0,0,0,https://www.udemy.com/course/complete-guide-to-cybersecurity-and-owasp-top-10-risks/
Cisco Certified Cybersecurity Specialist Core Tests,7025291,Ruane ribeiro,"Cisco CCNP Security, IT Certifications, IT & Software",CompTIA Security+,All Levels,N/A,N/A,N/A,N/A,"Rp149,000",1/2026,0,0,0,https://www.udemy.com/course/cisco-certified-cybersecurity-specialist-core-tests/
ISC2 Certified in Cybersecurity (CC) Full Practice Exams Q/A,5737700,B Talukdar,"Certified in Cybersecurity (CC), IT Certifications, IT & Software",CompTIA Security+,Beginner,N/A,2.4,3,13,"Rp149,000",1/2026,0,0,0,https://www.udemy.com/course/isc2-certified-in-cybersecurity-cc-full-practice-exam-qa/
Certified in Cybersecurity (CC) Practice Exams,7021531,Practice Exams Momentum,"Certified in Cybersecurity (CC), IT Certifications, IT & Software",CompTIA Security+,All Levels,N/A,N/A,N/A,N/A,"Rp149,000",1/2026,0,0,0,https://www.udemy.com/course/certified-in-cybersecurity-cc-practice-exams/
Certified Information Systems Security Professional CISSP,4014414,Stone River eLearning,"Certified Information Systems Security Professional (CISSP), Cybersecurity, Information Systems, Network & Security, IT & Software",CompTIA Security+,All Levels,12.5 hours,4.2,768,5774,"Rp149,000",10/2022,0,0,10,https://www.udemy.com/course/certified-information-systems-security-professional-cissp-q/
CompTIA CySA+ (CS0-003) Practice Exams with Simulated PBQs,5736228,B Talukdar,"CompTIA Cybersecurity Analyst (CySA+), IT Certifications, IT & Software",CompTIA Security+,All Levels,N/A,1.9,4,27,"Rp149,000",1/2026,0,0,0,https://www.udemy.com/course/comptia-cysa-cs0-003-practice-exams-with-simulated-pbqs/
Python for Cybersecurity,4333936,Edrick Goad,"Cybersecurity, API, Python Scripting, Python Security, Network & Security",CompTIA Security+,Beginner,5.5 hours,4.2,343,2248,"Rp149,000",10/2021,0,0,0,https://www.udemy.com/course/python-for-cybersecurity/
Microsoft Cybersecurity Analyst Practice Exams,6968225,Practice Tests Activity,"IT Certifications, IT & Software",CompTIA Security+,All Levels,N/A,N/A,N/A,N/A,"Rp149,000",12/2025,0,0,0,https://www.udemy.com/course/microsoft-cybersecurity-analyst-practice-exams/
The Ultimate ISC2 Certified in Cybersecurity CC Course 2025,5073526,"Serkan Demirhan • 160,000+ Enrollments Worldwide, TechSerks Academy","Certified in Cybersecurity (CC), Cybersecurity Awareness, Cybersecurity, IT Certifications, IT & Software",CompTIA Security+,All Levels,5.5 hours,4.3,1061,22319,"Rp149,000",10/2025,1,0,2,https://www.udemy.com/course/certifiedincybersecurityisc2/
CompTIA PenTest+ PT0-003 Certification Practice Exams 2026,7010033,"Sang Do, PMP","CompTIA PenTest+, IT Certifications, IT & Software",CompTIA Security+,Intermediate,N/A,5.0,1,3,"Rp149,000",1/2026,0,0,0,https://www.udemy.com/course/comptia-pentest-pt0-003-certification-practice-exams-new/
Certified in Cybersecurity: 6 Practice Tests + Explanations,6145965,Ismail Alaoui Ismaili,"Certified in Cybersecurity (CC), IT Certifications, IT & Software",CompTIA Security+,Beginner,N/A,5.0,4,13,"Rp149,000",8/2025,0,0,0,https://www.udemy.com/course/certified-in-cybersecurity-6-practice-tests-explanations/
Cybersecurity & Ethical Hacking with GenAI: Zero to Pro,6160745,Paul Carlo Tordecilla,"Cybersecurity, Network & Security, IT & Software",CompTIA Security+,Beginner,11.5 hours,4.1,20,232,"Rp159,000",10/2025,0,1,17,https://www.udemy.com/course/genai-cybersecurity-and-ethical-hacking-zero-to-hero-pro/
Cisco Certified Cybersecurity Associate Practice Tests,7025277,Ruane ribeiro,"Cisco Certified CyberOps Associate, IT Certifications, IT & Software",CompTIA Security+,All Levels,N/A,N/A,N/A,N/A,"Rp149,000",1/2026,0,0,0,https://www.udemy.com/course/cisco-certified-cybersecurity-associate-practice-tests/
IBM and ISC2 Cybersecurity Specialist Practice Exams,6968207,Practice Tests Activity,"IT Certifications, IT & Software",CompTIA Security+,All Levels,N/A,N/A,N/A,N/A,"Rp149,000",12/2025,0,0,0,https://www.udemy.com/course/ibm-and-isc2-cybersecurity-specialist-practice-exams/
How to become a Security Engineer from Scratch - Part 1 of 3,3283982,Jay and Ray,"Cybersecurity, Network & Security, IT & Software",CompTIA Security+,All Levels,5.5 hours,4.5,17,84,"Rp149,000",5/2022,1,0,0,https://www.udemy.com/course/how-to-become-a-security-engineer-from-scratch-part-1-of-3/
ISC2 (CC) Certified in Cybersecurity Practice Questions 2026,6223517,Fox Medium,"Certified in Cybersecurity (CC), IT Certifications, IT & Software",CompTIA Security+,Beginner,N/A,4.6,8,222,"Rp149,000",3/2026,0,0,0,https://www.udemy.com/course/isc2-cc-certified-in-cybersecurity-practice-questions/
Microsoft Certified Cybersecurity Architect Practice Exams,7077989,Fauzia Parveen,"IT Certifications, IT & Software",CompTIA Security+,All Levels,N/A,N/A,N/A,N/A,"Rp149,000",3/2026,0,0,0,https://www.udemy.com/course/microsoft-certified-cybersecurity-architect-practice-exams/
Cybersecurity CC Certification Exam Practice Tests Prep 2026,5676372,C Dey,"Cybersecurity, IT Certifications, IT & Software",CompTIA Security+,Beginner,N/A,4.3,N/A,4,"Rp149,000",1/2026,0,0,0,https://www.udemy.com/course/cybersecurity-certification-practice-test-exam-preparation/
The Complete Guide To Comptia A+ Certification,870940,"Eduonix Learning Solutions, Eduonix-Tech .","CompTIA A+, IT Certifications, IT & Software",CompTIA Security+,Beginner,5 hours,3.7,58,295,"Rp149,000",12/2018,1,0,0,https://www.udemy.com/course/the-complete-guide-to-comptia-a-plus-certification/
Certified Cyber Security Course,6773295,Manvaasam Institute,"Certified in Cybersecurity (CC), Network & Security, IT & Software",CompTIA Security+,Beginner,2.5 hours,4.2,N/A,3,"Rp447,000.00",8/2025,0,0,0,https://www.udemy.com/course/certified-cyber-security-course/
CompTIA A+ (220-1001 & 220-1002) Practice Exam (Updated),2799498,On Top eLearning,"CompTIA A+, IT Certifications, IT & Software",CompTIA Security+,All Levels,N/A,4.2,74,410,"Rp149,000",1/2026,0,0,0,https://www.udemy.com/course/comptia-a-220-1001-220-1002-practice-exam-updated/
CompTIA CASP+ Practice Tests,6171719,Abhimanyu Kannan,"CompTIA SecurityX, IT Certifications, IT & Software",CompTIA Security+,All Levels,N/A,4.8,107,323,"Rp149,000",9/2024,0,0,0,https://www.udemy.com/course/comptia-casp-practice/
CompTIA SecAI+ CY0-001: 6 Full Practice Exams & Explanations,7061441,Sachin Aggarwal,"Network & Security, IT & Software",CompTIA Security+,All Levels,N/A,5.0,N/A,17,N/A,2/2026,0,0,0,https://www.udemy.com/course/comptia-secai-cy0-001-practice-tests-exams/
Cyber Security Course 2025,6757573,Devanshu Shukla,"Cybersecurity, Network & Security, IT & Software",CompTIA Security+,Beginner,23 hours,4.5,14,459,"Rp149,000",9/2025,0,0,28,https://www.udemy.com/course/cyber-security-course-2025/
Cybersecurity Fundamentals Practice Exams,6968665,Practice Tests Tutor,"IT Certifications, IT & Software",CompTIA Security+,All Levels,N/A,N/A,N/A,N/A,"Rp149,000",12/2025,0,0,0,https://www.udemy.com/course/cybersecurity-fundamentals-practice-exams/
Kali Linux Fundamentals and become a cyber security leader,4804596,Sherif Salah-EL-Din Nour-EL-Din,"Kali Linux, Operating Systems & Servers, IT & Software",CompTIA Security+,Beginner,1 hour,4.9,7,124,"Rp149,000",9/2024,0,0,9,https://www.udemy.com/course/kali-linux-fundamentals/
Comprehensive Ethical Hacking and Cybersecurity Training,6114115,EDUCBA Bridging the Gap,"Ethical Hacking, Network Security, Network & Security, IT & Software",CompTIA Security+,All Levels,52.5 hours,4.4,25,1085,"Rp149,000",9/2024,0,0,0,https://www.udemy.com/course/comprehensive-ethical-hacking-and-cybersecurity-training/
Cisco Network Security Master Class,522258,Matt Carey,"Cisco Certified Network Associate (CCNA), Cybersecurity, Network & Security, IT Certifications, IT & Software",CompTIA Security+,All Levels,4 hours,4.6,1655,7864,"Rp149,000",7/2022,0,0,1,https://www.udemy.com/course/cisco-security-fundamentals/
Introduction to Cybersecurity - For Software Developers,3231679,Wail Yousif,"Cybersecurity, Network & Security, IT & Software",CompTIA Security+,Beginner,2.5 hours,4.3,58,395,"Rp149,000",9/2020,1,0,17,https://www.udemy.com/course/cybersecurity-for-developers-1/
Cyber Security: Entry Course - No Know-How needed!,6498015,Alexander H.,"Cybersecurity, Network & Security, IT & Software",CompTIA Security+,Beginner,4.5 hours,4.3,.,N/A,"Rp149,000",3/2025,0,0,0,https://www.udemy.com/course/cyber-security-entry-course/
Cybersecurity for Non-Technical Professionals,6719876,"David Tooch, PhD","Cybersecurity, Other Personal Development, Personal Development",CompTIA Security+,Beginner,1.5 hours,5.0,5,8,"Rp149,000",1/2026,0,0,0,https://www.udemy.com/course/cybersecurity-simplified-why-it-matters/
CompTIA PenTest+ (PT0-002) Certification Practice Tests,6835671,Ankur Marwaha,"CompTIA PenTest+, IT Certifications, IT & Software",CompTIA Security+,Intermediate,N/A,4.6,35,3457,"Rp149,000",9/2025,0,0,0,https://www.udemy.com/course/comptia-pentest-pt0-002-certification-practice-tests/
CompTIA Network+ N10-006,984872,Stone River eLearning,"CompTIA Network+, IT Certifications, IT & Software",CompTIA Security+,All Levels,8.5 hours,4.2,23,206,"Rp149,000",3/2017,0,0,0,https://www.udemy.com/course/comptia-network-n10-006-r/
Information Security for IT Professionals,2121452,Rahul Jamgade,"Information Security, Cybersecurity, Network & Security, IT & Software",CompTIA Security+,Beginner,5 hours,4.1,80,625,"Rp149,000",11/2021,0,0,1,https://www.udemy.com/course/information-security-for-professionals/
Introduction to Network Cybersecurity For Engineers,6528233,Shaun Hummel,"Network Security, Cybersecurity, Network & Security, IT & Software",CompTIA Security+,All Levels,6.5 hours,4.4,3,24,"Rp149,000",3/2026,24,0,51,https://www.udemy.com/course/network-and-cyber-security-cisco-certification-prep/
Email Security,5825400,Frank Anemaet,"Cybersecurity, Network & Security, IT & Software",CompTIA Security+,Beginner,31 mins,4.1,170,10793,"Rp149,000",2/2024,1,0,0,https://www.udemy.com/course/email-security/
Cyber Security - Networking,6074077,Suvithan Raju Suresh Kumar,"Cybersecurity, Network & Security, IT & Software",CompTIA Security+,Beginner,N/A,4.0,1,1,"Rp149,000",7/2024,0,0,0,https://www.udemy.com/course/cyber-security-networking/
Cyber Security Career - Tricks of the Trade,6465495,M. Krishnakumar,"Other Teaching & Academics, Teaching & Academics",CompTIA Security+,Beginner,2.5 hours,4.0,1,9,"Rp149,000",2/2025,0,0,4,https://www.udemy.com/course/cyber-security-career-tricks-of-the-trade/
Building and Configuring Your Cybersecurity Attack Lab,6771197,Prof. K,"Virtualization, Network & Security, IT & Software",CompTIA Security+,All Levels,1.5 hours,4.8,4,269,Free,8/2025,0,0,9,https://www.udemy.com/course/building-and-configuring-your-cybersecurity-attack-lab/
Certified in Cybersecurity (CC): ISC2 Practice Tests,6826293,Crackit Learning,"Network & Security, IT & Software",CompTIA Security+,All Levels,N/A,5.0,7,41,"Rp149,000",3/2026,0,0,0,https://www.udemy.com/course/certified-in-cybersecurity-cc-isc2-practice-tests/
Palo Alto Networks Cybersecurity Practice Exams,6961713,Practice Exams Drive,"IT Certifications, IT & Software",CompTIA Security+,All Levels,N/A,N/A,N/A,N/A,"Rp149,000",12/2025,0,0,0,https://www.udemy.com/course/palo-alto-networks-cybersecurity-practice-exams/
Cybersecurity for everyone,6525869,Shruti Kapoor,"Cybersecurity, Ethical Hacking, Network Security, Information Security, Network & Security",CompTIA Security+,Beginner,7 hours,4.8,6,48,"Rp149,000",3/2025,0,0,5,https://www.udemy.com/course/cybersecurity-for-everyone/
CompTIA Cybersecurity Pack - Practice Tests w/Simulated PBQs,5736152,B Talukdar,"CompTIA Cybersecurity Analyst (CySA+), IT Certifications, IT & Software",CompTIA Security+,Beginner,N/A,N/A,N/A,11,"Rp149,000",1/2026,0,0,0,https://www.udemy.com/course/comptia-cybersecurity-pack-practice-exams-wsimulated-pbqs/
ISC2 Certified in Cybersecurity (CC) - Exam Practice Test,6910633,Skill Sphere,"IT Certifications, IT & Software",CompTIA Security+,All Levels,N/A,N/A,N/A,N/A,"Rp149,000",11/2025,0,0,0,https://www.udemy.com/course/isc2-certified-in-cybersecurity-cc-exam-practice-test/
Cyber Security's Frontier: Emerging Trends and Technologies,5367198,Prabh Kirpa Classes,"Cybersecurity Awareness, Network & Security, IT & Software",CompTIA Security+,Intermediate,1 hour,3.5,451,19633,"Rp149,000",10/2023,0,0,0,https://www.udemy.com/course/emerging-trends-and-technologies-in-cyber-security/
CompTIA Network+ N10-009 Video Bootcamp,1564280,Networkel Inc.,"CompTIA Network+, IT Networking Fundamentals, IT Certifications, IT & Software",CompTIA Security+,Beginner,14.5 hours,4.3,918,5496,"Rp149,000",10/2025,0,0,0,https://www.udemy.com/course/comptia-network-n10_009/
Cybersecurity Social Engineering Practice Exams,7030053,Practice Exams Professional,"Cybersecurity Social Engineering, IT Certifications, IT & Software",CompTIA Security+,All Levels,N/A,4.3,N/A,N/A,"Rp149,000",1/2026,0,0,0,https://www.udemy.com/course/cybersecurity-social-engineering-practice-exams/
Cisco 200-201 CBROPS Cybersecurity Practice Exams,7002475,Junaid Ahmad,"IT Certifications, IT & Software",CompTIA Security+,All Levels,N/A,N/A,N/A,N/A,"Rp149,000",1/2026,0,0,0,https://www.udemy.com/course/cisco-200-201-cbrops-cybersecurity-practice-exams/
Prepare ISC2 Certified in Cybersecurity (CC) Certification,6965909,QuickTechie HadoopExam,"Network & Security, IT & Software",CompTIA Security+,All Levels,N/A,N/A,N/A,350,"Rp149,000",12/2025,0,0,0,https://www.udemy.com/course/prepare-isc2-certified-in-cybersecurity-cc-certification-latest/
ISC² CC Certified in Cybersecurity Practice Exams,6994517,Junaid Ahmad,"IT Certifications, IT & Software",CompTIA Security+,All Levels,N/A,N/A,N/A,N/A,"Rp149,000",1/2026,0,0,0,https://www.udemy.com/course/isc2-cc-certified-in-cybersecurity-practice-exams/
Ethical Hacking Mastery: Learn Cybersecurity from Scratch,6846879,Usama Musa Khan,"Certified Ethical Hacker (CEH), Network & Security, IT & Software",CompTIA Security+,All Levels,1.5 hours,5.0,29,151,"Rp149,000",9/2025,0,0,0,https://www.udemy.com/course/ethical-hacking-mastery-learn-cybersecurity-from-scratch/
The Ultimate Guide to Landing a Cybersecurity Job,5597546,Abderhman Haji,"Cybersecurity, Certified in Cybersecurity (CC), CompTIA Cybersecurity Analyst (CySA+), IT Certifications, IT & Software",CompTIA Security+,Beginner,39 mins,4.9,4,7,"Rp149,000",10/2023,0,0,0,https://www.udemy.com/course/the-ultimate-guide-to-landing-a-cybersecurity-job/
"AI & Cybersecurity: Threats, Global Actors, and Trends-2026",6355413,Cyberdefense Learning,"Cybersecurity, IT Certifications, IT & Software",CompTIA Security+,Expert,14 hours,4.4,51,360,"Rp149,000",2/2026,0,0,0,https://www.udemy.com/course/ai-cybersecurity-threats-global-actors-and-trends-2025/
CompTIA Network Plus N10-008 Practice Exam | Network+,4433608,"Oak Academy, OAK Academy Team","CompTIA Network+, IT Certifications, IT & Software",CompTIA Security+,All Levels,N/A,3.9,54,442,"Rp149,000",7/2023,0,0,0,https://www.udemy.com/course/comptia-network-plus-n10-008-practice-exam-network/
Improving Cyber Security for Your Business,4440466,Dermot Downey,"Cybersecurity Awareness, Network & Security, IT & Software",CompTIA Security+,All Levels,1 hour,4.8,5,452,"Rp149,000",7/2022,0,0,3,https://www.udemy.com/course/improve-your-cyber-security/
CompTIA Pentest+,2554927,QuickStart Learning Inc.,"CompTIA PenTest+, IT Certifications, IT & Software",CompTIA Security+,Beginner,11.5 hours,4.2,38,214,"Rp149,000",9/2019,0,0,0,https://www.udemy.com/course/comptia-pentest/
The Complete Cyber Security Awareness Training 2026,5963282,Aleksa Tamburkovski,"Cybersecurity Awareness, Network Security, Business Strategy, Network & Security, IT & Software",CompTIA Security+,Beginner,4 hours,4.5,79,328,"Rp149,000",1/2026,2,0,0,https://www.udemy.com/course/the-complete-cyber-security-awareness-training/
CompTIA Network+ N10-009 (V9) Practice Exam Questions,6971855,Linux Direct,"CompTIA Network+, IT Certifications, IT & Software",CompTIA Security+,Beginner,N/A,N/A,N/A,2,"Rp149,000",12/2025,0,0,0,https://www.udemy.com/course/comptia-network-plus-practice-exam-questions-course/
CompTIA Linux+ (LX0-103 and LX0-104) (Part 1 of 2),1623938,Stone River eLearning,"CompTIA Linux+, Linux, Network & Security, IT Certifications, IT & Software",CompTIA Security+,All Levels,17.5 hours,4.7,382,3221,"Rp149,000",2/2019,0,0,0,https://www.udemy.com/course/comptia-linux-2009-part-1-of-part-2/
Cybersecurity Fundamentals,6892165,braineesys Sarl,"Cybersecurity, Python, Kali Linux, C (programming language), Network & Security",CompTIA Security+,Intermediate,3.5 hours,4.8,2,5,"Rp149,000",11/2025,0,0,28,https://www.udemy.com/course/cybersecurity-fundamentals-v/
CompTIA CySA+ Certification - Complete Practice Exam Guide,6171207,Hamza Oussakry,"CompTIA Cybersecurity Analyst (CySA+), IT Certifications, IT & Software",CompTIA Security+,Beginner,N/A,5.0,N/A,798,"Rp149,000",9/2024,0,0,0,https://www.udemy.com/course/comptia-cysa-certification-complete-practice-exam-guide/
Hack the Interview: Cybersecurity Q&A Challenge,6557473,Shaban Raza,"Cybersecurity, Network & Security, IT & Software",CompTIA Security+,Intermediate,N/A,4.7,11,134,"Rp149,000",4/2025,0,0,0,https://www.udemy.com/course/hack-the-interview-cybersecurity-qa-challenge/
"Cyberhacker Series: Honeypots, IDS and FW's",1130954,Chad Russell,"Ethical Hacking, Security Hacking, Network & Security, IT & Software",CompTIA Security+,All Levels,1.5 hours,3.5,119,8530,"Rp149,000",11/2017,0,0,0,https://www.udemy.com/course/the-complete-ethical-hacking-series-honeypots-ids-and-fws/
Cyber Security for Beginners,6297187,Othman Omran Khalifa,"Network & Security, IT & Software",CompTIA Security+,Beginner,3.5 hours,3.6,3,9,"Rp149,000",1/2025,0,0,0,https://www.udemy.com/course/cyber-security-for-beginners/
CompTIA Cybersecurity Analyst (CySA+) CS0-003 Practice Exams,7024459,DataGuard Ak,"CompTIA Cybersecurity Analyst (CySA+), IT / Technical Support, Cybersecurity Social Engineering, Cybersecurity, IT Certifications",CompTIA Security+,Intermediate,N/A,5.0,5,401,"Rp149,000",2/2026,0,0,0,https://www.udemy.com/course/comptia-cybersecurity-analyst-cysa-cs0-003-practice-exams-g/
CompTIA CySA+ (CS0-003) Exam Practice Tests Prep With Logs,5889146,Professor H.U,"CompTIA Cybersecurity Analyst (CySA+), IT Certifications, IT & Software",CompTIA Security+,Intermediate,N/A,N/A,N/A,7,"Rp149,000",1/2026,0,0,0,https://www.udemy.com/course/comptia-cysa-cs0-003-practice-exam-preparation-w-labs/
360 Questions For 2026 CompTIA Linux+ Exam w/Explanations,7003673,"Nandy Bo | InfoSec & Azure Expert | $2,000,000+ Earned On Upwork & Fiverr Pro | 1,000+ Students","CompTIA Linux+, IT Certifications, IT & Software",CompTIA Security+,All Levels,N/A,4.7,54,54,"Rp149,000",1/2026,0,0,0,https://www.udemy.com/course/questions-for-comptia-linux-exam-explanations-included/
Cyber Security Interview Prep Guide for Security Analysts,4261900,The Cyber Security Academy,"Interviewing Skills, Cybersecurity, Network & Security, IT & Software",CompTIA Security+,Beginner,2 hours,3.5,8,41,"Rp149,000",10/2021,0,0,0,https://www.udemy.com/course/interview-prep-guide-for-cyber-security-analysts/
ISC2 Certified in Cybersecurity (CC) Questions NEW For 2025,6473139,NextGen Labworks,"IT Certifications, IT & Software",CompTIA Security+,All Levels,N/A,N/A,N/A,N/A,"Rp149,000",2/2025,0,0,0,https://www.udemy.com/course/isc2-certified-in-cybersecurity-questions/
CompTIA CySA+ (CS0-003): Practice Exam Questions,6138153,Essential Credential,"CompTIA Cybersecurity Analyst (CySA+), Cybersecurity, IT Certifications, IT & Software",CompTIA Security+,Intermediate,N/A,2.1,4,8,"Rp149,000",8/2024,0,0,0,https://www.udemy.com/course/comptia-cysa-practice-exam-questions/
SSCP Practice Exams 2026: Detailed Explanations,7075227,Rida rabja,"Systems Security Certified Practitioner (SSCP), IT Certifications, IT & Software",CompTIA Security+,All Levels,N/A,5.0,2,3,"Rp149,000",2/2026,0,0,0,https://www.udemy.com/course/sscp-practice-exams-2026-detailed-explanations/
Fundamentals of Cyber Security,4834506,Mohamad Mahjoub,"Cybersecurity, Network & Security, IT & Software",CompTIA Security+,Beginner,2 hours,4.6,22,1055,"Rp149,000",8/2022,0,0,0,https://www.udemy.com/course/fundamentals-of-cyber/
CompTIA PenTest+ (PT0-002) Certification – 2025 Updated,6398905,Gururo Pvt Ltd.,"CompTIA PenTest+, IT Certifications, IT & Software",CompTIA Security+,Beginner,N/A,5.0,1,18,"Rp149,000",6/2025,0,0,0,https://www.udemy.com/course/comptia-pentest-pt0-002-mock-tests/
CompTIA CySA+ - Practice & Mock Exams plus Flash Cards.,5521544,ExamIT -Sonia,"CompTIA Cybersecurity Analyst (CySA+), IT Certifications, IT & Software",CompTIA Security+,All Levels,N/A,4.5,3,24,"Rp149,000",9/2023,0,0,0,https://www.udemy.com/course/comptia-cysa-exam-prep-mock-exams-flash-cards/
CompTIA Cloud+ Basic,1641054,Stone River eLearning,"CompTIA Cloud+, Network & Security, IT Certifications, IT & Software",CompTIA Security+,All Levels,4 hours,4.4,84,350,"Rp149,000",10/2018,0,0,3,https://www.udemy.com/course/comptia-cloud-basic/
SC-730 Cybersecurity Business Professional Practice Tests,7102169,Renaldi Gondosubroto,"IT Certifications, IT & Software",CompTIA Security+,Intermediate,N/A,4.1,N/A,N/A,"Rp149,000",3/2026,0,0,0,https://www.udemy.com/course/sc-730-cybersecurity-business-professional-practice-tests/
Palo Alto Networks Certified Network Security Admin Exams,6363793,Balakrishana Geridi,"Palo Alto Networks Certified Network Security Administrator (PCNSA) (Retired), IT Certifications, IT & Software",CompTIA Security+,All Levels,N/A,N/A,N/A,N/A,"Rp149,000",2/2025,0,0,0,https://www.udemy.com/course/palo-alto-networks-certified-network-security-administrator-f/
Getting Started in Cybersecurity (An African's Full Guide),5476090,Mgbemena Emmanuel,"Cybersecurity Awareness, Cybersecurity, Network & Security, IT & Software",CompTIA Security+,Beginner,3.5 hours,5.0,1,2,"Rp149,000",8/2023,0,0,0,https://www.udemy.com/course/getting-started-in-cybersecurity-an-africans-full-guide/
ISC2 Certified in Cybersecurity (CC) | 6 Practice Exams 2026,5298374,"Serkan Demirhan • 160,000+ Enrollments Worldwide, TechSerks Academy","Certified in Cybersecurity (CC), IT Certifications, IT & Software",CompTIA Security+,Beginner,N/A,4.0,337,19103,"Rp149,000",3/2026,0,0,0,https://www.udemy.com/course/the-ultimate-isc2-certified-in-cybersecurity-practice-tests/
"CCNA Security Real World Labs - Cisco ASA, Network Security",238828,Marious Kuriata,"Cisco Certified Network Associate (CCNA), Cisco ASA, Cybersecurity, Network Security, IT Certifications",CompTIA Security+,Intermediate,12.5 hours,4.1,374,3732,"Rp149,000",8/2021,1,0,3,https://www.udemy.com/course/ccna-security/
ISC2 Certified in Cybersecurity (CC) – Practice Tests & Exam,6811803,Cyber Education World,"Certified in Cybersecurity (CC), Cybersecurity, Security Operations Center (SOC) Analyst Skills, IT Certifications, IT & Software",CompTIA Security+,All Levels,N/A,N/A,N/A,1,"Rp149,000",9/2025,0,0,0,https://www.udemy.com/course/isc2-certified-in-cybersecurity-cc-practice-tests-exam/
Learn Cyber Security From Scratch,2641550,Musa Bin Ali,"Cybersecurity, Network & Security, IT & Software",CompTIA Security+,All Levels,1 hour,3.5,316,16627,"Rp149,000",11/2019,0,0,0,https://www.udemy.com/course/learn-cyber-security-from-scratch-1/
CompTIA Cloud Essentials Cert Exam Prep CL0-002,2340896,Anand Rao Nednur,"CompTIA Cloud Essentials+ (Retired), IT Certifications, IT & Software",CompTIA Security+,Beginner,N/A,3.8,33,1194,"Rp149,000",8/2019,0,0,0,https://www.udemy.com/course/comptia-cloud-essentials-cert-exam-prep-cl0-002/
Fundamentals of Network Security,1301450,Corey Charles,"Network Security, Cybersecurity, Network Administration, Network & Security, IT & Software",CompTIA Security+,All Levels,2.5 hours,3.6,181,585,"Rp149,000",2/2018,0,0,1,https://www.udemy.com/course/fundamentals-of-network-security/
Information Security Foundation Certificate Practice Tests,2043610,Michael Borgers,"Information Security, Cybersecurity, Network & Security, IT & Software",CompTIA Security+,Beginner,N/A,4.4,13,88,"Rp149,000",1/2019,0,0,0,https://www.udemy.com/course/information-security-foundation-certificate-practice-tests-n/
All in One Cyber Security Course : Basic to Advanced,5189384,Piyush khanna,"Cybersecurity, Cybersecurity Awareness, Network & Security, IT & Software",CompTIA Security+,Intermediate,1 hour,3.0,6,17,"Rp149,000",3/2023,0,0,0,https://www.udemy.com/course/all-in-one-cyber-security-course-basic-to-advanced/
Cyber Security and Ethical Hacking introduction course,3653548,Cyber Lab,"Cybersecurity, Ethical Hacking, Security Hacking, Cybersecurity Awareness, Network & Security",CompTIA Security+,Beginner,1.5 hours,3.8,1016,52883,"Rp149,000",12/2020,0,0,0,https://www.udemy.com/course/best-cyber-security-and-ethical-hacking-introduction-course/
The Beginner's Guide to Cyber Security Business Analysis,5965458,Cyber Galaxy,"Cybersecurity, Network & Security, IT & Software",CompTIA Security+,Beginner,35 mins,4.5,4,7,"Rp149,000",5/2024,0,0,0,https://www.udemy.com/course/the-beginners-guide-to-cyber-security-business-analysis/
Complete HCIA-Security Certification Mastery: Practice Tests,6774937,Auren Dovek,"Huawei Certified ICT Associate (HCIA), IT Certifications, IT & Software",CompTIA Security+,All Levels,N/A,5.0,2,3,"Rp149,000",1/2026,0,0,0,https://www.udemy.com/course/hcia-security-certification-practice-tests/
Computer Network Security Protocols And Techniques,3504366,Dr. Moazzam Tiwana,"Network Security, Network & Security, IT & Software",CompTIA Security+,All Levels,3.5 hours,3.7,24,142,"Rp149,000",2/2021,0,0,0,https://www.udemy.com/course/computer-network-security-protocols-cryptography-tls-ssl-ipsec-rsa/
Certified in Cybersecurity Practice Exams,6725901,Sheela Abraham,"Certified in Cybersecurity (CC), IT Certifications, IT & Software",CompTIA Security+,All Levels,N/A,2.0,N/A,N/A,"Rp149,000",8/2025,0,0,0,https://www.udemy.com/course/certified-in-cybersecurity-practice-exams/
Complete CompTIA A+ Practice Test Pack – 220-1101 & 220-1102,6565797,Imran Afzal,"CompTIA A+, IT Certifications, IT & Software",CompTIA Security+,All Levels,N/A,4.5,32,1071,"Rp149,000",11/2025,0,0,0,https://www.udemy.com/course/complete-comptia-a-practice-test-pack-220-1101-220-1102/
Keep Networking Simple!,5066476,Larry Watlington,"IT Networking Fundamentals, Network & Security, IT & Software",CompTIA Security+,Beginner,6 hours,4.7,11,290,"Rp149,000",12/2023,0,0,18,https://www.udemy.com/course/keep-networking-simple/
Cybersecurity And Ethical Hacking Course,6346639,"Jeet Ghosh (BRIT,DRD,CMS,DITA)","Certified in Cybersecurity (CC), Certified Ethical Hacker (CEH), Ethical Hacking, Cybersecurity, Network & Security",CompTIA Security+,Beginner,2.5 hours,1.0,1,1,"Rp149,000",2/2025,0,0,17,https://www.udemy.com/course/cyber-security-and-ethical-hacking-course/
Invasão HACKER: Curso Completo de Pentest/kali linux,6725011,Joao Victor de Souza Araujo,"Ethical Hacking, Network & Security, IT & Software",CompTIA Security+,Intermediate,1.5 hours,5.0,1,257,"Rp149,000",8/2025,0,0,0,https://www.udemy.com/course/fundamentos-de-ethical-hacking-curso-completo-de-pentest/
ISC2 CC Practice Exams 2026 | 800 Questions Full Mock,7049823,Alan Nguyen,"Certified in Cybersecurity (CC), IT Certifications, IT & Software",CompTIA Security+,Beginner,N/A,N/A,N/A,3,"Rp149,000",4/2026,0,0,0,https://www.udemy.com/course/isc2-cc-practice-tests-2026-certified-in-cybersecurity/
CompTIA A+ 220-901 Certification Prep Course,983990,Stone River eLearning,"CompTIA A+, IT Certifications, IT & Software",CompTIA Security+,All Levels,10 hours,4.1,65,301,"Rp149,000",5/2018,0,0,0,https://www.udemy.com/course/comptia-a-220-901/
200-201: Cisco Cybersecurity Operations Fundamentals Exams,6728057,Elite Certs,"IT Certifications, IT & Software",CompTIA Security+,All Levels,N/A,N/A,N/A,N/A,"Rp149,000",8/2025,0,0,0,https://www.udemy.com/course/200-201-cisco-cybersecurity-operations-fundamentals-exams/
CompTIA PenTest+ (PT0-002) - Exam Coaching,4394314,Pack Of Coders - POC,"CompTIA PenTest+, Penetration Testing, IT Certifications, IT & Software",CompTIA Security+,All Levels,6.5 hours,4.6,21,86,"Rp149,000",4/2022,0,0,0,https://www.udemy.com/course/comptia-pentest-pt0-002-exam-coaching/
Cyber Security for Everyone,5462008,Tim Lawson,"Cybersecurity Awareness, Network & Security, IT & Software",CompTIA Security+,Beginner,44 mins,4.9,N/A,N/A,"Rp149,000",2/2025,0,0,1,https://www.udemy.com/course/cyber-security-for-knowledge-workers/
Huawei HCIA-Security H12-711: Comprehensive Practice Exams,7001089,Liam Zarek,"Huawei Certified ICT Associate (HCIA), Network & Security, IT & Software",CompTIA Security+,All Levels,N/A,5.0,1,1,"Rp149,000",1/2026,0,0,0,https://www.udemy.com/course/huawei-hcia-security-h12-711-practice-exams/
Cybersecurity Defense with Generative AI: 100 Lessons Guide,6133557,"Peter Alkema, Regenesys Business School","Cybersecurity, Computer Forensics, Enterprise Architecture, Generative AI (GenAI), Network & Security",CompTIA Security+,All Levels,8.5 hours,4.3,17,205,"Rp149,000",11/2024,0,0,0,https://www.udemy.com/course/cybersecurity-defense-with-generative-ai-100-lessons-guide/
Advanced Cybersecurity & Ethical Hacking: Tools & Techniques,6251845,Md. Aliful Islam,"Cybersecurity, Ethical Hacking, Certified in Cybersecurity (CC), Network & Security, IT & Software",CompTIA Security+,All Levels,2 hours,4.3,46,5349,"Rp149,000",7/2025,12,0,0,https://www.udemy.com/course/cyber-security-and-ethical-hacking/
GIAC Security Essentials (GSEC) Practice Tests 2026,7093353,Kayla Morgan,"GIAC Security Essentials (GSEC), IT Certifications, IT & Software",CompTIA Security+,Expert,N/A,N/A,N/A,35,"Rp149,000",3/2026,0,0,0,https://www.udemy.com/course/giac-security-essentials-gsec-practice-tests-2026/
Security Awareness For Everyone,3552897,Danny Pehar,"Cybersecurity Awareness, Network & Security, IT & Software",CompTIA Security+,All Levels,1 hour,4.4,166,8313,"Rp149,000",11/2020,0,0,85,https://www.udemy.com/course/security-awareness-for-everyone/
NIS2. The EU Cybersecurity Directive (EN),7070659,Kyrylo Proskurnya,"NIS2 Directive, IT Certifications, IT & Software",CompTIA Security+,All Levels,32 mins,4.3,N/A,N/A,"Rp149,000",3/2026,0,0,8,https://www.udemy.com/course/nis2-en_/
AI Cyber Security for End Users,6417991,Stone River eLearning,"Operations, Business",CompTIA Security+,All Levels,41 mins,N/A,N/A,1,"Rp149,000",1/2025,0,0,0,https://www.udemy.com/course/ai-cyber-security-for-end-users/
Introduction to Cybersecurity : Understanding and Preventing,5712266,Raphael Asghar,"Cybersecurity, Other IT & Software, IT & Software",CompTIA Security+,Beginner,5 hours,4.3,3,33,"Rp149,000",12/2023,0,0,2,https://www.udemy.com/course/introduction-to-cybersecurity-understanding-and-preventing/
CSWAE - Certified Secure Web Application Engineer,2304006,Mile2® Cyber Security Certifications,"Web Application Security, OWASP, Penetration Testing, Network & Security, IT & Software",CompTIA Security+,Intermediate,7 hours,3.5,70,216,"Rp149,000",4/2019,0,0,0,https://www.udemy.com/course/cswae-certified-secure-web-application-engineer/
(ISC)² Certified in Cybersecurity (CC) Test,6990489,Abde BarBa,"Cybersecurity, Certified in Cybersecurity (CC), Network & Security, IT & Software",CompTIA Security+,All Levels,N/A,4.3,N/A,100,"Rp149,000",12/2025,0,0,0,https://www.udemy.com/course/isc2-certified-in-cybersecurity-cc-l/
1400+ Cybersecurity Engineer Interview Questions Exam Test,6905091,Interview Questions Tests,"Network & Security, IT & Software",CompTIA Security+,All Levels,N/A,N/A,N/A,946,"Rp149,000",11/2025,0,0,0,https://www.udemy.com/course/cybersecurity-engineer-interview-questions-exam-test/
CyberSecurity & Privacy: Know some Cyber ​​regulations,5722368,Exprivia S.p.a.,"Information Security, Network & Security, IT & Software",CompTIA Security+,Intermediate,31 mins,4.5,1,5,"Rp149,000",2/2024,0,0,0,https://www.udemy.com/course/cybersecurity-privacy-o/
Cyber Security - Python and Web Applications,1777842,"Mashrur Hossain, Evgeny Rahman","Cybersecurity, Python, Network Security, Network & Security, IT & Software",CompTIA Security+,Beginner,10.5 hours,4.3,322,2665,"Rp149,000",10/2018,69,1,2,https://www.udemy.com/course/cyber-security-python-web-applications/
CS0-003 CompTIA Cybersecurity Analyst (CySA+) Cert Exam,7015849,Technology Exam Point,"CompTIA Cybersecurity Analyst (CySA+), IT Certifications, IT & Software",CompTIA Security+,All Levels,N/A,N/A,N/A,4,"Rp149,000",1/2026,0,0,0,https://www.udemy.com/course/cs0-003-comptia-cybersecurity-analyst-cysa-cert-exam/
Certified ethical hacking and cyber security for newbies,3730138,Will Cee,"Ethical Hacking, Cybersecurity, Computer Skills, Network & Security, IT & Software",CompTIA Security+,Beginner,43 mins,4.3,2,33,"Rp159,000",1/2021,0,0,1,https://www.udemy.com/course/certified-ethical-hacking-and-cyber-security-for-newbies/
Question bank for CompTIA A+ Core 1 (220-1101) Exams in 2026,6060583,Finance & Business Professional Education (FBPE),"CompTIA A+, Network & Security, IT & Software",CompTIA Security+,Beginner,N/A,5.0,2,129,"Rp149,000",1/2026,0,0,0,https://www.udemy.com/course/question-bank-for-comptia-a-core-1-220-1101-exams-in-2026/
CompTIA Cloud+ (CV0-004) Certification Practice Exam : 2026,5433744,Abdur Rahim,"CompTIA Cloud+, IT Certifications, IT & Software",CompTIA Security+,All Levels,N/A,N/A,N/A,N/A,"Rp149,000",1/2026,0,0,0,https://www.udemy.com/course/comptia-cloud-cv0-003-certification-practice-exam-p/
Networking Essentials: CompTIA Network Plus N10-006 Exam Pre,1017926,Bigger Brains,"CompTIA Network+, Network Security, IT Certifications, IT & Software",CompTIA Security+,Expert,12.5 hours,4.3,28,144,"Rp149,000",1/2023,0,0,0,https://www.udemy.com/course/networking-essentials-comptia-network-plus-exam-prep/
CompTIA Network+ (N10-008) Exam Prep with Explanation - 2024,4775556,Cyber Whiz,"CompTIA Network+, IT Certifications, IT & Software",CompTIA Security+,All Levels,N/A,4.5,10,123,"Rp149,000",4/2024,0,0,0,https://www.udemy.com/course/comptia-network-n10-008-exam-prep-with-explanation-2022/
Network Security Fundamentals,4474844,Management Study Guide,"Network Engineering, Operating Systems & Servers, IT & Software",CompTIA Security+,All Levels,1 hour,3.9,5,528,"Rp149,000",8/2022,0,0,0,https://www.udemy.com/course/network-security-n/
CompTIA Project+ PK0-005 Exam Practice Test Prep 2026,6801641,Shamim Reza,"CompTIA Project+, IT Certifications, IT & Software",CompTIA Security+,Intermediate,N/A,N/A,N/A,N/A,"Rp149,000",2/2026,0,0,0,https://www.udemy.com/course/comptia-project-pk0-005-exam-practice-test-prep/
Hacking Techniques for IT Professionals 2.0 Complete Course,114952,"IT Security Academy, Hacking School","Ethical Hacking, Network & Security, IT & Software",CompTIA Security+,Intermediate,9.5 hours,4.2,254,8795,"Rp149,000",11/2024,3,0,0,https://www.udemy.com/course/it-security-professional-certified-hacking-training/
Building Your Own Security Consultancy 101,1185032,Luke Bencie,"Coaching and Consulting Business, Other Business, Business",CompTIA Security+,Intermediate,1 hour,4.5,57,275,"Rp149,000",4/2017,0,0,1,https://www.udemy.com/course/building-your-own-security-consultancy-101/
Internal Cybersecurity Audit : Practitioner's Approach,1197318,RankOne Consulting,"Cybersecurity, Information Security, Network & Security, IT & Software",CompTIA Security+,Intermediate,31 mins,3.5,44,179,"Rp149,000",6/2020,0,0,1,https://www.udemy.com/course/internal-cybersecurity-audit-practitioners-approach/
Cisco CyberOps Associate 200-201 CBROPS Practice Tests 2026,7087537,Kayla Morgan,"Cisco Certified CyberOps Associate, IT Certifications, IT & Software",CompTIA Security+,Expert,N/A,N/A,N/A,121,"Rp149,000",3/2026,0,0,0,https://www.udemy.com/course/cisco-cyberops-associate-200-201-cbrops-practice-tests-2026/
CompTIA CySA+ (CS0-003) Original Practice Tests,6364829,Balakrishana Geridi,"CompTIA Cybersecurity Analyst (CySA+), IT Certifications, IT & Software",CompTIA Security+,All Levels,N/A,N/A,N/A,N/A,"Rp149,000",2/2025,0,0,0,https://www.udemy.com/course/comptia-cysa-cs0-003-original-practice-tests/
Cyber Security and Ethical Hacking course for Beginners,6985909,Vinayak Nayak,"Ethical Hacking, Cybersecurity, Network & Security, IT & Software",CompTIA Security+,Beginner,12 hours,4.2,11,116,"Rp149,000",1/2026,0,0,18,https://www.udemy.com/course/cyber-security-and-ethical-hacking-course-for-beginners/
