course_title,course_id,lecturer_name,related_topics,subject,level,durations,ratings,num_ratings,student,price,last_update,articles,exercise,downloadable_resources,url
Become a Calculus 1 Master,117490,Krista King,"Calculus, Math, Teaching & Academics",Calculus,All Levels,12.5 hours,4.8,12836,94451,"Rp169,000",4/2026,119,0,198,https://www.udemy.com/course/calculus1/
Become a Calculus 2 Master,128298,Krista King,"Calculus, Math, Teaching & Academics",Calculus,All Levels,27 hours,4.7,4442,57898,"Rp159,000",4/2026,202,0,371,https://www.udemy.com/course/calculus-2/
Calculus: Complete Course,5929580,Woody Lewenstein,"Calculus, Continuous Integration, Math, Differential Equations, Data Science",Calculus,All Levels,20 hours,4.6,258,1622,"Rp149,000",3/2026,0,0,0,https://www.udemy.com/course/calculus-complete-course/
Become a Calculus 3 Master,128300,Krista King,"Calculus, Math, Teaching & Academics",Calculus,All Levels,24 hours,4.8,2347,42433,"Rp159,000",4/2026,170,0,313,https://www.udemy.com/course/calculus-3/
Calculus 1 with the Math Sorcerer,2399802,The Math Sorcerer,"Calculus, Math, Teaching & Academics",Calculus,All Levels,16.5 hours,4.7,1516,9674,"Rp159,000",5/2023,20,0,20,https://www.udemy.com/course/calculus-1-with-the-math-sorcerer/
"Calculus 1, part 1 of 2: Limits and continuity",5213488,"Hania Uscka-Wehlou, Martin Wehlou","Calculus, Math, Teaching & Academics",Calculus,All Levels,60 hours,4.7,269,2944,"Rp149,000",3/2026,0,0,365,https://www.udemy.com/course/calculus-1-p1/
Math 0-1: Calculus for Data Science & Machine Learning,5088876,"Lazy Programmer Inc., Lazy Programmer Team","Calculus, Machine Learning, Data Science, Development",Calculus,Beginner,14.5 hours,4.5,1578,11826,"Rp159,000",2/2026,0,0,0,https://www.udemy.com/course/calculus-data-science/
Become a Trigonometry & Precalculus Master,798018,Krista King,"Trigonometry, Math, Teaching & Academics",Calculus,All Levels,19.5 hours,4.8,4755,46184,"Rp209,000",2/2026,135,0,239,https://www.udemy.com/course/trig-by-krista-king/
"Calculus 2, part 2 of 2: Sequences and series",6203341,"Hania Uscka-Wehlou, Martin Wehlou","Calculus, Math, Teaching & Academics",Calculus,All Levels,60.5 hours,5.0,27,1105,"Rp149,000",3/2026,0,0,449,https://www.udemy.com/course/calculus-2-p2/
Master calculus 1 using Python: derivatives and applications,4881804,Mike X Cohen,"Calculus, Other IT & Software, IT & Software",Calculus,Beginner,41.5 hours,4.9,412,6090,"Rp159,000",3/2026,2,0,0,https://www.udemy.com/course/pycalc1_x/
INTUITION MATTERS! Applied Calculus in Engineering: Complete,1950248,Mark Misin Engineering Ltd,"Calculus, Math, Teaching & Academics",Calculus,All Levels,33.5 hours,4.6,620,6056,"Rp159,000",11/2025,7,0,3,https://www.udemy.com/course/intuition-matters-applied-calculus-for-engineers-complete/
Complete Mathematics Masterclass: College & University Level,3953742,Dr. Börge Göbel,"Math, Teaching & Academics",Calculus,All Levels,24.5 hours,4.4,843,10467,"Rp149,000",1/2024,32,0,15,https://www.udemy.com/course/university-mathematics/
Calculus Masterclass: Beginner to Advanced,2677386,Kumar Rohan,"Calculus, Math, Teaching & Academics",Calculus,Intermediate,15 hours,4.6,21,144,"Rp149,000",1/2021,106,0,0,https://www.udemy.com/course/calculus1-masterclass/
Calculus 1 Lectures with The Math Sorcerer,4671202,The Math Sorcerer,"Calculus, Math, Teaching & Academics",Calculus,Beginner,28 hours,4.8,188,1333,"Rp149,000",12/2023,27,0,27,https://www.udemy.com/course/calculus-1-lectures-with-the-math-sorcerer/
Calculus 1 - Limits and Continuity,1233000,Organic Chemistry Tutor,"Calculus, Math, Teaching & Academics",Calculus,All Levels,4 hours,4.9,134,811,"Rp149,000",5/2017,0,0,0,https://www.udemy.com/course/calculus-1-limits-and-continuity/
"Calculus 3 (multivariable calculus), part 2 of 2",3893282,"Hania Uscka-Wehlou, Martin Wehlou","Calculus, Math, Teaching & Academics",Calculus,All Levels,44.5 hours,4.9,177,3779,"Rp149,000",3/2026,0,0,312,https://www.udemy.com/course/calculus-3-multivariable-calculus-part-2-of-2/
Geometric Algebra: The Math You Weren't Taught,6735179,Dr. Pablo Bañón Pérez,"Linear Algebra, Math, Teaching & Academics",Calculus,Intermediate,12.5 hours,4.7,18,175,"Rp149,000",12/2025,0,0,8,https://www.udemy.com/course/geometric-linear-algebra/
Precalculus 1: Basic notions,4380230,"Hania Uscka-Wehlou, Martin Wehlou","Pre-Calculus, Math, Teaching & Academics",Calculus,All Levels,52.5 hours,4.8,1387,6801,"Rp159,000",3/2026,0,0,387,https://www.udemy.com/course/precalculus-1/
Calculus 2 with the Math Sorcerer,2405870,The Math Sorcerer,"Calculus, Math, Teaching & Academics",Calculus,All Levels,36.5 hours,4.7,662,5734,"Rp159,000",6/2023,8,0,9,https://www.udemy.com/course/calculus-2-with-the-math-sorcerer/
Ace Calculus 1 in 9 Hours (The Complete Course),3707432,Gina Chou,"Calculus, Math, Teaching & Academics",Calculus,Beginner,9 hours,4.7,41,362,"Rp149,000",3/2025,13,0,23,https://www.udemy.com/course/calculus-i-the-complete-course-9-hours/
"Calculus 1, part 2 of 2: Derivatives with applications",5552258,"Hania Uscka-Wehlou, Martin Wehlou","Calculus, Math, Teaching & Academics",Calculus,All Levels,56 hours,4.9,81,2112,"Rp159,000",3/2026,0,0,422,https://www.udemy.com/course/calculus-1-p2/
"Calculus 3 (multivariable calculus), part 1 of 2",3154046,"Hania Uscka-Wehlou, Martin Wehlou","Calculus, Math, Teaching & Academics",Calculus,All Levels,48 hours,4.9,426,4651,"Rp149,000",3/2026,0,0,339,https://www.udemy.com/course/calculus-3-multivariable-calculus-part-1-of-2/
"Calculus 2, part 1 of 2: Integrals with applications",5853656,"Hania Uscka-Wehlou, Martin Wehlou","Calculus, Math, Teaching & Academics",Calculus,Intermediate,57 hours,4.9,68,1504,"Rp149,000",3/2026,0,0,457,https://www.udemy.com/course/calculus-2-p1/
Calculus 1 Made Easy,1310632,Alireza Eshghi,"Calculus, Math, Teaching & Academics",Calculus,All Levels,12.5 hours,4.8,29,159,"Rp149,000",6/2019,27,0,0,https://www.udemy.com/course/calculus-ab/
Calculus 2 - A Complete Course in Integral Calculus,5093388,Gary Thomson,"Calculus, Math, Teaching & Academics",Calculus,Beginner,21 hours,4.9,31,228,"Rp149,000",9/2024,13,0,23,https://www.udemy.com/course/calculus-2-complete/
Precalculus - A Complete Course,5767700,Gary Thomson,"Pre-Calculus, Math, Teaching & Academics",Calculus,Beginner,11.5 hours,4.7,40,220,"Rp149,000",7/2025,14,0,26,https://www.udemy.com/course/precalculus-a-complete-course/
Become a Differential Equations Master,4467230,Krista King,"Differential Equations, Math, Teaching & Academics",Calculus,All Levels,23.5 hours,4.8,1026,13647,"Rp159,000",2/2026,99,0,178,https://www.udemy.com/course/differential-equations-master/
Become an Algebra Master,218794,Krista King,"Algebra, Pre-Algebra, Math, Teaching & Academics",Calculus,All Levels,16 hours,4.7,13150,78956,"Rp159,000",3/2026,165,0,295,https://www.udemy.com/course/integralcalc-algebra/
Discrete Mathematics 1,6549057,"Hania Uscka-Wehlou, Martin Wehlou","Discrete Math, Math, Teaching & Academics",Calculus,All Levels,61 hours,4.9,172,2012,"Rp159,000",3/2026,0,0,409,https://www.udemy.com/course/discrete-mathematics-1/
Precalculus 2: Polynomials and rational functions,4562338,"Hania Uscka-Wehlou, Martin Wehlou","Polynomials, Math, Teaching & Academics",Calculus,All Levels,42 hours,4.9,190,3474,"Rp149,000",3/2026,0,0,340,https://www.udemy.com/course/precalculus-2/
Become a Linear Algebra Master,2414236,Krista King,"Linear Algebra, Math, Teaching & Academics",Calculus,All Levels,15.5 hours,4.8,7748,50543,"Rp159,000",5/2025,99,0,172,https://www.udemy.com/course/linear-algebra-course/
Calculus 1 - A Complete Course in Differential Calculus,4393058,Gary Thomson,"Calculus, Math, Teaching & Academics",Calculus,Beginner,11 hours,4.6,9,130,"Rp149,000",9/2022,7,0,11,https://www.udemy.com/course/calculus-1-complete/
Linear Algebra and Geometry 1,4025832,"Hania Uscka-Wehlou, Martin Wehlou","Linear Algebra, Math, Teaching & Academics",Calculus,All Levels,47 hours,4.9,1208,9305,"Rp159,000",3/2026,0,0,371,https://www.udemy.com/course/linear-algebra-and-geometry-1/
Calculus 3 with the Math Sorcerer,2405872,The Math Sorcerer,"Calculus, Math, Teaching & Academics",Calculus,All Levels,20 hours,4.7,368,4689,"Rp149,000",5/2023,0,0,0,https://www.udemy.com/course/calculus-3-with-the-math-sorcerer/
Discrete Mathematics 2,6726985,"Hania Uscka-Wehlou, Martin Wehlou","Discrete Math, Math, Teaching & Academics",Calculus,All Levels,66.5 hours,5.0,9,361,"Rp149,000",4/2026,0,0,342,https://www.udemy.com/course/discrete-mathematics-2/
Intro To Calculus 2,6317085,Lonzo Fulwider,"Math, Teaching & Academics",Calculus,Intermediate,34 hours,5.0,1,13,"Rp149,000",8/2025,0,0,0,https://www.udemy.com/course/intro-to-calculus-2/
Precalculus 3: Trigonometry,4836560,"Hania Uscka-Wehlou, Martin Wehlou","Trigonometry, Math, Teaching & Academics",Calculus,All Levels,52 hours,4.8,192,3286,"Rp149,000",3/2026,0,0,318,https://www.udemy.com/course/precalculus-3/
Master linear algebra: theory and implementation in code,1714498,Mike X Cohen,"Linear Algebra, Algebra, Math, Teaching & Academics",Calculus,All Levels,34 hours,4.5,6908,41536,"Rp159,000",3/2026,2,0,3,https://www.udemy.com/course/linear-algebra-theory-and-implementation/
Master Math by Coding in Python,2552715,"Codestars • over 2.5 million students worldwide!, Mike X Cohen","Math, Teaching & Academics",Calculus,All Levels,37 hours,4.8,2958,29528,"Rp149,000",3/2026,2,0,1,https://www.udemy.com/course/math-with-python/
"Trigonometry - The Unit Circle, Angles, & Right Triangles",1243668,Organic Chemistry Tutor,"Trigonometry, Math, Teaching & Academics",Calculus,All Levels,19.5 hours,4.7,932,3449,"Rp149,000",8/2017,0,0,0,https://www.udemy.com/course/trigonometry-the-unit-circle-angles-right-triangles/
Advanced Calculus/Real Analysis with the Math Sorcerer,2399896,The Math Sorcerer,"Calculus, Math, Teaching & Academics",Calculus,Expert,7.5 hours,4.7,427,4544,"Rp149,000",5/2023,2,0,2,https://www.udemy.com/course/advanced-calculusreal-analysis-with-the-math-sorcerer/
Math 0-1: Matrix Calculus in Data Science & Machine Learning,5571740,"Lazy Programmer Inc., Lazy Programmer Team","Calculus, Linear Algebra, Machine Learning, Data Science, Development",Calculus,All Levels,7 hours,4.7,641,7102,"Rp149,000",2/2026,0,0,0,https://www.udemy.com/course/matrix-calculus-machine-learning/
Calculus 1 Mastered,1242062,Miran Fattah,"Calculus, Math, Teaching & Academics",Calculus,Intermediate,15.5 hours,4.6,95,1115,"Rp149,000",12/2020,0,0,38,https://www.udemy.com/course/calculus-1-mastered/
"Master calculus 2 using Python: integration, intuition, code",6561477,Mike X Cohen,"Calculus, Other IT & Software, IT & Software",Calculus,Intermediate,19 hours,5.0,22,1040,"Rp149,000",3/2026,1,0,2,https://www.udemy.com/course/pycalc2_x/
Pre-Calculus Video Series,2910642,Jesse Patrick,"Pre-Calculus, Trigonometry, Math, Teaching & Academics",Calculus,All Levels,30 hours,4.6,80,579,"Rp149,000",12/2021,9,0,20,https://www.udemy.com/course/pre-calculus-video-series/
Become a Geometry Master,276904,Krista King,"Geometry, Math, Teaching & Academics",Calculus,All Levels,9.5 hours,4.7,3168,31464,"Rp149,000",2/2026,106,0,190,https://www.udemy.com/course/geometry-basics/
Business Calculus by Kaiju Mathematics: Become a Monster,5679942,Kaiju Mathematics,"Calculus, Math, Teaching & Academics",Calculus,All Levels,8.5 hours,4.8,3,20,"Rp149,000",12/2023,0,0,36,https://www.udemy.com/course/become-a-monster-at-business-calculus/
Precalculus and Trigonometry,6125917,Sandeep Kumar Mathur,"Math, Teaching & Academics",Calculus,All Levels,48.5 hours,5.0,6,272,"Rp149,000",3/2026,0,0,0,https://www.udemy.com/course/precalculus-and-trigonometry/
Calculus 2 Unlocked,5991506,Anastasiya Yurchak,"Calculus, Math, Teaching & Academics",Calculus,Intermediate,6.5 hours,4.9,4,29,"Rp149,000",6/2025,0,0,47,https://www.udemy.com/course/calculus-2calculus-bc/
Mr. Sutton Presents... AP Calculus AB,5481390,Robert Sutton,"Calculus, Math, Teaching & Academics",Calculus,Intermediate,10.5 hours,4.9,9,44,"Rp149,000",8/2023,14,0,0,https://www.udemy.com/course/mr-sutton-presents-ap-calculus-ab/
Mr. Sutton Presents... AP Calculus BC,5481790,Robert Sutton,"Calculus, Math, Teaching & Academics",Calculus,Expert,15 hours,4.8,25,151,"Rp149,000",8/2023,20,0,0,https://www.udemy.com/course/mr-sutton-presents-ap-calculus-bc/
Master the Fundamentals of Math,221578,Krista King,"Math, Teaching & Academics",Calculus,All Levels,5 hours,4.8,12230,62113,"Rp159,000",11/2025,71,0,122,https://www.udemy.com/course/fundamentals-of-math/
The Beginner's Guide To Understanding Algebra 1 & Algebra 2,1342610,John Swokowski,"Algebra, Math, Teaching & Academics",Calculus,Beginner,21.5 hours,4.9,709,4660,"Rp149,000",5/2025,0,0,1048,https://www.udemy.com/course/theultimateguidetounderstandingalgebra/
Precalculus 4: Exponentials and logarithms,4964232,"Hania Uscka-Wehlou, Martin Wehlou","Pre-Calculus, Math, Teaching & Academics",Calculus,All Levels,50 hours,4.9,112,2675,"Rp149,000",3/2026,0,0,383,https://www.udemy.com/course/precalculus-4/
Mathematical Foundations of Machine Learning,3501832,"Dr Jon Krohn, SuperDataScience Team, Ligency ​","Math, Machine Learning, Calculus, Linear Algebra, Data Science",Calculus,All Levels,16.5 hours,4.5,8330,141203,"Rp169,000",11/2024,2,0,0,https://www.udemy.com/course/machine-learning-data-science-foundations-masterclass/
Learn Algebra The Easy Way!,1148732,Organic Chemistry Tutor,"Algebra, Linear Algebra, Math, Teaching & Academics",Calculus,Beginner,21 hours,4.7,1789,7813,"Rp199,000",5/2018,0,0,0,https://www.udemy.com/course/algebracourse7245/
Ace Calculus 3 in 16 Hours (The Complete Course),5190302,Gina Chou,"Calculus, Math, Teaching & Academics",Calculus,Intermediate,16 hours,5.0,4,100,"Rp149,000",1/2025,9,0,16,https://www.udemy.com/course/ace-calculus-3-in-16-hours-the-complete-course/
AP Calculus AB: The 18-Hour Fast Track to a Perfect Score,6447927,Gina Chou,"Calculus, Math, Teaching & Academics",Calculus,Beginner,18 hours,4.6,5,954,"Rp149,000",5/2025,24,0,31,https://www.udemy.com/course/ap-calculus-ab-the-18-hour-fast-track-to-a-perfect-score/
Mastering Complex Calculus: From Derivatives to Residues,3795502,Emanuele Pesaresi,"Calculus, Math, Teaching & Academics",Calculus,Expert,11 hours,4.7,69,6825,"Rp149,000",5/2025,0,0,0,https://www.udemy.com/course/mathematical-theory-of-complex-calculus/
Pre-Calculus Simplified,4840652,Brian McLogan,"Pre-Calculus, Math, Teaching & Academics",Calculus,All Levels,73 hours,4.4,39,352,"Rp149,000",5/2023,4,0,376,https://www.udemy.com/course/pre-calculus-simplified/
Ace Advanced Calculus in 10.5 Hours (The Complete Course),6175161,Gina Chou,"Calculus, Math, Teaching & Academics",Calculus,Intermediate,10.5 hours,4.6,2,46,"Rp149,000",3/2025,20,0,20,https://www.udemy.com/course/ace-advanced-calculus-in-105-hours-the-complete-course/
Calculus 1-Learn complete concepts of Differential calculus,3843504,Sandeep Kumar Mathur,"Calculus, Math, Teaching & Academics",Calculus,All Levels,14 hours,4.6,40,542,"Rp149,000",1/2026,0,0,0,https://www.udemy.com/course/calculus-1-learn-complete-concepts-of-differential-calculus/
College Algebra with the Math Sorcerer,2398596,The Math Sorcerer,"Algebra, Math, Teaching & Academics",Calculus,Beginner,10 hours,4.8,1320,7440,"Rp159,000",5/2023,4,0,4,https://www.udemy.com/course/college-algebra-with-the-math-sorcerer/
A Rapid Introduction To Calculus,5646094,Dr. Ron Erez,"Calculus, Math, Teaching & Academics",Calculus,All Levels,8.5 hours,5.0,1,56,"Rp149,000",10/2024,0,0,56,https://www.udemy.com/course/rapid-calculus/
Mr. Sutton Presents... Pre-Calculus Honors,5480424,Robert Sutton,"Pre-Calculus, Math, Teaching & Academics",Calculus,All Levels,10 hours,5.0,5,25,"Rp149,000",8/2023,9,0,0,https://www.udemy.com/course/mr-sutton-presents-pre-calculus-honors/
Master Variational Calculus & Advanced Mathematical Methods,6125245,Emanuele Pesaresi,"Calculus, Math, Teaching & Academics",Calculus,Expert,33.5 hours,4.3,22,528,"Rp149,000",3/2026,0,0,95,https://www.udemy.com/course/master-variational-calculus-advanced-mathematical-methods/
Vector Calculus (Div Grad Curl),2065249,Ross McGowan,"Math, Teaching & Academics",Calculus,Intermediate,5.5 hours,4.5,42,604,"Rp149,000",3/2019,0,0,87,https://www.udemy.com/course/vector-calculus-div-grad-curl/
Mastering Math with Python: From Algebra to Calculus,5994058,Xiaoqi Zhao,"Python, Statistics, Algebra, Other IT & Software, IT & Software",Calculus,Intermediate,31.5 hours,4.7,12,2232,"Rp149,000",5/2024,0,0,0,https://www.udemy.com/course/doing-math-with-python/
Calculus of Variations,2066777,Ross McGowan,"Math, Teaching & Academics",Calculus,Intermediate,6 hours,4.6,105,926,"Rp149,000",8/2023,0,0,63,https://www.udemy.com/course/calculus-of-variations/
"Math Essentials: Algebra and Calculus 1, 2, 3 for Engineers",5207760,Emiliano Lako,"Calculus, Math, Teaching & Academics",Calculus,All Levels,7 hours,4.6,23,292,"Rp149,000",11/2025,0,0,1,https://www.udemy.com/course/calculus-materclass-from-theory-to-real-world-applications/
Become a Full Master of Calculus 1 - Learn step by step,2193448,Moein Ud Din,"Calculus, Math, Teaching & Academics",Calculus,Beginner,42.5 hours,4.6,86,10733,"Rp149,000",6/2022,1,0,1,https://www.udemy.com/course/calculus-1-pre-calculus/
Linear Algebra and Geometry 2,4166516,"Hania Uscka-Wehlou, Martin Wehlou","Linear Algebra, Math, Teaching & Academics",Calculus,All Levels,47 hours,4.9,303,5412,"Rp149,000",3/2026,0,0,337,https://www.udemy.com/course/linear-algebra-and-geometry-2/
A-Level Maths: Mechanics (Year 1 / AS),3299282,"Woody Lewenstein, Mathematics with Woody Online A-Level Maths","Math, Mechanics, Teaching & Academics",Calculus,All Levels,6.5 hours,4.8,109,606,"Rp149,000",3/2026,3,0,3,https://www.udemy.com/course/a-level-mechanics-1/
Calculus of Variations 2,3546434,Ross McGowan,"Math, Calculus, Teaching & Academics",Calculus,Expert,6.5 hours,4.9,17,435,"Rp149,000",1/2021,0,0,44,https://www.udemy.com/course/calculus-of-variations-2/
A complete course on Business Mathematics and Statistics,5957618,Sandeep Kumar Mathur,"Math, Business Analytics & Intelligence, Business",Calculus,All Levels,20 hours,4.2,27,451,"Rp149,000",3/2026,0,0,0,https://www.udemy.com/course/business-math-a-complete-course-business-mathematics/
Learn Concepts of Trigonometry & Become a Trigonometry Ace,3797982,Sandeep Kumar Mathur,"Trigonometry, Pre-Calculus, Math, Teaching & Academics",Calculus,All Levels,20.5 hours,4.5,11,105,"Rp149,000",1/2026,5,0,6,https://www.udemy.com/course/learn-trigonometry-concepts-examples-of-trigonometry/
Vectors for Math and Calculus: A Complete & Practical Course,1640434,Estefania Cassingena Navone,"Calculus, Math, Teaching & Academics",Calculus,All Levels,4 hours,4.5,79,1054,"Rp149,000",6/2025,27,0,52,https://www.udemy.com/course/calculus-the-complete-vectors-master-class/
Intro To Calculus 1,4753244,Lonzo Fulwider,"Calculus, Math, Teaching & Academics",Calculus,All Levels,34 hours,4.3,4,22,"Rp149,000",8/2025,0,0,0,https://www.udemy.com/course/intro-to-calculus-1/
How Calculus helps us really understand Trigonometry,5081158,Learning 0to1,"Calculus, Math, Teaching & Academics",Calculus,Beginner,2.5 hours,4.6,11,68,"Rp149,000",9/2024,0,0,9,https://www.udemy.com/course/how-calculus-helps-us-really-understand-trigonometry/
Pre Calculus Mastered,1182704,Miran Fattah,"Calculus, Math, Teaching & Academics",Calculus,Intermediate,21.5 hours,4.4,208,1413,"Rp149,000",12/2020,0,0,36,https://www.udemy.com/course/precalculus-/
Master Calculus with Ease: Volume 1,6908543,Ethan Tsai (Ming-Yao Tsai),"Calculus, Math, Teaching & Academics",Calculus,Intermediate,22.5 hours,5.0,11,180,"Rp149,000",11/2025,0,0,50,https://www.udemy.com/course/master-calculus-with-ease-volume-1/
Calculus 1 Derivatives of Math Functions Review Course,1209238,Organic Chemistry Tutor,"Calculus, Math, Teaching & Academics",Calculus,Beginner,2.5 hours,4.8,92,612,"Rp149,000",5/2017,0,0,0,https://www.udemy.com/course/calculus-1-derivatives-of-math-functions-review-course/
Multivariable Calculus,4728154,Steve Warner,"Calculus, Math, Teaching & Academics",Calculus,Intermediate,10 hours,4.4,18,145,"Rp149,000",6/2022,0,0,0,https://www.udemy.com/course/multivariable-calculus-drsteve/
Calculus-That Will Break Your Fear,3296270,Amarender Reddy Byreddy,"Calculus, Math, Teaching & Academics",Calculus,All Levels,10 hours,4.7,3,55,"Rp149,000",8/2020,0,0,0,https://www.udemy.com/course/become-a-master-in-calculus-1/
Integrals For Calculus 1 and 2,5967256,Lonzo Fulwider,"Math, Teaching & Academics",Calculus,All Levels,19 hours,5.0,3,23,"Rp149,000",6/2025,0,0,6,https://www.udemy.com/course/integrals-for-calculus-1-and-2/
Mathematical intuition behind Special and General Relativity,3215105,Emanuele Pesaresi,"Physics, Math, Teaching & Academics",Calculus,All Levels,19 hours,4.3,200,7203,"Rp149,000",3/2026,0,0,22,https://www.udemy.com/course/mathematical-intuition-behind-special-and-general-relativity/
Mathematics a Graphical Approach (Intermediate),2770818,Ross McGowan,"Math, Teaching & Academics",Calculus,Intermediate,14 hours,4.8,36,563,"Rp149,000",9/2023,0,0,1,https://www.udemy.com/course/mathematics-a-graphical-approach-intermediate/
Learn to Sketch Curves using Calculus,513984,Jack Brown,"Calculus, Math, Teaching & Academics",Calculus,All Levels,13.5 hours,4.7,26,287,"Rp149,000",7/2015,0,0,0,https://www.udemy.com/course/learn-to-sketch-curves-using-calculus/
Mathematics-Basics to Advanced for Data Science And GenAI,6106647,"Krish Naik, KRISHAI Technologies Private Limited","Data Science, Generative AI (GenAI), Development",Calculus,All Levels,23 hours,4.5,3807,27967,"Rp159,000",10/2024,1,0,55,https://www.udemy.com/course/mathematics-basics-to-advanced-for-data-science-and-ml/
Calculus 1- Teach Yourself Differentiation,4566718,Ruchi Chhabra,"Calculus, Math, Teaching & Academics",Calculus,Beginner,8 hours,4.8,31,3468,"Rp149,000",5/2022,1,0,1,https://www.udemy.com/course/teach-yourself-differentiation-calculus-1/
Calculus III (Multivariable Calculus),34212,Math Fortress,"Calculus, Math, Teaching & Academics",Calculus,All Levels,9 hours,4.7,106,1732,"Rp149,000",8/2021,0,0,2,https://www.udemy.com/course/calculus-iii-multivariable-calculus/
A-Level Further Maths: Core Pure 2,6668275,Woody Lewenstein,"Math, Complex Numbers, Calculus, Differential Equations, Teaching & Academics",Calculus,All Levels,16.5 hours,5.0,11,74,"Rp159,000",12/2025,7,0,7,https://www.udemy.com/course/a-level-further-maths-core-pure-2/
"Applications of Calculus in Business, Commerce and Economics",4619888,Sandeep Kumar Mathur,"Math, Teaching & Academics",Calculus,All Levels,2.5 hours,4.8,4,553,"Rp149,000",1/2026,0,0,0,https://www.udemy.com/course/application-of-calculus-for-business-commerce-and-economics/
Calculus Integration Insanity with the Math Sorcerer,2463616,The Math Sorcerer,"Calculus, Math, Teaching & Academics",Calculus,All Levels,14 hours,4.8,166,1623,"Rp149,000",5/2023,0,0,0,https://www.udemy.com/course/calculus-integration-insanity-with-the-math-sorcerer/
Ace Calculus 2 in 13 Hours (The Complete Course),4000758,Gina Chou,"Calculus, Math, Teaching & Academics",Calculus,Beginner,13 hours,4.4,26,259,"Rp149,000",1/2025,11,0,14,https://www.udemy.com/course/ace-calculus-2-in-13-hours-the-complete-course/
Mathematics Journey into Calculus for machine learning,6004770,Sandeep Kumar Mathur,"Math, Teaching & Academics",Calculus,All Levels,10.5 hours,4.7,6,377,"Rp149,000",3/2026,0,0,0,https://www.udemy.com/course/learn-vector-calculus-from-scratch/
AP Calculus AB,2681830,Willmar Herrera,"Calculus, Math, Teaching & Academics",Calculus,Intermediate,17.5 hours,4.5,107,682,"Rp149,000",7/2021,8,0,39,https://www.udemy.com/course/ap-calculus-ab-herrera/
Learn Calculus 1 - Become Expert on Calculus 1,4525232,Kamal Bahadur Tamang,"Calculus, Math, Teaching & Academics",Calculus,All Levels,8 hours,4.7,41,15793,"Rp149,000",3/2022,0,0,0,https://www.udemy.com/course/advanced-calculus/
Linear Algebra and Geometry 3,4269888,"Hania Uscka-Wehlou, Martin Wehlou","Linear Algebra, Math, Teaching & Academics",Calculus,Intermediate,51 hours,4.9,127,4175,"Rp149,000",3/2026,0,0,316,https://www.udemy.com/course/linear-algebra-and-geometry-3/
Abstract Algebra: Group Theory with the Math Sorcerer,2398542,The Math Sorcerer,"Algebra, Math, Teaching & Academics",Calculus,Expert,10 hours,4.8,578,4807,"Rp149,000",5/2023,7,0,7,https://www.udemy.com/course/abstract-algebra-group-theory-with-the-math-sorcerer/
Basic Limits in Calculus with The Math Sorcerer,4439832,The Math Sorcerer,"Calculus, Math, Teaching & Academics",Calculus,Beginner,2.5 hours,4.8,43,353,"Rp149,000",5/2023,1,0,1,https://www.udemy.com/course/basic-limits-in-calculus-with-the-math-sorcerer/
Calculus 2-Learn Concepts & Examples of Integral calculus,3843424,Sandeep Kumar Mathur,"Calculus, Math, Teaching & Academics",Calculus,All Levels,10 hours,4.6,32,465,"Rp149,000",1/2026,0,0,0,https://www.udemy.com/course/calculus-2-learn-concepts-examples-of-integral-calculus/
A Complete Guide to Integral Calculus (Advanced Calculus),6261787,Gina Chou,"Calculus, Math, Teaching & Academics",Calculus,Intermediate,4.5 hours,5.0,2,891,"Rp149,000",1/2025,13,0,14,https://www.udemy.com/course/a-complete-guide-to-integral-calculus-advanced-calculus/
Stochastic Calculus,3950832,Thomas Dacourt,"Probability, Math, Teaching & Academics",Calculus,All Levels,2.5 hours,4.3,246,1528,"Rp249,000",1/2026,0,0,16,https://www.udemy.com/course/stochastic-calculus/
Introduction to Lambda Calculus for Complete Beginners,5013678,Lucas Bazilio,"Lambda Expressions, Programming Languages, Development",Calculus,All Levels,1.5 hours,4.4,41,1664,"Rp149,000",12/2022,0,0,10,https://www.udemy.com/course/introduction-to-lambda-calculus-for-complete-beginners/
"High School Math: Understand it, Ace it!",928200,Gary Thomson,"Math, Teaching & Academics",Calculus,All Levels,11 hours,4.4,107,634,Free,6/2020,0,0,108,https://www.udemy.com/course/high-school-math-ace-it/
Pre-AP Pre-Calculus,2857934,Willmar Herrera,"Pre-Calculus, Math, Teaching & Academics",Calculus,All Levels,12 hours,4.7,16,105,"Rp149,000",3/2020,0,0,18,https://www.udemy.com/course/pre-ap-pre-calculus/
Functions: Your Complete Guide,1300808,Brian McLogan,"Math, Teaching & Academics",Calculus,All Levels,5.5 hours,4.6,41,263,"Rp149,000",11/2017,0,0,0,https://www.udemy.com/course/functions-your-complete-guide/
Hands-On Calculus with Python for Data Science & ML,6769967,Dr. Ron Erez,"Python, Data Science, Machine Learning, Calculus, Development",Calculus,All Levels,7.5 hours,5.0,1,36,"Rp149,000",12/2025,0,0,0,https://www.udemy.com/course/python-calculus-for-data-science-and-machine-learning/
"Maths Bridging Course - Algebra, Trigonometry and Calculus.",4433102,Kerry T,"Algebra, Math, Teaching & Academics",Calculus,All Levels,15.5 hours,4.5,283,2469,"Rp149,000",3/2024,0,0,2,https://www.udemy.com/course/mathematics-bridging-course-high-school-to-university/
Introduction to Multivariable Calculus 2026,7123821,Renngang Engineering,"Math, Teaching & Academics",Calculus,Beginner,1.5 hours,5.0,2,5,"Rp149,000",N/A,0,0,0,https://www.udemy.com/course/introduction-to-multivariable-calculus-2026/
Introduction to Calculus 1: Differentiation,3835288,Gina Chou,"Calculus, Math, Teaching & Academics",Calculus,Beginner,5 hours,4.5,37,12214,"Rp149,000",1/2025,5,0,9,https://www.udemy.com/course/calculus-1-differentiation/
Introduction to Calculus 3: Infinite Sequences and Series,5235720,Gina Chou,"Calculus, Math, Teaching & Academics",Calculus,Intermediate,6 hours,4.6,6,4339,"Rp149,000",1/2025,8,0,9,https://www.udemy.com/course/introduction-to-calculus-3-infinite-sequences-and-series/
Learn Binomial Theorem | Concepts and examples-Algebra,2352118,Sandeep Kumar Mathur,"Algebra, Math, Teaching & Academics",Calculus,All Levels,5 hours,4.8,7,1077,"Rp149,000",1/2026,0,0,0,https://www.udemy.com/course/learn-binomial-theoremconcepts-and-excellent-examples-math/
"Calculus, IB Maths AA/AI HL/SL Topic 5 Calculus",5687054,Iryna Ivanchenko,"Calculus, Math, Differential Equations, Teaching & Academics",Calculus,All Levels,6.5 hours,5.0,2,8,"Rp1,799,000",2/2025,0,0,13,https://www.udemy.com/course/calculus_ibmaths/
Calculus I (Differential Calculus),34273,Math Fortress,"Calculus, Math, Teaching & Academics",Calculus,All Levels,3 hours,4.6,121,1179,"Rp149,000",4/2017,0,0,0,https://www.udemy.com/course/calculus-i-differential-calculus/
The Complete Guide to Algebra 2,1421682,Mike O,"Algebra, Math, Teaching & Academics",Calculus,All Levels,28.5 hours,4.5,56,300,"Rp149,000",3/2020,1,0,44,https://www.udemy.com/course/the-complete-guide-to-algebra-2/
Complete Math Course: From Functions to Calculus & AI,6647813,Marco Gameiro,"Math, Teaching & Academics",Calculus,All Levels,5.5 hours,4.9,9,1135,"Rp149,000",6/2025,0,0,7,https://www.udemy.com/course/complete-math-course-from-functions-to-calculus-ai/
Trigonometric Equations in a Day,3870980,Gary Thomson,"Trigonometry, Math, Teaching & Academics",Calculus,Intermediate,4.5 hours,4.8,3,54,"Rp149,000",9/2023,8,0,13,https://www.udemy.com/course/trigonometric-equations-in-a-day/
Algebra 2 Video Series,2903998,Jesse Patrick,"Algebra, Math, Teaching & Academics",Calculus,All Levels,34 hours,4.6,30,214,"Rp149,000",12/2021,0,0,4,https://www.udemy.com/course/algebra-2-video-series/
"Loop Quantum Gravity, Differential Forms, Quantum Geometry",5855682,Emanuele Pesaresi,"Geometry, Math, Teaching & Academics",Calculus,Expert,17.5 hours,4.5,13,217,"Rp149,000",3/2026,0,0,39,https://www.udemy.com/course/loop-quantum-gravity-differential-forms-quantum-geometry/
Calculus II (Integral Calculus),34251,Math Fortress,"Calculus, Math, Teaching & Academics",Calculus,All Levels,2 hours,4.4,64,1623,"Rp149,000",11/2018,0,0,1,https://www.udemy.com/course/calculus-ii-integral-calculus/
"Single, Multivariable Calculus & Classical Physics Problems",2601812,Emanuele Pesaresi,"Calculus, Math, Teaching & Academics",Calculus,All Levels,17.5 hours,4.6,33,705,"Rp159,000",3/2026,0,0,6,https://www.udemy.com/course/mathematical-intuition-behind-multivariable-calculus/
Trigonometry 1 with The Math Sorcerer,2405868,The Math Sorcerer,"Trigonometry, Math, Teaching & Academics",Calculus,Beginner,6 hours,4.8,287,1953,"Rp149,000",5/2023,5,0,5,https://www.udemy.com/course/trigonometry-1-with-the-math-sorcerer/
Precalculus For High School And College Level Students,5578396,Lonzo Fulwider,"Math, Teaching & Academics",Calculus,All Levels,40 hours,3.9,3,24,"Rp149,000",6/2025,1,0,0,https://www.udemy.com/course/precalculus-for-high-school-and-college-level-students/
Complete A-Level Pure Maths Course in 10 Lectures,2909670,Westbound Maths,"Math, Teaching & Academics",Calculus,All Levels,15 hours,4.7,26,607,"Rp149,000",12/2020,0,0,30,https://www.udemy.com/course/westboundmaths-a-level-pure-maths-course/
Introduction to Stochastic Calculus,6978641,Cristian McGee,"Math, Teaching & Academics",Calculus,Beginner,5 hours,5.0,1,12,"Rp149,000",12/2025,1,0,30,https://www.udemy.com/course/introduction-to-stochastic-calculus/
Algebra -Learn complete concepts of Algebra 1 & Algebra 2,3876210,Sandeep Kumar Mathur,"Algebra, Math, Teaching & Academics",Calculus,All Levels,37.5 hours,4.4,43,504,"Rp149,000",3/2026,1,0,0,https://www.udemy.com/course/algebra-learn-complete-concepts-of-algebra-1-algebra-2/
Vector Calculus Basics for Engineering Students,2673522,"Cherish Qualls, PhD","Math, Teaching & Academics",Calculus,Beginner,5.5 hours,4.7,34,312,"Rp457,000.00",12/2020,0,0,15,https://www.udemy.com/course/vector-math-basics-for-engineering-students/
Ace Advanced Functions/Precalculus in 6 Hr (Complete Course),5039512,Gina Chou,"Math, Teaching & Academics",Calculus,Beginner,6 hours,4.8,11,1181,"Rp149,000",1/2025,7,0,7,https://www.udemy.com/course/ace-precalculus-in-5-hours-the-complete-course/
A- Level Maths : Pure (Paper 1),6725417,Sandeep Kumar Mathur,"Math, Teaching & Academics",Calculus,All Levels,5.5 hours,4.4,3,251,"Rp149,000",1/2026,0,0,0,https://www.udemy.com/course/a-level-maths-pure-paper-1/
Introduction to Multivariable Calculus for Undergraduates,4150212,Scott Gong,"Calculus, Math, Teaching & Academics",Calculus,Intermediate,8 hours,5.0,1,4,"Rp899,000",1/2024,0,0,2,https://www.udemy.com/course/multivariable-calculus-sgt/
Algebra 1 Mastered,3638508,Miran Fattah,"Algebra, Math, Teaching & Academics",Calculus,Beginner,14 hours,4.7,28,187,"Rp149,000",8/2022,0,0,55,https://www.udemy.com/course/algebra-1-mastered/
"Mastering Exponents, Exponential Expressions and Equations",1168586,"Ian Wagner, MA","Math, Teaching & Academics",Calculus,All Levels,8 hours,4.7,36,136,Free,6/2022,17,0,29,https://www.udemy.com/course/mastering-exponents-exponential-expressions-and-equations/
Real Analysis part 4 (Riemann Stieltjes Integral),4810986,Jaswinder Kaur,"Calculus, Math, Teaching & Academics",Calculus,Intermediate,8 hours,4.5,3,74,"Rp149,000",10/2024,0,0,0,https://www.udemy.com/course/real-analysis-part-4/
Master Calculus with Ease: Volume 3,7012657,Ethan Tsai (Ming-Yao Tsai),"Calculus, Math, Teaching & Academics",Calculus,Intermediate,21.5 hours,4.4,N/A,17,"Rp149,000",1/2026,0,0,48,https://www.udemy.com/course/master-calculus-with-ease-volume-3/
Mastering Exponential and Logarithmic Functions,1806248,"Ian Wagner, MA","Math, Math & Science, Teaching & Academics",Calculus,Intermediate,21.5 hours,4.8,20,237,"Rp149,000",7/2025,9,0,29,https://www.udemy.com/course/mastering-exponential-and-logarithmic-functions/
Trigonometry 2 with The Math Sorcerer,4694920,The Math Sorcerer,"Trigonometry, Math, Teaching & Academics",Calculus,Beginner,7 hours,4.7,101,1376,"Rp149,000",5/2023,12,0,13,https://www.udemy.com/course/trigonometry-2-with-the-math-sorcerer/
"College Level Linear Algebra for ML, DL, & Computer Graphics",1914608,"Ahmed Fathy, MSc","Linear Algebra, Math, Teaching & Academics",Calculus,All Levels,35 hours,4.5,415,6540,"Rp149,000",2/2026,15,0,2,https://www.udemy.com/course/college-level-linear-algebra-theory-and-practice/
Perfect Your Mathematical Skills (Pre-Calculus Course),1284616,Ruchi Chhabra,"Pre-Calculus, Algebra, Math, Teaching & Academics",Calculus,All Levels,19 hours,4.5,219,5428,"Rp149,000",4/2025,3,0,16,https://www.udemy.com/course/perfect-your-mathematical-skills/
Polynomials; Your Complete Guide,917814,Brian McLogan,"Polynomials, Math, Teaching & Academics",Calculus,All Levels,6.5 hours,4.5,30,333,"Rp149,000",1/2020,20,0,14,https://www.udemy.com/course/polynomials-your-complete-guide/
Master Pre Calculus and Trigonometry,1048342,Grant Hall,"Pre-Calculus, Algebra, Calculus, Math, Teaching & Academics",Calculus,All Levels,9.5 hours,4.6,613,5137,"Rp149,000",7/2020,5,0,0,https://www.udemy.com/course/master-pre-calculus/
Cambridge International A & AS Level (Pure Mathematics 1),1284558,Ruchi Chhabra,"Math, Algebra, Calculus, Teaching & Academics",Calculus,All Levels,28 hours,4.5,190,1671,"Rp149,000",4/2025,9,0,55,https://www.udemy.com/course/high-school-math-pure-mathematics-1/
Calculus 3 Made Easy (Multivariable or Vector Calculus),6448139,Wasif Ahmed,"Math, Teaching & Academics",Calculus,Intermediate,15 hours,N/A,N/A,8,"Rp149,000",1/2026,0,0,6,https://www.udemy.com/course/vector-calculus-with-applications/
Trigonometry: Your Complete Guide,729680,Brian McLogan,"Trigonometry, Pre-Calculus, Math, Teaching & Academics",Calculus,All Levels,8 hours,4.7,129,626,"Rp149,000",8/2019,13,0,23,https://www.udemy.com/course/master-graphing-trigonometric-functions/
Mr. Sutton Presents... Algebra 2 Honors,5479880,Robert Sutton,"Algebra, Math, Teaching & Academics",Calculus,All Levels,10 hours,5.0,4,19,"Rp149,000",8/2023,9,0,0,https://www.udemy.com/course/mr-sutton-presents-algebra-2-honors/
Calculus 1,1797964,AD Chauhdry,"Calculus, Math, Teaching & Academics",Calculus,All Levels,28 hours,3.7,45,6603,"Rp149,000",8/2022,0,0,3,https://www.udemy.com/course/calculus-formulation-and-description-of-conic-sections/
How to Write Proofs with Functions with the Math Sorcerer,2448134,The Math Sorcerer,"Math, Teaching & Academics",Calculus,Expert,3 hours,4.7,104,1443,"Rp149,000",5/2023,0,0,0,https://www.udemy.com/course/how-to-write-proofs-with-functions-with-the-math-sorcerer/
Coordinate Geometry: Learn Analytical Geometry from basics,3926208,Sandeep Kumar Mathur,"Geometry, Math, Teaching & Academics",Calculus,All Levels,12 hours,5.0,17,297,"Rp149,000",2/2026,0,0,0,https://www.udemy.com/course/coordinate-geometry-learn-coordinate-geometry-from-basics/
Practical Calculus for Engineers: Basics to Optimization,7000919,Vimal Daga,"Calculus, Python, Data Science, Development",Calculus,All Levels,13 hours,5.0,1,14,"Rp149,000",1/2026,0,0,0,https://www.udemy.com/course/practical-calculus-for-engineers-basics-to-optimization/
Become a Trigonometry Ace,3955264,Ethan Williams,"Trigonometry, Math, Teaching & Academics",Calculus,All Levels,32.5 hours,4.8,28,240,"Rp149,000",4/2021,0,0,60,https://www.udemy.com/course/become-a-precalculus-trigonometry-ace/
Ace Linear Algebra in 10 Hours (The Complete Course),4565244,Gina Chou,"Linear Algebra, Math, Teaching & Academics",Calculus,Beginner,10 hours,4.6,13,198,"Rp149,000",1/2025,12,0,14,https://www.udemy.com/course/ace-linear-algebra-in-10-hours-the-complete-course/
Vector Calculus Part2 (Line Integrals & Surface Integrals 1),5933182,Jaswinder Kaur,"Math, Teaching & Academics",Calculus,Intermediate,5.5 hours,4.5,N/A,13,"Rp149,000",7/2024,0,0,0,https://www.udemy.com/course/vector-calculus-line-surface-space-integrals-part-1/
Advanced Calculus of Higher Mathematics,3527602,Moein Ud Din,"Calculus, Math, Teaching & Academics",Calculus,All Levels,20.5 hours,4.8,19,8004,"Rp149,000",2/2022,2,0,1,https://www.udemy.com/course/advanced-calculus-of-higher-mathematics/
Basic concepts of Complex Numbers :Algebra of Complex Number,2305180,Sandeep Kumar Mathur,"Complex Numbers, Algebra, Math, Teaching & Academics",Calculus,Intermediate,7.5 hours,4.9,5,1268,"Rp149,000",1/2026,0,0,1,https://www.udemy.com/course/complex-numbers/
ABCs of Calculus,1100148,Allen Parr,"Calculus, Math, Teaching & Academics",Calculus,Beginner,12.5 hours,4.6,16,182,"Rp169,000",2/2017,10,0,9,https://www.udemy.com/course/abcs-of-calculus/
Pre Calculus 12 BC Test Prep.,411282,Terry Kung,"Test Taking Skills, Calculus, Test Prep, Teaching & Academics",Calculus,All Levels,11 hours,4.4,5,86,"Rp149,000",3/2015,0,0,9,https://www.udemy.com/course/pre-calculus-12-bc-test-prep/
Linear Equations and Inequalities; Your complete guide,721800,Brian McLogan,"Math, Linear Algebra, Algebra, Teaching & Academics",Calculus,All Levels,7 hours,4.6,24,175,"Rp149,000",4/2017,15,0,30,https://www.udemy.com/course/master-graphing-linear-equations-and-inequalities/
Vector Calculus Part 3 ( Surface Integrals),6254127,Jaswinder Kaur,"Math, Teaching & Academics",Calculus,Intermediate,3.5 hours,4.5,N/A,5,"Rp149,000",1/2025,0,0,0,https://www.udemy.com/course/vector-calculus-part-3-surface-integrals/
Practice Tests Quantitative Finance- Mathematics Primer 2026,6144555,"Parmanand Khajuriya, RAI, FRM, IIT Bombay","Calculus, Linear Algebra, Probability, Differential Equations, Math",Calculus,Intermediate,N/A,3.8,10,68,"Rp149,000",2/2026,0,0,0,https://www.udemy.com/course/cqf-math-foundations/
Daily Math Devotionals for Motivation with the Math Sorcerer,2992928,The Math Sorcerer,"Math, Teaching & Academics",Calculus,All Levels,1 hour,4.7,68,409,"Rp149,000",5/2020,0,0,0,https://www.udemy.com/course/daily-math-devotionals-for-motivation-with-the-math-sorcerer/
Rational Expressions and Functions: Your Complete Guide,1001660,Brian McLogan,"Math, Teaching & Academics",Calculus,All Levels,6 hours,4.7,10,122,"Rp149,000",11/2017,0,0,0,https://www.udemy.com/course/rationalfunctions/
How to Write Proofs in Set Theory with the Math Sorcerer,2448316,The Math Sorcerer,"Math, Teaching & Academics",Calculus,Expert,2 hours,4.6,342,2650,"Rp149,000",5/2023,0,0,0,https://www.udemy.com/course/how-to-write-proofs-in-set-theory-with-the-math-sorcerer/
Advanced Algebra : Some Special Series of Algebra,2321390,Sandeep Kumar Mathur,"Math, Teaching & Academics",Calculus,All Levels,5.5 hours,4.4,7,1025,"Rp149,000",1/2026,0,0,0,https://www.udemy.com/course/exponential-and-logarithmic-series/
Learn Calculus 2 & 3 from scratch to Advanced,2333698,Moein Ud Din,"Calculus, Math, Teaching & Academics",Calculus,All Levels,12.5 hours,4.5,46,4355,"Rp149,000",6/2023,12,0,12,https://www.udemy.com/course/calculus-2-calculus-3/
Calculus 1 (in under 4 hours) for Lazy students like me :),7005913,Christo Kruger,"Calculus, Math, Teaching & Academics",Calculus,Intermediate,3.5 hours,4.8,N/A,1,"Rp149,000",2/2026,0,0,19,https://www.udemy.com/course/calculus-1-the-lazy-students-guide-to-passing-calculus/
Quadratic Equation -A complete course on Quadratic Equations,2256580,Sandeep Kumar Mathur,"Algebra, Math, Teaching & Academics",Calculus,All Levels,10 hours,4.5,14,1162,"Rp149,000",3/2026,0,0,0,https://www.udemy.com/course/theory-of-quadratic-equations/
Learn Calculus I: Beginner to Advanced Quickly,1059950,Gabriel Nassar,"Calculus, Pre-Calculus, Algebra, Math, Teaching & Academics",Calculus,All Levels,2 hours,4.7,50,1318,"Rp149,000",1/2017,2,0,0,https://www.udemy.com/course/learn-calculus-i-functions-beginner-to-advanced-quickly/
Algebra in a Day,6141429,Gary Thomson,"Algebra, Math, Teaching & Academics",Calculus,Beginner,4.5 hours,5.0,3,7,"Rp149,000",10/2024,5,0,10,https://www.udemy.com/course/algebra-in-a-day/
Exponential and Logarithmic Functions; Your Complete Guide,914362,Brian McLogan,"Algebra, Math, Teaching & Academics",Calculus,All Levels,5 hours,4.5,21,257,"Rp149,000",12/2017,7,0,14,https://www.udemy.com/course/exponential-and-logarithmic-functions-your-complete-guide/
Conic Sections: Your Complete Guide,915716,Brian McLogan,"Math, Teaching & Academics",Calculus,All Levels,5 hours,4.2,8,127,"Rp149,000",4/2017,8,0,18,https://www.udemy.com/course/conic-sections/
Vector Algebra | Complete concepts and examples on vectors,3687044,Sandeep Kumar Mathur,"Algebra, Math, Teaching & Academics",Calculus,Intermediate,6 hours,4.8,14,170,"Rp149,000",1/2026,0,0,0,https://www.udemy.com/course/learn-vector-algebra-from-scratch/
"Math Graduate Programs Applying, Advice, Motivation",2992938,The Math Sorcerer,"Math, Teaching & Academics",Calculus,Beginner,1 hour,4.8,25,169,"Rp149,000",5/2020,0,0,0,https://www.udemy.com/course/math-graduate-programs-applying-advice-motivation/
Differential Equations: Learn Basics of Diff. Equation,4630146,Sandeep Kumar Mathur,"Math, Teaching & Academics",Calculus,Intermediate,5 hours,4.6,39,629,"Rp149,000",1/2026,0,0,0,https://www.udemy.com/course/differential-equations-learn-basics-of-diff-equation/
ENGINEERING MATHEMATICS,3654104,Edoreal Learning Solutions,"Math, Engineering, Teaching & Academics",Calculus,Beginner,3 hours,4.3,28,276,"Rp149,000",2/2021,9,0,0,https://www.udemy.com/course/engineering-mathematics-s/
Algebra Basics: Multi-Step Equations/Inequalities,5373170,Kali Rosenbeck,"Algebra, Math, Teaching & Academics",Calculus,All Levels,1 hour,5.0,1,4,"Rp149,000",6/2023,0,0,0,https://www.udemy.com/course/algebra-basics-multi-step-equationsinequalities/
Integral Calculus-Mathematics,6429989,Dr Amit Chandrashekhar Dabhole,"Math, Teaching & Academics",Calculus,Intermediate,5.5 hours,5.0,1,2,"Rp149,000",2/2025,0,0,0,https://www.udemy.com/course/differential-calculus-reduction-formulae/
Calculus & Linear Algebra for Machine Learning from Scratch,3258898,Ajatshatru Mishra,"Linear Algebra, Math, Teaching & Academics",Calculus,Beginner,3 hours,4.3,64,309,"Rp149,000",12/2021,0,0,6,https://www.udemy.com/course/linear-algebra-for-machine-learning-from-scratch/
Algebra For College And High School Students,5389586,Lonzo Fulwider,"Math, Teaching & Academics",Calculus,All Levels,29 hours,4.8,4,39,"Rp149,000",4/2025,17,0,0,https://www.udemy.com/course/algebra-for-college-and-high-school-students/
Colourful Maths! Calculus for beginners,499876,Alex Bell,"Calculus, Math, Teaching & Academics",Calculus,All Levels,2.5 hours,5.0,6,43,"Rp349,000",9/2015,0,0,0,https://www.udemy.com/course/basiccalculus/
"Calculus 2 Masterclass: Integration, Sequences & Series",2694398,ELVIS INNOCENT AGBEDE,"Calculus, Math, Teaching & Academics",Calculus,All Levels,10 hours,3.5,1,15,"Rp149,000",1/2026,0,0,0,https://www.udemy.com/course/become-a-master-of-calculus-2/
Master Integral Calculus :Become a Pro in Calculus 2 quickly,2354986,Shekhar Sikka,"Calculus, Math, Teaching & Academics",Calculus,All Levels,3.5 hours,4.4,44,4421,"Rp149,000",9/2019,0,0,47,https://www.udemy.com/course/master-integral-calculus-a-journey-from-beginner-to-pro/
Algebra and Trigonometry: Functions,1241432,Great IT Courses,"Algebra, Math, Calculus, Trigonometry, Teaching & Academics",Calculus,Beginner,22.5 hours,4.5,15,838,"Rp149,000",6/2017,1,0,0,https://www.udemy.com/course/algebra-and-trigonometry-functions/
Basic Trigonometry,4673424,Ross McGowan,"Trigonometry, Math, Teaching & Academics",Calculus,Beginner,5 hours,4.3,9,112,"Rp149,000",12/2022,0,0,0,https://www.udemy.com/course/basic-trigonometry/
Trigonometry Mastered,1360138,Miran Fattah,"Trigonometry, Math, Teaching & Academics",Calculus,Intermediate,10.5 hours,4.6,38,572,"Rp159,000",12/2019,0,0,25,https://www.udemy.com/course/trigonometry-mastered/
Prep for GRE® Subject Math Exam-Module2:Single Var Calculus,442252,Gilad Pagi,"Math, GRE, Calculus, Test Prep, Teaching & Academics",Calculus,Expert,1.5 hours,4.6,103,600,"Rp249,000",1/2020,0,0,1,https://www.udemy.com/course/gre-subject-math-april2015-prep-module2single-var-calculus/
Learn Geometry-Concepts & Examples of high school Geometry,3827502,Sandeep Kumar Mathur,"Geometry, Math, Teaching & Academics",Calculus,All Levels,9 hours,4.6,36,435,"Rp149,000",2/2026,0,0,0,https://www.udemy.com/course/learn-geometry-concepts-examples-of-high-school-geometry/
Complete Calculus Mathematics - from Beginner to Advanced,1586432,"iTeachers - David, Stephanie & Glenda","Calculus, Teacher Training, Teaching & Academics",Calculus,Beginner,2 hours,4.2,42,272,"Rp149,000",3/2018,0,0,0,https://www.udemy.com/course/complete-calculus/
Graduate Calculus,6034930,Behnam Esmayli,"Calculus, Math, Teaching & Academics",Calculus,Expert,5.5 hours,4.2,5,33,"Rp149,000",9/2024,0,0,9,https://www.udemy.com/course/advanced-calculus-part-one-the-fundamentals/
University Calculus 1 : From Exam Stress to Success,6277461,Rajan Kanagasabai,"Calculus, Math, Teaching & Academics",Calculus,Intermediate,9.5 hours,4.8,N/A,N/A,"Rp169,000",1/2025,0,0,0,https://www.udemy.com/course/university-calculus-1-exam-review/
Understanding Calculus - Course 2,3013922,Min Wu,"Calculus, Math, Teaching & Academics",Calculus,Intermediate,4.5 hours,4.7,6,31,"Rp169,000",4/2020,0,0,0,https://www.udemy.com/course/understanding-calculus-course-2/
Differential Calculus for Physicists,4342614,Kalyan Dutt Shatdarsanam,"Physics, Other Teaching & Academics, Teaching & Academics",Calculus,All Levels,5.5 hours,4.6,12,93,"Rp149,000",10/2021,0,0,0,https://www.udemy.com/course/differential-calculus-for-physicists/
Calculus - Limits of Functions,1522992,Dániel Csíkos,"Calculus, Math, Teaching & Academics",Calculus,All Levels,2 hours,4.6,2,359,"Rp149,000",6/2023,9,0,15,https://www.udemy.com/course/calculus-beginners-limits-of-functions/
Analytic Trigonometry - Your Complete Guide,126490,Brian McLogan,"Trigonometry, Pre-Calculus, Math, Teaching & Academics",Calculus,All Levels,9.5 hours,4.3,46,774,"Rp149,000",4/2017,18,0,29,https://www.udemy.com/course/analytictrigonometry/
Quadratic Equations; Your Complete Guide,130304,"Brian McLogan, Shalom Love B Tablando","Algebra, Math, Teaching & Academics",Calculus,All Levels,6 hours,4.3,25,434,"Rp149,000",7/2017,18,0,13,https://www.udemy.com/course/master-solving-quadratics/
Vector Calculus Part 1: Gradient Divergence & Curl of vector,3664068,Jaswinder Kaur,"Calculus, Math, Teaching & Academics",Calculus,Intermediate,8 hours,4.8,N/A,49,"Rp149,000",2/2025,0,0,0,https://www.udemy.com/course/vector_calculus/
"Master Taylor & Power Series, Interval of Convergence Calc 2",6772705,Brian M Woody,"Math, Teaching & Academics",Calculus,Beginner,3 hours,5.0,1,2,"Rp149,000",8/2025,0,0,7,https://www.udemy.com/course/master-taylor-power-series-interval-of-convergence-calc-2/
Learn Calculus (Best Online Course) - Solved examples,6020268,"Rajan Gosavi (Gold Medalist , M.Tech. )","Math, Pre-Calculus, Calculus, Engineering, Teaching & Academics",Calculus,All Levels,7 hours,5.0,1,252,"Rp149,000",7/2025,0,0,0,https://www.udemy.com/course/calculus-solved-examples-for-all/
Logarithms (Basic to Advance),4253226,Aashish Maheshwari,"Math, Teaching & Academics",Calculus,All Levels,5 hours,4.8,9,42,"Rp149,000",9/2021,0,0,0,https://www.udemy.com/course/logarithms-in-depth/
"Calculus: Limits, Derivatives & Integrals Simplified",6788663,Brandon R Hurdt,"Calculus, Trigonometry, Math, Teaching & Academics",Calculus,All Levels,1.5 hours,4.8,N/A,N/A,"Rp149,000",9/2025,0,0,10,https://www.udemy.com/course/calculus-limits-derivatives-integrals-simplified/
Calculus: Applications of Derivatives,6050599,Mostafa M. Madbouly,"Calculus, Other Teaching & Academics, Teaching & Academics",Calculus,All Levels,1 hour,5.0,3,1993,"Rp149,000",6/2024,0,0,10,https://www.udemy.com/course/calculus-applications-of-derivatives-d/
Learn Calculus 101 - The Easy Way,3905744,Dr. Rauf Tailony,"Calculus, Algebra, Trigonometry, Math, Teaching & Academics",Calculus,All Levels,5 hours,4.0,1,13,"Rp149,000",3/2021,0,0,33,https://www.udemy.com/course/learn-calculus-101/
Algebra 2 & Trigonometry: A Complete High School Curriculum,842404,Matthew Gromlich,"Trigonometry, Algebra, Math, Teaching & Academics",Calculus,All Levels,16 hours,4.6,545,1982,"Rp149,000",8/2018,0,0,183,https://www.udemy.com/course/algebra-2-and-basic-trigonometry/
Pre-Calculus from Beginner to Advanced 2025,2107070,"Kashif A., Abdullah A.","Pre-Calculus, Calculus, Math, Other Design, Design",Calculus,Beginner,4 hours,4.5,51,331,"Rp149,000",4/2025,2,0,1,https://www.udemy.com/course/pre-calc/
Limits and Derivatives in Calculus 1 by Infinite Wisdom,5382878,Nicole Southern,"Calculus, Math, Teaching & Academics",Calculus,All Levels,2.5 hours,5.0,1,7,"Rp149,000",3/2025,2,0,78,https://www.udemy.com/course/limits-infinite-wisdom/
1 Day Mathematica,4281714,Akshay Sunil,"Wolfram Mathematica, Science, Teaching & Academics",Calculus,Beginner,2 hours,4.5,2,135,"Rp149,000",6/2024,0,0,0,https://www.udemy.com/course/1-day-mathematica/
IB Mathematics Fundamentals - Last Review before Exams!,5231776,Akbar Shahkaramov,"Math, Teaching & Academics",Calculus,All Levels,2 hours,4.4,6,387,"Rp149,000",4/2023,0,0,0,https://www.udemy.com/course/ib-mathematics-last-review/
IB Mathematics AA HL — Complete Course,7057885,Konstantinos Kokoris,"Math, Teaching & Academics",Calculus,Intermediate,6.5 hours,2.5,1,8,"Rp149,000",3/2026,13,0,104,https://www.udemy.com/course/ib-mathematics-aa-hl-complete-course/
Master the Fundamentals of Complex Numbers,2106140,"Dr Ling Meng Kay Daniel, PhD","Complex Numbers, Algebra, Math, Teaching & Academics",Calculus,Intermediate,3 hours,4.6,33,717,"Rp149,000",12/2021,15,0,19,https://www.udemy.com/course/mastery-of-complex-numbers/
What are Beta and Gamma Functions and Laplace Transforms?,3539070,Suman Mathews,"Math, Teaching & Academics",Calculus,Beginner,1.5 hours,4.5,2,14,"Rp149,000",3/2026,0,0,0,https://www.udemy.com/course/beta-and-gamma-functions-college-mathematics/
CALCULUS Needed for Physics and Chemistry,2539348,Anupal Bharali,"Calculus, Science, Teaching & Academics",Calculus,Beginner,2.5 hours,4.6,38,173,"Rp149,000",6/2025,2,0,0,https://www.udemy.com/course/calculus-needed-for-physics-and-chemistry/
"Calculus -for Generative AI ,Data Science & Machine Learning",2113900,Manifold AI Learning ®,"Calculus, Data Science, Machine Learning, Deep Learning, Development",Calculus,Intermediate,16 hours,4.3,280,3819,"Rp149,000",1/2026,18,0,33,https://www.udemy.com/course/deep-learning-calculus-data-science-machine-learning-ai/
How to learn Multivariable Calculus for AP Calculus,3099744,Suman Mathews,"Math, Teaching & Academics",Calculus,Beginner,2 hours,4.5,N/A,5,"Rp149,000",4/2026,0,0,0,https://www.udemy.com/course/triple-and-double-integrals-college-mathematics/
Perfect Your Algebra Fundamentals,1297212,Ruchi Chhabra,"Algebra, Math, Teaching & Academics",Calculus,All Levels,16 hours,4.4,54,2702,"Rp149,000",11/2025,1,0,20,https://www.udemy.com/course/perfect-your-algebra-fundamentals-part-1/
Calculus - Limits of Sequences,1506802,Dániel Csíkos,"Calculus, Math, Teaching & Academics",Calculus,All Levels,1.5 hours,4.6,3,940,"Rp149,000",6/2023,2,0,1,https://www.udemy.com/course/limits-of-sequences-calculus/
Learn Real Mathematics,2451514,AD Chauhdry,"Calculus, Math, Teaching & Academics",Calculus,Beginner,6.5 hours,5.0,3,55,"Rp149,000",8/2022,0,0,1,https://www.udemy.com/course/real-mathematics/
The Complete Guide to Trigonometry,1869360,Mike O,"Trigonometry, Math, Teaching & Academics",Calculus,Intermediate,10.5 hours,4.5,27,164,"Rp149,000",10/2019,1,0,16,https://www.udemy.com/course/the-complete-guide-to-trigonometry/
"Calculus 1: The key for Science, Engineering and Economics.",3524296,MOORE Learning,"Calculus, Math, Teaching & Academics",Calculus,All Levels,3 hours,4.7,72,1015,"Rp149,000",5/2021,41,0,43,https://www.udemy.com/course/calculus-1-the-key-for-science-engineering-and-economics/
Engineering Calculus Made Simple (Derivatives),2359726,"Graham Van Brunt P. Eng., B.Sc.","Anti-Aging, Math, Industry, Business",Calculus,Intermediate,3.5 hours,5.0,1,50,"Rp149,000",5/2019,0,0,0,https://www.udemy.com/course/engineering-calculus-made-simple-derivatives/
Master in Geogebra for Mathematics,2042678,"Mónica Coronel, Margarita Coloma","Learning Technologies, Geometry, Math, Teaching & Academics",Calculus,All Levels,2 hours,3.9,169,685,"Rp149,000",4/2024,0,0,1,https://www.udemy.com/course/geogebra-for-mathematics/
Pre-Calculus & Trigonometry: Meet The Unit Circle,4662522,Keondre Parker,"Trigonometry, Math, Teaching & Academics",Calculus,Beginner,40 mins,4.7,3,13,"Rp447,000.00",5/2022,0,0,13,https://www.udemy.com/course/pre-calculus-trigonometry-meet-the-unit-circle/
Calculus 1 Fundamentals,1464714,Tanmay Varshney,"Calculus, Math, Teaching & Academics",Calculus,All Levels,3 hours,4.0,92,1925,"Rp149,000",7/2020,4,0,4,https://www.udemy.com/course/calculus-fundamentals/
Differential Equations in an easy way!,4969720,Ravi Mishra,"Differential Equations, Math, Teaching & Academics",Calculus,All Levels,7.5 hours,4.7,6,28,"Rp149,000",9/2024,0,0,14,https://www.udemy.com/course/differential-equations-in-an-easy-way/
Learn Basics of Calculus,4002466,Dr. Humayun Baig Mirza,"Calculus, Math, Teaching & Academics",Calculus,All Levels,9.5 hours,4.6,5,10,"Rp149,000",10/2021,0,0,0,https://www.udemy.com/course/learn-basics-of-calculus/
Algebra I (Beginning Algebra),34267,Math Fortress,"Algebra, Math, Teaching & Academics",Calculus,Beginner,3 hours,4.7,297,4171,"Rp149,000",9/2013,0,0,1,https://www.udemy.com/course/algebra-i-beginning-algebra/
Calculus 1: The Complete Guide,2306338,L Sang,"Calculus, Pre-Calculus, Math, Teaching & Academics",Calculus,All Levels,17 hours,4.3,62,18138,"Rp149,000",11/2021,0,0,75,https://www.udemy.com/course/calculus-i-the-complete-guide/
Algebra Made Easy | Score Higher on Algebra 1 & 2,3847550,Dr. Day,"Algebra, Math, Teaching & Academics",Calculus,All Levels,10 hours,4.5,16,90,"Rp149,000",7/2022,0,0,0,https://www.udemy.com/course/subeezy-algebra/
Pre-Calculus EVERYTHING Explained,3329770,Ariana Morales,"Math, Complex Numbers, Teaching & Academics",Calculus,All Levels,21 hours,4.6,33,230,"Rp149,000",3/2021,1,0,1,https://www.udemy.com/course/pre-calculus-explained/
Calculus - Differentiation masterclass,2219524,Dániel Csíkos,"Calculus, Math, Teaching & Academics",Calculus,All Levels,2.5 hours,3.0,1,650,"Rp149,000",1/2025,6,0,13,https://www.udemy.com/course/calculus-differentiation-derivative-masterclass/
High School Pure Mathematics | Grade 10 - Grade 12,4527362,Arinao Khangale,"Math, Teaching & Academics",Calculus,All Levels,4.5 hours,3.8,14,128,"Rp149,000",2/2022,0,0,0,https://www.udemy.com/course/high-school-pure-mathematics-grade-10-grade-12/
Integral Calculus -(Integration),3684990,Dr. Zeeshan Saleem Mufti,"Calculus, Math, Teaching & Academics",Calculus,All Levels,2.5 hours,4.5,1,183,"Rp149,000",10/2023,0,0,9,https://www.udemy.com/course/master-in-integrations/
The introduction to Complex Numbers,5176820,RL Wong,"Complex Numbers, Math, Teaching & Academics",Calculus,Intermediate,4 hours,5.0,9,39,"Rp149,000",3/2023,0,0,0,https://www.udemy.com/course/complexnumbers/
Integral Calculus for Physicists,4354580,Kalyan Dutt Shatdarsanam,"Calculus, Science, Teaching & Academics",Calculus,All Levels,4 hours,5.0,7,86,"Rp149,000",10/2021,0,0,0,https://www.udemy.com/course/integral-calculus-for-physicists/
Laplace Transform and Inverse Laplace Transform,3797532,Dr. Zeeshan Saleem Mufti,"Math, Teaching & Academics",Calculus,All Levels,4.5 hours,4.2,9,150,"Rp149,000",10/2023,0,0,0,https://www.udemy.com/course/laplace-its-inverse-transform-integral-transforms/
Pre-Calculus Mathematics - Fundamentals of Functions,1286608,Dániel Csíkos,"Pre-Calculus, Math, Teaching & Academics",Calculus,Beginner,1.5 hours,4.0,18,739,"Rp149,000",10/2018,2,0,1,https://www.udemy.com/course/pre-calculus-mathematics-fundamentals-of-functions/
Calculus,571790,Jason Patrick Broadway,"Calculus, Financial Derivatives, Math, Teaching & Academics",Calculus,All Levels,20 hours,3.2,230,13447,"Rp149,000",9/2022,0,0,12,https://www.udemy.com/course/calculus-i-be-ready-for-your-college-calculus-i-course/
Sequences And Series: From Theory To Application.,5551648,Nwaorah Lawrence Anachuna,"Math, Teaching & Academics",Calculus,All Levels,8.5 hours,4.8,23,1740,"Rp149,000",1/2026,0,0,0,https://www.udemy.com/course/sequences-and-series-l/
G12 Advanced Functions - MHF4U,6780495,Gavin Wei,"Math, Teaching & Academics",Calculus,Expert,19.5 hours,N/A,N/A,1,"Rp149,000",8/2025,0,0,1,https://www.udemy.com/course/g12-advanced-functions-mhf4u/
Applied Mathematics - Sequence and Series,4607688,studi live,"Algebra, Math, Teaching & Academics",Calculus,Intermediate,3.5 hours,4.8,4,32,"Rp149,000",4/2022,0,0,4,https://www.udemy.com/course/applied-mathematics-sequence-and-series/
Master Techniques of Integration – Calculus 2 & AP BC Exam,5688876,Brian M Woody,"Calculus, Math, Teaching & Academics",Calculus,Beginner,4 hours,5.0,20,62,"Rp149,000",8/2025,0,0,12,https://www.udemy.com/course/master-techniques-of-integration-woody-calculus/
Step by Step Calculus 1 : Learn from scratch,613260,Bryant Avila,"Calculus, Math, Teaching & Academics",Calculus,Beginner,5.5 hours,4.1,85,2005,"Rp149,000",8/2019,1,0,0,https://www.udemy.com/course/calculus-one/
Master Infinite Series Convergence Tests - Calculus 2 AP BC,6740495,Brian M Woody,"Math, Teaching & Academics",Calculus,Beginner,5 hours,5.0,1,3,"Rp149,000",8/2025,0,0,10,https://www.udemy.com/course/master-infinite-series-convergence-tests-for-calculus-2/
"Master Volumes, Work, and Mass for Calculus 2 & AP Exam BC",6765339,Brian M Woody,"Math, Teaching & Academics",Calculus,Beginner,3.5 hours,5.0,N/A,N/A,"Rp149,000",8/2025,0,0,14,https://www.udemy.com/course/master-area-volumes-work-and-mass-for-calculus-2-ap-bc/
Algebraic Polynomials,5386586,Kali Rosenbeck,"Polynomials, Math, Teaching & Academics",Calculus,All Levels,1 hour,5.0,2,2,"Rp149,000",6/2023,0,0,0,https://www.udemy.com/course/algebraic-polynomials/
IB Mathematics AA HL – Trigonometric Functions (Module 6),7050927,Konstantinos Kokoris,"Math, Teaching & Academics",Calculus,Intermediate,40 mins,N/A,N/A,N/A,"Rp149,000",2/2026,1,0,19,https://www.udemy.com/course/ib-mathematics-aa-hl-trigonometric-functions-module-6/
Understand Logarithms & its Application In Engineering,4428770,Engineering Maths,"Math, Calculus, Teaching & Academics",Calculus,Beginner,5.5 hours,4.3,14,2425,"Rp149,000",4/2023,0,0,14,https://www.udemy.com/course/understand-logarithms-its-application-in-real-world/
Math for Data Science and Machine Learning,2722350,AD Chauhdry,"Linear Algebra, Probability, Statistics, Engineering, Teaching & Academics",Calculus,All Levels,6.5 hours,3.7,93,14825,"Rp149,000",8/2022,0,0,2,https://www.udemy.com/course/master-linear-algebra-and-probability-2-in-1-bundle/
Topics in Algebra: Graphing,119862,Joseph L. Huston,"Algebra, Math, Teaching & Academics",Calculus,Beginner,3 hours,4.7,10,119,"Rp149,000",3/2014,2,0,0,https://www.udemy.com/course/topics-in-algebra-graphing/
Interactive Trigonometry: Learn by Doing,6272055,Ryan Hobbs,"Trigonometry, Math, Teaching & Academics",Calculus,Beginner,8.5 hours,3.5,1,10,"Rp149,000",1/2025,0,0,88,https://www.udemy.com/course/interactive-trigonometry-learn-by-doing/
The Complete Course on GCSE and iGCSE Additional Mathematics,6001908,RL Wong,"GCSE, Pre-Calculus, Calculus, Math, Teaching & Academics",Calculus,Intermediate,16.5 hours,4.4,13,102,"Rp149,000",7/2025,3,0,0,https://www.udemy.com/course/the-complete-course-on-igcse-additional-mathematics/
Topics in Algebra: Polynomials and Factoring,120006,Joseph L. Huston,"Algebra, Math, Teaching & Academics",Calculus,Beginner,2.5 hours,4.7,17,151,"Rp149,000",3/2014,2,0,0,https://www.udemy.com/course/topics-in-algebra-polynomials-and-factoring/
Master Calculus 1: Complete 2020 Basic-To-Advanced Course,416338,Kody Amour,"Calculus, Math, Teaching & Academics",Calculus,All Levels,7 hours,4.3,123,4089,"Rp149,000",6/2020,0,0,0,https://www.udemy.com/course/calculusmadesimple/
Mastering Derivatives: A Complete Calculus Course,3350350,Kazi Ahmed,"Calculus, Math, Teaching & Academics",Calculus,Intermediate,4 hours,4.5,53,12782,"Rp149,000",8/2020,0,0,25,https://www.udemy.com/course/mastering-derivatives-a-complete-calculus-course/
Mathematics in MATLAB,2706512,AD Chauhdry,"MATLAB, Engineering, Teaching & Academics",Calculus,All Levels,3 hours,3.8,138,32149,"Rp149,000",1/2023,0,0,1,https://www.udemy.com/course/master-calculus-and-trigonometry-by-coding-in-matlab/
Where are Partial Differential Equations PDE'S used ?,3000442,Suman Mathews,"Differential Equations, Math, Teaching & Academics",Calculus,Intermediate,2 hours,3.3,3,32,"Rp149,000",4/2026,0,0,0,https://www.udemy.com/course/partial-differential-equations-tutorial-college-mathematics/
Calculus Test,6855919,Learn mathematics,"Calculus, Math, Teaching & Academics",Calculus,Beginner,N/A,4.8,N/A,N/A,"Rp149,000",10/2025,0,0,0,https://www.udemy.com/course/calculus-y/
Prep for GRE® SubjectMathExam-Module4:Multivariable Calculus,508380,Gilad Pagi,"GRE, Math, Calculus, Test Prep, Teaching & Academics",Calculus,Expert,1 hour,4.6,55,431,"Rp249,000",12/2018,0,0,0,https://www.udemy.com/course/gre-subject-math-prep-module4-multivariable-calculus/
Mathematics Practice Tests & Mock Exams Course(2026 Updated),6515767,Christian Chukwu,"Test Prep, Teaching & Academics",Calculus,All Levels,N/A,4.0,3,8,"Rp149,000",1/2026,0,0,0,https://www.udemy.com/course/mathematics-practice-test-mock-exams-for-jamb-waec-neco/
Introduction to Integration (Integral Calculus),611182,Mohd Fikri Abdul Aziz,"Calculus, Math, Teaching & Academics",Calculus,Beginner,5 hours,4.6,31,109,"Rp149,000",5/2016,0,0,6,https://www.udemy.com/course/introduction-to-integration/
Introduction to Abstract Algebra: Group Theory,2451508,AD Chauhdry,"Algebra, Math, Teaching & Academics",Calculus,All Levels,10 hours,4.1,37,1247,"Rp149,000",8/2021,3,0,0,https://www.udemy.com/course/abstract-algebra-a-crash-course-in-group-theory/
Algebra II (Intermediate Algebra),34255,Math Fortress,"Algebra, Math, Teaching & Academics",Calculus,All Levels,2 hours,4.3,74,1579,"Rp149,000",11/2013,0,0,1,https://www.udemy.com/course/algebra-ii-intermediate-algebra/
Algebra for Beginners,470832,Engage and Learn,"Algebra, Other Teaching & Academics, Teaching & Academics",Calculus,Beginner,2 hours,4.7,50,646,"Rp149,000",10/2015,0,0,22,https://www.udemy.com/course/algebra-for-beginners/
Complete Calculus 1: Master Limits and Derivatives,2595898,ELVIS INNOCENT AGBEDE,"Pre-Calculus, Math, Teaching & Academics",Calculus,All Levels,15 hours,4.0,16,5576,"Rp149,000",1/2026,0,0,6,https://www.udemy.com/course/become-a-master-of-calculus-1/
Advanced Functions: A Complete Course on Precalculus,3396140,Kazi Ahmed,"Pre-Calculus, Math, Teaching & Academics",Calculus,All Levels,2.5 hours,4.3,42,15363,"Rp149,000",9/2020,0,0,13,https://www.udemy.com/course/advanced-functions-a-complete-course-on-precalculus/
Machine Learning : Complete Maths for Machine Learning,2674092,"Jitesh Khurkhuriya, Python, Data Science & Machine Learning A-Z Team","Machine Learning, Data Science, Development",Calculus,Beginner,2.5 hours,4.4,350,1595,"Rp149,000",3/2023,0,0,0,https://www.udemy.com/course/machine-learning-2020-complete-maths-for-machine-learning/
Calculus for Data & AI: From Gradients to Generative Models,7005575,Layelmam Mohammed,"Generative AI (GenAI), Artificial Intelligence (AI), Python, TensorFlow, IT Certifications",Calculus,Intermediate,N/A,4.6,N/A,10,"Rp149,000",1/2026,0,0,0,https://www.udemy.com/course/calculus-for-data-ai/
Beginner Calculus,730642,How To Know Everything,"Calculus, Math, Teaching & Academics",Calculus,Beginner,1.5 hours,3.9,21,157,"Rp149,000",2/2016,0,0,1,https://www.udemy.com/course/beginnercalculus/
Master Linear Algebra 2020: The Complete Study Of Spaces,382606,Kody Amour,"Linear Algebra, Algebra, Math, Study Skills, Teaching & Academics",Calculus,Intermediate,5.5 hours,4.4,387,6074,"Rp149,000",6/2020,0,0,0,https://www.udemy.com/course/linearalgebra/
Discrete Mathematics: Open Doors to Great Careers,627692,Richard Han,"Discrete Math, Logic, Math, Teaching & Academics",Calculus,All Levels,4.5 hours,4.5,182,1996,"Rp149,000",1/2018,18,0,36,https://www.udemy.com/course/discrete-mathematics-open-doors-to-great-careers/
Become a Kinematics (1D) Master,1308956,Mahesh Shenoy,"Physics, Mechanics, Science, Teaching & Academics",Calculus,Beginner,6 hours,4.8,93,1350,"Rp149,000",7/2022,2,0,2,https://www.udemy.com/course/become1dkinematicsmaster/
Vector Algebra (Part I): A Pre-Calculus Series,3481254,Pranav Trivedi,"Pre-Calculus, Math, Teaching & Academics",Calculus,Beginner,4.5 hours,4.5,35,51,"Rp149,000",12/2020,0,0,0,https://www.udemy.com/course/vector-algebra-i/
Engineering Mathematics Mastery: 6 MCQ Practice Tests,6742097,Cogniqueinc Learning Hub,"Math, Teaching & Academics",Calculus,Intermediate,N/A,N/A,N/A,N/A,"Rp149,000",7/2025,0,0,0,https://www.udemy.com/course/engineering-mathematics-mastery-6-mcq-practice-tests/
"Complex Analysis for Real Analysis,Engineering Math Students",2402506,Math Reddy,"Complex Numbers, Engineering, Teaching & Academics",Calculus,All Levels,3.5 hours,3.7,15,124,"Rp149,000",6/2022,39,0,11,https://www.udemy.com/course/a-first-course-on-compex-analysis/
Where do you use higher order Differentiation skills?,3400344,Suman Mathews,"Math, NCERT and CBSE, Teaching & Academics",Calculus,Beginner,1.5 hours,4.6,N/A,2,Free,3/2026,4,0,0,https://www.udemy.com/course/differentiation-part-3-mathematics-class-12-isc-cbse/
Master the Fundamentals of Calculus,3304252,"Dr Ling Meng Kay Daniel, PhD","Differential Equations, Math, Teaching & Academics",Calculus,Intermediate,3.5 hours,4.4,N/A,7,"Rp149,000",1/2025,2,0,58,https://www.udemy.com/course/master-the-fundamentals-of-calculus/
"Zero To Hero! Intro To Algebra - Variables, Fractions & More",4239690,"Peter Alkema, Louistas Nyuyse","Algebra, Math, Teaching & Academics",Calculus,Beginner,2.5 hours,4.5,115,1223,"Rp149,000",11/2024,1,0,21,https://www.udemy.com/course/intro-to-algebra/
Geometry Basics to Advanced,3565297,Jackson Kailath,"Geometry, Education, Math, Study Skills, Teaching & Academics",Calculus,All Levels,14 hours,4.4,206,21990,"Rp149,000",12/2025,2,0,0,https://www.udemy.com/course/geometry-math/
College Algebra,2756678,The University of the Commonwealth Caribbean -,"Algebra, Math, Teaching & Academics",Calculus,Beginner,4 hours,4.2,10,42,"Rp149,000",1/2020,0,0,0,https://www.udemy.com/course/college-algebra-n/
Introduction to Continuity and Differentiability,3067110,Suman Mathews,"Math, NCERT and CBSE, Teaching & Academics",Calculus,Beginner,1 hour,4.2,8,2675,"Rp149,000",4/2026,3,0,0,https://www.udemy.com/course/continuity-and-differentiability-1-class-12-maths-cbse-isc/
Introduction to Differentiation (Differential Calculus),449052,Mohd Fikri Abdul Aziz,"Calculus, Math, Teaching & Academics",Calculus,Beginner,13 hours,4.3,62,8386,"Rp149,000",4/2016,0,0,16,https://www.udemy.com/course/introduction-to-differentiation/
Topics in Algebra: Strategies for Solving Equations,119442,Joseph L. Huston,"Algebra, Math, Teaching & Academics",Calculus,Beginner,3 hours,4.7,16,154,"Rp149,000",3/2014,2,0,0,https://www.udemy.com/course/topics-in-algebra-strategies-for-solving-equations/
How to Graph Trig Functions with Multiple Transformations,4105422,MathAngel369 .,"Math, Teaching & Academics",Calculus,All Levels,3 hours,5.0,11,110,"Rp149,000",4/2025,16,0,20,https://www.udemy.com/course/how-to-graph-trig-functions-with-multiple-transformations/
Mastering Algebra,1078464,"T O, Miles Turnbull","Algebra, Linear Equation, Math, Teaching & Academics",Calculus,Beginner,19.5 hours,4.6,10,114,"Rp149,000",10/2017,1,0,106,https://www.udemy.com/course/algebracourseone/
Matrix Algebra Explained,2876766,John Greene,"Linear Algebra, Math, Teaching & Academics",Calculus,Beginner,8.5 hours,4.8,63,1326,"Rp1,799,000",2/2025,21,0,21,https://www.udemy.com/course/matrix-algebra-explained/
Pre CalculusPre-AP/ Pre-Calculus Simplified Video Series,5468776,Math tuts,"Pre-Calculus, Math, Teaching & Academics",Calculus,Beginner,5.5 hours,4.7,N/A,4,"Rp149,000",11/2023,0,0,0,https://www.udemy.com/course/pre-calculuspre-ap-pre-calculus-simplified-video-series/
Why is it necessary to learn Integral Calculus for AI?,4508636,Suman Mathews,"Calculus, Math, Teaching & Academics",Calculus,Beginner,3 hours,4.8,N/A,1,"Rp149,000",3/2026,5,0,0,https://www.udemy.com/course/learn-the-magic-in-integration-part-1-a-step-by-step-process/
Algebra 2 - The Complete Course 2025,2107032,"Kashif A., Abdullah A.","Algebra, Math, Teaching & Academics",Calculus,Beginner,5 hours,4.4,37,216,"Rp149,000",4/2025,3,0,7,https://www.udemy.com/course/algebra2-course/
Differential Calculus: Your Secret Weapon,5371378,Matteo Miller-Nicolato,"Calculus, Math, Teaching & Academics",Calculus,All Levels,3.5 hours,4.8,N/A,2,"Rp169,000",1/2025,0,0,1,https://www.udemy.com/course/mtheory-calculus-i/
Calculus 1 for Beginners: Open Doors to Great Careers,485863,Richard Han,"Calculus, Math, Teaching & Academics",Calculus,All Levels,4 hours,3.9,20,1968,"Rp169,000",1/2018,0,0,0,https://www.udemy.com/course/differential-calculus-for-beginners/
Become a master of Pair of Linear Equations in Two Variables,4933974,Lakshmi Narayana,"Linear Algebra, Algebra, Math, Teaching & Academics",Calculus,All Levels,16 hours,5.0,2,1005,"Rp149,000",10/2022,0,0,0,https://www.udemy.com/course/become-a-master-of-pair-of-linear-equations-in-two-variables/
Become a Trigonometry Pro: A Step-by-Step Masterclass,4721464,Donatus Obomighie,"Trigonometry, Math, Teaching & Academics",Calculus,All Levels,10 hours,4.8,8,60,"Rp149,000",6/2024,1,0,0,https://www.udemy.com/course/trigonometry_maths/
"Math For Beginners: Algebra, Geometry, And Calculus Basics!",461812,Kody Amour,"Math, Algebra, Geometry, Teaching & Academics",Calculus,Beginner,1 hour,4.2,37,921,"Rp149,000",6/2015,0,0,0,https://www.udemy.com/course/mathematics101/
Advanced Algebra: Strategies for Success,56106,Joseph L. Huston,"Algebra, Personal Success, Math, Teaching & Academics",Calculus,All Levels,7.5 hours,4.6,49,519,"Rp149,000",11/2013,0,0,0,https://www.udemy.com/course/algebraone/
Proving/Verifying and Using Trig Identities,4371082,MathAngel369 .,"Math, Teaching & Academics",Calculus,All Levels,3.5 hours,4.9,6,351,"Rp149,000",4/2025,33,0,34,https://www.udemy.com/course/proving-verifying-and-using-trig-identities/
Fundamentals of Trigonometry,536406,Joseph Gerth,"Trigonometry, Math, Teaching & Academics",Calculus,Intermediate,4 hours,4.5,10,117,"Rp249,000",7/2015,0,0,0,https://www.udemy.com/course/beginning-trigonometry/
CIRCLE THEOREMS,6231629,Ebuka Ojiakor,"Math, Teaching & Academics",Calculus,All Levels,2 hours,4.6,21,53,"Rp149,000",3/2025,0,0,9,https://www.udemy.com/course/circle-theorems/
Math concepts and applications for biology,5088586,"Guilherme Matos Passarini, phD","Math, Biology, Biostatistics, Science, Teaching & Academics",Calculus,Beginner,2.5 hours,4.0,13,82,"Rp149,000",2/2024,7,0,5,https://www.udemy.com/course/math-concepts-and-applications-for-biology/
Algebra 2 Precalculus and Trigonometry (LEVEL: 11 or 12 gd),4805968,Damon Gang,"Algebra, Trigonometry, Math, Teaching & Academics",Calculus,Beginner,5.5 hours,5.0,1,11,"Rp149,000",11/2025,0,0,0,https://www.udemy.com/course/algebra-2-precalculus-and-trigonometry-11-or-12-grade-lvl/
Beginning Algebra: Building a Foundation,75322,Joseph L. Huston,"Algebra, Math, Teaching & Academics",Calculus,All Levels,11.5 hours,4.4,240,1385,"Rp149,000",2/2014,0,0,5,https://www.udemy.com/course/beginning-algebra/
Learn Algebra Today: From Foundation To Advanced Algebra,4405476,"Peter Alkema, Louistas Nyuyse","Algebra, Math, Teaching & Academics",Calculus,All Levels,11 hours,4.3,36,298,"Rp149,000",11/2024,3,0,97,https://www.udemy.com/course/algebra-foundation-to-advanced/
Quickly Master Pre Algebra,1267356,Kevin Ventura,"Algebra, Math, Calculator, Wolfram Mathematica, Teaching & Academics",Calculus,All Levels,1.5 hours,4.4,36,1450,"Rp149,000",7/2018,0,0,0,https://www.udemy.com/course/quickly-master-your-pre-algebra-skills/
How To Do Algebra,3332018,HowExpert,"Algebra, Math, Teaching & Academics",Calculus,Intermediate,1 hour,4.5,N/A,1,"Rp349,000",7/2020,0,0,0,https://www.udemy.com/course/how-to-do-algebra/
"ChatGPT Prompts, Data Science & Python Coding PLUS Projects",4700194,"Peter Alkema, TeraVerse Instructor","ChatGPT, Data Science, Python, Prompt Engineering, Development",Calculus,Beginner,19.5 hours,3.8,143,1558,"Rp169,000",11/2024,4,0,67,https://www.udemy.com/course/data-science-python-maths/
Unlocking Inverse Trigonometry: Mastering From Scratch (WOW),4212802,infusion X,"Math, Engineering, Teaching & Academics",Calculus,All Levels,2 hours,4.9,6,8414,"Rp149,000",3/2025,0,0,7,https://www.udemy.com/course/master-inverse-trigonometry-from-basic-to-advancemaths/
Fundamental Topics in Algebra Real Simple,420610,Natalie Ayambem,"Algebra, Math, Teaching & Academics",Calculus,Beginner,4.5 hours,4.7,37,140,"Rp149,000",3/2016,0,0,15,https://www.udemy.com/course/fundamental-topics-in-algebra-real-simple/
Fundamentals of Algebra,4832170,Abdullah Faizal,"Math, Teaching & Academics",Calculus,All Levels,6 hours,4.7,37,67,"Rp149,000",4/2023,0,0,0,https://www.udemy.com/course/numbers-and-algebra-1-zero-to-hero/
Problem Solving techniques in Algebra,4324010,Manish Gupta,"Algebra, Math, Teaching & Academics",Calculus,Intermediate,5.5 hours,4.9,15,209,"Rp149,000",10/2021,0,0,7,https://www.udemy.com/course/problem-solving-techniques-in-algebra/
Mastering Algebra 1 and Algebra 2,3125446,Gladys W. Loney,"Linear Algebra, Algebra, Math, Teaching & Academics",Calculus,All Levels,2.5 hours,4.5,17,87,"Rp149,000",5/2020,0,0,19,https://www.udemy.com/course/mastering-algebra-1-and-algebra-2/
Learn Algebra in 10 Minutes a Day,575106,Laura Baggett,"Algebra, Homeschooling, Math, Teaching & Academics",Calculus,All Levels,5 hours,4.6,41,249,"Rp149,000",10/2015,0,0,0,https://www.udemy.com/course/algebra-in-minutes/
Algebra I: Straight To The Point,141176,"Gabriel Silva, Academic Leaders Education Co","Algebra, Math, Teaching & Academics",Calculus,All Levels,4.5 hours,4.7,24,237,"Rp149,000",12/2014,0,0,0,https://www.udemy.com/course/algebra-i-straight-to-the-point/
"Ge-Alge-Trig: Elements of Geometry, Algebra, & Trigonometry",3916400,John Hoaglund,"Math, Geometry, Algebra, Trigonometry, Teaching & Academics",Calculus,Intermediate,3 hours,4.5,2,19,"Rp149,000",3/2023,1,0,6,https://www.udemy.com/course/ge-alge-trig-elements-of-geometry-algebra-trigonometry/
Exploring the Basics of Polynomials and Their Practical Use,5608308,Prabh Kirpa Classes,"Math, Teaching & Academics",Calculus,Intermediate,38 mins,5.0,6,4209,"Rp149,000",10/2023,0,0,0,https://www.udemy.com/course/polynomial-module-1/
Zero To Hero! Learn Algebra Operations & Laws,4272102,"Peter Alkema, Quentin Ballard-Tremeer","Algebra, Math, Teaching & Academics",Calculus,Beginner,2 hours,4.8,2,1066,"Rp149,000",9/2023,1,0,22,https://www.udemy.com/course/algebra-operations/
Mastering One-Variable Equations,5543734,Prabh Kirpa Classes,"Math, Teaching & Academics",Calculus,Intermediate,1 hour,4.5,18,6404,"Rp149,000",10/2023,0,0,0,https://www.udemy.com/course/linear-equation-part-i-linear-equation-in-one-variable/
"Algebraic Expressions, Multiples, Factors, Factorization",1312176,Great IT Courses,"Algebra, Math, Teaching & Academics",Calculus,Beginner,3.5 hours,4.2,57,8291,"Rp149,000",8/2017,3,0,0,https://www.udemy.com/course/algebraic-expressions-multiples-factors-factorization/
Linear Algebra: Linear Transformations & Vector Spaces,4991020,Tensor Teach,"Linear Algebra, Math, Teaching & Academics",Calculus,Intermediate,5.5 hours,4.4,11,67,"Rp149,000",2/2023,0,0,0,https://www.udemy.com/course/linear-algebra-linear-transformations-vector-spaces/
Heron's Formula & Complex Problem Soloutions,5306986,Prabh Kirpa Classes,"Math, Teaching & Academics",Calculus,Intermediate,1 hour,4.4,4,4708,"Rp169,000",11/2023,0,0,0,https://www.udemy.com/course/mastering-herons-formula-solving-complex-problems/
Mastering Two-Variable Equations,5545654,Prabh Kirpa Classes,"Math, Teaching & Academics",Calculus,Intermediate,1 hour,4.7,17,6781,"Rp149,000",10/2023,0,0,0,https://www.udemy.com/course/linear-equation-part-2-linear-equations-in-two-variables/
Mastering Graphs for Linear Equations: Part- 1,5558610,Prabh Kirpa Classes,"Math, Teaching & Academics",Calculus,Intermediate,1 hour,4.5,7,6083,"Rp149,000",10/2023,0,0,0,https://www.udemy.com/course/graphical-representation-of-linear-equations-part-i/
Heron's Formula Unveiled: A Quadrilateral Perspective,5334190,Prabh Kirpa Classes,"Math, Teaching & Academics",Calculus,Intermediate,1 hour,3.8,5,3769,"Rp149,000",10/2023,0,0,0,https://www.udemy.com/course/herons-formula-and-its-applications-to-quadrilaterals/
Calculus 12 Made Easy: Chapter 1 - Limits,5607406,Minh Chau Thai,"Calculus, Math, Teaching & Academics",Calculus,Beginner,1.5 hours,5.0,3,102,Free,10/2023,0,0,0,https://www.udemy.com/course/calculus-12-made-easy-practical-steps-to-excel-in-math/
The Mathematics of Calculus: Solutions to Common Problems,4475474,Emanuele Pesaresi,"Calculus, Math, Teaching & Academics",Calculus,All Levels,2 hours,4.5,14,2922,Free,1/2025,0,0,0,https://www.udemy.com/course/solved-problems-in-calculus/
Algebra Foundations for Calculus,600032,Katie Kormanik,"Calculus, Algebra, Math, Teaching & Academics",Calculus,Intermediate,2 hours,4.5,24,1425,Free,5/2020,56,0,0,https://www.udemy.com/course/algebra-foundations-for-calculus/
A salvation guide to Calculus - Make knowledge connected,5858886,Learning 0to1,"Calculus, Math, Teaching & Academics",Calculus,All Levels,1.5 hours,4.4,5,515,Free,4/2025,0,0,0,https://www.udemy.com/course/a-salvation-guide-to-calculus/
Mathematics for Engineering,1115496,Jung-Chang Liou,"Math, Teaching & Academics",Calculus,Beginner,3.5 hours,4.2,1137,29435,Free,7/2017,0,0,11,https://www.udemy.com/course/mathematics-for-engineering/
Preparing for Pre-Calculus,2712924,Brian McLogan,"Pre-Calculus, Math, Algebra, Teaching & Academics",Calculus,All Levels,4 hours,4.6,136,6378,Free,12/2019,0,0,14,https://www.udemy.com/course/preparing-for-pre-calculus/
Calculus for Data Science & AI,7096117,Tensor Teach,"Machine Learning, Data Science, Development",Calculus,Beginner,1.5 hours,5.0,1,170,Free,3/2026,2,0,4,https://www.udemy.com/course/calculus-for-data-science-ai/
Understanding Calculus : A Graphical Approach,3092220,Chetan Shirore,"Calculus, Math, Teaching & Academics",Calculus,Beginner,1.5 hours,4.2,35,2580,Free,5/2020,0,0,0,https://www.udemy.com/course/mathscalculus/
Course on Vector Calculus,4157698,Rutika Bhatia,"Calculus, Engineering, Teaching & Academics",Calculus,Beginner,40 mins,4.6,35,809,"Rp169,000",7/2021,0,0,0,https://www.udemy.com/course/course-on-vector-calculus/
Integration Made Easy (Short Version) - Calculus,2362160,Alireza Eshghi,"Calculus, Math, Teaching & Academics",Calculus,Beginner,1 hour,4.6,106,5149,Free,7/2019,1,0,1,https://www.udemy.com/course/integration-made-easy/
Introduction to Calculus 2: Area Estimation,4034396,Gina Chou,"Calculus, Math, Teaching & Academics",Calculus,Beginner,1.5 hours,4.9,24,2449,Free,1/2025,3,0,2,https://www.udemy.com/course/introduction-to-calculus-2-area-estimation/
Unlocking the Power of Integration,5561822,Ross McGowan,"Math, Teaching & Academics",Calculus,Beginner,1 hour,5.0,8,982,Free,9/2023,0,0,0,https://www.udemy.com/course/unlocking-the-power-of-integration/
A Guide to AP Calculus AB,1860264,Rohit Narayanan,"Calculus, Math, Teaching & Academics",Calculus,All Levels,5 hours,4.3,107,7066,Free,8/2018,6,0,12,https://www.udemy.com/course/a-guide-to-ap-calculus-ab/
A pre-Calculus journey of Trigonometry,5135418,Learning 0to1,"Trigonometry, Microsoft Excel, Algebra, Geometry, Math",Calculus,Beginner,1 hour,4.3,15,668,Free,1/2024,0,0,5,https://www.udemy.com/course/a-pre-calculus-journey-of-trigonometry/
Differentiation Made Easy: Learn to differentiate - Calculus,1356116,Alireza Eshghi,"Calculus, Math, Teaching & Academics",Calculus,All Levels,1 hour,4.5,337,10716,Free,6/2019,6,0,0,https://www.udemy.com/course/differentiation/
FREE Algebra and Calculus Maths,3468862,Tino Nyamunda,"Algebra, Math, Calculus, Linear Algebra, Teaching & Academics",Calculus,All Levels,1 hour,3.0,24,3154,Free,9/2020,2,0,0,https://www.udemy.com/course/free-algebra-and-calculus-maths/
Understand the mind-numbing e and log,4879330,Learning 0to1,"Math, Teaching & Academics",Calculus,Beginner,42 mins,4.8,25,1111,Free,11/2022,0,0,0,https://www.udemy.com/course/understand-e-and-log/
Algebra Boot Camp - Master The Fundamentals of Algebra!,1292702,John Swokowski,"Algebra, Math, Teaching & Academics",Calculus,Beginner,1 hour,4.7,1836,27098,Free,8/2021,0,0,36,https://www.udemy.com/course/algebra-boot-camp/
Business Mathematic for Beginner,1936880,"Bina Nusantara University, BINUS Online, Greater Nusantara, Rini Kurnia Sari","Math, Finance, Finance & Accounting",Calculus,Beginner,44 mins,4.0,260,8307,Free,9/2018,0,0,0,https://www.udemy.com/course/business-mathematic/
Differentiation Key Techniques,4365894,Gary Thomson,"Calculus, Math, Teaching & Academics",Calculus,Beginner,2 hours,4.7,17,1643,Free,10/2021,3,0,9,https://www.udemy.com/course/differentiation-key-techniques/
Everything on POLYNOMIALS AND FUNCTIONS,3341956,Ariana Morales,"Polynomials, Pre-Calculus, Math, Teaching & Academics",Calculus,Beginner,2 hours,4.8,8,1800,Free,7/2020,0,0,0,https://www.udemy.com/course/everything-on-polynomials-and-functions/
Learn Geometry Now!,4468364,Rashed Alamoush,"Geometry, Math, Teaching & Academics",Calculus,All Levels,1 hour,4.7,10,1311,Free,1/2022,0,0,0,https://www.udemy.com/course/geometry-rromoush/
Big Dave's: Basics of the TI-84 for College Algebra,5053134,David Hays,"Calculator, Math, Teaching & Academics",Calculus,Beginner,2 hours,4.8,14,879,Free,1/2023,0,0,0,https://www.udemy.com/course/big-daves-learning-the-ti-84-for-college-algebra/
Mastering Trigonometric Differentiation,6006964,Ross McGowan,"Math, Teaching & Academics",Calculus,Intermediate,1.5 hours,5.0,6,998,Free,6/2024,0,0,0,https://www.udemy.com/course/mastering-trigonometric-differentiation/
Big Dave's: Basics of the TI-89 for College Algebra,5166872,David Hays,"Calculator, Math, Teaching & Academics",Calculus,Beginner,1.5 hours,5.0,7,754,Free,3/2023,0,0,0,https://www.udemy.com/course/big-daves-basics-of-the-ti-89-for-college-algebra/
Applications of the Cayley-Hamilton Theorem,4732068,Jianjun Chuai,"Linear Algebra, Math, Teaching & Academics",Calculus,All Levels,34 mins,4.4,4,463,Free,6/2022,0,0,0,https://www.udemy.com/course/applications-of-the-cayley-hamilton-theorem/
Absolute Value Equations and Inequalities,1302150,Brian McLogan,"Math, Algebra, Teaching & Academics",Calculus,All Levels,1.5 hours,4.5,75,5549,Free,12/2018,6,0,7,https://www.udemy.com/course/absolute-value-equations-and-inequalities/
Introduction to Advanced Functions: Functions and Graphs,5093164,Gina Chou,"Math, Teaching & Academics",Calculus,Beginner,1.5 hours,4.8,12,2160,Free,1/2025,6,0,2,https://www.udemy.com/course/introduction-to-precalculus-functions-and-graphs/
An Introduction to Python Programming,1783102,Rishi Desai,"Python, Programming Languages, Development",Calculus,Beginner,1.5 hours,3.9,427,21777,Free,10/2018,0,0,10,https://www.udemy.com/course/an-introduction-to-python-programming/
Introduction to Trigonometry (Algebra 2 Unit 14),559144,Matthew Gromlich,"Trigonometry, Algebra, Math, Teaching & Academics",Calculus,All Levels,1.5 hours,4.6,264,8196,Free,8/2019,0,0,11,https://www.udemy.com/course/introduction-to-trigonometry-algebra-2-unit-1/
"Mastery, Not Mystery: Algebra Prerequisites",5493160,Rick Martinez,"Pre-Algebra, Math, Teaching & Academics",Calculus,Beginner,1.5 hours,4.7,17,668,Free,2/2025,0,0,0,https://www.udemy.com/course/mastery-not-mystery-algebra-prerequisites/
A Guide to Algebra 1,1877556,Rohit Narayanan,"Algebra, Math, Teaching & Academics",Calculus,All Levels,11.5 hours,4.4,173,7834,Free,9/2018,0,0,0,https://www.udemy.com/course/a-guide-to-algebra-1/
Coordinate Geometry - Mathematics,4740170,Aziz Amir Ali,"Geometry, Math, Teaching & Academics",Calculus,Intermediate,1.5 hours,4.4,26,1671,Free,7/2022,0,0,0,https://www.udemy.com/course/coordinate-geometry-mathematics/
Mastering Linear Algebra and Group Theory,3987570,"Atchyut Kumar, Edufulness EFN","Linear Algebra, Math, Teaching & Academics",Calculus,All Levels,1 hour,4.6,27,2100,Free,4/2024,0,0,0,https://www.udemy.com/course/mastering-linear-algebra-for-2021/
Mathematics: Proofs by induction,4736328,"Hania Uscka-Wehlou, Martin Wehlou","Math, Teaching & Academics",Calculus,All Levels,2 hours,4.8,185,9269,Free,3/2026,1,0,28,https://www.udemy.com/course/proofs-by-induction/
Introduction to Linear Algebra: Vectors,4582016,Gina Chou,"Linear Algebra, Math, Teaching & Academics",Calculus,Beginner,1.5 hours,4.8,43,3413,Free,1/2025,6,0,2,https://www.udemy.com/course/introduction-to-linear-algebra-vectors/
Introduction to Linear Algebra,5291104,Tensor Teach,"Linear Algebra, Math, Teaching & Academics",Calculus,Beginner,1 hour,4.2,43,1952,Free,4/2023,0,0,0,https://www.udemy.com/course/introduction-to-linear-algebra-i/
Mathematics: Completing the square,4531610,"Hania Uscka-Wehlou, Martin Wehlou","Math, Teaching & Academics",Calculus,All Levels,2 hours,4.9,224,8640,Free,3/2026,0,0,25,https://www.udemy.com/course/completing-the-square/
Mathematics: Fun tricks for everybody,4739416,"Hania Uscka-Wehlou, Martin Wehlou","Math, Teaching & Academics",Calculus,All Levels,2 hours,4.9,150,13741,Free,3/2026,4,0,32,https://www.udemy.com/course/fun-tricks/
Differential Equations with the Math Sorcerer,2367200,The Math Sorcerer,"Differential Equations, Math, Teaching & Academics",Calculus,Expert,11 hours,4.8,683,5636,"Rp149,000",5/2023,23,0,23,https://www.udemy.com/course/differential-equations-with-the-math-sorcerer/
Discrete Mathematics,614832,Miran Fattah,"Discrete Math, Math, Teaching & Academics",Calculus,All Levels,19 hours,4.5,3933,29161,"Rp159,000",2/2025,0,0,13,https://www.udemy.com/course/discrete-math/
Number Theory,948934,Miran Fattah,"Number Theory, Math, Teaching & Academics",Calculus,Intermediate,8.5 hours,4.6,317,2778,"Rp159,000",1/2018,0,0,2,https://www.udemy.com/course/number-theory/
Introduction to Partial Differential Equations,3957074,Ugur Abdulla,"Math, Differential Equations, Teaching & Academics",Calculus,All Levels,20.5 hours,4.7,22,146,"Rp149,000",6/2021,0,0,27,https://www.udemy.com/course/introduction-to-partial-differential-equations/
A Bootcamp to Complex Analysis,5082356,Shyamkant Anwane,"Complex Numbers, Science, Teaching & Academics",Calculus,Beginner,9 hours,5.0,10,1097,"Rp149,000",9/2024,0,0,0,https://www.udemy.com/course/a-bootcamp-to-complex-analysis/
"Master GCSE & IGCSE Maths: Algebra, Functions & Graphs",4454752,"LearnFire Education, Mr Parlour, LearnFire Team","Math, Algebra, GCSE, IGCSE, Teaching & Academics",Calculus,All Levels,12 hours,4.6,30,228,"Rp149,000",10/2025,2,0,150,https://www.udemy.com/course/igcse-maths-gcse-maths-online-course/
Learn to Differentiate and Integrate in 45 Minutes,805326,Miran Fattah,"Math, Teaching & Academics",Calculus,Beginner,1 hour,4.4,459,4775,"Rp149,000",12/2020,0,0,2,https://www.udemy.com/course/differentiation-and-integration-rules/
Differential Equations Lectures with The Math Sorcerer,4681348,The Math Sorcerer,"Differential Equations, Math, Teaching & Academics",Calculus,Beginner,33 hours,4.8,145,1445,"Rp149,000",5/2023,18,0,18,https://www.udemy.com/course/differential-equations-lectures-with-the-math-sorcerer/
A-Level Maths: Pure (Year 1 / AS),3426120,"Woody Lewenstein, Mathematics with Woody Online A-Level Maths","Math, Teaching & Academics",Calculus,All Levels,22.5 hours,4.9,437,1801,"Rp149,000",10/2025,15,0,15,https://www.udemy.com/course/a-level-pure-1/
Math Fundamentals 101: Master Math Basics from Scratch,4859980,Tanya Zakowich,"Math, Teaching & Academics",Calculus,All Levels,9 hours,4.5,1008,4144,"Rp159,000",11/2024,19,0,12,https://www.udemy.com/course/pinkpencilmath_fundamentals_101/
Algebra 1 - Master Key Algebra Techniques,6148133,Gary Thomson,"Algebra, Math, Teaching & Academics",Calculus,Beginner,11 hours,4.7,N/A,11,"Rp149,000",11/2024,12,0,23,https://www.udemy.com/course/algebra-1-key-techniques/
Integrate in a Day,3839228,Gary Thomson,"Calculus, Math, Teaching & Academics",Calculus,Intermediate,6 hours,4.8,2,30,"Rp149,000",9/2023,5,0,8,https://www.udemy.com/course/integrate-in-a-day/
Unleash your math potential with ChatGPT,5327356,Mike X Cohen,"Math, Teaching & Academics",Calculus,Beginner,5.5 hours,4.6,123,1301,"Rp159,000",3/2026,1,0,0,https://www.udemy.com/course/chatgpt4math_x/
Linear Algebra for Data Science & Machine Learning A-Z 2025,1568464,"Kashif A., Abdullah A.","Linear Algebra, Machine Learning, Data Science, Algebra, Career Development",Calculus,All Levels,18 hours,4.7,824,5123,"Rp149,000",4/2025,14,0,14,https://www.udemy.com/course/linear-algebra-for-beginners-matrices-and-vector-spaces/
AP Precalculus Unit Review and Exam Prep with 450+ Questions,6045134,Darshan Maheshwari,"Math, Teaching & Academics",Calculus,All Levels,10 hours,4.0,7,62,"Rp149,000",6/2024,0,0,0,https://www.udemy.com/course/ap-precalculus-unit-review/
Linear Algebra for Data Science & Machine Learning in Python,2668500,Syed Mohiuddin,"Data Science, Linear Algebra, Development",Calculus,All Levels,10 hours,4.2,23,140,"Rp149,000",11/2025,14,0,197,https://www.udemy.com/course/linear-algebra-for-data-science-machine-learning-in-python-f/
CIE International A-Level Maths: Pure Mathematics 2/3,5238454,Woody Lewenstein,"Math, Calculus, Trigonometry, Differential Equations, Teaching & Academics",Calculus,All Levels,23 hours,4.8,68,384,"Rp149,000",12/2025,11,0,11,https://www.udemy.com/course/cambridge-international-a-level-maths-pure-2-3/
CIE International A-Level Maths: Pure Mathematics 1,5221422,Woody Lewenstein,"Math, Calculus, Trigonometry, Geometry, Teaching & Academics",Calculus,All Levels,18.5 hours,4.7,132,499,"Rp149,000",7/2025,9,0,9,https://www.udemy.com/course/cambridge-international-a-level-maths-pure-1/
Math 0-1: Linear Algebra for Data Science & Machine Learning,5118092,"Lazy Programmer Team, Lazy Programmer Inc.","Linear Algebra, Data Science, Machine Learning, Math, Development",Calculus,All Levels,20.5 hours,4.8,210,4889,"Rp699,000",2/2026,0,0,0,https://www.udemy.com/course/linear-algebra-data-science/
Pre-Algebra Made Easy: Mastering Math Fundamentals,5323388,Nicolas Viveros,"Pre-Algebra, Math, Teaching & Academics",Calculus,All Levels,18 hours,4.8,25,160,"Rp149,000",4/2024,15,0,16,https://www.udemy.com/course/pre-algebra-made-easy-mastering-the-math-fundamentals/
Partial Differential Equations: Comprehensive Course,3660626,Emanuele Pesaresi,"Quantum Mechanics (physics), Science, Teaching & Academics",Calculus,Expert,17.5 hours,4.3,121,6499,"Rp149,000",8/2025,0,0,6,https://www.udemy.com/course/mathematical-intuition-for-heisenberg-uncertainty-principle/
Master the Fundamentals of Sequences and Series,3860226,"Dr Ling Meng Kay Daniel, PhD","Physics, Math, Teaching & Academics",Calculus,Intermediate,2 hours,4.8,2,34,"Rp149,000",10/2023,0,0,33,https://www.udemy.com/course/master-the-fundamentals-of-sequences-and-series/
Differential Equations in a Day,4223654,Gary Thomson,"Differential Equations, Math, Teaching & Academics",Calculus,Intermediate,4.5 hours,4.7,25,197,"Rp149,000",9/2023,9,0,17,https://www.udemy.com/course/differential-equations-in-a-day/
A Complete Guide to 1st-Order Ordinary Differential Equation,5702172,Gina Chou,"Differential Equations, Math, Teaching & Academics",Calculus,Intermediate,5.5 hours,4.7,6,1223,"Rp149,000",1/2025,11,0,4,https://www.udemy.com/course/a-complete-guide-to-1st-order-ordinary-differential-equation/
Vedic Mathematics Course (Advanced Level),1244740,Ruchi Chhabra,"Vedic Math, Math, Teaching & Academics",Calculus,All Levels,5 hours,4.7,75,2225,"Rp149,000",4/2025,1,0,8,https://www.udemy.com/course/speed-up-your-algebra-using-vedic-math/
Math Fundamentals | Complete course on Fundamentals of Math,3942232,Sandeep Kumar Mathur,"Pre-Algebra, Math, Teaching & Academics",Calculus,All Levels,31 hours,4.6,114,1164,"Rp149,000",3/2026,6,0,0,https://www.udemy.com/course/math-fundamentals-complete-course-on-fundamentals-of-math/
Differential Equations A Problem Based Approach,3042918,Dr. Ron Erez,"Differential Equations, Linear Algebra, Calculus, Math, Teaching & Academics",Calculus,Intermediate,4 hours,4.9,2,28,"Rp149,000",12/2025,0,0,0,https://www.udemy.com/course/differential-equations-a-problem-based-approach/
Advanced Engineering Mathematics - Fourier Series,4357398,Dominic Lovric,"Math, Engineering, Teaching & Academics",Calculus,All Levels,7.5 hours,4.7,55,2922,"Rp149,000",11/2021,1,0,4,https://www.udemy.com/course/advanced-engineering-mathematics-fourier-series/
A-Level Further Maths: Core Pure 1,6093207,"Woody Lewenstein, Mathematics with Woody Online A-Level Maths","Math, Linear Algebra, Calculus, Teaching & Academics",Calculus,All Levels,13 hours,4.8,33,185,"Rp159,000",12/2025,7,0,9,https://www.udemy.com/course/a-level-further-maths-core-pure-1/
A-Level Maths: Pure (Year 2),3941878,"Woody Lewenstein, Mathematics with Woody Online A-Level Maths","Math, Calculus, Teaching & Academics",Calculus,All Levels,19.5 hours,4.8,125,923,"Rp149,000",4/2025,12,0,12,https://www.udemy.com/course/a-level-pure-2/
Precalculus,5124666,Stephen Blatti,"Pre-Calculus, Math, Teaching & Academics",Calculus,Beginner,10 hours,3.5,4,18,"Rp149,000",4/2025,0,0,168,https://www.udemy.com/course/precalculus-u/
Ordinary Differential Equations: 30+ Hours!,1740876,"Kvasir Education, Bar Movsowowitz, Prop sA","Differential Equations, Math, Teaching & Academics",Calculus,All Levels,31.5 hours,4.6,115,1207,"Rp149,000",7/2019,0,0,31,https://www.udemy.com/course/ordinary-differential-equations/
Analysis of Metric Spaces,5248812,Dan Kucerovsky,"Math, Fundamental Analysis, Teaching & Academics",Calculus,All Levels,28.5 hours,5.0,2,40,"Rp149,000",5/2023,0,0,7,https://www.udemy.com/course/analysis-of-metric-spaces/
Ace Ordinary Differential Equations in 17 Hours,5628321,Gina Chou,"Differential Equations, Math, Teaching & Academics",Calculus,Intermediate,17 hours,4.4,2,66,"Rp149,000",1/2025,14,0,10,https://www.udemy.com/course/ace-ordinary-differential-equations-in-17-hours/
Pure Mathematics Made Easy - Grade 12 Level,5909778,Arinao Khangale,"Algebra, Math, Teaching & Academics",Calculus,All Levels,17.5 hours,4.8,N/A,5,"Rp149,000",5/2025,0,0,0,https://www.udemy.com/course/high-school-pure-mathematics-grade-12/
Algebra 1 Mastery: Complete Course with Practice,6649873,Tarek Nafea,"Algebra, Math, Teaching & Academics",Calculus,Intermediate,50.5 hours,4.6,N/A,13,"Rp149,000",6/2025,0,0,0,https://www.udemy.com/course/algebra-1-mastery-complete-course-with-practice/
A-Level Maths: Statistics (Year 2),3528894,"Woody Lewenstein, Mathematics with Woody Online A-Level Maths","Statistics, Math, Teaching & Academics",Calculus,All Levels,6 hours,4.8,58,706,"Rp149,000",5/2025,0,0,3,https://www.udemy.com/course/a-level-statistics-2/
Linear Algebra: A Problem Based Approach,4988658,Dr. Ron Erez,"Linear Algebra, Data Science, Pandas, Math, Teaching & Academics",Calculus,All Levels,24.5 hours,4.7,12,233,"Rp149,000",12/2025,0,0,65,https://www.udemy.com/course/linear-algebra-problem-based/
Maths Olympiad Master-Class,5440996,Ashish Kashyap,"Math, Teaching & Academics",Calculus,All Levels,46 hours,4.6,41,405,"Rp149,000",12/2023,0,0,24,https://www.udemy.com/course/maths-olympiad-master-class/
Laplace Transforms Bootcamp,2346020,Ross McGowan,"Math, Teaching & Academics",Calculus,Intermediate,4 hours,4.6,18,250,"Rp149,000",3/2020,0,0,24,https://www.udemy.com/course/laplace-transforms-bootcamp/
Discrete Math | Learn Discrete Mathematics by easy methods,4562240,Sandeep Kumar Mathur,"Discrete Math, Math, Teaching & Academics",Calculus,Beginner,8 hours,4.5,34,725,"Rp149,000",1/2026,0,0,0,https://www.udemy.com/course/discrete-math-learn-discrete-mathematics-by-easy-methods/
Learning mathematical thinking,6467371,Ugur Abdulla,"Math, Teaching & Academics",Calculus,All Levels,3.5 hours,4.5,N/A,11,"Rp149,000",2/2025,0,0,12,https://www.udemy.com/course/learning-mathematical-thinking/
Complete Arithmetic And Algebraic Course.,5558894,Nwaorah Lawrence Anachuna,"Math, Teaching & Academics",Calculus,All Levels,6 hours,5.0,6,28,"Rp149,000",9/2025,0,0,0,https://www.udemy.com/course/fundamental-of-arithmetic-processes/
Vedic Maths Masterclass: Learn Maths Scratch to Advanced,4567546,Scholarsight Learning,"Math, Teaching & Academics",Calculus,All Levels,22.5 hours,4.2,178,3090,"Rp149,000",3/2023,6,0,23,https://www.udemy.com/course/vedic-mathematics-masterclass/
Pre-Algebra: A Complete Middle School/High School Curriculum,1410156,Matthew Gromlich,"Pre-Algebra, Math, Teaching & Academics",Calculus,Beginner,11.5 hours,4.5,182,765,"Rp149,000",3/2021,0,0,150,https://www.udemy.com/course/pre-algebra-a-complete-curriculum/
IB Mathematics AA HL – Limits & Derivatives (Module 2),7023517,Konstantinos Kokoris,"Test Prep, Teaching & Academics",Calculus,Intermediate,32 mins,N/A,N/A,N/A,"Rp149,000",3/2026,2,0,7,https://www.udemy.com/course/ib-mathematics-aa-hl-limits-derivatives-calculus-module/
A Complete First Course in Differential Equations,599570,Chris Levy,"Differential Equations, Math, Teaching & Academics",Calculus,All Levels,29.5 hours,4.6,541,4778,"Rp149,000",3/2016,0,0,1,https://www.udemy.com/course/a-complete-first-course-in-differential-equations/
"Master Discrete Mathematics: Sets, Math Logic, and More",1528598,Grant Hall,"Discrete Math, Math, Teaching & Academics",Calculus,All Levels,7 hours,4.7,1592,12075,"Rp149,000",10/2020,0,0,0,https://www.udemy.com/course/master-discrete-mathematics/
Algebra 1,6251809,Kish Charles,"Math, Teaching & Academics",Calculus,Beginner,3 hours,5.0,22,1019,"Rp149,000",11/2024,0,0,70,https://www.udemy.com/course/charleseducationproject-algebra-1-l/
Mr. Sutton Presents... Algebra 2,5475118,Robert Sutton,"Algebra, Math, Teaching & Academics",Calculus,Beginner,8 hours,5.0,1,5,"Rp149,000",8/2023,12,0,0,https://www.udemy.com/course/mr-sutton-presents-algebra-2/
Perfect Your Math Fundamentals (Pre-Algebra),1297360,Ruchi Chhabra,"Math, Mental Math, Algebra, Pre-Algebra, Teaching & Academics",Calculus,All Levels,12.5 hours,4.6,173,1312,"Rp149,000",11/2025,4,0,10,https://www.udemy.com/course/perfect-your-mathematics-fundamentals/
Master Limits & Continuity: Engineering Maths Crash,6737049,Krystian Karczynski,"Calculus, Math, Teaching & Academics",Calculus,All Levels,24 hours,4.8,N/A,1,"Rp149,000",7/2025,0,0,122,https://www.udemy.com/course/master-limits-continuity-engineering-maths-crash/
Olympiad Geometry - a beautiful journey!,5914624,Ashish Kashyap,"Geometry, Math, Teaching & Academics",Calculus,Beginner,31.5 hours,5.0,2,28,"Rp149,000",6/2025,0,0,2,https://www.udemy.com/course/olympiad-geometry-a-beautiful-journey/
Linear Algebra: Fundamentals of Matrix Algebra & Determinant,3924884,Sandeep Kumar Mathur,"Algebra, Math, Teaching & Academics",Calculus,All Levels,7.5 hours,4.8,26,267,"Rp149,000",1/2026,0,0,0,https://www.udemy.com/course/matrix-algebra-basics-examples-of-matrices-determinant/
Trigonometry Unleashed: Mastering the Fundamentals for All,5041250,Lakshmi Narayana,"Trigonometry, Math, Teaching & Academics",Calculus,All Levels,13.5 hours,3.5,1,5,"Rp149,000",6/2023,0,0,0,https://www.udemy.com/course/trigonometry-for-all/
Differential Equations In Depth,229102,Dmitri Nesteruk,"Differential Equations, Math, Teaching & Academics",Calculus,All Levels,3.5 hours,4.5,231,1965,"Rp149,000",7/2017,1,0,1,https://www.udemy.com/course/differential/
Mechanics 1 Concepts: Advanced Level Mathematics,415680,MUNRO KAGWE,"Mechanics, Math, Teaching & Academics",Calculus,Intermediate,10.5 hours,4.6,26,167,"Rp149,000",8/2020,0,0,19,https://www.udemy.com/course/mechanics-1-as-a-level-mathematics-course-unit-m1/
Coordinate Geometry of The Line - Maths,6815325,Martina Butler,"Math, Teaching & Academics",Calculus,All Levels,3 hours,5.0,26,31,"Rp149,000",1/2026,2,0,14,https://www.udemy.com/course/coordinate-geometry-of-the-line-maths/
Pure Mathematics for Pre-Beginners,3739876,Steve Warner,"Math, Teaching & Academics",Calculus,All Levels,8 hours,4.6,33,329,"Rp149,000",1/2021,0,0,8,https://www.udemy.com/course/pure-mathematics-for-pre-beginners/
Mathematics - Arithmetic and Word Problem Practice Questions,3675702,Schroop Education Services,"Math, Teaching & Academics",Calculus,All Levels,7.5 hours,5.0,6,25,"Rp149,000",12/2020,0,0,0,https://www.udemy.com/course/mathematics-arithmetic-and-word-problem-practice-questions/
Trigonometry basics for beginners,4119278,Clydene Reddy,"Trigonometry, Math, Teaching & Academics",Calculus,All Levels,4.5 hours,4.9,4,37,"Rp149,000",6/2023,0,0,38,https://www.udemy.com/course/trigonometry-basics-for-beginners/
Linear Algebra: 40+ hours of Tutorials and Exercises!,1895918,"Kvasir Education, Bar Movsowowitz, Prop sA","Linear Algebra, Math, Teaching & Academics",Calculus,All Levels,48.5 hours,4.4,103,1079,"Rp149,000",12/2019,0,0,10,https://www.udemy.com/course/linear_algebra/
Intro To Trigonometry,5460402,Lonzo Fulwider,"Trigonometry, Math, Teaching & Academics",Calculus,Intermediate,13 hours,5.0,2,14,"Rp149,000",9/2023,7,0,0,https://www.udemy.com/course/intro-to-trigonometry/
Mastering the Fundamentals of Math (Mathematics) : Part 2,4362932,Anubhav Kumar,"Math, Teaching & Academics",Calculus,All Levels,49 hours,4.8,63,565,"Rp149,000",11/2021,0,0,0,https://www.udemy.com/course/the-complete-fundamentals-of-math-in-details-part-2/
Master Pre-Algebra: Gain Fundamental Math and Algebra skills,5747208,Opalyn Desiree Lim,"Pre-Algebra, Algebra, Math, Teaching & Academics",Calculus,Beginner,4 hours,4.7,12,228,"Rp149,000",10/2024,0,0,2,https://www.udemy.com/course/pre-algebra-wizardry-101-fundamental-math-skills-with-ease/
"Polynomials, Coordinate Geometry and Linear Equations",5691076,Nabanita Mukherjee,"Math, Polynomials, Algebra, Geometry, Teaching & Academics",Calculus,All Levels,24 hours,5.0,1,9,"Rp149,000",1/2024,0,0,92,https://www.udemy.com/course/polynomials-coordinate-geometry-and-linear-equations/
Mastering the Fundamentals of Math (Mathematics) : Part 1,4338012,Anubhav Kumar,"Math, Teaching & Academics",Calculus,All Levels,96.5 hours,4.5,166,996,"Rp149,000",11/2021,0,0,0,https://www.udemy.com/course/full-math-for-school-competitions-for-grades-6-7-part-1/
Mathematics Online Class: Complete Basic Mathematics Course,2254522,Letstute .... Make it Easy,"Math, Teaching & Academics",Calculus,All Levels,17.5 hours,4.5,72,3109,"Rp149,000",12/2024,18,0,27,https://www.udemy.com/course/fundamental-math-or-mathematics-course-tricks-and-techniques/
Three Dimensional Geometry | 3D-Geometry from scratch,4541452,Sandeep Kumar Mathur,"Math, Teaching & Academics",Calculus,All Levels,6 hours,4.6,16,276,"Rp149,000",1/2026,0,0,0,https://www.udemy.com/course/three-dimensional-geometry-solid-geometry-from-scratch/
College Algebra 1 - practice problems and answers,5373800,Quantum Arch,"Algebra, Math, Teaching & Academics",Calculus,Intermediate,13.5 hours,4.8,2,13,"Rp149,000",10/2023,25,0,0,https://www.udemy.com/course/college-algebra-1/
The Complete High School and College Mathematics,4056554,Go2uni Limited,"Math, Algebra, Calculus, Probability, Teaching & Academics",Calculus,Beginner,20.5 hours,3.1,126,16092,"Rp149,000",9/2021,1,0,25,https://www.udemy.com/course/the-complete-high-school-and-college-mathematics/
Master Trigonometry(Part -1),5806980,Prashant Singh,"Trigonometry, Math, Teaching & Academics",Calculus,All Levels,6 hours,5.0,3,10,"Rp149,000",7/2025,0,0,0,https://www.udemy.com/course/master-trigonometrypart-1/
Topological Spaces starter,4214088,Dr Michael Sun,"Geometry, Math, Teaching & Academics",Calculus,All Levels,16 hours,3.9,8,109,"Rp149,000",11/2021,3,0,0,https://www.udemy.com/course/topology/
Mastering Conic Sections: A Comprehensive Practice Test,6545761,Jake Andrei Calica,"Pre-Calculus, Geometry, Math, Teaching & Academics",Calculus,Intermediate,N/A,N/A,N/A,1,"Rp149,000",4/2025,0,0,0,https://www.udemy.com/course/mastering-conic-sections-a-comprehensive-practice-test/
G12 Calculus and Vectors (MCV4U) - Chapter 2,6816337,Gavin Wei,"Math, Teaching & Academics",Calculus,Expert,3 hours,N/A,N/A,N/A,"Rp149,000",10/2025,0,0,0,https://www.udemy.com/course/g12-calculus-and-vectors-mcv4u-chpt2/
Differential Equations and Partial Differential Equation,4032878,Math Reddy,"Calculus, Math, Teaching & Academics",Calculus,Beginner,1 hour,5.0,1,8,"Rp149,000",1/2025,5,0,5,https://www.udemy.com/course/vector-calculus-p/
Fundamentals of Mathematics,3952228,Moein Ud Din,"Math, Teaching & Academics",Calculus,Beginner,11.5 hours,4.4,48,10917,"Rp149,000",2/2022,1,0,1,https://www.udemy.com/course/fundamentals-basics-of-mathematics/
Learn Python with Dr. Sultan,6315415,Dr. Mohammad Sultan,"Python, IT Certifications, IT & Software",Calculus,Beginner,6.5 hours,4.7,14,1127,"Rp149,000",7/2025,0,4,0,https://www.udemy.com/course/learn-python-with-dr-sultan/
Interactive Algebra II: Learn by Doing,6431149,Ryan Hobbs,"Algebra, Math, Teaching & Academics",Calculus,Beginner,20.5 hours,4.4,2,8,"Rp149,000",2/2025,0,0,224,https://www.udemy.com/course/interactive-algebra-ii-learn-by-doing/
Number Theory / Modular Arithmetic,3163262,Engineering Vidya,"Number Theory, Math, Teaching & Academics",Calculus,All Levels,12 hours,4.4,42,253,"Rp149,000",6/2020,0,0,1,https://www.udemy.com/course/number-theory-modular-arithmetic/
Math Fundamentals Masterclass - Build a Solid Foundation,4209976,Ahmed Sadek,"Math, Pre-Algebra, Pre-Calculus, Teaching & Academics",Calculus,All Levels,9 hours,4.6,27,2475,"Rp149,000",8/2021,0,0,1,https://www.udemy.com/course/math-fundamentals-masterclass-build-a-solid-foundation/
The Complete Fractions Course,1209084,"Ronald Johnson Professional Tutor, Online Instructor","Math, Teaching & Academics",Calculus,All Levels,4 hours,4.7,50,291,Free,3/2023,0,0,0,https://www.udemy.com/course/the-complete-fractions-course/
Geometry for Secondary or High School [Full Course],6277857,csb mathematikos,"Geometry, Math, Teaching & Academics",Calculus,All Levels,11.5 hours,4.9,5,16,"Rp279,000",11/2025,0,0,0,https://www.udemy.com/course/geometryforsecondaryfullcourse/
Pre-Algebra Math PART-1 ~ from Zero Knowledge to Advanced,3616418,Mustafa Varici,"Algebra, Math, Teaching & Academics",Calculus,All Levels,54.5 hours,4.6,9,73,"Rp149,000",12/2020,0,0,0,https://www.udemy.com/course/pre-algebra-math-part-1/
Zsigmondy's Theorem,3159290,Dr Michael Sun,"Number Theory, Algebra, Problem Solving, Math, Teaching & Academics",Calculus,Intermediate,8.5 hours,5.0,1,33,"Rp149,000",5/2020,7,0,6,https://www.udemy.com/course/zsigmondys-theorem/
Learn Advanced Mathematics,2451568,AD Chauhdry,"Math, Teaching & Academics",Calculus,Beginner,5 hours,4.6,3,47,"Rp149,000",9/2021,0,0,0,https://www.udemy.com/course/advance-mathematics/
Linear algebra from zero to mastery,4628742,Sofian Makhlouf,"Linear Algebra, Python, Geometry, Math, Teaching & Academics",Calculus,All Levels,8.5 hours,4.5,45,401,"Rp149,000",5/2024,0,0,9,https://www.udemy.com/course/linear-algebra-methods-and-strategies/
Intro To Differential Equation,6317093,Lonzo Fulwider,"Math, Teaching & Academics",Calculus,Intermediate,16 hours,4.5,N/A,8,"Rp149,000",3/2025,0,0,0,https://www.udemy.com/course/intro-to-differential-equation/
"Beginner - Expert Linear Algebra, with Practice in Python.",3332936,Neuralearn Dot AI,"Linear Algebra, Data Science, Deep Learning, Machine Learning, Math",Calculus,All Levels,19.5 hours,4.5,58,7674,"Rp149,000",3/2023,1,0,0,https://www.udemy.com/course/linear-algebra-beginner-expert-plus-data-science-practice/
Maths Fundamentals | Maths Made Easy,3967988,MME .,"Math, Teaching & Academics",Calculus,Beginner,12 hours,4.2,31,225,"Rp149,000",5/2021,0,0,28,https://www.udemy.com/course/maths-made-easy/
All About Factoring,5210656,Lonzo Fulwider,"Math, Teaching & Academics",Calculus,All Levels,6 hours,5.0,1,9,"Rp149,000",7/2023,5,0,0,https://www.udemy.com/course/all-about-factoring/
Applied Mathematics - Continuity and Differentiability,4623234,studi live,"Math, Teaching & Academics",Calculus,Intermediate,3 hours,5.0,1,12,"Rp149,000",4/2022,0,0,4,https://www.udemy.com/course/applied-mathematics-continuity-and-differentiability/
Algebra 1 - A Complete Course,1544094,Taha Berenjian,"Algebra, Math, Teaching & Academics",Calculus,All Levels,32.5 hours,4.3,90,395,"Rp149,000",2/2018,0,0,117,https://www.udemy.com/course/algebra-1-a-complete-course-r/
"Discrete Mathematics - Sets, Relations & Functions",4596052,studi live,"Discrete Math, Math, Teaching & Academics",Calculus,Intermediate,9 hours,4.2,4,22,"Rp149,000",4/2022,0,0,8,https://www.udemy.com/course/discrete-mathematics-sets-relations-functions/
Real analysis Part 1_ Basic Topology,2562264,Jaswinder Kaur,"Math, Teaching & Academics",Calculus,Intermediate,12 hours,4.5,63,501,"Rp149,000",10/2024,0,0,0,https://www.udemy.com/course/real-analysis-part-1/
Complete Mathematics/Math Course through Animated videos2023,2932154,Devaki subbalakshmi,"Math, Teaching & Academics",Calculus,All Levels,9 hours,4.5,64,10880,"Rp149,000",12/2022,0,0,12,https://www.udemy.com/course/basics-of-arithmetic-required-for-grade6-to-grade-12/
Conquer the Mathematics Fundamentals,6059089,Ayush Singh Sagar,"Math, Teaching & Academics",Calculus,Beginner,4 hours,4.8,4,9,"Rp149,000",8/2024,0,0,2,https://www.udemy.com/course/conquer-the-mathematics-fundamentals/
CONFORMAL MAPPINGS 1 (Complex Analysis),5331370,Jaswinder Kaur,"Math, Teaching & Academics",Calculus,Intermediate,4.5 hours,5.0,1,24,"Rp149,000",6/2023,0,0,0,https://www.udemy.com/course/conformal-transformations-complex-analysis/
Pure Mathematics for Beginners,2094334,Steve Warner,"Math, Teaching & Academics",Calculus,All Levels,6.5 hours,4.5,48,407,"Rp149,000",12/2020,0,0,8,https://www.udemy.com/course/pure-mathematics-for-beginners/
Linear Algebra for Beginners: Open Doors to Great Careers 2,630112,Richard Han,"Linear Algebra, Data Science, Math, Teaching & Academics",Calculus,All Levels,10.5 hours,4.4,85,2123,"Rp149,000",5/2018,0,0,0,https://www.udemy.com/course/linear-algebra-for-beginners-open-doors-to-great-careers-2/
Applied Business Mathematics,1601136,Muhammad Idrees,"Business Analytics, Math, Teaching & Academics",Calculus,All Levels,9 hours,4.4,78,313,"Rp149,000",8/2024,0,0,3,https://www.udemy.com/course/applied-mathematics-for-business/
Real Analysis aka Advanced Calculus Topics,4290580,Sharon-Yasotha Veerayah,"Math, Teaching & Academics",Calculus,Intermediate,1 hour,4.5,N/A,1,"Rp149,000",9/2021,0,0,0,https://www.udemy.com/course/real-analysis-aka-advanced-calculus-topics/
Matrix Algebra,117098,Miti Mohta,"Algebra, Math, Teaching & Academics",Calculus,Intermediate,2.5 hours,4.2,24,226,"Rp149,000",2/2014,0,0,4,https://www.udemy.com/course/matrix-algebra/
"Applied Math- Limit, Derivative & Applications of Derivative",4612826,studi live,"Math, Teaching & Academics",Calculus,Intermediate,6 hours,5.0,1,15,"Rp149,000",4/2022,0,0,8,https://www.udemy.com/course/applied-math-limit-derivative-applications-of-derivative/
Math in Action: Master Math Through Practical Applications,5022936,Edsplore Labs,"Math, Statistics, Geometry, Algebra, Teaching & Academics",Calculus,Beginner,13 hours,4.3,77,2329,"Rp149,000",8/2023,6,0,72,https://www.udemy.com/course/math-in-action/
Real Analysis Part 2_ sequence and Series of Functions,3238143,Jaswinder Kaur,"Math, Teaching & Academics",Calculus,Intermediate,8.5 hours,4.5,24,281,"Rp149,000",10/2024,0,0,0,https://www.udemy.com/course/real-analysis-part-2/
Group Theory and Chemistry,4264210,Chitra Thomas,"Physical Chemistry, Science, Teaching & Academics",Calculus,Expert,17 hours,4.4,8,66,"Rp149,000",9/2021,0,0,0,https://www.udemy.com/course/group-theory-and-chemistry/
Quickly Master Basic Math,519906,Kevin Ventura,"Math, Teaching & Academics",Calculus,All Levels,3.5 hours,4.5,321,2583,"Rp149,000",7/2025,3,0,3,https://www.udemy.com/course/easily-learn-basic-math/
The ULTIMATE 2022 Prealgebra Course,4072940,The Tutor Club,"Pre-Algebra, Math, Teaching & Academics",Calculus,All Levels,1 hour,4.9,12,194,"Rp149,000",5/2022,1,0,7,https://www.udemy.com/course/prealgebra-part-1/
The Complete Course On Math Fundamentals,3703104,Kevin Nguyen,"Math, Teaching & Academics",Calculus,All Levels,26 hours,4.3,79,522,"Rp149,000",6/2023,1,0,281,https://www.udemy.com/course/the-complete-course-on-math-fundamentals/
Panoramic View of Linear Algebra: Ideal Exam Preparation,6835615,MathPhysicsEngineering YouTube,"Math, Teaching & Academics",Calculus,Intermediate,6 hours,5.0,2,6,"Rp149,000",9/2025,0,0,5,https://www.udemy.com/course/panoramic-view-of-linear-algebra-best-exam-preparation/
A-Level and IB Integral Calculus explained,6492887,Denis Ryzhkov,"Math, Teaching & Academics",Calculus,All Levels,5.5 hours,N/A,N/A,2,"Rp149,000",3/2025,0,0,0,https://www.udemy.com/course/a-level-and-ib-integral-calculus-explained/
Master the Fundamentals of Vectors,2152254,"Dr Ling Meng Kay Daniel, PhD","Math, Teaching & Academics",Calculus,Intermediate,4.5 hours,4.6,7,431,"Rp149,000",3/2019,1,0,24,https://www.udemy.com/course/mastery-of-vectors/
Basic Mathematics,4192978,Susan Traut Allin,"Math, Teaching & Academics",Calculus,Beginner,1.5 hours,4.7,9,48,"Rp149,000",6/2022,0,0,24,https://www.udemy.com/course/basic-mathematics-q/
Complex Variables and Transforms,3511550,Yasir Amir,"Complex Numbers, Math, Teaching & Academics",Calculus,All Levels,30.5 hours,4.5,17,313,"Rp149,000",3/2021,0,0,0,https://www.udemy.com/course/complex-variables-and-transforms/
Become an Expert in Inverse Trig Functions,4036898,MathAngel369 .,"Math, Teaching & Academics",Calculus,All Levels,1.5 hours,5.0,10,265,"Rp149,000",4/2025,17,0,23,https://www.udemy.com/course/inverse-trig-functions-how-to-find-exact-values/
Master Pre-Algebra: Build a Strong Foundation in Mathematics,6643305,Tarek Nafea,"Pre-Algebra, Math, Teaching & Academics",Calculus,Intermediate,28 hours,3.0,1,7,"Rp149,000",5/2025,0,0,0,https://www.udemy.com/course/master-pre-algebra-build-a-strong-foundation-in-mathematics/
Making Algebra Easy: Algebra 1,4745612,Meghan Swanson,"Algebra, Math, Teaching & Academics",Calculus,Beginner,35.5 hours,4.7,26,102,"Rp149,000",6/2025,0,0,0,https://www.udemy.com/course/making-algebra-easy/
Math Proofs and Logic For Beginners,481770,Kody Amour,"Math, Logic, Teaching & Academics",Calculus,All Levels,5.5 hours,3.9,84,2188,"Rp149,000",10/2017,0,0,0,https://www.udemy.com/course/settheory/
Python for Data Science: Complete Masterclass,4953018,AD Chauhdry,"Python, Data Science, Programming Languages, Development",Calculus,Beginner,10 hours,4.7,N/A,16,"Rp149,000",4/2023,0,0,0,https://www.udemy.com/course/python-for-data-science-complete-masterclass-2023/
Real Analysis Part 3_ Uniform Convergence,3461344,Jaswinder Kaur,"Math, Teaching & Academics",Calculus,Intermediate,12 hours,4.6,9,203,"Rp149,000",10/2024,0,0,0,https://www.udemy.com/course/real-analysis-part-3/
"MATHEMATICS- SUPER BASICS, EASY TRICKS",3151562,Priya Vaishampayan,"Math, Teaching & Academics",Calculus,Beginner,12 hours,4.7,87,450,"Rp149,000",4/2021,0,0,69,https://www.udemy.com/course/mathematics-super-basics-easy-tricks/
Calculus Differentiation Quadratic equations examples,3043122,Manjunath G,"Calculus, Math, Teaching & Academics",Calculus,Intermediate,1 hour,4.8,N/A,N/A,"Rp149,000",6/2020,0,0,0,https://www.udemy.com/course/calculus-differentiation-quadratic-equations-examples/
Algebra 1- Entire Course Video Notes- Common Core Ohio,5386710,Kali Rosenbeck,"Algebra, Math, Teaching & Academics",Calculus,All Levels,6.5 hours,4.5,2,3,Free,6/2023,0,0,0,https://www.udemy.com/course/algebra-1-entire-course-video-notes-common-core-ohio/
Rings of Mathematics,2784930,AD Chauhdry,"Math, Teaching & Academics",Calculus,All Levels,2 hours,4.1,4,538,"Rp149,000",1/2026,0,0,0,https://www.udemy.com/course/ring-and-field-an-advance-course-in-pure-mathematics/
Master Geometry: Full Curriculum with Practice,1340574,Grant Hall,"Geometry, Math, Teaching & Academics",Calculus,All Levels,7.5 hours,4.5,85,742,"Rp149,000",12/2017,0,0,0,https://www.udemy.com/course/mastergeometry/
Infinite Series-Mathematics,6455397,Dr Amit Chandrashekhar Dabhole,"Math, Teaching & Academics",Calculus,Intermediate,3 hours,5.0,1,1,"Rp149,000",2/2025,0,0,0,https://www.udemy.com/course/infinite-series-mathematics/
Algebra 1- A complete guide to learning algebra,3573805,Ngozi Orevaoghene (Ph.D),"Algebra, Math, Teaching & Academics",Calculus,Beginner,4.5 hours,5.0,5,27,"Rp149,000",7/2021,0,0,31,https://www.udemy.com/course/algebra-1-a-complete-guide-to-learning-algebra/
Complex Numbers for Electrical Engineering Students,2080056,Sasha Jakovljevic,"Complex Numbers, Algebra, Engineering, Teaching & Academics",Calculus,All Levels,3 hours,4.8,41,177,"Rp249,000",8/2020,0,0,21,https://www.udemy.com/course/complex-numbers-for-electrical-engineering-students/
11 Days Math Challenge : Master Basics of Mathematics,3640356,Jackson Kailath,"Math, Study Skills, Teaching & Academics",Calculus,Beginner,19.5 hours,4.6,423,45137,"Rp149,000",12/2025,3,0,0,https://www.udemy.com/course/math-fundamentals/
Complex Numbers - Cambridge A Level Pure Maths 3 & IBDP,5489752,Aashish Maheshwari,"Complex Numbers, Math, Teaching & Academics",Calculus,All Levels,6 hours,5.0,1,10,"Rp149,000",3/2026,0,0,0,https://www.udemy.com/course/complex-numbers-asa-levelibigcsecollege-level/
"CLEP College Mathematics Exam - Numbers, Algebra & Functions",5235332,Phaedra Day,"Algebra, Math, Teaching & Academics",Calculus,Intermediate,9 hours,5.0,2,23,"Rp379,000",5/2025,0,0,0,https://www.udemy.com/course/clep-college-mathematics-exam-algebra-functions/
Visual Trigonometry,5463146,Dhimath Learning,"Trigonometry, Math, Teaching & Academics",Calculus,Beginner,2.5 hours,4.4,7,48,"Rp149,000",1/2024,0,0,1,https://www.udemy.com/course/visual-trigonometry/
Master Discrete Math 2020: More Than 5 Complete Courses In 1,1765308,Kody Amour,"Discrete Math, Math, Teaching & Academics",Calculus,All Levels,16 hours,4.3,483,24395,"Rp149,000",6/2020,0,0,126,https://www.udemy.com/course/discrete/
Become A Master Of Quadratic Equations.,4933976,Lakshmi Narayana,"Algebra, Math, Teaching & Academics",Calculus,All Levels,10 hours,4.0,1,3,"Rp149,000",10/2022,0,0,0,https://www.udemy.com/course/become-a-master-of-quadratic-equations/
Fundamental Maths-Direct and Inverse Proportion,5643348,Dhumil Javeri,"Math, Teaching & Academics",Calculus,Beginner,1 hour,5.0,1,2,"Rp149,000",11/2023,0,0,0,https://www.udemy.com/course/fundamental-maths-direct-and-inverse-proportion/
The Quadratic Equation (Mathematics),4919340,Tariq Mahmmod Choudhry,"Math, Teaching & Academics",Calculus,All Levels,3 hours,4.7,N/A,N/A,Free,1/2023,0,0,0,https://www.udemy.com/course/quadratic-equation/
A Level Pure Math Paper 1 Master Class (Cambridge Int),5414074,RL Wong,"Math, Teaching & Academics",Calculus,Intermediate,11.5 hours,5.0,3,9,"Rp149,000",7/2024,21,0,0,https://www.udemy.com/course/a-level-pure-math-paper-1-master-class-cambridge-int/
Master Trigonometry for Grade 11 & 12,6300121,Levy Nyamariwata,"Trigonometry, Math, Teaching & Academics",Calculus,Intermediate,13 hours,5.0,1,6,"Rp149,000",11/2024,0,0,20,https://www.udemy.com/course/master-trigonometry-for-grade-11-12/
Trigonometry & Precalculus : Game Your Way to Mastery -Part1,6779453,Maryam Rezaei Yazdi,"Trigonometry, Math, Teaching & Academics",Calculus,All Levels,2 hours,4.7,9,15,"Rp149,000",12/2025,6,0,1,https://www.udemy.com/course/trigonometry-precalculus-game-your-way-to-mastery-part1/
Geometry EVERYTHING Explained,3242346,Ariana Morales,"Geometry, Math, Teaching & Academics",Calculus,All Levels,14.5 hours,4.5,46,263,"Rp149,000",3/2021,0,0,1,https://www.udemy.com/course/highschoolgeometry/
Mastering Algebra 1 with Confidence!,5397976,Keondre Parker,"Algebra, Math, Teaching & Academics",Calculus,All Levels,40 mins,4.8,N/A,104,Free,10/2023,0,0,9,https://www.udemy.com/course/mastering-algebra-1-with-confidence/
Linear Algebra For Absolute Beginners,1768474,Gurpreet Bhatia,"Linear Algebra, Algebra, Math, Teaching & Academics",Calculus,Beginner,1.5 hours,4.1,59,1149,"Rp149,000",11/2020,0,0,5,https://www.udemy.com/course/linear-algebra-absolute-beginner/
Engineering Math (Best Online Course) - PART 2,6109271,"Rajan Gosavi (Gold Medalist , M.Tech. )","Math, Mechanical Engineering, Computer Science, Civil Engineering, Engineering",Calculus,All Levels,2 hours,5.0,2,493,"Rp149,000",6/2025,0,0,0,https://www.udemy.com/course/engineering-mathematics-solved-examples/
Introduction To Linear Algebra |MATRICES|,1672708,Shilank Singh,"Linear Algebra, Algebra, Math, Teaching & Academics",Calculus,All Levels,5.5 hours,4.0,8,269,"Rp149,000",3/2025,0,0,0,https://www.udemy.com/course/introduction-to-linear-algebra-matrices/
Math 30-1 Precalculus,7033023,Westcott Louden,"Math, Teaching & Academics",Calculus,Intermediate,1.5 hours,4.5,N/A,N/A,"Rp149,000",3/2026,0,0,0,https://www.udemy.com/course/math-30-1-precalculus/
P2 A-Level Mathematics Exam-Preparation Course,5429752,Lars & Jedrzej from dividable,"Math, Teaching & Academics",Calculus,All Levels,8 hours,5.0,3,7,"Rp849,000",7/2023,0,0,0,https://www.udemy.com/course/p2-a-level-mathematics-exam-preparation-course/
Factoring and Solving Quadratic Equations: The Easy way,4806642,Kimmy Kim,"Math, Teaching & Academics",Calculus,Beginner,1 hour,5.0,2,13,"Rp149,000",8/2022,2,0,2,https://www.udemy.com/course/learn-how-to-factor-and-solve-any-quadratic-equation/
Computational Linear Algebra with Python & NumPy,5969444,Christ Raharja,"Linear Algebra, Computational Thinking, Python, NumPy, Math",Calculus,All Levels,3.5 hours,3.7,8,3159,"Rp149,000",5/2024,0,0,2,https://www.udemy.com/course/computational-linear-algebra-with-python-numpy/
Applied Mathematics - Mathematical Reasoning,4612914,studi live,"Math, Teaching & Academics",Calculus,Intermediate,3.5 hours,4.2,2,16,"Rp149,000",4/2022,0,0,4,https://www.udemy.com/course/applied-mathematics-mathematical-reasoning/
Geometry Crash Course 2022: Learn Geometry in 11 Hours,4464464,Kamal Bahadur Tamang,"Geometry, Math, Teaching & Academics",Calculus,All Levels,11 hours,4.5,6,5581,"Rp149,000",7/2022,0,0,0,https://www.udemy.com/course/learn-geometry/
Complete Geometry Masterclass: Basics to Advanced Geometry,4472492,Donatus Obomighie,"Geometry, Algebra, Math, Trigonometry, Teaching & Academics",Calculus,All Levels,14 hours,3.9,23,172,"Rp149,000",12/2023,1,0,0,https://www.udemy.com/course/math-geometry-masterclass/
Discrete Maths - Mathematical Induction & Binomial Theorem,4596112,studi live,"Discrete Math, Math, Teaching & Academics",Calculus,Intermediate,4 hours,4.5,1,17,"Rp149,000",4/2022,0,0,8,https://www.udemy.com/course/discrete-maths-mathematical-induction-binomial-theorem/
"Exam Review: QUADRATICS, Pure Mathematics 1",5230458,Fahmi Fariq Muhammadsharif,"Algebra, Math, Teaching & Academics",Calculus,All Levels,2 hours,5.0,1,3,"Rp149,000",11/2024,0,0,0,https://www.udemy.com/course/solving-exam-questions-quadratics/
Master Number Theory 2020: The Secrets Of Numbers,270596,Kody Amour,"Number Theory, Math, Teaching & Academics",Calculus,Expert,7.5 hours,4.2,283,8364,"Rp149,000",6/2020,0,0,0,https://www.udemy.com/course/numbertheory/
Bridging the Gap to Maths at University,3316282,Maths ForUni,"Math, Teaching & Academics",Calculus,All Levels,7.5 hours,4.4,40,213,"Rp149,000",9/2020,0,0,23,https://www.udemy.com/course/bridging-maths-to-university/
Mastering Arithmetic Progressions and Sequences,4948308,Lakshmi Narayana,"Math, Teaching & Academics",Calculus,All Levels,11 hours,4.6,3,16,"Rp149,000",6/2023,0,0,0,https://www.udemy.com/course/become-a-master-of-arithmetic-progressions-and-sequences/
Best Math Course on Functions and Transformations,3306026,Kazi Ahmed,"Math, Teaching & Academics",Calculus,All Levels,2 hours,4.6,95,15344,"Rp149,000",7/2020,0,0,14,https://www.udemy.com/course/mastering-your-knowledge-of-functions-and-transformations/
"A First Course in Abstract Algebra: Group Theory,Ring Theory",2116280,Math Reddy,"Algebra, Math, Teaching & Academics",Calculus,All Levels,6.5 hours,3.3,44,1690,"Rp149,000",9/2024,27,0,18,https://www.udemy.com/course/abstract-algebragroup-theory/
IB Maths AA HL/SL Topic 1 ALGEBRA,5474902,Iryna Ivanchenko,"Algebra, Math, Teaching & Academics",Calculus,All Levels,6.5 hours,5.0,6,21,"Rp1,799,000",2/2025,0,0,10,https://www.udemy.com/course/algebra_aa_hl/
Algebra for Beginners - Basic Algebra Review/Problem Solving,2357542,Robel Haile,"Algebra, Math, Teaching & Academics",Calculus,Beginner,2 hours,4.3,116,8210,"Rp149,000",3/2022,0,0,43,https://www.udemy.com/course/introduction-to-basic-algebra-review-course/
"IB Maths Pre-Algebra, FUNDAMENTALS",5542832,Iryna Ivanchenko,"Algebra, Pre-Algebra, Geometry, Math, Teaching & Academics",Calculus,Intermediate,4.5 hours,5.0,2,7,"Rp1,799,000",2/2025,0,0,10,https://www.udemy.com/course/ib_maths_prealgebra/
A Beginner's guide to Trigonometry,2846014,Ifrah Khalid,"Trigonometry, Online Education, Teaching & Academics",Calculus,Intermediate,30 mins,5.0,1,6,"Rp149,000",4/2021,0,0,0,https://www.udemy.com/course/trigonometry-g/
Complex Numbers & Polynomials- Both Basic & Advanced,4663096,Raju S. Khatiwada,"Complex Numbers, Algebra, Polynomials, Math, Teaching & Academics",Calculus,All Levels,3.5 hours,4.2,2,8,"Rp149,000",6/2022,0,0,0,https://www.udemy.com/course/complex-numbers-polynomials-basic-advanced/
A complete course on Complex Analysis.,4065826,Dr. Piyusha Somvanshi,"Chemistry, Math, Teaching & Academics",Calculus,Intermediate,5.5 hours,4.0,15,107,"Rp149,000",11/2021,0,0,1,https://www.udemy.com/course/a-complete-course-on-complex-analysis/
Discrete Math & Real-World Applications ← School Curriculum,1529968,Hesam (Sam) Samimi,"Discrete Math, Math, Teaching & Academics",Calculus,Beginner,5.5 hours,4.4,21,149,"Rp149,000",9/2021,0,0,42,https://www.udemy.com/course/discrete-math-high-school-junior-high/
From Basic to Advanced: Learn Matrix Algebra,1320860,AMS Maths,"Algebra, Math, Teaching & Academics",Calculus,All Levels,3 hours,4.1,23,195,"Rp149,000",9/2017,0,0,0,https://www.udemy.com/course/matrices-and-determinants/
Topology of Mathematics,2834138,AD Chauhdry,"Math, Teaching & Academics",Calculus,All Levels,7 hours,4.3,42,387,"Rp149,000",8/2021,0,0,0,https://www.udemy.com/course/topology-of-mathematics/
Python for Mathematics:For High School & Engineering Student,3452520,Manish Sharma Timilsina,"Python, Math, Teaching & Academics",Calculus,Beginner,1.5 hours,4.2,133,14467,"Rp149,000",8/2020,0,0,0,https://www.udemy.com/course/python-for-mathematics/
Mastering Analytical Geometry,4950340,Lakshmi Narayana,"Geometry, Math, Teaching & Academics",Calculus,All Levels,10 hours,4.5,1,4,"Rp149,000",6/2023,0,0,0,https://www.udemy.com/course/become-a-master-of-2d-geometry-coordinate-geometry/
Differential Equations,51175,Math Fortress,"Differential Equations, Math, Teaching & Academics",Calculus,All Levels,2.5 hours,4.3,19,235,"Rp149,000",11/2013,0,0,1,https://www.udemy.com/course/mf-differential-equations/
Be an Expert in Basic Mathematics: Course 2,2515880,Seema Ranaware,"Math, Teaching & Academics",Calculus,Intermediate,10 hours,4.7,8,2235,"Rp149,000",10/2019,0,0,70,https://www.udemy.com/course/be-an-expert-in-basic-mathematics-course-2/
The Ultimate Algebra 2 Guide: Radicals to Logarithms,6699045,Tarek Nafea,"Algebra, Math, Teaching & Academics",Calculus,Intermediate,78.5 hours,4.9,N/A,6,"Rp447,000.00",7/2025,0,0,0,https://www.udemy.com/course/the-ultimate-algebra-2-guide-radicals-to-logarithms/
Discrete Math Series : Set Theory & Algebra masterclass,1592432,Vignesh Sekar,"Algebra, Discrete Math, Math, Teaching & Academics",Calculus,All Levels,6.5 hours,4.7,152,2074,"Rp149,000",2/2023,1,0,0,https://www.udemy.com/course/discretemath/
Fourier Adventure: Mathematics with a New Perspective,5540348,Mohammed Trabih,"Math, Teaching & Academics",Calculus,Expert,4.5 hours,4.5,1,41,"Rp699,000",10/2025,0,0,0,https://www.udemy.com/course/bvbatknh/
Algebra 1 for High School Math,1841550,Gary Thomson,"Algebra, Math, Teaching & Academics",Calculus,All Levels,5 hours,4.3,24,625,"Rp149,000",7/2020,2,0,100,https://www.udemy.com/course/algebra01/
"Mastery, Not Mystery - Algebra 1 - What You Need to Know",5170582,Rick Martinez,"Math, Teaching & Academics",Calculus,Beginner,10.5 hours,4.8,N/A,4,"Rp149,000",2/2025,0,0,0,https://www.udemy.com/course/mastery-not-mystery-algebra-1-what-you-need-to-know/
Real Analysis Part 6 (THE LEBESGUE INTEGRAL),5349820,Jaswinder Kaur,"Math, Teaching & Academics",Calculus,Intermediate,3.5 hours,3.6,2,41,"Rp149,000",7/2024,0,0,0,https://www.udemy.com/course/the-lebesgue-integral/
Learn Base 10 Logarithms,4942490,Aaron Craig Sinanan,"Math, Teaching & Academics",Calculus,Intermediate,32 mins,4.5,N/A,N/A,"Rp149,000",10/2022,0,0,0,https://www.udemy.com/course/learn-base-10-logarithms/
Mastering Discrete Mathematics: A Complete Guide,6375597,"Atchyut Kumar, Edufulness EFN","Discrete Math, Math, Teaching & Academics",Calculus,All Levels,17 hours,3.7,4,415,"Rp149,000",3/2025,0,0,1,https://www.udemy.com/course/sets-relations-and-functions-simplifying-discrete-math/
"Exponent (Index), Surd and Logarithm",874168,Mohd Fikri Abdul Aziz,"Math, Teaching & Academics",Calculus,Beginner,8.5 hours,4.7,12,83,"Rp149,000",1/2018,0,0,23,https://www.udemy.com/course/exponent-surd-logarithm/
Math Basics,5545280,Sourabh Rana,"Geometry, Math, Teaching & Academics",Calculus,Beginner,22.5 hours,4.2,4,628,"Rp149,000",8/2024,0,0,0,https://www.udemy.com/course/math-basics-c/
Polynomial Functions Course One.,6988749,Nwaorah Lawrence Anachuna,"Math, Teaching & Academics",Calculus,All Levels,8 hours,5.0,15,127,"Rp149,000",1/2026,0,0,0,https://www.udemy.com/course/polynomial-function-course-one/
Basic Math Review for Adults & Visual Learners,7019237,Westcott Louden,"Math, Teaching & Academics",Calculus,Beginner,4 hours,4.5,N/A,3,"Rp149,000",1/2026,0,0,0,https://www.udemy.com/course/math-for-adults-visual-learners/
Matrices: Learn the Foundations for Linear Algebra 2025,1937726,"Kashif A., Abdullah A.","Linear Algebra, Algebra, Math, Teaching & Academics",Calculus,Beginner,1.5 hours,4.8,18,263,"Rp149,000",4/2025,4,0,3,https://www.udemy.com/course/introduction-to-matrices/
Category Theory Crash Course,3171370,Dr Michael Sun,"Math, Teaching & Academics",Calculus,Expert,N/A,3.5,13,100,"Rp149,000",5/2020,0,0,0,https://www.udemy.com/course/category-theory/
Linear Systems of Equations :),5386438,Kali Rosenbeck,"Algebra, Math, Teaching & Academics",Calculus,All Levels,1 hour,5.0,1,2,"Rp149,000",1/2025,0,0,0,https://www.udemy.com/course/linear-systems-of-equations/
Advanced Engineering Mathematics,2618844,Dr. Rauf Tailony,"Differential Equations, Engineering, Teaching & Academics",Calculus,Intermediate,4 hours,3.8,13,139,"Rp149,000",10/2019,0,0,23,https://www.udemy.com/course/advanced-engineering-mathematics/
Engineering Math (Best Online Course) - PART 1,6116105,"Rajan Gosavi (Gold Medalist , M.Tech. )","Mechanical Engineering, Civil Engineering, Computer Science, Math, Teaching & Academics",Calculus,All Levels,2 hours,5.0,1,521,"Rp159,000",7/2025,0,0,0,https://www.udemy.com/course/engineering-mathematics-2-solved-examples/
MASTER POLYNOMIAL FUNCTIONS,6310105,Ebuka Ojiakor,"Math, Teaching & Academics",Calculus,Intermediate,2.5 hours,5.0,11,30,"Rp149,000",3/2025,0,0,19,https://www.udemy.com/course/polynomial-function/
Be an Expert in Basic Mathematics: Course 1,2217592,Seema Ranaware,"Math, Teaching & Academics",Calculus,Intermediate,10 hours,4.6,29,1485,"Rp149,000",9/2020,6,0,69,https://www.udemy.com/course/be-an-expert-in-basic-mathematics/
Master Algebra: Unlock the Power of Mathematics,5390276,Zeeshan Khan,"Linear Algebra, Algebra, Math, Teaching & Academics",Calculus,Beginner,2.5 hours,4.6,7,2122,"Rp149,000",7/2023,0,0,0,https://www.udemy.com/course/master-algebra-unlock-the-power-of-mathematics-with-confide/
MATH Application-2 For the Fundamentals of Engineering Exam.,1911888,Maged M Kamel,"Math, Teaching & Academics",Calculus,Intermediate,4 hours,5.0,1,37,"Rp149,000",5/2025,0,0,0,https://www.udemy.com/course/fundamentals-of-engineering-exam-class-math-application/
Advance Maths: Part I: Linear Differential Equations,2969568,Seema Ranaware,"Differential Equations, Math, Teaching & Academics",Calculus,Expert,4 hours,4.9,14,8590,"Rp149,000",5/2020,0,0,22,https://www.udemy.com/course/advanced-course-in-mathematics-part-i/
Discrete Math Series : Propositional Logic masterclass,1619932,Vignesh Sekar,"Discrete Math, Logic, Math, Teaching & Academics",Calculus,All Levels,3.5 hours,4.5,210,2196,"Rp149,000",2/2023,1,0,0,https://www.udemy.com/course/discretemathematics/
You will be an expert in Java,4529428,AbuBakr Abdel Fattah Suleiman,"Java, Java.io, JavaScript, Java SE, Programming Languages",Calculus,All Levels,11 hours,4.4,6,44,"Rp149,000",2/2022,0,0,0,https://www.udemy.com/course/you-will-be-an-expert-in-java/
Real Analysis Part 5 (Lebesgue Measure),5219682,Jaswinder Kaur,"Math, Teaching & Academics",Calculus,Intermediate,5 hours,4.1,5,68,"Rp149,000",4/2023,0,0,0,https://www.udemy.com/course/lebesgue-measure-part-1/
First Order and Second Order Linear Differential Equations,6510251,"Anshuman Sharma, Ayush Goyal","Math, Teaching & Academics",Calculus,Intermediate,4.5 hours,5.0,6,15,"Rp149,000",4/2025,6,0,10,https://www.udemy.com/course/first-order-and-second-order-linear-differential-equations/
Foundation Mathematics (A-Level),1782256,JAGuar93228 Gill,"Algebra, Calculus, Trigonometry, Math, Teaching & Academics",Calculus,Intermediate,49 hours,4.1,34,297,"Rp149,000",9/2018,0,0,0,https://www.udemy.com/course/foundation-mathematics-a-level/
Algebra (vectors and matrices) in Mathematics,4507472,Alison A,"Algebra, Math, Teaching & Academics",Calculus,Beginner,2 hours,4.0,4,32,"Rp149,000",1/2023,0,0,0,https://www.udemy.com/course/algebra-vectors-and-matrices-in-mathematics/
Advanced Math for Computer Science Mastery,5612226,Stefan Toshkov Zhelyazkov,"Math, Other IT & Software, IT & Software",Calculus,All Levels,7 hours,4.4,30,9314,"Rp149,000",10/2023,0,0,0,https://www.udemy.com/course/advanced-math-for-computer-science-mastery/
Why is Applied Mathematics useful in practical applications?,3882826,Suman Mathews,"Math, Teaching & Academics",Calculus,Beginner,2 hours,4.5,N/A,3,"Rp149,000",3/2026,0,0,0,https://www.udemy.com/course/numbers-quantification-and-numerical-applications-cbse/
"Unlock the Secrets of Trigonometry: Master Angles, Triangle",5479090,Zeeshan Khan,"Trigonometry, Math, Teaching & Academics",Calculus,Beginner,1 hour,5.0,2,2004,"Rp467,000.00",8/2023,0,0,0,https://www.udemy.com/course/unlock-the-secrets-of-trigonometry-master-angles-triangle/
Linear Algebra- Part 1 (Vector Spaces and Subspaces),4420520,Jaswinder Kaur,"Linear Algebra, Math, Teaching & Academics",Calculus,Intermediate,9.5 hours,4.5,4,53,"Rp149,000",2/2025,1,0,0,https://www.udemy.com/course/linear-algebra-part-1-vector-spaces/
Basics of Sets - Mathematics,2618858,Great IT Courses,"Algebra, Math, Teaching & Academics",Calculus,Beginner,21.5 hours,4.3,37,4444,Free,10/2019,1,0,0,https://www.udemy.com/course/basics-of-sets-mathematics/
Geometry - Math - GMAT/GRE/SAT/ACT/CAT (Scratch to Expert),1690234,Abhishek Agarwaal,"Geometry, GMAT, Math, GRE, Teaching & Academics",Calculus,All Levels,N/A,4.8,12,396,"Rp149,000",5/2018,0,0,0,https://www.udemy.com/course/gmat-gre-sat-act-math-geometry-scratch-to-expert/
Algebra 1 (Semester 1): A High School Curriculum,1135010,Matthew Gromlich,"Algebra, Math, Teaching & Academics",Calculus,Beginner,8 hours,4.4,61,391,"Rp149,000",3/2020,0,0,105,https://www.udemy.com/course/algebra-1-semester-1-a-high-school-curriculum/
Discrete Math For Computer Science,1692910,Luke's Programming School,"Discrete Math, Math, Teaching & Academics",Calculus,All Levels,2 hours,3.8,96,3771,"Rp149,000",12/2019,5,0,0,https://www.udemy.com/course/discrete-mathematics-learn-discrete-math/
Linear Equations and Inequalities y=mx+b,5385538,Kali Rosenbeck,"Linear Algebra, Linear Equation, Math, Teaching & Academics",Calculus,All Levels,1 hour,4.7,N/A,N/A,"Rp149,000",6/2023,0,0,0,https://www.udemy.com/course/linear-equations-and-inequalities-ymxb/
Master Discrete Mathematics: Logic,1292696,Trevor Block,"Logic, Discrete Math, Math, Teaching & Academics",Calculus,Beginner,1.5 hours,4.6,93,647,"Rp149,000",7/2017,5,0,11,https://www.udemy.com/course/master-discrete-mathematics-logic/
Junior Mathematics Fundamentals,4832906,Jana Joha,"Math, Teaching & Academics",Calculus,Beginner,3 hours,4.8,3,12,"Rp149,000",1/2023,0,0,37,https://www.udemy.com/course/junior-cycle-mathematics-crash-course/
GAME OF MATRICES : A Crash course on Linear Algebra,2930550,Ravi Kiran,"Linear Algebra, Math, Teaching & Academics",Calculus,Intermediate,8.5 hours,4.4,8,2508,"Rp149,000",12/2023,0,0,0,https://www.udemy.com/course/game-of-matrices-a-crash-course-on-linear-algebra/
Practice questions on quadratic functions and equations,6488245,Ebuka Ojiakor,"Math, Teaching & Academics",Calculus,Intermediate,N/A,4.8,N/A,9,"Rp149,000",3/2025,0,0,0,https://www.udemy.com/course/practice-questions-on-quadratic-functions-and-equations/
Network Security for ICS & SCADA Systems,7107211,ProjectEngPro Engineering and Project Management,"Cybersecurity, ICS/OT Cybersecurity, Network Security, Cybersecurity Awareness, Network & Security",Calculus,Beginner,2 hours,4.6,N/A,1,"Rp149,000",3/2026,0,0,0,https://www.udemy.com/course/network-security-for-ics-scada-systems/
Trigonometry 1 Using Visual Tools,4802966,CREATA CLASSES,"Trigonometry, Math, Teaching & Academics",Calculus,All Levels,3 hours,5.0,2,325,"Rp149,000",5/2023,0,0,7,https://www.udemy.com/course/trigonometry-1-using-animation-visual-tools/
Geometry & Mensuration - Basics & beyond... Easy learning,3602414,Priya Vaishampayan,"Geometry, Math, Teaching & Academics",Calculus,Beginner,9.5 hours,4.8,29,117,"Rp149,000",2/2021,0,0,69,https://www.udemy.com/course/geometry-mensuration-basics-beyond-easy-learning/
"Discrete Mathematics: Beginner's Complete, Math Crash Course",1240674,"Nikoloz Sanakoevi, Mikheil Chkheidze","Discrete Math, Math, Teaching & Academics",Calculus,All Levels,4 hours,3.9,158,6354,"Rp149,000",6/2020,23,0,55,https://www.udemy.com/course/master-discrete-math/
Pure Mathematics,4203824,Yasir Amir,"Math, Teaching & Academics",Calculus,Beginner,3.5 hours,4.7,N/A,N/A,"Rp447,000.00",7/2023,0,0,0,https://www.udemy.com/course/a-levels-pure-mathematics-p1-boot-camp/
Mastering Fourier Series and Infinite Series in Engineering,4906554,infusion X,"Math, Teaching & Academics",Calculus,All Levels,5 hours,4.4,5,7911,"Rp149,000",7/2024,8,0,8,https://www.udemy.com/course/engineering-mathematics-sd/
Crash Course on Straight Lines,4580460,Engineering Maths,"Geometry, Pre-Algebra, Trigonometry, Algebra, Math",Calculus,All Levels,2.5 hours,4.9,5,283,"Rp149,000",3/2022,0,0,11,https://www.udemy.com/course/crash-course-on-straight-lines/
Pre-Algebra Made Easy: The Complete Beginner's Guide,6377593,infusion X,"Pre-Algebra, Math, Teaching & Academics",Calculus,Beginner,10 hours,4.4,28,9973,"Rp149,000",1/2025,0,0,7,https://www.udemy.com/course/pre-algebra-made-easy-the-complete-beginners-guide/
Power Pre-Algebra,943618,Huzefa Kapadia,"Pre-Algebra, Math, Teaching & Academics",Calculus,All Levels,14 hours,4.2,52,238,"Rp299,000",5/2019,0,0,0,https://www.udemy.com/course/power-pre-algebra/
Unlocking Geometry: A Comprehensive Guide for All,5039548,Lakshmi Narayana,"Geometry, Construction, Math, Teaching & Academics",Calculus,All Levels,22 hours,4.5,N/A,5,"Rp149,000",6/2023,0,0,0,https://www.udemy.com/course/geometry-for-all/
Mathematics: Refresher Course,2922520,Seema Ranaware,"Math, Teaching & Academics",Calculus,Intermediate,5 hours,4.3,26,1095,"Rp149,000",7/2020,0,0,30,https://www.udemy.com/course/mathematics-refresher-course/
Linear algebra,6214691,Shilpa Dogra,"Algebra, Math, Teaching & Academics",Calculus,Intermediate,1 hour,4.5,1,322,"Rp149,000",11/2024,0,0,0,https://www.udemy.com/course/learn-algebra-c/
"Quadratic Equations, Functions And Transformations.",6215705,Nwaorah Lawrence Anachuna,"Math, Teaching & Academics",Calculus,All Levels,5.5 hours,4.7,N/A,1106,"Rp149,000",7/2025,0,0,0,https://www.udemy.com/course/quadratic-equations-functions-and-transformations/
Become A Master of Some Applications of Trigonometry,4959452,Lakshmi Narayana,"Trigonometry, Math, Teaching & Academics",Calculus,All Levels,4.5 hours,4.8,N/A,1,"Rp149,000",11/2022,0,0,0,https://www.udemy.com/course/become-a-master-of-some-applications-of-trigonometry/
Linear Algebra Part 2 : VECTOR SPACES ( BASIS & DIMENSION),5027292,Jaswinder Kaur,"Linear Algebra, Math, Teaching & Academics",Calculus,Intermediate,7.5 hours,4.5,1,27,"Rp149,000",2/2025,0,0,0,https://www.udemy.com/course/linear-algebra-part-2/
Interactive Algebra I: Learn By Doing,6202221,Ryan Hobbs,"Math, Teaching & Academics",Calculus,Beginner,24.5 hours,3.5,N/A,14,N/A,11/2024,0,0,298,https://www.udemy.com/course/interactive-algebra-i-learn-by-doing/
Managing Your Money,5555422,Jeffrey King,"Personal Finance, Personal Budgeting, Financial Planning, Money Management Tools, Finance & Accounting",Calculus,Beginner,1.5 hours,4.5,1,2,"Rp149,000",9/2023,0,0,10,https://www.udemy.com/course/managing-your-money/
Math Basics,1521162,albert spinosa,"Math, Electronics, Teaching & Academics",Calculus,All Levels,11.5 hours,4.6,15,158,"Rp149,000",6/2019,0,0,39,https://www.udemy.com/course/math-basics/
Master Discrete Mathematics: Set Theory,520820,Trevor Block,"Discrete Math, Math, Teaching & Academics",Calculus,Beginner,1.5 hours,4.7,136,1284,"Rp149,000",7/2017,2,0,0,https://www.udemy.com/course/mdmsettheory/
"GCSE Maths: Algebra, Linear Inequalities, Equations Of Line,",6182261,Tresza .,"Math, Teaching & Academics",Calculus,All Levels,34 mins,4.5,1,342,N/A,9/2024,1,0,0,https://www.udemy.com/course/gcse-maths-algebra-linear-inequalities-equations-of-line/
Visual Real Analysis : Real Numbers & Real Sequences,5169576,Epsilonia Corp.,"Math, Teaching & Academics",Calculus,Intermediate,2.5 hours,4.5,12,3198,"Rp149,000",4/2023,0,0,0,https://www.udemy.com/course/visual-real-analysis/
Differential Equations,4150178,Scott Gong,"Differential Equations, Math, Teaching & Academics",Calculus,Intermediate,6.5 hours,4.4,4,23,"Rp899,000",6/2021,0,0,2,https://www.udemy.com/course/differential-equations-sgt/
Solving Linear Equations and Inequalities for Beginners,2258074,Charlotte Farrell,"Linear Equation, Math, Teaching & Academics",Calculus,Beginner,1 hour,4.4,8,30,"Rp149,000",5/2019,0,0,35,https://www.udemy.com/course/solving-linear-equations-and-inequalities-for-beginners/
Become A Master of Geometry - Triangles,4949954,Lakshmi Narayana,"Geometry, Math, Teaching & Academics",Calculus,All Levels,13 hours,4.5,N/A,3,"Rp149,000",11/2022,0,0,0,https://www.udemy.com/course/become-a-master-of-geometry-triangles/
The Complete Discrete Math: Sets and Venn Diagrams Course,3560493,Math Tutor,"Discrete Math, Math, Teaching & Academics",Calculus,All Levels,6 hours,4.6,9,45,"Rp149,000",9/2021,0,0,0,https://www.udemy.com/course/the-complete-discrete-math-sets-and-venn-diagrams-course/
Matrices Mastery: Linear Algebra for AI & Engineering,6967287,Marco Gameiro,"Math, Teaching & Academics",Calculus,Intermediate,2.5 hours,4.5,N/A,8,"Rp149,000",12/2025,0,0,5,https://www.udemy.com/course/matrices-mastery-linear-algebra-for-ai-engineering/
Geometry,34243,Math Fortress,"Geometry, Math, Teaching & Academics",Calculus,All Levels,4.5 hours,4.3,79,1342,"Rp149,000",5/2018,0,0,0,https://www.udemy.com/course/geometry1/
MASTER SIMILAR TRIANGLES,6466967,Ebuka Ojiakor,"Math, Teaching & Academics",Calculus,Intermediate,2.5 hours,4.7,17,43,"Rp149,000",3/2025,0,0,12,https://www.udemy.com/course/similar-triangle/
2D & 3D GEOMETRY (Area & Volume) Using Visual Tools,4796398,CREATA CLASSES,"Geometry, Math, Teaching & Academics",Calculus,Beginner,5 hours,5.0,4,467,"Rp149,000",5/2023,0,0,6,https://www.udemy.com/course/2d-3d-geometry-area-volume-using-animation-tools/
Operations on Integers,6140539,Ahed Masri,"Math, Teaching & Academics",Calculus,All Levels,N/A,4.5,1,1,N/A,8/2024,0,0,0,https://www.udemy.com/course/operations-on-integers/
Equations and Inequalities,4389334,Mind Matters,"Algebra, Engineering, Teaching & Academics",Calculus,Beginner,4 hours,4.8,N/A,N/A,"Rp149,000",11/2021,0,0,0,https://www.udemy.com/course/equations-and-inequalities/
IB Math MAI HL - Graph Theory,5989428,"David Rops, Robert Sevcik","Math, Teaching & Academics",Calculus,All Levels,2 hours,4.4,2,6,"Rp149,000",5/2024,0,0,0,https://www.udemy.com/course/ib-math-mai-hl-graph-theory/
Basic Differential Equations,4077922,Germinal Van,"Differential Equations, Math, Teaching & Academics",Calculus,Beginner,1 hour,4.8,5,19,"Rp149,000",5/2021,0,0,0,https://www.udemy.com/course/basic-differential-equations/
Quickly Master your Basic Mathematical Skills,1641468,Bindhya Mishra,"Math, Teaching & Academics",Calculus,Beginner,2 hours,4.7,9,58,"Rp169,000",5/2018,0,0,0,https://www.udemy.com/course/quickly-master-your-basic-mathematical-skills/
Master The Fundamentals of Algebra 1 and Algebra 2,6952143,Syed Asim,"Other IT & Software, IT & Software",Calculus,All Levels,N/A,5.0,1,975,"Rp149,000",12/2025,0,0,0,https://www.udemy.com/course/master-the-fundamentals-of-algebra-1-and-algebra-2/
Fundamentals of Linear Algebra for University Students,5716840,Kamal Saadeddin,"Linear Algebra, Math, Teaching & Academics",Calculus,Intermediate,6.5 hours,4.6,23,7414,"Rp149,000",2/2024,0,0,0,https://www.udemy.com/course/fundamentals-of-linear-algebra-for-university-students/
"ABC of Geometry, Basic geometry",2521660,F M,"Geometry, Math, Teaching & Academics",Calculus,All Levels,1 hour,4.5,9,3423,"Rp149,000",8/2019,1,0,1,https://www.udemy.com/course/basic-geometry-abc-geometry/
Differential Equations,4604052,Yasir Amir,"Differential Equations, Electrical Circuits, Math, Teaching & Academics",Calculus,All Levels,6.5 hours,5.0,5,53,"Rp149,000",6/2022,0,0,0,https://www.udemy.com/course/differential-equations-l/
Trigonometry For beginners,4632980,Manish Gupta,"Trigonometry, Math, Teaching & Academics",Calculus,Beginner,5.5 hours,5.0,3,80,"Rp149,000",4/2022,0,0,2,https://www.udemy.com/course/trigonometry-for-beginners/
30-Day Job Application Workshop,6091329,Terrence r King,"Job Search, Online Education, Teaching & Academics",Calculus,Beginner,3.5 hours,4.5,N/A,N/A,"Rp149,000",7/2024,8,0,1,https://www.udemy.com/course/get-hired-fast/
Binomial Theorem Cambridge AS Level Pure Maths 1 & IBDP,5955020,Aashish Maheshwari,"Test Prep, Teaching & Academics",Calculus,All Levels,3 hours,4.8,N/A,3,"Rp149,000",3/2026,0,0,0,https://www.udemy.com/course/binomial-theorem-basics-to-advance-asa-level-edexcel/
"Circle Geometry: Explore, Solve And Apply.",5144414,Nwaorah Lawrence Anachuna,"Geometry, Math, Teaching & Academics",Calculus,All Levels,4.5 hours,5.0,6,909,"Rp149,000",7/2025,0,0,0,https://www.udemy.com/course/circle-geometry-for-the-beginner-and-advance-level/
Core Mathematics,1059440,"Rawaz S. Jamal, Miran Fattah","Math, Teaching & Academics",Calculus,Beginner,6.5 hours,4.4,36,1812,"Rp149,000",9/2017,0,0,34,https://www.udemy.com/course/math-grade-3/
Linear Algebra: Complete Guide to Algebra Foundation,2894194,ELVIS INNOCENT AGBEDE,"Linear Algebra, Algebra, Polynomials, Math, Teaching & Academics",Calculus,Beginner,6 hours,4.0,1,5,"Rp149,000",1/2026,0,0,0,https://www.udemy.com/course/become-a-master-of-linear-algebra/
Inner Product Spaces,4741890,Jianjun Chuai,"Algebra, Math, Teaching & Academics",Calculus,All Levels,6 hours,4.8,N/A,N/A,"Rp149,000",6/2022,0,0,0,https://www.udemy.com/course/inner-product-spaces/
Linear Algebra and Geometry,6073399,Abdulla Hasan,"Linear Algebra, Math, Geometry, Algebra, Teaching & Academics",Calculus,All Levels,7 hours,4.3,5,222,"Rp149,000",12/2024,6,0,5,https://www.udemy.com/course/master-linear-algebra-and-geometry/
SET THEORY,4230804,infusion X,"Discrete Math, Math, Teaching & Academics",Calculus,All Levels,2.5 hours,4.6,18,7807,"Rp149,000",12/2024,0,0,3,https://www.udemy.com/course/master-set-theory-from-scratch/
Mastering the Number System: An Elementary Math Lesson,5733770,Jit Dutta,"Math, Teaching & Academics",Calculus,Beginner,1 hour,5.0,21,2290,"Rp149,000",2/2024,3,0,1,https://www.udemy.com/course/mastering-the-number-system-an-elementary-math-lesson/
Discrete Mathematics: Open Doors to Great Careers 2,789338,Richard Han,"Discrete Math, Algorithms, Math, Teaching & Academics",Calculus,All Levels,6 hours,4.2,36,1062,"Rp149,000",5/2018,24,0,44,https://www.udemy.com/course/discrete-mathematics-open-doors-to-great-careers-2/
Fundamentals & Basics of Maths through Animated Videos -2023,3285450,Devaki subbalakshmi,"Math, Vedic Math, Mental Math, Teaching & Academics",Calculus,All Levels,7.5 hours,4.2,50,8886,"Rp149,000",4/2023,0,0,12,https://www.udemy.com/course/mathfundamentals/
Become A Master of Geometry - Circles,4958962,Lakshmi Narayana,"Geometry, Math, Teaching & Academics",Calculus,All Levels,3.5 hours,4.8,N/A,3,"Rp149,000",11/2022,0,0,0,https://www.udemy.com/course/become-a-master-of-geometry-circles/
Linear Algebra Part 4 : Vector Spaces and Subspaces,6254133,Jaswinder Kaur,"Math, Teaching & Academics",Calculus,Intermediate,5 hours,4.5,N/A,7,"Rp149,000",2/2025,0,0,0,https://www.udemy.com/course/linear-algebra-part-4-echelon-matrix-normal-form-matrix/
Vectr the complete course,5407888,Nicolas Forgue,"Vector Graphics, Illustration, Logo Design, Graphic Design & Illustration, Design",Calculus,All Levels,5.5 hours,4.9,N/A,N/A,"Rp149,000",8/2023,0,0,0,https://www.udemy.com/course/vectr-the-complete-course/
Mathematics 101: Building a Solid Foundation,706268,Gurmeet Grewal,"Math, Teaching & Academics",Calculus,Beginner,4 hours,4.2,36,245,"Rp149,000",4/2016,0,0,55,https://www.udemy.com/course/mathematics-101-building-a-solid-foundation/
Group Theory and Chemistry2 Group Postulates Order Classes,3659502,Chitra Thomas,"Physical Chemistry, Science, Teaching & Academics",Calculus,Expert,1.5 hours,4.8,N/A,1,"Rp149,000",11/2020,0,0,0,https://www.udemy.com/course/group-theory-and-chemistry2-group-postulates-order-classes/
Core Mathematics,2641546,The University of the Commonwealth Caribbean -,"Math, Teaching & Academics",Calculus,Beginner,4.5 hours,3.7,2,12,"Rp149,000",1/2020,0,0,0,https://www.udemy.com/course/core-mathematics/
Learn Differential Equations,1929922,AD Chauhdry,"Differential Equations, Math, Teaching & Academics",Calculus,Expert,5 hours,4.0,21,841,"Rp149,000",9/2021,0,0,0,https://www.udemy.com/course/differential-equations-odpdlaplace-transformation/
Linear Algebra for Beginners: Open Doors to Great Careers,380630,Richard Han,"Linear Algebra, Algebra, Math, Teaching & Academics",Calculus,All Levels,7 hours,4.0,506,4675,"Rp149,000",1/2018,0,0,0,https://www.udemy.com/course/linear-algebra-an-introduction/
College Algebra Explained,761060,Shaun Reilly,"Algebra, College Admissions, Math, Teaching & Academics",Calculus,Beginner,5 hours,4.0,19,183,"Rp149,000",2/2020,0,0,61,https://www.udemy.com/course/college-algebra-explained/
Geometry - The Basics & Beyond,346464,Michael Taylor,"Geometry, Math, Teaching & Academics",Calculus,Beginner,4.5 hours,4.5,13,765,"Rp249,000",6/2020,1,0,0,https://www.udemy.com/course/geometry-the-basics/
Fraction for All : The Beginner's Guide To Master Fraction,2397062,"Malay Biswal PMP, SAFe PO/PM, Technology Enthusiast","Math, Teaching & Academics",Calculus,Beginner,3 hours,4.3,5,934,"Rp149,000",1/2021,25,0,2,https://www.udemy.com/course/fractions-for-all-the-beginners-guide-to-master-fraction/
Master Matrix Algebra: The Ultimate Linear Algebra Course,4911722,Tensor Teach,"Linear Algebra, Math, Teaching & Academics",Calculus,Beginner,5.5 hours,4.6,9,69,"Rp149,000",7/2023,0,0,0,https://www.udemy.com/course/linear-algebra-fundamentals-of-matrix-algebra/
Linear Algebra Part 3 : VECTOR SPACES & RANK of MATRICES,5663726,Jaswinder Kaur,"Linear Algebra, Math, Teaching & Academics",Calculus,Intermediate,5.5 hours,4.5,N/A,18,"Rp447,000.00",2/2025,0,0,0,https://www.udemy.com/course/linear-algebra-part-3-row-space-column-space-of-matrix/
MP ADPO 3,7009719,Himanshu Jaiswal,"Teacher Training, Teaching & Academics",Calculus,All Levels,N/A,4.1,N/A,N/A,"Rp149,000",1/2026,0,0,0,https://www.udemy.com/course/mp-adpo-3/
(IGCSE & GCSE) Additional Math Indices & Logarithms,5372826,Shakir Elahi,"Math, Teaching & Academics",Calculus,Beginner,2 hours,5.0,4,158,"Rp149,000",6/2023,0,0,0,https://www.udemy.com/course/igcse-gcse-additional-math-indices-logarithms/
Complete Differential Equations in depth:Basics to advance,3465570,Vishwesh Singh,"Differential Equations, Engineering, Teaching & Academics",Calculus,All Levels,5 hours,4.4,34,2386,"Rp149,000",5/2022,0,0,0,https://www.udemy.com/course/engineering-math-master-differential-equation/
Simplifying Cuboid Math: Mastering the Basics with Ease,5280820,Prabh Kirpa Classes,"Math, Teaching & Academics",Calculus,Beginner,1 hour,4.4,8,6156,"Rp149,000",10/2023,0,0,0,https://www.udemy.com/course/cuboid-calculations-made-easy-mastering-the-basics/
Spherical Geometry Explored: Hemispheres and Their Measures,5430354,Prabh Kirpa Classes,"Math, Teaching & Academics",Calculus,Intermediate,1 hour,4.5,10,3532,"Rp149,000",10/2023,0,0,0,https://www.udemy.com/course/measuring-hemispheres-surface-area-and-volume/
Discrete Mathematics: Logic Essentials,1733808,Amin Ali,"Logic, Discrete Math, Math, Teaching & Academics",Calculus,Beginner,31 mins,4.2,15,55,"Rp149,000",5/2023,0,0,0,https://www.udemy.com/course/discrete-mathematics-introduction-to-logic/
Sphere Volume Unveiled: Basics and Calculation,5401944,Prabh Kirpa Classes,"Math, Teaching & Academics",Calculus,Intermediate,1 hour,5.0,6,3975,"Rp149,000",10/2023,0,0,0,https://www.udemy.com/course/volume-of-sphere-basic-concept-and-formula/
How To Teach Algebra,3321168,HowExpert,"Algebra, Math, Teaching & Academics",Calculus,All Levels,32 mins,4.0,1,4,"Rp349,000",7/2020,0,0,0,https://www.udemy.com/course/how-to-teach-algebra/
Discrete Mathematics Complete Course,1364582,Joydip Ghosh,"Discrete Math, Math, Teaching & Academics",Calculus,All Levels,2.5 hours,4.0,62,8391,"Rp149,000",7/2018,0,0,0,https://www.udemy.com/course/discrete-mathematics-discrete-math-lattices-graph-tree-mathematica/
Easy Advanced Math Skills,59689,Wolfgang Riebe,"Math, Teaching & Academics",Calculus,All Levels,3 hours,4.1,3,139,"Rp149,000",8/2020,0,0,13,https://www.udemy.com/course/advanced-math-training/
Discrete Mathematics for Computer Science (UPDATED 2025),2607428,Math Reddy,"Math, Teaching & Academics",Calculus,All Levels,5 hours,3.1,37,2071,"Rp149,000",3/2025,17,0,3,https://www.udemy.com/course/discrete-mathematics-and-its-applications/
Relations in Discrete Mathematics,4739152,Archana Chaugule,"Discrete Math, Math, Teaching & Academics",Calculus,Beginner,1 hour,3.9,14,1154,Free,6/2022,0,0,1,https://www.udemy.com/course/relations-in-discrete-mathematics/
Vectors,5671036,Dr. Jini Varghese P,"Math, Teaching & Academics",Calculus,All Levels,1.5 hours,4.9,7,488,Free,11/2023,0,0,0,https://www.udemy.com/course/vectors-j/
Basics of Math,5508140,Sourabh Rana,"Math, Teaching & Academics",Calculus,Beginner,2 hours,4.4,18,629,Free,8/2023,0,0,0,https://www.udemy.com/course/basics-of-math/
Learn to Love Math: Develop a Mindset for Math Success,4793622,Nicolas Viveros,"Math, Growth Mindset, Teaching & Academics",Calculus,All Levels,42 mins,4.2,38,1433,Free,4/2024,0,0,4,https://www.udemy.com/course/learn-to-love-math-develop-a-mindset-for-math-success/
Geometry Basics,1120438,Hema Chandran B,"Geometry, Math, Teaching & Academics",Calculus,All Levels,2 hours,4.4,34,2770,Free,4/2018,0,0,0,https://www.udemy.com/course/geometry-basics-h/
Master Math Fundamentals,1180736,Sohael Babwani,"Math, Teaching & Academics",Calculus,Beginner,9 hours,4.6,627,21039,Free,6/2017,0,0,0,https://www.udemy.com/course/master-math-fundamentals/
The Rules of Indices for A-Level Maths,1539974,Sophie Roberts,"Algebra, Math, Teaching & Academics",Calculus,Intermediate,1 hour,4.7,25,2605,Free,9/2018,8,0,29,https://www.udemy.com/course/indices-algebra-as-a-level-mathematics/
Learn Geometry - Math- Free Guide,1698344,Abhishek Agarwaal,"Geometry, Math, Teaching & Academics",Calculus,All Levels,1.5 hours,4.5,80,4910,Free,5/2018,0,0,0,https://www.udemy.com/course/learn-geometry-free-guide/
Math is Everywhere: Applications of Finite Math,16170,Tim Chartier,"Math, Teaching & Academics",Calculus,All Levels,2 hours,4.4,1376,60478,Free,6/2012,1,0,0,https://www.udemy.com/course/math-is-everywhere-applications-of-finite-math/
"Maths - Basic angles, distances and coordinates",521330,Saffron Grant,"Math, Trigonometry, Geometry, Teaching & Academics",Calculus,Beginner,1.5 hours,4.4,118,7719,Free,8/2019,0,0,2,https://www.udemy.com/course/basic-angles-distances-and-coordinates/
Math for Middle Schoolers: Algebraic Expressions,1653124,Abinaya Anbuchelvan,"Algebra, Math, Teaching & Academics",Calculus,Beginner,31 mins,4.6,193,5445,Free,4/2018,0,0,0,https://www.udemy.com/course/math-for-middle-schoolers-algebraic-expressions/
Mathematics - Matrices,3689512,Deepali Manoj Jori,"Algebra, Math, Teaching & Academics",Calculus,Beginner,1 hour,4.6,40,1132,Free,12/2020,0,0,0,https://www.udemy.com/course/mathematics-matrices/
Solution of Simultaneous Equations,4081604,Patil Nivrutti,"Algebra, Engineering, Teaching & Academics",Calculus,All Levels,1 hour,4.7,8,695,Free,5/2021,0,0,0,https://www.udemy.com/course/solution-of-simultaneous-equations/
Fundamental Concepts of Algebra,1295242,Boubacar Siddy Diallo,"Algebra, Math, Teaching & Academics",Calculus,Beginner,31 mins,4.4,20,1056,Free,3/2022,0,0,0,https://www.udemy.com/course/algebra-part-2/
Polar Curves for Engineering,2808797,JK Academy,"Geometry, Engineering, Teaching & Academics",Calculus,Beginner,38 mins,4.4,27,1536,Free,2/2020,0,0,6,https://www.udemy.com/course/polar-curves-for-engineering/
Fundamentals of Geometry for Secondary or High School [P3],6217991,csb mathematikos,"Geometry, Math, Teaching & Academics",Calculus,All Levels,1 hour,5.0,N/A,331,Free,11/2025,0,0,0,https://www.udemy.com/course/geometry-for-secondary-and-high-school-complete-course-p3/
Number Theory: Exploring Mathematics and Solving Sums,5436596,Sourav Das,"Math, Teaching & Academics",Calculus,Beginner,32 mins,4.0,5,744,Free,7/2023,0,0,0,https://www.udemy.com/course/number-theory-exploring-mathematics-and-solving-sums/
Pair of Linear Equations in Two Variables : Grade X NCERT,1715244,"Abhishek Mishra, IITian, PhD in Neuroscience","NCERT and CBSE, Math, Teaching & Academics",Calculus,Beginner,2.5 hours,4.2,27,3835,Free,5/2018,0,0,0,https://www.udemy.com/course/pair-of-linear-equations/
Algebra for A-Level Maths,112704,Adam Goodridge,"Algebra, Math, Teaching & Academics",Calculus,Intermediate,22 mins,4.2,633,22056,Free,8/2014,1,0,0,https://www.udemy.com/course/algebraforalevelmaths/
Modular Arithmetic Advanced level of Number Theory,5804730,Sourav Das,"Math, Teaching & Academics",Calculus,All Levels,35 mins,4.8,6,576,Free,2/2024,0,0,0,https://www.udemy.com/course/modular-arithmetic-advanced-level-of-number-theory/
Maths Made Easy for Adult Learners,3079724,Val Baker,"Math, Teaching & Academics",Calculus,All Levels,2 hours,4.3,64,2071,Free,7/2020,0,0,0,https://www.udemy.com/course/maths-made-easy-for-adult-learners/
Class 10 Mathematics Chapter 1 - Real Numbers,3159608,Nandan Gijare,"Math, NCERT and CBSE, Teaching & Academics",Calculus,Intermediate,1.5 hours,4.6,16,1701,Free,5/2020,0,0,0,https://www.udemy.com/course/class_10_mathematics/
Inequalities for A-Level Maths,1389998,Sophie Roberts,"Algebra, Math, Teaching & Academics",Calculus,Intermediate,1 hour,4.5,11,2541,Free,9/2018,7,0,29,https://www.udemy.com/course/inequalities-algebra-as-a-level-mathematics/
Mathematics 101,3245970,Aziz Amir Ali,"Math, Teaching & Academics",Calculus,Beginner,1.5 hours,4.3,39,1747,Free,6/2020,0,0,0,https://www.udemy.com/course/mathematics-101/
Math for Middle Schoolers: Geometry,1807002,Abinaya Anbuchelvan,"Geometry, Math, Teaching & Academics",Calculus,Beginner,1.5 hours,4.6,125,5396,Free,7/2018,0,0,0,https://www.udemy.com/course/math-for-middle-schoolers-geometry/
Basics of Algebra for Absolute Beginners,4669106,Raju S. Khatiwada,"Algebra, Linear Algebra, Math, Teaching & Academics",Calculus,Beginner,1 hour,3.9,30,2306,Free,6/2022,0,0,0,https://www.udemy.com/course/basics-of-algebra-for-absolute-beginners/
"SAT Math, GRE Math, and GMAT Math: Grad School, MS, MBA Path",334532,Prasad Hariharan,"Math, GMAT, Test Prep, Teaching & Academics",Calculus,Intermediate,2 hours,4.1,36,2801,Free,6/2021,0,0,0,https://www.udemy.com/course/foundations-of-gmat-quantitative-ability/
Prep for GRE® Subject Math Exam - Module1:Basics,370060,Gilad Pagi,"GRE, Math, Calculus, Test Prep, Teaching & Academics",Calculus,Expert,1 hour,4.5,262,9124,Free,12/2018,0,0,0,https://www.udemy.com/course/gre-subject-math-april-2015-module1basics/
iGCSE Maths Vectors Crash Course,5515614,Sam Gower,"Math, Teaching & Academics",Calculus,Intermediate,1 hour,4.7,129,1372,Free,4/2024,0,0,0,https://www.udemy.com/course/igcse-maths-vectors-crash-course/
Equations for those who don't like Math,5384438,David Agmon,"Math, Teaching & Academics",Calculus,Beginner,1 hour,4.4,11,651,Free,2/2025,0,0,1,https://www.udemy.com/course/equations-for-those-who-dont-like-math/
Introduction to Logic (Geometry Unit 2),557882,Matthew Gromlich,"Geometry, Logic, Math, Teaching & Academics",Calculus,All Levels,1.5 hours,4.5,139,9174,Free,7/2016,0,0,23,https://www.udemy.com/course/geometry-unit-1-introduction-to-logic/
Surds for A-Level Maths,1535614,Sophie Roberts,"Algebra, Math, Teaching & Academics",Calculus,Intermediate,36 mins,4.5,32,2318,Free,9/2018,5,0,14,https://www.udemy.com/course/surds-algebra-as-a-level-mathematics/
Math - Class 9th - Free Conceptual Guide,1701000,Abhishek Agarwaal,"Math, Algebra, Geometry, Teaching & Academics",Calculus,Intermediate,2 hours,4.0,81,4307,Free,5/2018,0,0,0,https://www.udemy.com/course/maths-class-9th-free-conceptual-guide/
Linear Circuits 1 - 24 - Differential Equations,3267368,"Mark Budnik, Mark M. Budnik","Electrical Engineering, Engineering, Teaching & Academics",Calculus,Beginner,1 hour,4.7,50,2039,Free,6/2020,1,0,0,https://www.udemy.com/course/linear-circuits-1-24-differential-equations/
Mathematics Problem Solving using the Math Model Method,1604470,Tan Weiqiang,"Math, Problem Solving, Teacher Training, Teaching & Academics",Calculus,Beginner,1 hour,4.5,128,4504,Free,3/2018,0,0,0,https://www.udemy.com/course/mathematics-problem-solving-using-the-math-model-method/
Master Mathematics: Set Theory - Basic,2948000,Yusra Roi,"Math, Teaching & Academics",Calculus,Beginner,1 hour,4.4,126,2770,Free,5/2020,0,0,0,https://www.udemy.com/course/basic-learning-of-sets/
Linear Algebra for College Level,4738332,Sourav Das,"Linear Algebra, Math, Teaching & Academics",Calculus,Intermediate,1 hour,3.9,14,1464,Free,6/2022,0,0,0,https://www.udemy.com/course/linear-algebra-for-college-level/
Discovering Algebra,1290052,"Raza, Qasim and Duncan","Algebra, Math, Teaching & Academics",Calculus,Beginner,1 hour,3.8,77,5951,Free,7/2017,0,0,3,https://www.udemy.com/course/discovering-algebra/
iGCSE Maths Hardest Questions,5819176,Sam Gower,"Math, Teaching & Academics",Calculus,Intermediate,1.5 hours,4.7,137,1251,Free,2/2024,0,0,0,https://www.udemy.com/course/igcse-maths-hardest-questions/
Python for Basic problems in Complex Numbers,3735122,Zeeshan Ahmad,"Complex Numbers, Math, Teaching & Academics",Calculus,All Levels,1 hour,4.3,28,4952,Free,1/2025,1,0,0,https://www.udemy.com/course/python-for-basic-problems-in-complex-numbers/
Basic Algebra,2244096,Verna Phillips,"Algebra, Math, Teaching & Academics",Calculus,Beginner,2 hours,3.7,29,1684,Free,2/2019,0,0,0,https://www.udemy.com/course/basic-algebra/
Rootmath: Science and Math Made Simple,3128158,Brian Newhouse,"Earth Science, Math, Teaching & Academics",Calculus,All Levels,34 mins,4.3,10,859,Free,5/2025,0,0,6,https://www.udemy.com/course/science-math-and-statistics-made-simple/
Pythagoras Theorem,6291729,Sourabh Rana,"Math, Teaching & Academics",Calculus,Beginner,1 hour,1.0,1,200,Free,11/2024,0,0,0,https://www.udemy.com/course/pythagoras-theorem-h/
Basics of Trigonometry,6019984,Sourabh Rana,"Trigonometry, Math, Teaching & Academics",Calculus,Beginner,1 hour,4.5,8,492,Free,7/2024,0,0,0,https://www.udemy.com/course/basics-of-trigonometry/
Basic Geometry,276360,Phani Raju,"Geometry, Math, Teaching & Academics",Calculus,All Levels,1.5 hours,4.1,99,6215,Free,8/2014,0,0,0,https://www.udemy.com/course/basic-geometry-made-easy/
Basics of Group Theory (Discrete Mathematics),3981262,Pratik Raosaheb Kadam,"Discrete Math, Other IT & Software, IT & Software",Calculus,Beginner,40 mins,4.1,47,1661,Free,4/2021,0,0,0,https://www.udemy.com/course/basics-of-group-theory-discrete-mathematics/
RMO and INMO Special Sessions,7053823,Sourav Das,"Other Teaching & Academics, Teaching & Academics",Calculus,All Levels,35 mins,4.4,N/A,19,Free,2/2026,0,0,0,https://www.udemy.com/course/rmo-and-inmo-special-sessions/
Basics of Integers,5468008,Sourabh Rana,"Math, Teaching & Academics",Calculus,Beginner,41 mins,4.1,9,585,Free,1/2025,0,0,0,https://www.udemy.com/course/basics-of-integers/
Master Geometry basics in 1 hour: Straight lines & Circles,1973666,Satyajit Das,"Geometry, Math, Teaching & Academics",Calculus,Beginner,37 mins,4.5,21,2634,Free,10/2018,0,0,0,https://www.udemy.com/course/master-geometry-basics-in-1-hour/
"Boost Logic, Math Thinking & Reasoning: Gödel Insights",6728583,Emanuele Pesaresi,"Logic, Problem Solving, Math, Critical Thinking, Industry",Calculus,All Levels,9.5 hours,4.8,9,208,"Rp149,000",3/2026,0,0,13,https://www.udemy.com/course/boost-logic-math-thinking-reasoning-godel-insights/
"Math for Data science,Data analysis and Machine Learning",4337994,Sandeep Kumar Mathur,"Math, Teaching & Academics",Calculus,Expert,23.5 hours,4.8,613,6540,"Rp149,000",2/2026,0,0,0,https://www.udemy.com/course/math-for-data-sciencedata-analysis-and-python-programming/
Math Essential Course,6932247,Lonzo Fulwider,"Math, Teaching & Academics",Calculus,Intermediate,103 hours,4.5,N/A,1,"Rp149,000",N/A,0,0,0,https://www.udemy.com/course/math-essential-course/
Theoretical Classical Mechanics: From Beginner to Expert,4878378,Dr. Börge Göbel,"Physics, Mechanics, Science, Teaching & Academics",Calculus,All Levels,23 hours,4.6,355,4547,"Rp149,000",1/2024,25,0,21,https://www.udemy.com/course/mechanic/
A deep understanding of AI large language model mechanisms,6757979,Mike X Cohen,"Large Language Models (LLM), Math, Teaching & Academics",Calculus,All Levels,91 hours,4.8,921,12025,"Rp169,000",3/2026,9,0,0,https://www.udemy.com/course/dullms_x/
Maths GCSE Foundation Masterclass,4063510,Chris Gilpin,"Math, GCSE, Teaching & Academics",Calculus,Beginner,9 hours,4.5,89,491,"Rp149,000",3/2023,112,0,112,https://www.udemy.com/course/foundation-maths-gcse/
The Complete AP and College Physics Course,3475224,Sadok Smine,"Physics, Science, Teaching & Academics",Calculus,All Levels,30.5 hours,4.6,1159,21393,"Rp149,000",3/2026,0,0,51,https://www.udemy.com/course/the-complete-ap-physics-course/
AP Physics 1: The 14.5-Hour Fast Track to a Perfect Score,6474115,Gina Chou,"Physics, Science, Teaching & Academics",Calculus,Beginner,14.5 hours,4.7,6,123,"Rp149,000",5/2025,25,0,22,https://www.udemy.com/course/ap-physics-1-the-145-hour-fast-track-to-a-perfect-score/
Aiming for A* in A-Level Maths,7055459,Woody Lewenstein,"Math, Statistics, Mechanics, Teaching & Academics",Calculus,All Levels,7.5 hours,5.0,2,18,"Rp149,000",2/2026,9,0,9,https://www.udemy.com/course/aiming-for-a-star-in-a-level-maths/
Mastering GCE O Level: Additional Mathematics 2026,4937238,Seng Han Yew,"Math, Teaching & Academics",Calculus,Intermediate,18 hours,3.8,5,56,"Rp149,000",1/2026,8,0,32,https://www.udemy.com/course/mastering-gce-o-level-additional-mathematics-ace-with-dennis/
Ace Mechanics in 10 Hours (The Complete Course),4215580,Gina Chou,"Mechanics, Science, Teaching & Academics",Calculus,Beginner,10 hours,4.7,17,172,"Rp149,000",1/2025,9,0,9,https://www.udemy.com/course/ace-mechanics-in-10-hours-the-complete-course/
A-Level Further Maths: Further Statistics 1,6940321,Woody Lewenstein,"Statistics, Probability, Math, Teaching & Academics",Calculus,All Levels,10.5 hours,5.0,5,30,"Rp149,000",12/2025,8,0,8,https://www.udemy.com/course/a-level-further-maths-further-statistics-1/
Python engineering animations: Bring math & data to life,3776662,Mark Misin Engineering Ltd,"Animation, Engineering, Teaching & Academics",Calculus,Intermediate,22.5 hours,4.8,325,5176,"Rp149,000",11/2025,15,0,19,https://www.udemy.com/course/python-animations-for-engineers-bring-mathematics-to-life/
"Complete Math, Statistics & Probability for Machine Learning",4353116,Donatus Obomighie,"Probability, Data Science, Risk Management, Statistics, Math",Calculus,All Levels,33 hours,4.5,361,3375,"Rp149,000",7/2024,8,0,4,https://www.udemy.com/course/probability-statistics-mathematics/
Statistics with StatCrunch by the Math Sorcerer,2399730,The Math Sorcerer,"Statistics, Math, Teaching & Academics",Calculus,Beginner,15 hours,4.8,86,1327,"Rp149,000",7/2019,0,0,0,https://www.udemy.com/course/statistics-with-statcrunch-by-the-math-sorcerer/
Quantum Decoherence & Gravity from Quantum Entropy,6587023,Emanuele Pesaresi,"Quantum Mechanics (physics), Science, Teaching & Academics",Calculus,Expert,16 hours,5.0,4,78,"Rp149,000",3/2026,0,0,12,https://www.udemy.com/course/quantum-decoherence-gravity-from-quantum-entropy/
Preparing for A-Level Maths,3162858,Woody Lewenstein,"Math, Trigonometry, GCSE, Algebra, Teaching & Academics",Calculus,All Levels,6 hours,4.8,92,404,"Rp149,000",12/2024,0,0,0,https://www.udemy.com/course/preparing-for-a-level-maths/
Electric Fields - Non calculus Method,3053994,Erendra Chrysanthus Canjemanaden,"Physics, Test Prep, Teaching & Academics",Calculus,All Levels,24 hours,5.0,N/A,3,"Rp447,000.00",9/2025,0,0,11,https://www.udemy.com/course/physics-simplified/
Solve Math Problems With A Computer Using Maple,873060,Chris Levy,"Math, Calculus, Teaching & Academics",Calculus,Intermediate,4 hours,4.6,166,879,"Rp149,000",6/2016,0,0,0,https://www.udemy.com/course/solve-math-problems-with-a-computer-using-maple/
A-Level Maths: Statistics (Year 1 / AS),3340188,"Woody Lewenstein, Mathematics with Woody Online A-Level Maths","Statistics, Math, Teaching & Academics",Calculus,All Levels,9.5 hours,4.8,197,2241,"Rp149,000",12/2024,5,0,5,https://www.udemy.com/course/a-level-statistics-1/
Basics of Numerical Methods for Machine Learning & Engg.,5196270,Sandeep Kumar Mathur,"Math, Teaching & Academics",Calculus,All Levels,7 hours,4.7,10,667,"Rp149,000",1/2026,0,0,0,https://www.udemy.com/course/basic-numerical-methods-numerical-analysis-for-mc-learning/
Mental Math - Best Techniques To Speed Up Your Mathematics,1337316,Ruchi Chhabra,"Mental Math, Vedic Math, Math, Teaching & Academics",Calculus,All Levels,10.5 hours,4.5,583,7752,"Rp149,000",11/2025,2,0,16,https://www.udemy.com/course/best-techniques-to-speed-up-your-mathematics/
ACT Math Test Prep Course Exam Review Made Easy,1216438,Organic Chemistry Tutor,"ACT Prep, Math, Test Taking Skills, Test Prep, Teaching & Academics",Calculus,All Levels,7.5 hours,4.6,88,564,"Rp149,000",5/2017,0,0,0,https://www.udemy.com/course/act-math-test-prep-course-exam-review-made-easy/
Group Theory and Gauge Symmetries in Physics,6845269,Emanuele Pesaresi,"Physics, Math, Teaching & Academics",Calculus,Expert,16.5 hours,5.0,4,95,"Rp149,000",3/2026,0,0,29,https://www.udemy.com/course/group-theory-and-gauge-symmetries-in-physics/
IBEW Aptitude Math Portion Prep Course For All Electrician,6978449,Lonzo Fulwider,"Math, Teaching & Academics",Calculus,All Levels,22.5 hours,4.2,6,39,"Rp159,000",3/2026,0,0,0,https://www.udemy.com/course/ibew-aptitude-math-portion-prep-course-for-all-electrician/
Introduction to Mechanics: Kinematics,4296290,Gina Chou,"Mechanics, Science, Teaching & Academics",Calculus,Beginner,2 hours,4.9,8,6316,"Rp149,000",1/2025,6,0,4,https://www.udemy.com/course/introduction-to-mechanics-kinematics/
CIE International A-Level Maths: Probability & Statistics 2,5713016,Woody Lewenstein,"Probability, Statistics, Math, Teaching & Academics",Calculus,All Levels,6.5 hours,4.6,29,202,"Rp159,000",1/2026,6,0,6,https://www.udemy.com/course/cambridge-international-a-level-maths-probability-and-statistics-2/
Mathematical Finance with Python : Theory and Practice,4642392,Institute of Mathematical Thinking,"Financial Modeling, Financial Derivatives, Machine Learning, Python, Financial Modeling & Analysis",Calculus,All Levels,13 hours,4.1,84,940,"Rp149,000",7/2024,3,0,6,https://www.udemy.com/course/mathematical-finance-with-python/
Mathematics For Machine Learning,6499075,Daniel Yoo,"SciPy, Python, NumPy, IT Certifications, IT & Software",Calculus,Beginner,9 hours,4.5,4,42,"Rp149,000",3/2025,0,0,24,https://www.udemy.com/course/mathematics-for-machine-learning-o/
Mastering Long Division,6498911,Victoria Sethunya,"Math, Teaching & Academics",Calculus,Beginner,1 hour,5.0,1,4,"Rp149,000",3/2025,0,0,1,https://www.udemy.com/course/mastering-long-division/
Real Analysis part 7 Lebesgue Measure & Bounded varia,7024753,Jaswinder Kaur,"Math, Teaching & Academics",Calculus,Intermediate,4 hours,4.5,N/A,1,"Rp149,000",4/2026,0,0,0,https://www.udemy.com/course/functions-of-bounded-variations-real-analysis-part-7/
The Complete AS Level / A Level Pure Math - High School Math,5460714,RL Wong,"GCSE, Math, Calculus, Teaching & Academics",Calculus,Intermediate,24 hours,4.4,6,25,"Rp149,000",8/2024,25,0,0,https://www.udemy.com/course/a-level-pure-math-complete/
Math 0-1: Probability for Data Science & Machine Learning,6110451,"Lazy Programmer Team, Lazy Programmer Inc.","Probability, Data Science, Machine Learning, Statistics, Development",Calculus,All Levels,23.5 hours,4.8,165,3046,"Rp649,000",2/2026,0,0,0,https://www.udemy.com/course/probability-data-science-machine-learning/
CIE International A-Level Further Maths: Further Pure 1,6813525,Woody Lewenstein,"Math, Calculus, Algebra, Teaching & Academics",Calculus,All Levels,15 hours,4.8,10,55,"Rp149,000",10/2025,7,0,7,https://www.udemy.com/course/cambridge-international-a-level-further-maths-further-pure-1/
Class 12 Mathematics Mastery: Complete Revision Course,6789741,Vishwajeet Kumar,"Math, Teaching & Academics",Calculus,All Levels,20.5 hours,3.5,1,10,"Rp149,000",8/2025,0,0,0,https://www.udemy.com/course/class-12-mathematics-mastery-complete-revision-course/
Foundational Mathematics for Actuaries / CFA / FRM,3776388,Michael Jordan,"Math, Teaching & Academics",Calculus,All Levels,2.5 hours,4.6,83,1592,"Rp149,000",7/2021,2,0,0,https://www.udemy.com/course/foundational-math-for-actuaries/
Math in Real Life,1610316,David Britz,"Math, Teaching & Academics",Calculus,Intermediate,5.5 hours,5.0,1,33,"Rp149,000",8/2018,1,0,1,https://www.udemy.com/course/math-in-real-life/
Complete High Speed Vedic Math Course,140210,Gaurav Tekriwal,"Math, Vedic Math, Teaching & Academics",Calculus,All Levels,14.5 hours,4.7,4210,26577,"Rp199,000",8/2020,0,0,61,https://www.udemy.com/course/vedicmaths/
A-Level Maths: Mechanics (Year 2),3761822,"Woody Lewenstein, Mathematics with Woody Online A-Level Maths","Math, Mechanics, Physics, Teaching & Academics",Calculus,All Levels,9 hours,4.8,44,395,"Rp149,000",5/2025,6,0,6,https://www.udemy.com/course/a-level-mechanics-2/
Wolfram Mathematica Masterclass in [2023]: Beginners Guide,5083170,Tayyab Rashid,"Wolfram Mathematica, MATLAB, Programming Languages, Development",Calculus,Beginner,8 hours,3.1,5,910,"Rp149,000",2/2023,0,0,0,https://www.udemy.com/course/wolfram-mathematica-masterclass-in-2023-beginners-guide/
Eleventh grade Mathematics,5964948,Ezzlie Weston,"Math, Online Education, Teaching & Academics",Calculus,Expert,18 hours,4.5,N/A,1,"Rp149,000",7/2024,0,0,0,https://www.udemy.com/course/eleventh-grade-math/
Mathematics for Machine Learning and LLMs,6467247,Michel Janos,"Machine Learning, Other IT & Software, IT & Software",Calculus,Intermediate,15.5 hours,4.1,5,65,"Rp149,000",9/2025,80,0,13,https://www.udemy.com/course/mathematics-for-machine-learning-and-llms/
Maths GCSE Higher Masterclass,4145438,Chris Gilpin,"Math, GCSE, Teaching & Academics",Calculus,Intermediate,14 hours,4.5,93,555,"Rp149,000",2/2023,8,0,8,https://www.udemy.com/course/higher-maths-gcse/
Functional Skills Math Level 2,4215700,Ruchi Chhabra,"Pre-Algebra, Test Prep, Teaching & Academics",Calculus,All Levels,15.5 hours,4.7,146,3584,"Rp149,000",4/2025,5,0,8,https://www.udemy.com/course/functional-skills-math-level-2/
Advanced Number Theory for Math Contests,6235017,Ashish Kashyap,"Number Theory, Math, Teaching & Academics",Calculus,Intermediate,43 hours,5.0,N/A,34,"Rp149,000",1/2026,0,0,0,https://www.udemy.com/course/advanced-number-theory-for-math-contests/
"Algebra for Math Contests (AMC, AIME, IMO)",5914626,Ashish Kashyap,"Algebra, Math, Teaching & Academics",Calculus,All Levels,19.5 hours,5.0,3,92,"Rp149,000",5/2024,0,0,0,https://www.udemy.com/course/algebra-for-math-contests-amc-aime-imo/
Quantum Physics: an overview of a weird world (Basics),88718,Marco Masi,"Quantum Mechanics (physics), Physics, Science, Teaching & Academics",Calculus,Intermediate,16.5 hours,4.7,1852,13429,"Rp149,000",11/2022,0,0,37,https://www.udemy.com/course/quantum-physics/
Math for Electricity and Magnetism,1588194,Mohamed Elboudour Elidrissi,"Math, Electricity, Trigonometry, Calculus, Teaching & Academics",Calculus,Intermediate,10.5 hours,4.3,24,780,"Rp149,000",10/2022,0,0,0,https://www.udemy.com/course/math-for-electricity-and-magnetism/
Advanced Quantum Field Theory: intuition with path integrals,5542734,Emanuele Pesaresi,"Quantum Mechanics (physics), Math, Physics, Science, Teaching & Academics",Calculus,Expert,16 hours,4.6,21,318,"Rp149,000",3/2025,0,0,24,https://www.udemy.com/course/advanced-quantum-field-theory-intuition-with-path-integrals/
Classical Physics: Journey Through the Laws of the Universe,938372,Edward Reilly,"Physics, MATLAB, Math, Science, Teaching & Academics",Calculus,All Levels,20.5 hours,4.6,352,4397,"Rp149,000",3/2022,0,0,13,https://www.udemy.com/course/classical-physics/
Business Mathematics for CA & CMA Foundation Exams (Part 1),2427412,"Raja Natarajan, B.Com., PGDBA, FCA","Certified Management Accountant (CMA), Math, Teaching & Academics",Calculus,Beginner,17.5 hours,4.2,24,250,"Rp149,000",10/2021,1,0,3,https://www.udemy.com/course/business-mathematics-for-ca-cma-foundation-exams-part-1/
Exploring the Elegance of the Legendre Transform,5560722,Ross McGowan,"Math, Teaching & Academics",Calculus,Intermediate,1.5 hours,4.4,7,312,"Rp149,000",9/2023,0,0,0,https://www.udemy.com/course/exploring-the-elegance-of-the-legendre-transform/
Mathematics for Data Science 101,6769853,Haris Jafri,"Data Science, Other IT & Software, IT & Software",Calculus,Beginner,14.5 hours,2.5,1,16,"Rp149,000",1/2026,0,0,0,https://www.udemy.com/course/mathematics-for-data-science-101/
Artificial Intelligence Concepts : Complete Course,5484644,Emiliano Lako,"Machine Learning, Deep Learning, Other IT & Software, IT & Software",Calculus,All Levels,4 hours,4.3,10,62,"Rp149,000",3/2024,0,0,26,https://www.udemy.com/course/heart-of-ai-theoretical-odyssey-on-machine-learning/
IBDP Mathematics AI SL Paper 1 Mock Exam (May 2026),7086443,Asma Iftikhar,"Math, Teaching & Academics",Calculus,All Levels,2.5 hours,5.0,15,135,"Rp149,000",3/2026,0,0,3,https://www.udemy.com/course/ibdp_math_ai_sl_paper1/
CIE International A-Level Further Maths: Further Pure 2,6873865,Woody Lewenstein,"Math, Complex Numbers, Calculus, Differential Equations, Teaching & Academics",Calculus,All Levels,17 hours,4.5,N/A,32,"Rp149,000",10/2025,6,0,6,https://www.udemy.com/course/cambridge-international-a-level-further-maths-further-pure-2/
Mathematical Foundation For Machine Learning and AI,1713894,"Eduonix Learning Solutions, Eduonix-Tech .","Machine Learning, Artificial Intelligence (AI), Python, Data Science, Development",Calculus,All Levels,4.5 hours,4.2,1303,7586,"Rp149,000",12/2018,1,0,6,https://www.udemy.com/course/mathematical-foundation-for-machine-learning-and-ai/
Master Mental Math with Vedic Math: From Beginner to Expert,5319492,Opalyn Desiree Lim,"Vedic Math, Math, Pre-Algebra, Mental Math, Teaching & Academics",Calculus,All Levels,5 hours,4.6,30,1135,"Rp149,000",11/2024,2,0,1,https://www.udemy.com/course/mental-math-master-class-shortcuts-for-mathematics-success/
Maths IGCSE (Cambridge and Edexcel),6394077,One Academy,"Math, Teaching & Academics",Calculus,Beginner,23.5 hours,4.0,N/A,2,"Rp149,000",2/2025,0,0,0,https://www.udemy.com/course/maths-cambridge-igcsse-edexcel/
Vedic Mathematics Course (Beginners to Intermediate Level),1245270,Ruchi Chhabra,"Vedic Math, Math, Mental Math, Teaching & Academics",Calculus,All Levels,11 hours,4.6,467,3542,"Rp149,000",11/2025,0,0,36,https://www.udemy.com/course/vedic-mathematics-course-beginners-to-intermediate-level/
"Physics Ninja: Mastering Impulse, Momentum, and Collisions",2633990,"Eric Meloche, Ph.D.","Physics, Science, Teaching & Academics",Calculus,All Levels,6 hours,4.8,43,369,"Rp149,000",6/2025,0,0,3,https://www.udemy.com/course/physics100momentum/
Speed Math Secrets-Succeed in Competitive Exams(Mental Math),5353284,Ruchi Chhabra,"Quantitative Aptitude Test Prep, Mental Math, Memory & Study Skills, Personal Development",Calculus,Beginner,9.5 hours,4.6,114,769,"Rp149,000",11/2023,1,0,5,https://www.udemy.com/course/speed-math-secretssucceed-in-competitive-examsmental-math/
Fourier Series for Engineers: From Basics to Applications,6480563,Siri Subrahmanyam Vadlamani,"Electrical Engineering, Power Electronics, Engineering, Teaching & Academics",Calculus,All Levels,2.5 hours,4.7,3,13,"Rp149,000",7/2025,0,0,6,https://www.udemy.com/course/peds-fourier-series/
MATLAB for Engineering Students Part 2,1971048,"Cherish Qualls, PhD","MATLAB, Engineering, Teaching & Academics",Calculus,All Levels,10 hours,4.5,183,2138,"Rp149,000",6/2019,0,0,30,https://www.udemy.com/course/matlab-engineering-students-part-2/
IIT~JEE Physics (Introduction to Vectors & Calculus),5618540,Abhishek Kumar,"Physics, Science, Teaching & Academics",Calculus,Beginner,23.5 hours,4.8,N/A,7,"Rp149,000",4/2024,0,0,6,https://www.udemy.com/course/physics-and-mathematics-physics-for-jee-main-advanced/
Laplace Transform for Academician and Engineers.,3334204,Engineering Vidya,"Math, Engineering, Teaching & Academics",Calculus,All Levels,25 hours,4.7,38,262,"Rp149,000",12/2020,0,0,28,https://www.udemy.com/course/laplace-transform-for-academician-and-engineers/
Physics: Concepts of Classical Mechanics,3256394,Prateek Kumar,"Physics, Test Prep, Teaching & Academics",Calculus,All Levels,9.5 hours,3.1,2,10,"Rp149,000",2/2025,0,0,0,https://www.udemy.com/course/concepts-of-classical-mechanics-physics/
Mathematics for AI & ML Developers : The Complete Course,4652922,Eduonix Learning Solutions,"Machine Learning, Artificial Intelligence (AI), Neural Networks, Data Science, Development",Calculus,Beginner,5.5 hours,4.1,34,437,"Rp149,000",4/2022,0,0,6,https://www.udemy.com/course/mathematics-for-ai-ml-developers-the-complete-course/
Ultimate Simple Guide to Rocket Science,1671762,Philip Baldock,"Aerospace Engineering, Science, Teaching & Academics",Calculus,Beginner,5.5 hours,4.6,138,809,"Rp149,000",6/2018,0,0,0,https://www.udemy.com/course/ultimate-simple-guide-to-rocket-science/
"Mastering AP Physics C: Mechanics (2024 - 2025), pt. 1 of 2",3187082,John Pearson,"Physics, Science, Teaching & Academics",Calculus,All Levels,4.5 hours,4.5,44,251,"Rp149,000",8/2024,6,0,17,https://www.udemy.com/course/mastering-ap-physics-c-mechanics-2020-2021-pt-1-of-2/
Statistical Physics: relation to quanta and thermodynamics,3138116,Emanuele Pesaresi,"Math, Physics, Quantum Mechanics (physics), Teaching & Academics",Calculus,All Levels,8 hours,4.7,24,326,"Rp149,000",3/2026,0,0,1,https://www.udemy.com/course/the-mathematical-beauty-that-led-to-quantum-physics/
Introductory Excel for Scientists and Engineers,2550045,Philip Baldock,"Differential Equations, Excel Analytics, Science, Teaching & Academics",Calculus,Intermediate,7 hours,4.5,14,139,"Rp149,000",12/2023,0,0,0,https://www.udemy.com/course/the-complete-introduction-excel-for-science-and-engineering/
Learn Mathematica Now,1333666,Juan Klopper,"Wolfram Mathematica, Code Generation, Programming Languages, Development",Calculus,Beginner,3.5 hours,4.5,150,691,"Rp149,000",3/2022,0,0,15,https://www.udemy.com/course/mathematica/
Introduction to Electrostatics: Electric Force and Field,4918296,Gina Chou,"Electricity, Science, Teaching & Academics",Calculus,Intermediate,3.5 hours,3.6,8,3387,"Rp149,000",1/2025,5,0,8,https://www.udemy.com/course/introduction-to-electrostatics-electric-force-and-field/
"Look Ma, No Calculator! Python, Markdown & Jupyter Notebooks",5870816,Alvar Garcia-Fernandez,"Jupyter Notebook, Markdown, LaTeX, Python, Math",Calculus,Beginner,4 hours,5.0,11,37,"Rp149,000",3/2024,0,0,7,https://www.udemy.com/course/look-ma-no-calculator/
"Physics Ninja: Mastering Work, Energy, and Power",1551424,"Eric Meloche, Ph.D.","Physics, Science, Teaching & Academics",Calculus,All Levels,7 hours,4.8,89,705,"Rp149,000",6/2025,0,0,3,https://www.udemy.com/course/physicsninja_workenergytheorem/
Python - Learn step by step,4451510,Moein Ud Din,"Python, Programming Languages, Development",Calculus,Beginner,20 hours,4.7,33,4060,"Rp149,000",3/2022,44,0,87,https://www.udemy.com/course/learn-python-from-scratch-master-of-python/
Be A Mental Math King in 2026 (Latest Tricks),2768944,Do Mathematics,"Mental Math, Vedic Math, Math, Teaching & Academics",Calculus,All Levels,2.5 hours,4.2,76,5444,"Rp149,000",6/2025,0,0,0,https://www.udemy.com/course/be-a-mental-math-king/
Role of Blockchain in Mathematical Modelling,7061305,Dr. Dipesh,"Engineering, Teaching & Academics",Calculus,Beginner,10 hours,N/A,N/A,1,"Rp149,000",3/2026,1,0,0,https://www.udemy.com/course/role-of-blockchain-in-mathematical-modelling/
Exam-Focused Trigonometry Cambridge GCSE/IGCSE 0580 Extended,6597425,Ruchi Chhabra,"Trigonometry, Math, Pre-Calculus, Teaching & Academics",Calculus,Beginner,7 hours,5.0,7,536,"Rp149,000",12/2025,13,0,11,https://www.udemy.com/course/master-trigonometry-for-cambridge-igcsegcse-0580-extended/
G12 Calculus and Vectors (MCV4U) - Chapter 1,6801875,Gavin Wei,"Calculus, Math, Teaching & Academics",Calculus,Intermediate,3.5 hours,4.8,N/A,N/A,"Rp149,000",10/2025,0,0,5,https://www.udemy.com/course/g12-calculus-and-vectors-mcv4u-ch1/
Linear Algebra Essentials: Matrix Theory with Applications,6645811,Dr. G. Ravi Kiran,"Math, Teaching & Academics",Calculus,Intermediate,11.5 hours,N/A,N/A,2,"Rp149,000",8/2025,0,0,0,https://www.udemy.com/course/linear-algebra-essentials-matrix-theory-with-applications/
Mathematics for Data Science and Machine Learning using R,2361054,"Eduonix Learning Solutions, Eduonix-Tech .","Data Science, R (programming language), Development",Calculus,All Levels,10.5 hours,4.5,122,975,"Rp149,000",7/2019,0,0,4,https://www.udemy.com/course/mathematics-for-data-science-and-machine-learning-using-r/
Logic in Artificial Intelligence,5105312,Nisheeth Joshi,"Logic, Engineering, Teaching & Academics",Calculus,Beginner,4 hours,5.0,3,29,"Rp149,000",2/2023,0,0,6,https://www.udemy.com/course/logic-in-artificial-intelligence/
"Fractions, etc.",1357646,Clayton Kramp,"Math, Teaching & Academics",Calculus,All Levels,1.5 hours,4.7,57,1163,"Rp149,000",2/2018,0,0,68,https://www.udemy.com/course/fractions-etc/
CALCULUS : INTEGRATION MASTERY | FROM ZERO TO HERO,6312951,Arslan Saleem,"Calculus, Math, Teaching & Academics",Calculus,Beginner,2.5 hours,4.4,N/A,3,"Rp149,000",7/2025,0,0,5,https://www.udemy.com/course/calculus-integration-mastery-from-zero-to-hero/
SAT Mathematics,5974986,True IQ Academy for SAT/ACT,"SAT, Math, Teaching & Academics",Calculus,Expert,34 hours,5.0,N/A,7,"Rp149,000",6/2024,0,0,0,https://www.udemy.com/course/sat-mathematics/
Oxford PAT Mathematics course - Focused Exam practice,5548936,Danial Farooq,"Math, Teaching & Academics",Calculus,All Levels,3.5 hours,4.7,N/A,N/A,"Rp399,000",9/2023,0,0,9,https://www.udemy.com/course/oxford-pat-mathematics-course-focused-exam-practice/
Calculus Based Probability,6617425,Elizabeth F Stepp,"Probability, Math, Teaching & Academics",Calculus,Intermediate,4.5 hours,4.8,N/A,3,"Rp149,000",6/2025,0,0,0,https://www.udemy.com/course/calculus-based-probability/
"Binomial, Normal Distribution, Matrices for Data Science",3157052,Sai Acuity Institute of Learning Pvt Ltd Enabling Learning Through Insight!,"Data Science, Other IT & Software, IT & Software",Calculus,Expert,16.5 hours,4.3,86,46450,"Rp149,000",11/2020,0,0,0,https://www.udemy.com/course/the-data-science-course-2020-q2-updated-part-3/
Decimals and Fractions 101,1608430,Scott Grierson,"Math, Teaching & Academics",Calculus,Intermediate,1.5 hours,4.6,69,869,"Rp149,000",2/2019,0,0,8,https://www.udemy.com/course/decimals-and-fractions-101/
Casio Calculator Kinjutsu Masterclass,2371564,Bayaning Inhenyerong Kemikal,"Calculator, Math, Teaching & Academics",Calculus,All Levels,4 hours,4.3,67,287,"Rp149,000",8/2019,0,0,6,https://www.udemy.com/course/casio-calculators-kinjutsu/
Learn Number and Algebra (Part 1) the Singapore Way,4106070,Timothy Gan,"Algebra, Math, Teaching & Academics",Calculus,Beginner,9 hours,4.7,6,48,"Rp149,000",7/2021,0,0,23,https://www.udemy.com/course/number-and-algebra-i-singapore/
Numerical Solution: Ordinary & Partial Differential Equation,2593310,Robert Spall,"Differential Equations, Math, Engineering, Teaching & Academics",Calculus,Intermediate,2 hours,4.4,76,662,"Rp149,000",12/2023,0,0,41,https://www.udemy.com/course/numerical-solution-of-odes-and-pdes/
Learn Basic Mathematical Modeling Essential math skills,6129119,El Yazid Tebbaa,"Critical Thinking, Process Modeling, Math, Teaching & Academics",Calculus,Intermediate,31 mins,3.8,2,24,"Rp149,000",8/2025,16,0,6,https://www.udemy.com/course/learn-basic-mathematical-modeling/
Maths Made Easy for Adult Learners 2,3353644,Val Baker,"Math, Teaching & Academics",Calculus,Beginner,2 hours,5.0,1,5,"Rp149,000",10/2023,0,0,6,https://www.udemy.com/course/maths-made-easy-for-adult-learners-2/
Manim For Beginners: Create Stunning Animations With Code,5735488,Thao Maoh,"Animation, Creative Coding (code art), Other Photography & Video, Photography & Video",Calculus,Beginner,3.5 hours,4.6,96,249,"Rp349,000",1/2025,2,0,0,https://www.udemy.com/course/manim-course-for-beginners/
Number Theory Fundamentals,5767214,Ashish Kashyap,"Number Theory, Math, Teaching & Academics",Calculus,Beginner,8 hours,4.6,8,95,"Rp149,000",2/2024,0,0,0,https://www.udemy.com/course/number-theory-fundamentals/
Agile HR Preparation Practice Exams,6817237,Shadab Pervaiz,"Agile HR, IT Certifications, IT & Software",Calculus,All Levels,N/A,N/A,N/A,1,"Rp149,000",9/2025,0,0,0,https://www.udemy.com/course/agile-hr-preparation-practice-exams/
Learn Manim (Python Library) from Practice (Part 1 of 3),6288885,Xiaoqi Zhao,"Other IT & Software, IT & Software",Calculus,Intermediate,12.5 hours,3.6,8,72,"Rp149,000",2/2026,0,0,0,https://www.udemy.com/course/learn-manim/
Mathematics for Economics - Functions and Derivatives,3229647,Sagar Raut,"Math, Economics, Macroeconomics, Microeconomics, Social Science",Calculus,Beginner,4 hours,4.6,73,345,"Rp149,000",1/2021,0,0,14,https://www.udemy.com/course/mathematics-for-economists-functions-and-derivatives/
Lagrangian Mechanics,930806,Susan Tayfe,"Physics, Mechanics, Math, Science, Teaching & Academics",Calculus,Beginner,2 hours,3.9,20,103,"Rp149,000",11/2025,0,0,4,https://www.udemy.com/course/lagrangian-mechanics/
Surds: The Complete Maths Course with Solved Exam Questions,5142284,Kelvin Nwoha,"Math, Teaching & Academics",Calculus,All Levels,5 hours,5.0,2,7,"Rp149,000",2/2023,0,0,0,https://www.udemy.com/course/surds-the-complete-maths-course-with-solved-exam-questions/
Differentiation intermediate all board,6566563,Lalit kumar,"Hindi Language, Math, Teaching & Academics",Calculus,All Levels,11 hours,4.5,N/A,N/A,"Rp149,000",6/2025,0,0,0,https://www.udemy.com/course/differentiation-intermediate-all-board/
AP Language and Composition Crash Course,3713272,Megan Koon,"English Grammar, English Language, Test Prep, Teaching & Academics",Calculus,All Levels,4.5 hours,4.3,14,127,"Rp149,000",2/2021,0,0,7,https://www.udemy.com/course/ap-language-and-composition-crash-course/
Getting Into Oxbridge Maths,3492606,Maths ForUni,"Math, Teaching & Academics",Calculus,All Levels,9.5 hours,4.8,8,73,"Rp149,000",3/2022,0,0,0,https://www.udemy.com/course/getting-into-oxbridge-maths/
Mathematica 9 for Beginners,111338,Shakil Rafi,"Math, Teaching & Academics",Calculus,Beginner,9 hours,3.0,23,607,"Rp149,000",1/2014,0,0,35,https://www.udemy.com/course/mathematica-9-for-beginners/
IB Mathematics AA HL – Integration (Module 3),7027665,Konstantinos Kokoris,"Math, Teaching & Academics",Calculus,Intermediate,1 hour,5.0,1,1,"Rp149,000",2/2026,2,0,19,https://www.udemy.com/course/ib-mathematics-aa-hl-integration-module-3/
Learn Maths in creative methods.,7041913,Harsha Jagwani,"Math, Teaching & Academics",Calculus,Beginner,1 hour,5.0,N/A,N/A,"Rp149,000",2/2026,0,0,0,https://www.udemy.com/course/mathskids/
A Level Mathematics Masterclass - Maths Exam Revision,6207041,Chris Gilpin,"Math, Teaching & Academics",Calculus,Intermediate,5.5 hours,5.0,1,8,"Rp149,000",1/2025,0,0,0,https://www.udemy.com/course/a-level-maths/
Scalar and vectors (Mathematics),4930076,Tariq Mahmmod Choudhry,"Calculus, Math, Teaching & Academics",Calculus,Beginner,2.5 hours,4.8,N/A,N/A,"Rp169,000",12/2022,0,0,0,https://www.udemy.com/course/scalar-and-vectors/
MATHS,6903911,Rohaan Amir,"Engineering, Teaching & Academics",Calculus,All Levels,N/A,N/A,N/A,N/A,"Rp149,000",11/2025,0,0,0,https://www.udemy.com/course/maths-iw/
Learn Manim (Python Library) from Practice (Part 2 of 3),6331947,Xiaoqi Zhao,"Animation, Python, Other IT & Software, IT & Software",Calculus,Intermediate,10 hours,4.4,N/A,41,"Rp149,000",2/2026,0,0,0,https://www.udemy.com/course/learn-manim-from-practice-part2/
Basic Trigonometry Proofs,4174768,Ian Gerber,"Trigonometry, Math, Teaching & Academics",Calculus,Intermediate,1 hour,4.8,N/A,N/A,"Rp149,000",7/2021,0,0,0,https://www.udemy.com/course/basic-trigonometry-proofs/
Prep for GRE® Subject Math Exam-Module8:Advanced Methods,563188,Gilad Pagi,"Math, Calculus, GRE, Test Prep, Teaching & Academics",Calculus,Expert,1 hour,4.8,25,397,"Rp279,000",1/2020,1,0,2,https://www.udemy.com/course/gre-subject-math-advanced/
Fundamentals of Commercial Arithmetic,2800052,Sravani Adiraju,"Math, Teaching & Academics",Calculus,All Levels,7.5 hours,4.6,6,51,"Rp149,000",5/2020,24,0,24,https://www.udemy.com/course/fundamentals-of-commercial-arithmetic/
Mathematics Masterclass - The Ultimate GCSE Maths Revision,6206949,Chris Gilpin,"GCSE, Math, Teaching & Academics",Calculus,Beginner,5 hours,4.8,N/A,6,"Rp149,000",1/2025,0,0,0,https://www.udemy.com/course/maths-masterclass/
"Linear Algebra for Programmers, Vectors to SVD (Python & C#)",6850609,Sjaak Verwaaijen,"Linear Algebra, Other IT & Software, IT & Software",Calculus,Beginner,7 hours,4.7,N/A,N/A,"Rp149,000",4/2026,0,24,13,https://www.udemy.com/course/math-for-programmers-linear-algebra/
Functions and Graphs for High School Maths (Grades 11–12),6303277,Levy Nyamariwata,"Math, Teaching & Academics",Calculus,All Levels,14 hours,5.0,N/A,N/A,"Rp149,000",5/2025,0,0,8,https://www.udemy.com/course/functions-and-graphs-mastering-concepts-and-applications/
Quantitative Finance & Algorithmic Trading Interview Q&S,7052783,"PRAVASINI MALLIK, Jangansenibiswal, Kabi Mishra","Other IT & Software, IT & Software",Calculus,All Levels,N/A,N/A,N/A,159,"Rp149,000",2/2026,0,0,0,https://www.udemy.com/course/quantitative-finance-algorithmic-trading-interview-qs/
All About Limits!,4700150,MathAngel369 .,"Calculus, Other Teaching & Academics, Teaching & Academics",Calculus,All Levels,2.5 hours,4.8,.,211,"Rp149,000",5/2025,9,0,9,https://www.udemy.com/course/all-about-limits/
FUNDAMENTAL TO A-LEVEL MATHEMATICS,5912288,Matthew David Telzing,"Math, Teaching & Academics",Calculus,Beginner,3 hours,N/A,N/A,N/A,"Rp149,000",5/2024,0,0,7,https://www.udemy.com/course/genesis-of-becoming-a-pro-in-mathematics/
Speed Up Your Math calculations,1892920,Balwinder singh,"Vedic Math, Mental Math, Math, Teaching & Academics",Calculus,Beginner,2 hours,4.3,5,13,"Rp149,000",12/2025,0,0,2,https://www.udemy.com/course/master-the-skills-of-vedic-mathematics/
Mastering Challenging Integrals – MIT Level Problems,5159546,Math tuts,"Calculus, Math, Teaching & Academics",Calculus,All Levels,4.5 hours,4.8,N/A,2,"Rp149,000",8/2025,0,0,1,https://www.udemy.com/course/mastering-challenging-integrals-mit-level-problems/
Learning math with Mr. Kevin: pre-algebra,6269135,Kevin Murrell,"Pre-Algebra, Math, Teaching & Academics",Calculus,All Levels,2.5 hours,4.5,N/A,3,"Rp467,000.00",2/2025,0,0,0,https://www.udemy.com/course/learning-math-with-mr-kevin-pre-algebra/
Singapore Math GCE O Level Additional Math: Complete Course,5808448,RL Wong,"GCSE, Pre-Calculus, Math, Teaching & Academics",Calculus,Intermediate,14 hours,4.8,10,43,"Rp149,000",3/2026,6,0,0,https://www.udemy.com/course/singapore-math-gce-o-level-additional-math-complete-course/
Limits in Mathematics,4507272,Alison A,"Math, Teaching & Academics",Calculus,Beginner,33 mins,4.5,N/A,5,"Rp149,000",1/2022,0,0,0,https://www.udemy.com/course/limits-in-mathematics/
Introduction to Number theory,4339044,Manish Gupta,"Number Theory, Math, Teaching & Academics",Calculus,Intermediate,5 hours,4.8,17,264,"Rp149,000",10/2021,0,0,8,https://www.udemy.com/course/introduction-to-number-theory/
Singapore Math: H1 A Level Mathematics -Complete Pure Math,6568191,RL Wong,"GCSE, Calculus, Math, Teaching & Academics",Calculus,Intermediate,6 hours,5.0,1,9,"Rp149,000",9/2025,11,0,0,https://www.udemy.com/course/singapore-math-h1-a-level-mathematics-complete-pure-math/
Derivatives in Mathematics,4551112,Alison A,"Math, Teaching & Academics",Calculus,Beginner,2.5 hours,4.5,1,27,"Rp149,000",1/2023,0,0,0,https://www.udemy.com/course/derivatives-in-mathematics/
KS3 Maths : Number Foundations and Core Skills,6991499,Mohamed Alkharsan,"Mental Math, Math, Teaching & Academics",Calculus,All Levels,42 mins,4.8,N/A,N/A,Free,1/2026,0,0,6,https://www.udemy.com/course/ks3-maths-number-foundations-core-skills/
Master Differential Equations with Baby Steps!,6989529,Asım Yel,"Differential Equations, Math, Teaching & Academics",Calculus,Beginner,7.5 hours,4.8,N/A,N/A,"Rp457,000.00",3/2026,0,0,0,https://www.udemy.com/course/master-differential-equations-with-baby-steps/
Class 10 Maths Mastery: Complete Revision Course,6788263,Vishwajeet Kumar,"Math, Teaching & Academics",Calculus,All Levels,13 hours,4.5,N/A,N/A,"Rp149,000",10/2025,0,0,0,https://www.udemy.com/course/cbse-class-10-maths-mastery-complete-revision-course/
Introductory Algebra 2 - Solving Equations,6424605,Dericka Ebanks,"Math, Teaching & Academics",Calculus,Beginner,1 hour,N/A,N/A,N/A,"Rp149,000",1/2025,0,0,5,https://www.udemy.com/course/introductory-algebra-2-solving-equations/
Nova's SAT Math Prep Course,1296616,Jeff Kolby,"SAT, Test Prep, Teaching & Academics",Calculus,All Levels,6.5 hours,4.3,58,881,"Rp159,000",4/2020,135,0,0,https://www.udemy.com/course/novas-sat-math-prep-course/
Algebra,6511853,Lahiru kavinda,"Math, Teaching & Academics",Calculus,All Levels,N/A,4.5,N/A,N/A,"Rp169,000",3/2025,0,0,0,https://www.udemy.com/course/algebra-k/
Intermediate Physics,6726541,Mingfei Ye,"Physics, Energy, Mechanics, Test Prep, Teaching & Academics",Calculus,Intermediate,5.5 hours,5.0,2,115,"Rp149,000",2/2026,0,0,0,https://www.udemy.com/course/intermediate-physics/
Integrals in Mathematics,4556628,Alison A,"Math, Teaching & Academics",Calculus,Beginner,3 hours,4.5,N/A,21,"Rp149,000",1/2023,0,0,0,https://www.udemy.com/course/integrals-in-mathematics/
Master Your Casio Classwiz,1343342,Steven Gardiner,"Calculator, Calculus, Trigonometry, Teacher Training, Teaching & Academics",Calculus,Intermediate,6.5 hours,4.5,30,146,"Rp149,000",7/2021,7,0,6,https://www.udemy.com/course/masteryourcasioclasswiz-a/
Math Made Easy: Fundamental Math Skills for Students,962194,"Nashad Najimudeen, Rushda Halith","Math, Teaching & Academics",Calculus,All Levels,8.5 hours,4.3,71,302,"Rp149,000",7/2021,0,0,6,https://www.udemy.com/course/math-made-easy/
IB Mathematics AA HL – Probability & Discrete Math (Mod. 8),7056267,Konstantinos Kokoris,"Math, Teaching & Academics",Calculus,Intermediate,44 mins,N/A,N/A,N/A,"Rp149,000",2/2026,1,0,12,https://www.udemy.com/course/ib-mathematics-aa-hl-probability-discrete-math-mod-8/
Mathematics - Geometry,3469250,Zohra A,"Geometry, Math, Teaching & Academics",Calculus,Beginner,1 hour,4.0,N/A,N/A,"Rp1,597,000.00",9/2020,0,0,10,https://www.udemy.com/course/mathematics-geometry/
Beta Function from Reduction Formulae (Mathematics),6291507,Dr Amit Chandrashekhar Dabhole,"Math, Teaching & Academics",Calculus,Intermediate,1 hour,4.5,1,1,"Rp149,000",11/2024,0,0,0,https://www.udemy.com/course/beta-function-from-reduction-formulae-mathematics/
Pass the Math T.A.B.E. (Test of Adult Basic Education),4871386,Mark Casavantes,"Math, Teaching & Academics",Calculus,Intermediate,5 hours,4.5,7,32,"Rp149,000",11/2022,0,0,2,https://www.udemy.com/course/pass-the-math-tabe-test-of-adult-basic-education/
Everything You Need to Know for the SAT Math Section,3428718,Robert Hubbard,"SAT, Math, Test Prep, Teaching & Academics",Calculus,All Levels,13.5 hours,4.3,11,61,"Rp149,000",2/2026,0,0,44,https://www.udemy.com/course/everything-you-need-to-know-for-the-sat-math-sections/
"Learn Binomial Theorem, Permutations & Combinations -Algebra",6362695,Jasjit Singh,"Algebra, Math, Teaching & Academics",Calculus,All Levels,8.5 hours,4.8,N/A,N/A,"Rp149,000",1/2025,0,0,0,https://www.udemy.com/course/learn-binomial-theorem-permutations-combinations-algebra/
Physics Made Simple: Understand Vectors Step by Step,6926081,setare shakoury,"Science, Teaching & Academics",Calculus,All Levels,44 mins,N/A,N/A,N/A,"Rp149,000",11/2025,2,0,1,https://www.udemy.com/course/physics-made-simple-understand-vectors-step-by-step/
Complex Numbers - The Beginning!!,3146964,Karan Tewani,"Complex Numbers, Science, Teaching & Academics",Calculus,Beginner,2.5 hours,4.5,N/A,N/A,"Rp149,000",6/2020,3,0,0,https://www.udemy.com/course/complex-numbers-basics/
Algebra - Division Without Dividing - Vedic Math Shortcuts,1691888,Rajinder Goswami,"Algebra, Vedic Math, Math, Teaching & Academics",Calculus,Intermediate,43 mins,4.6,21,808,"Rp149,000",7/2018,0,0,0,https://www.udemy.com/course/algebra-division-vedic-mathswithout-doing-actual-division/
CBSE Class 4 Mathematics: Factors & Multiples,6909927,Shiya J,"Math, Teaching & Academics",Calculus,All Levels,1 hour,N/A,N/A,N/A,"Rp149,000",11/2025,0,0,0,https://www.udemy.com/course/cbse-class-4-mathematics-factors-multiples/
Complete Additional Mathematics (4037) Refresher:,6626981,Tariq Mahmmod Choudhry,"Math, Teaching & Academics",Calculus,Intermediate,2.5 hours,N/A,N/A,N/A,"Rp149,000",7/2025,0,0,1,https://www.udemy.com/course/complete-o-level-additional-mathematics-4037-refresher/
Learn Alegbra From Scratch,3841330,Pinki Rani,"Algebra, Math, Teaching & Academics",Calculus,All Levels,4 hours,4.8,N/A,2,"Rp149,000",2/2021,0,0,96,https://www.udemy.com/course/learn-alegbra-from-scratch/
Solve within seconds- tricks from Mental Math & Vedic Math,6288663,Priya Vaishampayan,"Math, Teaching & Academics",Calculus,All Levels,6.5 hours,4.4,12,25,"Rp149,000",5/2025,0,0,0,https://www.udemy.com/course/solve-within-seconds-tricks-from-mental-math-vedic-math/
Microsoft Certified: Azure AI Fundamentals Exam Questions,7077463,CertCraft Institute,"IT Certifications, IT & Software",Calculus,Beginner,N/A,N/A,N/A,N/A,"Rp149,000",3/2026,0,0,0,https://www.udemy.com/course/microsoft-certified-azure-ai-fundamentals-exam-questions/
Master the Act of Acing College SAT Mathematics | Score 800,6001008,Solve Educare,"SAT, Geometry, Math, Algebra, Test Prep",Calculus,All Levels,21.5 hours,4.8,6,24,"Rp149,000",1/2025,0,0,0,https://www.udemy.com/course/conquer-sat-math-step-by-step-solutions-and-practice-tricks/
"Stochastic Processes, Markov Chains and Markov Jumps",2901328,Michael Jordan,"Actuarial Science, Finance Cert & Exam Prep, Finance & Accounting",Calculus,Intermediate,3 hours,4.0,233,2129,"Rp149,000",3/2020,0,0,0,https://www.udemy.com/course/stochastic-processes-and-markov-chains/
Business Mathematics #1,1539486,"Oksana Zhebel, PhD","Math, Business Analytics & Intelligence, Business",Calculus,Beginner,2 hours,4.2,29,110,"Rp149,000",2/2018,0,0,0,https://www.udemy.com/course/bus-maths/
Maths the Wacky Way,351336,Claire Gallagher,"Math, Algebra, Teaching & Academics",Calculus,Intermediate,2.5 hours,4.7,92,718,N/A,2/2015,0,0,0,https://www.udemy.com/course/maths-the-wacky-way/
Design with Operation of Modern Computer Systems,6944461,Malathy Vanniappan,"Embedded Systems, Internet of Things (IoT), Engineering, Teaching & Academics",Calculus,Intermediate,11 hours,4.6,N/A,N/A,"Rp149,000",11/2025,0,0,0,https://www.udemy.com/course/design-with-operation-of-modern-computer-systems/
"GCSE Maths: Expand Single, Double and Triple Brackets",6190069,Tresza .,"Algebra, Math, Teaching & Academics",Calculus,All Levels,31 mins,5.0,1,313,"Rp149,000",9/2024,1,0,0,https://www.udemy.com/course/gcse-maths-expand-single-double-and-triple-brackets/
Fractions Made Simple,1482928,Matheaze Tutors,"Math, Teaching & Academics",Calculus,Beginner,3 hours,4.5,N/A,N/A,"Rp149,000",12/2017,0,0,1,https://www.udemy.com/course/fractions-made-simple/
Core Numbers in Maths - From Basics to Mastery,6970493,Tresza .,"Math, Teaching & Academics",Calculus,All Levels,3 hours,4.5,.,N/A,"Rp149,000",1/2026,0,0,0,https://www.udemy.com/course/core-numbers-in-maths-from-basics-to-mastery/
Mastering Algebraic Equations,6503231,Victoria Sethunya,"Math, Teaching & Academics",Calculus,All Levels,1 hour,4.5,N/A,N/A,"Rp149,000",4/2025,0,0,0,https://www.udemy.com/course/mastering-algebraic-equations/
"GCSE Maths: BIDMAS Fractions, Rounding and Bounds",6144933,Tresza .,"GCSE, Math, Teaching & Academics",Calculus,All Levels,1.5 hours,4.8,3,344,"Rp149,000",8/2024,1,0,0,https://www.udemy.com/course/gcse-maths-bidmas-fractions-rounding-and-bounds/
MATH Application-1 For Fundamentals of Engineering Exam.,1362500,Maged M Kamel,"Math, Trigonometry, Teaching & Academics",Calculus,Intermediate,3.5 hours,4.5,N/A,30,"Rp149,000",2/2025,0,0,9,https://www.udemy.com/course/math-for-fe-exam-part-1/
Math in quick way - to solve bar graph in mathematics,3704590,Jyoti Verma,"Math, Teaching & Academics",Calculus,Beginner,1 hour,4.5,N/A,N/A,"Rp149,000",12/2020,0,0,0,https://www.udemy.com/course/mathematics-r/
"Number System: Real Numbers, Indices, Surds.",5762380,Nabanita Mukherjee,"Math, Teaching & Academics",Calculus,All Levels,8 hours,4.3,2,5,"Rp149,000",1/2024,0,0,38,https://www.udemy.com/course/number-system-real-numbers-indices-surds/
Grade 9 Mathematics: Counting numbers to equations,1631336,Lamprecht@Lotter Lötter,"Math, Algebra, Probability, Teaching & Academics",Calculus,All Levels,5 hours,4.0,24,93,"Rp149,000",7/2022,0,0,0,https://www.udemy.com/course/grade-9-mathematics/
Fourier Series Derivation and Examples,6648423,Melih D.,"Math, Teaching & Academics",Calculus,Intermediate,3.5 hours,N/A,.,2,N/A,6/2025,0,0,0,https://www.udemy.com/course/fourier-series-derivation-and-examples/
"Faster than Calculator, Speed Math Techniques & Mental Math",1542702,Rajinder Goswami,"Math, Teaching & Academics",Calculus,All Levels,4.5 hours,4.4,580,8392,"Rp149,000",9/2022,0,0,0,https://www.udemy.com/course/faster-than-calculator-super-speed-your-math/
Math with Stories,3402678,Parul Saran,"Math, Teaching & Academics",Calculus,Beginner,1.5 hours,4.6,41,203,"Rp149,000",4/2025,0,0,0,https://www.udemy.com/course/math-with-stories/
GMAT Number Theory for Rookies,5305006,Gustavo Luyo,"GMAT, Test Prep, Teaching & Academics",Calculus,Beginner,1.5 hours,4.9,N/A,446,"Rp149,000",6/2023,0,0,9,https://www.udemy.com/course/number-theory-for-gmat-rookies/
Around the World Math and Literacy Fun for Kids,385870,Tonya Crowley,"Math, Teaching & Academics",Calculus,Beginner,1 hour,4.5,21,90,"Rp149,000",4/2015,0,0,11,https://www.udemy.com/course/udemy-kids-around-the-world-math-and-literacy-fun/
Learn Grade 12 Mathematics Now (Part 2),5042112,Sudesh Panday,"Math, Teaching & Academics",Calculus,Intermediate,1.5 hours,4.5,N/A,N/A,"Rp149,000",1/2023,0,0,0,https://www.udemy.com/course/learn-grade-12-mathematics-now-part-ii/
IB Mathematics AA HL – Core Foundations (Module 1),7019997,Konstantinos Kokoris,"Math, Teaching & Academics",Calculus,Intermediate,31 mins,4.5,N/A,N/A,"Rp169,000",4/2026,2,0,2,https://www.udemy.com/course/ib-mathematics-aa-hl-core-foundations-module-1/
Intro to Trigonometry: Learn the Basics Step by Step,6569289,Sowmya Manjunath,"Trigonometry, Math, Teaching & Academics",Calculus,All Levels,44 mins,4.8,N/A,N/A,"Rp149,000",7/2025,0,0,0,https://www.udemy.com/course/intro-to-trigonometry-learn-the-basics-step-by-step/
"GCSE Maths: Factorising Quadratics, Rearranging Formulas",6215895,Tresza .,"Algebra, Math, Teaching & Academics",Calculus,All Levels,36 mins,5.0,1,344,"Rp149,000",10/2024,1,0,0,https://www.udemy.com/course/gcse-maths-factorising-quadratics-rearranging-formulas/
GMAT Number Theory in Action,5402300,Gustavo Luyo,"GMAT, Test Prep, Teaching & Academics",Calculus,Beginner,1 hour,5.0,N/A,171,"Rp149,000",6/2023,2,0,0,https://www.udemy.com/course/gmat-number-theory-in-action/
ManimGL: Mathematics Animation Library,4203700,Syed-Mohammad Raza,"Python, Other IT & Software, IT & Software",Calculus,All Levels,7 hours,4.1,38,415,"Rp149,000",8/2021,1,0,58,https://www.udemy.com/course/manim-gl/
Practical Linear Algebra,4710254,Avinash Sivasubramanian,"Linear Algebra, Engineering, Teaching & Academics",Calculus,All Levels,5.5 hours,4.7,N/A,N/A,"Rp149,000",6/2022,0,0,0,https://www.udemy.com/course/practical-linear-algebra/
Polynomial Functions And Equations (Course Two).,6993111,Nwaorah Lawrence Anachuna,"Math, Teaching & Academics",Calculus,All Levels,8 hours,4.7,11,1021,"Rp149,000",1/2026,0,0,0,https://www.udemy.com/course/performing-operations-on-polynomial-functions-and-equations-course-two/
Fourier series-Mathematics,6460267,Dr Amit Chandrashekhar Dabhole,"Math, Teaching & Academics",Calculus,Intermediate,4.5 hours,5.0,1,2,"Rp149,000",2/2025,0,0,0,https://www.udemy.com/course/fourier-series-mathematics/
A beginner's guide to Mensuration,3980780,Ifrah Khalid,"Geometry, Math, Teaching & Academics",Calculus,Expert,34 mins,5.0,1,1,"Rp149,000",4/2021,0,0,0,https://www.udemy.com/course/a-beginners-guide-to-mensuration/
Become A Master of Mensuration - Areas related to Circles,4961590,Lakshmi Narayana,"Math, Teaching & Academics",Calculus,All Levels,8 hours,4.5,N/A,3,"Rp169,000",11/2022,0,0,0,https://www.udemy.com/course/become-a-master-of-mensuration-areas-related-to-circles/
Simply Mathematics: Introduction to GCSE Maths,3350178,Kinshuk Singh,"GCSE, Math, Teaching & Academics",Calculus,Beginner,2 hours,4.6,17,1611,"Rp149,000",1/2025,0,0,2,https://www.udemy.com/course/simply-mathematics/
Differential Equations for Engineers,6267429,TechSchool Institute,"Differential Equations, Math, Teaching & Academics",Calculus,All Levels,13 hours,4.4,N/A,1,"Rp447,000.00",2/2026,8,0,0,https://www.udemy.com/course/differential-equations-for-engineers-y/
IB Mathematics AA HL – Vectors (Module 7),7039495,Konstantinos Kokoris,"Math, Teaching & Academics",Calculus,Intermediate,37 mins,N/A,N/A,N/A,"Rp149,000",2/2026,2,0,11,https://www.udemy.com/course/ib-mathematics-aa-hl-vectors-module-7/
Introduction to Functional Analysis: Metric Space,2451512,AD Chauhdry,"Math, Teaching & Academics",Calculus,All Levels,10.5 hours,4.2,33,222,"Rp149,000",8/2021,0,0,0,https://www.udemy.com/course/functional-analysis-a-crash-course-in-metric-space/
"Math Fractions - add, subtract, multiply, divide fractions",442672,Simon Deacon,"Math, Teaching & Academics",Calculus,All Levels,1.5 hours,4.4,64,521,"Rp149,000",9/2015,0,0,0,https://www.udemy.com/course/how-you-can-be-good-at-maths-and-great-at-fractions/
How to Master SHSAT Math,1605518,Scott Grierson,"Test Taking Skills, Math, Test Prep, Teaching & Academics",Calculus,Intermediate,2.5 hours,4.4,115,290,"Rp149,000",12/2021,0,0,2,https://www.udemy.com/course/how-to-master-shsat-math/
Mathematics for High School Physics,1831092,Edouard Reny,"Math, Trigonometry, Physics, Algebra, Teaching & Academics",Calculus,All Levels,3 hours,4.7,55,373,"Rp149,000",8/2018,0,0,21,https://www.udemy.com/course/mathematics-for-high-school-physics/
Differential Equations in Mathematics,4660598,Alison A,"Differential Equations, Math, Teaching & Academics",Calculus,Beginner,3 hours,4.5,N/A,2,"Rp149,000",1/2023,0,0,0,https://www.udemy.com/course/differential-equations-in-mathematics/
Learn and become master in Advance Mathematics,3074672,Edu Mark,"Math, Discrete Math, Teaching & Academics",Calculus,All Levels,4 hours,4.6,3,513,"Rp149,000",2/2021,0,0,0,https://www.udemy.com/course/advance-mathematics-with-edumark/
Exploring the Real Number System,4924790,Lakshmi Narayana,"Math, Teaching & Academics",Calculus,All Levels,8 hours,3.0,1,3,"Rp169,000",6/2023,0,0,0,https://www.udemy.com/course/real-numbers-improve-your-math-skills-and-get-a-high-score/
Mathematical Micro Economics,6255191,Sheesh kumar Thakur,"Social Science, Teaching & Academics",Calculus,Intermediate,4.5 hours,2.5,1,5,"Rp149,000",4/2025,1,0,1,https://www.udemy.com/course/mathematical-micro-economics/
Master your Excel Learning: All the key functions explained,6898459,Master Learning Ltd,"Microsoft Excel, Microsoft, Office Productivity",Calculus,All Levels,4.5 hours,4.7,N/A,1,"Rp149,000",11/2025,0,0,27,https://www.udemy.com/course/master-your-excel-learning-all-the-key-functions-explained/
GCSE Maths Revision Higher Tier (Geometry),4616200,Peter Hugh,"Geometry, Math, Teaching & Academics",Calculus,Intermediate,6 hours,3.9,4,36,"Rp149,000",6/2024,0,0,11,https://www.udemy.com/course/gcse-maths-revision-higher-tier-2023-geometry/
"AP Statistics, DSST, College Stats & Probability 2026",406814,COURSE ENVY,"Statistics, Probability, Math, Teaching & Academics",Calculus,All Levels,3 hours,4.2,54,2662,"Rp149,000",1/2026,1,0,7,https://www.udemy.com/course/how-to-pass-ap-statistics-college-statistics-probability/
Maths for Design Optimisation: Gradient-Based Methods,6967491,Joy Au | Founder of OptimiSE Academy,"Optimization Problem, Data Science, Math, Aerospace Engineering, Industry",Calculus,All Levels,4 hours,5.0,N/A,N/A,"Rp1,799,000",3/2026,2,0,1,https://www.udemy.com/course/maths-for-design-optimisation-gradient-based-methods/
CONFORMAL MAPPING 2 (Some Special Bilinear Transformations),5536460,Jaswinder Kaur,"Math, Teaching & Academics",Calculus,Intermediate,3.5 hours,4.6,N/A,14,"Rp149,000",5/2025,0,0,0,https://www.udemy.com/course/conformal-mapping-2-some-special-bilinear-transformations/
Introduction to AI - Machine Learning and Deep Learning,6156753,Varad V,"Machine Learning, Artificial Intelligence (AI), Data Science, Deep Learning, Other IT & Software",Calculus,Beginner,4 hours,4.6,10,1134,"Rp149,000",9/2024,0,0,2,https://www.udemy.com/course/introduction-to-ai-machine-learning-and-deep-learning/
How to Install Pantry Wired Shelving Made Easy,7017799,VideoJoe Knows,"Home Improvement & Gardening, Lifestyle",Calculus,Beginner,1.5 hours,N/A,N/A,1,"Rp149,000",1/2026,0,0,0,https://www.udemy.com/course/how-to-install-pantry-wired-shelving-made-easy/
Business Math with Excel,6265001,"Eduardo Aponte, PhD, Finnse Academy","Finance Fundamentals, Business Fundamentals, Statistics, Finance, Finance & Accounting",Calculus,All Levels,2.5 hours,4.4,220,1813,"Rp149,000",11/2025,0,0,8,https://www.udemy.com/course/business-math-with-excel/
Basic Mathematics,5147458,Mahdi Ghelichkhani,"Algebra, Linear Equation, Complex Numbers, Math, Teaching & Academics",Calculus,All Levels,1.5 hours,4.5,1,1,"Rp149,000",3/2023,0,0,0,https://www.udemy.com/course/master-the-fundamentals-of-mathematics-and-computations/
Advanced Programming Practices-Python,6464537,"Dr. Vidhya S, Dr. Geetha R","Python, Engineering, Teaching & Academics",Calculus,Beginner,5.5 hours,4.4,16,570,"Rp149,000",6/2025,0,0,0,https://www.udemy.com/course/advanced-programming-practices-python/
Vedic Mathematics - The Complete Guide,934822,Pannaga Kasbe,"Vedic Math, Math, Teaching & Academics",Calculus,All Levels,7.5 hours,4.1,163,925,"Rp149,000",10/2018,1,0,12,https://www.udemy.com/course/vedic-mathematics-the-complete-guide/
Learn how to take SAT exam Math effectively,6936755,Balwinder singh,"Test Taking Skills, College Admissions, SAT, Math, Teaching & Academics",Calculus,Beginner,1 hour,4.8,N/A,1,"Rp149,000",11/2025,14,0,10,https://www.udemy.com/course/satmath750accelerator/
Start Making Money! Master Sales,5674888,Miran Kamil,"Sales Skills, Sales Management, Sales, Business",Calculus,All Levels,42 mins,4.6,N/A,N/A,"Rp149,000",12/2023,0,0,0,https://www.udemy.com/course/startmakingmoney/
Vectors in Physics ( IB Physics 1.3 ),4736182,Mikhail Smirnov,"Physics, Science, Teaching & Academics",Calculus,Intermediate,29 mins,4.6,15,1083,"Rp149,000",6/2022,0,0,0,https://www.udemy.com/course/vectors-in-physics/
COMPLETE VEDIC MATHS & MENTAL MATHS MADE EASY FOR ALL,3400466,Renu Shashi,"Math, Teaching & Academics",Calculus,Intermediate,3.5 hours,4.6,147,4395,"Rp149,000",11/2020,0,0,0,https://www.udemy.com/course/complete-vedic-mathematics-for-beginners/
Probability and Statistics Preparation Practice Exams,6988887,Practice Tests Range,"IT Certifications, IT & Software",Calculus,All Levels,N/A,N/A,N/A,N/A,"Rp149,000",12/2025,0,0,0,https://www.udemy.com/course/probability-and-statistics-preparation-practice-exams/
Grade 10 Advanced Maths - Revision Taster Course,4840242,Hidden Gems,"Math, Teaching & Academics",Calculus,All Levels,2 hours,4.4,4,533,"Rp149,000",11/2022,0,0,0,https://www.udemy.com/course/grade-10-advanced-maths-the-revision-course-uaek-12sg/
7 Day SHE Awakening® Juice Fast Reset,6627627,Kelisha Taylor,"Nutrition, Nutrition & Diet, Health & Fitness",Calculus,Beginner,1.5 hours,4.5,N/A,N/A,"Rp349,000",5/2025,4,0,4,https://www.udemy.com/course/7-day-she-awakening-reset/
How to be an expert in Geometry - Part 2,3009242,Eslam Youssif,"Geometry, Math, SAT, Teaching & Academics",Calculus,All Levels,2 hours,4.7,N/A,N/A,"Rp149,000",4/2020,0,0,0,https://www.udemy.com/course/how-to-be-an-expert-in-geometry-part2/
Data Science Course,5325848,Fanuel Mapuwei,"Data Science, Data Analysis, Exploratory Data Analysis, Other IT & Software, IT & Software",Calculus,Beginner,2 hours,4.5,6,55,"Rp149,000",8/2024,1,0,4,https://www.udemy.com/course/data-science-course/
MATLAB Practice Test for Beginners,6870553,Learn mathematics,"MATLAB, IT Certifications, IT & Software",Calculus,Beginner,N/A,4.6,N/A,N/A,"Rp149,000",10/2025,0,0,0,https://www.udemy.com/course/matlab-software-practice-exam/
DOST SEI Full Reviewer | Review Central,6921785,Reggie Saculles,"Other Teaching & Academics, Teaching & Academics",Calculus,All Levels,N/A,N/A,N/A,1,"Rp149,000",11/2025,0,0,0,https://www.udemy.com/course/dost-sei-full-practice-test-reviewer-review-central/
Stochastic Finance with Python,6135441,Avishek Nag,"Monte Carlo Simulation, Statistics, Financial Modeling & Analysis, Finance & Accounting",Calculus,Expert,2.5 hours,3.6,3,29,"Rp149,000",4/2025,0,0,0,https://www.udemy.com/course/stochastic-finance-with-python/
Quadratic Equations for IIT JEE Mathematics,6020398,Jaswinder Kaur,"Math, Teaching & Academics",Calculus,Intermediate,6.5 hours,4.5,N/A,3,"Rp149,000",12/2025,0,0,0,https://www.udemy.com/course/theory-of-equations/
Basic Mathematics,4274290,Abo Aondofa Ephraim,"Math, Teaching & Academics",Calculus,Intermediate,2 hours,4.5,N/A,3,"Rp149,000",9/2023,35,0,6,https://www.udemy.com/course/basic-mathematics-m/
How to Get Good Grades in Maths & Become Good Mathematician,3604216,Jewaria Tanweir,"Math, Teaching & Academics",Calculus,All Levels,1 hour,4.3,2,7,"Rp149,000",8/2021,3,0,0,https://www.udemy.com/course/how-to-get-good-grades-in-maths-become-good-mathematician/
Capital Campaign Fundraising for Nonprofits: Beginners Guide,7022959,Hibox for Nonprofits,"Fundraising, Capital Budgeting, Sales, Business",Calculus,Intermediate,1 hour,4.7,N/A,N/A,"Rp149,000",1/2026,0,0,0,https://www.udemy.com/course/capital-campaign-fundraising-for-nonprofits-beginners-guide/
Learn to Play Minuet in G Major on the Piano,4674020,Steve Warner,"Piano, Music Techniques, Music",Calculus,Beginner,1 hour,5.0,1,12,"Rp149,000",5/2022,0,0,0,https://www.udemy.com/course/minuet-in-g-major/
Desmos Fundamentals,4779456,Olivier Chabot,"Data Visualization, Statistics, Data Science, Development",Calculus,All Levels,43 mins,4.2,7,47,"Rp149,000",7/2022,0,0,0,https://www.udemy.com/course/desmos-fundamentals/
Appreciating Ideas In Math And Physics,797092,T O,"Math, Physics, Science, Teaching & Academics",Calculus,Beginner,2.5 hours,4.1,6,700,"Rp149,000",11/2016,0,0,0,https://www.udemy.com/course/explorephysics/
Basic Math Mastery,4846586,Moses Obasola,"Math, Algebra, Pre-Algebra, Teaching & Academics",Calculus,Beginner,5 hours,4.5,N/A,1,"Rp149,000",7/2025,39,0,11,https://www.udemy.com/course/basic-math-mastery/
Writing a Resume - Resume Workshop,4923752,Taylor Berger-Knorr,"Resume and CV Writing, Career Development, Personal Development",Calculus,All Levels,1 hour,4.7,N/A,N/A,"Rp149,000",12/2022,4,0,2,https://www.udemy.com/course/writing-a-resume/
DETERMINANTS | PROPERTIES | INVERSE,3541026,Brainstorm SS Tutorial,"Linear Algebra, Math, Teaching & Academics",Calculus,All Levels,1 hour,4.7,N/A,N/A,"Rp149,000",10/2020,0,0,0,https://www.udemy.com/course/determinants-properties-inverse/
Recording And Enhancing A Voiceover At Home (For Beginners),5018550,Thao Maoh,"Voice-Over, Other Photography & Video, Photography & Video",Calculus,Beginner,44 mins,4.7,4,10,"Rp349,000",8/2024,0,0,0,https://www.udemy.com/course/enhance-voiceover/
Maths for Design Optimisation: Gradient-Free Methods,6970083,Joy Au | Founder of OptimiSE Academy,"Optimization Problem, Data Science, Math, Aerospace Engineering, Industry",Calculus,All Levels,2 hours,5.0,N/A,N/A,"Rp1,199,000",2/2026,2,0,1,https://www.udemy.com/course/maths-for-design-optimisation-gradient-free-methods/
GATE/RRB/SSC JE/PSU Exam: Mock Test in Quantitative Aptitude,4023616,Harish Kumar Maheshwari,"Quantitative Aptitude Test Prep, Math, Test Prep, Teaching & Academics",Calculus,All Levels,N/A,4.0,8,6701,"Rp149,000",9/2023,0,0,0,https://www.udemy.com/course/gaterrbssc-jepsu-exam-mock-test-in-quantitative-aptitude/
Word Problem Solving Mastery,299534,Eduactivity Courses Online,"Math, Microsoft Word, Problem Solving, Teaching & Academics",Calculus,Beginner,2 hours,3.4,40,1253,"Rp149,000",12/2017,0,0,1,https://www.udemy.com/course/word-problem-solving/
Algebra for Foundation GCSE (9-1) Mathematics,1227824,Michael Siva,"GCSE, Math, Algebra, Teaching & Academics",Calculus,Intermediate,1.5 hours,4.3,22,626,"Rp149,000",11/2018,1,0,0,https://www.udemy.com/course/algebra-for-foundation-gcse9-1-mathematics/
SAT Exam Math (Practice questions),6941495,Balwinder singh,"SAT, Quantitative Aptitude Test Prep, Math, Test Prep, Teaching & Academics",Calculus,Intermediate,N/A,4.4,N/A,3,"Rp149,000",12/2025,0,0,0,https://www.udemy.com/course/sat-exam-math-practice-questions/
Discrete Mathematics/Structures (Basics),4364110,Shivangi Bansal,"Discrete Math, Engineering, Teaching & Academics",Calculus,Beginner,5.5 hours,4.3,6,29,"Rp149,000",11/2021,0,0,0,https://www.udemy.com/course/discrete-mathematicsstructures-basics/
Maths Maestro: Learn the world’s fastest mental math system!,4142634,Florbela Goncalves-Shah,"Math, Teaching & Academics",Calculus,All Levels,2.5 hours,4.7,41,439,"Rp149,000",6/2021,0,0,0,https://www.udemy.com/course/maths-maestro-learn-the-worlds-fastest-mental-math-system/
Old Testament Texts You've Overlooked--Until Now!,6878637,Taylor Pickup,"Humanities, Teaching & Academics",Calculus,Intermediate,2 hours,N/A,N/A,N/A,"Rp149,000",12/2025,3,0,5,https://www.udemy.com/course/old-testament-texts-overlooked-genesis-leviticus/
"Vedic Maths-For Fast Math , Quick Maths and Mental Math",1666748,Rajinder Goswami,"Mental Math, Vedic Math, Math, Teaching & Academics",Calculus,All Levels,2.5 hours,4.5,56,705,"Rp149,000",4/2021,0,0,0,https://www.udemy.com/course/faster-than-calculator-2-ancient-math-tricks-revealed/
Mastering the SAT Math Section,1106114,Bronte Anne,"Math, SAT, Algebra, Test Prep, Teaching & Academics",Calculus,All Levels,5 hours,4.7,19,105,"Rp299,000",5/2019,0,0,29,https://www.udemy.com/course/mastering-the-sat-math-section/
Functional Analysis (Part-1),1493072,Wasif Ahmed,"Math, Teaching & Academics",Calculus,Beginner,5.5 hours,4.5,N/A,23,"Rp149,000",3/2025,1,0,0,https://www.udemy.com/course/functional-analysis-1/
Mathematical Economics Course with theory And Numerical,3533756,Sourav Das,"Economics, Finance & Accounting",Calculus,Beginner,36 mins,4.3,4,23,"Rp149,000",9/2020,0,0,0,https://www.udemy.com/course/mathematical-economics-course-with-theory-and-numerical/
Fast and Quick Mental Math Tricks - Vedic Maths Made Easy,805902,Saurabh Shrivastava,"Vedic Math, Math, Mental Math, Teaching & Academics",Calculus,All Levels,1.5 hours,4.2,25,630,"Rp777,000.00",6/2016,0,0,0,https://www.udemy.com/course/mental-math-tricks-vedic-mathematics/
Variation Preparation & Submission Process in Construction,5837958,Mohamed Mubarak,"Career Development, Personal Development",Calculus,All Levels,1.5 hours,4.5,1,1,"Rp349,000",3/2024,0,0,1,https://www.udemy.com/course/variation-preparation-submission-process-in-construction/
The Resilient Mind - a PracAdemic's Guide,3934934,Paul Taylor Taylor,"Resilience, Stress Management, Personal Development",Calculus,Beginner,2.5 hours,4.8,3,7,"Rp149,000",8/2021,0,0,9,https://www.udemy.com/course/the-resilient-mind-a-pracademics-guide/
Become a Human Calculator with Vedic Mathematics,285252,Bharat Hassani,"Vedic Math, Math, Teaching & Academics",Calculus,All Levels,1 hour,4.1,5,905,"Rp149,000",2/2016,0,0,1,https://www.udemy.com/course/highspeedmath-part-1/
A-Level Mathematics: Mechanics,2864768,AD Chauhdry,"Mechanics, Hardware, IT & Software",Calculus,All Levels,6 hours,3.0,3,35,"Rp149,000",6/2024,0,0,1,https://www.udemy.com/course/mechanics-for-engineering/
The Limits of Mind,6804077,Lucas Vollet,"Philosophy, Online Education, Teaching & Academics",Calculus,Beginner,1 hour,5.0,1,1,Free,9/2025,0,0,5,https://www.udemy.com/course/the-limits-of-mind/
AP Physics: Vectors and Dynamics - Master the Principles,2729462,Mlungisi Velempini,"Physics, Science, Teaching & Academics",Calculus,All Levels,3 hours,4.9,2,31,"Rp447,000.00",1/2020,0,0,3,https://www.udemy.com/course/ap-physics-vectors-and-dynamics-master-the-principles/
Become A Master Of Microsoft Excel,3281060,ELVIS INNOCENT AGBEDE,"Microsoft Excel, Accounting & Bookkeeping, Finance & Accounting",Calculus,All Levels,3 hours,4.4,7,41,"Rp149,000",7/2020,0,0,10,https://www.udemy.com/course/become-a-master-of-microsoft-excel/
Kinematics One Dimensional Motion Basic and Advanced,4367470,Kalyan Dutt Shatdarsanam,"Physics, Science, Teaching & Academics",Calculus,All Levels,5.5 hours,4.3,3,60,"Rp149,000",10/2021,0,0,0,https://www.udemy.com/course/kinematics-with-focus-on-one-dimensional-motion/
IBDP Math: AA/AI (SL&HL) Core Content,5068720,Ayman Aref,"Math, Teaching & Academics",Calculus,All Levels,2.5 hours,4.5,N/A,2,"Rp1,799,000",2/2023,0,0,3,https://www.udemy.com/course/introducing-ibdp-math-aaai-slhl/
Mental Math Secret,1099506,Kevin Ventura,"Mental Math, Math, Teaching & Academics",Calculus,All Levels,1 hour,4.4,76,1476,"Rp149,000",11/2018,0,0,0,https://www.udemy.com/course/master-mental-math-secrets/
Machine Learning for Beginner (AI) - Data Science,4513872,Moein Ud Din,"Machine Learning, Artificial Intelligence (AI), Data Science, Development",Calculus,Beginner,7 hours,4.2,56,4090,"Rp149,000",9/2022,15,0,22,https://www.udemy.com/course/machine-learning-for-beginner-ai-data-science/
Automated Deployment of Massive Enterprise Networks,4044688,Matthew Taylor,"Network Engineering, Network & Security, IT & Software",Calculus,Intermediate,1.5 hours,4.2,3,22,"Rp149,000",5/2021,0,0,13,https://www.udemy.com/course/automated-deployment-of-massive-enterprise-networks/
Vectors Basics and Advanced for Physics,3742830,Kalyan Dutt Shatdarsanam,"Algebra, Science, Teaching & Academics",Calculus,All Levels,4.5 hours,4.3,17,113,"Rp149,000",1/2021,0,0,0,https://www.udemy.com/course/vectors-basics-and-advanced-for-physics/
An Introduction To Word Vectorization,5664866,Richard Aragon,"Artificial Intelligence (AI), Other IT & Software, IT & Software",Calculus,Intermediate,37 mins,4.2,4,310,"Rp149,000",11/2023,0,0,4,https://www.udemy.com/course/an-introduction-to-word-vectorization/
SSS 2 Physics Lesson | Second Term,4636962,Francis Maduakolam,"Physics, Test Prep, Teaching & Academics",Calculus,Beginner,2.5 hours,4.8,N/A,N/A,"Rp149,000",4/2022,0,0,0,https://www.udemy.com/course/sss-2-physics-lesson-second-term/
PCAP-31-03 Python Certification 2025 | Python Mastery Prep,6907821,PyProTricks Official,"Certified Associate in Python Programming (PCAP), Programming Fundamentals, Python, IT Certifications, IT & Software",Calculus,Beginner,2 hours,4.2,N/A,1,"Rp149,000",11/2025,0,0,7,https://www.udemy.com/course/pcap-31-03-python-certification-full-mastery-topic-wise-prep-quiz/
Mastering Data Visualization and Animation with Python,5255728,Sjoerd Tilmans,"Data Visualization, Other IT & Software, IT & Software",Calculus,Beginner,2.5 hours,4.4,42,183,"Rp149,000",5/2024,0,0,22,https://www.udemy.com/course/mastering-data-visualization-and-animation-with-python/
