course_title,course_id,lecturer_name,related_topics,subject,level,durations,ratings,num_ratings,student,price,last_update,articles,exercise,downloadable_resources,url
Ultimate AWS Certified Solutions Architect Associate 2026,2196488,"Stephane Maarek | AWS Certified Cloud Practitioner,Solutions Architect,Developer","AWS Certified Solutions Architect - Associate, IT Certifications, IT & Software",Amazon AWS,All Levels,27 hours,4.7,286595,1257570,"Rp169,000",4/2026,11,0,1,https://www.udemy.com/course/aws-certified-solutions-architect-associate-saa-c03/
[NEW] Ultimate AWS Certified Cloud Practitioner CLF-C02 2026,3142166,"Stephane Maarek | AWS Certified Cloud Practitioner,Solutions Architect,Developer","Amazon AWS, Cloud Computing, AWS Certified Cloud Practitioner, IT Certifications, IT & Software",Amazon AWS,Beginner,14.5 hours,4.7,285491,1303522,"Rp169,000",4/2026,5,0,0,https://www.udemy.com/course/aws-certified-cloud-practitioner-new/
AWS From Zero to Hero - The Complete Guide,6546289,Memi Lavi,"Amazon AWS, Other IT & Software, IT & Software",Amazon AWS,Beginner,21.5 hours,4.6,403,3489,"Rp149,000",3/2026,5,0,50,https://www.udemy.com/course/aws-from-zero-to-hero-the-complete-guide/
Practice Exams | AWS Certified Solutions Architect Associate,2597160,"Stephane Maarek | AWS Certified Cloud Practitioner,Solutions Architect,Developer, Abhishek Singh","AWS Certified Solutions Architect - Associate, IT Certifications, IT & Software",Amazon AWS,N/A,N/A,4.6,21524,265939,"Rp169,000",2/2026,0,0,0,https://www.udemy.com/course/practice-exams-aws-certified-solutions-architect-associate/
Introduction to AWS - Understand AWS basics in 4 hours!,3472502,Rick Crisci,"Amazon AWS, Cloud Computing, Other IT & Software, IT & Software",Amazon AWS,Beginner,5.5 hours,4.6,20107,76673,"Rp149,000",11/2025,1,0,35,https://www.udemy.com/course/awsintro/
Ultimate AWS Certified Developer Associate 2026 DVA-C02,1921420,"Stephane Maarek | AWS Certified Cloud Practitioner,Solutions Architect,Developer","AWS Certified Developer - Associate, Amazon AWS, IT Certifications, IT & Software",Amazon AWS,All Levels,32 hours,4.7,121547,665004,"Rp169,000",4/2026,8,0,0,https://www.udemy.com/course/aws-certified-developer-associate-dva-c01/
Introduction to Cloud Computing on AWS for Beginners [2026],3329962,"Neal Davis | AWS Certified Solutions Architect & Developer, Digital Cloud Training | AWS Certified Cloud Practitioner AWS Certified Solutions Architect, AWS Developer Associate","Cloud Computing, Amazon AWS, Other IT & Software, IT & Software",Amazon AWS,Beginner,10 hours,4.6,38664,226922,"Rp159,000",4/2026,2,0,0,https://www.udemy.com/course/introduction-to-cloud-computing-on-amazon-aws-for-beginners/
[NEW!] AWS Certified Solutions Architect Associate (SAA-C03),6899699,Chetan Agrawal | Ex. Senior Solutions Architect at AWS,"AWS Certified Solutions Architect - Associate, IT Certifications, IT & Software",Amazon AWS,Intermediate,35 hours,4.8,236,2976,"Rp149,000",4/2026,0,0,16,https://www.udemy.com/course/new-aws-certified-solutions-architect-associate-saa-c03/
AWS For Everyone,6040616,Ashish Prajapati,"AWS Certified Solutions Architect - Associate, IT Certifications, IT & Software",Amazon AWS,Intermediate,39 hours,4.6,159,964,"Rp149,000",8/2024,0,0,25,https://www.udemy.com/course/aws_is_for_everyone/
[NEW] Ultimate AWS Certified AI Practitioner AIF-C01,6082775,"Stephane Maarek | AWS Certified Cloud Practitioner,Solutions Architect,Developer","AWS Certified AI Practitioner, IT Certifications, IT & Software",Amazon AWS,Beginner,10 hours,4.7,42439,212369,"Rp169,000",4/2026,4,0,0,https://www.udemy.com/course/aws-ai-practitioner-certified/
Ultimate AWS Certified Solutions Architect Professional 2026,2789348,"Stephane Maarek | AWS Certified Cloud Practitioner,Solutions Architect,Developer","AWS Certified Solutions Architect - Professional, IT Certifications, IT & Software",Amazon AWS,Expert,16.5 hours,4.7,25534,227639,"Rp489,000",4/2026,5,0,0,https://www.udemy.com/course/aws-solutions-architect-professional/
AWS Technical Essentials - Build Real World Projects,3259902,Rajesh Daswani | IaaS Academy,"Amazon AWS, Other IT & Software, IT & Software",Amazon AWS,Beginner,20 hours,4.7,1231,18477,"Rp159,000",1/2026,2,0,13,https://www.udemy.com/course/aws-technical-essentials-ultimate-training-program/
[NEW] AWS Certified Cloud Practitioner 2026 [CLF-C02],6311615,Chetan Agrawal | Ex. Senior Solutions Architect at AWS,"Amazon AWS, Cloud Computing, AWS Certified Cloud Practitioner, Other IT & Software, IT & Software",Amazon AWS,Beginner,22.5 hours,4.7,950,11398,"Rp149,000",2/2026,0,0,10,https://www.udemy.com/course/aws-certified-cloud-practitioner-clf-c02-latest/
AWS Certified Cloud Practitioner - AWS Certification,3545764,"in28Minutes Official, Ranga Karanam | GCP Certification - Google Cloud Engineer & Architect","AWS Certified Cloud Practitioner, Amazon AWS, IT Certifications, IT & Software",Amazon AWS,All Levels,19 hours,4.6,13233,89992,"Rp149,000",1/2026,24,0,1,https://www.udemy.com/course/aws-certified-cloud-practitioner-step-by-step/
AWS Certified Solutions Architect Professional SAP-C02,3898634,"Neal Davis | AWS Certified Solutions Architect & Developer, Digital Cloud Training | AWS Certified Cloud Practitioner AWS Certified Solutions Architect, AWS Developer Associate","AWS Certified Solutions Architect - Professional, Amazon EC2, AWS Organizations, IT Certifications, IT & Software",Amazon AWS,Intermediate,21.5 hours,4.6,7427,71190,"Rp159,000",4/2026,2,0,0,https://www.udemy.com/course/aws-certified-solutions-architect-professional-training/
AWS Solutions Architect SAA-C03 – Hands-On Projects,6859685,"Rajesh Daswani | IaaS Academy, Divya Mohandas","AWS Certified Solutions Architect - Associate, IT Certifications, IT & Software",Amazon AWS,Beginner,51.5 hours,4.8,55,505,"Rp149,000",3/2026,2,0,2,https://www.udemy.com/course/aws-solutions-architect-capstone-projects/
AWS Certified Cloud Practitioner (CLF-C02) Exam Training,2645936,"Neal Davis | AWS Certified Solutions Architect & Developer, Digital Cloud Training | AWS Certified Cloud Practitioner AWS Certified Solutions Architect, AWS Developer Associate","Amazon AWS, Cloud Computing, AWS Certified Cloud Practitioner, IT Certifications, IT & Software",Amazon AWS,Beginner,14 hours,4.7,39239,172266,"Rp159,000",4/2026,14,0,0,https://www.udemy.com/course/aws-certified-cloud-practitioner-training-course/
Amazon Web Services (AWS) Certified - 5 Certifications!,1047846,"BackSpace Academy, Paul Coady","Amazon AWS, AWS Certified Solutions Architect - Associate, AWS Certified Developer - Associate, AWS Certified SysOps Administrator - Associate, IT Certifications",Amazon AWS,All Levels,54.5 hours,4.5,25165,166112,"Rp159,000",9/2025,8,0,54,https://www.udemy.com/course/aws-certified-associate-architect-developer-sysops-admin/
AWS for Beginners - The Ultimate Foundational Course,4904644,Himanshu Rana,"Amazon AWS, Other IT & Software, IT & Software",Amazon AWS,Beginner,11.5 hours,4.4,970,6713,"Rp149,000",8/2025,1,0,1,https://www.udemy.com/course/aws-for-beginners-the-ultimate-foundational-course/
[NEW] AWS Certified Advanced Networking Specialty 2026,2771884,"Stephane Maarek | AWS Certified Cloud Practitioner,Solutions Architect,Developer, Chetan Agrawal | Ex. Senior Solutions Architect at AWS","AWS Certified Advanced Networking - Specialty, Amazon Virtual Private Cloud (VPC), IT Certifications, IT & Software",Amazon AWS,Intermediate,35 hours,4.8,8848,62549,"Rp149,000",4/2026,2,0,6,https://www.udemy.com/course/aws-certified-advanced-networking-specialty-ans/
6 Practice Exams | AWS Certified Cloud Practitioner CLF-C02,3142170,"Stephane Maarek | AWS Certified Cloud Practitioner,Solutions Architect,Developer, Abhishek Singh","AWS Certified Cloud Practitioner, IT Certifications, IT & Software",Amazon AWS,Beginner,N/A,4.6,38850,327781,"Rp169,000",1/2026,0,0,0,https://www.udemy.com/course/practice-exams-aws-certified-cloud-practitioner/
AWS Crash Course | Job Interview| World's 1st QnA Style 2026,5918318,Karan Gupta - Coursediy.com,"Amazon AWS, IT Certifications, IT & Software",Amazon AWS,All Levels,14.5 hours,4.8,190,2143,"Rp149,000",2/2026,1,0,0,https://www.udemy.com/course/aws-crash-course-101-job-guarantee-worlds-1st-qna-style/
Ultimate AWS Certified Generative AI Developer Professional,6928347,"Sundog Education by Frank Kane, Stephane Maarek | AWS Certified Cloud Practitioner,Solutions Architect,Developer","AWS Certified Generative AI Developer - Professional, IT Certifications, IT & Software",Amazon AWS,All Levels,24 hours,4.6,2578,26214,"Rp149,000",4/2026,15,0,0,https://www.udemy.com/course/ultimate-aws-certified-generative-ai-developer-professional/
AWS Certified Cloud Practitioner Mock Exams CLF-C02 2026,2590994,"Jon Bonso AWS Generative AI Developer, AWS Certified Solutions Architect, Tutorials Dojo | AWS Certified Cloud Practitioner, AWS Certified Solutions Architect, AWS Certified Developer, Tutorials Dojo Support","AWS Certified Cloud Practitioner, IT Certifications, IT & Software",Amazon AWS,Beginner,N/A,4.5,3758,18394,"Rp159,000",2/2026,0,0,0,https://www.udemy.com/course/aws-certified-cloud-practitioner-practice-tests-clf-c02/
AWS Certified Solutions Architect Associate (SAA-C03) Course,2469516,"Neal Davis | AWS Certified Solutions Architect & Developer, Digital Cloud Training | AWS Certified Cloud Practitioner AWS Certified Solutions Architect, AWS Developer Associate","Amazon AWS, AWS Certified Solutions Architect - Associate, IT Certifications, IT & Software",Amazon AWS,All Levels,23 hours,4.6,22590,119677,"Rp159,000",4/2026,18,0,0,https://www.udemy.com/course/aws-certified-solutions-architect-associate-hands-on/
[2025] AWS Cloud Practitioner CLF-C02: Course & 2 Exams,5513664,"Jason Dion • 3 Million+ Enrollments Worldwide, Dion Training Solutions • ATO for ITIL & PRINCE2, Dion Training Solutions • ATO for ITIL & PRINCE2, Dion Training Solutions, Jason Dion • 2.8 Million+ Enrollments Worldwide","AWS Certified Cloud Practitioner, IT Certifications, IT & Software",Amazon AWS,Intermediate,15.5 hours,4.7,2829,17133,"Rp149,000",3/2026,2,0,0,https://www.udemy.com/course/aws-certified-cloud-practitioner-clf-c02-complete-course/
AWS Certified Machine Learning Engineer Associate: Hands On!,6125705,"Sundog Education by Frank Kane, Stephane Maarek | AWS Certified Cloud Practitioner,Solutions Architect,Developer, Frank Kane","AWS Certified Machine Learning Engineer - Associate, IT Certifications, IT & Software",Amazon AWS,All Levels,23.5 hours,4.6,4987,47897,"Rp169,000",4/2026,10,0,0,https://www.udemy.com/course/aws-certified-machine-learning-engineer-associate-mla-c01/
[NEW] Amazon S3 Deep Dive: The Ultimate Guide to AWS Storage,5081086,"Bryan Krausen • 200,000+ Enrollments Worldwide","Amazon S3, Other IT & Software, IT & Software",Amazon AWS,All Levels,11 hours,4.7,464,6008,"Rp149,000",6/2025,7,0,21,https://www.udemy.com/course/amazon-s3-deep-dive/
AWS Certified CloudOps Engineer Associate SOA-C03 2026,2051741,"Stephane Maarek | AWS Certified Cloud Practitioner,Solutions Architect,Developer","AWS Certified CloudOps Engineer - Associate, Amazon S3, AWS CloudFormation, IT Certifications, IT & Software",Amazon AWS,All Levels,25 hours,4.7,21738,150059,"Rp169,000",4/2026,8,0,0,https://www.udemy.com/course/aws-certified-cloudops-associate/
AWS Certified CloudOps Engineer Associate SOA-C03 [2026],3427676,"Neal Davis | AWS Certified Solutions Architect & Developer, Digital Cloud Training | AWS Certified Cloud Practitioner AWS Certified Solutions Architect, AWS Developer Associate","AWS Certified CloudOps Engineer - Associate, Amazon AWS, Cloud Computing, IT Certifications, IT & Software",Amazon AWS,Intermediate,14.5 hours,4.6,2671,18407,"Rp149,000",4/2026,5,0,0,https://www.udemy.com/course/aws-certified-cloudops-engineer-associate-video-course/
[RETIRED] AWS Certified Machine Learning Specialty 2026,2529790,"Sundog Education by Frank Kane, Stephane Maarek | AWS Certified Cloud Practitioner,Solutions Architect,Developer, Frank Kane, Sundog Education Team","AWS Certified Machine Learning - Specialty (Retired), Machine Learning, IT Certifications, IT & Software",Amazon AWS,All Levels,15 hours,4.5,16667,127980,"Rp149,000",4/2026,6,0,3,https://www.udemy.com/course/aws-machine-learning/
AWS for Beginners: Start Your AWS Cloud Practitioner Journey,5516748,"Video School, Paulo Dichone | Software Engineer, AWS Cloud Practitioner & Instructor, Phil Ebiner","Amazon AWS, Cloud Computing, AWS Certified Cloud Practitioner, Amazon ECS, IT Certifications",Amazon AWS,Beginner,8 hours,4.6,614,3700,"Rp149,000",4/2024,4,0,3,https://www.udemy.com/course/amazon-aws-cloud-computing-course/
Ultimate AWS Certified Security Specialty [NEW 2026] SCS-C03,5072786,"Stephane Maarek | AWS Certified Cloud Practitioner,Solutions Architect,Developer","AWS Certified Security - Specialty, IT Certifications, IT & Software",Amazon AWS,All Levels,17 hours,4.7,7563,66891,"Rp159,000",4/2026,5,0,0,https://www.udemy.com/course/ultimate-aws-certified-security-specialty/
Python Programming for AWS - Learn Python with AWS and Boto3,5189320,"Neal Davis | AWS Certified Solutions Architect & Developer, Eric E. Huerta, Digital Cloud Training | AWS Certified Cloud Practitioner AWS Certified Solutions Architect, AWS Developer Associate","Boto, Python, Amazon AWS, Cloud Computing, Other IT & Software",Amazon AWS,Intermediate,10.5 hours,4.4,1280,11754,"Rp149,000",4/2026,2,1,7,https://www.udemy.com/course/python-programming-for-aws-with-boto3/
Zero to Certified: AWS Certified Cloud Practitioner [2026],6596689,Krish Sasmal,"AWS Certified Cloud Practitioner, IT Certifications, IT & Software",Amazon AWS,Beginner,24 hours,4.7,43,116,"Rp149,000",1/2026,1,0,0,https://www.udemy.com/course/zero-to-certified-aws-certified-cloud-practitioner-bootcamp/
AWS Certified Developer Associate - AWS Certification,3594850,"in28Minutes Official, Ranga Karanam | GCP Certification - Google Cloud Engineer & Architect","AWS Certified Developer - Associate, Amazon AWS, IT Certifications, IT & Software",Amazon AWS,All Levels,35.5 hours,4.5,4943,50035,"Rp149,000",1/2026,32,0,1,https://www.udemy.com/course/aws-certified-developer-associate-step-by-step/
Amazon Web Services (AWS) - Hands On,4264668,Vipin Gupta,"Amazon AWS, Cloud Computing, Network & Security, IT & Software",Amazon AWS,All Levels,15.5 hours,4.6,754,4901,"Rp149,000",1/2026,0,0,30,https://www.udemy.com/course/hands-on-aws/
AWS Certified Solutions Architect Associate - SAA C03,3082678,"in28Minutes Official, Ranga Karanam | GCP Certification - Google Cloud Engineer & Architect","AWS Certified Solutions Architect - Associate, IT Certifications, IT & Software",Amazon AWS,All Levels,31 hours,4.7,6312,64034,"Rp149,000",1/2026,38,0,1,https://www.udemy.com/course/aws-certified-solutions-architect-associate-step-by-step/
Migration to AWS,5625716,Ashish Prajapati,"Amazon AWS, Other IT & Software, IT & Software",Amazon AWS,Intermediate,14 hours,4.6,625,3285,"Rp149,000",10/2023,0,0,3,https://www.udemy.com/course/migration-to-aws/
AWS Certified Solutions Architect Associate Practice Exams,1520628,"Jon Bonso AWS Generative AI Developer, AWS Certified Solutions Architect, Tutorials Dojo | AWS Certified Cloud Practitioner, AWS Certified Solutions Architect, AWS Certified Developer","AWS Certified Solutions Architect - Associate, IT Certifications, IT & Software",Amazon AWS,All Levels,N/A,4.5,29713,167242,"Rp149,000",3/2026,0,0,0,https://www.udemy.com/course/aws-certified-solutions-architect-associate-amazon-practice-exams-saa-c03/
AWS VPC and Networking in depth: Learn practically !,2267332,Chetan Agrawal | Ex. Senior Solutions Architect at AWS,"Amazon AWS, Network & Security, IT & Software",Amazon AWS,All Levels,11.5 hours,4.8,6091,38307,"Rp149,000",2/2026,0,0,13,https://www.udemy.com/course/networking-in-aws/
AWS Certified Cloud Practitioner Practice Exams CLF-C02,2059853,"Neal Davis | AWS Certified Solutions Architect & Developer, Digital Cloud Training | AWS Certified Cloud Practitioner AWS Certified Solutions Architect, AWS Developer Associate","AWS Certified Cloud Practitioner, IT Certifications, IT & Software",Amazon AWS,All Levels,N/A,4.5,27676,154476,"Rp149,000",4/2026,0,0,0,https://www.udemy.com/course/aws-certified-cloud-practitioner-practice-exams-c/
Rocking AWS for Beginners (Hands On),4845674,Rajdeep Saha | Ex-Principal Solutions Architect @AWS,"Cloud Computing, Other IT & Software, IT & Software",Amazon AWS,Beginner,10.5 hours,4.7,330,1977,"Rp149,000",5/2023,3,0,5,https://www.udemy.com/course/rocking-aws-for-beginners-hands-on/
AWS Certified Security Specialty Course SCS-C03,5057824,"Neal Davis | AWS Certified Solutions Architect & Developer, Digital Cloud Training | AWS Certified Cloud Practitioner AWS Certified Solutions Architect, AWS Developer Associate","AWS Certified Security - Specialty, AWS Security Services, Cloud Security, Network & Security, IT & Software",Amazon AWS,Intermediate,11.5 hours,4.7,1253,10275,"Rp149,000",4/2026,2,0,0,https://www.udemy.com/course/aws-certified-security-specialty-course/
"AWS Essentials: Cloud, AWS IAM, & Amazon S3 for Beginners",6358679,"Emre Yilmaz | AWS Certified DevOps Engineer, Solutions Architect, Developer","AWS Certified Cloud Practitioner, Cloud Computing, Amazon AWS, Cloud Security, IT Certifications",Amazon AWS,Beginner,6 hours,4.7,5,21,"Rp149,000",2/2026,1,0,10,https://www.udemy.com/course/aws-essentials-cloud-aws-iam-amazon-s3-for-beginners/
AWS Certified Developer Associate Exam Training DVA-C02,2827920,"Neal Davis | AWS Certified Solutions Architect & Developer, Digital Cloud Training | AWS Certified Cloud Practitioner AWS Certified Solutions Architect, AWS Developer Associate","Amazon AWS, AWS Certified Developer - Associate, IT Certifications, IT & Software",Amazon AWS,Beginner,17 hours,4.5,4601,40748,"Rp149,000",4/2026,2,0,0,https://www.udemy.com/course/aws-certified-developer-associate-exam-training/
[NEW] Amazon EC2 Masterclass (Auto Scaling & Load Balancer),1527740,"Paulo Dichone | Software Engineer, AWS Cloud Practitioner & Instructor","Amazon EC2, Amazon AWS, Other IT & Software, IT & Software",Amazon AWS,All Levels,6.5 hours,4.6,5609,28468,"Rp149,000",8/2024,3,0,1,https://www.udemy.com/course/aws-ec2-masterclass/
"Learn AWS Identity Management with AWS IAM, SSO & Federation",3587142,"Neal Davis | AWS Certified Solutions Architect & Developer, Digital Cloud Training | AWS Certified Cloud Practitioner AWS Certified Solutions Architect, AWS Developer Associate","Identity and Access Management (IAM), Amazon AWS, AWS Organizations, Software Engineering, Development",Amazon AWS,Beginner,4 hours,4.7,3422,37482,"Rp149,000",4/2026,2,0,0,https://www.udemy.com/course/aws-iam-aws-organizations-aws-sso-aws-directory-service-federation/
AWS Certified Advanced Networking Specialty Course [ANS-CO1],5140860,"Neal Davis | AWS Certified Solutions Architect & Developer, Digital Cloud Training | AWS Certified Cloud Practitioner AWS Certified Solutions Architect, AWS Developer Associate","AWS Certified Advanced Networking - Specialty, AWS Security Services, Network Engineering, IT Certifications, IT & Software",Amazon AWS,Intermediate,12 hours,4.7,494,4577,"Rp149,000",4/2026,3,0,2,https://www.udemy.com/course/aws-advanced-networking-specialty-ans/
Amazon Web Services (AWS),1951788,"Terry Ogbemudia Osayawe, Devscreencast Elearning","Amazon AWS, Amazon S3, Amazon EC2, Other IT & Software, IT & Software",Amazon AWS,Beginner,3.5 hours,4.3,71,7761,"Rp149,000",10/2018,1,0,5,https://www.udemy.com/course/cloud-computing-amazon-web-services-aws/
Practice Exams | AWS Certified Developer Associate,1975038,"Stephane Maarek | AWS Certified Cloud Practitioner,Solutions Architect,Developer, Abhishek Singh","AWS Certified Developer - Associate, IT Certifications, IT & Software",Amazon AWS,Beginner,N/A,4.6,13425,145153,"Rp169,000",12/2025,0,0,0,https://www.udemy.com/course/aws-certified-developer-associate-practice-tests-dva-c01/
AWS Certified Cloud Practitioner | CLF-C02 | Full Exam Prep,6311529,Nikolai Schuler,"AWS Certified Cloud Practitioner, Cloud Computing, Amazon AWS, IT Certifications, IT & Software",Amazon AWS,Beginner,15 hours,4.7,110,878,"Rp159,000",1/2026,1,0,9,https://www.udemy.com/course/aws-certified-cloud-practitioner-clf-c02-exam-prep/
Become an AWS SageMaker Machine Learning Engineer in 30 Days,4579406,"Prof. Ryan Ahmed, Ph.D., MBA | 500,000+ Students | Best-Selling Instructor","Amazon Sagemaker, Machine Learning, Data Science, Development",Amazon AWS,Beginner,43 hours,4.4,1248,10596,"Rp149,000",1/2026,37,0,29,https://www.udemy.com/course/become-an-aws-machine-learning-engineer-in-30-days-new-2022/
AWS Certified Solutions Architect Associate Practice Exams,1878624,"Neal Davis | AWS Certified Solutions Architect & Developer, Digital Cloud Training | AWS Certified Cloud Practitioner AWS Certified Solutions Architect, AWS Developer Associate","AWS Certified Solutions Architect - Associate, IT Certifications, IT & Software",Amazon AWS,All Levels,N/A,4.6,13422,124116,"Rp149,000",4/2026,0,0,0,https://www.udemy.com/course/aws-certified-solutions-architect-associate-practice-tests-k/
AWS Certified Generative AI Developer Professional (AIP-C01),6946507,Rahul Trisal,"AWS Certified Generative AI Developer - Professional, IT Certifications, IT & Software",Amazon AWS,All Levels,11 hours,4.6,92,789,"Rp149,000",2/2026,0,0,4,https://www.udemy.com/course/aws-certified-generative-ai-developer-professional-r/
AWS Certified Solutions Architect Professional Practice Exam,3857726,"Neal Davis | AWS Certified Solutions Architect & Developer, Digital Cloud Training | AWS Certified Cloud Practitioner AWS Certified Solutions Architect, AWS Developer Associate","AWS Certified Solutions Architect - Professional, IT Certifications, IT & Software",Amazon AWS,Intermediate,N/A,4.3,2096,38273,"Rp5,689,000",4/2026,0,0,0,https://www.udemy.com/course/aws-certified-solutions-architect-professional-aws-practice-exams/
Amazon Bedrock AgentCore: Build & Deploy any AI Agent on AWS,6812513,Rahul Trisal,"Amazon Bedrock, AI Agents & Agentic AI, Generative AI (GenAI), Other IT & Software, IT & Software",Amazon AWS,All Levels,5.5 hours,4.6,242,2282,"Rp149,000",4/2026,0,0,7,https://www.udemy.com/course/amazon-bedrock-agentcore-build-ai-agents-on-aws-hands-on/
Topmost AWS Certified Solutions Architect Associate SAA-C03,6000716,CloudFolks HUB,"Cloud Computing, Amazon AWS, AWS Certified Solutions Architect - Associate, IT Certifications, IT & Software",Amazon AWS,All Levels,106 hours,4.7,563,3322,"Rp149,000",4/2026,18,0,341,https://www.udemy.com/course/aws-solutions-architect-associate-saa-c03-training-2024/
AWS Cloud Projects for Engineers: 5 Real-World Projects,6362029,Pravin Mishra | AWS Certified Cloud Practitioner | Solutions Architect,"Amazon AWS, Cloud Computing, AWS Certified Cloud Practitioner, AWS Certified Solutions Architect - Associate, Other IT & Software",Amazon AWS,Intermediate,11.5 hours,4.7,265,5068,"Rp149,000",10/2025,5,0,0,https://www.udemy.com/course/aws-mastery-hands-on-cloud-projects-for-engineers/
AWS Networking Masterclass - Amazon VPC & Hybrid Cloud 2026,3703210,"Neal Davis | AWS Certified Solutions Architect & Developer, Digital Cloud Training | AWS Certified Cloud Practitioner AWS Certified Solutions Architect, AWS Developer Associate","Amazon Virtual Private Cloud (VPC), Amazon EC2, Amazon Route 53, AWS Elastic Load Balancing, Network & Security",Amazon AWS,Beginner,7 hours,4.6,2612,39634,"Rp149,000",4/2026,2,0,0,https://www.udemy.com/course/aws-networking-amazon-vpc-aws-vpn-hybrid-cloud/
AWS Interview Guide - Get Ready for AWS Interview,4782778,"in28Minutes Official, Ravi Sankar","Amazon AWS, Cloud Computing, Other IT & Software, IT & Software",Amazon AWS,All Levels,5 hours,4.7,535,7341,"Rp149,000",2/2023,3,0,0,https://www.udemy.com/course/aws-interview-questions-answers/
Practice Exam AWS Certified Solutions Architect Professional,3531972,"Stephane Maarek | AWS Certified Cloud Practitioner,Solutions Architect,Developer, Abhishek Singh","AWS Certified Solutions Architect - Professional, IT Certifications, IT & Software",Amazon AWS,Expert,N/A,4.3,3860,55654,"Rp159,000",2/2026,0,0,0,https://www.udemy.com/course/practice-exam-aws-certified-solutions-architect-professional/
AWS Certified Cloud Practitioner - Hands On & Practice Tests,4954886,Rick Crisci,"AWS Certified Cloud Practitioner, IT Certifications, IT & Software",Amazon AWS,Beginner,9 hours,4.8,492,2713,"Rp159,000",3/2025,1,0,61,https://www.udemy.com/course/awscloudpractitioner/
AWS Lambda & Serverless - Developer Guide with Hands-on Labs,4757674,Mehmet Ozkaya,"AWS Lambda, Web Development, Development",Amazon AWS,Beginner,28.5 hours,4.2,691,10363,"Rp159,000",2/2026,1,0,1,https://www.udemy.com/course/aws-lambda-serverless-developer-guide-with-hands-on-labs/
[NEW] Amazon ECS & Fargate Master Class - Docker on AWS,3259666,"Paulo Dichone | Software Engineer, AWS Cloud Practitioner & Instructor","Amazon ECS, Software Engineering, Development",Amazon AWS,Beginner,10.5 hours,4.5,2636,22588,"Rp149,000",7/2022,2,0,1,https://www.udemy.com/course/aws-ecs-fargate/
AWS Amplify Gen 2 and AWS Cognito for Developers-TypeScript,6300751,Alex Dan,"AWS Amplify, Other IT & Software, IT & Software",Amazon AWS,All Levels,9 hours,4.8,97,785,"Rp149,000",4/2026,3,0,23,https://www.udemy.com/course/aws-amplify-gen-2-cognito-typescript-react/
"Generative AI on AWS - Amazon Bedrock, RAG & Langchain[2026]",5617274,Rahul Trisal,"Amazon Bedrock, Generative AI (GenAI), Other IT & Software, IT & Software",Amazon AWS,All Levels,12 hours,4.5,7088,31843,"Rp149,000",3/2026,2,0,12,https://www.udemy.com/course/amazon-bedrock-aws-generative-ai-beginner-to-advanced/
[Practice Exams] AWS Certified AI Practitioner - AIF-C01,6093727,"Stephane Maarek | AWS Certified Cloud Practitioner,Solutions Architect,Developer, Abhishek Singh","AWS Certified AI Practitioner, IT Certifications, IT & Software",Amazon AWS,Beginner,N/A,4.6,8001,72395,"Rp159,000",12/2024,0,0,0,https://www.udemy.com/course/practice-exams-aws-certified-ai-practitioner/
AWS Certified DevOps Engineer Professional 2026 - DOP-C02,2533568,"Stephane Maarek | AWS Certified Cloud Practitioner,Solutions Architect,Developer","AWS Certified DevOps Engineer - Professional, DevOps, IT Certifications, IT & Software",Amazon AWS,Intermediate,17 hours,4.6,20377,175402,"Rp159,000",4/2026,4,0,0,https://www.udemy.com/course/aws-certified-devops-engineer-professional-hands-on/
Amazon Web Services (AWS) Certified,4737374,EDUCBA Bridging the Gap,"AWS Databases, IT Certifications, IT & Software",Amazon AWS,All Levels,8.5 hours,4.4,165,18618,"Rp149,000",7/2023,0,0,0,https://www.udemy.com/course/amazon-web-services-aws-certified-2022/
AWS Business Essentials - The Business Value of AWS [2026],3556979,"Neal Davis | AWS Certified Solutions Architect & Developer, Digital Cloud Training | AWS Certified Cloud Practitioner AWS Certified Solutions Architect, AWS Developer Associate","Amazon AWS, Cloud Computing, Other IT & Software, IT & Software",Amazon AWS,Beginner,2.5 hours,4.5,8506,42783,"Rp149,000",4/2026,2,0,0,https://www.udemy.com/course/aws-business-essentials/
AWS Fundamentals with 2 Projects: Cloud for Beginners [2025],4707588,Pravin Mishra | AWS Certified Cloud Practitioner | Solutions Architect,"Cloud Computing, IT Certifications, IT & Software",Amazon AWS,Beginner,22.5 hours,4.4,2165,22098,"Rp149,000",10/2025,31,0,31,https://www.udemy.com/course/aws-fundamentals-amazon-web-services-for-beginners/
AWS Serverless Microservices with Patterns & Best Practices,4512598,Mehmet Ozkaya,"Microservices, Serverless Computing, AWS Lambda, AWS Cloud Development Kit (CDK), Software Engineering",Amazon AWS,Intermediate,29 hours,4.6,551,9373,"Rp149,000",2/2026,1,0,17,https://www.udemy.com/course/aws-serverless-microservices-lambda-eventbridge-sqs-apigateway/
AWS Certified Cloud Practitioner CLF-C02: Full Course,2144084,Rajesh Daswani | IaaS Academy,"AWS Certified Cloud Practitioner, IT Certifications, IT & Software",Amazon AWS,All Levels,23 hours,4.6,1110,19634,"Rp2,089,000",1/2026,2,0,16,https://www.udemy.com/course/aws-certified-cloud-practitioner-clf-c01/
AWS Certified Developer Associate 2026 – DVA-C02,3942104,"Jon Bonso AWS Generative AI Developer, AWS Certified Solutions Architect, Tutorials Dojo | AWS Certified Cloud Practitioner, AWS Certified Solutions Architect, AWS Certified Developer","AWS Certified Developer - Associate, IT Certifications, IT & Software",Amazon AWS,All Levels,14 hours,4.6,80,681,"Rp149,000",3/2026,2,0,0,https://www.udemy.com/course/aws-certified-developer-associate-dva-c01-cda/
AWS Certified SAP on AWS Specialty - Hands On Guide,5129850,"Riyaz Sayyad, RIZMAXed by Riyaz Sayyad","AWS Certified SAP on AWS - Specialty (Retired), IT Certifications, IT & Software",Amazon AWS,All Levels,12 hours,4.6,731,4842,"Rp149,000",9/2025,1,0,0,https://www.udemy.com/course/aws-certified-sap-on-aws-specialty/
AWS Lambda and the Serverless Framework - Hands On Learning!,1241098,"Paulo Dichone | Software Engineer, AWS Cloud Practitioner & Instructor","AWS Lambda, Amazon AWS, Other IT & Software, IT & Software",Amazon AWS,Beginner,10.5 hours,4.6,9354,68378,"Rp159,000",11/2024,3,0,12,https://www.udemy.com/course/aws-lambda-serverless/
AWS CodePipeline Step by Step,2713136,"Emre Yilmaz | AWS Certified DevOps Engineer, Solutions Architect, Developer","AWS CodePipeline, Continuous Integration, Continuous Delivery, Software Development Tools, Development",Amazon AWS,All Levels,11 hours,4.6,1956,13348,"Rp149,000",2/2026,6,0,66,https://www.udemy.com/course/aws-codepipeline-step-by-step/
Amazon Connect Complete Training Course,4560228,Arun Nair,"Amazon Connect, Other IT & Software, IT & Software",Amazon AWS,All Levels,4 hours,4.6,3499,10803,"Rp149,000",7/2022,0,0,2,https://www.udemy.com/course/amazon-connect-complete-training-course/
AWS MasterClass: Monitoring and DevOps with AWS CloudWatch,1217244,"TetraNoodle Team, Manuj Aggarwal","Application Performance Management, Amazon AWS, Network & Security, IT & Software",Amazon AWS,Beginner,4.5 hours,4.2,2153,14689,"Rp149,000",2/2019,1,0,0,https://www.udemy.com/course/aws-monitoring-alerting-with-aws-cloudwatch-and-aws-sns/
[NEW V2] AWS Lambda & Serverless Architecture Bootcamp 2025,1691532,"Riyaz Sayyad, RIZMAXed by Riyaz Sayyad","Amazon AWS, Cloud Computing, AWS Lambda, Software Engineering, Development",Amazon AWS,All Levels,6 hours,4.0,5887,50351,"Rp149,000",9/2025,4,0,0,https://www.udemy.com/course/aws-lambda-serverless-architecture/
AWS Services Overview for IT Professionals,6450003,Amazon Web Services (AWS),"Other IT & Software, IT & Software",Amazon AWS,Beginner,1.5 hours,4.9,4,8,"Rp149,000",3/2025,8,0,0,https://www.udemy.com/course/aws-services-overview-for-it-professionals/
Cloud Computing on AWS: Ultimate Beginners Course,4804814,Arno Pretorius,"Cloud Computing, IT Certifications, IT & Software",Amazon AWS,Beginner,13.5 hours,4.5,415,2116,"Rp149,000",3/2026,3,0,4,https://www.udemy.com/course/cloud-computing-on-aws-ultimate-beginners-course-2022/
[NEW] AWS Certified Cloud Practitioner 2026,1360446,Zeal Vora,"AWS Certified Cloud Practitioner, Amazon AWS, Cloud Computing, IT Certifications, IT & Software",Amazon AWS,Beginner,27 hours,4.6,27281,147208,"Rp249,000",3/2026,7,0,6,https://www.udemy.com/course/aws-certified-cloud-practitioner/
"Serverless Framework Guide: API Gateway , AWS & Node.js",6314389,"Maclay Academy, Macaulay Famous","Amazon API Gateway, AWS Lambda, Serverless Computing, Amazon AWS, Web Development",Amazon AWS,All Levels,8.5 hours,4.6,199,1582,"Rp149,000",1/2026,0,0,78,https://www.udemy.com/course/aws-lambda-serverless-framework-build-ecommerce-apis/
AWS Certified Developer Associate Practice Exams,2322586,"Jon Bonso AWS Generative AI Developer, AWS Certified Solutions Architect, Tutorials Dojo | AWS Certified Cloud Practitioner, AWS Certified Solutions Architect, AWS Certified Developer, Carlo Acebedo | AWS Certified Developer Associate | AWS Professional","AWS Certified Developer - Associate, Software Development Tools, IT Certifications, Development, IT & Software",Amazon AWS,All Levels,N/A,4.4,3905,26264,"Rp149,000",11/2025,0,0,0,https://www.udemy.com/course/aws-certified-developer-associate-practice-exams-amazon-dva-c01/
AWS Security Management & AWS Security Specialist Course,4767914,"Oak Academy, OAK Academy Team","Amazon AWS, AWS Certified Security - Specialty, AWS Security Services, Other IT & Software, IT & Software",Amazon AWS,All Levels,10.5 hours,4.6,608,3546,"Rp149,000",4/2026,3,0,0,https://www.udemy.com/course/aws-security-management-aws-security-specialist-course/
Data Engineering using AWS Data Analytics,4242194,"Durga Viswanatha Raju Gadiraju, Phani Bhushan Bozzam, Vinay Gadiraju","Data Engineering, AWS Databases, Data Analysis, Data Science, Development",Amazon AWS,Intermediate,24.5 hours,4.6,3412,31944,"Rp149,000",11/2024,112,0,18,https://www.udemy.com/course/data-engineering-using-aws-analytics-services/
AWS BUNDLE- Master COMPLETE Amazon Web Services,1988182,"Harshit Srivastava, Pranjal Srivastava","Amazon AWS, Web Development, Development",Amazon AWS,All Levels,21 hours,3.9,60,1619,"Rp149,000",6/2023,1,0,0,https://www.udemy.com/course/complete-amazon-web-services-bundle-2018/
AWS Certified Cloud Practitioner,1477998,Alan Rodrigues,"AWS Certified Cloud Practitioner, Amazon AWS, IT Certifications, IT & Software",Amazon AWS,All Levels,10 hours,4.6,3381,17248,"Rp149,000",9/2025,14,0,3,https://www.udemy.com/course/aws-certified-cloud-practitioner-2018/
Amazon WorkSpaces - Introduction,4716252,Masters Of Cloud,"IT Certifications, IT & Software",Amazon AWS,Intermediate,3 hours,4.0,3,26,"Rp149,000",5/2025,0,0,0,https://www.udemy.com/course/amazon-workspaces-introduction/
Amazon s3 Mastery - THE How-To' Guides For Amazon S3,446736,Steve Dougherty,"Amazon S3, Amazon AWS, Web Development, Development",Amazon AWS,All Levels,3.5 hours,4.6,2146,14705,"Rp149,000",1/2024,0,0,3,https://www.udemy.com/course/amazon-s3-mastery/
AWS Certified Developer Associate Practice Exams DVA-C02,2981704,"Neal Davis | AWS Certified Solutions Architect & Developer, Digital Cloud Training | AWS Certified Cloud Practitioner AWS Certified Solutions Architect, AWS Developer Associate","AWS Certified Developer - Associate, IT Certifications, IT & Software",Amazon AWS,Beginner,N/A,4.2,3784,35730,"Rp149,000",4/2026,0,0,0,https://www.udemy.com/course/aws-developer-associate-practice-exams/
AWS CloudFormation Master Class v2 [2025],1362052,"Stephane Maarek | AWS Certified Cloud Practitioner,Solutions Architect,Developer","AWS CloudFormation, Amazon AWS, Cloud Computing, YAML, Web Development",Amazon AWS,All Levels,6.5 hours,4.7,14288,71156,"Rp149,000",3/2026,10,0,0,https://www.udemy.com/course/aws-cloudformation-master-class/
AWS DynamoDB - The Complete Guide (Build 18+ Hands On Demos),1625530,"Riyaz Sayyad, RIZMAXed by Riyaz Sayyad","DynamoDB, AWS Databases, Amazon AWS, Database Design & Development, Development",Amazon AWS,All Levels,16.5 hours,4.6,2817,25486,"Rp149,000",11/2019,4,0,70,https://www.udemy.com/course/dynamodb/
AWS Certified CloudOps Engineer Associate 2026 – SOA-C03,3942128,"Jon Bonso AWS Generative AI Developer, AWS Certified Solutions Architect, Tutorials Dojo | AWS Certified Cloud Practitioner, AWS Certified Solutions Architect, AWS Certified Developer","AWS Certified CloudOps Engineer - Associate, IT Certifications, IT & Software",Amazon AWS,All Levels,15 hours,4.5,76,621,"Rp159,000",3/2026,3,0,1,https://www.udemy.com/course/aws-certified-sysops-administrator-associate-soa-c02/
Practice Exams: AWS Certified CloudOps Engineer Associate,3723274,"Stephane Maarek | AWS Certified Cloud Practitioner,Solutions Architect,Developer, Abhishek Singh","AWS Certified CloudOps Engineer - Associate, IT Certifications, IT & Software",Amazon AWS,Beginner,N/A,4.3,1914,26091,"Rp159,000",2/2026,0,0,0,https://www.udemy.com/course/practice-exams-aws-certified-cloudops-engineer/
AWS Solutions Architect Associate with Practice Test,2369182,Rick Crisci,"AWS Certified Solutions Architect - Associate, AWS Databases, Cloud Computing, IT Certifications, IT & Software",Amazon AWS,All Levels,20 hours,4.7,1082,25169,"Rp149,000",11/2025,1,0,153,https://www.udemy.com/course/ultimateaws/
Learn Cloud Computing with AWS in a Weekend,4819470,in28Minutes Official,"Cloud Computing, Other IT & Software, IT & Software",Amazon AWS,Beginner,8.5 hours,4.5,928,7127,"Rp149,000",1/2026,9,0,1,https://www.udemy.com/course/cloud-computing-aws/
[NEW] Complete AWS Certified Cloud Practitioner CLF-C02 2026,6349235,Amandeep Sawhney | HawkEye Data,"AWS Certified Cloud Practitioner, IT Certifications, IT & Software",Amazon AWS,All Levels,14.5 hours,4.7,145,1584,"Rp149,000",1/2026,1,0,0,https://www.udemy.com/course/aws_certified_cloud_practitioner_ccp/
"Build Production Ready AI Agents on AWS-Bedrock,CrewAI & MCP",6360321,Rahul Trisal,"AI Agents & Agentic AI, Amazon Bedrock, Model Context Protocol (MCP), CrewAI, Other IT & Software",Amazon AWS,All Levels,9.5 hours,4.6,1544,7605,"Rp149,000",3/2026,2,0,7,https://www.udemy.com/course/aws-ai-agents-complete-course-hands-on/
Amazon Q Developer for Programmers and DevOps AWS AI coding,6273845,Alex Dan,"Amazon Q, Other IT & Software, IT & Software",Amazon AWS,All Levels,4 hours,4.5,1960,6997,"Rp159,000",4/2026,3,2,22,https://www.udemy.com/course/amazon-q-developer-aws-ai/
[LATEST] Practice Tests - AWS Certified Cloud Practitioner,6737533,Chetan Agrawal | Ex. Senior Solutions Architect at AWS,"AWS Certified Cloud Practitioner, IT Certifications, IT & Software",Amazon AWS,Beginner,N/A,4.7,49,2322,"Rp149,000",10/2025,0,0,0,https://www.udemy.com/course/practice-tests-aws-certified-cloud-practitioner/
Amazon SageMaker,5738006,"Jose Portilla, Pierian Training","Amazon Sagemaker, IT Certifications, IT & Software",Amazon AWS,All Levels,5 hours,4.5,2251,7389,"Rp149,000",5/2024,3,0,3,https://www.udemy.com/course/amazon-sagemaker-course/
Amazon AgentCore: Scale Your Agentic AI to Production,6826515,"Sundog Education by Frank Kane, Frank Kane","Amazon Bedrock, AI Agents & Agentic AI, Generative AI (GenAI), Other IT & Software, IT & Software",Amazon AWS,All Levels,2 hours,4.6,326,2682,"Rp149,000",3/2026,4,0,0,https://www.udemy.com/course/amazon-bedrock-agentcore/
Basic AWS Architecture Best Practices - 1 Hour Crash Course,2789748,Rick Crisci,"Amazon AWS, AWS Lambda, IT Certifications, IT & Software",Amazon AWS,All Levels,2 hours,4.5,3738,22247,"Rp149,000",4/2025,1,0,13,https://www.udemy.com/course/awsbestpractices/
The Complete course for AWS Well-Architected Framework,6305409,Lakshmana Rao Karrothu,"SQL, Marketing Analytics & Automation, Marketing",Amazon AWS,All Levels,1.5 hours,5.0,30,45,"Rp149,000",8/2025,0,0,0,https://www.udemy.com/course/the-complete-course-for-well-architected-framework/
AWS Fundamentals : Getting Started with Amazon AWS,2677584,Anish Jain,"Amazon AWS, Amazon S3, Amazon EC2, Amazon RDS, Other IT & Software",Amazon AWS,Beginner,2 hours,3.4,109,7252,"Rp149,000",11/2019,8,0,1,https://www.udemy.com/course/aws-fundamentals-getting-started-with-amazon-aws/
AWS Certified AI & Cloud Practitioner Amazon Web Services,1767676,BackSpace Academy,"AWS Certified AI Practitioner, AWS Certified Cloud Practitioner, IT Certifications, IT & Software",Amazon AWS,Beginner,18 hours,4.5,53,219,"Rp149,000",9/2025,1,0,42,https://www.udemy.com/course/aws-certified-cloud-practitioner-amazon-web-services/
AWS SAA-C03: AWS Solutions Architect Exam Bootcamp 2025,5947908,Mohammed Asif Khan,"AWS Certified Solutions Architect - Associate, IT Certifications, IT & Software",Amazon AWS,All Levels,27.5 hours,4.4,167,18546,"Rp149,000",8/2025,1,0,1,https://www.udemy.com/course/aws-certified-solutions-architect-associate-saa-c03-30daychallenge/
"Rocking Kubernetes with Amazon EKS, Fargate, And DevOps",2874152,Rajdeep Saha | Ex-Principal Solutions Architect @AWS,"Amazon EKS, DevOps, Kubernetes, Other IT & Software, IT & Software",Amazon AWS,All Levels,13 hours,4.6,3543,26533,"Rp149,000",12/2024,3,0,2,https://www.udemy.com/course/rocking-kubernetes-with-amazon-eks-fargate-and-devops/
AWS Certified Cloud Practitioner - EXAM REVIEW - 2021,3630776,"in28Minutes Official, Ranga Karanam | GCP Certification - Google Cloud Engineer & Architect","AWS Certified Cloud Practitioner, IT Certifications, IT & Software",Amazon AWS,All Levels,2.5 hours,4.5,1067,16071,"Rp149,000",8/2024,4,0,1,https://www.udemy.com/course/exam-review-aws-certified-cloud-practitioner/
AWS Certified Cloud Practitioner - Essentials Course 2026,2983406,Anand Rao Nednur,"Amazon AWS, AWS Databases, Network & Security, IT & Software",Amazon AWS,Intermediate,7.5 hours,4.5,1803,17008,"Rp149,000",3/2026,1,0,12,https://www.udemy.com/course/aws-technical-essentials/
AWS Essentials: Master Cloud Computing from Scratch - AWS,5541172,"AI Sciences, AI Sciences Team","AWS Lambda, DynamoDB, AWS Glue, Amazon S3, Other IT & Software",Amazon AWS,All Levels,4 hours,4.6,N/A,18,"Rp149,000",12/2025,7,0,2,https://www.udemy.com/course/aws-fundamentals-mastering-cloud-computing-from-scratch/
Amazon Web Services (AWS) for Beginners – 15 Practice Tests,1767758,Rahul Rampurkar,"Amazon AWS, Web Development, Development",Amazon AWS,Beginner,5.5 hours,3.9,42,707,"Rp149,000",12/2025,0,0,4,https://www.udemy.com/course/amazon-web-services-aws-for-beginners/
AWS For Absolute Beginners: Learn AWS From Ground Up,843622,"Eduonix Learning Solutions, Eduonix-Tech ., Eduonix Support","AWS Certified Solutions Architect - Associate, IT Certifications, IT & Software",Amazon AWS,All Levels,2.5 hours,3.9,414,2069,"Rp149,000",1/2019,1,0,1,https://www.udemy.com/course/become-an-aws-certified-solutions-architect-associate/
AWS Certified Cloud Practitioner CLF-C02: Ultimate Guide,6116651,Mayko Silva,"AWS Certified Cloud Practitioner, Cloud Computing, IT Certifications, IT & Software",Amazon AWS,All Levels,16.5 hours,4.8,28,2887,"Rp149,000",2/2026,0,0,54,https://www.udemy.com/course/master-aws-cloud-practitioner-certification-exam-clf-c02/
Mastering Amazon Redshift and Serverless for Data Engineers,4762272,Durga Viswanatha Raju Gadiraju,"Amazon Redshift, Database Design & Development, Development",Amazon AWS,Intermediate,16 hours,4.6,526,9376,"Rp149,000",8/2022,1,0,0,https://www.udemy.com/course/mastering-amazon-redshift-and-serverless-for-data-engineers/
AWS (Amazon Web Services) Mastery: Essential Cloud Skills,4921110,Uplatz Training,"Amazon AWS, AWS Certified Cloud Practitioner, AWS Certified Solutions Architect - Associate, AWS Certified Developer - Associate, IT Certifications",Amazon AWS,All Levels,27 hours,4.4,15,3018,"Rp149,000",7/2025,0,0,3,https://www.udemy.com/course/aws-amazon-web-services-cloud-certifications/
[EXAM REVIEWER] AWS Certified Cloud Practitioner CLF-C02,3276498,"Neal Davis | AWS Certified Solutions Architect & Developer, Digital Cloud Training | AWS Certified Cloud Practitioner AWS Certified Solutions Architect, AWS Developer Associate","AWS Certified Cloud Practitioner, Amazon AWS, IT Certifications, IT & Software",Amazon AWS,Beginner,5 hours,4.5,3153,22425,"Rp149,000",4/2026,2,0,0,https://www.udemy.com/course/aws-certified-cloud-practitioner-certification-training/
Docker & Amazon ECS: Build and Deploy Containers on AWS 2026,6866099,Karan Gupta - Coursediy.com,"Docker, Amazon ECS, Software Development Tools, Development",Amazon AWS,All Levels,10.5 hours,4.8,26,84,"Rp149,000",3/2026,0,0,0,https://www.udemy.com/course/docker-amazon-ecs-zero-to-hero-in-cloud-container-bundle/
AWS Certification Training BOOTCAMP + AWS Practice Exam 2026,1802776,COURSE ENVY,"AWS Certified Solutions Architect - Associate, Amazon AWS, IT Certifications, IT & Software",Amazon AWS,All Levels,2.5 hours,4.5,175,8637,"Rp149,000",1/2026,11,0,1,https://www.udemy.com/course/aws-certification/
The Complete Course of AWS QuickSight 2025,6046176,The Tech Courses,"Amazon QuickSight, Other Office Productivity, Office Productivity",Amazon AWS,All Levels,10 hours,3.8,157,660,"Rp149,000",1/2025,0,0,1,https://www.udemy.com/course/quicksight-course/
AWS Certified Solutions Architect Associate - EXAM REVIEW,3656832,"in28Minutes Official, Ranga Karanam | GCP Certification - Google Cloud Engineer & Architect","AWS Certified Solutions Architect - Associate, AWS Certified Developer - Associate, IT Certifications, IT & Software",Amazon AWS,All Levels,6 hours,4.6,911,20516,"Rp149,000",8/2024,7,0,1,https://www.udemy.com/course/exam-aws-certified-solution-architect-associate/
AWS Certified Solutions Architect Associate 2026 – SAA-C03,3503872,"Jon Bonso AWS Generative AI Developer, AWS Certified Solutions Architect, Tutorials Dojo | AWS Certified Cloud Practitioner, AWS Certified Solutions Architect, AWS Certified Developer","AWS Certified Solutions Architect - Associate, IT Certifications, IT & Software",Amazon AWS,All Levels,14 hours,4.2,535,2952,"Rp149,000",4/2026,2,0,0,https://www.udemy.com/course/aws-certified-solutions-architect-associate-certification-saa-c03/
AWS Certified Solutions Architect - Associate exam-SAA-C03,1236626,Alan Rodrigues,"AWS Certified Solutions Architect - Associate, Amazon AWS, IT Certifications, IT & Software",Amazon AWS,All Levels,26.5 hours,4.8,2819,27058,"Rp149,000",9/2025,31,0,17,https://www.udemy.com/course/aws-solution-architect-associate/
Learn Amazon ECS over a Weekend - Workshop Style Course,5824792,Himanshu Rana,"Amazon ECS, Other IT & Software, IT & Software",Amazon AWS,Intermediate,4.5 hours,4.6,110,1545,"Rp149,000",8/2025,1,0,0,https://www.udemy.com/course/learn-amazon-ecs-over-a-weekend-workshop/
AWS Certified Advanced Networking Specialty ANS-C01 2026,7052549,"Jon Bonso AWS Generative AI Developer, AWS Certified Solutions Architect, Nikee Pearl Tomas","AWS Certified Advanced Networking - Specialty, IT Certifications, IT & Software",Amazon AWS,All Levels,21.5 hours,5.0,1,15,"Rp149,000",2/2026,1,0,0,https://www.udemy.com/course/aws-certified-advanced-networking-specialty-ans-c01-2026/
AWS MasterClass: Go Serverless with AWS Lambda & AWS Aurora,2234206,"TetraNoodle Team, Manuj Aggarwal, Manuj Aggarwal","AWS Lambda, Software Development Tools, Development",Amazon AWS,All Levels,5.5 hours,4.0,46,2363,"Rp149,000",4/2019,0,0,0,https://www.udemy.com/course/aws-masterclass-go-serverless-with-aws-lambda-aws-aurora/
AWS Fargate & ECS - Master Class | Docker on AWS,4849998,Shikhar Verma,"Amazon ECS, AWS DevOps, Other IT & Software, IT & Software",Amazon AWS,Intermediate,3 hours,4.4,34,200,"Rp149,000",11/2022,0,0,1,https://www.udemy.com/course/amazon-ecs-fargate/
AWS Serverless REST APIs for Java Developers. CI/CD included,2569122,Sergey Kargopolov,"REST API, Serverless Computing, Java, AWS Lambda, Software Engineering",Amazon AWS,All Levels,15 hours,4.6,695,7920,"Rp149,000",12/2025,16,0,40,https://www.udemy.com/course/aws-serverless-rest-apis-for-java-developers/
AWS Well Architected Framework - Guide to best practice,6335603,Himanshu Rana,"Amazon AWS, Other IT & Software, IT & Software",Amazon AWS,All Levels,2.5 hours,4.4,100,718,"Rp149,000",8/2025,0,0,1,https://www.udemy.com/course/aws-well-architected-framework-guide-to-best-practice/
AI | GenAI | AWS | Amazon Q Business | Create ChatGPT | 2026,6038292,Karan Gupta - Coursediy.com,"Artificial Intelligence (AI), ChatGPT, Amazon AWS, Generative AI (GenAI), IT Certifications",Amazon AWS,All Levels,5 hours,4.7,268,1767,"Rp159,000",2/2026,1,0,1,https://www.udemy.com/course/aws-cloud-ai-amazon-q-chatgpt/
Cloud Computing with AWS Amazon Web Services,1636896,Harshit Srivastava,"Amazon AWS, Cloud Computing, Web Development, Development",Amazon AWS,All Levels,10.5 hours,3.9,103,824,"Rp149,000",4/2023,2,0,0,https://www.udemy.com/course/cloud-computing-with-aws-amazon-web-services/
AWS EC2 Crash Course + Load Balancing with Demos and PDFs,5334636,Rick Crisci,"Amazon EC2, AWS Certified SysOps Administrator - Associate, AWS Certified Cloud Practitioner, AWS Certified Solutions Architect - Associate, Operating Systems & Servers",Amazon AWS,Beginner,3.5 hours,4.5,817,3442,"Rp2,089,000",4/2025,1,0,41,https://www.udemy.com/course/ec2intro/
AWS Certified AI Practitioner AIF-C01 [Beginner to Advanced],5902346,Rahul Trisal,"AWS Certified AI Practitioner, Amazon AWS, Generative AI (GenAI), IT Certifications, IT & Software",Amazon AWS,All Levels,11 hours,4.5,582,4259,"Rp149,000",12/2025,3,0,2,https://www.udemy.com/course/aws-certified-ai-practitioner-aif-c01-beginner-to-advanced/
Amazon Q Developer for Java & Spring Boot Developers,6119193,Bharath Thippireddy,"Amazon Q, Other IT & Software, IT & Software",Amazon AWS,All Levels,4 hours,4.5,121,1140,"Rp149,000",4/2026,2,0,11,https://www.udemy.com/course/amazon-q-developer-for-java-spring-boot-developers/
COMPLETE AWS Masterclass - From Zero to Hero,4420910,"Pranjal Srivastava, Harshit Srivastava","Amazon AWS, DynamoDB, Amazon EC2, IT Certifications, IT & Software",Amazon AWS,All Levels,9 hours,4.0,224,13087,"Rp149,000",6/2024,0,0,0,https://www.udemy.com/course/amazon-aws-core-services-ec2-vpc-s3-iam-dynamodb-rds/
Practice Exam - AWS Certified Advanced Networking Specialty,4340056,"Stephane Maarek | AWS Certified Cloud Practitioner,Solutions Architect,Developer, Abhishek Singh","AWS Certified Advanced Networking - Specialty, IT Certifications, IT & Software",Amazon AWS,Intermediate,N/A,4.2,898,10399,"Rp149,000",2/2026,0,0,0,https://www.udemy.com/course/practice-exam-aws-certified-advanced-networking-specialty/
AWS MasterClass: Storage & CDN - AWS S3 & AWS CloudFront,1176238,"TetraNoodle Team, Manuj Aggarwal","Amazon AWS, Storage Virtualization, Amazon S3, Network & Security, IT & Software",Amazon AWS,All Levels,3 hours,4.1,224,3941,"Rp149,000",2/2019,1,0,0,https://www.udemy.com/course/aws-storage-and-cdn-services-s3-ebs-efs-cloudfront/
AWS Certified Cloud Practitioner (CLF-C01) - Hands On,4840650,Vipin Gupta,"AWS Certified Cloud Practitioner, Cloud Computing, IT Certifications, IT & Software",Amazon AWS,Beginner,18.5 hours,4.5,209,1050,"Rp149,000",1/2026,0,0,24,https://www.udemy.com/course/aws-certified-cloud-practitioner-hands-on/
Amazon Web Services - AWS Real Life Example and Practice,945946,Dhruv Bais,"Amazon AWS, IT Certifications, IT & Software",Amazon AWS,All Levels,1 hour,3.5,25,1752,"Rp149,000",10/2016,0,0,0,https://www.udemy.com/course/amazon-web-services-aws-solutions-architect-course/
AWS Certified Developer Associate - EXAM REVIEW - 2021,3640842,"in28Minutes Official, Ranga Karanam | GCP Certification - Google Cloud Engineer & Architect","AWS Certified Developer - Associate, AWS Certified Solutions Architect - Associate, IT Certifications, IT & Software",Amazon AWS,All Levels,6 hours,4.6,424,13072,"Rp149,000",8/2024,7,0,1,https://www.udemy.com/course/new-exam-review-aws-certified-developer-associate/
Understanding and Designing AWS Outposts,4378534,Rick Crisci,"Amazon S3, Amazon EC2, Network & Security, IT & Software",Amazon AWS,Beginner,1.5 hours,4.6,273,3388,"Rp149,000",9/2024,1,0,0,https://www.udemy.com/course/outposts/
AWS Certified AI Practitioner: Hands-On + Practice Exams,6134111,Karan Gupta - Coursediy.com,"AWS Certified AI Practitioner, Artificial Intelligence (AI), Amazon AWS, Generative AI (GenAI), IT Certifications",Amazon AWS,All Levels,13.5 hours,4.6,349,2551,"Rp149,000",3/2026,3,0,0,https://www.udemy.com/course/get-aws-ai-certified-handsonquiz-testszero-to-hero-2025/
[NEW] AWS Certified Cloud Practitioner CLF-C02 for Beginner,6048441,Pravin Mishra | AWS Certified Cloud Practitioner | Solutions Architect,"AWS Certified Cloud Practitioner, IT Certifications, IT & Software",Amazon AWS,Beginner,32.5 hours,4.3,245,2514,"Rp149,000",2/2025,48,0,35,https://www.udemy.com/course/aws-certified-cloud-practitioner-clf-c02-aws-certification/
Amazon Bedrock - The Complete Guide to AWS Generative AI,5833406,"Alex Dan, Bryan Krausen • 200,000+ Enrollments Worldwide","Amazon Bedrock, Other IT & Software, IT & Software",Amazon AWS,All Levels,8 hours,4.5,1381,10412,"Rp159,000",4/2026,6,0,41,https://www.udemy.com/course/amazon-bedrock-aws-generative-ai/
AWS Fundamentals for Beginners,1906132,"Eduonix Learning Solutions, Eduonix-Tech .","Amazon AWS, Software Engineering, Development",Amazon AWS,Beginner,7 hours,4.2,376,1893,"Rp149,000",12/2018,1,0,1,https://www.udemy.com/course/aws-fundamentals-for-beginners/
AWS AI & GenAI: Build with Amazon Q Developer & Kiro Basics,6051191,Karan Gupta - Coursediy.com,"Artificial Intelligence (AI), Amazon AWS, Generative AI (GenAI), IT Certifications, IT & Software",Amazon AWS,All Levels,5.5 hours,4.4,453,2442,"Rp149,000",3/2026,2,0,1,https://www.udemy.com/course/aws-ai-series-amazon-q-developer-your-copilot-2024/
"AWS SysOps: EC2, VPC, IAM, S3, CloudFormation, Auto Scaling",3314680,Shikhar Verma,"AWS Certified SysOps Administrator - Associate, AWS Certified Solutions Architect - Associate, IT Certifications, IT & Software",Amazon AWS,Beginner,14.5 hours,4.6,44,515,"Rp149,000",6/2023,0,0,2,https://www.udemy.com/course/aws-certified-sysops-administrator-associate-2020-aws/
Amazon Rekognition Development: A Complete Guide,1212726,Dhiman Halder,"AWS Rekognition, Recognition Software, Software Development Tools, Development",Amazon AWS,All Levels,2.5 hours,4.4,213,1431,"Rp149,000",6/2020,2,0,38,https://www.udemy.com/course/amazon-rekognition-development-a-complete-guide/
AWS Fundamentals for The Absolute Beginners - Hands-On,5951690,"MAQTBA • Over 60,000 Enrollments","Amazon AWS, Network & Security, IT & Software",Amazon AWS,All Levels,4.5 hours,4.2,190,1612,"Rp149,000",3/2026,0,0,31,https://www.udemy.com/course/aws-fundamentals/
[NEW] Amazon EKS Starter: Docker on AWS EKS with Kubernetes,1782082,"Paulo Dichone | Software Engineer, AWS Cloud Practitioner & Instructor","Kubernetes, Amazon AWS, Amazon EKS, Other IT & Software, IT & Software",Amazon AWS,Intermediate,6.5 hours,4.4,4040,34011,"Rp149,000",5/2022,1,0,1,https://www.udemy.com/course/amazon-eks-starter-kubernetes-on-aws/
AWS Amazon S3 - Ultimate Master Class,5222762,Arno Pretorius,"Amazon S3, Other IT & Software, IT & Software",Amazon AWS,All Levels,13 hours,4.6,54,650,"Rp149,000",1/2026,7,0,17,https://www.udemy.com/course/aws-amazon-s3-ultimate-master-class/
AWS & React: Deploy an Auto-Scaling E-Commerce App with ELB,5035116,"YouAccel Training, Blue Digital Media","Amazon EC2, React JS, Web Development, Development",Amazon AWS,All Levels,13.5 hours,4.2,174,41394,"Rp149,000",1/2023,0,0,0,https://www.udemy.com/course/aws-react-deploy-an-auto-scaling-e-commerce-app-with-elb/
AWS Architect Masterclass: Zero to Certified Latest,3410432,saurabh Kumar,"AWS Certified Solutions Architect - Associate, IT Certifications, IT & Software",Amazon AWS,Intermediate,32 hours,4.7,17,111,"Rp249,000",8/2025,0,0,0,https://www.udemy.com/course/aws-saa-c02-a-complete-training-of-aws-cloud-computing/
AWS Certified Solutions Architect - Professional 2026 [NEW],1425762,Zeal Vora,"AWS Certified Solutions Architect - Professional, Amazon AWS, IT Certifications, IT & Software",Amazon AWS,Intermediate,44.5 hours,4.6,2891,21786,"Rp279,000",3/2026,32,0,13,https://www.udemy.com/course/aws-certified-solutions-architect-professional/
AWS for Beginners: The Ultimate Amazon Web Services Bootcamp,2991942,Ram Mohan,"Amazon AWS, Other IT & Software, IT & Software",Amazon AWS,Beginner,11 hours,4.3,98,16732,"Rp149,000",3/2022,3,0,29,https://www.udemy.com/course/the-ultimate-amazon-web-services-aws-bootcamp/
Complete AWS Certified Cloud Practitioner CLF-C02 2026,3942130,"Jon Bonso AWS Generative AI Developer, AWS Certified Solutions Architect, Tutorials Dojo | AWS Certified Cloud Practitioner, AWS Certified Solutions Architect, AWS Certified Developer","AWS Certified Cloud Practitioner, IT Certifications, IT & Software",Amazon AWS,Beginner,11.5 hours,4.2,71,504,"Rp149,000",1/2026,3,0,0,https://www.udemy.com/course/new-aws-certified-cloud-practitioner-clf-c02/
Master AWS Lambda: Go Serverless with AWS [2020],3511854,"in28Minutes Official, Open Cloud Solutions | Microsoft Azure Certification - AZ 900","AWS Lambda, Serverless Computing, Amazon AWS, Microsoft Azure, Other IT & Software",Amazon AWS,All Levels,12 hours,4.6,599,7568,"Rp149,000",8/2024,12,0,0,https://www.udemy.com/course/serverless-tutorial-aws-lambda-and-azure-functions/
Complete AWS Cloud Practitioner Training - CLF-C02,4763052,"Imran Afzal, Abbas Mehmood","AWS Certified Cloud Practitioner, Amazon AWS, IT Certifications, IT & Software",Amazon AWS,All Levels,21.5 hours,4.5,640,11787,"Rp149,000",4/2026,20,0,196,https://www.udemy.com/course/complete-aws-cloud-practitioner-training/
Master Amazon CloudFront: Complete CDN & HTTP Caching Course,6749991,Maurice Borgmeier,"Amazon CloudFront, Amazon AWS, Other IT & Software, IT & Software",Amazon AWS,Intermediate,8 hours,4.8,11,90,"Rp149,000",8/2025,0,0,0,https://www.udemy.com/course/master-amazon-cloudfront-complete-cdn-http-caching-course/
AWS AppSync & Amplify with React & GraphQL - Complete Guide,2552991,"Paulo Dichone | Software Engineer, AWS Cloud Practitioner & Instructor","AWS Amplify, GraphQL, Web Development, Development",Amazon AWS,All Levels,12 hours,4.2,1919,13882,"Rp149,000",8/2023,4,0,1,https://www.udemy.com/course/aws-appsync-amplify-with-react-graphql-course/
Intro to AWS Cloud in 1 Hour,6864107,365 Careers,"Amazon AWS, Cloud Computing, Other IT & Software, IT & Software",Amazon AWS,Beginner,1.5 hours,4.4,63,209,"Rp149,000",12/2025,0,0,4,https://www.udemy.com/course/intro-to-aws-cloud-in-1-hour/
Learning Path: AWS: AWS Environments with AWS Lambda,1212148,Packt Publishing,"AWS Lambda, Amazon AWS, Database Design & Development, Development",Amazon AWS,Beginner,5 hours,4.2,54,488,"Rp149,000",5/2017,0,0,0,https://www.udemy.com/course/learning-path-aws-aws-environments-with-aws-lambda/
AWS Bedrock Workshop (Build a Gen AI Chatbot) - Level 100,5838226,Himanshu Rana,"Amazon Bedrock, Generative AI (GenAI), Other IT & Software, IT & Software",Amazon AWS,All Levels,3 hours,4.3,458,4005,"Rp149,000",11/2025,1,0,0,https://www.udemy.com/course/aws-bedrock-workshop-build-a-gen-ai-chatbot-level-100/
AWS Certified SAP on AWS Specialty PAS-C01 Exam,5403602,"SuperDeal | ISC2 CC, CISSP, Comptia Security+ SY0-701, Cyber Security, DEA-C01, AWS SAP-C02, SAA-C03, Amazon","AWS Certified SAP on AWS - Specialty (Retired), IT Certifications, IT & Software",Amazon AWS,All Levels,N/A,4.5,32,367,"Rp149,000",3/2024,0,0,0,https://www.udemy.com/course/aws-certified-sap-on-aws-pas-c01-exam/
Practical AWS Certified Cloud Practitioner CLF-C02 Prep,5579306,A2IT InternEdge,"AWS Certified Cloud Practitioner, Amazon AWS, IT Certifications, IT & Software",Amazon AWS,All Levels,4 hours,5.0,1,4,"Rp149,000",1/2024,0,0,0,https://www.udemy.com/course/practical-aws-certified-cloud-practitioner-clf-c02-prep/
"AWS, JavaScript, React | Deploy Web Apps on the Cloud",4874962,YouAccel Training,"Cloud Computing, JavaScript, React JS, Web Development, Development",Amazon AWS,All Levels,25 hours,4.4,237,49942,"Rp149,000",3/2023,0,0,1,https://www.udemy.com/course/aws-javascript-react-deploy-web-apps-on-the-cloud/
Introduction to Cloud Computing on AWS for Beginners,4584252,Selfcode Academy,"Cloud Computing, AWS DevOps, IT Certifications, IT & Software",Amazon AWS,All Levels,3.5 hours,4.6,232,11282,"Rp149,000",6/2024,2,0,3,https://www.udemy.com/course/introduction-to-cloud-computing-on-aws-for-beginners-with-aws/
The Ultimate Guide to AWS Well-Architected Framework,6303681,Lakshmana Rao Karrothu,"SQL, Architectural Design, Design",Amazon AWS,All Levels,1.5 hours,5.0,26,49,"Rp149,000",8/2025,0,0,0,https://www.udemy.com/course/the-ultimate-guide-to-aws-well-architected-framework/
Amazon Bedrock - Learn AI on AWS with Python!,5710012,"Jose Portilla, Pierian Training","Amazon Bedrock, Other IT & Software, IT & Software",Amazon AWS,All Levels,3.5 hours,4.7,829,4035,"Rp149,000",12/2023,2,0,1,https://www.udemy.com/course/amazon-bedrock-learn-ai-on-aws-with-python/
Mastering AWS Serverless: Hands-On with Core AWS Services,6148101,"Anton Voroniuk, Atomic Wombat, Anton Voroniuk Support","Amazon AWS, AWS Lambda, Other IT & Software, IT & Software",Amazon AWS,Beginner,3 hours,4.4,535,43154,"Rp149,000",11/2024,1,0,0,https://www.udemy.com/course/mastering-aws-serverless-hands-on-with-core-aws-services/
AWS Certified Cloud Practitioner (CLF-C02)– 6 Practice Exams,5513748,"Jason Dion • 3 Million+ Enrollments Worldwide, Dion Training Solutions • ATO for ITIL & PRINCE2, Jamario Kelly, Dion Training Solutions, Jason Dion • 2.8 Million+ Enrollments Worldwide","AWS Certified Cloud Practitioner, IT Certifications, IT & Software",Amazon AWS,Intermediate,N/A,4.5,274,4023,"Rp149,000",4/2026,0,0,0,https://www.udemy.com/course/aws-certified-cloud-practitioner-clf-002-6-practice-exams/
Oracle Database on AWS: Exploring EC2 & RDS from scratch,1953398,Kshitij Joy (Cloud Alchemy),"Amazon RDS, Oracle Database, Amazon EC2, Other IT & Software, IT & Software",Amazon AWS,Intermediate,5 hours,4.1,1021,5051,"Rp149,000",11/2024,2,0,5,https://www.udemy.com/course/oracle-database-on-aws-exploring-ec2-rds-from-scratch/
Cloud Computing and Amazon Web Services (AWS) Fundamentals,4362406,YouAccel Training,"Cloud Computing, Amazon EC2, Web Development, Development",Amazon AWS,Beginner,2.5 hours,4.2,1158,78410,"Rp149,000",10/2021,0,0,0,https://www.udemy.com/course/cloud-computing-and-amazon-web-services-aws-fundamentals/
[NEW] AWS Certified Solutions Architect - Associate 2026,1328072,Zeal Vora,"AWS Certified Solutions Architect - Associate, Amazon AWS, IT Certifications, IT & Software",Amazon AWS,Beginner,35.5 hours,4.6,3841,21955,"Rp3,129,000",1/2026,11,0,6,https://www.udemy.com/course/aws-certified-solutions-architect-associate-2018/
Mastering AWS: A Complete Guide to Cloud Computing in 2026,2529094,Shikhar Verma,"AWS Certified Solutions Architect - Associate, IT Certifications, IT & Software",Amazon AWS,Beginner,15.5 hours,4.4,675,4355,"Rp149,000",3/2026,3,0,6,https://www.udemy.com/course/aws-certified-solutions-architect-associate-aws/
AWS Certified Cloud Practitioner CLF-C02 + Practice Exams.,5797070,Jairo Pirona | Trainer & Solutions Architect.,"AWS Certified Cloud Practitioner, IT Certifications, IT & Software",Amazon AWS,All Levels,11.5 hours,4.6,209,1505,"Rp149,000",9/2024,1,0,2,https://www.udemy.com/course/aws-certified-cloud-practitioner-clf-c02-by-jairo-pirona/
TOTAL: AWS Certified Solutions Architect Associate (SAA-C03),2087360,"Total Seminars Over 1 Million Enrollments, Tom Carpenter","AWS Certified Solutions Architect - Associate, Amazon AWS, IT Certifications, IT & Software",Amazon AWS,Beginner,23.5 hours,4.7,1511,15779,"Rp149,000",2/2023,0,0,23,https://www.udemy.com/course/aws-essentials-solutions-architect-assoc-the-total-course/
AWS Amazon S3 Mastery Bootcamp,1654364,Matt Bohn,"Amazon S3, Other IT & Software, IT & Software",Amazon AWS,All Levels,5.5 hours,4.4,1472,9480,"Rp149,000",10/2025,6,0,12,https://www.udemy.com/course/aws-foundations-amazon-s3-mastery-bootcamp/
Amazon AWS LightSail,1188296,Michael Mullins,"Amazon Lightsail, Other IT & Software, IT & Software",Amazon AWS,All Levels,2 hours,4.5,21,94,"Rp149,000",12/2017,0,0,0,https://www.udemy.com/course/lightsailexpert/
Amazon Web Services - Web Hosting & Cloud Computing With AWS,70112,Infinite Skills,"Amazon AWS, Web Hosting, Cloud Computing, Network & Security, IT & Software",Amazon AWS,All Levels,5 hours,4.5,530,5828,"Rp149,000",1/2017,1,0,1,https://www.udemy.com/course/amazon-web-services-for-web-hosting-cloud-computing/
AWS Certified Cloud Practitioner Exam Amazon CLF-C02,7085583,Stefan Sauer,"AWS Certified Cloud Practitioner, IT Certifications, IT & Software",Amazon AWS,All Levels,N/A,5.0,2,2,"Rp149,000",3/2026,0,0,0,https://www.udemy.com/course/aws-certified-cloud-practitioner-exam-amazon-clf-c02/
AWS: Elastic Load Balancing with Auto Scaling Groups,4925158,"YouAccel Training, Blue Digital Media","AWS Elastic Load Balancing, Cloud Computing, Amazon Elastic Block Store, Web Development, Development",Amazon AWS,All Levels,8 hours,4.5,140,27159,"Rp149,000",1/2023,0,0,0,https://www.udemy.com/course/aws-elastic-load-balancing-with-auto-scaling-groups/
AWS Certified Solutions Architect (Cert Guide): AWS Hands-on,1329968,"TELCOMA Global | Leading Since 2009 | 75,000+ Students","AWS Certified Solutions Architect - Associate, Amazon AWS, IT Certifications, IT & Software",Amazon AWS,All Levels,13 hours,3.4,92,4086,"Rp149,000",9/2017,2,0,1,https://www.udemy.com/course/aws-certified-solutions-architect-aws-cert-guide/
Amazon (AWS) QuickSight - Getting Started,1244764,"Manuel Lorenz, Academind by Maximilian Schwarzmüller, Maximilian Schwarzmüller","Amazon QuickSight, Amazon AWS, Business Analytics & Intelligence, Business",Amazon AWS,All Levels,5.5 hours,4.4,2739,12895,"Rp149,000",11/2022,5,0,10,https://www.udemy.com/course/amazon-aws-quicksight-getting-started/
Build and Deploy Responsive Websites on AWS using HTML & CSS,5037480,YouAccel Training,"Cloud Computing, HTML, CSS, Web Development, Development",Amazon AWS,Beginner,13.5 hours,4.7,112,27524,"Rp149,000",2/2023,0,0,0,https://www.udemy.com/course/build-and-deploy-responsive-websites-on-aws-using-html-css/
AWS Essentials: A Complete Beginner's Guide,6137243,Learnify IT,"Amazon AWS, Data Science, Development",Amazon AWS,All Levels,5.5 hours,4.5,645,42592,"Rp149,000",8/2024,0,0,0,https://www.udemy.com/course/aws-essentials-a-complete-beginners-guide/
AWS Certified Advanced Networking - Specialty 2025 [NEW],1581742,Zeal Vora,"AWS Certified Advanced Networking - Specialty, IT Certifications, IT & Software",Amazon AWS,Intermediate,35.5 hours,4.5,1792,13887,"Rp329,000",3/2026,28,0,4,https://www.udemy.com/course/aws-certified-advanced-networking-specialty/
AWS Essentials - Hands-on Learning,2025022,"Tek Smart Learning, Amit Arora, Sowjanya Kolli","Amazon AWS, Other IT & Software, IT & Software",Amazon AWS,All Levels,5.5 hours,4.5,7232,17598,"Rp149,000",11/2018,0,0,4,https://www.udemy.com/course/aws-essentials-hands-on-learning/
Mastering GenAI on AWS,6150915,Ricky Brar,"Generative AI (GenAI), Amazon AWS, Data Science, Development",Amazon AWS,Intermediate,4 hours,4.4,10,70,"Rp149,000",12/2024,1,0,0,https://www.udemy.com/course/mastering-genai-on-aws/
AWS Simulated Job Interviews by the AWS Coaches,3922876,Rick Crisci,"Amazon AWS, Amazon S3, Amazon EC2, Amazon Route 53, Other IT & Software",Amazon AWS,Beginner,2 hours,4.4,352,5227,"Rp149,000",9/2024,1,0,0,https://www.udemy.com/course/awsinterview/
AWS SAM Framework and AWS Lambda - A Complete Hands-on Guide,4740972,"Paulo Dichone | Software Engineer, AWS Cloud Practitioner & Instructor","AWS Lambda, Other IT & Software, IT & Software",Amazon AWS,All Levels,7.5 hours,4.4,357,2838,"Rp149,000",8/2024,3,0,8,https://www.udemy.com/course/aws-sam-framework-and-aws-lambda/
Cloud-Powered Web App Development with AWS and PHP,5037456,"YouAccel Training, Blue Digital Media","Amazon EC2, PHP (programming language), Web Development, Development",Amazon AWS,Beginner,14.5 hours,4.5,135,32172,"Rp149,000",2/2023,0,0,0,https://www.udemy.com/course/cloud-powered-web-app-development-with-aws-and-php/
NEW AWS Certified Solutions Architect - Associate,2599968,"Syed Raza, Qasim Shah, Ali Bokhari, ClayDesk E-learning, Myra Gul","AWS Certified Solutions Architect - Associate, IT Certifications, IT & Software",Amazon AWS,All Levels,13 hours,4.5,3008,60195,"Rp149,000",2/2024,13,0,4,https://www.udemy.com/course/aws-certified-solutions-architect-associate-new-course/
"AWS Beginner to Intermediate: EC2, IAM, ELB, ASG, Route 53",5029488,YouAccel Training,"Amazon EC2, Cloud Computing, Web Development, Development",Amazon AWS,All Levels,9.5 hours,4.6,303,39199,"Rp149,000",1/2023,0,0,0,https://www.udemy.com/course/aws-beginner-to-intermediate-ec2-iam-elb-asg-route-53/
"[NEW] Amazon EC2, AutoScaling - ELB for Professionals on AWS",6129491,Jairo Pirona | Trainer & Solutions Architect.,"Amazon AWS, Amazon EC2, IT Certifications, IT & Software",Amazon AWS,All Levels,9 hours,4.4,10,48,"Rp149,000",8/2024,1,0,12,https://www.udemy.com/course/amazon-ec2-autoscaling-elb-for-professionals-on-aws-by-jairo-pirona/
Advanced Architecting on AWS,1900146,Rohan Arora,"AWS Certified Solutions Architect - Professional, Amazon AWS, Cloud Computing, IT Certifications, IT & Software",Amazon AWS,Expert,13 hours,4.3,238,2066,"Rp149,000",11/2021,0,0,6,https://www.udemy.com/course/advanced-architecting-on-aws/
AWS Cloud Practitioner 2022 [ 7 Labs + Final project],4460844,Basel Magableh,"AWS CloudFormation, IT Certifications, IT & Software",Amazon AWS,Beginner,10 hours,4.7,9,1103,"Rp149,000",6/2022,0,0,1,https://www.udemy.com/course/aws-cloud-foundations-2022/
AWS Certified AI Practitioner - AIF-C01,6476725,Alan Rodrigues,"Generative AI (GenAI), Machine Learning, Amazon AWS, IT Certifications, IT & Software",Amazon AWS,All Levels,8 hours,4.5,845,2730,"Rp149,000",3/2026,6,0,3,https://www.udemy.com/course/aws-certified-ai-practitioner-1/
AWS Certified Advanced Networking - Specialty Amazon ANS-C01,7085591,Stefan Sauer,"Amazon AWS, IT Certifications, IT & Software",Amazon AWS,All Levels,N/A,5.0,1,2,"Rp149,000",3/2026,0,0,0,https://www.udemy.com/course/aws-certified-advanced-networking-specialty-amazon-ans-c01/
Ultimate AWS Certified Solutions Architect Associate SAA-C03,2553789,Vijay Patel,"AWS Certified Solutions Architect - Associate, IT Certifications, IT & Software",Amazon AWS,All Levels,7 hours,4.2,661,16084,"Rp149,000",1/2024,0,0,0,https://www.udemy.com/course/aws-certified-solution-architect-associate-2019/
AWS Services for Solutions Architect Associate,2932070,"EdYoda for Business, Ashish Pandey","AWS Certified Solutions Architect - Associate, IT Certifications, IT & Software",Amazon AWS,Beginner,11 hours,4.6,2951,236980,"Rp149,000",6/2023,0,0,0,https://www.udemy.com/course/aws-services-for-solutions-architect-associates-course/
Cloud Computing Essentials - 2026 Version,2488444,Anand Rao Nednur,"AZ-900: Microsoft Azure Fundamentals, Network & Security, IT & Software",Amazon AWS,Beginner,4.5 hours,4.6,8626,23582,"Rp149,000",2/2026,0,0,0,https://www.udemy.com/course/az-900-basics-of-cloud-computing/
Complete Guide to Setup AWS SES Email Server with WordPress,1653876,Sorted Odoo,"WordPress, Amazon AWS, Web Development, Development",Amazon AWS,All Levels,1 hour,4.1,16,152,"Rp149,000",3/2022,1,0,1,https://www.udemy.com/course/complete-guide-to-setup-aws-ses-email-server-with-wordpress/
AWS Certified Cloud Practitioner Practice Tests,3628752,"in28Minutes Official, Ranga Karanam | GCP Certification - Google Cloud Engineer & Architect","AWS Certified Cloud Practitioner, IT Certifications, IT & Software",Amazon AWS,All Levels,N/A,4.5,1939,23425,"Rp149,000",5/2024,0,0,0,https://www.udemy.com/course/aws-certified-cloud-practitioner-5-practice-tests/
Master Course : Amazon S3 Simple Storage Service (Deep Dive),5256836,Dr. José Prabhu J,"Amazon S3, AWS CloudFormation, AWS Lambda, Other IT & Software, IT & Software",Amazon AWS,All Levels,1 hour,4.1,178,25868,"Rp149,000",7/2025,0,0,0,https://www.udemy.com/course/amazon-s3-simple-storage-service-aws-s3-amazon-lambda-cloud-storage/
Generative AI & Amazon Bedrock Ultimate Hands-on Course 2026,6183225,Cloud Guru Amit,"Amazon AWS, Generative AI (GenAI), Other IT & Software, IT & Software",Amazon AWS,All Levels,7.5 hours,4.3,46,1376,"Rp149,000",2/2026,0,0,90,https://www.udemy.com/course/amazon-bedrock-aws-generative-ai-course/
Master Course in AWS Well-Architected Framework (101 level),5696692,Dr. José Prabhu J,"Amazon AWS, Amazon Virtual Private Cloud (VPC), Other IT & Software, IT & Software",Amazon AWS,All Levels,1 hour,3.8,102,9344,"Rp149,000",7/2025,0,0,0,https://www.udemy.com/course/master-course-in-aws-well-architected-framework-101-level/
Introduction to Data Analytics on Amazon AWS Cloud,3832326,SKILL CURB,"Amazon Redshift, Amazon QuickSight, SQL, AWS Glue, Other IT & Software",Amazon AWS,Beginner,5 hours,3.9,64,352,"Rp149,000",4/2021,0,0,7,https://www.udemy.com/course/introduction-to-data-analytics-on-amazon-aws-cloud/
AWS Certified Solutions Architect Associate - Hands-On+Exam,5914092,Deepak Dubey,"AWS Certified Solutions Architect - Associate, IT Certifications, IT & Software",Amazon AWS,Beginner,56 hours,4.3,304,40823,"Rp149,000",4/2026,0,0,137,https://www.udemy.com/course/aws-certified-sa/
Building and Hosting Websites with AWS EC2 and S3,6314709,EDUCBA Bridging the Gap,"Amazon EC2, Data Science, Development",Amazon AWS,All Levels,7.5 hours,4.4,8,162,"Rp149,000",12/2024,0,0,0,https://www.udemy.com/course/building-and-hosting-websites-with-aws-ec2-and-s3/
AWS Certified Cloud Practitioner: Exam Prep & Cloud Mastery,6071763,YouAccel Training,"AWS Certified Cloud Practitioner, IT Certifications, IT & Software",Amazon AWS,All Levels,43.5 hours,4.2,58,8693,"Rp149,000",1/2025,1,0,164,https://www.udemy.com/course/aws-certified-cloud-practitioner-exam-prep-cloud-mastery/
[old] Building AWS Basic Architecture for super beginners,3887162,Ethan.Tyler,"AWS Certified Solutions Architect - Associate, IT Certifications, IT & Software",Amazon AWS,Beginner,12 hours,4.6,537,33807,"Rp149,000",5/2023,1,0,1,https://www.udemy.com/course/building-aws-architecture-for-super-beginners/
Learn AWS The Hard Way,923290,Rohan Arora,"Amazon AWS, Cloud Computing, Network & Security, IT & Software",Amazon AWS,All Levels,21 hours,4.3,711,5274,"Rp149,000",11/2021,0,0,24,https://www.udemy.com/course/learn-aws-the-hard-way/
AWS Certified Solutions Architect Associate: Complete Course,3220231,"Juan E. Galvan, Ismail Tigrek, Muhammad Hamza Javed","AWS Certified Solutions Architect - Associate, Amazon AWS, IT Certifications, IT & Software",Amazon AWS,Beginner,21.5 hours,3.7,459,29050,"Rp149,000",9/2021,0,0,1,https://www.udemy.com/course/aws-certified-solutions-architect-associate-master-course/
AWS Elastic Beanstalk - Master Class|Hands On Learning!,2539266,"Kalyan Reddy Daida | DevOps & SRE Architect on AWS, Azure & Google Cloud Platforms","AWS Elastic Beanstalk, AWS CodePipeline, Other IT & Software, IT & Software",Amazon AWS,All Levels,14.5 hours,4.3,373,7589,"Rp149,000",3/2026,5,0,1,https://www.udemy.com/course/aws-elastic-beanstalk-master-class/
AWS Certified Solution Architect Associate - Preparation,1791362,Alan Rodrigues,"AWS Certified Solutions Architect - Associate, Amazon AWS, IT Certifications, IT & Software",Amazon AWS,All Levels,14.5 hours,4.6,1112,10492,"Rp149,000",10/2019,0,0,4,https://www.udemy.com/course/aws-certified-solution-architect-associate-prep/
AWS Certified Solutions Architect the complete course,5514212,Fabrice Chrzanowski,"AWS Certified Solutions Architect - Associate, Amazon AWS, IT Certifications, IT & Software",Amazon AWS,Beginner,15 hours,3.5,1,2,"Rp149,000",7/2025,0,0,2,https://www.udemy.com/course/mastering-aws-solutions-architect-associate-saa-c03/
AWS Solutions Architect Associate (SAA-C03) Exam Prep Course,4940110,"Maruchin Tech, Maruchin Tech","AWS Certified Solutions Architect - Associate, IT Certifications, IT & Software",Amazon AWS,Intermediate,22.5 hours,4.6,35,601,"Rp149,000",11/2025,2,0,17,https://www.udemy.com/course/aws-certified-solutions-architect-associate-training-saa-c03/
Part 1: AWS Certified Solutions Architect SAA C03 [2025],1135330,"Chandra Lingam, Compute with Cloud Support","AWS Certified Solutions Architect - Associate, IT Certifications, IT & Software",Amazon AWS,All Levels,15 hours,4.6,2232,16647,"Rp149,000",7/2025,105,0,41,https://www.udemy.com/course/aws-certified-solutions-architect-guide-question-bank-i/
"Amazon (AWS) QuickSight, Glue, Athena and S3 Fundamentals",1919594,"ClayDesk E-learning, Syed Raza, Ali Bokhari, Qasim Shah","Amazon QuickSight, Amazon AWS, AWS Glue, Business Analytics & Intelligence, Business",Amazon AWS,All Levels,3.5 hours,4.0,287,8117,"Rp149,000",11/2021,1,0,4,https://www.udemy.com/course/aws-quicksight-datalake/
Cloud Computing with AWS for Absolute Beginners,6020724,Pravin Mishra | AWS Certified Cloud Practitioner | Solutions Architect,"Cloud Computing, Amazon AWS, IT Fundamentals, IT Certifications, IT & Software",Amazon AWS,Beginner,9 hours,4.5,93,2635,"Rp149,000",7/2025,16,0,15,https://www.udemy.com/course/aws-cloud-computing-for-absolute-beginners/
Amazon Cognito: The Complete Introduction,2268814,Cloud Shikshak,"Amazon Cognito, Web Development, Development",Amazon AWS,All Levels,1.5 hours,4.2,448,2669,"Rp149,000",5/2023,1,0,6,https://www.udemy.com/course/amazon-cognito-the-complete-introduction-2019/
Docker to Amazon AWS Deploy Java & .NET Apps with Travis CI,2988920,"Leandro Costa, Erudio Training, Erudio Training Support","DevOps, Cloud Computing, Continuous Integration, Docker, Software Development Tools",Amazon AWS,Intermediate,4.5 hours,4.4,39,3196,"Rp149,000",12/2024,0,0,25,https://www.udemy.com/course/docker-to-amazon-aws-deploy-java-net-apps-with-travis-ci/
AWS Cloud Migration For IT Professionals,2338224,"Qasim Shah, Syed Raza","Amazon AWS, AWS CloudFormation, AWS Lambda, Operating Systems & Servers, IT & Software",Amazon AWS,Intermediate,3.5 hours,3.9,162,4965,"Rp149,000",12/2023,1,0,0,https://www.udemy.com/course/aws-cloud-migration-for-it-professionals/
PRACTICE TEST - AWS Certified Cloud Practitioner CLF-C02,5614236,"Andre Iacono | 395000+ Students | Author · Deep Learning AI Specialist |, NYC Training","AWS Certified Cloud Practitioner, IT Certifications, IT & Software",Amazon AWS,All Levels,N/A,4.4,289,3093,"Rp149,000",6/2025,0,0,0,https://www.udemy.com/course/aws-certified-cloud-practitioner-clf-c02-exam-questions/
Amazon WorkSpaces - The Secured Virtual Desktops on AWS,3083278,Jasvinder Singh Bhatia,"Amazon AWS, Other IT & Software, IT & Software",Amazon AWS,All Levels,2 hours,3.9,72,321,"Rp149,000",11/2022,0,0,0,https://www.udemy.com/course/aws-workspaces/
AWS Certified Developer Associate (DVA) Exam Prep Course,6924069,"Maruchin Tech, Maruchin Tech","AWS Certified Developer - Associate, IT Certifications, IT & Software",Amazon AWS,Intermediate,18.5 hours,4.5,1,1,"Rp149,000",11/2025,1,0,31,https://www.udemy.com/course/aws-developer-associate-dva-en/
AWS Certification Exams- A complete guide,2233114,Harshit Srivastava,"Amazon AWS, IT Certifications, IT & Software",Amazon AWS,All Levels,2.5 hours,4.9,11,852,"Rp149,000",10/2023,2,0,0,https://www.udemy.com/course/aws-certification-exams-a-complete-guide/
Amazon AWS EC2 Masterclass,2596526,"Qasim Shah, Syed Raza","Amazon AWS, Amazon EC2, Amazon ECS, Network & Security, IT & Software",Amazon AWS,All Levels,4.5 hours,4.3,163,9644,"Rp149,000",11/2021,1,0,1,https://www.udemy.com/course/amazon-aws-ec2-masterclass/
AWS Certified Generative AI Developer Amazon AIP-C01,7085603,Stefan Sauer,"Amazon AWS, IT Certifications, IT & Software",Amazon AWS,All Levels,N/A,3.9,2,4,"Rp149,000",3/2026,0,0,0,https://www.udemy.com/course/aws-certified-generative-ai-developer-amazon-aip-c01/
Amazon AWS Certified Solutions Architect-Associate Prep Exam,6731369,Belad Tech Academy,"AWS Certified Solutions Architect - Associate, Amazon AWS, IT Certifications, IT & Software",Amazon AWS,Beginner,N/A,4.6,2,2161,"Rp149,000",7/2025,0,0,0,https://www.udemy.com/course/amazon-aws-certified-solutions-architect-associate-prep-exam/
Boto3 (AWS SDK for python) Course | 60 min crash course,5195366,Ankush Gambhir,"Boto, Other IT & Software, IT & Software",Amazon AWS,All Levels,1 hour,4.2,14,47,"Rp149,000",6/2024,0,0,0,https://www.udemy.com/course/boto3-aws-sdk-for-python-course-2023/
Amazon Web Services Fundamentals,1568298,Stone River eLearning,"Amazon AWS, Other IT & Software, IT & Software",Amazon AWS,Beginner,6 hours,4.1,42,162,"Rp169,000",10/2018,0,0,5,https://www.udemy.com/course/amazon-web-services-basic/
AWS Certified Solutions Architect Associate SAA-C03 Exam,5710018,"SuperDeal | ISC2 CC, CISSP, Comptia Security+ SY0-701, Cyber Security, DEA-C01, AWS SAP-C02, SAA-C03, Amazon","AWS Certified Solutions Architect - Associate, IT Certifications, IT & Software",Amazon AWS,All Levels,N/A,5.0,5,102,"Rp149,000",9/2025,0,0,0,https://www.udemy.com/course/aws-certified-solutions-architect-associate-saa-c03-exam-n/
Deploy a Serverless Django web app with AWS Fargate,4850752,Arno Pretorius,"Django, Cloud Computing, Other IT & Software, IT & Software",Amazon AWS,Intermediate,6 hours,4.8,71,580,"Rp159,000",3/2026,8,0,6,https://www.udemy.com/course/deploy-a-serverless-django-web-app-with-aws-fargate-2022/
"Cloud Computing for Complete Beginners [ AWS , Wordpress ]",4682558,Arman Hadi,"Cloud Computing, Linux, WordPress, Amazon AWS, Operating Systems & Servers",Amazon AWS,Beginner,2 hours,4.7,103,6185,"Rp149,000",1/2023,0,0,0,https://www.udemy.com/course/cloud-computing-for-complete-beginners/
Securing Amazon EC2 Instances: AWS Elastic Compute Cloud,4964348,"Bootstrap IT, David Clinton","Amazon EC2, Server Infrastructure, Amazon Virtual Private Cloud (VPC), AWS Security Services, Network & Security",Amazon AWS,Intermediate,1 hour,4.7,16,3141,"Rp149,000",1/2023,2,0,0,https://www.udemy.com/course/securing-amazon-ec2-instances/
Beginners Guide to Landing Pages on Amazon AWS,857526,Ben Emson,"Landing Page Optimization, Digital Marketing, Marketing",Amazon AWS,All Levels,2.5 hours,4.4,60,1347,"Rp149,000",11/2017,2,0,2,https://www.udemy.com/course/go-landing-pages/
[NEW] Complete Amazon ECS Bootcamp - From Zero to Hero,5911124,Seedha Logic,"Amazon ECS, Other IT & Software, IT & Software",Amazon AWS,All Levels,3.5 hours,4.3,29,1149,"Rp149,000",5/2024,0,0,0,https://www.udemy.com/course/complete-amazon-ecs-bootcamp-from-zero-to-hero/
Manage And Secure Your DNS In The Cloud With AWS Route 53,2486182,"TetraNoodle Team, Manuj Aggarwal, Manuj Aggarwal","DNS, Network & Security, IT & Software",Amazon AWS,All Levels,4.5 hours,4.2,37,238,"Rp149,000",8/2019,0,0,0,https://www.udemy.com/course/manage-and-secure-your-dns-in-the-cloud-with-aws-route-53/
Deploy Java Spring Boot 4 Apps Online to Amazon Cloud (AWS),5772450,"Chad Darby, Harinath Kuntamukkala","Spring Boot, Spring Framework, Amazon AWS, Programming Languages, Development",Amazon AWS,All Levels,2.5 hours,4.5,451,5603,"Rp149,000",3/2026,3,0,2,https://www.udemy.com/course/deploy-spring-boot-3-apps-to-aws/
Amazon AWS Certified Solutions Architect - Associate SAA-C03,5819340,Makram Amor,"AWS Certified Solutions Architect - Associate, Amazon AWS, AWS Certified Solutions Architect - Professional, AWS Certified Cloud Practitioner, IT Certifications",Amazon AWS,All Levels,N/A,5.0,1,2,"Rp149,000",2/2024,0,0,0,https://www.udemy.com/course/amazon-aws-certified-solutions-architect-associate-saa-c03-zd/
Amazon VPC Mastery for AWS Certifications,2580864,Coding Gears | Train Your Brain,"Amazon Virtual Private Cloud (VPC), Network & Security, IT & Software",Amazon AWS,Beginner,5 hours,4.3,24,2092,"Rp149,000",1/2021,7,0,6,https://www.udemy.com/course/amazon-vpc-mastery-for-aws-certifications/
Fundamentals of Cloud computing,4431250,"Techspring Learning, Andre Camillo","Cloud Security, Azure Compute, Network & Security, IT & Software",Amazon AWS,Beginner,1.5 hours,4.4,40,123,"Rp149,000",1/2022,0,0,0,https://www.udemy.com/course/fundamentals-of-cloud/
Amazon CloudWatch in 60 Minutes: Monitor your AWS resources,3128784,Releaseworks Academy,"Amazon AWS, Application Performance Management, Software Engineering, Development",Amazon AWS,All Levels,1 hour,3.9,89,513,"Rp149,000",5/2020,2,0,0,https://www.udemy.com/course/aws-monitoring/
Amazon AWS Certified Developer - Associate Practice Exams,6686131,"Belad Tech Academy, Belad Creative Studio","AWS Certified Developer - Associate, Amazon AWS, IT Certifications, IT & Software",Amazon AWS,Beginner,N/A,4.2,4,2119,"Rp149,000",7/2025,0,0,0,https://www.udemy.com/course/amazon-aws-certified-developer-associate-practice-exams-w/
Amazon AWS Certified Cloud Practitioner (CLF-C02) Prep Exam,6640061,"Belad Tech Academy, Belad Creative Studio","Amazon AWS, AWS Certified Cloud Practitioner, IT Certifications, IT & Software",Amazon AWS,Beginner,N/A,5.0,3,2486,"Rp149,000",3/2026,0,0,0,https://www.udemy.com/course/amazon-aws-certified-cloud-practitioner-clf-c02-prep-exam/
AWS Certified Security - Specialty Amazon SCS-C02,7085555,Stefan Sauer,"AWS Certified Security - Specialty, IT Certifications, IT & Software",Amazon AWS,Beginner,N/A,5.0,1,4,"Rp149,000",3/2026,0,0,0,https://www.udemy.com/course/aws-certified-security-specialty-amazon-scs-c02/
Introduction to Cloud Computing,4311446,Destin Learning,"Cloud Computing, Other IT & Software, IT & Software",Amazon AWS,Beginner,1.5 hours,4.5,11,36,"Rp149,000",2/2022,0,0,3,https://www.udemy.com/course/introduction-to-cloud-computing-z/
Amazon AWS Certified Solutions Architect - Associate SAA-C03,5003624,"Fahd Sheraz - Best Selling Top Udemy Instructor, Hira Mariam","AWS Certified Solutions Architect - Associate, IT Certifications, IT & Software",Amazon AWS,Beginner,N/A,4.8,6,3115,"Rp149,000",1/2026,0,0,0,https://www.udemy.com/course/amazon-aws-certified-solutions-architect-associate-saa-c03-i/
Ultimate AWS Certified Developer Associate Masterclass,3198774,"Syed Raza, Myra Gul, Qasim Shah, Ali Bokhari, ClayDesk E-learning","AWS Certified Developer - Associate, IT Certifications, IT & Software",Amazon AWS,All Levels,34.5 hours,4.2,225,29313,"Rp149,000",3/2024,23,0,32,https://www.udemy.com/course/aws-certified-developer-associate-masterclass/
Amazon AWS : Your Ultimate Beginner's Guide,6300869,Fabrice Chrzanowski,"Amazon AWS, AWS Certified Cloud Practitioner, Other IT & Software, IT & Software",Amazon AWS,Beginner,3.5 hours,4.2,N/A,N/A,"Rp149,000",12/2024,0,0,0,https://www.udemy.com/course/amazon-aws-your-ultimate-beginners-guide/
Master SQL and NoSQL Database: AWS DynamoDB and Amazon RDS,4392504,Harshit Srivastava,"DynamoDB, Amazon RDS, Database Design & Development, Development",Amazon AWS,All Levels,1.5 hours,4.3,37,5386,"Rp149,000",4/2023,0,0,0,https://www.udemy.com/course/master-amazon-dynamodb-and-amazon-rds-on-aws/
Amazon Connect AWS Contact Center VOIP Bootcamp zero to hero,3582756,Salman Razi,"Call Center, Asterisk, Other IT & Software, IT & Software",Amazon AWS,All Levels,3 hours,4.2,192,3856,"Rp149,000",4/2021,0,0,10,https://www.udemy.com/course/complete-aws-call-centervoip-course-bootcamp-zero-to-hero/
Amazon Appstream 2.0,3261408,Shyam Kukreja,"Amazon AWS, Network & Security, IT & Software",Amazon AWS,Beginner,1.5 hours,4.0,21,91,"Rp149,000",7/2020,0,0,0,https://www.udemy.com/course/aws-appstream-2/
Mastering AWS Administration,2304880,Packt Publishing,"Amazon AWS, Database Design & Development, Development",Amazon AWS,Intermediate,2.5 hours,4.2,7,84,"Rp149,000",4/2019,0,0,0,https://www.udemy.com/course/mastering-aws-administration/
Learn Cloud Computing from Scratch,270820,"Eduonix Learning Solutions, Eduonix-Tech .","Cloud Computing, Software Engineering, Development",Amazon AWS,All Levels,2.5 hours,3.9,573,13394,"Rp149,000",12/2018,1,0,7,https://www.udemy.com/course/learn-cloud-computing-from-scratch/
Fundamental Questions on AWS,3811216,Harish Kumar Maheshwari,"Amazon AWS, Engineering, Teaching & Academics",Amazon AWS,All Levels,N/A,4.1,67,15615,"Rp149,000",9/2023,0,0,0,https://www.udemy.com/course/fundamental-question-on-aws/
Amazon S3 - Master course,3878746,Harshavardhan Nara,"Amazon S3, Web Development, Development",Amazon AWS,All Levels,2 hours,4.2,39,4198,"Rp149,000",3/2021,0,0,7,https://www.udemy.com/course/amazon-s3-master-course/
AWS Certified Cloud Practitioner CLF-C01 Exam Questions,3049552,Andre Iacono | 395000+ Students | Author · Deep Learning AI Specialist |,"AWS Certified Cloud Practitioner, IT Certifications, IT & Software",Amazon AWS,Beginner,N/A,4.2,471,3630,"Rp149,000",10/2023,0,0,0,https://www.udemy.com/course/simulado-aws-certified-cloud-practitioner/
AWS Admin All-in-One: 4-in-1,1710486,Packt Publishing,"Amazon AWS, Network & Security, IT & Software",Amazon AWS,Expert,7.5 hours,4.0,13,206,"Rp149,000",5/2018,0,0,0,https://www.udemy.com/course/aws-admin-all-in-one-4-in-1/
AWS Certified DevOps Engineer - Professional Amazon DOP-C02,7085577,Stefan Sauer,"AWS Certified DevOps Engineer - Professional, IT Certifications, IT & Software",Amazon AWS,All Levels,N/A,5.0,1,2,"Rp149,000",3/2026,0,0,0,https://www.udemy.com/course/aws-certified-devops-engineer-professional-amazon-dop-c02/
AWS Certified Data Analytics - Specialty Amazon DAS-C01,7085581,Stefan Sauer,"AWS Certified Data Analytics - Specialty (Retired), IT Certifications, IT & Software",Amazon AWS,All Levels,N/A,5.0,1,1,"Rp149,000",3/2026,0,0,0,https://www.udemy.com/course/aws-certified-data-analytics-specialty-amazon-das-c01/
AWS Certified Solutions Architect - Associate (SAA-C03) Exam,5700226,Master Mind Prep,"AWS Certified Solutions Architect - Associate, IT Certifications, IT & Software",Amazon AWS,All Levels,N/A,4.0,8,2388,"Rp149,000",1/2025,0,0,0,https://www.udemy.com/course/aws-certified-solutions-architect-practice-exams-2024/
Deploy Java Spring Apps Online to Amazon Cloud (AWS),1599662,"Chad Darby, Harinath Kuntamukkala","Spring Framework, Java, Amazon AWS, Programming Languages, Development",Amazon AWS,All Levels,2 hours,4.4,2200,42370,"Rp149,000",1/2026,10,0,8,https://www.udemy.com/course/deploy-java-spring-apps-online/
"VPS, Web & WordPress Hosting with Amazon Lightsail | AWS",5383508,Mohit Kumar,"Amazon Lightsail, Other IT & Software, IT & Software",Amazon AWS,Beginner,2.5 hours,4.7,3,436,"Rp149,000",12/2023,2,0,0,https://www.udemy.com/course/vps-web-wordpress-hosting-with-amazon-lightsail-aws/
"Master Containerization with AWS: Amazon ECS, EKS, Fargate",4372402,Pranjal Srivastava,"Docker, Kubernetes, Amazon ECS, Amazon EKS, Software Development Tools",Amazon AWS,All Levels,2.5 hours,4.0,93,7414,"Rp149,000",11/2022,0,0,0,https://www.udemy.com/course/aws-ecs-fargate-eks/
AWS Certified Cloud Practitioner Foundational 101 Course,5666046,Dr. José Prabhu J,"AWS Certified Cloud Practitioner, AWS CloudFormation, AWS Cloud Development Kit (CDK), IT Certifications, IT & Software",Amazon AWS,All Levels,3 hours,4.2,361,17501,"Rp149,000",7/2025,1,0,0,https://www.udemy.com/course/aws-certified-cloud-practitioner-foundational-101-course/
Mastering Security Tools on Amazon Cloud,1982840,Harshit Srivastava,"Amazon AWS, Cloud Security, Network & Security, IT & Software",Amazon AWS,All Levels,4 hours,3.7,32,874,"Rp149,000",6/2023,1,0,0,https://www.udemy.com/course/mastering-security-tools-on-amazon-cloud-aws/
Introduction to the AWS Command Line Interface (CLI),1340852,"Bipra Tech, Cloud Yeti","Amazon AWS, Other IT & Software, IT & Software",Amazon AWS,All Levels,6.5 hours,4.5,351,9706,"Rp447,000.00",12/2018,3,0,16,https://www.udemy.com/course/aws-cli-course/
Amazon Connect Cloud Contact Centre Complete Course,6366035,Saroj Kumar Jena,"Amazon Connect, Amazon AWS, Other IT & Software, IT & Software",Amazon AWS,Beginner,21.5 hours,3.9,30,64,"Rp1,199,000",1/2026,0,0,0,https://www.udemy.com/course/amazon-connect-cloud-contact-centre-and-aws-services-eng/
Introduction to Cloud Computing with Amazon Web Services,801370,Infinite Skills,"Amazon AWS, Cloud Computing, Other IT & Software, IT & Software",Amazon AWS,All Levels,4 hours,4.3,882,3923,"Rp149,000",1/2017,1,0,1,https://www.udemy.com/course/introduction-to-cloud-computing-with-amazon-web-services/
EC2 automation with Amazon EventBridge,4845700,Yusuke Takahashi,"Amazon EC2, Operating Systems & Servers, IT & Software",Amazon AWS,Intermediate,1 hour,4.0,1,11,"Rp149,000",7/2025,0,0,7,https://www.udemy.com/course/ec2-automation/
Mastering AWS Lightsail: An In-Depth Guide to Cloud Hosting,2551135,Shehzad Arain,"Amazon Lightsail, Web Development, Development",Amazon AWS,All Levels,1 hour,4.5,2,16,"Rp149,000",6/2023,0,0,0,https://www.udemy.com/course/learn-how-to-use-aws-lightsail-hosting-for-your-application/
Amazon Cloud Practitioner CLF-C02 Practice Exam,3511144,"Nick Gorgo, ExamsDigest • 230,000+ Enrolled students [NOW ON UDEMY]","AWS Certified Cloud Practitioner, IT Certifications, IT & Software",Amazon AWS,Beginner,N/A,4.7,7,24,"Rp149,000",6/2025,0,0,0,https://www.udemy.com/course/new-amazon-cloud-practitioner-clf-001-practice-exam-qa/
Cloud Computing Course Introductory Azure AWS Heroku,6023956,Khaja Mohamed,"Cloud Computing, AWS Certified Cloud Practitioner, Microsoft Azure, Other IT & Software, IT & Software",Amazon AWS,All Levels,1.5 hours,4.3,27,1786,"Rp149,000",4/2025,18,0,0,https://www.udemy.com/course/cloud-computing-course/
AWS Certified Solutions Architect Associate 2021- Complete,1043248,"TELCOMA Global | Leading Since 2009 | 75,000+ Students","AWS Certified Solutions Architect - Associate, IT Certifications, IT & Software",Amazon AWS,Beginner,15.5 hours,3.7,168,2668,"Rp149,000",11/2021,12,0,0,https://www.udemy.com/course/aws-certified-solutions-architect-associate-complete-course/
AWS RDS and Data Migration Assistant,3977598,Infra Xpertzz,"AWS Databases, Other IT & Software, IT & Software",Amazon AWS,Intermediate,10 hours,3.7,15,162,"Rp149,000",3/2023,0,0,2,https://www.udemy.com/course/aws-rds-and-database-migration-service/
Introduction to AWS - EC2 Deployment Fundamentals,421168,Infinite Skills,"AWS Databases, Deployment, Amazon AWS, Amazon EC2, Other IT & Software",Amazon AWS,Intermediate,2 hours,4.0,159,1316,"Rp149,000",2/2015,0,0,0,https://www.udemy.com/course/introduction-to-aws-ec2-deployment-fundamentals/
AWS Cloud Migration Complete - Application Migration Service,5203326,Mohamad Charaf | Solutions Architect | Cloud Consultant,"Amazon AWS, Data Migration, Operating Systems & Servers, IT & Software",Amazon AWS,Beginner,1.5 hours,4.2,12,81,"Rp149,000",12/2023,2,0,0,https://www.udemy.com/course/aws-cloud-migration-complete-course/
Hosting Websites with Amazon Lightsail | AWS for 2020,1445848,"Chase Raz, M.B.A.","Amazon Lightsail, Web Hosting, LAMP Stack, Amazon AWS, Web Development",Amazon AWS,All Levels,7 hours,4.6,423,2683,"Rp149,000",7/2020,0,0,2,https://www.udemy.com/course/hosting-websites-with-amazon-lightsail/
AWS Certified Solutions Architect Professional SAP-C02 Exam,5486296,"SuperDeal | ISC2 CC, CISSP, Comptia Security+ SY0-701, Cyber Security, DEA-C01, AWS SAP-C02, SAA-C03, Amazon","AWS Certified Solutions Architect - Professional, Amazon AWS, IT Certifications, IT & Software",Amazon AWS,All Levels,N/A,4.0,16,220,"Rp149,000",1/2025,0,0,0,https://www.udemy.com/course/aws-certified-solutions-architect-professional-sap-c02-exam-f/
Become AWS Certified - Solutions Architect Associate 2018,1461592,"Codestars • over 2.5 million students worldwide!, Rob Percival","AWS Certified Solutions Architect - Associate, IT Certifications, IT & Software",Amazon AWS,All Levels,12 hours,4.5,1076,7133,"Rp149,000",5/2025,1,0,6,https://www.udemy.com/course/awscsarch/
Amazon S3 Mastery Bootcamp 2025,5223566,Vijay Patel,"Amazon S3, Other IT & Software, IT & Software",Amazon AWS,All Levels,2.5 hours,4.2,127,3510,"Rp149,000",12/2024,0,0,0,https://www.udemy.com/course/aws-amazon-s3-mastery-bootcamp/
"AWS Database- RDS, DynamoDB, Redshift, Neptune, Elasticache",1902138,Harshit Srivastava,"AWS Databases, Amazon AWS, Amazon RDS, DynamoDB, Database Design & Development",Amazon AWS,All Levels,2.5 hours,3.6,40,1140,"Rp149,000",10/2022,1,0,0,https://www.udemy.com/course/aws-database-rds-dynamodb-neptune/
Amazon RDS in 60 Minutes: Stop worrying about databases,3128776,Releaseworks Academy,"Amazon RDS, Software Engineering, Development",Amazon AWS,All Levels,1 hour,4.3,21,232,"Rp149,000",5/2020,1,0,0,https://www.udemy.com/course/how-to-use-amazon-rds/
DVA-C01 | Amazon AWS Certified Developer 2023 & Explanation,5233766,Mohammed Salah,"AWS Certified Developer - Associate, IT Certifications, IT & Software",Amazon AWS,All Levels,N/A,3.2,N/A,N/A,"Rp149,000",4/2023,0,0,0,https://www.udemy.com/course/dva-c01-amazon-aws-certified-developer-2023-explanation/
Linux Essentials for Amazon Web Services,2633380,Avinash Reddy Thipparthi,"Linux, Operating Systems & Servers, IT & Software",Amazon AWS,Beginner,6 hours,4.3,198,2263,"Rp149,000",3/2020,0,0,2,https://www.udemy.com/course/linuxwithavinash/
Amazon Elastic Compute Cloud (EC2) Beginners Certification,4366450,"YouAccel Training, Blue Digital Media","Amazon EC2, Cloud Computing, Web Development, Development",Amazon AWS,Beginner,3.5 hours,4.4,596,66200,"Rp149,000",11/2021,0,0,0,https://www.udemy.com/course/amazon-elastic-compute-cloud-ec2-beginners/
"AWS Storage- S3, Glacier, EFS, EBS, Storage Gateway",1904404,Harshit Srivastava,"Amazon S3, Web Development, Development",Amazon AWS,All Levels,1 hour,3.8,49,991,"Rp149,000",5/2022,1,0,0,https://www.udemy.com/course/aws-storage-s3-glacier-efs-storage-gateway/
AWS Step Functions Guide - Workflow Automation in Minutes,4796316,"Paulo Dichone | Software Engineer, AWS Cloud Practitioner & Instructor","AWS Step Functions, Other IT & Software, IT & Software",Amazon AWS,All Levels,5 hours,4.4,598,5229,"Rp149,000",8/2024,2,0,15,https://www.udemy.com/course/aws-step-functions-guide-workflow-automation-in-minutes/
"NumPy, Pandas, Matplotlib in Python using Amazon SageMaker",3831206,Rajeshwar Reddy Konkisa,"Python, Data Science, Development",Amazon AWS,Beginner,12.5 hours,4.5,27,1580,"Rp149,000",11/2021,0,0,4,https://www.udemy.com/course/learn-python-using-amazon-sagemaker/
How To Become A SQL Server Cloud Architect on AWS,477944,Mike West,"Amazon AWS, SQL, SQL Server, Database Design & Development, Development",Amazon AWS,Intermediate,1 hour,3.9,256,1774,"Rp149,000",5/2015,13,0,1,https://www.udemy.com/course/how-to-become-a-sql-server-cloud-architect-on-aws/
"Master Amazon EC2 Storage: Complete Guide for EBS, EFS & AMI",4925150,YouAccel Training,"AWS Config, Cloud Computing, Web Development, Development",Amazon AWS,Beginner,5.5 hours,4.5,98,25073,"Rp149,000",3/2023,0,0,0,https://www.udemy.com/course/master-amazon-ec2-storage-complete-guide-for-ebs-efs-ami/
Cloud Computing for Managers with AWS Cloud,5266388,Ganapathi Devappa,"Amazon AWS, Cloud Computing, Other IT & Software, IT & Software",Amazon AWS,Beginner,5.5 hours,4.7,23,73,"Rp149,000",10/2024,2,0,1,https://www.udemy.com/course/cloud-computing-for-managers-with-aws-cloud/
What is AWS EC2 ?,5916756,Fabrice Chrzanowski,"Network & Security, IT & Software",Amazon AWS,Beginner,3 hours,N/A,N/A,N/A,"Rp149,000",7/2025,0,0,0,https://www.udemy.com/course/what-is-aws-ec2/
Questions & Answer - AWS Certified Security Specialty [2026],6061719,GAMA Networks | +3.000 students,"AWS Certified Security - Specialty, Amazon AWS, AWS Certified Cloud Practitioner, AWS Certified Solutions Architect - Professional, IT Certifications",Amazon AWS,All Levels,N/A,N/A,N/A,2,"Rp149,000",1/2026,0,0,0,https://www.udemy.com/course/questions-answer-amazon-aws-certified-security-2024/
AWS Certified solution architect associate high level test,3871572,"Shingo Shibata / AWS certified solutions architect, AWS certified cloud practitioner, AZ-900, Ethan.Tyler","AWS Certified Solutions Architect - Associate, IT Certifications, IT & Software",Amazon AWS,Intermediate,N/A,4.1,655,14087,"Rp149,000",10/2021,0,0,0,https://www.udemy.com/course/aws-certified-solution-architect-associate-high-level-test/
Amazon AWS Certified Solutions Architect - Professional,6840465,LearnLab Smart Start,"AWS Certified Solutions Architect - Professional, IT Certifications, IT & Software",Amazon AWS,Intermediate,N/A,2.3,N/A,N/A,"Rp149,000",9/2025,0,0,0,https://www.udemy.com/course/amazon-aws-certified-solutions-architect-professional-d/
Amazon VPC Networking - AWS Virtual Private Cloud 2020,2793198,Kartheek Reddy,"Amazon Virtual Private Cloud (VPC), Network & Security, IT & Software",Amazon AWS,All Levels,6 hours,4.3,48,958,"Rp149,000",4/2020,0,0,1,https://www.udemy.com/course/mastering-aws-vpc-amazon-virtual-private-cloud-2020/
Amazon DynamoDB: Build out NoSQL Databases in the AWS Cloud,1627214,AWS Data Consultant,"DynamoDB, Amazon AWS, NoSQL, Cloud Computing, Other IT & Software",Amazon AWS,Beginner,2.5 hours,4.0,93,1810,"Rp149,000",5/2018,0,0,4,https://www.udemy.com/course/amazon-dynamodb-build-out-nosql-databases-in-the-aws-cloud/
Machine Learning with Jupyter Notebooks in Amazon AWS,2195232,"Qasim Shah, Syed Raza","Artificial Intelligence (AI), Big Data, Machine Learning, Data Science, Development",Amazon AWS,Beginner,5.5 hours,4.1,86,13071,"Rp149,000",11/2021,1,0,8,https://www.udemy.com/course/machine-learning-with-jupyter-notebooks-in-amazon-aws/
What is AWS S3 ?,5916700,Fabrice Chrzanowski,"Operating Systems & Servers, IT & Software",Amazon AWS,Beginner,1.5 hours,N/A,N/A,1,"Rp149,000",7/2025,0,0,0,https://www.udemy.com/course/what-is-aws-s3/
Amazon AWS with Framework Serverless from zero,3252984,Irving Tristan Echevarria,"AWS Lambda, AWS CloudFormation, Other IT & Software, IT & Software",Amazon AWS,All Levels,2 hours,4.4,3,18,"Rp149,000",6/2020,0,0,1,https://www.udemy.com/course/amazon-aws-with-framework-serverles-from-zero/
AWS and Linode: The Ultimate Guide to Cloud Computing [IaaS],4874958,YouAccel Training,"Cloud Computing, LAMP Stack, Cloud Architecture, Amazon AWS, Web Development",Amazon AWS,Beginner,13 hours,4.5,294,48354,"Rp149,000",9/2022,0,0,0,https://www.udemy.com/course/aws-and-linode-the-ultimate-guide-to-cloud-computing-iaas/
Migrating Your Existing SQL Server Estate to Amazon's RDS,513716,Mike West,"Amazon RDS, SQL Server, Other IT & Software, IT & Software",Amazon AWS,Beginner,1.5 hours,3.2,135,1295,"Rp149,000",6/2015,12,0,1,https://www.udemy.com/course/migrating-your-existing-sql-server-estate-to-rds/
Master AWS Certified Solutions Architect Professional,5956454,Kareem Ullah,"AWS Certified Solutions Architect - Professional, IT Certifications, IT & Software",Amazon AWS,All Levels,2 hours,4.9,76,255,"Rp149,000",5/2024,0,0,0,https://www.udemy.com/course/master-aws-certified-solutions-architect-professional/
Practice Tests | Amazon AWS Certified Solutions Architect,4843776,"Fahd Sheraz - Best Selling Top Udemy Instructor, Hira Mariam","AWS Certified Solutions Architect - Associate, IT Certifications, IT & Software",Amazon AWS,All Levels,N/A,4.1,15,1159,"Rp149,000",3/2026,0,0,0,https://www.udemy.com/course/practice-exams-amazon-aws-certified-solutions-architect-associate/
No-Code Machine Learning Using Amazon AWS SageMaker Canvas,4429048,Prince Patni,"Amazon Sagemaker, Machine Learning, Data Science, Development",Amazon AWS,All Levels,1.5 hours,4.4,468,67104,"Rp149,000",12/2021,0,0,10,https://www.udemy.com/course/no-code-machine-learning-using-amazon-aws-sagemaker-canvas/
Build Own HAProxy Load Balancer on Amazon AWS,2685984,Muhammad Efendi,"HAProxy, Grafana, Zabbix, Amazon AWS, IT Certifications",Amazon AWS,All Levels,12 hours,3.6,9,163,"Rp149,000",5/2020,0,0,0,https://www.udemy.com/course/build-own-haproxy-load-balancer-on-amazon-aws/
AWS Bedrock : Quick Guide for Busy Professionals,6506853,Vidit Shah,"Generative AI (GenAI), Artificial Intelligence (AI), Amazon AWS, Other IT & Software, IT & Software",Amazon AWS,Intermediate,1 hour,4.7,5,1131,"Rp149,000",3/2025,0,0,0,https://www.udemy.com/course/aws-bedrock-quick-guide-for-busy-professionals/
Cloud Computing for Absolute Beginners - 2.5 HR Crash Course,2194760,Varinder K,"Cloud Computing, Other IT & Software, IT & Software",Amazon AWS,Intermediate,2.5 hours,3.9,20,395,"Rp149,000",1/2024,0,0,1,https://www.udemy.com/course/cloud-computing-core-concepts-amazon-cloud-demo/
Build and Deploy Apps on AWS using DevOps Techniques,2326026,Packt Publishing,"Full Stack Web Development, Programming Languages, Development",Amazon AWS,Beginner,5.5 hours,4.4,5,119,"Rp149,000",4/2019,0,0,1,https://www.udemy.com/course/build-and-deploy-apps-on-aws-using-devops-techniques/
Amazon AWS Security Specialty Practice Exams SCS-C02 | 2025,3952616,Ready2Pass Academy,"AWS Certified Security - Specialty, IT Certifications, IT & Software",Amazon AWS,Intermediate,N/A,3.7,146,1038,"Rp149,000",4/2025,0,0,0,https://www.udemy.com/course/amazon-aws-security-specialty-practice-exams-2021/
Host A Blazing Fast Static Website On Amazon AWS,808740,Christopher Lee,"Amazon AWS, Amazon FBA, Web Development, Development",Amazon AWS,All Levels,31 mins,4.3,17,97,"Rp149,000",4/2016,0,0,1,https://www.udemy.com/course/host-a-blazing-fast-static-website-on-amazon-aws/
Complete AWS Cloud Practitioner Certification CLF-C01,2210922,Harshit Srivastava,"AWS Certified Cloud Practitioner, Cloud Computing, IT Certifications, IT & Software",Amazon AWS,All Levels,12 hours,4.0,33,1580,"Rp149,000",4/2023,1,0,0,https://www.udemy.com/course/complete-aws-cloud-practitioner-certification/
AWS Certified Developer Associate - Practical Guide [15H],2003698,Eduonix Learning Solutions,"AWS Certified Developer - Associate, IT Certifications, IT & Software",Amazon AWS,All Levels,15 hours,4.3,34,386,"Rp149,000",12/2018,1,0,0,https://www.udemy.com/course/aws-certified-developer-associate-the-preparatory-guide/
Building and Evaluating LLM-Powered Apps on AWS,6697031,"HeadEasy Labs, Abhi Jain","Amazon Bedrock, Other IT & Software, IT & Software",Amazon AWS,Beginner,2.5 hours,4.3,34,177,"Rp149,000",2/2026,0,0,0,https://www.udemy.com/course/building-and-evaluating-llm-powered-apps-on-aws/
Cloud Ethical Hacking : Use Kali Linux on Amazon AWS,1402322,FeltSecure Labs,"Ethical Hacking, Penetration Testing, Kali Linux, Amazon AWS, Network & Security",Amazon AWS,All Levels,3.5 hours,4.2,129,4580,"Rp749,000",11/2017,1,0,0,https://www.udemy.com/course/cloud-hacking/
Deploying Docker Containers to Amazon Web Services,820224,Infinite Skills,"Docker, Amazon AWS, Other IT & Software, IT & Software",Amazon AWS,All Levels,1.5 hours,4.0,130,940,"Rp169,000",1/2017,1,0,1,https://www.udemy.com/course/deploying-docker-containers-to-amazon-web-services/
Amazon AWS Certified Data Analytics Specialty Practice exam,5755428,Master Mind Prep,"AWS Certified Data Analytics - Specialty (Retired), IT Certifications, IT & Software",Amazon AWS,All Levels,N/A,4.2,5,754,"Rp149,000",10/2025,0,0,0,https://www.udemy.com/course/amazon-aws-certified-data-analytics-specialty-practice-exam/
Amazon DynamoDB for Beginners: The Complete Bootcamp,2352860,Ram Mohan,"DynamoDB, Other IT & Software, IT & Software",Amazon AWS,Beginner,3.5 hours,3.7,40,9684,"Rp149,000",6/2025,1,0,10,https://www.udemy.com/course/the-complete-dynamodb-bootcamp/
Mastering Jenkins CI with Amazon AWS: Build DevOps Pipeline,2020996,"Syed Raza, ClayDesk E-learning, Qasim Shah, Ali Bokhari","Continuous Integration, Jenkins, Amazon AWS, DevOps, Web Development",Amazon AWS,All Levels,4.5 hours,4.0,113,4031,"Rp149,000",1/2021,1,0,10,https://www.udemy.com/course/jenkins-ci-aws/
Mastering Cloud Migration: Strategies | Tools | AWS Insights,6314589,EDUCBA Bridging the Gap,"Data Migration, 1Z0-1094-XX: Oracle Cloud Database Migration & Integration Professional, Data Science, Development",Amazon AWS,All Levels,2.5 hours,4.1,5,202,"Rp149,000",12/2024,0,0,0,https://www.udemy.com/course/mastering-cloud-migration-strategies-tools-aws-insights/
Amazon AWS EC2 LEMP + Host Multiple Domains on One Server,3274762,Ronen Eliav,"Cloud Computing, Server Administration, Web Hosting, Other IT & Software, IT & Software",Amazon AWS,Beginner,41 mins,4.2,118,15477,"Rp149,000",7/2020,2,0,3,https://www.udemy.com/course/amazon-aws-ec2-lemp-host-multiple-domains-on-one-server/
AWS Machine Learning Specialty (MLS-C01) Practice Test-2026,6188987,Basant kumar pandey,"AWS Certified Machine Learning Engineer - Associate, Amazon AWS, AWS Certified Machine Learning - Specialty (Retired), IT Certifications, IT & Software",Amazon AWS,All Levels,N/A,3.8,5,80,"Rp149,000",12/2025,0,0,0,https://www.udemy.com/course/aws-certified-machine-learning-specialty-practice-exam-2024/
Simulado para Amazon AWS Certified Machine Learning,5915340,Eduardo Cunha,"AWS Certified Machine Learning - Specialty (Retired), IT Certifications, IT & Software",Amazon AWS,Expert,N/A,N/A,N/A,1,"Rp5,689,000",4/2024,0,0,0,https://www.udemy.com/course/simulado-para-amazon-aws-certified-machine-learning-a/
Amazon DynamoDB Mastery: Practice Tests & Certification Prep,6496691,"B KM, KANI KUMAR","IT Certifications, IT & Software",Amazon AWS,All Levels,N/A,N/A,N/A,548,"Rp149,000",10/2025,0,0,0,https://www.udemy.com/course/amazon-dynamodb-mastery-practice-tests-certification-prep/
Amazon Web Services - LAMP Setup - Step By Step,133236,SkillBakery Studio,"Amazon AWS, LAMP Stack, Network & Security, IT & Software",Amazon AWS,All Levels,1 hour,3.9,33,567,"Rp149,000",4/2016,0,0,9,https://www.udemy.com/course/amazon-web-services-lamp-setup-step-by-step/
"Build your nocode web, mobile application with AWS Honeycode",4392500,Harshit Srivastava,"Amazon Honeycode, Amazon AWS, No-Code Development, Development",Amazon AWS,All Levels,1.5 hours,4.2,18,4671,"Rp149,000",4/2023,0,0,0,https://www.udemy.com/course/build-your-web-and-mobile-application-with-aws-honeycode/
Starting your Career with Amazon AWS,2688396,Andrew I,"Amazon AWS, IT Certifications, IT & Software",Amazon AWS,Beginner,35 mins,4.5,1952,56714,Free,9/2020,3,0,0,https://www.udemy.com/course/how-to-start-a-carrer-in-cloud-computing-with-amazon-aws/
Amazon Web Services - Learning and Implementing AWS Solution,973222,Dhruv Bais,"Amazon AWS, Network & Security, IT & Software",Amazon AWS,All Levels,2 hours,4.3,4845,135901,Free,10/2016,0,0,0,https://www.udemy.com/course/amazon-web-services-aws/
Amazon Web Services (AWS) - Zero to Hero,1331946,BackSpace Academy,"Amazon AWS, Essential Tech Skills, Other IT & Software, Udemy Free Resource Center, Vodafone",Amazon AWS,All Levels,3 hours,4.5,11369,456466,Free,7/2019,0,0,0,https://www.udemy.com/course/amazon-web-services-aws-v/
Cloud Computing With Amazon Web Services,64098,Ricky Brar,"Amazon AWS, Cloud Computing, Network & Security, IT & Software",Amazon AWS,Beginner,2.5 hours,4.5,7669,200189,Free,7/2016,0,0,0,https://www.udemy.com/course/cloud-computing-with-amazon-web-services-part-1/
Introduction to Cloud Computing,742114,Xavier Corbett,"Cloud Computing, Network & Security, IT & Software",Amazon AWS,Beginner,1 hour,4.5,95755,415242,Free,7/2016,1,0,0,https://www.udemy.com/course/introduction-to-cloud-computing/
Master Amazon EC2 Basics with 10 Labs,2227640,"Cloud Yeti, Saurav Sharma, Bipra Tech","Amazon EC2, AWS Certified Cloud Practitioner, IT Certifications, IT & Software",Amazon AWS,Beginner,2 hours,4.5,428,19782,Free,10/2019,0,0,1,https://www.udemy.com/course/ec2with10labs/
AWS from scratch,5900356,Sundus Hussain,"Amazon AWS, IT Certifications, IT & Software",Amazon AWS,Intermediate,2 hours,4.3,57,1870,Free,4/2024,0,0,0,https://www.udemy.com/course/aws-from-scratch/
AWS Systems Manager - Simplify Automation & Operations,4765260,Shashank Abhishek,"AWS DevOps, Network & Security, IT & Software",Amazon AWS,All Levels,2 hours,4.7,46,2267,Free,7/2022,0,0,1,https://www.udemy.com/course/aws-systems-manager-simplify-automation-operations/
AWS for Beginners: Understand the Basics of Cloud Computing,6565227,DataFlair TechVidvan,"Amazon AWS, IT Certifications, IT & Software",Amazon AWS,Beginner,1 hour,4.4,212,4177,Free,4/2025,0,0,0,https://www.udemy.com/course/free-amazon-aws-course-for-beginners/
Introduction to Cloud Computing,5588612,Mamadou (Lamine) Diatta,"Cloud Computing, Other IT & Software, IT & Software",Amazon AWS,Beginner,1.5 hours,4.3,59,3029,Free,11/2023,0,0,0,https://www.udemy.com/course/introduction-to-cloud-computing-n/
"AWS For Beginners: Certified Solutions Architect, Part 1",5639134,Cloud Institute,"AWS Certified Solutions Architect - Associate, Amazon AWS, IT Certifications, IT & Software",Amazon AWS,Intermediate,1.5 hours,4.5,47,2030,Free,11/2023,0,0,0,https://www.udemy.com/course/aws-for-beginners-certified-solutions-architect-part-1/
Hosting your static website on Amazon AWS S3 service,1199780,Osama Al Masalemah,"Amazon S3, HTML, Amazon AWS, Web Hosting, Web Development",Amazon AWS,Beginner,1.5 hours,4.1,143,14248,Free,6/2017,0,0,1,https://www.udemy.com/course/hosting-a-static-website-on-amazon-aws-s3-service/
Introduction to AWS Cloud Computing,1933894,Alan Rodrigues,"Amazon AWS, Other IT & Software, IT & Software",Amazon AWS,Beginner,2.5 hours,4.6,2027,43849,Free,10/2018,0,0,0,https://www.udemy.com/course/introduction-to-aws-cloud-computing/
Introduction to Cloud & Amazon Web Services EC2 Instance,1335066,Shubham Bopche,"Amazon AWS, Network & Security, IT & Software",Amazon AWS,Beginner,42 mins,4.2,450,23935,Free,9/2017,0,0,0,https://www.udemy.com/course/introduction-to-cloud-amazon-web-services-ec2-instance/
Cloud Computing: The Technical essentials,1447470,Suresh S,"Cloud Computing, Virtualization, Network & Security, IT & Software",Amazon AWS,Beginner,3 hours,4.4,1702,34479,Free,12/2017,0,0,0,https://www.udemy.com/course/cloud-computing-the-technical-essentials/
Amazon AWS Certification & Career Paths Training Beginners,5204228,Knowledge Kubes Institute,"Amazon AWS, IT Certifications, IT & Software",Amazon AWS,Beginner,31 mins,4.0,77,1990,Free,3/2023,0,0,1,https://www.udemy.com/course/careers-certifications-in-aws-cloud-computing-training/
Amazon AppStream 2.0 - Introduction,1874778,Masters Of Cloud,"Amazon AWS, Network & Security, IT & Software",Amazon AWS,Intermediate,1.5 hours,4.6,228,11373,Free,2/2023,0,0,0,https://www.udemy.com/course/aws-appstream-20-introduction/
AWS EC2 Fast and Simple,2299686,Tom Jay,"Amazon EC2, Operating Systems & Servers, IT & Software",Amazon AWS,Beginner,1.5 hours,4.6,263,16902,Free,3/2019,0,0,2,https://www.udemy.com/course/aws-ec2-fast-and-simple/
AWS GuardDuty - Cloud Centric IDS Solution,5000520,Shashank Abhishek,"AWS Security Services, Network & Security, IT & Software",Amazon AWS,All Levels,2 hours,4.6,55,3539,Free,11/2022,1,0,1,https://www.udemy.com/course/dive-into-aws-guardduty/
Introduction to AWS (2026) - Free course,2332912,Chetan Agrawal | Ex. Senior Solutions Architect at AWS,"Amazon EC2, Amazon S3, AWS CloudFormation, AWS Lambda, Other IT & Software",Amazon AWS,All Levels,1 hour,4.6,1233,19593,Free,2/2026,0,0,1,https://www.udemy.com/course/overview-of-aws-services/
AWS RDS Databases - Fast Track,2300364,Siddharth Mehta,"Amazon RDS, Oracle Database, MariaDB, PostgreSQL, Database Design & Development",Amazon AWS,All Levels,2.5 hours,4.3,448,21946,Free,4/2019,4,0,0,https://www.udemy.com/course/aws-rds-databases-tutorial-training-free/
AWS Certified AI Practitioner (AIF-C01) Exam Foundation,6169881,Akash Sunil Pawar,"AWS Certified AI Practitioner, IT Certifications, IT & Software",Amazon AWS,All Levels,1.5 hours,3.6,60,1564,Free,9/2024,0,0,0,https://www.udemy.com/course/aws-certified-ai-practitioner-aif-c01-exam-foundation/
Storage in Cloud - Amazon S3,5138542,Ashish Prajapati,"Amazon S3, IT Certifications, IT & Software",Amazon AWS,Beginner,2 hours,4.7,130,3260,Free,2/2023,0,0,6,https://www.udemy.com/course/storage-in-cloud-amazon-s3-part-1/
Serverless computing in AWS,1997248,Alan Rodrigues,"AWS Lambda, Other IT & Software, IT & Software",Amazon AWS,All Levels,4 hours,4.5,574,46965,Free,11/2018,0,0,16,https://www.udemy.com/course/serverless-computing-in-aws/
Specialized Infrastructure for AWS Workloads,5419578,Ashish Prajapati,"Amazon AWS, Other IT & Software, IT & Software",Amazon AWS,Intermediate,1 hour,4.6,91,2632,Free,7/2023,0,0,2,https://www.udemy.com/course/specialized-infrastructure-for-aws-workloads/
Databases in Cloud - Amazon DynamoDB,5282152,Ashish Prajapati,"DynamoDB, Database Design & Development, Development",Amazon AWS,Intermediate,2 hours,4.9,87,3551,Free,4/2023,0,0,6,https://www.udemy.com/course/databases-in-cloud-amazon-dynamodb/
AWS Certified Data Engineer Associate 2026 - Hands On!,5591620,"Sundog Education by Frank Kane, Frank Kane, Stephane Maarek | AWS Certified Cloud Practitioner,Solutions Architect,Developer","AWS Certified Data Engineer - Associate, IT Certifications, IT & Software",Amazon AWS,All Levels,24.5 hours,4.6,12547,105068,"Rp169,000",4/2026,9,3,1,https://www.udemy.com/course/aws-data-engineer/
AWS Certified Cloud Practitioner CLF-C02 Mock Exams Apr 2026,7001563,Joel Palmer - Microsoft Solution Architect - Technical Expert - PMP,"AWS Certified Cloud Practitioner, IT / Technical Support, IT Fundamentals, Amazon AWS, IT Certifications",Amazon AWS,All Levels,N/A,4.7,93,394,"Rp149,000",4/2026,0,0,0,https://www.udemy.com/course/aws-certified-cloud-practitioner-clf-c02-practice-tests-2026/
AWS Interview Masterclass: Top 200+ Questions (PDF)(2026),6675849,Happy Rawat,"Amazon AWS, Interviewing Skills, Other IT & Software, IT & Software",Amazon AWS,All Levels,7.5 hours,4.8,36,246,"Rp149,000",12/2025,0,0,1,https://www.udemy.com/course/aws-interview-masterclass-top-200-questions-pdf2025/
Real-World AWS Development,6059821,Utilizing Cloud,"Amazon AWS, Python, Other IT & Software, IT & Software",Amazon AWS,Beginner,12 hours,4.9,14,100,"Rp149,000",10/2025,18,0,49,https://www.udemy.com/course/real-world-aws-development/
Ultimate AWS FinOps Cloud Cost Management Masterclass!,5719018,Justin Andre - AWS Professional | Azure Expert | FinOps Guru,"FinOps, Cloud Computing, Amazon AWS, FinOps Certified Practitioner, Other IT & Software",Amazon AWS,All Levels,6.5 hours,4.6,1027,6172,"Rp149,000",11/2025,1,0,3,https://www.udemy.com/course/ultimate-aws-finops-cloud-cost-management-masterclass/
"Amazon ECS for DevOps: Docker, CI/CD & Deployments Hands-On",5968700,Karan Gupta - Coursediy.com,"Amazon ECS, AWS DevOps, Docker, IT Certifications, IT & Software",Amazon AWS,All Levels,12 hours,4.6,84,468,"Rp159,000",3/2026,0,0,0,https://www.udemy.com/course/elastic-container-service-ecs-aws-devops-docker-2025/
AWS for Beginners 2025: Hands-On Labs & Essential Skills,6137751,Akhil Bangia,"IT Certifications, IT & Software",Amazon AWS,Beginner,9.5 hours,4.9,6,59,"Rp149,000",9/2025,0,0,15,https://www.udemy.com/course/master-aws-fundamentals-with-hands-on-practicals/
"AWS Databases Crash Course – RDS, Aurora & DynamoDB",5607078,Rick Crisci,"AWS Databases, Amazon RDS, Operating Systems & Servers, IT & Software",Amazon AWS,Beginner,5 hours,4.7,1253,5704,"Rp149,000",11/2025,1,0,32,https://www.udemy.com/course/awsdatabase/
AWS Certified Machine Learning Engineer - Associate MLA-C01,6188041,Nikolai Schuler,"AWS Certified Machine Learning Engineer - Associate, Machine Learning, Amazon AWS, Amazon Sagemaker, IT Certifications",Amazon AWS,All Levels,26.5 hours,4.6,826,8614,"Rp149,000",3/2026,2,0,39,https://www.udemy.com/course/aws-certified-machine-learning-engineer-associate-mla-c01-exam-prep/
Learn AWS FAST! Amazon Web Services Cloud tutorial,6268091,Marek Obuchowski,"Amazon AWS, Other IT & Software, IT & Software",Amazon AWS,Beginner,2.5 hours,4.7,16,41,"Rp149,000",8/2025,0,0,4,https://www.udemy.com/course/amazon-web-services-cloud-tutorial/
Data Engineering on AWS - The complete training,6115345,Ashish Prajapati,"Data Engineering, IT Certifications, IT & Software",Amazon AWS,Intermediate,19 hours,4.7,527,5082,"Rp149,000",5/2025,0,0,15,https://www.udemy.com/course/data-engineering-on-aws/
Introduction to the Cloud - The basics in only 2 hours!,4496626,Rick Crisci,"Cloud Computing, Cloud Management, Cloud Architecture, Operating Systems & Servers, IT & Software",Amazon AWS,Beginner,3 hours,4.6,9660,25358,"Rp149,000",8/2025,1,0,26,https://www.udemy.com/course/cloudintro/
AWS Certified Solutions Architect Professional Practice Exam,1678170,"Jon Bonso AWS Generative AI Developer, AWS Certified Solutions Architect, Tutorials Dojo | AWS Certified Cloud Practitioner, AWS Certified Solutions Architect, AWS Certified Developer","AWS Certified Solutions Architect - Professional, IT Certifications, IT & Software",Amazon AWS,Intermediate,N/A,4.5,4437,39865,"Rp279,000",2/2026,0,0,0,https://www.udemy.com/course/aws-solutions-architect-professional-practice-exams-sap-c02/
AWS Certified Cloud Practitioner CLF-C02,4529404,"Academind by Maximilian Schwarzmüller, Maximilian Schwarzmüller","AWS Certified Cloud Practitioner, IT Certifications, IT & Software",Amazon AWS,Beginner,12 hours,4.7,2693,18890,"Rp149,000",8/2025,19,0,3,https://www.udemy.com/course/aws-cloud-practitioner-complete-aws-introduction/
[NEW] AWS Certified Security Specialty SCS-C03 2026,7051987,"Jon Bonso AWS Generative AI Developer, AWS Certified Solutions Architect","IT Certifications, IT & Software",Amazon AWS,All Levels,21 hours,4.5,N/A,21,"Rp149,000",2/2026,3,0,0,https://www.udemy.com/course/new-aws-certified-security-specialty-scs-c03-2026/
Mastering AWS Aurora: Next-Gen Database - 2023 (24 labs),5045148,Ayman Rabi,"Amazon RDS, AWS Databases, Other IT & Software, IT & Software",Amazon AWS,All Levels,3.5 hours,4.3,52,511,"Rp149,000",7/2023,1,0,1,https://www.udemy.com/course/mastering-amazon-aurora-rds-aws-2023/
Ultimate Guide to Amazon Web Service (AWS) Cloud Mastery,6087589,Pantech eLearning,"Amazon AWS, Cloud Computing, Google Cloud, AWS Certified Cloud Practitioner, Online Education",Amazon AWS,All Levels,15.5 hours,5.0,1,10,"Rp149,000",8/2024,0,0,30,https://www.udemy.com/course/ultimate-guide-to-amazon-web-service-aws-cloud-mastery/
AWS Networking Zero to Hero : Masterclass,6590603,Rahul Wagh,"AWS Certified Advanced Networking - Specialty, AWS Certified Solutions Architect - Professional, AWS Certified Solutions Architect - Associate, AWS Certified DevOps Engineer - Professional, Network & Security",Amazon AWS,All Levels,12.5 hours,4.6,519,3745,"Rp149,000",3/2026,0,0,146,https://www.udemy.com/course/aws-networking-zero-to-hero-masterclass/
AWS Certified CloudOps Engineer Associate Practice Exams,3427682,"Neal Davis | AWS Certified Solutions Architect & Developer, Digital Cloud Training | AWS Certified Cloud Practitioner AWS Certified Solutions Architect, AWS Developer Associate","AWS Certified CloudOps Engineer - Associate, IT Certifications, IT & Software",Amazon AWS,Intermediate,N/A,4.6,1349,13672,"Rp159,000",4/2026,0,0,0,https://www.udemy.com/course/aws-certified-cloudops-engineer-associate-aws-practice-exams/
AWS Certified Advanced Networking Specialty Practice Exams,5140856,"Neal Davis | AWS Certified Solutions Architect & Developer, Digital Cloud Training | AWS Certified Cloud Practitioner AWS Certified Solutions Architect, AWS Developer Associate","AWS Certified Advanced Networking - Specialty, AWS Organizations, Network Service, IT Certifications, IT & Software",Amazon AWS,Intermediate,N/A,4.4,301,3138,"Rp149,000",4/2026,0,0,0,https://www.udemy.com/course/aws-certified-advanced-networking-specialty-practice-exams-ans/
AWS Basics: An Introduction to Amazon Web Services,5425214,Mahammad Kubaib,"Cloud Computing, Operating Systems & Servers, IT & Software",Amazon AWS,All Levels,4 hours,4.7,24,346,"Rp149,000",8/2023,0,0,0,https://www.udemy.com/course/aws-basics-an-introduction-to-amazon-web-services/
[Practice Exams] AWS Certified Generative AI Developer Pro,6946273,"Stephane Maarek | AWS Certified Cloud Practitioner,Solutions Architect,Developer, Abhishek Singh","AWS Certified Generative AI Developer - Professional, IT Certifications, IT & Software",Amazon AWS,All Levels,N/A,4.5,185,4762,"Rp149,000",12/2025,0,0,0,https://www.udemy.com/course/practice-exams-aws-certified-generative-ai-developer-pro/
AWS Certified Generative AI Developer Professional AIP-C01,6889141,"Jon Bonso AWS Generative AI Developer, AWS Certified Solutions Architect, Samantha Vivien Servo AWS Generative AI Developer, Kayne Rodrigo AWS Generative AI Developer","AWS Certified Generative AI Developer - Professional, IT Certifications, IT & Software",Amazon AWS,All Levels,30.5 hours,3.8,53,702,"Rp149,000",3/2026,1,0,0,https://www.udemy.com/course/aws-certified-generative-ai-developer-professional-aip-c01/
"Docker, Kubernetes & AWS: Real-World Deployment in 25 Days",5884390,"Jannis Seemann, Andreas Kansy","Docker, Software Development Tools, Development",Amazon AWS,Beginner,32 hours,4.7,637,6660,"Rp159,000",2/2025,40,0,39,https://www.udemy.com/course/docker-deployment/
"AWS Lambda, Python(Boto3) & Serverless- Beginner to Advanced",4577942,Rahul Trisal,"AWS Lambda, Python, Serverless Computing, Boto, Programming Languages",Amazon AWS,Beginner,9 hours,4.6,983,6672,Free,6/2025,1,0,35,https://www.udemy.com/course/aws-lambda-and-python-full-course-beginner-to-advanced/
Practice Exams: AWS Machine Learning Engineer Associate Cert,6139021,"Stephane Maarek | AWS Certified Cloud Practitioner,Solutions Architect,Developer, Abhishek Singh","AWS Certified Machine Learning Engineer - Associate, IT Certifications, IT & Software",Amazon AWS,All Levels,N/A,4.5,920,13735,"Rp149,000",7/2025,0,0,0,https://www.udemy.com/course/practice-exams-aws-certified-machine-learning-engineer-associate/
"AWS & Typescript Masterclass - CDK, Serverless, React",3876610,Alex Dan,"AWS Cloud Development Kit (CDK), Typescript, Web Development, Development",Amazon AWS,Intermediate,13 hours,4.6,1975,15433,"Rp149,000",4/2026,5,0,39,https://www.udemy.com/course/aws-typescript-cdk-serverless-react/
Amazon Web Services (AWS) 101,3380854,Jeffrey LEE,"Amazon AWS, Amazon S3, AWS Lambda, Amazon EC2, Other IT & Software",Amazon AWS,Beginner,2.5 hours,4.5,27,1397,"Rp149,000",9/2020,0,0,0,https://www.udemy.com/course/amazon-web-services-101/
[NEW] AWS Certified Security Specialty 2026,1102458,Zeal Vora,"AWS Certified Security - Specialty, Cybersecurity, Amazon AWS, Network Security, IT Certifications",Amazon AWS,Intermediate,46 hours,4.6,8598,54874,"Rp329,000",2/2026,54,0,17,https://www.udemy.com/course/aws-certified-security-specialty/
Ultimate AWS Crash Course — For anyone jumping into AWS,6460029,Warp Bubble,"Amazon AWS, IT Certifications, IT & Software",Amazon AWS,All Levels,5 hours,4.5,24,1096,"Rp149,000",6/2025,0,0,0,https://www.udemy.com/course/ultimate-aws-crash-course/
AWS Hands-On Guide: Build and Deploy Full Cloud Architecture,6820779,Kevin Kim,"Amazon AWS, Network & Security, IT & Software",Amazon AWS,Beginner,8 hours,4.8,24,1062,"Rp149,000",9/2025,2,0,1,https://www.udemy.com/course/aws-hands-on-guide-build-and-deploy-full-cloud-architecture/
Mastering AWS Certified AI Practitioner AIF-C01 - Hands On!,6092035,"Sundog Education by Frank Kane, Frank Kane","AWS Certified AI Practitioner, IT Certifications, IT & Software",Amazon AWS,All Levels,10 hours,4.7,997,8251,"Rp149,000",1/2026,6,0,4,https://www.udemy.com/course/aws-certified-ai-practitioner-aif-c01-hands-on-in-depth/
AWS Certified Solutions Architect Associate-C03 Hands-On Lab,6909015,EduVerse Academy,"AWS Certified Solutions Architect - Associate, Amazon AWS, IT Certifications, IT & Software",Amazon AWS,Intermediate,5 hours,5.0,1,7,"Rp149,000",11/2025,0,0,0,https://www.udemy.com/course/aws-certified-solutions-architect-associate-c03-hands-on-lab/
AWS in action : From Fundamentals to Expertise,4352852,"Amit Arora, Aaron Arora","Amazon AWS, Other IT & Software, IT & Software",Amazon AWS,All Levels,10.5 hours,3.8,11,43,"Rp249,000",2/2025,0,0,0,https://www.udemy.com/course/aws-in-action-from-fundamentals-to-expertise/
[NEW] AWS Certified Cloud Practitioner - UPDATED for 2026,4381064,"Evan Phipps, Oliver Phipps","AWS Certified Cloud Practitioner, IT Certifications, IT & Software",Amazon AWS,Beginner,20 hours,4.7,391,4384,"Rp149,000",3/2026,0,0,1,https://www.udemy.com/course/cogluma-aws-certified-cloud-practitioner/
AWS BootCamp 2025 - Master Cloud Computing basics to pro,6573173,DataFlair TechVidvan,"Amazon AWS, IT Certifications, IT & Software",Amazon AWS,Expert,10 hours,5.0,1,4,"Rp149,000",4/2025,0,0,0,https://www.udemy.com/course/aws-cloud-computing-course-for-beginners/
Practice Exams | AWS Certified Security Specialty | SCS-C03,5143410,"Stephane Maarek | AWS Certified Cloud Practitioner,Solutions Architect,Developer, Abhishek Singh","AWS Certified Security - Specialty, IT Certifications, IT & Software",Amazon AWS,Expert,N/A,4.2,977,17532,"Rp149,000",3/2026,0,0,0,https://www.udemy.com/course/practice-exams-aws-certified-security-specialty/
AWS EC2 : AWS Certified Solutions Architect - Associate,5036514,Mohammed Asif Khan,"Cloud Computing, Operating Systems & Servers, IT & Software",Amazon AWS,All Levels,9 hours,4.6,315,32468,"Rp149,000",10/2023,2,0,0,https://www.udemy.com/course/aws-ec2-aws-certified-solutions-architect-associate/
CLF-C02 Practice Tests 2026 : AWS Cloud Practitioner,6880977,Tech with Jaspal,"AWS Certified Cloud Practitioner, IT Certifications, IT & Software",Amazon AWS,Beginner,N/A,4.6,58,326,"Rp149,000",4/2026,0,0,0,https://www.udemy.com/course/aws-certified-cloud-practitioner-exam-mock-tests/
AWS Serverless Lambda Functions 2 hr. Hands On Crash Course,5386434,Rick Crisci,"AWS Lambda, AWS Certified Developer - Associate, AWS Certified Solutions Architect - Associate, IT Certifications, IT & Software",Amazon AWS,Beginner,2.5 hours,4.6,1878,7333,"Rp149,000",5/2025,1,0,21,https://www.udemy.com/course/lambdaintro/
AWS Connect Contact Center Course for Beginers,6788831,steve Buonincontri,"Cloud Computing, Software Development Tools, Development",Amazon AWS,Intermediate,14 hours,4.0,18,112,"Rp149,000",9/2025,0,0,0,https://www.udemy.com/course/aws-connect-contact-center-course-for-beginers/
"AWS Developer: Deploy, Build & Optimize Applications on AWS",3560943,Rohan Arora,"AWS Certified Developer - Associate, Amazon AWS, Cloud Computing, IT Certifications, IT & Software",Amazon AWS,Intermediate,21 hours,4.4,29,363,"Rp149,000",11/2021,0,0,19,https://www.udemy.com/course/aws-developer-deploy-build-optimize-applications-on-aws/
AWS Data Architect Bootcamp - 43 Services 500 FAQs 20+ Tools,2079540,Siddharth Mehta,"Amazon Redshift, Amazon QuickSight, DynamoDB, AWS Glue, Amazon RDS",Amazon AWS,All Levels,30.5 hours,4.5,1340,16930,"Rp149,000",6/2019,26,0,9,https://www.udemy.com/course/aws-data-architect-bootcamp-training/
AWS App Studio | Complete Guide to AWS App Studio,6548983,"Henry Habib, The Intelligent Worker","App Development, Automation, Office Productivity, Other IT & Software, IT & Software",Amazon AWS,All Levels,8 hours,4.8,29,230,"Rp149,000",4/2025,1,0,0,https://www.udemy.com/course/aws-app-studio/
AWS Certified Cloud Practitioner CLF-C02: 6 Practice Exams,1499836,"Rajesh Daswani | IaaS Academy, Divya Mohandas","AWS Certified Cloud Practitioner, IT Certifications, IT & Software",Amazon AWS,Beginner,N/A,4.5,1824,7702,"Rp149,000",1/2026,0,0,0,https://www.udemy.com/course/aws-certified-cloud-practitioner-practice-exams-2018/
AWS Workshops - Hands-on Learning with Demos,6205907,Coding Gears | Train Your Brain,"Amazon AWS, Operating Systems & Servers, IT & Software",Amazon AWS,Beginner,6.5 hours,5.0,2,135,"Rp149,000",9/2024,42,0,6,https://www.udemy.com/course/aws-workshops-hands-on-learning/
Mastering AWS RDS: Unlocking Database Excellence,1934094,Ayman Rabi,"AWS Databases, Amazon AWS, Database Administration, Cloud Computing, Database Design & Development",Amazon AWS,All Levels,6 hours,4.5,81,531,"Rp149,000",6/2023,0,0,0,https://www.udemy.com/course/mastering-rds-in-amazon-web-services-aws/
AWS Hands on Labs: Step-by-step for Beginners *NEW*,3175512,shahzeb Mansoor,"Amazon AWS, Amazon EC2, IT Certifications, IT & Software",Amazon AWS,Beginner,3.5 hours,4.4,164,802,"Rp149,000",5/2022,0,0,9,https://www.udemy.com/course/aws-hands-on-labs-2020-step-by-step-for-beginners-new/
Rocking AWS Serverless - A Real World Guide,1943394,Rajdeep Saha | Ex-Principal Solutions Architect @AWS,"AWS Lambda, Amazon AWS, AWS Databases, Other IT & Software, IT & Software",Amazon AWS,All Levels,19.5 hours,4.7,1374,12814,"Rp149,000",3/2024,2,0,24,https://www.udemy.com/course/aws-serverless-a-complete-guide/
Clear and Simple AWS Advanced Networking Specialty,2552525,Rick Crisci,"AWS Certified Advanced Networking - Specialty, IT Certifications, IT & Software",Amazon AWS,Intermediate,13.5 hours,4.8,1509,9361,"Rp149,000",11/2025,1,0,67,https://www.udemy.com/course/awsnetworking/
Absolute Beginners Introduction to Amazon Web Services (AWS),1570738,Sai Kiran Rathan,"Amazon AWS, Amazon S3, Web Development, Development",Amazon AWS,Beginner,3 hours,4.5,262,4157,"Rp149,000",3/2018,0,0,2,https://www.udemy.com/course/absolute-aws-beginners/
AWS Tutorial:AWS Solutions Architect & SysOps Administrator!,2620154,iwayQ Technology,"AWS Certified SysOps Administrator - Associate, IT Certifications, IT & Software",Amazon AWS,Intermediate,14.5 hours,4.5,515,34741,"Rp149,000",2/2022,1,0,3,https://www.udemy.com/course/awstutorial/
AWS Certified Cloud Practitioner (CLF-C02) Mock Exams 2026,7034069,IT Assurance Academy Center,"AWS Certified Cloud Practitioner, IT Certifications, IT & Software",Amazon AWS,All Levels,N/A,5.0,62,228,"Rp2,089,000",3/2026,0,0,0,https://www.udemy.com/course/aws-cloud-practitioner-practice-exams-2026-clf-c02/
Practice Exams | AWS Certified DevOps Engineer Professional,2567118,"Stephane Maarek | AWS Certified Cloud Practitioner,Solutions Architect,Developer, Abhishek Singh","AWS Certified DevOps Engineer - Professional, IT Certifications, IT & Software",Amazon AWS,All Levels,N/A,4.2,2889,34964,"Rp149,000",5/2024,0,0,0,https://www.udemy.com/course/aws-certified-devops-engineer-professional-practice-exam-dop/
"Introduction to Containers on AWS - ECS, EKS, and Fargate",5709632,Rick Crisci,"Amazon ECS, Container Orchestration, Docker, IT Certifications, IT & Software",Amazon AWS,Beginner,4 hours,4.6,1080,5606,"Rp149,000",9/2025,1,0,17,https://www.udemy.com/course/ecsandfargate/
AWS Serverless APIs & Apps - A Complete Introduction,1241254,"Academind by Maximilian Schwarzmüller, Maximilian Schwarzmüller","Amazon AWS, Web Development, Development",Amazon AWS,All Levels,7.5 hours,4.7,14391,95895,"Rp149,000",11/2024,31,0,51,https://www.udemy.com/course/aws-serverless-a-complete-introduction/
AWS Certified CloudOps Engineer Associate Practice Exams,1957538,"Jon Bonso AWS Generative AI Developer, AWS Certified Solutions Architect, Tutorials Dojo | AWS Certified Cloud Practitioner, AWS Certified Solutions Architect, AWS Certified Developer","AWS Certified CloudOps Engineer - Associate, IT Certifications, IT & Software",Amazon AWS,All Levels,N/A,4.3,3654,21852,"Rp159,000",4/2026,0,0,0,https://www.udemy.com/course/aws-certified-sysops-administrator-associate-practice-exams-soa-c02/
Security Services in AWS,5499660,Ashish Prajapati,"AWS Security Services, Other IT & Software, IT & Software",Amazon AWS,Intermediate,12.5 hours,4.7,235,2377,"Rp149,000",8/2024,0,0,11,https://www.udemy.com/course/security-services-in-aws/
The AWS Course - Under Updation 2026,3215853,"Akshay P, Balaji S","Amazon AWS, Docker, Other IT & Software, IT & Software",Amazon AWS,All Levels,43.5 hours,4.3,1529,52997,"Rp149,000",1/2026,5,0,38,https://www.udemy.com/course/the-aws-course/
AWS Security Best Practices,5320382,Dean Armada,"AWS Security Services, Network & Security, IT & Software",Amazon AWS,All Levels,4 hours,4.6,1469,4498,"Rp149,000",9/2024,2,0,10,https://www.udemy.com/course/aws-sec-bes/
Master AWS with Python and Boto3,5559012,"Jose Portilla, Pierian Training","Boto, Amazon AWS, Data Science, Development",Amazon AWS,All Levels,6 hours,4.8,504,4744,"Rp149,000",9/2023,1,0,1,https://www.udemy.com/course/master-aws-with-python-and-boto3/
AWS Cloud Administrator | Advance,5772912,Jobskillshare Community,"AWS Certified Solutions Architect - Associate, AWS Certified Solutions Architect - Professional, Other IT & Software, IT & Software",Amazon AWS,Intermediate,9.5 hours,4.5,21,1064,"Rp149,000",1/2024,0,0,7,https://www.udemy.com/course/aws-cloud-administrator-advance/
Amazon Aurora PostgreSQL from A to Z,4583028,Rajeev Sakhuja,"AWS Databases, Other IT & Software, IT & Software",Amazon AWS,All Levels,17 hours,4.6,869,6498,"Rp149,000",6/2022,0,0,0,https://www.udemy.com/course/aurora-postgresql/
AWS Cloud Practitioner (CLF-C02),6135517,KodeKloud Training,"AWS Certified Cloud Practitioner, Cloud Computing, Amazon AWS, IT Certifications, IT & Software",Amazon AWS,Beginner,14 hours,4.6,240,2144,"Rp2,089,000",3/2026,28,0,8,https://www.udemy.com/course/aws-cloud-practitioner-clf-c02-f/
AWS: Building Reliable Architectures [SAA-C03],4961030,Ben Piper,"Autoscaling, AWS Organizations, IT Certifications, IT & Software",Amazon AWS,Intermediate,2.5 hours,4.7,11,2040,"Rp149,000",4/2023,4,0,0,https://www.udemy.com/course/aws-building-reliable-architectures/
AWS Certified Cloud Practitioner Practice Exams 2026 CLF-C02,7125485,Nexus Academy,"Amazon AWS, IT Certifications, IT & Software",Amazon AWS,Beginner,N/A,5.0,5,5,"Rp149,000",N/A,0,0,0,https://www.udemy.com/course/aws-certified-cloud-practitioner-practice-exams-2026-clf-c02/
AWS Cloud DBA,6337379,Abid Malik,"MySQL, Cloud Computing, Amazon AWS, Amazon RDS, Database Design & Development",Amazon AWS,All Levels,14 hours,4.5,234,2344,Free,2/2026,0,0,0,https://www.udemy.com/course/aws-cloud-dba/
Reducing AWS Costs - Learn to slash your AWS bill!,3475204,Rick Crisci,"Amazon AWS, Amazon S3, Cloud Computing, Amazon EC2, Operating Systems & Servers",Amazon AWS,Beginner,3 hours,4.6,308,2229,"Rp149,000",4/2025,1,0,22,https://www.udemy.com/course/awssavings/
Learn Amazon Virtual Private Cloud (Amazon VPC),1132828,Simply edukator,"Amazon Virtual Private Cloud (VPC), Network & Security, IT & Software",Amazon AWS,Intermediate,2.5 hours,4.3,45,173,"Rp149,000",8/2018,0,0,0,https://www.udemy.com/course/amazon-virtual-private-cloud-amazon-vpc/
The Official AWS Certified Cloud Practitioner Practice Exams,6833551,Cameron McKenzie,"AWS Certified Cloud Practitioner, IT Certifications, IT & Software",Amazon AWS,Beginner,N/A,5.0,8,105,"Rp149,000",10/2025,0,0,0,https://www.udemy.com/course/official-aws-certified-cloud-practitioner-practice-exams/
AWS Certified Cloud Practitioner (CLF-C01),5262846,Stone River eLearning,"AWS Certified Cloud Practitioner, IT Certifications, IT & Software",Amazon AWS,All Levels,12.5 hours,4.8,5,34,"Rp149,000",5/2023,0,0,1,https://www.udemy.com/course/aws-certified-cloud-practitioner-clf-c01-e/
"Rocking AWS CloudFormation with DevOps, Interview Guide",2496036,Rajdeep Saha | Ex-Principal Solutions Architect @AWS,"AWS CloudFormation, DevOps, Interviewing Skills, AWS Cloud Development Kit (CDK), Software Development Tools",Amazon AWS,All Levels,9 hours,4.7,754,8623,Free,4/2024,2,0,7,https://www.udemy.com/course/rocking-aws-cloudformation-cdk-with-devops-interview-guide/
AWS Cloud Practitioner Essentials,1552348,Rohan Arora,"AWS Certified Cloud Practitioner, Amazon AWS, Cloud Computing, IT Certifications, IT & Software",Amazon AWS,Beginner,13 hours,4.3,264,895,"Rp2,089,000",11/2019,0,0,5,https://www.udemy.com/course/aws-cloud-practitioner-essentials/
AWS Cloud Practitioner (CLF-C02) Certification Training,6867703,David Megoian,"IT Certifications, IT & Software",Amazon AWS,Beginner,4 hours,5.0,4,9,"Rp149,000",12/2025,0,0,0,https://www.udemy.com/course/aws-cloud-practitioner-clf-c02-certification-training/
AWS Certified Cloud Practitioner CLF-C02,6707845,ITO Cloud Courses,"AWS Certified Cloud Practitioner, IT Certifications, IT & Software",Amazon AWS,All Levels,17.5 hours,4.8,18,78,"Rp149,000",7/2025,5,0,2,https://www.udemy.com/course/aws-certified-cloud-practitioner-clf-c02-j/
AWS Command Line Interface (AWS CLI),4880656,Dan Morrill,"AWS DevOps, Shell Scripting, Other IT & Software, IT & Software",Amazon AWS,All Levels,6.5 hours,4.5,10,245,"Rp149,000",3/2026,0,0,0,https://www.udemy.com/course/aws-command-line-interface-aws-cli/
Amazon AppStream 2.0 - Advanced,5126652,Masters Of Cloud,"Amazon AWS, Other IT & Software, IT & Software",Amazon AWS,Intermediate,4 hours,4.6,15,144,"Rp149,000",11/2024,0,0,0,https://www.udemy.com/course/amazon-appstream-20-advanced/
Diploma in Amazon Web Services (AWS),3792716,Global Education Foundation,"Amazon AWS, AWS CloudFormation, AWS Organizations, IT Certifications, IT & Software",Amazon AWS,All Levels,2 hours,4.2,248,39864,"Rp149,000",1/2022,1,0,3,https://www.udemy.com/course/fundamentals-of-amazon-web-services-aws/
AWS Cloud Administration | Fundamentals,5766336,Jobskillshare Community,"AWS Certified Cloud Practitioner, AWS Certified Solutions Architect - Associate, Other IT & Software, IT & Software",Amazon AWS,Beginner,5.5 hours,4.5,33,767,"Rp149,000",1/2024,0,0,0,https://www.udemy.com/course/aws-cloud-administration-fundamentals/
Getting Started With Amazon CloudWatch,1305241,Vedvistara Technologies,"Application Performance Management, Amazon AWS, Other IT & Software, IT & Software",Amazon AWS,All Levels,1.5 hours,4.1,34,180,Free,6/2018,0,0,0,https://www.udemy.com/course/getting-started-with-amazon-cloudwatch/
TOTAL: Cloud Computing / CompTIA Cloud+ (CV0-004),2834322,"Total Seminars Over 1 Million Enrollments, Tom Carpenter","Cloud Computing, CompTIA Cloud+, IT Certifications, IT & Software",Amazon AWS,Intermediate,6 hours,4.5,11345,49568,"Rp279,000",12/2025,0,0,11,https://www.udemy.com/course/total-cloud-computing-comptia-cloud-cert-cv0-002/
6 Practice Exams | AWS Certified Cloud Practitioner CLF-C02,4567644,Odoben | Practice Exams | AWS Certified Cloud Practitioner | AWS Certified AI Practitioner | Microsoft Azure Fundamentals,"AWS Certified Cloud Practitioner, IT Certifications, IT & Software",Amazon AWS,Beginner,N/A,4.6,1367,69611,"Rp149,000",2/2026,0,0,0,https://www.udemy.com/course/aws-certified-cloud-practitioner-practice-exam-new/
Build and Scale with AWS Cloud - A Hands-on Beginners Guide,6598147,"Yogesh Raheja, Thinknyx Technologies, Kulbhushan Mayer","Amazon AWS, AWS Certified Cloud Practitioner, AWS Certified Solutions Architect - Associate, AWS Certified Developer - Associate, Other IT & Software",Amazon AWS,All Levels,10.5 hours,4.8,26,1155,"Rp149,000",9/2025,7,0,1,https://www.udemy.com/course/build-and-scale-with-aws-cloud-a-hands-on-beginners-guide/
[NEW] AWS Cloud Practitioner Practice Exams CLF-C02 Mar 2026,7022363,Olatinwo Goodness,"AWS Certified Cloud Practitioner, IT Fundamentals, Cloud Computing, Amazon AWS, IT Certifications",Amazon AWS,All Levels,N/A,5.0,56,276,"Rp149,000",3/2026,0,0,0,https://www.udemy.com/course/new-aws-cloud-practitioner-practice-exams-clf-c02-mar-2026/
AWS Cloud for Beginners,5310136,K21 Academy,"Amazon AWS, Other IT & Software, IT & Software",Amazon AWS,Beginner,3 hours,4.0,10,32,"Rp149,000",5/2023,1,0,0,https://www.udemy.com/course/aws-cloud-for-beginners/
AWS Certified Solutions Architect Associate Course 2026,6323177,Cloud Guru Amit,"AWS Certified Solutions Architect - Associate, IT Certifications, IT & Software",Amazon AWS,All Levels,12.5 hours,4.8,16,58,"Rp3,129,000",2/2026,0,0,20,https://www.udemy.com/course/aws-certified-solutions-architect-associate-practice-exam-questions/
AWS Cloud Computing : Beginner to Industry-Ready,6619797,Vimal Daga,"Cloud Computing, Amazon AWS, AWS Certified Cloud Practitioner, AWS CloudFormation, Other IT & Software",Amazon AWS,All Levels,20 hours,4.5,86,1755,"Rp149,000",10/2025,0,0,0,https://www.udemy.com/course/aws-cloud-computing-beginner-to-industry-ready/
Kubernetes on AWS using Amazon EKS,3341150,Ricky Brar,"Amazon EKS, Kubernetes, Network & Security, IT & Software",Amazon AWS,All Levels,4 hours,4.1,45,384,"Rp149,000",7/2020,1,0,2,https://www.udemy.com/course/kubernetes-on-aws-using-amazon-eks/
AWS MasterClass: DevOps w/ AWS Command Line Interface (CLI),1278524,"TetraNoodle Team, Manuj Aggarwal","DevOps, Amazon AWS, Network & Security, IT & Software",Amazon AWS,All Levels,5.5 hours,4.4,625,6155,"Rp149,000",2/2019,1,0,0,https://www.udemy.com/course/aws-masterclass-aws-command-line-interface-and-devops/
Amazon Web Services AWS Interview Preparation,1127286,KnowledgePowerhouse !,"Amazon AWS, Interviewing Skills, Other IT & Software, IT & Software",Amazon AWS,All Levels,3 hours,3.9,168,1073,"Rp149,000",8/2017,4,0,0,https://www.udemy.com/course/amazon-web-services-aws-interview-preparation/
AWS Developer Associate DVA-C02 Practice Exams 2026,6451435,Nex Arc,"Cloud Computing, Amazon AWS, AWS Certified Developer - Associate, IT Certifications, IT & Software",Amazon AWS,Intermediate,N/A,4.7,16,167,Free,2/2026,0,0,0,https://www.udemy.com/course/aws-developer-associate-dva-c02-practice-exam/
AWS Networking Deep-Dive Crash Course: Master VPC Essentials,6923331,Rick Crisci,"Amazon Virtual Private Cloud (VPC), AWS Certified Advanced Networking - Specialty, AWS Direct Connect, AWS Certified Solutions Architect - Associate, Network & Security",Amazon AWS,Beginner,4.5 hours,4.5,4,36,"Rp149,000",11/2025,0,0,0,https://www.udemy.com/course/aws-networking-deep-dive-crash-course-master-vpc-essentials/
Comprehensive Guide to AWS WAF - Protecting Web Applications,5471486,CyberBruhArmy .,"AWS Web Application Firewall (WAF), AWS Security Services, IT Certifications, IT & Software",Amazon AWS,All Levels,32 mins,3.3,4,88,"Rp149,000",8/2024,47,0,0,https://www.udemy.com/course/comprehensive-guide-to-aws-waf-protecting-web-applications/
Hands-On Introduction to Cloud Computing with AWS,6279859,Lukasz Kallas,"Amazon AWS, Cloud Computing, Other IT & Software, IT & Software",Amazon AWS,Beginner,9 hours,4.6,65,5062,"Rp149,000",8/2025,3,0,0,https://www.udemy.com/course/hands-on-introduction-to-cloud-computing-with-aws/
Advanced Operations on AWS,2612816,Rohan Arora,"Amazon AWS, Cloud Computing, Other IT & Software, IT & Software",Amazon AWS,Beginner,23 hours,4.5,37,274,"Rp149,000",11/2021,0,0,4,https://www.udemy.com/course/beginner-to-advanced-operations-on-aws/
AWS Solutions Architect Associate SAA-C03,6621757,ITO Cloud Courses,"AWS Certified Solutions Architect - Associate, IT Certifications, IT & Software",Amazon AWS,Intermediate,34 hours,4.7,18,99,"Rp3,129,000",7/2025,7,0,1,https://www.udemy.com/course/most-valuable-aws-solutions-architect-associate-saa-c03/
Learn Generative AI and pass AWS AI Certification,6266365,Ashish Prajapati,"Generative AI (GenAI), IT Certifications, IT & Software",Amazon AWS,Beginner,7.5 hours,4.6,47,186,"Rp149,000",11/2024,0,0,9,https://www.udemy.com/course/genai-aws/
"Basics Of Cloud Computing with AWS, Azure and GCP Tools",5316450,Srini Vanamala,"Cloud Computing, Other IT & Software, IT & Software",Amazon AWS,Beginner,9.5 hours,4.5,98,1296,"Rp149,000",1/2026,3,0,0,https://www.udemy.com/course/cloud-computing-for-beginners-course/
AWS AI Customer Support Chatbots – Complete Hands-On,6982609,Macaulay Famous,"Amazon API Gateway, Cloud Computing, Generative AI (GenAI), Artificial Intelligence (AI), Web Development",Amazon AWS,All Levels,5 hours,5.0,9,28,"Rp149,000",2/2026,0,0,15,https://www.udemy.com/course/aws-ai-customer-experience-chatbots-complete-hands-on/
"AWS Fargate & ECS - Masterclass | Microservices, Docker, CFN",2654134,"Kalyan Reddy Daida | DevOps & SRE Architect on AWS, Azure & Google Cloud Platforms","Amazon ECS, Network & Security, IT & Software",Amazon AWS,All Levels,10.5 hours,4.3,1053,15210,"Rp149,000",3/2026,5,0,0,https://www.udemy.com/course/aws-fargate-ecs-masterclass-microservices-docker-cloudformation/
AWS Master Class: Databases In The Cloud With AWS RDS,1614452,"TetraNoodle Team, Manuj Aggarwal","Amazon RDS, Amazon AWS, Database Management Systems (DBMS), AWS Databases, Database Design & Development",Amazon AWS,All Levels,5.5 hours,4.0,320,8223,"Rp149,000",2/2019,0,0,0,https://www.udemy.com/course/aws-master-class-databases-in-the-cloud-with-aws-rds/
Amazon EKS Security and Networking Masterclass,3389850,Ricky Brar,"Amazon EKS, Kubernetes, Network & Security, IT & Software",Amazon AWS,Intermediate,2.5 hours,4.7,232,2082,"Rp149,000",8/2020,1,0,2,https://www.udemy.com/course/amazon-eks-security-and-networking-masterclass/
Cloud Computing Fundamentals,3619962,Mohamed Rhim,"Cloud Computing, Cloud Security, Other IT & Software, IT & Software",Amazon AWS,Beginner,3 hours,4.5,16186,58446,"Rp149,000",5/2021,0,0,3,https://www.udemy.com/course/welcome-to-cloud-computing-world/
AWS Solutions Architect Associate SAA-C03 Practice Exam 2026,6447421,Nex Arc,"Amazon AWS, AWS Certified Solutions Architect - Associate, Cloud Architecture, IT Certifications, IT & Software",Amazon AWS,All Levels,N/A,4.6,38,1096,"Rp149,000",2/2026,0,0,0,https://www.udemy.com/course/aws-solutions-architect-associate-saa-c03-practice-exam/
AWS Certified Cloud Practitioner (CLF) Exam Prep Course,6917901,"Maruchin Tech, Maruchin Tech","AWS Certified Cloud Practitioner, IT Certifications, IT & Software",Amazon AWS,Beginner,10.5 hours,4.7,N/A,1,"Rp149,000",11/2025,1,0,6,https://www.udemy.com/course/aws-cloud-practitioner-clf-en/
[CLF-C02] AWS Cloud Practitioner Practice Exam : AWS CLF-C02,6028388,"Sonu Rani || Cloud Solutions SME, Author, Instructor, Architect Cloud Practitioner, Administrator, Developer [AWS | Azure | GCP]","AWS Certified Cloud Practitioner, IT Certifications, IT & Software",Amazon AWS,All Levels,N/A,4.9,39,348,"Rp149,000",8/2024,0,0,0,https://www.udemy.com/course/aws-cloud-practitioner-practice-exam-clf-c02/
AWS Mastery on S3: Beginner to Expert,5869052,Jagan Aws Coach,"Amazon AWS, IT Certifications, IT & Software",Amazon AWS,Beginner,7.5 hours,4.6,19,1048,"Rp149,000",3/2024,0,0,3,https://www.udemy.com/course/aws-s3-mastery-beginner-to-expert/
AWS Core: Navigate the Cloud with Confidence,6310427,The Cloud Navigator,"Amazon AWS, AWS Certified Cloud Practitioner, IT Certifications, IT & Software",Amazon AWS,Beginner,2 hours,4.7,14,20,"Rp149,000",12/2024,0,0,6,https://www.udemy.com/course/aws-core-cloud/
[2026] Introduction to Microsoft Azure for Beginners,6692331,"Joan Amengual | AWS Certified Cloud Practitioner,Solutions Architect,Developer","Microsoft Azure, IT Certifications, IT & Software",Amazon AWS,All Levels,1.5 hours,4.6,31,465,"Rp149,000",12/2025,1,0,0,https://www.udemy.com/course/introduction-microsoft-azure-beginners/
AWS Certified Developer 2024: Ultimate Guide & Practice Test,5998764,Teach Apex,"Amazon AWS, Network & Security, IT & Software",Amazon AWS,All Levels,14 hours,5.0,1,4,"Rp149,000",6/2024,0,0,0,https://www.udemy.com/course/aws-certified-developer-2024-ultimate/
Part 2: AWS Certified Solutions Architect SAA C03 [2025],1198532,"Chandra Lingam, Compute with Cloud Support","AWS Certified Solutions Architect - Associate, IT Certifications, IT & Software",Amazon AWS,All Levels,9 hours,4.8,711,8215,"Rp149,000",10/2025,28,0,31,https://www.udemy.com/course/2-aws-certified-solutions-architect-guide-question-bank/
AWS Certified Cloud Practitioner AWS Certification Practice,3885838,Muhammad Ismail,"AWS Certified Cloud Practitioner, IT Certifications, IT & Software",Amazon AWS,All Levels,N/A,4.1,50,3926,"Rp2,089,000",7/2025,0,0,0,https://www.udemy.com/course/aws-certified-cloud-practitioner-aws-certification-practice/
Learn AWS Step By Step With 3 Projects,2617530,Mukesh Ranjan,"AWS Lambda, AWS Rekognition, Other IT & Software, IT & Software",Amazon AWS,Beginner,5.5 hours,4.1,52,280,"Rp149,000",10/2023,1,0,1,https://www.udemy.com/course/aws-automation-series-course-1-learn-aws-step-by-step/
Simulation AWS Cloud Practitioner (CLF-C02) Certification,6255521,"Run as Cloud | AWS MICROSOFT LINUX, Maik Biazi | AWS, Linux","AWS Certified Cloud Practitioner, Amazon AWS, IT Certifications, IT & Software",Amazon AWS,Beginner,N/A,5.0,4,7,"Rp149,000",1/2026,0,0,0,https://www.udemy.com/course/simulation-aws-cloud-practitioner-clf-c02-certification-o/
Amazon Bedrock: AWS GenAI for All | No Code-100% Drag & Drop,6195459,Karan Gupta - Coursediy.com,"Amazon Bedrock, Artificial Intelligence (AI), Generative AI (GenAI), IT Certifications, IT & Software",Amazon AWS,All Levels,6 hours,4.6,105,802,"Rp149,000",5/2025,1,0,0,https://www.udemy.com/course/amazon-bedrock-unleash-genai-without-code-100-drag-drop/
AWS Certified Solutions Architect Associate 2023 Edition!,2605112,Anthony Sequeira,"AWS Certified Solutions Architect - Associate, IT Certifications, IT & Software",Amazon AWS,Beginner,9 hours,4.6,2689,37011,"Rp149,000",5/2025,0,0,4,https://www.udemy.com/course/aws-solutions-architect-associate-pass-the-saa-c02-exam/
AWS Cloud foundation for data engineering | Beginneers,6101239,Akash Sunil Pawar,"Amazon AWS, Cloud Computing, AWS Certified Cloud Practitioner, Other IT & Software, IT & Software",Amazon AWS,All Levels,1 hour,4.2,23,1130,"Rp149,000",8/2024,0,0,0,https://www.udemy.com/course/cloud-computing-explained-benefits-aws-and-more/
[NEW] AWS Certified Cloud Practitioner Video Course - 2022,4725440,Saurabh Gupta || CloudGita || AZ-900 || AZ-104 || AWS Certified Cloud Practitioner,"AWS Certified Cloud Practitioner, IT Certifications, IT & Software",Amazon AWS,Beginner,17.5 hours,4.6,225,2573,"Rp149,000",1/2024,33,0,1,https://www.udemy.com/course/cloudgita-03/
AWS Certified Solutions Architect Professional Hands-On+Exam,6213109,Deepak Dubey,"AWS Certified Solutions Architect - Professional, IT Certifications, IT & Software",Amazon AWS,Intermediate,63 hours,4.2,91,33125,"Rp149,000",4/2026,0,0,155,https://www.udemy.com/course/aws-certified-solutions-architect-professional-1/
Cloud Computing Development Essentials,616990,Destin Learning,"Cloud Computing, Amazon AWS, Salesforce Development, Microsoft Azure, Other IT & Software",Amazon AWS,All Levels,2 hours,4.3,86,3137,"Rp149,000",1/2019,6,0,7,https://www.udemy.com/course/cloud-computing-development-essentials/
AWS Certified Cloud Practitioner Crash Course,4408880,Jasenko Krejić,"AWS Databases, IT Certifications, IT & Software",Amazon AWS,Beginner,2 hours,4.8,8,18,"Rp149,000",12/2022,0,0,0,https://www.udemy.com/course/aws-certified-cloud-practitioner-crash-course/
TOTAL: AWS Database Course,3237549,"Total Seminars Over 1 Million Enrollments, Tom Carpenter","AWS Databases, IT Certifications, IT & Software",Amazon AWS,Intermediate,8 hours,4.3,525,6116,"Rp149,000",1/2025,0,0,10,https://www.udemy.com/course/total-aws-certified-database-specialty-exam-prep-dbs-c01/
AWS Certified Machine Learning Engineer Associate Exam Prep,6915211,"Maruchin Tech, Maruchin Tech","AWS Certified Machine Learning Engineer - Associate, IT Certifications, IT & Software",Amazon AWS,Intermediate,22 hours,4.3,N/A,7,"Rp3,129,000",11/2025,1,0,35,https://www.udemy.com/course/aws-machine-learning-engineer-associate-mla-en/
AWS Certified Developer Associate - Theory + Hands-On + Exam,6121691,Deepak Dubey,"AWS Certified Developer - Associate, IT Certifications, IT & Software",Amazon AWS,Beginner,32.5 hours,4.3,137,35447,"Rp149,000",4/2026,0,0,68,https://www.udemy.com/course/aws-certified-develop-associate/
AWS Solutions Architect SAA-C03 [March 2026 Update],6942117,Olatinwo Goodness,"AWS Certified Solutions Architect - Associate, IT Certifications, IT & Software",Amazon AWS,All Levels,N/A,4.9,32,900,"Rp149,000",3/2026,0,0,0,https://www.udemy.com/course/aws-certified-solutions-architect-associate-saa-c03-2026-l/
Cloud Computing for Beginners - Infrastructure as a Service,3640420,Idan Gabrieli,"Cloud Computing, Amazon AWS, Microsoft Azure, Infrastructure as a Service (IaaS), Other IT & Software",Amazon AWS,Beginner,2.5 hours,4.4,4441,25877,Free,6/2025,1,0,2,https://www.udemy.com/course/cloud-computing-for-beginners-infrastructure-as-a-service/
AWS Certified DevOps Engineer Professional - Hands-On + Exam,6303665,Deepak Dubey,"AWS Certified DevOps Engineer - Professional, IT Certifications, IT & Software",Amazon AWS,Intermediate,45 hours,4.3,107,28476,"Rp149,000",4/2026,0,0,108,https://www.udemy.com/course/aws-certified-devops-engineer-professional-complete-guide/
Complete AWS Certified AI Practitioner – AIF-C01 [NEW],6101149,Nikolai Schuler,"AWS Certified AI Practitioner, IT Certifications, IT & Software",Amazon AWS,All Levels,11 hours,4.6,501,4418,"Rp149,000",3/2026,2,0,17,https://www.udemy.com/course/aws-certified-ai-practitioner-aif-c01-exam/
The Ultimate AWS Certified Solutions Architect - Associate,1343886,Bernard Golden,"AWS Certified Solutions Architect - Associate, Amazon AWS, IT Certifications, IT & Software",Amazon AWS,All Levels,27 hours,4.6,1626,10720,"Rp149,000",2/2019,0,0,27,https://www.udemy.com/course/the-ultimate-aws-certified-solutions-architect-associate/
AWS CloudFormation - Simplified | Hands On with YAML,2361324,"Kalyan Reddy Daida | DevOps & SRE Architect on AWS, Azure & Google Cloud Platforms","AWS CloudFormation, YAML, Web Development, Development",Amazon AWS,All Levels,18.5 hours,4.3,1474,16237,"Rp149,000",3/2026,4,0,1,https://www.udemy.com/course/aws-cloudformation-simplified-hands-on-learning/
Edward's AWS Certified Security Specialty Course (SCS-C02),6299695,Edward Viaene,"AWS Certified Security - Specialty, IT Certifications, IT & Software",Amazon AWS,Expert,7.5 hours,4.8,23,372,"Rp149,000",12/2024,0,0,0,https://www.udemy.com/course/edwards-aws-certified-security-specialty-course/
Deploy a Django web app with AWS Elastic Beanstalk,4843766,Arno Pretorius,"Django, AWS Elastic Beanstalk, Other IT & Software, IT & Software",Amazon AWS,Intermediate,5 hours,4.7,88,529,"Rp159,000",3/2026,8,0,7,https://www.udemy.com/course/deploy-a-django-web-app-with-aws-elastic-beanstalk-2022/
AWS: Serverless App Development with AWS: 3-in-1,1669236,Packt Publishing,"Amazon AWS, Mobile Development, Development",Amazon AWS,Intermediate,7 hours,4.3,27,268,"Rp149,000",5/2018,0,0,1,https://www.udemy.com/course/aws-serverless-app-development-with-aws-3-in-1/
Practice Exams for the AWS Cloud Practitioner Certification,5194012,Gokul C Prabhakar,"AWS Certified Cloud Practitioner, IT Certifications, IT & Software",Amazon AWS,All Levels,N/A,4.8,16,160,"Rp149,000",9/2024,0,0,0,https://www.udemy.com/course/preparatory-tests-for-aws-cloud-practitioner-and-beyond/
Amazon Redshift Complete Guide: Data Warehousing & Analytics,6837597,Vimal Daga,"Amazon Redshift, ETL, Hardware, IT & Software",Amazon AWS,All Levels,7.5 hours,5.0,1,13,"Rp149,000",9/2025,0,0,0,https://www.udemy.com/course/amazon-redshift-complete-guide-data-warehousing-analytics/
AWS Certified Cloud Practitioner Practice Test,5611228,Miguel Alexsander Do Nascimento,"Amazon AWS, AWS Certified Cloud Practitioner, IT Certifications, IT & Software",Amazon AWS,All Levels,N/A,4.3,33,3279,"Rp2,089,000",2/2025,0,0,0,https://www.udemy.com/course/aws-certified-cloud-practitioner-practice-test-q/
Amazon DynamoDB: A Comprehensive Deep Dive [NEW],6092135,"Paulo Dichone | Software Engineer, AWS Cloud Practitioner & Instructor","DynamoDB, Other IT & Software, IT & Software",Amazon AWS,All Levels,3.5 hours,4.4,173,1120,"Rp159,000",11/2024,2,0,1,https://www.udemy.com/course/aws-dynamodb/
AWS CodeCommit CodeBuild CodeDeploy CodePipeline | Hands On,2346130,"Kalyan Reddy Daida | DevOps & SRE Architect on AWS, Azure & Google Cloud Platforms, StackSimplify Official","AWS CodePipeline, Software Development Tools, Development",Amazon AWS,All Levels,3.5 hours,4.1,971,9893,"Rp149,000",3/2026,4,0,2,https://www.udemy.com/course/aws-codecommit-codebuild-codedeploy-codepipeline-hands-on/
"Data Engineering, Serverless ETL & BI on Amazon Cloud",3115248,Sid Raghunath,"Data Warehouse, Amazon Redshift, ETL, Data Engineering, Other IT & Software",Amazon AWS,Beginner,6 hours,4.2,761,6622,"Rp149,000",10/2023,0,0,22,https://www.udemy.com/course/data-engineering-serverless-elt-bi-on-amazon-cloud/
AWS Solutions Architect Professional SAP-C02 Practice Exams,6408729,Nex Arc,"Amazon AWS, AWS Certified Solutions Architect - Professional, IT Certifications, IT & Software",Amazon AWS,Expert,N/A,4.5,46,224,"Rp149,000",2/2026,0,0,0,https://www.udemy.com/course/aws-solutions-architect-professional-sap-c02-practice-exams/
AWS Certified Solutions Architect Professional SAP-C02 2026,6524719,Cloud Guru Amit,"AWS Certified Solutions Architect - Professional, IT Certifications, IT & Software",Amazon AWS,All Levels,5.5 hours,5.0,1,10,"Rp149,000",2/2026,0,0,9,https://www.udemy.com/course/aws-certified-solutions-architect-professional-cloud-guru-amit/
AWS Key Management Service - KMS Fundamentals,3111668,Brian Choi,"Amazon AWS, Encryption, Software Engineering, Development",Amazon AWS,Intermediate,3 hours,4.6,85,448,N/A,10/2020,0,0,8,https://www.udemy.com/course/aws-key-management-service-kms-fundamentals/
AWS Certified Cloud Practitioner CLF-C02 (Options Explained),6202407,Yusuf Marks,"AWS Certified Cloud Practitioner, IT Certifications, IT & Software",Amazon AWS,All Levels,N/A,4.8,4,15,"Rp149,000",4/2026,0,0,0,https://www.udemy.com/course/aws-certified-cloud-practitioner-clf-c02-options-explained/
AWS Certified Cloud Practitioner Practice Exams CLF-C02 2025,6531033,Big Century Hub,"AWS Certified Cloud Practitioner, IT Certifications, IT & Software",Amazon AWS,All Levels,N/A,4.6,20,1216,"Rp159,000",10/2025,0,0,0,https://www.udemy.com/course/aws-certified-cloud-practitioner-practice-exams-clf-c02-2025/
AWS Database Specialty (DBS-C01) Exam Prep Course,5722006,"Maruchin Tech, Maruchin Tech","AWS Certified Database - Specialty (Retired), IT Certifications, IT & Software",Amazon AWS,Expert,7.5 hours,4.6,29,232,"Rp149,000",9/2025,1,0,4,https://www.udemy.com/course/aws-certified-database-specialty-training-dbs/
LEARNING PATH: AWS: Serverless Applications with AWS Lambda,1598558,Packt Publishing,"AWS Lambda, Amazon AWS, Database Design & Development, Development",Amazon AWS,Beginner,5 hours,4.2,5,87,"Rp149,000",3/2018,0,0,1,https://www.udemy.com/course/learning-path-aws-serverless-applications-with-aws-lambda/
Learn Amazon EKS: A Managed Kubernetes Service on AWS,2557254,Dhiman Halder,"Kubernetes, Amazon AWS, Docker, Amazon EKS, Other IT & Software",Amazon AWS,Intermediate,4 hours,4.2,107,733,"Rp149,000",1/2021,2,0,27,https://www.udemy.com/course/learn-amazon-eks/
Configure NGINX on a Cloud Server: Digital Ocean & AWS,5135834,YouAccel Training,"Cloud Computing, NGINX, Web Development, Development",Amazon AWS,Beginner,9.5 hours,4.7,105,30648,N/A,3/2023,0,0,0,https://www.udemy.com/course/configure-nginx-on-a-cloud-server-digital-ocean-aws/
AWS Certified Cloud Practitioner CLF-C02 Practice Exam 2026,6467259,Nex Arc,"Cloud Computing, Amazon AWS, AWS Certified Cloud Practitioner, IT Certifications, IT & Software",Amazon AWS,Beginner,N/A,4.5,46,853,"Rp149,000",2/2026,0,0,0,https://www.udemy.com/course/aws-certified-cloud-practitioner-foundational-clf-c02-practice-exam/
AWS Certified CloudOps Engineer Associate Exam Prep Course,6920275,"Maruchin Tech, Maruchin Tech","AWS Certified CloudOps Engineer - Associate, IT Certifications, IT & Software",Amazon AWS,Intermediate,19.5 hours,4.1,2,6,"Rp3,129,000",11/2025,1,0,27,https://www.udemy.com/course/aws-cloudops-engineer-associate-en/
AWS Certified Database Specialty Practice Exams,2682208,"Jon Bonso AWS Generative AI Developer, AWS Certified Solutions Architect, Tutorials Dojo | AWS Certified Cloud Practitioner, AWS Certified Solutions Architect, AWS Certified Developer, Tutorials Dojo Support","AWS Certified Database - Specialty (Retired), IT Certifications, IT & Software",Amazon AWS,All Levels,N/A,4.6,620,4529,"Rp149,000",2/2024,0,0,0,https://www.udemy.com/course/aws-certified-database-specialty-practice-exams-dbs-c01/
2026 AWS Architect SAA-C03 –945 Questions& Full Explanations,7062517,Cloud Certification Academy,"AWS Certified Solutions Architect - Associate, Amazon AWS, IT Certifications, IT & Software",Amazon AWS,All Levels,N/A,5.0,20,112,"Rp149,000",2/2026,0,0,0,https://www.udemy.com/course/2026-aws-architect-saa-c03-945-questions-full-explanations/
Mock Exams | AWS Certified Cloud Practitioner | 390 Question,6017776,Navid Eskandari | Team MockExam,"AWS Certified Cloud Practitioner, IT Certifications, IT & Software",Amazon AWS,All Levels,N/A,5.0,4,42,"Rp159,000",4/2025,0,0,0,https://www.udemy.com/course/aws-certified-cloud-practitioner-mock-exams-390-question/
AWS Guide for Beginners - Your Cloud Journey Begins Here!,5402508,Karthikeya T,"Amazon AWS, IT Certifications, IT & Software",Amazon AWS,Beginner,1.5 hours,4.5,129,2513,"Rp149,000",12/2024,3,0,0,https://www.udemy.com/course/aws-guide-beginners/
AWS Code Deploy and Cloudwatch in AWS,7039987,Varalakshmi Kumili,"Amazon AWS, IT Certifications, IT & Software",Amazon AWS,All Levels,1 hour,4.7,N/A,N/A,"Rp149,000",2/2026,0,0,0,https://www.udemy.com/course/aws-code-deploy-and-cloudwatch-in-aws/
AWS Certified Solution Architect - Associate 2020,1309868,Joydip Ghosh,"AWS Certified Solutions Architect - Associate, Amazon AWS, IT Certifications, IT & Software",Amazon AWS,All Levels,18 hours,3.7,827,25031,"Rp149,000",10/2020,10,0,10,https://www.udemy.com/course/aws-certified-solution-architect-associate-2017/
"Infrastructure as Code, Master AWS Cloud Development Kit CDK",3709704,Icaro Lavrador,"AWS Cloud Development Kit (CDK), AWS Amplify, AWS CloudFormation, Infrastructure as Code, Software Development Tools",Amazon AWS,Intermediate,4 hours,4.2,477,4542,"Rp149,000",3/2021,1,0,1,https://www.udemy.com/course/aws-cdk-course/
Amazon EC2 Masterclass,3669832,Rohan Arora,"AWS Certified Developer - Associate, AWS Certified Cloud Practitioner, Amazon EC2, IT Certifications, IT & Software",Amazon AWS,Intermediate,10 hours,4.4,11,146,"Rp149,000",1/2021,1,0,13,https://www.udemy.com/course/amazon-ec2-masterclass/
Introduction To Cloud Computing With AWS,6727221,Eduonix Learning Solutions,"Cloud Computing, Amazon AWS, Web Development, Development",Amazon AWS,Intermediate,1 hour,5.0,1,4,Free,7/2025,0,0,0,https://www.udemy.com/course/introduction-to-cloud-computing-with-aws/
The Complete AWS Solutions Architect Associate Course,1340536,Rohan Arora,"AWS Certified Solutions Architect - Associate, Amazon AWS, IT Certifications, IT & Software",Amazon AWS,All Levels,22 hours,4.2,229,1567,"Rp149,000",11/2021,0,0,15,https://www.udemy.com/course/the-complete-aws-solutions-architect-associate-course/
AWS EC2 Deep Dive: Complete Elastic Compute Guide,5892738,CloudFolks HUB,"AWS Certified Solutions Architect - Associate, Cloud Computing, AWS Certified Cloud Practitioner, IT Certifications, IT & Software",Amazon AWS,Beginner,5 hours,4.5,1,14,"Rp149,000",11/2025,0,0,5,https://www.udemy.com/course/aws-bootcamp-ec2/
Resilient Architectures on AWS with Practical Solutions,4679678,"Chandra Lingam, Compute with Cloud Support","Disaster Recovery, Other IT & Software, IT & Software",Amazon AWS,Intermediate,3 hours,4.5,345,2978,"Rp149,000",12/2025,11,0,3,https://www.udemy.com/course/hands-on-disaster-recovery-on-aws-cloud/
Fundamentals of AWS Services,3630086,Joseph Holbrook,"Amazon AWS, IT Certifications, IT & Software",Amazon AWS,Beginner,5.5 hours,4.4,12,53,N/A,12/2020,0,0,2,https://www.udemy.com/course/fundamentals-of-awsservices/
AWS Certified AI Practitioner (AIF) Exam Prep Course,6916105,"Maruchin Tech, Maruchin Tech","AWS Certified AI Practitioner, IT Certifications, IT & Software",Amazon AWS,Beginner,5.5 hours,4.7,N/A,2,"Rp149,000",11/2025,1,0,1,https://www.udemy.com/course/aws-ai-practitioner-aif-en/
AWS Certified Developer Associate Course 2026 DVA-C02,6581043,Cloud Guru Amit,"AWS Certified Developer - Associate, IT Certifications, IT & Software",Amazon AWS,All Levels,9 hours,4.4,N/A,3,"Rp149,000",2/2026,0,0,12,https://www.udemy.com/course/aws-certified-developer-associate-course-cloud-guru-amit/
AWS Solutions Architect- Cloud Design and Implementation,5788712,GuiNet Technologies,"AWS Certified Solutions Architect - Associate, Amazon AWS, AWS Certified Solutions Architect - Professional, Network & Security, IT & Software",Amazon AWS,All Levels,26.5 hours,4.8,7,71,"Rp149,000",1/2024,0,0,0,https://www.udemy.com/course/aws-solutions-architect-cloud-design-and-implementation/
AWS Basics - For beginners and intermediates,2007340,Wolfgang Unger,"Amazon AWS, Amazon EC2, Amazon S3, Cloud Computing, Other IT & Software",Amazon AWS,All Levels,4.5 hours,4.1,185,784,"Rp149,000",7/2020,0,0,16,https://www.udemy.com/course/aws-basics/
AWS 3 in 1 Certification Course Bundle,2095248,"Syed Raza, Qasim Shah, ClayDesk E-learning, Ali Bokhari","AWS Certified DevOps Engineer - Professional, AWS Databases, AWS CloudFormation, AWS CodePipeline, IT Certifications",Amazon AWS,All Levels,23.5 hours,4.1,662,8066,"Rp149,000",5/2023,14,0,20,https://www.udemy.com/course/aws-certified-devops-engineer-get-3-certifications/
"Cloud Architecture Pro: Design & Engineer AWS, Azure, GCP!",5219198,Brian Newman,"Cloud Computing, Other IT & Software, IT & Software",Amazon AWS,Beginner,6.5 hours,4.5,32,201,"Rp149,000",1/2024,0,0,61,https://www.udemy.com/course/cloud-architecture-pro-design-engineer-aws-azure-gcp/
AWS Solutions Architect Associate SAA-C03 Practice Exam 2026,6687629,Andre Iacono | 395000+ Students | Author · Deep Learning AI Specialist |,"AWS Certified Solutions Architect - Associate, IT Certifications, IT & Software",Amazon AWS,Beginner,N/A,4.0,1,13,"Rp149,000",1/2026,0,0,0,https://www.udemy.com/course/practice-exam-aws-solutions-architect-associate-saa-c03/
AWS Certified Solutions Architect Associate SAA-C03 (2025),6151897,Abhishek kumar Singh,"AWS Certified Solutions Architect - Associate, Amazon AWS, AWS Certified Cloud Practitioner, IT Certifications, IT & Software",Amazon AWS,All Levels,10 hours,4.5,93,2334,"Rp149,000",3/2025,5,0,30,https://www.udemy.com/course/aws-certified-solutions-architect-associate-saa-c03-m/
Master the AWS Solutions Architect Associate – 2026,6743653,Digitalk Systems,"AWS Certified Solutions Architect - Professional, Amazon AWS, AWS Certified Cloud Practitioner, AWS Certified Solutions Architect - Associate, Other IT & Software",Amazon AWS,All Levels,17.5 hours,5.0,5,106,"Rp429,000",1/2026,0,0,33,https://www.udemy.com/course/mastering-amazon-web-services-aws-from-zero-to-cloud-expert/
AWS Certified Cloud Practitioner CLF-C02 certification,5597584,Abdou Maze,"Amazon AWS, IT Certifications, IT & Software",Amazon AWS,All Levels,N/A,5.0,20,251,"Rp149,000",1/2026,0,0,0,https://www.udemy.com/course/aws-certified-cloud-practitioner-clf-c01-certification/
"Deep Dive into AWS VPC Architecture:Design,Deploy & Optimize",5951680,CloudFolks HUB,"AWS Certified Advanced Networking - Specialty, AWS Certified Cloud Practitioner, AWS Certified Solutions Architect - Associate, IT Certifications, IT & Software",Amazon AWS,Beginner,5.5 hours,5.0,3,21,"Rp149,000",2/2025,0,0,7,https://www.udemy.com/course/aws-bootcamp-aws-vpc/
NEW AWS Cloud Technology Masterclass,2333850,"Qasim Shah, Syed Raza, ClayDesk E-learning, Myra Gul, Ali Bokhari","AWS Certified Cloud Practitioner, AWS CloudFormation, AWS Elastic Beanstalk, Operating Systems & Servers, IT & Software",Amazon AWS,All Levels,24 hours,4.1,86,7530,"Rp149,000",10/2022,3,0,11,https://www.udemy.com/course/aws-cloud-technology-masterclass/
AWS Management and Governance Services - Hands-On Lab Demos,6916717,Deepak Dubey,"Other IT & Software, IT & Software",Amazon AWS,Intermediate,3 hours,5.0,1,3646,"Rp149,000",11/2025,0,0,0,https://www.udemy.com/course/aws-management-and-governance-services-hands-on-lab-demos/
AWS Certified Cloud Practitioner | 4 Hours Crash Course,5734756,Ammad Ud Din,"Cloud Computing, IT Certifications, IT & Software",Amazon AWS,Beginner,4 hours,4.4,13,63,"Rp149,000",6/2024,0,0,15,https://www.udemy.com/course/aws-certified-cloud-practitioner-4-hours-crash-course-2024/
AWS Certified Solutions Architect Associate SAA-C03 WARP 9,3810968,Warp 9 Training,"AWS Certified Solutions Architect - Associate, IT Certifications, IT & Software",Amazon AWS,Beginner,5 hours,4.7,331,8223,"Rp149,000",1/2026,1,0,1,https://www.udemy.com/course/warp-9-aws-certified-solutions-architect-associate-2021/
"Introduction to Cloud Computing with AWS, Azure and GCP",2414030,Cloud Shikshak,"Google Cloud, Cloud Computing, Amazon AWS, Microsoft Azure, Other IT & Software",Amazon AWS,All Levels,5 hours,4.3,600,2457,"Rp149,000",5/2023,1,0,1,https://www.udemy.com/course/the-complete-introduction-to-cloud-with-aws-azure-and-gcp/
Practice Test AWS Solutions Architect Associate SAA C03,1162310,"Chandra Lingam, Compute with Cloud Support","AWS Certified Solutions Architect - Associate, Amazon AWS, IT Certifications, IT & Software",Amazon AWS,All Levels,13 hours,4.4,3552,54397,"Rp149,000",10/2025,52,0,28,https://www.udemy.com/course/practice-test-aws-certified-solutions-architect-associate/
AWS CERTIFIED SOLUTIONS ARCHITECT ASSOCIATE - MOCK EXAM 2026,6603559,"Mastering IT, FIN & Business Academy","AWS Certified Solutions Architect - Associate, Amazon AWS, IT Certifications, IT & Software",Amazon AWS,All Levels,N/A,3.3,2,102,"Rp149,000",5/2025,0,0,0,https://www.udemy.com/course/aws-certified-solutions-architect-associate-mock-exam-2025/
AWS FOUNDATIONAL Cloud Practitioner,3926792,it Media,"Amazon AWS, IT Certifications, IT & Software",Amazon AWS,Intermediate,N/A,4.3,110,14199,"Rp149,000",6/2022,0,0,0,https://www.udemy.com/course/aws-foundational-cloud-practitioner/
AWS Certified Cloud Practitioner (CLF-C01),6145791,Abdellatif Abid,"AWS Certified Cloud Practitioner, IT Certifications, IT & Software",Amazon AWS,Intermediate,N/A,5.0,2,200,"Rp2,089,000",8/2024,0,0,0,https://www.udemy.com/course/aws-certified-cloud-practitioner-clf-c01-j/
Ultimate SAP-C02 AWS Certified Solutions Architect Practices,7006561,Aiyun Zhang,"AWS Certified Solutions Architect - Professional, Software Engineering, Development",Amazon AWS,Beginner,N/A,5.0,47,70,"Rp149,000",1/2026,0,0,0,https://www.udemy.com/course/ultimate-sap-c02-aws-certified-solutions-architect-practices/
AWS Certified SysOps Administrator – Associate,4740322,EDUCBA Bridging the Gap,"AWS Organizations, IT Certifications, IT & Software",Amazon AWS,All Levels,8 hours,3.9,61,16492,"Rp149,000",6/2022,0,0,0,https://www.udemy.com/course/aws-certified-sysops-administrator-associate-c/
Projects in Cloud Computing,1028822,Eduonix Learning Solutions,"Cloud Computing, Amazon AWS, Kubernetes, Software Engineering, Development",Amazon AWS,Intermediate,7 hours,3.7,61,822,Free,12/2018,1,0,12,https://www.udemy.com/course/projects-in-cloud-computing/
[02V ]AWS Certified Solution Architect Associate Exam Review,3644870,Global Edtech,"AWS Certified Solutions Architect - Associate, IT Certifications, IT & Software",Amazon AWS,Intermediate,12 hours,4.4,300,21530,"Rp149,000",5/2023,4,0,2,https://www.udemy.com/course/aws-solution-architect-associate-shortest-path-to-success/
AWS Certified Developer Associate DVA-C02: 2026 (Updated),5999810,Noureddine Mourigue,"AWS Certified Developer - Associate, IT Certifications, IT & Software",Amazon AWS,All Levels,N/A,4.9,11,189,"Rp149,000",1/2026,0,0,0,https://www.udemy.com/course/aws-certified-developer-associate-dva-c02-2026-updated/
Cloud Computing | Cloud Computing Basics for Comptia Cloud+,5559858,"Oak Academy, OAK Academy Team","Cloud Computing, CompTIA Cloud+, Cloud Security, Cloud Management, Other IT & Software",Amazon AWS,All Levels,16.5 hours,4.4,22,397,"Rp149,000",4/2026,1,0,0,https://www.udemy.com/course/cloud-computing-cloud-computing-basics-for-comptia-cloud/
Beginning Machine Learning with AWS,2159986,Packt Publishing,"Machine Learning, Data Science, Development",Amazon AWS,Beginner,2.5 hours,3.6,22,125,"Rp149,000",1/2019,0,0,1,https://www.udemy.com/course/beginning-machine-learning-with-aws/
AWS Solutions Architect Associate 2023 (Exam test),5250914,"Andre Iacono | 395000+ Students | Author · Deep Learning AI Specialist |, NYC Training","AWS Certified Solutions Architect - Associate, IT Certifications, IT & Software",Amazon AWS,All Levels,N/A,4.3,79,1843,"Rp149,000",6/2025,0,0,0,https://www.udemy.com/course/aws-solutions-architect-saa-c03-exam-practice-questions-2023/
AWS Certified Cloud Practitioner Exam,5668700,Hanaa El Ghzal,"AWS Certified Cloud Practitioner, IT Certifications, IT & Software",Amazon AWS,All Levels,N/A,5.0,33,147,"Rp149,000",11/2023,0,0,0,https://www.udemy.com/course/aws-certified-cloud-practitioner-exam-o/
AWS Cloud Practitioner Practice Exams 2026 | 520 Questions,6085287,Alan Nguyen,"AWS Certified Cloud Practitioner, IT Certifications, IT & Software",Amazon AWS,Beginner,N/A,5.0,6,18,"Rp149,000",4/2026,0,0,0,https://www.udemy.com/course/aws-cloud-practitioner-clf-c02-practice-test-latest-2025/
200+ AWS Cloud Practitioner Practice Exam,5419202,Code Green,"AWS Certified Cloud Practitioner, IT Certifications, IT & Software",Amazon AWS,All Levels,N/A,4.7,5,676,"Rp2,089,000",9/2023,0,0,0,https://www.udemy.com/course/200-aws-cloud-practitioner-practice/
AWS Certified Solutions Architect Associate [Exams 2026],4651258,Paweł Krakowiak,"AWS Certified Solutions Architect - Associate, Cloud Architecture, Cloud Computing, IT Certifications, IT & Software",Amazon AWS,Intermediate,N/A,4.5,26,9823,"Rp149,000",1/2026,0,0,0,https://www.udemy.com/course/aws-certified-solutions-architect-associate-exams-2026/
AWS Certified Cloud Practitioner Course + Practice Test,3094144,Kennashka DeSilva,"AWS Certified Cloud Practitioner, Amazon S3, Amazon EC2, IT Certifications, IT & Software",Amazon AWS,All Levels,4 hours,4.4,31,122,"Rp149,000",1/2023,1,0,1,https://www.udemy.com/course/aws-certified-cloud-practitioner-2021-new/
AWS Certified Cloud Practitioner,5968618,Abdellatif Abid,"AWS Certified Cloud Practitioner, Amazon AWS, Network & Security, IT & Software",Amazon AWS,Beginner,N/A,5.0,1,630,"Rp149,000",5/2024,0,0,0,https://www.udemy.com/course/aws-certified-cloud-practitioner-qkp/
Amazon Bedrock Masterclass: The Ultimate Generative AI Guide,5640070,Renaldi Gondosubroto,"Amazon Bedrock, Generative AI (GenAI), Amazon AWS, Other IT & Software, IT & Software",Amazon AWS,Beginner,4 hours,3.9,211,1777,N/A,2/2025,0,0,11,https://www.udemy.com/course/amazon-bedrock-masterclass/
AWS Certified Cloud Practitioner CLF-C02 Practice Exams,5246958,Anthony Sequeira,"AWS Certified Cloud Practitioner, IT Certifications, IT & Software",Amazon AWS,Beginner,N/A,4.7,13,355,"Rp149,000",1/2026,0,0,0,https://www.udemy.com/course/aws-cloud-practitioner-practice/
AWS Cloud Practitioner Certification - Practice Exams,4875202,Tomasz Krakowiak,"AWS Certified Cloud Practitioner, IT Certifications, IT & Software",Amazon AWS,All Levels,N/A,4.4,65,9036,"Rp149,000",1/2026,0,0,0,https://www.udemy.com/course/aws-cloud-practitioner-certification-y/
AWS Certified Cloud Practitioner Practice Exams 2023,5224916,Kevin Knowledge Hub,"AWS Certified Cloud Practitioner, IT Certifications, IT & Software",Amazon AWS,All Levels,N/A,5.0,3,1010,"Rp149,000",3/2023,0,0,0,https://www.udemy.com/course/aws-certified-cloud-practitioner-practice-exams-2023-l/
AWS And Microsoft Azure Certification,4311584,Spotle Learn,"Cloud Computing, Amazon AWS, Microsoft Azure, IT Certifications, IT & Software",Amazon AWS,Intermediate,2.5 hours,4.3,21,75,"Rp149,000",9/2021,0,0,0,https://www.udemy.com/course/aws-and-microsoft-azure-certification/
AWS Certified Cloud Practitioner Crash Course NEW!,3735288,Joseph Holbrook,"AWS Certified Cloud Practitioner, Amazon AWS, Cloud Computing, IT Certifications, IT & Software",Amazon AWS,Beginner,7.5 hours,4.3,214,20494,"Rp149,000",8/2021,0,0,1,https://www.udemy.com/course/aws-certified-cloud-practitioner-crash-course-new/
AWS Certified Machine Learning - Specialty QA Tests 2026,6203461,Cyber IT Exam,"AWS Certified Machine Learning - Specialty (Retired), IT Certifications, IT & Software",Amazon AWS,All Levels,N/A,N/A,N/A,3,"Rp5,689,000",1/2026,0,0,0,https://www.udemy.com/course/aws-certified-machine-learning-specialty-qa-tests/
AWS Certified SysOps Administrator Associate SOA-C02 [HINDI],5769304,Vijay Patel,"AWS Certified SysOps Administrator - Associate, IT Certifications, IT & Software",Amazon AWS,All Levels,3.5 hours,4.5,29,1708,"Rp149,000",9/2024,0,0,0,https://www.udemy.com/course/aws-certified-sysops-administrator-associate-soa-c02-hindi/
AWS Certified Solutions Architect - Professional Exam 2024,5882818,Hanaa El Ghzal,"IT Certifications, IT & Software",Amazon AWS,All Levels,N/A,5.0,57,258,"Rp149,000",3/2024,0,0,0,https://www.udemy.com/course/aws-certified-solutions-architect-professional-exam-600q/
AWS SAA-C03 Certified Solutions Architect Associate Practice,5954706,Priya Dw | High-Quality Practice Exam Architect | Realistic & Effective PT,"AWS Certified Solutions Architect - Associate, IT Certifications, IT & Software",Amazon AWS,Expert,N/A,4.4,11,431,"Rp3,129,000",2/2026,0,0,0,https://www.udemy.com/course/aws-solutions-architect-associate-saa-c03-exam-success/
AWS Certified Cloud Practitioner Exam Practice Tests-CLF-02,5693030,"Imran Afzal, Abbas Mehmood","AWS Certified Cloud Practitioner, Amazon AWS, IT Certifications, IT & Software",Amazon AWS,All Levels,N/A,4.3,147,6012,"Rp149,000",12/2025,0,0,0,https://www.udemy.com/course/aws-certified-cloud-practitioner-practice-exam-tests/
AWS Certified Cloud Practitioner (CLF-C02) Exams - 2026,5350674,Master Mind Prep,"AWS Certified Cloud Practitioner, IT Certifications, IT & Software",Amazon AWS,All Levels,N/A,4.3,21,1790,"Rp149,000",3/2026,0,0,0,https://www.udemy.com/course/aws-certified-cloud-practitioner-practice-exams-j/
AWS Certified Developer Associate DVA-C01 Exam Questions,2771976,"Andre Iacono | 395000+ Students | Author · Deep Learning AI Specialist |, NYC Training","AWS Certified Developer - Associate, IT Certifications, IT & Software",Amazon AWS,All Levels,N/A,4.3,77,970,"Rp149,000",3/2023,0,0,0,https://www.udemy.com/course/simulado-amazon-aws-certified-developer-associate-2020/
Ultimate AWS Networking Practice Exams (Updated 2026),7121937,AWS Tutor,"AWS Certified Advanced Networking - Specialty, Amazon AWS, Network & Security, IT & Software",Amazon AWS,All Levels,N/A,5.0,10,10,"Rp149,000",4/2026,0,0,0,https://www.udemy.com/course/new-course-1-a/
AWS Solutions Architect Professional SAP-C02 (Practice Exam),6044152,Andre Iacono | 395000+ Students | Author · Deep Learning AI Specialist |,"AWS Certified Solutions Architect - Professional, IT Certifications, IT & Software",Amazon AWS,Intermediate,N/A,1.9,10,275,"Rp149,000",1/2025,0,0,0,https://www.udemy.com/course/aws-certified-solutions-architect-professional-practice-exam-okq/
AWS Certified Cloud Practitioner CLF-C02 | 5 Practice Exams,5915990,LearnWithSrini AWS Certified Cloud Practitioner,"IT Certifications, IT & Software",Amazon AWS,All Levels,N/A,4.9,21,40,"Rp149,000",12/2024,0,0,0,https://www.udemy.com/course/aws-certified-cloud-practitioner-practice-exam-clf-c02/
Master Cloud Computing and AWS from Scratch,5651704,Tech Jedi,"Amazon AWS, Cloud Computing, Other IT & Software, IT & Software",Amazon AWS,Beginner,7 hours,4.6,14,73,"Rp149,000",11/2024,0,0,0,https://www.udemy.com/course/learn-fundamentals-of-cloud-computing-and-aws/
AWS Certified Solutions Architect Associate & Practice Test,3608640,TheDevops Guru,"AWS Certified Solutions Architect - Associate, IT Certifications, IT & Software",Amazon AWS,All Levels,9.5 hours,4.0,37,124,"Rp149,000",11/2021,0,0,0,https://www.udemy.com/course/aws-zero-to-hero-aws-certification/
Mastering Secure Shell (SSH),1684350,Coding Gears | Train Your Brain,"Secure Shell (SSH), Network & Security, IT & Software",Amazon AWS,All Levels,3.5 hours,4.2,82,781,"Rp149,000",11/2021,12,0,4,https://www.udemy.com/course/mastering-secure-shell/
AWS SysOps Administrator Associate - 2019,1941684,Alan Rodrigues,"AWS Certified SysOps Administrator - Associate, IT Certifications, IT & Software",Amazon AWS,All Levels,10 hours,4.3,317,7568,"Rp149,000",7/2019,0,0,0,https://www.udemy.com/course/aws-sysops-administrator-associate-2018/
AWS Certified Cloud Practitioner exam Guide to Success !!,3523918,"Ethan.Tyler, Global Edtech","AWS Certified Cloud Practitioner, IT Certifications, IT & Software",Amazon AWS,Beginner,1.5 hours,4.0,602,18757,"Rp149,000",11/2021,1,0,0,https://www.udemy.com/course/aws-practitioner-guide/
AWS Certified Cloud Practitioner (CLF-C02) - 2025 Updated,6460821,Gururo Pvt Ltd.,"AWS Certified Cloud Practitioner, IT Certifications, IT & Software",Amazon AWS,Beginner,N/A,5.0,2,5,"Rp2,089,000",2/2025,0,0,0,https://www.udemy.com/course/aws-certified-cloud-practitioner-clf-c02-practice-tests/
AWS Certified Cloud Practitioner - Full Exam Preparation,4317092,Ultimate Study Stuff,"AWS Certified Cloud Practitioner, IT Certifications, IT & Software",Amazon AWS,All Levels,N/A,4.3,10,1220,"Rp149,000",1/2025,0,0,0,https://www.udemy.com/course/aws-certified-cloud-practitioner-full-exam-preparation-c/
"Django 5.0 with Amazon RDS, Elastic Beanstalk, Route53 & ACM",5735960,Parwiz Forogh,"Django, Amazon AWS, Web Development, Development",Amazon AWS,Beginner,9 hours,4.2,16,174,"Rp149,000",1/2024,0,0,9,https://www.udemy.com/course/django-50-with-amazon-rds-elastic-beanstalk-route53-acm/
AWS Certified Developer Associate DVA-C02 Practice Exam 2026,6042616,"Andre Iacono | 395000+ Students | Author · Deep Learning AI Specialist |, NYC Training","AWS Certified Developer - Associate, IT Certifications, IT & Software",Amazon AWS,Beginner,N/A,2.3,12,352,"Rp149,000",1/2026,0,0,0,https://www.udemy.com/course/aws-certified-developer-associate-dva-c02-practice-exam-f/
Machine Learning and Big Data Analytics with AWS,1980434,Pranjal Srivastava,"Amazon AWS, Machine Learning, Big Data, Web Development, Development",Amazon AWS,All Levels,5 hours,3.3,40,728,"Rp149,000",12/2021,5,0,2,https://www.udemy.com/course/machine-learning-and-big-data-analytics-with-aws/
AWS Certification Practice Test - Master Quiz 2025,4685324,Namrata Nv,"Amazon AWS, Other IT & Software, IT & Software",Amazon AWS,All Levels,N/A,4.8,5,8,"Rp149,000",9/2025,0,0,0,https://www.udemy.com/course/aws-certification-practice-test-master-quiz/
Amazon EKS in 60 Minutes: Hands-on with Kubernetes in AWS,3084476,Releaseworks Academy,"Amazon EKS, Software Engineering, Development",Amazon AWS,All Levels,1.5 hours,3.7,36,331,"Rp149,000",5/2020,4,0,0,https://www.udemy.com/course/how-to-use-amazon-eks/
AWS Certified Solutions Architect +55 Question Exam Practice,756610,Michael Sheehy,"AWS Certified Solutions Architect - Associate, IT Certifications, IT & Software",Amazon AWS,All Levels,5 hours,3.7,95,600,"Rp149,000",2/2016,0,0,0,https://www.udemy.com/course/aws-solutions-architect-associate-certification-course2016/
Ultimate AWS Certified AI Practitioner Practice Tests,6029302,Renaldi Gondosubroto,"AWS Certified AI Practitioner, IT Certifications, IT & Software",Amazon AWS,Beginner,N/A,4.0,8,41,"Rp149,000",10/2025,0,0,0,https://www.udemy.com/course/ultimate-aws-certified-ai-practitioner-practice-tests-g/
Ultimate CLFC02 AWS Certified Cloud Practitioner Prep Course,7089935,Aiyun Zhang,"AWS Certified Cloud Practitioner, Engineering, Teaching & Academics",Amazon AWS,Beginner,N/A,4.1,6,37,"Rp149,000",3/2026,0,0,0,https://www.udemy.com/course/ultimate-clfc02-aws-certified-cloud-practitioner-prep-course/
Practice Exams for AWS Certified Cloud Practitioner CLF-C02,5693780,Mutaal Ali,"AWS Certified Cloud Practitioner, Amazon AWS, IT Certifications, IT & Software",Amazon AWS,All Levels,N/A,4.8,46,4444,"Rp149,000",3/2026,0,0,0,https://www.udemy.com/course/practice-exams-for-aws-certified-cloud-practitioner-clf-c02/
Build Node.js apps with AWS DynamoDB & Docker containers,3830772,Michael Gradek,"Docker, DynamoDB, Express Framework, Node.Js, Other IT & Software",Amazon AWS,Beginner,2.5 hours,4.0,27,216,"Rp149,000",3/2021,2,0,1,https://www.udemy.com/course/build-nodejs-apps-with-aws-dynamodb-docker-containers/
Practice Tests 2026–AWS Certified Cloud Practitioner,7030605,Arfan Ali | Certification Instructor,"AWS Certified Cloud Practitioner, IT Certifications, IT & Software",Amazon AWS,Intermediate,N/A,5.0,2,2,"Rp349,000",1/2026,0,0,0,https://www.udemy.com/course/practice-tests-2026aws-certified-cloud-practitioner/
AWS Solutions Architect- Professional- 2021,2388696,Anand Rao Nednur,"AWS Certified Solutions Architect - Professional, IT Certifications, IT & Software",Amazon AWS,Intermediate,13 hours,3.9,50,2933,"Rp149,000",2/2026,0,0,6,https://www.udemy.com/course/aws-solutions-architect-basic-to-advanced-2019/
Machine Learning with AWS,1980296,Pranjal Srivastava,"Amazon AWS, Amazon Sagemaker, Machine Learning, Data Science, Development",Amazon AWS,All Levels,4 hours,3.5,56,808,"Rp149,000",7/2022,4,0,2,https://www.udemy.com/course/machine-leaning-with-aws/
Mastering Architecting Applications using AWS - Hands On!,4952826,Love Purohit,"Architecture Fundamentals, DevOps, Cloud Architecture, Software Architecture, Other IT & Software",Amazon AWS,All Levels,3.5 hours,4.4,19,77,"Rp149,000",11/2022,4,0,0,https://www.udemy.com/course/mastering-architecting-applications-using-aws/
AWS Solutions Architect SAA-C02 (Practice Exam),6042358,"Andre Iacono | 395000+ Students | Author · Deep Learning AI Specialist |, NYC Training","AWS Certified Solutions Architect - Associate, IT Certifications, IT & Software",Amazon AWS,Beginner,N/A,1.2,4,177,"Rp149,000",6/2025,0,0,0,https://www.udemy.com/course/aws-solutions-architect-associate-saa-c03-exam-practice/
AWS Certified Cloud Practitioner CLF-C02 Exam: Practice Test,6268683,Karuna Maheshwari,"AWS Certified Cloud Practitioner, AWS CloudFormation, IT Certifications, IT & Software",Amazon AWS,Beginner,N/A,4.8,2,390,"Rp149,000",2/2025,0,0,0,https://www.udemy.com/course/aws-certified-cloud-practitioner-clf-c02-practice-test-o/
AWS Quiz Mastery: Guide for Certification Success,6285317,EDUCBA Bridging the Gap,"Amazon AWS, Other IT & Software, IT & Software",Amazon AWS,All Levels,2.5 hours,4.2,3,1003,"Rp149,000",11/2025,0,0,0,https://www.udemy.com/course/aws-interview-preparations-quiz-solutions-and-explanations/
AWS Certified Cloud Practitioner - CLF-C02,6145697,Abdellatif Abid,"AWS Certified Cloud Practitioner, IT Certifications, IT & Software",Amazon AWS,Intermediate,N/A,5.0,2,200,"Rp149,000",8/2024,0,0,0,https://www.udemy.com/course/aws-certified-cloud-practitioner-clf-c02-b/
AWS Cloud Practitioner CLF-C02 Practice Exam (2026),5825686,Cyber Learning,"AWS Certified Cloud Practitioner, IT Certifications, IT & Software",Amazon AWS,All Levels,N/A,4.3,6,959,"Rp149,000",4/2026,0,0,0,https://www.udemy.com/course/aws-cloud-practitioner-clf-c02-practice-exam-2026-p/
AWS Certified Cloud Practitioner CLF-C02 Practice Exam,5736802,Tech Ideators,"AWS Certified Cloud Practitioner, IT Certifications, IT & Software",Amazon AWS,All Levels,N/A,4.8,7,17,"Rp149,000",6/2024,0,0,0,https://www.udemy.com/course/aws-certified-cloud-practitioner-clf-c02-2024-practice-tests/
Google Cloud And AWS Certification,4297870,Spotle Learn,"Cloud Computing, Amazon AWS, Google Cloud, IT Certifications, IT & Software",Amazon AWS,Intermediate,2 hours,4.4,6,34,"Rp149,000",9/2021,0,0,0,https://www.udemy.com/course/google-cloud-and-aws-certification/
[New-2022] AWS Certified Cloud Practitioner -Practice Tests,4755294,Super Academy,"AWS Certified Cloud Practitioner, IT Certifications, IT & Software",Amazon AWS,All Levels,N/A,4.1,2,1005,"Rp2,089,000",6/2022,0,0,0,https://www.udemy.com/course/new-2022-aws-certified-cloud-practitioner-practice-tests-v/
"Learn Cloud Computing Fundamentals - AWS, Azure, GCP",5053106,Softwarible Academy,"Cloud Computing, Other IT & Software, IT & Software",Amazon AWS,Beginner,4 hours,4.1,71,262,"Rp149,000",12/2023,0,0,0,https://www.udemy.com/course/learn-cloud-computing-fundamentals-for-absolute-beginner-aws-azure-gcp/
AWS Certified Solutions Architect Associate Prep Guide,1763718,"Tek Smart Learning, Amit Arora, Sowjanya Kolli","AWS Certified Solutions Architect - Associate, Amazon AWS, IT Certifications, IT & Software",Amazon AWS,All Levels,2 hours,4.2,38,204,"Rp149,000",7/2018,0,0,0,https://www.udemy.com/course/ultimate-prep-guide-for-aws-solution-architect-associate/
Forex Trading Secrets of the Pros With Amazon's AWS,592338,Hedge Fund Programmers AlgoDevelopment,"Amazon AWS, Financial Trading, Forex Trading, Investing & Trading, Finance & Accounting",Amazon AWS,All Levels,5 hours,4.3,344,12617,"Rp149,000",9/2015,0,0,0,https://www.udemy.com/course/trading-with-amazons-aws-servers-trade-secrets-of-the-pros/
AWS Certified Cloud Practitioner - 6 Practice Tests Utmost,5037252,"Learn with Amine, Ameema Zainab","AWS Certified Cloud Practitioner, IT Certifications, IT & Software",Amazon AWS,Beginner,N/A,5.0,3,11,"Rp149,000",2/2025,0,0,0,https://www.udemy.com/course/aws-cp-clf-c01/
Designing Architectures in AWS,2123564,Qasim Shah,"Amazon AWS, Software Architecture, Network & Security, IT & Software",Amazon AWS,Intermediate,1.5 hours,4.2,250,1622,"Rp149,000",1/2019,0,0,0,https://www.udemy.com/course/designing-architectures-in-aws/
AWS Certified Developer Associate AWS Certification Practice,3875330,Muhammad Ismail,"AWS Certified Developer - Associate, IT Certifications, IT & Software",Amazon AWS,All Levels,N/A,3.7,45,6402,"Rp3,129,000",7/2025,0,0,0,https://www.udemy.com/course/aws-certified-developer-associate-aws-certification-practice/
Ultimate SAA-C03 AWS Certified Solutions Architect Practices,7024591,Aiyun Zhang,"Network & Security, IT & Software",Amazon AWS,Beginner,N/A,5.0,27,31,"Rp149,000",1/2026,0,0,0,https://www.udemy.com/course/ultimate-saa-c03-aws-certified-solutions-architect-practices/
AWS Certified Cloud Practitioner (CLF-C02) - 1000+ Questions,6460785,Gururo Pvt Ltd.,"AWS Certified Cloud Practitioner, IT Certifications, IT & Software",Amazon AWS,Beginner,N/A,5.0,1,20,"Rp149,000",3/2025,0,0,0,https://www.udemy.com/course/aws-certified-cloud-practitioner-clf-c02-mock-tests/
AWS Certified Cloud Practitioner - Exams [Updated 2026],4598102,Paweł Krakowiak,"AWS Certified Cloud Practitioner, IT Certifications, IT & Software",Amazon AWS,All Levels,N/A,4.7,157,21216,"Rp149,000",1/2026,0,0,0,https://www.udemy.com/course/aws-certified-cloud-practitioner-practice-exams-2023-u/
AWS Certified Solutions Architect Associate Practice Exams,6134339,"Sonu Rani || Cloud Solutions SME, Author, Instructor, Architect Cloud Practitioner, Administrator, Developer [AWS | Azure | GCP]","AWS Certified Solutions Architect - Associate, IT Certifications, IT & Software",Amazon AWS,All Levels,N/A,4.4,12,136,"Rp149,000",8/2024,0,0,0,https://www.udemy.com/course/udemy-best-aws-certified-solutions-architect-associate-practice-exams/
AWS Certified Cloud Practitioner - Practice Test,6744833,MV Edu Centre,"AWS Certified Cloud Practitioner, Cloud Computing, Amazon AWS, IT Certifications, IT & Software",Amazon AWS,All Levels,N/A,4.5,1,11,"Rp149,000",7/2025,0,0,0,https://www.udemy.com/course/aws-certified-cloud-practitioner-practice-test-b/
Ultimate AWS Developer Associate Practice Exams 2024 500+ Q,5366478,Farrukh khalid,"AWS Certified Developer - Associate, IT Certifications, IT & Software",Amazon AWS,Intermediate,N/A,4.0,16,19538,"Rp149,000",5/2024,0,0,0,https://www.udemy.com/course/aws-developer-associate-practice-exams-dva-c02/
AWS Certified Cloud Practitioner CLF-C02 Practice Exam 2026,5487088,Cyber Learning,"Cloud Computing, AWS Certified Cloud Practitioner, IT Certifications, IT & Software",Amazon AWS,All Levels,N/A,4.3,36,1827,"Rp149,000",4/2026,0,0,0,https://www.udemy.com/course/aws-certified-cloud-practitioner-practice-exam-domain-1-4/
Spring Boot 2 Microservice Messaging in RabbitMQ and AWS SQS,2110252,Binit Datta,"Spring Boot, AWS CloudFormation, RabbitMQ, Amazon SQS (Simple Queue Service), Other IT & Software",Amazon AWS,Intermediate,13 hours,3.7,24,262,"Rp149,000",12/2020,2,0,15,https://www.udemy.com/course/spring-boot-2-messaging-with-rabbitmq-activemq-and-aws-sqs/
AWS QuickSight - Full Course 2023 !,5014304,"Zakariyaa ISMAILI, Abdellah ISMAILI","Amazon QuickSight, AWS CloudFormation, Data Science, Development",Amazon AWS,Beginner,3 hours,4.1,35,1118,"Rp149,000",5/2023,5,0,31,https://www.udemy.com/course/amazon-aws-quicksight-full-course/
Building Apps Using Amazon's Alexa and Lex,1386968,Loony Corn,"Alexa Development, E-Commerce, Business",Amazon AWS,All Levels,7 hours,4.4,338,3774,"Rp149,000",12/2017,1,0,7,https://www.udemy.com/course/building-voice-apps-using-amazon-alexa/
Learning Path: AWS Certified Developer – Associate Complete,1264304,Packt Publishing,"AWS Certified Developer - Associate, Amazon AWS, Database Design & Development, IT Certifications, Development",Amazon AWS,Intermediate,15 hours,3.8,31,199,"Rp149,000",6/2017,0,0,1,https://www.udemy.com/course/learning-path-aws-certified-developer-associate-complete/
"Step by Step: Highly Available, Scalable & Secure AWS Stack",1190396,Savitra Sirohi,"Amazon AWS, Network & Security, IT & Software",Amazon AWS,Intermediate,6 hours,4.0,407,6002,"Rp799,000",4/2020,0,0,1,https://www.udemy.com/course/step-by-step-fault-tolerant-scalable-secure-stack-on-aws/
AWS CDK Masterclass - Build Cloud Infrastructures in Code,4760376,"Paulo Dichone | Software Engineer, AWS Cloud Practitioner & Instructor","AWS Cloud Development Kit (CDK), Other IT & Software, IT & Software",Amazon AWS,All Levels,5.5 hours,4.6,298,2711,"Rp149,000",3/2024,4,0,7,https://www.udemy.com/course/aws-cdk-masterclass-build-aws-cloud-infrastructures/
Introduction to Cloud Computing - 2026,2015124,Anand Rao Nednur,"Cloud Computing, Network & Security, IT & Software",Amazon AWS,Beginner,2 hours,4.3,492,9162,"Rp149,000",3/2026,0,0,5,https://www.udemy.com/course/introduction-to-cloud-computing-c/
AWS Certified Cloud Practitioner: 6 practice tests,5481198,Brahim Izmo,"AWS Certified Cloud Practitioner, IT Certifications, IT & Software",Amazon AWS,All Levels,N/A,4.7,10,134,"Rp149,000",11/2023,0,0,0,https://www.udemy.com/course/aws-certified-cloud-practitioner-6-practice-tests/
Practice Exam AWS Certified Solutions Architect Professional,5736380,MMZ Academy,"AWS Certified Solutions Architect - Professional, Amazon EC2, Amazon S3, Amazon RDS, IT Certifications",Amazon AWS,All Levels,N/A,4.6,N/A,N/A,"Rp149,000",1/2024,0,0,0,https://www.udemy.com/course/practice-exam-aws-certified-solutions-architect-professional-ju/
AWS Certified Cloud Practitioner CLF-C02 | 2024 Exam,6293947,Lorenzo Levano,"AWS Certified Cloud Practitioner, Amazon AWS, Network & Security, IT & Software",Amazon AWS,All Levels,N/A,5.0,1,2,"Rp149,000",11/2024,0,0,0,https://www.udemy.com/course/aws-certified-cloud-practitioner-clf-c02-2024-exam/
AWS Certified Cloud Practitioner (CLF-C01) Exam Practice,5507596,Essid Solutions,"AWS Certified Cloud Practitioner, IT Certifications, IT & Software",Amazon AWS,Intermediate,N/A,4.7,N/A,N/A,"Rp2,089,000",8/2023,0,0,0,https://www.udemy.com/course/aws-certified-cloud-practitioner-clf-c01-exam-practice/
AWS Security and Governance Administration for Professionals,2945044,"Syed Raza, Qasim Shah, Myra Gul, ClayDesk E-learning, Ali Bokhari","Amazon AWS, Cloud Security, Network & Security, IT & Software",Amazon AWS,All Levels,4 hours,4.0,280,14019,"Rp149,000",10/2022,6,0,10,https://www.udemy.com/course/aws-security-administration/
AWS Certified Solutions Architect – Associate (SAA-C03) Test,6775277,Fox Medium,"AWS Certified Solutions Architect - Associate, IT Certifications, IT & Software",Amazon AWS,Intermediate,N/A,5.0,2,103,"Rp149,000",8/2025,0,0,0,https://www.udemy.com/course/aws-certified-solutions-architect-associate-saa-c0-practicetest/
AWS Certified Cloud Practitioner Mock Exams,5324676,Edu Explore,"AWS Certified Cloud Practitioner, AWS CloudFormation, AWS Databases, IT Certifications, IT & Software",Amazon AWS,Beginner,N/A,4.5,18,8706,"Rp149,000",3/2024,0,0,0,https://www.udemy.com/course/aws-certified-cloud-practitioner-mock-exams/
"Learn Amazon RDS,Dynamo DB,Aurora, Redshift, Redis, Memcache",2492028,Varinder K,"Amazon RDS, IT Certifications, IT & Software",Amazon AWS,All Levels,2 hours,3.7,15,74,"Rp149,000",4/2020,0,0,0,https://www.udemy.com/course/introduction-to-aws-databases-learn-amazon-rds-dynamo-db/
Fundamental Questions for AWS Certified Developer Associate,3871440,Harish Kumar Maheshwari,"AWS Certified Developer - Associate, IT Certifications, IT & Software",Amazon AWS,All Levels,N/A,3.8,7,11663,"Rp149,000",12/2024,0,0,0,https://www.udemy.com/course/fundamental-question-for-aws-certified-developer-associate/
Learn to Deploy your Angular NodeJS Application on Server,2223154,Markos Klinakis,"Node.Js, Angular, Amazon S3, App Deployment, Web Development",Amazon AWS,Beginner,1 hour,4.3,155,9828,"Rp149,000",2/2019,0,0,1,https://www.udemy.com/course/learn-to-deploy-your-angular-nodejs-application-on-server/
AWS Certified Advanced Networking - Specialty (101 Course),5684798,Dr. José Prabhu J,"AWS Certified Advanced Networking - Specialty, IT Networking Fundamentals, Amazon AWS, IT Certifications, IT & Software",Amazon AWS,All Levels,1.5 hours,4.2,224,21737,"Rp149,000",7/2025,0,0,0,https://www.udemy.com/course/aws-certified-advanced-networking-specialty-101-course/
AWS Cloud Practitioner Certification Practice Test/Mock Test,4150880,Naveen Kalia,"AWS Certified Cloud Practitioner, IT Certifications, IT & Software",Amazon AWS,Beginner,N/A,4.3,58,8602,"Rp149,000",8/2021,0,0,0,https://www.udemy.com/course/aws-cloud-practitioner-certification/
Master Course in Cloud Computing and Cloud Architecture 2.0,5224536,Dr. José Prabhu J,"Cloud Architecture, Cloud Computing, Cloud Security, Network & Security, IT & Software",Amazon AWS,All Levels,2.5 hours,4.3,294,32889,"Rp149,000",7/2025,0,0,0,https://www.udemy.com/course/cloud-computing-cloud-architecture-cloud-security-cloud-monitoring/
Getting Started with Cloud Computing - Level 1,1075928,Idan Gabrieli,"Cloud Computing, Infrastructure as a Service (IaaS), PaaS, Amazon AWS, Other IT & Software",Amazon AWS,Beginner,2.5 hours,4.4,1153,14330,"Rp149,000",10/2023,1,0,2,https://www.udemy.com/course/getting-started-with-cloud-computing-level-1/
AWS Certified Developer Associate - Beginner to Advanced,7101119,Lakshmanadora Vakapalli,"Amazon AWS, Math, Teaching & Academics",Amazon AWS,All Levels,39 mins,3.8,11,53,"Rp149,000",3/2026,0,0,0,https://www.udemy.com/course/aws-certified-developer-associate-beginner-to-advanced/
AWS Certified Cloud Practitioner (CLF-C02) Practice Tests,6586061,Varalakshmi Kumili,"AWS Certified Cloud Practitioner, IT Certifications, IT & Software",Amazon AWS,All Levels,N/A,5.0,2,6,"Rp149,000",4/2025,0,0,0,https://www.udemy.com/course/aws-certified-cloud-practitioner-clf-c02-practice-tests-i/
AWS MasterClass: Networking & Virtual Private Cloud (VPC),1422588,"TetraNoodle Team, Manuj Aggarwal","Amazon Virtual Private Cloud (VPC), Amazon AWS, DevOps, Network & Security, IT & Software",Amazon AWS,All Levels,5.5 hours,4.4,213,1655,"Rp149,000",2/2019,1,0,0,https://www.udemy.com/course/aws-masterclass-deep-dive-aws-virtual-private-cloud-vpc/
AWS Certified Cloud Practitioner (CLF-C01) - Exams,4941772,Portal Ingeniería | +140.000 Students,"AWS Certified Cloud Practitioner, IT Certifications, IT & Software",Amazon AWS,All Levels,N/A,4.5,319,24893,"Rp2,089,000",6/2024,0,0,0,https://www.udemy.com/course/aws-certified-cloud-practitioner-clf-c01-exams-p/
AWS Certified Cloud Practitioner Practice Exams CLF-C02,6107295,CloudMe Academy,"AWS Certified Cloud Practitioner, Cloud Computing, Amazon AWS, AWS Certified Solutions Architect - Associate, IT Certifications",Amazon AWS,Beginner,N/A,4.5,11,857,"Rp149,000",2/2025,0,0,0,https://www.udemy.com/course/aws-certified-cloud-practitioner-practice-exams-clf-c02-x/
AWS Certified Cloud Practitioner (CLF-C02): Practice Exams,5007770,"Ditectrev Education, Daniel Danielecki","AWS Certified Cloud Practitioner, IT Certifications, IT & Software",Amazon AWS,All Levels,N/A,4.6,12,532,"Rp149,000",11/2025,0,0,0,https://www.udemy.com/course/aws-cloud-practitioner-clf-c01-practice-tests-exams/
AWS Amplify Studio Masterclass - Visually Build UI & Backend,4704074,"Paulo Dichone | Software Engineer, AWS Cloud Practitioner & Instructor","AWS Amplify, Other IT & Software, IT & Software",Amazon AWS,All Levels,5 hours,4.5,530,3842,"Rp149,000",8/2024,4,0,2,https://www.udemy.com/course/aws-amplify-studio-masterclass/
6 Practice Exams | AWS Certified Cloud Practitioner CLF-C02,5695612,Vipin Gupta,"AWS Certified Cloud Practitioner, Cloud Computing, Amazon AWS, IT Certifications, IT & Software",Amazon AWS,All Levels,N/A,4.4,8,39,"Rp149,000",2/2025,0,0,0,https://www.udemy.com/course/practice-exams-aws-certified-cloud-practitioner-clfc02/
AWS Solutions Architect (SAP-C02) Tests + Explanations,6973441,"Nandy Bo | InfoSec & Azure Expert | $2,000,000+ Earned On Upwork & Fiverr Pro | 1,000+ Students, Nandy Cyber Success | Turbocharge Your Cybersecurity Career","AWS Certified Solutions Architect - Professional, IT Certifications, IT & Software",Amazon AWS,All Levels,N/A,4.6,24,26,"Rp149,000",3/2026,0,0,0,https://www.udemy.com/course/aws-solutions-architect-pro-practice-tests-with-detailed-explanations/
Ultimate AWS Guide with Interview Preparation,4709744,MMZ Academy,"Interviewing Skills, AWS Certified Solutions Architect - Associate, Amazon EC2, No-Code Development, Development",Amazon AWS,All Levels,7.5 hours,3.4,9,4947,"Rp149,000",8/2022,6,0,0,https://www.udemy.com/course/ultimate-aws-guide-with-interview-preparation/
2025 CLF-C02 AWS Cloud Practitioner Exam Practice Tests,4192574,Javarevisited NA,"AWS Certified Cloud Practitioner, AWS Certified Solutions Architect - Associate, IT Certifications, IT & Software",Amazon AWS,Beginner,N/A,4.6,13,133,"Rp149,000",1/2025,0,0,0,https://www.udemy.com/course/mastering-aws-cloud-practitioner-6-clf-c0102-practice-test/
300 Questions For 2026 AWS CLF-C02 Exam w/Explanations,7003671,"Nandy Bo | InfoSec & Azure Expert | $2,000,000+ Earned On Upwork & Fiverr Pro | 1,000+ Students, Nandy Cyber Success | Turbocharge Your Cybersecurity Career","AWS Certified Cloud Practitioner, IT Certifications, IT & Software",Amazon AWS,All Levels,N/A,4.7,31,33,"Rp149,000",1/2026,0,0,0,https://www.udemy.com/course/questions-for-aws-clf-c02-exam-explanations-included/
Guide to Install or Migrate WordPress to AWS Lightsail 2019,1533830,Sorted Odoo,"WordPress, Amazon Lightsail, Web Development, Development",Amazon AWS,All Levels,1.5 hours,3.8,30,134,"Rp149,000",1/2019,2,0,1,https://www.udemy.com/course/quick-install-or-migrate-wordpress-to-aws-lightsail-2018/
AWS Certified Developer – Associate - Practice Test,6957551,MV Edu Centre,"AWS Certified Developer - Associate, Cloud Computing, Amazon AWS, Software Development, IT Certifications",Amazon AWS,All Levels,N/A,4.7,4,4,"Rp149,000",12/2025,0,0,0,https://www.udemy.com/course/aws-certified-developer-associate-practice-test-v/
AWS Certified Cloud Practitioner CLF-C02 | 6 Practice Exams,5882034,Gias Uddin,"Amazon AWS, AWS Certified Cloud Practitioner, IT Certifications, IT & Software",Amazon AWS,Beginner,N/A,4.7,18,89,"Rp149,000",12/2025,0,0,0,https://www.udemy.com/course/aws-certified-cloud-practitioner-clf-c02-6-practice-exams/
End-to-End Serverless Development using AWS Lambda,2175434,Packt Publishing,"AWS Lambda, Database Design & Development, Development",Amazon AWS,Beginner,8.5 hours,3.9,20,202,"Rp149,000",1/2019,0,0,1,https://www.udemy.com/course/end-to-end-serverless-development-using-aws-lambda/
AWS Certified Cloud Practitioner CCP Practice Tests CLF-C01,5179628,Lou Refqi,"AWS Certified Cloud Practitioner, IT Certifications, IT & Software",Amazon AWS,All Levels,N/A,4.5,67,2226,"Rp2,089,000",4/2023,0,0,0,https://www.udemy.com/course/aws-certified-cloud-practitioner-ccp-practice-tests-clf-c01/
"Cloud Management: AWS, Azure & Google Cloud Ops",6881181,Dr. Amar Massoud,"Cloud Management, Other IT & Software, IT & Software",Amazon AWS,All Levels,1.5 hours,4.4,8,2003,"Rp149,000",3/2026,1,0,0,https://www.udemy.com/course/cloud-management-masterclass/
AWS Certified Cloud Practitioner CCP Exam Prep CLF‑C02 2026!,7002803,Mana Dowlatshahi Yeganeh,"AWS Certified Cloud Practitioner, Cloud Monitoring, Virtualization, Public Key Infrastructure, IT Certifications",Amazon AWS,All Levels,N/A,4.9,4,62,"Rp149,000",1/2026,0,0,0,https://www.udemy.com/course/aws-certified-cloud-practitioner-ccp-exam-prep-clfc02-2026/
AWS Certified Solutions Architect – Associate Certification,4881066,Youssef Mansour,"AWS Certified Solutions Architect - Associate, IT Certifications, IT & Software",Amazon AWS,All Levels,N/A,4.3,11,1074,"Rp149,000",10/2023,0,0,0,https://www.udemy.com/course/aws-certified-solutions-architect-associate-certification-q/
4 Practice Exams | AWS Certified Cloud Practitioner CLF-C01,5411492,Nishant Tiwari,"AWS Certified Cloud Practitioner, IT Certifications, IT & Software",Amazon AWS,All Levels,N/A,4.3,17,3107,"Rp149,000",6/2023,0,0,0,https://www.udemy.com/course/4-practice-exams-aws-certified-cloud-practitioner-clf-c01/
Building and Managing Web Applications in AWS,2958194,ElastiCourse Official,"Web Development, Amazon Lightsail, Amazon EC2, Development",Amazon AWS,All Levels,2.5 hours,4.6,10,83,"Rp149,000",1/2021,0,0,3,https://www.udemy.com/course/building-and-managing-web-applications-in-aws/
Breezing through the AWS Solutions Architect Associate Exam,5346602,Gokul C Prabhakar,"AWS Certified Solutions Architect - Associate, IT Certifications, IT & Software",Amazon AWS,Beginner,N/A,5.0,2,32,"Rp149,000",5/2024,0,0,0,https://www.udemy.com/course/breezing-through-the-aws-solutions-architect-associate-exam/
AWS Solutions Architect - Associate SAA-C03 Latest Question,5514894,Tareq Tech,"AWS Certified Solutions Architect - Associate, IT Certifications, IT & Software",Amazon AWS,Beginner,N/A,4.9,4,3262,"Rp149,000",12/2023,0,0,0,https://www.udemy.com/course/aws-solutions-architect-associate-saa-c03/
AWS Certified Cloud Practitioner CLF-C01 - Practice Exams,5190186,Ahmed Hatata,"AWS Certified Cloud Practitioner, Cloud Computing, IT Certifications, IT & Software",Amazon AWS,Intermediate,N/A,4.2,13,1301,"Rp149,000",6/2023,0,0,0,https://www.udemy.com/course/aws-clf-exams/
AWS Certified Cloud Practitioner(CLF-C01) Practice Test,4573486,Karuna Maheshwari,"AWS Certified Cloud Practitioner, IT Certifications, IT & Software",Amazon AWS,Intermediate,N/A,4.4,25,4231,"Rp149,000",11/2024,0,0,0,https://www.udemy.com/course/aws-certified-cloud-practitionerclf-c01-practice-test-2022/
AWS System Operations Associate Certification Crash Course,3634170,Joseph Holbrook,"Amazon AWS, IT Certifications, IT & Software",Amazon AWS,Beginner,14.5 hours,4.5,73,17791,"Rp149,000",11/2023,0,0,0,https://www.udemy.com/course/aws-system-operations-associate-certification-crash-course/
AWS Certified Developer Associate [Mock Exams 2026],5170986,Paweł Krakowiak,"AWS Certified Developer - Associate, Cloud Computing, IT Certifications, IT & Software",Amazon AWS,Intermediate,N/A,4.9,10,8245,"Rp3,129,000",1/2026,0,0,0,https://www.udemy.com/course/aws-certified-developer-associate-practice-exams-new-h/
"Prerequisites to Learn Cloud Computing (AWS, Azure & Google)",4330064,Venkatramaiah Kurela,"AWS CloudFormation, IT Certifications, IT & Software",Amazon AWS,Beginner,8.5 hours,4.2,98,431,"Rp149,000",5/2023,0,0,0,https://www.udemy.com/course/basics-cloud/
Master the AWS Solutions Architect - Top Questions | 2025,5581284,"Stepwise Learning ., Technical Support Team","AWS Certified Solutions Architect - Associate, Cloud Computing, Amazon AWS, IT Certifications, IT & Software",Amazon AWS,Intermediate,N/A,4.6,7,2002,"Rp149,000",11/2025,0,0,0,https://www.udemy.com/course/aws-certified-solutions-architect-associate-pt/
AWS Cloud Practitioner Practice Exams-2021,3523618,PrepLive Ltd,"AWS Certified Cloud Practitioner, IT Certifications, IT & Software",Amazon AWS,Beginner,N/A,4.5,51,3118,"Rp149,000",9/2021,0,0,0,https://www.udemy.com/course/aws-certified-cloud-practitioner-practice-exams-examacademy/
AWS Cloud Practitioner Exam - Practice Questions 2026,6048935,Nagi Reddy,"IT Certifications, IT & Software",Amazon AWS,Beginner,N/A,4.5,14,174,"Rp149,000",1/2026,0,0,0,https://www.udemy.com/course/aws-certified-cloud-practitioner-exam-practice-questions-i/
AWS Professional - The Quick Overview Guide,907698,Eduonix Learning Solutions,"AWS Certified Solutions Architect - Professional, IT Certifications, IT & Software",Amazon AWS,Intermediate,1.5 hours,2.9,110,1193,"Rp149,000",12/2018,1,0,11,https://www.udemy.com/course/aws-certified-solutions-architect-professional-exam-guide/
AWS Certified Solutions Architect Associate SAA-C03 MCQ 2026,7002483,Mana Dowlatshahi Yeganeh,"AWS Certified Solutions Architect - Associate, Cloud Monitoring, Server Infrastructure, Cloud Architecture, IT Certifications",Amazon AWS,All Levels,N/A,5.0,3,59,"Rp149,000",3/2026,0,0,0,https://www.udemy.com/course/aws-certified-solutions-architect-associate-saa-c03-mcq-2026/
TOTAL: AWS Solutions Architect SAA-C03 Practice Tests,1911248,Total Seminars Over 1 Million Enrollments,"AWS Certified Solutions Architect - Associate, Amazon AWS, IT Certifications, IT & Software",Amazon AWS,Intermediate,N/A,3.8,654,6587,"Rp149,000",10/2025,0,0,0,https://www.udemy.com/course/aws-certified-solutions-architect-associate-practice-tests-h/
NEW AWS Certified Developer Associate Practice Exams,2797664,"Myra Gul, Syed Raza, ClayDesk E-learning, Ultimate Practice Exams","AWS Certified Developer - Associate, IT Certifications, IT & Software",Amazon AWS,All Levels,N/A,4.4,18,191,"Rp149,000",6/2023,0,0,0,https://www.udemy.com/course/new-aws-certified-developer-associate-practice-exams/
AWS Certified Cloud Practitioner Exam Practice Tests,5925110,Rohit Pandey,"AWS Certified Cloud Practitioner, IT Certifications, IT & Software",Amazon AWS,All Levels,N/A,4.2,35,1506,"Rp149,000",4/2024,0,0,0,https://www.udemy.com/course/aws-certified-cloud-practitioner-exam-practice-tests-y/
AWS Certified Cloud Practitioner (CLF-C01) - Practice Exams,6006566,Manish Nadar,"AWS Certified Cloud Practitioner, IT Certifications, IT & Software",Amazon AWS,Beginner,N/A,4.8,23,4207,"Rp149,000",6/2024,0,0,0,https://www.udemy.com/course/aws-certified-cloud-practitioner-clf-c01-practice-exams-k/
2025 AWS Cloud Practitioner Exam (CLF-CO2) Practice Tests,4864398,Javarevisited NA,"AWS Certified Cloud Practitioner, IT Certifications, IT & Software",Amazon AWS,All Levels,N/A,4.0,13,130,"Rp149,000",12/2024,0,0,0,https://www.udemy.com/course/aws-cloud-practitioner-clf-c01-practice-questions-test/
AWS Certified Solutions Architect Associate: Practice Tests,1354248,"TELCOMA Global | Leading Since 2009 | 75,000+ Students","AWS Certified Solutions Architect - Associate, Amazon AWS, IT Certifications, IT & Software",Amazon AWS,All Levels,N/A,3.6,51,517,"Rp149,000",1/2018,0,0,0,https://www.udemy.com/course/aws-certified-solutions-architect-associate-practice-tests-exam/
The Ultimate AWS Solutions Architect Associate Practice Exam,1614550,Bernard Golden,"AWS Certified Solutions Architect - Associate, Amazon AWS, IT Certifications, IT & Software",Amazon AWS,Intermediate,N/A,4.2,9,145,"Rp149,000",6/2018,0,0,0,https://www.udemy.com/course/the-ultimate-aws-solutions-architect-associate-practice-exam/
AWS Certified AI Practitioner-AIF-C01: 3 Practice Tests 2025,6365615,DataVeta Academy,"AWS Certified AI Practitioner, IT Certifications, IT & Software",Amazon AWS,All Levels,N/A,2.0,1,6,"Rp149,000",1/2025,0,0,0,https://www.udemy.com/course/aws-certified-ai-practitioner-aif-c01-3-practice-tests-2025/
AWS Certified Solutions Architect Associate Exam - Mock Test,4117240,Karuna Maheshwari,"AWS Certified Solutions Architect - Associate, IT Certifications, IT & Software",Amazon AWS,All Levels,N/A,4.1,28,9498,"Rp149,000",6/2023,0,0,0,https://www.udemy.com/course/aws-certified-solutions-architect-associate-exam-mock-test/
Mastering JSON with Real-World Projects and AWS Lambda,6417905,EDUCBA Bridging the Gap,"JSON, Other IT & Software, IT & Software",Amazon AWS,All Levels,4.5 hours,4.8,5,1111,"Rp447,000.00",1/2025,0,0,0,https://www.udemy.com/course/mastering-json-with-real-world-projects-and-aws-lambda/
AWS Certified AI Practitioner (AIF-C01) - Exam Preparation,6319897,Ravi Singh,"AWS Certified AI Practitioner, IT Certifications, IT & Software",Amazon AWS,All Levels,34 mins,3.8,21,1038,"Rp149,000",4/2025,0,0,3,https://www.udemy.com/course/aws-certified-ai-practitioner-aif-c01-exam-preparation/
AWS Certified Developer - Associate (DVA-C02) Practice Tests,6586067,Varalakshmi Kumili,"AWS Certified Developer - Associate, Other Office Productivity, Office Productivity",Amazon AWS,All Levels,N/A,5.0,3,3,"Rp149,000",4/2025,0,0,0,https://www.udemy.com/course/aws-certified-developer-associate-dva-c02-practice-tests-a/
AWS Certified Cloud Practitioner: Real Practice Exams 2021,3667310,Saad Shaukat | AWS Certified Practice Exams Author,"AWS Certified Cloud Practitioner, IT Certifications, IT & Software",Amazon AWS,All Levels,N/A,4.3,114,9337,"Rp149,000",7/2025,0,0,0,https://www.udemy.com/course/aws-certified-cloud-practitioner-practice-exams-top/
AWS Certified Machine Learning Specialty Exam Practice Test,4102098,Karuna Maheshwari,"AWS Certified Machine Learning - Specialty (Retired), AWS Certified Machine Learning Engineer - Associate, Machine Learning, IT Certifications, IT & Software",Amazon AWS,All Levels,N/A,3.9,18,7224,"Rp149,000",3/2025,0,0,0,https://www.udemy.com/course/aws-certified-machine-learning-specialty-practice-test-i/
AWS Certified DevOps Engineer Professional - Practice Exams,5459120,Deepak Dubey,"AWS Certified DevOps Engineer - Professional, IT Certifications, IT & Software",Amazon AWS,All Levels,N/A,4.3,16,20242,"Rp5,689,000",7/2023,0,0,0,https://www.udemy.com/course/aws-certified-devops-engineer-professional-practice-exams-all/
AWS Certified Solutions Architect Associate Introduction,838602,Premraj Jeyaprakash,"AWS Certified Solutions Architect - Associate, IT Certifications, IT & Software",Amazon AWS,Beginner,2 hours,4.7,7204,187100,Free,4/2019,0,0,0,https://www.udemy.com/course/aws-certified-solutions-architect-associate-in-30-days/
AWS Mastery: S3 Deep Dive + 35h course Giveaway [Limited],7109699,ITO Cloud Courses,"AWS Certified Solutions Architect - Associate, IT Certifications, IT & Software",Amazon AWS,Intermediate,2 hours,5.0,3,53,Free,3/2026,2,0,1,https://www.udemy.com/course/free-course-aws-s3-mastery-10-free-exams/
Amazon Web Services (AWS) EC2: An Introduction,1865066,Dr Monjur Ahmed,"Amazon EC2, Amazon AWS, Network & Security, IT & Software",Amazon AWS,Beginner,1.5 hours,4.3,479,38611,Free,8/2018,0,0,0,https://www.udemy.com/course/amazon-web-services-aws-ec2-an-introduction/
Learn Amazon Web Services (AWS) easily to become Architect,1912750,Kaushik Vadali,"Amazon AWS, Cloud Computing, Other IT & Software, IT & Software",Amazon AWS,All Levels,5.5 hours,4.4,346,36281,Free,10/2018,0,0,27,https://www.udemy.com/course/learn-amazon-web-services-aws-easily-to-become-architect/
AWS for Beginners,6324047,Prashanna Rajendran,"Amazon AWS, Cloud Computing, Amazon Virtual Private Cloud (VPC), Amazon EC2, Other IT & Software",Amazon AWS,Beginner,30 mins,4.2,146,3169,"Rp169,000",12/2024,1,0,3,https://www.udemy.com/course/aws-for-beginners-313/
A Practical Introduction to Cloud Computing,1122334,Neil Anderson,"Cloud Computing, Other IT & Software, IT & Software",Amazon AWS,Beginner,2.5 hours,4.5,39982,222510,Free,4/2021,2,0,17,https://www.udemy.com/course/introduction-cloud-computing/
AWS Course from zero to hero,6146421,Web Warrior,"Amazon AWS, AWS Certified Cloud Practitioner, Network & Security, IT & Software",Amazon AWS,Beginner,44 mins,4.0,69,2337,Free,8/2024,0,0,0,https://www.udemy.com/course/aws-course/
Amazon Web Services (AWS): CloudFormation,1877370,Dr Monjur Ahmed,"AWS CloudFormation, Amazon AWS, Cloud Computing, Web Development, Development",Amazon AWS,Beginner,1.5 hours,3.9,889,43913,Free,8/2018,0,0,0,https://www.udemy.com/course/amazon-web-services-aws-cloudformation/
AWS EC2 & VPC: A Beginner's Guide to Cloud Computing,5451220,Rohit Marathe,"Amazon EC2, Amazon Virtual Private Cloud (VPC), Amazon AWS, IT Certifications, IT & Software",Amazon AWS,Beginner,2 hours,4.5,58,2477,Free,7/2023,0,0,0,https://www.udemy.com/course/aws-ec2-vpc-a-beginners-guide-to-cloud-computing/
Getting Started with Amazon Web Services,1132438,Shozab Ways,"Amazon AWS, Amazon S3, Cloud Computing, Web Development, Development",Amazon AWS,Beginner,38 mins,4.2,286,18007,Free,11/2017,0,0,0,https://www.udemy.com/course/getting-started-with-amazon-web-services/
AWS Certified Solution Architect Associate,5381864,TechNotez .,"AWS Certified Solutions Architect - Associate, IT Certifications, IT & Software",Amazon AWS,Beginner,2 hours,4.4,238,5441,Free,7/2023,0,0,0,https://www.udemy.com/course/aws-certified-solution-architect-associate/
Ace AWS Cloud Practitioner Exam: Fast-Track to Success!,6563807,Technology Tuition,"AWS Certified Cloud Practitioner, IT Certifications, IT & Software",Amazon AWS,Beginner,N/A,4.4,97,1601,"Rp2,089,000",11/2025,0,0,0,https://www.udemy.com/course/ace-aws-cloud-practitioner-exam-fast-track-to-success/
Jupyter Notebook Server with AWS EC2 and AWS VPC,2327498,Justin Mitchel,"Jupyter Notebook, Amazon EC2, Essential Tech Skills, Network & Security, Udemy Free Resource Center",Amazon AWS,Intermediate,1.5 hours,4.6,278,23393,Free,4/2019,0,0,0,https://www.udemy.com/course/jupyter-notebook-server-with-aws-ec2-and-aws-vpc/
Ultimate Hands-On AWS KMS Course 2026,6728359,Rishi Tiwari,"Amazon AWS, AWS Certified Security - Specialty, Serverless Computing, IT Certifications, IT & Software",Amazon AWS,All Levels,2 hours,4.6,12,1463,Free,1/2026,0,0,0,https://www.udemy.com/course/ultimate-aws-kms-course/
Building Fullstack Serverless Apps On AWS [2026],6714073,Rishi Tiwari,"Amazon AWS, Other IT & Software, IT & Software",Amazon AWS,Beginner,2 hours,4.5,14,1451,Free,1/2026,0,0,0,https://www.udemy.com/course/aws-serverless-course/
AWS Cloud Practitioner Free Practice Q&A Showcase – Preview,6815047,Michael Sheehy,"IT Certifications, IT & Software",Amazon AWS,Beginner,1 hour,4.4,15,438,Free,9/2025,6,0,0,https://www.udemy.com/course/aws-cloud-practitioner-free-practice-qa-showcase-preview/
Build Serverless Apps on AWS,6858047,Zareen Khan,"Other IT & Software, IT & Software",Amazon AWS,Beginner,1 hour,4.4,3,540,Free,10/2025,0,0,9,https://www.udemy.com/course/build-serverless-apps-on-aws/
AWS Solution Architect Professional (AWS SAP) Exam Prep,6119687,"Maruchin Tech, Maruchin Tech","AWS Certified Solutions Architect - Professional, IT Certifications, IT & Software",Amazon AWS,Expert,42 mins,4.4,54,2640,Free,8/2024,0,0,0,https://www.udemy.com/course/aws-solution-architect-professional-aws-sap-exam-prep/
Mastering AWS DynamoDB: A Beginner’s Guide,6488039,Tech Jedi,"DynamoDB, NoSQL, Database Management Systems (DBMS), Amazon AWS, Other IT & Software",Amazon AWS,Beginner,1.5 hours,4.1,10,808,Free,3/2025,0,0,0,https://www.udemy.com/course/mastering-aws-dynamodb-a-beginners-guide/
Introduction to AWS Lambda for beginners with 4 Labs,1633088,Cloud Yeti,"AWS Lambda, Amazon AWS, Other IT & Software, IT & Software",Amazon AWS,Beginner,1.5 hours,4.2,116,5048,Free,5/2019,0,0,0,https://www.udemy.com/course/lambda-course/
AWS KMS Hero | Theory & Practice & Exam Preparation,4816802,Kostiantyn Skrypnyk,"Amazon AWS, IT Certifications, IT & Software",Amazon AWS,Beginner,1 hour,4.6,33,2436,Free,8/2022,0,0,0,https://www.udemy.com/course/aws-kms-hero-theory-practice-exam-preparation/
Multitier architecture with AWS,4429314,Kostiantyn Skrypnyk,"Amazon AWS, Network & Security, IT & Software",Amazon AWS,All Levels,31 mins,4.3,156,17975,Free,12/2021,0,0,0,https://www.udemy.com/course/multitier-architecture-with-aws/
AWS Tutorials - VPC Peering,2130910,Namrata H Shah,"Amazon Virtual Private Cloud (VPC), Amazon AWS, Network Administration, Network & Security, IT & Software",Amazon AWS,All Levels,2.5 hours,4.6,183,15978,Free,1/2019,0,0,0,https://www.udemy.com/course/namrata-h-shah-aws-tutorials-vpc-peering/
AWS RDS Concepts BootCamp,4188700,Shashank Abhishek,"Amazon RDS, Database Design & Development, Development",Amazon AWS,All Levels,2 hours,4.5,28,2483,Free,6/2022,0,0,1,https://www.udemy.com/course/aws-rds-concepts-bootcamp/
AWS VPC and VPC Peering Demo,2480952,Venkatesh K,"Amazon Virtual Private Cloud (VPC), AWS Databases, Network & Security, IT & Software",Amazon AWS,Beginner,1.5 hours,4.1,64,9289,Free,4/2020,0,0,0,https://www.udemy.com/course/aws-vpc-and-vpc-peering-demo/
AWS Cloud Development Kit (CDK) Explained for Beginners,4718708,Faizan Raza,"AWS Cloud Development Kit (CDK), Software Engineering, Development",Amazon AWS,Beginner,1 hour,4.4,21,2516,Free,6/2022,0,0,1,https://www.udemy.com/course/aws-cloud-development-kit-cdk-explained-for-beginners/
Mastering AWS Cognito & OAuth 2.0 for Secure Web Application,6728505,Rishi Tiwari,"OAuth, Amazon AWS, Network & Security, IT & Software",Amazon AWS,All Levels,2 hours,4.3,13,1290,Free,7/2025,0,0,0,https://www.udemy.com/course/aws-cognito/
[02v] AWS Solution Architect Associate Guide to success!!,3788424,Global Edtech,"AWS Certified Solutions Architect - Associate, IT Certifications, IT & Software",Amazon AWS,Beginner,2 hours,4.4,215,14184,Free,5/2023,1,0,0,https://www.udemy.com/course/free-aws-solution-architect-associate-guide-to-success/
AWS VPC Transit Gateway - Hands On Learning!,2321778,"Kalyan Reddy Daida | DevOps & SRE Architect on AWS, Azure & Google Cloud Platforms, StackSimplify Official","Amazon Virtual Private Cloud (VPC), Essential Tech Skills, Network & Security, Udemy Free Resource Center, Vodafone",Amazon AWS,All Levels,2 hours,4.7,801,52406,Free,12/2019,0,0,2,https://www.udemy.com/course/aws-vpc-transit-gateway/
Using AWS S3 with Python,4500906,Oscar Valles,"Python, Amazon S3, Programming Languages, Development",Amazon AWS,Beginner,1 hour,4.5,127,9892,Free,1/2022,0,0,0,https://www.udemy.com/course/using-aws-s3-with-python/
Hands-On Modern Development of Image Upload with Next.js&AWS,6806231,Lukasz Kallas,"Web Development, Development",Amazon AWS,Beginner,2 hours,4.7,10,2698,Free,9/2025,2,0,0,https://www.udemy.com/course/hands-on-modern-development-of-image-upload-with-nextjsaws/
AWS Certified Solutions Architect Associate Beginners Guide,5204236,Knowledge Kubes Institute,"AWS Databases, AWS Lambda, AWS DevOps, IT Certifications, IT & Software",Amazon AWS,Beginner,33 mins,4.1,108,5337,Free,3/2023,0,0,1,https://www.udemy.com/course/aws-solutions-architect-associate-basic-training-questions/
AWS Certified Advanced Networking Specialty - Practice Q's,4869040,Charles Smith,"Network Security, Cloud Computing, Cybersecurity, IT Certifications, IT & Software",Amazon AWS,Beginner,30 mins,4.1,14,1964,Free,2/2024,4,0,0,https://www.udemy.com/course/aws-certified-advanced-networking-specialty-practice-qs/
AWS Redshift - A Comprehensive Guide For Beginners,4311500,Lal Verma | AWS Certified Solutions Architect,"Amazon Redshift, Other IT & Software, IT & Software",Amazon AWS,Beginner,6.5 hours,4.6,2549,13733,"Rp149,000",1/2026,28,0,9,https://www.udemy.com/course/aws-redshift-a-comprehensive-guide/
Amazon Web Services (AWS) with Python & Boto3,4559354,Parwiz Forogh,"Amazon AWS, Python, AWS DevOps, Boto, Web Development",Amazon AWS,Beginner,27 hours,4.5,404,5013,"Rp149,000",4/2024,0,0,14,https://www.udemy.com/course/amazon-web-services-aws-with-python-boto3/
My First Step With AWS (60 minutes crash course),5418846,Pierre LEsperance,"Amazon AWS, Other IT & Software, IT & Software",Amazon AWS,Beginner,1 hour,4.6,3,22,"Rp149,000",1/2024,1,0,0,https://www.udemy.com/course/my-first-step-with-aws-60-minutes-crash-course/
AWS Advanced Networking Specialty ANS-C01 Practice Exam 2026,6377963,Nex Arc,"AWS Certified Advanced Networking - Specialty, IT Certifications, IT & Software",Amazon AWS,All Levels,N/A,4.6,65,1843,"Rp149,000",2/2026,0,0,0,https://www.udemy.com/course/aws-certified-advanced-networking-ans-c01-practice-exam/
AWS Cloud Practitioner (CLF-C02) - Practice Tests 2026,6452501,Noman Ahmad,"AWS Certified Cloud Practitioner, IT Certifications, IT & Software",Amazon AWS,Beginner,N/A,4.7,25,182,"Rp149,000",3/2026,0,0,0,https://www.udemy.com/course/aws-certified-cloud-practitioner-clf-c02-practice-tests-l/
Learning Cloud Architecture: From Ideas to Practical Design,6586935,Ashish Prajapati,"Cloud Architecture, Other IT & Software, IT & Software",Amazon AWS,Intermediate,10.5 hours,4.5,464,2155,"Rp149,000",12/2025,0,0,8,https://www.udemy.com/course/design-architecture/
Introduction to Amazon Quick Suite - An AWS Agentic Service,7010233,Incremental Learning,"IT Certifications, IT & Software",Amazon AWS,Beginner,6 hours,5.0,5,33,"Rp149,000",2/2026,2,0,1,https://www.udemy.com/course/introduction-to-amazon-quick-suite/
Building serveless distributed analytics application on AWS,5767082,Tomasz Stachlewski,"Amazon AWS, Other IT & Software, IT & Software",Amazon AWS,Beginner,3 hours,5.0,4,35,"Rp149,000",1/2024,0,0,4,https://www.udemy.com/course/building-serveless-distributed-analytics-app-with-emr-on-aws/
AWS Certified Cloud Practitioner - CLF-C02 - Question Bank,6430645,NexusTech Courses,"AWS Certified Cloud Practitioner, IT Certifications, IT & Software",Amazon AWS,All Levels,N/A,4.5,28,2959,"Rp149,000",3/2026,0,0,0,https://www.udemy.com/course/aws-certified-cloud-practitioner-question-bank/
Practice Exams | AWS Certified Data Engineer - Associate,5988860,"Stephane Maarek | AWS Certified Cloud Practitioner,Solutions Architect,Developer, Abhishek Singh","AWS Certified Data Engineer - Associate, IT Certifications, IT & Software",Amazon AWS,Beginner,N/A,4.4,811,14302,"Rp159,000",3/2026,0,0,0,https://www.udemy.com/course/practice-exams-aws-certified-data-engineer-associate-r/
AWS DevOps & CI/CD with AWS CodePipeline for Engineers,5492716,Pravin Mishra | AWS Certified Cloud Practitioner | Solutions Architect,"AWS DevOps, Other IT & Software, IT & Software",Amazon AWS,Intermediate,15 hours,4.4,474,5092,"Rp279,000",3/2025,21,0,4,https://www.udemy.com/course/mastering-aws-devops-for-cloud-engineers/
Master AWS Amplify Gen2 – Build Full-Stack Applications,6016982,Anas Shahwan,"AWS Amplify, Web Development, Development",Amazon AWS,All Levels,9 hours,4.4,13,181,"Rp159,000",1/2026,1,0,26,https://www.udemy.com/course/master-aws-amplify-gen2-build-full-stack-applications/
AWS Data Engineering Labs,5232036,FutureX Skills,"IT Certifications, IT & Software",Amazon AWS,Beginner,3 hours,4.5,57,1908,"Rp149,000",12/2025,0,0,7,https://www.udemy.com/course/aws-data-engineering-labs/
Devops Tools and AWS for Java Microservice Developers,2295003,Bharath Thippireddy,"DevOps, Developer Tools, Other IT & Software, IT & Software",Amazon AWS,All Levels,20.5 hours,4.7,1961,17897,"Rp149,000",4/2026,2,0,19,https://www.udemy.com/course/devops-tools-and-aws-for-java-microservice-developers/
AWS Security: DevSecOps & AWS Security Services & Terraform,4614436,"A Security Guru, Raghu The Security Expert","AWS Security Services, AWS CodePipeline, DevSecOps, Network & Security, IT & Software",Amazon AWS,All Levels,5 hours,4.4,988,8416,"Rp159,000",10/2025,10,0,2,https://www.udemy.com/course/devsecops-in-aws-and-aws-security-services-asecurityguru/
AWS CDK in Python | A Comprehensive Guide for Beginners,5658344,Lal Verma | AWS Certified Solutions Architect,"AWS Cloud Development Kit (CDK), Other IT & Software, IT & Software",Amazon AWS,Beginner,5.5 hours,4.6,32,287,"Rp149,000",7/2025,16,0,0,https://www.udemy.com/course/aws-cdk-in-python/
Comprehensive AWS Certified AI Practitioner AIF-C01 Bootcamp,6399435,Vladimir Raykov,"AWS Certified AI Practitioner, Artificial Intelligence (AI), Amazon AWS, Generative AI (GenAI), IT Certifications",Amazon AWS,All Levels,16.5 hours,4.7,637,3805,"Rp159,000",2/2026,4,0,4,https://www.udemy.com/course/aif-c01-comprehensive-aws-certified-ai-practitioner-aif-c01-bootcamp/
AWS CloudFormation Step by Step: Beginner to Intermediate,2037676,"Emre Yilmaz | AWS Certified DevOps Engineer, Solutions Architect, Developer","AWS CloudFormation, DevOps, Amazon AWS, Web Development, Development",Amazon AWS,Beginner,7 hours,4.7,823,5649,"Rp149,000",2/2026,3,0,71,https://www.udemy.com/course/aws-cloudformation-step-by-step-beginner-to-intermediate/
AWS Certified Security Specialty Practice Exams SCS-C03,5057192,"Neal Davis | AWS Certified Solutions Architect & Developer, Digital Cloud Training | AWS Certified Cloud Practitioner AWS Certified Solutions Architect, AWS Developer Associate","AWS Certified Security - Specialty, AWS Security Services, Cloud Security, IT Certifications, IT & Software",Amazon AWS,Intermediate,N/A,4.4,622,6655,"Rp149,000",4/2026,0,0,0,https://www.udemy.com/course/aws-certified-security-specialty-practice-exams-course/
Hands-On Introduction to CloudFormation - 2 hour course,4724682,Rick Crisci,"AWS CloudFormation, Other IT & Software, IT & Software",Amazon AWS,Beginner,2 hours,4.6,562,2517,"Rp149,000",4/2025,1,0,29,https://www.udemy.com/course/introcloudformation/
AWS Solutions Architect Professional SAP-C02: REAL 2026 Q&As,6765919,Andrew H.K. (Andy),"AWS Certified Solutions Architect - Professional, Amazon AWS, IT Certifications, IT & Software",Amazon AWS,All Levels,N/A,4.8,18,596,"Rp149,000",3/2026,0,0,0,https://www.udemy.com/course/aws-solutions-architect-pro-real/
"AWS Cloud Skills (Prod): 18 Exercises, 15 Labs, 3 Projects",6909025,Manohar Shetty,"Other IT & Software, IT & Software",Amazon AWS,Beginner,4 hours,4.8,3,15,"Rp149,000",1/2026,0,0,0,https://www.udemy.com/course/aws-projects-labs-exercises/
AWS Lambda - A Practical Guide - Learn from an Expert,4535188,Daniel Galati,"AWS Lambda, Database Design & Development, Development",Amazon AWS,All Levels,7.5 hours,4.6,2589,16668,"Rp149,000",8/2023,1,0,0,https://www.udemy.com/course/aws-lambda-a-practical-guide/
Mastering AI on AWS: Training AWS Certified AI-Practitioner,6222319,School of AI,"AWS Certified AI Practitioner, IT Certifications, IT & Software",Amazon AWS,Beginner,4 hours,4.4,638,45671,"Rp149,000",2/2026,0,0,0,https://www.udemy.com/course/mastering-ai-on-aws-training-aws-certified-ai-practitioner/
Mastering Amazon Bedrock AgentCore: Bring your PoC to Prod!,6855857,Puria Izady,"AI Agents & Agentic AI, Amazon Bedrock, Data Science, Development",Amazon AWS,All Levels,4 hours,4.5,136,1163,"Rp149,000",12/2025,0,0,7,https://www.udemy.com/course/mastering-amazon-bedrock-agentcore-bring-your-poc-to-prod/
AWS Certified DevOps Engineer Professional Practice Exams,5154072,"Neal Davis | AWS Certified Solutions Architect & Developer, Digital Cloud Training | AWS Certified Cloud Practitioner AWS Certified Solutions Architect, AWS Developer Associate","AWS Certified DevOps Engineer - Professional, IT Certifications, IT & Software",Amazon AWS,Intermediate,N/A,4.1,426,5982,"Rp149,000",4/2026,0,0,0,https://www.udemy.com/course/aws-certified-devops-engineer-professional-practice-exams-course/
SAA-C03 AWS Certified Solutions Architect Associate,6563225,AWS Amazon,"AWS Certified Solutions Architect - Associate, IT Certifications, IT & Software",Amazon AWS,All Levels,N/A,1.0,N/A,N/A,"Rp149,000",4/2025,0,0,0,https://www.udemy.com/course/saa-c03-aws-certified-solutions-architect-associate-k/
AWS Cloud Development Kit (CDK) - V2- Beginner to Advanced,4961148,Rahul Trisal,"AWS Cloud Development Kit (CDK), Typescript, Software Development Tools, Development",Amazon AWS,All Levels,6.5 hours,4.5,1189,6272,"Rp149,000",6/2025,2,0,23,https://www.udemy.com/course/aws-cloud-development-kit-cdk-v2-beginner-to-advanced/
Amazon MSK Crash Course,5666526,Adam McQuistan,"Apache Kafka, Other IT & Software, IT & Software",Amazon AWS,Intermediate,7.5 hours,4.5,80,1207,"Rp149,000",12/2023,11,0,13,https://www.udemy.com/course/aws-msk-crash-course/
Fundamentals for your Cloud Journey,6343163,Ashish Prajapati,"IT Certifications, IT & Software",Amazon AWS,Beginner,4 hours,4.8,15,288,"Rp149,000",12/2024,0,0,0,https://www.udemy.com/course/fundamentals-for-cloud/
AWS Secure Landing Zone with Control Tower and AFT,4480486,Kostiantyn Skrypnyk,"Terraform, Network & Security, IT & Software",Amazon AWS,Intermediate,4.5 hours,4.4,783,4473,"Rp149,000",1/2025,0,0,30,https://www.udemy.com/course/aws-secure-landing-zone-with-control-tower-and-aft/
AWS Solutions Architect Associate SAA-C03 REAL 2026 Exam Q&A,6781729,Andrew H.K. (Andy),"AWS Certified Solutions Architect - Associate, Amazon AWS, IT Certifications, IT & Software",Amazon AWS,All Levels,N/A,5.0,7,191,"Rp149,000",3/2026,0,0,0,https://www.udemy.com/course/aws-solutions-architect-real/
AWS Certified Solutions Architect Associate Practice Exams,5701616,B Talukdar,"AWS Certified Solutions Architect - Associate, IT Certifications, IT & Software",Amazon AWS,Beginner,N/A,4.7,N/A,2,"Rp149,000",1/2026,0,0,0,https://www.udemy.com/course/aws-certified-solutions-architect-associate-saa-c03-exam-u/
AWS RDS for MySQL,5628675,Rajeev Raj,"Amazon RDS, Other IT & Software, IT & Software",Amazon AWS,All Levels,7 hours,4.5,12,136,"Rp149,000",11/2023,0,0,0,https://www.udemy.com/course/aws-rds-for-mysql/
AWS Certified DevOps Engineer - Professional 2026 [NEW],2045722,Zeal Vora,"AWS Certified DevOps Engineer - Professional, DevOps, IT Certifications, IT & Software",Amazon AWS,Intermediate,37.5 hours,4.5,1670,15224,"Rp279,000",3/2026,33,0,13,https://www.udemy.com/course/master-aws-certified-devops-engineer-professional/
400+ AWS Interview Questions Practice Test [2026],5701520,Interview Questions Tests,"Amazon AWS, Other IT & Software, IT & Software",Amazon AWS,All Levels,N/A,4.0,2,1410,"Rp149,000",1/2026,0,0,0,https://www.udemy.com/course/aws-interview-questions-test/
AWS Certified Cloud Practitioner CLF-02 - Practice Exams,6788867,PassPro TechAcademy,"AWS Certified Cloud Practitioner, IT Certifications, IT & Software",Amazon AWS,Beginner,N/A,5.0,2,10,"Rp2,089,000",8/2025,0,0,0,https://www.udemy.com/course/aws-certified-cloud-practitioner-clf-02-practice-exams/
AWS Certified Security – Specialty [SCS-C02],3429656,"Chandra Lingam, Compute with Cloud Support","AWS Certified Security - Specialty, IT Certifications, IT & Software",Amazon AWS,Intermediate,20.5 hours,4.5,2849,24863,"Rp149,000",1/2026,135,0,50,https://www.udemy.com/course/aws-certified-security-specialty-exam/
AWS CloudFormation-Beginner to Advanced (Hands-On with YAML),4875718,Rahul Trisal,"AWS CloudFormation, YAML, AWS CodePipeline, JSON, Web Development",Amazon AWS,All Levels,7.5 hours,4.7,167,2510,"Rp149,000",6/2025,2,0,36,https://www.udemy.com/course/aws-cloudformation-beginner-to-advanced-hands-on-guide/
AWS CloudFormation Step by Step: Intermediate to Advanced,2460230,"Emre Yilmaz | AWS Certified DevOps Engineer, Solutions Architect, Developer","AWS CloudFormation, Other IT & Software, IT & Software",Amazon AWS,Intermediate,7 hours,4.8,94,1583,"Rp149,000",2/2026,2,0,76,https://www.udemy.com/course/aws-cloudformation-step-by-step-intermediate-to-advanced/
AWS Cloud Practitioner Certification Exam 2025,6424357,Cloud in Depth,"IT Certifications, IT & Software",Amazon AWS,Beginner,5 hours,5.0,1,47,"Rp149,000",11/2025,6,0,0,https://www.udemy.com/course/aws-cloud-practitioner-course/
AWS CDK for professionals (Python and TypeScript),5579678,Alex Dan,"AWS Cloud Development Kit (CDK), Software Engineering, Development",Amazon AWS,All Levels,6.5 hours,4.6,444,3246,"Rp149,000",4/2026,4,0,29,https://www.udemy.com/course/aws-cdk-for-professionals/
Manage AWS Using Python: Core Services,845946,Ricky Brar,"Amazon AWS, Boto, Python, Network & Security, IT & Software",Amazon AWS,Beginner,2.5 hours,4.2,413,3062,"Rp149,000",9/2016,0,0,0,https://www.udemy.com/course/manage-aws-core-services-using-python-and-boto3/
AWS Solution Architect: RealTime Demos & Job Interview Guide,6788771,Sri A,"Other IT & Software, IT & Software",Amazon AWS,Intermediate,11.5 hours,5.0,1,7,N/A,8/2025,0,0,5,https://www.udemy.com/course/aws-solution-architect-realtime-demos-job-interview-guide/
2026 AWS CloudOps Engineer Associate SOA-C03 Practice Exams,6454051,Nex Arc,"AWS Certified CloudOps Engineer - Associate, Cloud Computing, Amazon AWS, IT Certifications, IT & Software",Amazon AWS,Intermediate,N/A,4.8,41,1100,"Rp149,000",2/2026,0,0,0,https://www.udemy.com/course/aws-sysops-administrator-associate-soa-c02-practice-exam/
Amazon Nova: Hands-on learning,6498567,Ashish Prajapati,"IT Certifications, IT & Software",Amazon AWS,All Levels,4 hours,4.8,10,91,"Rp149,000",3/2025,0,0,1,https://www.udemy.com/course/amazon-nova/
AWS Cloud Computing Bootcamp: Cloud Practitioner + Solutions,7075849,Snehal Dhamdar,"AWS Certified Solutions Architect - Associate, AWS Certified Cloud Practitioner, Other Teaching & Academics, Teaching & Academics",Amazon AWS,All Levels,31 hours,4.9,5,112,"Rp149,000",4/2026,1,0,5,https://www.udemy.com/course/aws-cloud-computing-bootcamp-cloud-practitioner-solutions/
AWS Certified Cloud Practitioner Practice Exams 2025 CLF-C02,6414349,Cloud Genius,"AWS Certified Cloud Practitioner, IT Certifications, IT & Software",Amazon AWS,Beginner,N/A,1.0,1,10,"Rp2,089,000",4/2025,0,0,0,https://www.udemy.com/course/aws-certified-cloud-practitioner-practice-exams-2025-cloudgenius/
HashiCorp Certified: Terraform Associate 004-AWS Edition,6791023,CloudFolks HUB,"HashiCorp Certified: Terraform Associate, IT Certifications, IT & Software",Amazon AWS,All Levels,16.5 hours,4.7,3,51,"Rp149,000",4/2026,0,0,71,https://www.udemy.com/course/terraform-associate-0034-aws-edition-in-english/
AWS SAA-C03 Practice: 600+ Questions on Storage,6072333,Suraj Muraleedharan,"AWS Certified Solutions Architect - Associate, IT Certifications, IT & Software",Amazon AWS,Intermediate,N/A,5.0,3,23,"Rp149,000",3/2026,0,0,0,https://www.udemy.com/course/aws-saa-c03-practice-600-questions-on-storage/
AWS Solution Architect - Associate (AWS SAA),6582543,Skill Sync Academy,"AWS Certified Solutions Architect - Associate, IT Certifications, IT & Software",Amazon AWS,Intermediate,1 hour,4.7,N/A,N/A,"Rp149,000",7/2025,0,0,0,https://www.udemy.com/course/aws-solution-architect/
AWS Certified SysOps Administrator Associate Hands-On + Exam,6405821,Deepak Dubey,"AWS Certified SysOps Administrator - Associate, IT Certifications, IT & Software",Amazon AWS,Intermediate,29 hours,4.6,72,20483,"Rp149,000",4/2026,0,0,8,https://www.udemy.com/course/aws-certified-sysops-administrator-associate-complete-guide/
NEW AWS Solution Architect Professional SAP-C02 [Exams 2026],6988449,Certification Trainer,"AWS Certified Solutions Architect - Professional, IT Certifications, IT & Software",Amazon AWS,All Levels,N/A,4.5,15,174,"Rp149,000",3/2026,0,0,0,https://www.udemy.com/course/2026-aws-solutions-architect-professional-sap-c02-exams-qas/
AWS Certified Developer - Associate,6209875,Kumar Mishra,"AWS Certified Developer - Associate, IT Certifications, IT & Software",Amazon AWS,All Levels,N/A,4.8,N/A,3,"Rp149,000",9/2024,0,0,0,https://www.udemy.com/course/aws-certified-developer-associate-certified/
2026 AWS Developer DVA-C02 Practice Tests Fully Explained,7095651,Cloud Certification Academy,"AWS Certified Developer - Associate, IT Certifications, IT & Software",Amazon AWS,All Levels,N/A,5.0,14,58,"Rp149,000",3/2026,0,0,0,https://www.udemy.com/course/2026-aws-developer-dva-c02-practice-tests-fully-explained/
AWS Lambda Interview Questions Practice Test,6024110,Interview Questions Tests,"AWS Lambda, IT Certifications, IT & Software",Amazon AWS,All Levels,N/A,4.7,2,1583,"Rp149,000",6/2025,0,0,0,https://www.udemy.com/course/aws-lambda-interview-questions/
AWS Certified Solutions Architect - Associate Practice TEST,5776306,Xhulja Kola,"AWS Certified Solutions Architect - Associate, IT Certifications, IT & Software",Amazon AWS,All Levels,N/A,4.7,N/A,1,"Rp3,129,000",1/2024,0,0,0,https://www.udemy.com/course/aws-certified-solutions-architect-associate-practice-test-d/
Master AWS S3 and Static Web Hosting: Basics to Deployment,6339167,Jayesh Deshmukh,"Amazon AWS, IT Certifications, IT & Software",Amazon AWS,Beginner,1.5 hours,4.7,4,28,"Rp149,000",12/2024,6,0,1,https://www.udemy.com/course/master-aws-s3-and-static-web-hosting/
AWS Networking Design - In Depth,4267736,Cloud Design Arena,"Amazon AWS, Network & Security, IT & Software",Amazon AWS,All Levels,10.5 hours,4.4,324,3521,"Rp149,000",12/2021,2,0,0,https://www.udemy.com/course/aws-networking-design/
AWS Certified Cloud Practitioner | Practice Tests,5278528,Abhishek Kumar,"AWS Certified Cloud Practitioner, IT Certifications, IT & Software",Amazon AWS,Beginner,N/A,4.6,15,1043,"Rp149,000",10/2024,0,0,0,https://www.udemy.com/course/aws-certified-cloud-practitioner-practice-tests-kp/
AWS Certified Architect Associate (SAA‑C03) Practice Exams,6708773,Asif Sideeq,"AWS Certified Solutions Architect - Associate, IT Certifications, IT & Software",Amazon AWS,All Levels,N/A,5.0,24,42,"Rp149,000",2/2026,0,0,0,https://www.udemy.com/course/aws-certified-architect-associate-saac03-practice-exams/
AWS Certified Cloud Practitioner CLF-C022 | 6 Practice Exam,6806429,"Himanshu Verma | Google Cloud Architect | GenAI Leader & Cloud Engineer, Aman Verma","AWS Certified Cloud Practitioner, Cloud Computing, Amazon AWS, IT Certifications, IT & Software",Amazon AWS,Beginner,N/A,5.0,4,126,"Rp149,000",3/2026,0,0,0,https://www.udemy.com/course/practice-aws-certified-cloud-practitioner-clf-c02/
AWS Certified Big Data - Specialty Amazon BDS-C00,7085587,Stefan Sauer,"AWS Certified Big Data - Specialty (Retired), IT Certifications, IT & Software",Amazon AWS,All Levels,N/A,4.5,1,2,"Rp149,000",3/2026,0,0,0,https://www.udemy.com/course/aws-certified-big-data-specialty-amazon-bds-c00/
AWS SAA-C03 Practice: 600 Questions on Database,6072323,Suraj Muraleedharan,"AWS Certified Solutions Architect - Associate, IT Certifications, IT & Software",Amazon AWS,Intermediate,N/A,5.0,3,9,"Rp149,000",3/2026,0,0,0,https://www.udemy.com/course/aws-saa-c03-practice-600-questions-on-database-u/
Amazon DynamoDB Data Modeling for Architects & Developers,5152646,Rajeev Sakhuja,"DynamoDB, NoSQL, Data Modeling, AWS Databases, Database Design & Development",Amazon AWS,All Levels,6.5 hours,4.6,474,3763,"Rp149,000",5/2023,0,0,0,https://www.udemy.com/course/dynamodb-data-modeling/
Ultimate DevOps using AWS CDK - 100% Hands-On (with Python),3021564,Ricky Brar,"AWS Cloud Development Kit (CDK), DevOps, Network & Security, IT & Software",Amazon AWS,All Levels,6.5 hours,4.2,311,3153,"Rp149,000",12/2021,3,0,1,https://www.udemy.com/course/aws-devops-professional-cdk-serverless/
AWS Solutions Architect Associate - Exam Questions 2026,6613483,YERLAN MUSSIN,"AWS Certified Solutions Architect - Associate, IT Certifications, IT & Software",Amazon AWS,All Levels,N/A,4.4,7,61,"Rp149,000",4/2026,0,0,0,https://www.udemy.com/course/aws-solutions-architect-associate-real-exam-questions-2025/
AWS SAA-C03 Practice: 690+ Questions on Compute,6072321,Suraj Muraleedharan,"AWS Certified Solutions Architect - Associate, IT Certifications, IT & Software",Amazon AWS,Intermediate,N/A,5.0,3,8,"Rp169,000",4/2026,0,0,0,https://www.udemy.com/course/aws-saa-c03-practice-690-questions-on-compute-g/
Amazon Web Services (AWS) Practice Tests,6130447,Roman Valiev,"Amazon AWS, IT Certifications, IT & Software",Amazon AWS,All Levels,N/A,4.7,N/A,N/A,"Rp149,000",8/2024,0,0,0,https://www.udemy.com/course/amazon-web-services-aws-practice-tests/
AWS Certified AI Practitioner: Exam Prep & AI Foundations,6071777,YouAccel Training,"AWS Certified AI Practitioner, IT Certifications, IT & Software",Amazon AWS,All Levels,28 hours,4.7,134,9497,"Rp149,000",1/2025,1,0,103,https://www.udemy.com/course/aws-certified-ai-practitioner-exam-prep-ai-mastery/
2026 Practice Exams | AWS Certified Cloud Practitioner,6919241,CloudMasters Academy,"AWS Certified Cloud Practitioner, IT Certifications, IT & Software",Amazon AWS,Beginner,N/A,5.0,1,3,"Rp149,000",11/2025,0,0,0,https://www.udemy.com/course/2026-practice-exams-aws-certified-cloud-practitioner/
The Complete Guide to Build Serverless Applications on AWS,4661760,Manoj Fernando,"REST API, DynamoDB, AWS Lambda, Amazon API Gateway, Web Development",Amazon AWS,All Levels,29 hours,4.2,536,6656,"Rp149,000",12/2024,5,0,20,https://www.udemy.com/course/building-rest-apis-with-serverless/
Practice Exam AWS Certified Solutions Architect Associate,5649442,Rajneesh Gupta,"DevOps, IT Certifications, IT & Software",Amazon AWS,All Levels,N/A,3.9,88,802,"Rp149,000",3/2026,0,0,0,https://www.udemy.com/course/practice-exam-aws-certified-solutions-architect-associate-e/
AWS Certified Cloud Practitioner CLF-C02 | Part 1,7078307,AWS ITCertifications,"IT Certifications, IT & Software",Amazon AWS,All Levels,N/A,4.8,N/A,N/A,"Rp149,000",3/2026,0,0,0,https://www.udemy.com/course/aws-certified-cloud-practitioner-clf-c02-updated/
AWS Certified Data Engineer Associate DEA-C01 Exam,5788104,"SuperDeal | ISC2 CC, CISSP, Comptia Security+ SY0-701, Cyber Security, DEA-C01, AWS SAP-C02, SAA-C03, Amazon","AWS Certified Data Engineer - Associate, IT Certifications, IT & Software",Amazon AWS,All Levels,N/A,3.7,3,61,"Rp149,000",2/2026,0,0,0,https://www.udemy.com/course/aws-certified-data-engineer-associate-dea-c01-exam/
AWS for Software Testers : Learn Cloud Services,990316,Testing World,"Software Testing, Development",Amazon AWS,All Levels,1.5 hours,3.4,85,1215,"Rp149,000",6/2023,0,0,0,https://www.udemy.com/course/aws-for-testers/
Practice Exams | AWS Certified AI Practitioner (AIF-C01),6106345,Nikolai Schuler,"AWS Certified AI Practitioner, Artificial Intelligence (AI), Amazon AWS, Generative AI (GenAI), IT Certifications",Amazon AWS,All Levels,N/A,4.5,969,10485,"Rp149,000",10/2025,0,0,0,https://www.udemy.com/course/aws-ai-practitioner-certification-aif-c01-practice-exams/
Amazon Bedrock AI Agents - Masterclass,6581717,"Paulo Dichone | Software Engineer, AWS Cloud Practitioner & Instructor","AI Agents & Agentic AI, Amazon Bedrock, Other IT & Software, IT & Software",Amazon AWS,Intermediate,2 hours,4.6,247,1301,"Rp149,000",6/2025,2,0,0,https://www.udemy.com/course/amazon-bedrock-ai-agents/
Mastering AWS: Featuring SQS,1748768,Alston Godbolt,"Amazon SQS (Simple Queue Service), Amazon AWS, Web Development, Development",Amazon AWS,All Levels,3 hours,4.1,54,314,"Rp149,000",7/2018,6,0,2,https://www.udemy.com/course/aws-sqs-aws-sqs-tutorial/
Mastering SQL Server RDS on AWS,5043086,"Emar Morrison, Trevoir Williams","AWS Databases, SQL Server, IT Certifications, IT & Software",Amazon AWS,All Levels,3.5 hours,4.2,147,2918,"Rp149,000",10/2024,1,0,14,https://www.udemy.com/course/mastering-sql-server-rds-on-aws/
Serverless using AWS Lambda for Python Developers,3848212,Bharath Thippireddy,"AWS Lambda, Other IT & Software, IT & Software",Amazon AWS,All Levels,5.5 hours,4.6,818,6933,"Rp149,000",4/2026,2,0,4,https://www.udemy.com/course/serverless-using-aws-lambda-for-python-developers/
AWS Certified Cloud Practitioner - CLF-C02 Practice Tests,6900447,"Bhoomi Raut | AWS Certified, Soham Deshmukh | AWS Certified Cloud Practitioner","IT Certifications, IT & Software",Amazon AWS,Beginner,N/A,5.0,1,9,"Rp149,000",11/2025,0,0,0,https://www.udemy.com/course/aws-certified-cloud-practitioner-clf-c02-practice-tests-bhoomi/
CLF-C02 AWS Certified Cloud Practitioner | Practice Exams,6206219,Priyanka Bharti,"AWS Certified Cloud Practitioner, IT Certifications, IT & Software",Amazon AWS,Beginner,N/A,4.6,41,7697,"Rp149,000",10/2024,0,0,0,https://www.udemy.com/course/clf-c02-aws-certified-cloud-practitioner-exam-tests-oct-2024/
AWS SAA-C03 Practice: 850+ Questions on Networking,6072345,Suraj Muraleedharan,"AWS Certified Solutions Architect - Associate, IT Certifications, IT & Software",Amazon AWS,Intermediate,N/A,4.8,6,21,"Rp149,000",4/2026,0,0,0,https://www.udemy.com/course/aws-saa-c03-practice-850-questions-on-networking/
Transcription happens Automatically - with Amazon Transcribe,2569066,Nitin Wadhera,"Transcription, Video Design, Photography & Video",Amazon AWS,Beginner,6.5 hours,4.5,78,5456,"Rp149,000",1/2023,4,0,22,https://www.udemy.com/course/easy-to-auto-transcribe-with-amazon-transcribe/
AWS Certified Cloud Practitioner (CLF-C02),6356733,Ray Min,"IT Certifications, IT & Software",Amazon AWS,Beginner,N/A,5.0,1,1,"Rp149,000",12/2024,0,0,0,https://www.udemy.com/course/aws-certified-cloud-practitioner-clf-c02-c/
AWS CodeDeploy,614962,"Alex Glover, Ant Stanley","Amazon AWS, Other IT & Software, IT & Software",Amazon AWS,Intermediate,4 hours,4.6,1731,11430,"Rp149,000",6/2017,0,0,8,https://www.udemy.com/course/aws-codedeploy/
Amazon Elastic Kubernetes Service (EKS) for Beginners,1458908,Naveen Joy,"Kubernetes, Microservices, Helm, Other IT & Software, IT & Software",Amazon AWS,Beginner,4.5 hours,4.3,141,674,"Rp149,000",10/2020,0,0,0,https://www.udemy.com/course/essentials-of-kubernetes-helm-on-amazon-eks/
AWS Certified Solution Architect 1000+ practice tests,5184510,Suraj Muraleedharan,"AWS Certified Solutions Architect - Associate, IT Certifications, IT & Software",Amazon AWS,Intermediate,N/A,4.6,59,275,"Rp149,000",3/2026,0,0,0,https://www.udemy.com/course/aws-certified-solution-architect-1000-practice-tests-n/
AWS Certified Cloud Practitioner (CLF-C02): Exams 2026,6888011,ADE - ACADEMY,"AWS Certified Cloud Practitioner, IT Certifications, IT & Software",Amazon AWS,All Levels,N/A,4.5,1,102,"Rp149,000",1/2026,0,0,0,https://www.udemy.com/course/aws-certified-cloud-practitioner-clf-c02-exams-2026/
Deploying web apps for new developers on AWS ec2,1304268,Robert Bunch,"Amazon AWS, Deployment, Ubuntu, App Deployment, Web Development",Amazon AWS,All Levels,6 hours,4.7,354,3644,"Rp149,000",3/2019,7,0,0,https://www.udemy.com/course/deploying-web-apps-simplified-quick-or-in-depth-on-aws/
AWS Certified Cloud Practitioner- Updated:400+ Questions,1745634,Dhananjay Singh,"AWS Certified Cloud Practitioner, IT Certifications, IT & Software",Amazon AWS,All Levels,N/A,4.2,579,2512,"Rp149,000",5/2022,0,0,0,https://www.udemy.com/course/aws-cloud-certified-practitioner-mock-tests/
AWS Database Specialty Certification Exam 2024,5882860,Hanaa El Ghzal,"IT Certifications, IT & Software",Amazon AWS,All Levels,N/A,5.0,46,101,"Rp149,000",3/2024,0,0,0,https://www.udemy.com/course/aws-database-specialty-certification-exam-2024/
Zero to Hero in Cloud: Learn Azure + AWS + Azure DevOps(New),6678303,Divyanshu Mehta,"Microsoft Azure, Amazon AWS, Azure DevOps, Cloud Computing, IT Certifications",Amazon AWS,All Levels,26 hours,4.4,68,7418,"Rp149,000",8/2025,0,0,9,https://www.udemy.com/course/azurecloud/
AWS Certified Developer - Associate (DVA-C02) Practice |2026,5587936,"Bui Phuong Nam, Danh Hien","AWS Certified Developer - Associate, IT Certifications, IT & Software",Amazon AWS,All Levels,N/A,4.9,28,1827,"Rp149,000",2/2026,0,0,0,https://www.udemy.com/course/aws-certified-developer-associate-dva-c02-practice-exam-y/
AWS EKS (Elastic Kubernetes Service),3318418,Soumyadeep Dey,"Kubernetes, Other IT & Software, IT & Software",Amazon AWS,Intermediate,22.5 hours,4.4,103,979,"Rp249,000",7/2020,0,0,9,https://www.udemy.com/course/aws-eks-elastic-kubernetes-service/
Ultimate AWS Cloud Practitioner Practice Exam 2025 | 600+ Q,5314070,Farrukh khalid,"AWS Certified Cloud Practitioner, IT Certifications, IT & Software",Amazon AWS,Intermediate,N/A,3.9,88,19900,"Rp149,000",1/2025,0,0,0,https://www.udemy.com/course/ultimate-aws-certified-cloud-practitioner-practice-exam-2023/
Pass the VMware vSphere 6.5 Foundations exam - PRACTICE TEST,1534422,Rick Crisci,"VMware VSphere Foundations (Retired), IT Certifications, IT & Software",Amazon AWS,All Levels,N/A,4.4,283,2027,"Rp149,000",1/2019,0,0,0,https://www.udemy.com/course/vsphere65test/
The Ultimate 2024 AWS Certified Cloud Practitioner Exam Prep,5841344,Ouchene Yacine,"AWS Certified Cloud Practitioner, IT Certifications, IT & Software",Amazon AWS,Intermediate,N/A,4.8,12,281,"Rp149,000",6/2025,0,0,0,https://www.udemy.com/course/the-ultimate-aws-certified-cloud-practitioner-exam-prep/
AWS Security Series: Key Management Service ( KMS ),1596586,"Bipra Tech, Saurav Sharma, Cloud Yeti","Amazon AWS, IT Certifications, IT & Software",Amazon AWS,Intermediate,2.5 hours,4.3,92,2710,"Rp149,000",5/2018,1,0,1,https://www.udemy.com/course/kmscourse/
AWS Networking and Server building fundamentals -VPC and EC2,4723744,Shota Fukuyama,"Amazon Virtual Private Cloud (VPC), IT Networking Fundamentals, Amazon EC2, Network & Security, IT & Software",Amazon AWS,All Levels,3.5 hours,4.7,18,1018,"Rp149,000",7/2022,0,0,12,https://www.udemy.com/course/aws-networking-and-server-building-fundamentals-vpc-and-ec2/
Practice Exams | Amazon AWS Certified Data Engineer,5775310,Tech Tac,"Amazon AWS, IT Certifications, IT & Software",Amazon AWS,Beginner,N/A,4.5,1,4,"Rp149,000",2/2024,0,0,0,https://www.udemy.com/course/practice-exams-amazon-aws-certified-data-engineer/
AWS Certified Cloud Practitioner (CLF-C02) Practice Exam,6856153,"Soham Deshmukh | AWS Certified Cloud Practitioner, Bhoomi Raut | AWS Certified","AWS Certified Cloud Practitioner, IT Certifications, IT & Software",Amazon AWS,Beginner,N/A,5.0,1,3,"Rp149,000",11/2025,0,0,0,https://www.udemy.com/course/aws-certified-cloud-practitioner-clf-c02-practice-exam-set/
Practice Exams | AWS Developer Associate | DVA-C02,6702535,Empower Simplified Learning,"AWS Certified Developer - Associate, Cloud Computing, Amazon AWS, AWS Certified Solutions Architect - Associate, IT Certifications",Amazon AWS,All Levels,N/A,4.1,11,32,"Rp149,000",4/2026,0,0,0,https://www.udemy.com/course/practice-tests-for-aws-developer-associate-dva-c02/
AWS Certified Security Specialty (SCS-C02) Exam Prep Course,6589499,"Maruchin Tech, Maruchin Tech","AWS Certified Security - Specialty, IT Certifications, IT & Software",Amazon AWS,Expert,12.5 hours,5.0,1,3,"Rp149,000",8/2025,1,0,15,https://www.udemy.com/course/aws-security-specialty-scs-course-en/
Foundations of Cloud Computing and Cloud Architecture,5876082,Dean K.,"Cloud Computing, Other IT & Software, IT & Software",Amazon AWS,All Levels,2.5 hours,4.2,17,662,"Rp149,000",2/2025,0,0,0,https://www.udemy.com/course/cloud-computing-fundamental-concepts/
"Email Marketing: Unlimited emails via Sendy, AWS SES and EC2",2607414,ElliteDevs IN,"Email Marketing, Digital Marketing, Marketing",Amazon AWS,All Levels,3.5 hours,4.0,20,2138,"Rp149,000",9/2020,0,0,0,https://www.udemy.com/course/create-your-own-email-marketing-platform-full-course-sendy-aws-ses/
How to become a Cloud Engineer with no experience,4531328,Joseph Holbrook,"Google Cloud Associate Cloud Engineer, Software Engineering, Development",Amazon AWS,Beginner,3 hours,4.4,93,6632,"Rp149,000",9/2025,0,0,0,https://www.udemy.com/course/how-to-become-a-cloud-engineer-in-less-than-6-months/
AWS Certified Solutions Architect Associate- 6 Practice test,6649217,CodeCrafters Association,"AWS Certified Solutions Architect - Associate, IT Certifications, IT & Software",Amazon AWS,Beginner,N/A,4.2,4,55,"Rp149,000",6/2025,0,0,0,https://www.udemy.com/course/aws-certified-solutions-architect-associate-6-practice-test-p/
AWS Certified Cloud Practitioner CLF-C01 Practice Exam-2026,5033568,Pankaj Pandey,"AWS Certified Cloud Practitioner, IT Certifications, IT & Software",Amazon AWS,All Levels,N/A,3.9,9,69,"Rp149,000",3/2026,0,0,0,https://www.udemy.com/course/aws-certified-cloud-practitioner-clf-c01-practice-exam-2023/
AWS Certified Cloud Practitioner Practice Exam Certification,5511004,Online Quizzes and Exams with Certificate,"AWS Certified Cloud Practitioner, IT Certifications, IT & Software",Amazon AWS,All Levels,N/A,4.5,1,10,"Rp149,000",8/2023,0,0,0,https://www.udemy.com/course/aws-certified-cloud-practitioner-practice-exam-certification/
AWS SAA-C03 Practice: 600+ Questions on Security,6072343,Suraj Muraleedharan,"AWS Certified Solutions Architect - Associate, IT Certifications, IT & Software",Amazon AWS,Intermediate,N/A,5.0,2,15,"Rp149,000",4/2026,0,0,0,https://www.udemy.com/course/aws-saa-c03-practice-600-questions-on-security/
6 Practice Tests for any Python Certification,5414412,Aaditya Tiwari,"Python, Programming Languages, Development",Amazon AWS,All Levels,N/A,4.4,78,11306,"Rp149,000",7/2023,0,0,0,https://www.udemy.com/course/6-practice-tests-for-any-python-certifications/
Amazon SageMaker & Machine Learning in the Cloud,4504166,Gokul C Prabhakar,"Amazon Sagemaker, Machine Learning, IT Certifications, IT & Software",Amazon AWS,Intermediate,N/A,4.8,2,58,"Rp149,000",4/2024,0,0,0,https://www.udemy.com/course/amazon-sagemaker-ml-in-the-cloud-in-depth-practice-tests/
AZ-900: Microsoft Azure Fundamentals Full Course & Exam 2026,5840638,"Codaming • 300k+ Learners Worldwide, Dinesh Kumar, Vedika Singh","Cloud Computing, Other IT & Software, IT & Software",Amazon AWS,All Levels,6.5 hours,4.6,1241,58739,"Rp149,000",3/2026,4,0,0,https://www.udemy.com/course/fundamentals-of-cloud-computing-a/
AWS Certified Cloud Practitioner CLF-002 Practice Exam 2026,6042846,M A Rahman,"AWS Certified Cloud Practitioner, IT Certifications, IT & Software",Amazon AWS,Beginner,N/A,5.0,1,11,"Rp149,000",1/2026,0,0,0,https://www.udemy.com/course/aws-certified-cloud-practitioner-clf-002-certification-exam/
AWS Certified Cloud Practitioner CLF-C02 Practice Exam Prep,5970814,"ExamsDigest • 230,000+ Enrolled students [NOW ON UDEMY]","IT Certifications, IT & Software",Amazon AWS,Beginner,N/A,N/A,N/A,2,"Rp149,000",1/2026,0,0,0,https://www.udemy.com/course/aws-certified-cloud-practitioner-exam-prep-simulators/
AWS Masterclass: Build & Deploy Real-World Cloud Q&S,7052819,"PRAVASINI MALLIK, Sarojini Mallik, Rasmi Jena","Other IT & Software, IT & Software",Amazon AWS,All Levels,N/A,4.0,1,287,"Rp149,000",2/2026,0,0,0,https://www.udemy.com/course/aws-masterclass-build-deploy-real-world-cloud-qs/
AWS Cert. Solution Architect Associate | SAA-C02 | 2023,4139864,iDataSigma International Academy - Umesh Joshi,"AWS Certified Solutions Architect - Associate, IT Certifications, IT & Software",Amazon AWS,All Levels,N/A,5.0,2,8,"Rp3,129,000",11/2023,0,0,0,https://www.udemy.com/course/aws-cert-solution-architect-associate-saa-c02-2023/
AWESOME: How to Land your Dream Cloud Computing Position,5317988,Joseph Holbrook,"Cloud Computing, Interviewing Skills, Career Development, Personal Development",Amazon AWS,Beginner,5.5 hours,5.0,2,2110,"Rp149,000",11/2023,0,0,1,https://www.udemy.com/course/cloud-interviewace-cloud-interview-deep-dive/
AWS DevOps Engineer Technical Skills,6228803,Jobskillshare Community,"AWS Certified DevOps Engineer - Professional, Other IT & Software, IT & Software",Amazon AWS,Intermediate,18 hours,4.8,20,803,"Rp149,000",11/2024,0,0,14,https://www.udemy.com/course/aws-devops-engineer-technical-skills/
AWS Solutions Architect - Associate SAA-C03 (Sept 2025),5906700,William Lee,"AWS Certified Solutions Architect - Associate, IT Certifications, IT & Software",Amazon AWS,Beginner,N/A,4.7,N/A,7,"Rp149,000",9/2025,0,0,0,https://www.udemy.com/course/aws-solutions-architect-associate-saa-c03-april-2024-k/
"Faster, Secure Code Delivery with AWS Codewhisperer",5701432,Miclain Keffeler | Small Business IT Leader and Security Consultant,"Integrated Development Environment (IDE), Other IT & Software, IT & Software",Amazon AWS,Intermediate,1 hour,5.0,2,34,"Rp149,000",1/2024,0,0,0,https://www.udemy.com/course/faster-secure-code-delivery-with-aws-codewhisperer/
AWS Cloud Practitioner Practice Exam 2026 (CLF-C02),7050505,"Codaming • 300k+ Learners Worldwide, Vedika Singh","AWS Certified Cloud Practitioner, Cloud Computing, Amazon AWS, IT Certifications, IT & Software",Amazon AWS,All Levels,40 mins,4.7,N/A,100,"Rp149,000",N/A,1,0,0,https://www.udemy.com/course/aws-cloud-practitioner-new/
AWS Advanced Security,2585574,"Edward Viaene, Jorn Jambers","Cloud Security, Network & Security, IT & Software",Amazon AWS,Expert,5 hours,4.8,669,5490,"Rp149,000",6/2020,1,0,0,https://www.udemy.com/course/aws-advanced-security/
AWS Certified Data Analytics Specialty Practice Exams,2682210,"Jon Bonso AWS Generative AI Developer, AWS Certified Solutions Architect, Tutorials Dojo | AWS Certified Cloud Practitioner, AWS Certified Solutions Architect, AWS Certified Developer, Tutorials Dojo Support","AWS Certified Data Analytics - Specialty (Retired), IT Certifications, IT & Software",Amazon AWS,All Levels,N/A,4.5,980,7012,"Rp149,000",2/2024,0,0,0,https://www.udemy.com/course/aws-certified-data-analytics-specialty-practice-exams-amazon/
Learn to Deploy Containers on AWS in 2022,3772740,Manoj Fernando,"Amazon ECS, Docker, Web Development, Development",Amazon AWS,Beginner,4 hours,4.5,91,6054,"Rp149,000",3/2022,4,0,1,https://www.udemy.com/course/learn-to-deploy-containers-on-aws-in-2021/
AWS Certified AI Practitioner,6981705,Robby Pratamadika,"Other IT & Software, IT & Software",Amazon AWS,Intermediate,N/A,N/A,N/A,36,"Rp149,000",12/2025,0,0,0,https://www.udemy.com/course/aws-certified-ai-practitioner-p/
(New) AWS Cloud Practitioner 2025 exam bundle,3579021,Exam Kings,"AWS Certified Cloud Practitioner, IT Certifications, IT & Software",Amazon AWS,All Levels,N/A,5.0,2,6,"Rp149,000",11/2024,0,0,0,https://www.udemy.com/course/new-aws-cloud-practitioner-2022-exam-bundle/
AWS SAP-C02 Exam Practice Tests with Detailed Explanations,6002102,Cristina Mehra,"AWS Certified Solutions Architect - Professional, IT Certifications, IT & Software",Amazon AWS,All Levels,N/A,4.9,14,122,"Rp149,000",8/2024,0,0,0,https://www.udemy.com/course/2024-aws-certified-solutions-architect-professional-exam/
AWS Analytics Services - Hands-On Lab Demos,6898225,Deepak Dubey,"Other IT & Software, IT & Software",Amazon AWS,Beginner,3 hours,4.9,4,4774,"Rp149,000",10/2025,0,0,0,https://www.udemy.com/course/aws-analytics-services-hands-on-lab-demos/
AWS Certified Solutions Architect - Associate (SAA-C03),6914799,HACKALYS Academy | 750.000+ Students Enrollments Worldwide,"AWS Certified Solutions Architect - Associate, Cloud Computing, AWS Certified Solutions Architect - Professional, Amazon EC2, IT Certifications",Amazon AWS,All Levels,N/A,5.0,2,13,"Rp149,000",4/2026,0,0,0,https://www.udemy.com/course/aws-certified-solutions-architect-associate-saa-c03-certification-exam/
The Ultimate AWS Networking Training Course: All In One,4892256,Richard Tweten,"Network Service, Network & Security, IT & Software",Amazon AWS,All Levels,3.5 hours,4.7,14,57,"Rp149,000",1/2026,2,0,0,https://www.udemy.com/course/the-ultimate-aws-networking-training-course-all-in-one/
[NEW] Ultimate AWS Certified Cloud Practitioner CLF-C02 2026,7001049,Nikita S,"AWS Certified Cloud Practitioner, IT Certifications, IT & Software",Amazon AWS,All Levels,N/A,5.0,1,1,"Rp149,000",1/2026,0,0,0,https://www.udemy.com/course/new-ultimate-aws-certified-cloud-practitioner-clf-c02-2026/
Host a Static React Website from an AWS S3 Bucket! DNS,4532502,Austin Patkos,"React JS, Web Development, Development",Amazon AWS,Beginner,2 hours,4.7,17,213,"Rp149,000",2/2022,1,0,1,https://www.udemy.com/course/host-a-static-react-website-from-an-aws-s3-bucket-dns/
AWS Certified Cloud Practitioner | 6 Practice Exams 2024,5704222,Aman Jaiswal,"AWS Certified Cloud Practitioner, IT Certifications, IT & Software",Amazon AWS,Beginner,N/A,5.0,1,8,"Rp2,089,000",4/2024,0,0,0,https://www.udemy.com/course/aws-certified-cloud-practitioner-practice-tests-new/
[NEW] AWS Solutions Architect Associate SAA-C03 6 Tests,6366665,Dean Cyber,"Amazon AWS, AWS Certified Solutions Architect - Associate, IT Certifications, IT & Software",Amazon AWS,Beginner,N/A,5.0,1,24,"Rp149,000",4/2026,0,0,0,https://www.udemy.com/course/aws-certified-solutions-architect-associate-exams-mock-tests/
AWS Interview: 150 Most Popular Questions 2025,5835902,Maciej Szreder,"Amazon AWS, Other IT & Software, IT & Software",Amazon AWS,All Levels,31 mins,4.0,1,133,"Rp149,000",2/2025,22,0,0,https://www.udemy.com/course/aws-mastery-150-key-interview-questions/
AWS MasterClass: Docker Containers In The Cloud With AWS ECS,1643776,"TetraNoodle Team, Manuj Aggarwal","Amazon ECS, Amazon AWS, Docker, Network & Security, IT & Software",Amazon AWS,All Levels,5 hours,3.8,352,1994,"Rp149,000",2/2019,0,0,0,https://www.udemy.com/course/aws-masterclass-docker-containers-in-the-cloud-with-aws-ecs/
Cloud Computing for absolute Beginners,6085719,Rambabu Boddana,"Cloud Computing, Web Design, Design",Amazon AWS,All Levels,38 mins,4.7,30,33,"Rp149,000",7/2024,0,0,0,https://www.udemy.com/course/learnkoncepts/
AWS SAP-C02 Certified Solutions Architect Professional Test,5940246,Priya Dw | High-Quality Practice Exam Architect | Realistic & Effective PT,"AWS Certified Solutions Architect - Professional, IT Certifications, IT & Software",Amazon AWS,Expert,N/A,4.8,4,404,"Rp149,000",2/2026,0,0,0,https://www.udemy.com/course/aws-sap-c02-practice-exams-ace-the-professional-arch-exam/
AWS Certified Database Specialty Practice Exam,5720284,Snehasish Dey,"AWS Certified Database - Specialty (Retired), IT Certifications, IT & Software",Amazon AWS,All Levels,N/A,1.0,N/A,N/A,N/A,10/2024,0,0,0,https://www.udemy.com/course/aws-certified-database-specialty-practice-exam-test/
AWS Certified Developer - Associate (DVA-C02) Mock Exam Test,6094627,Exams Practice Tests Academy,"AWS Certified Developer - Associate, IT Certifications, IT & Software",Amazon AWS,All Levels,N/A,4.7,7,1939,"Rp149,000",2/2026,0,0,0,https://www.udemy.com/course/aws-certified-developer-associate-mock-exam-test/
DevOps: CI/CD using AWS CodePipeline & Elastic Beanstalk,975956,Ali Rizavi,"AWS CodePipeline, Amazon AWS, DevOps, AWS Elastic Beanstalk, Software Engineering",Amazon AWS,Intermediate,4.5 hours,4.1,1655,15430,"Rp149,000",2/2018,4,0,12,https://www.udemy.com/course/devops-automation-aws-codepipeline-elastic-beanstalk/
Master AWS Advanced Networking - Specialty Topics - Q&A,6206829,Inder Saini,"AWS Certified Advanced Networking - Specialty, IT Certifications, IT & Software",Amazon AWS,Expert,N/A,N/A,N/A,1,"Rp5,689,000",11/2025,0,0,0,https://www.udemy.com/course/aws-advanced-networking/
AWS Cloud Practitioner Practice Tests 2026,3643316,IT Exams - AI and Cloud Specialist,"AWS Certified Cloud Practitioner, IT Certifications, IT & Software",Amazon AWS,All Levels,N/A,5.0,2,8,"Rp149,000",3/2026,0,0,0,https://www.udemy.com/course/aws-certified-cloud-practitioner-practice-exams-l/
Practice Exams | AWS Solutions Architect,6068791,Amadeu Xavier,"AWS Certified Solutions Architect - Associate, IT Certifications, IT & Software",Amazon AWS,All Levels,N/A,4.7,N/A,N/A,"Rp149,000",7/2024,0,0,0,https://www.udemy.com/course/practice-exams-aws-solutions-architect/
AWS Developer Associate Practice Exams 2026 | 520 Questions,6085313,Alan Nguyen,"AWS Certified Developer - Associate, IT Certifications, IT & Software",Amazon AWS,All Levels,N/A,4.5,6,36,"Rp149,000",4/2026,0,0,0,https://www.udemy.com/course/aws-developer-associate-dva-co2-practice-test-latest-2025/
Cloud Computing Practice Test: Master Technologies & Archite,4945072,MOHNAS LTD,"Cloud Computing, Other IT & Software, IT & Software",Amazon AWS,All Levels,N/A,3.7,9,5837,"Rp149,000",12/2025,0,0,0,https://www.udemy.com/course/cloud-computing-practice-test-master-technologies-archite/
AWS Cloud Practitioner (CLF-C02) - Practice Exam 2026,7061113,Sydney Marshall,"AWS Certified Cloud Practitioner, IT Certifications, IT & Software",Amazon AWS,Expert,N/A,4.7,N/A,176,"Rp149,000",2/2026,0,0,0,https://www.udemy.com/course/aws-cloud-practitioner-clf-c02-practice-exam-2026/
Cloud Computing Interview Questions Practice Test Quiz,5678734,Exams Practice Tests Academy,"Cloud Computing, Other IT & Software, IT & Software",Amazon AWS,All Levels,N/A,5.0,4,2730,"Rp149,000",6/2025,0,0,0,https://www.udemy.com/course/cloud-computing-mcq/
AWS Certified Cloud Practitioner (CLF-C02) Exam Test,3905070,Albert Jmz,"AWS Certified Cloud Practitioner, IT Certifications, IT & Software",Amazon AWS,Beginner,N/A,4.9,4,12,"Rp149,000",3/2026,0,0,0,https://www.udemy.com/course/aws-certified-cloud-practitioner-clf-c02-exam-test/
AWS Certified Developer Associate Practice Tests,7019243,Ruane ribeiro,"AWS Certified Developer - Associate, IT Certifications, IT & Software",Amazon AWS,All Levels,N/A,N/A,N/A,N/A,"Rp149,000",1/2026,0,0,0,https://www.udemy.com/course/aws-certified-developer-associate-practice-tests-lg/
AWS (SAA-C03) Exam Practice Questions *Updated Nov 2023*,5679228,Neil Baal,"AWS Certified Solutions Architect - Associate, IT Certifications, IT & Software",Amazon AWS,Intermediate,N/A,4.7,N/A,1,"Rp149,000",1/2024,0,0,0,https://www.udemy.com/course/aws-saa-c03-exam-practice-questions-november-2023/
AWS Certified Cloud Practitioner| CCP CLF-C02 Practice Exam,4055736,iDataSigma International Academy - Umesh Joshi,"AWS Certified Cloud Practitioner, IT Certifications, IT & Software",Amazon AWS,Beginner,N/A,4.7,29,194,"Rp149,000",2/2024,0,0,0,https://www.udemy.com/course/aws-certified-cloud-practitioner-practice-tests-idatasigma/
Servicenow Application Developer Exam(New)-Practice Test,2395724,Snow Caterers,"ServiceNow Certified Application Developer (CAD), ServiceNow, Web Development, Development",Amazon AWS,Intermediate,N/A,3.7,16,58,"Rp379,000",10/2020,0,0,0,https://www.udemy.com/course/servicenow-application-developer-examnew-practice-test-c/
Cloud Management | Cloud Management for Comptia Cloud+ Exam,5559864,"Oak Academy, OAK Academy Team","Cloud Management, CompTIA Cloud+, Cloud Computing, CompTIA Cloud Essentials+ (Retired), Other IT & Software",Amazon AWS,All Levels,12.5 hours,4.2,7,255,"Rp149,000",4/2026,1,0,0,https://www.udemy.com/course/cloud-management-cloud-management-for-comptia-cloud-exam/
AWS Certified Security - Specialty QA Tests 2026,6219855,Cyber IT Exam,"AWS Certified Security - Specialty, IT Certifications, IT & Software",Amazon AWS,All Levels,N/A,N/A,N/A,100,"Rp149,000",1/2026,0,0,0,https://www.udemy.com/course/aws-certified-security-specialty-qa-tests/
[NEW] AWS Certified AI Practitioner AIF-C01 Practice Exams,6208883,Get Certified For Success,"AWS Certified AI Practitioner, IT Certifications, IT & Software",Amazon AWS,All Levels,N/A,4.7,N/A,917,"Rp149,000",12/2024,0,0,0,https://www.udemy.com/course/new-aws-certified-ai-practitioner-aif-c01-practice-exams-v/
NEW AWS Solutions Architect Associate SAA-C03 [Exams 2026],7040227,Certification Trainer,"AWS Certified Solutions Architect - Associate, IT Certifications, IT & Software",Amazon AWS,All Levels,N/A,3.3,6,60,"Rp3,129,000",3/2026,0,0,0,https://www.udemy.com/course/new-aws-solutions-architect-associate-saa-c03-practice-exams/
Practice tests for AWS Certified Developer - Associate,6329145,Bee In IT,"AWS Certified Developer - Associate, IT Certifications, IT & Software",Amazon AWS,All Levels,N/A,N/A,N/A,3,"Rp149,000",2/2025,0,0,0,https://www.udemy.com/course/practice-tests-for-aws-certified-developer-associate/
AWS Database Services - Hands-On Lab Demos,6909821,Deepak Dubey,"AWS Databases, Other IT & Software, IT & Software",Amazon AWS,Intermediate,3.5 hours,4.1,2,3556,"Rp149,000",11/2025,0,0,0,https://www.udemy.com/course/aws-database-services-hands-on-lab-demos/
Learn AWS with Python Boto3- Hands On,1990316,Pranjal Srivastava,"Amazon AWS, Python, Programming Languages, Development",Amazon AWS,All Levels,2.5 hours,2.7,46,762,"Rp149,000",6/2023,0,0,0,https://www.udemy.com/course/learn-aws-with-python/
AWS Certified Cloud Practitioner (CLF-C02) Mock Test,5665652,PrepSpark Academy,"AWS Certified Cloud Practitioner, IT Certifications, IT & Software",Amazon AWS,All Levels,N/A,4.7,2,13,"Rp149,000",6/2024,0,0,0,https://www.udemy.com/course/aws-certified-cloud-practitioner-clf-c02-mock-test/
[RETIRED] AWS Certified Solution Architect Professional,4720284,Rahul Trisal,"AWS Certified Solutions Architect - Professional, IT Certifications, IT & Software",Amazon AWS,All Levels,5.5 hours,4.2,26,604,"Rp149,000",3/2025,0,0,6,https://www.udemy.com/course/aws-solution-architect-professional-2-hour-crash-course/
AWS Ninja,2850688,Rajat Ratewal,"Amazon AWS, IT Certifications, IT & Software",Amazon AWS,Intermediate,8.5 hours,4.5,11,183,"Rp149,000",10/2023,1,0,19,https://www.udemy.com/course/aws-ninja/
AWS Migration HandsOn,4437240,Saif Allauddin,"Data Migration, Operating Systems & Servers, IT & Software",Amazon AWS,Beginner,1 hour,4.5,98,972,"Rp149,000",12/2021,0,0,4,https://www.udemy.com/course/aws-migration-handson/
AWS Certified Security Specialist,1717968,Alan Rodrigues,"AWS Certified Security - Specialty, Cybersecurity, Amazon AWS, IT Certifications, IT & Software",Amazon AWS,All Levels,7.5 hours,4.7,1082,7590,"Rp149,000",11/2018,0,0,1,https://www.udemy.com/course/aws-security-specialist/
AWS Certified Developer - Associate (DVA-C02) *NEW 2026*,6153937,Nick Gorgo,"IT Certifications, IT & Software",Amazon AWS,Beginner,N/A,4.5,1,4,"Rp149,000",2/2026,0,0,0,https://www.udemy.com/course/aws-certified-developer-associate-dva-exam-prep-test/
AWS Certified Cloud Practitioner CLF-C02 2025,6649785,Nouhayla Certification,"AWS Certified Cloud Practitioner, Amazon AWS, IT Certifications, IT & Software",Amazon AWS,All Levels,N/A,4.5,1,493,"Rp149,000",6/2025,0,0,0,https://www.udemy.com/course/aws-certified-cloud-practitioner-clf-c02-2025-k/
Beginners Guide to Cloud Computing,1262354,Cognitel Training Services,"Cloud Computing, Other IT & Software, IT & Software",Amazon AWS,Beginner,1.5 hours,4.3,555,1650,"Rp149,000",7/2017,0,0,0,https://www.udemy.com/course/cognitel-cloud-computing/
AWS Certified Cloud Practitioner CLF-C02 - Practice Exam,6075971,Dragos Mateescu,"AWS Certified Cloud Practitioner, IT Certifications, IT & Software",Amazon AWS,All Levels,N/A,5.0,3,12,"Rp149,000",8/2024,0,0,0,https://www.udemy.com/course/aws-certified-cloud-practitioner-clf-c02-practiceexam/
AWS Load Balancing & Auto Scaling Deep Dive,5953494,CloudFolks HUB,"Amazon AWS, Cloud Load Balancing, IT Certifications, IT & Software",Amazon AWS,All Levels,7.5 hours,4.7,N/A,17,"Rp149,000",11/2025,0,0,21,https://www.udemy.com/course/aws-load-balancers-auto-scaling/
AWS Intermediate Training – Security & Scaling | 30+ Tests,2466722,Sandeep Soni,"Cloud Computing, AWS CloudFormation, Software Engineering, Development",Amazon AWS,Beginner,15 hours,3.6,3,27,"Rp149,000",12/2025,0,0,16,https://www.udemy.com/course/aws-for-intermediate/
AWS Infra Design & Provisioning - Case Study,1099328,Rajeev Kumar,"Amazon AWS, Network & Security, IT & Software",Amazon AWS,Intermediate,1 hour,3.9,42,270,"Rp149,000",5/2017,0,0,1,https://www.udemy.com/course/mastering-public-cloud-design/
AWS Certified Data Analytics - Specialty Practice Exams,5513934,Nesrine Badri,"AWS Certified Data Analytics - Specialty (Retired), Test Prep, Teaching & Academics",Amazon AWS,All Levels,N/A,4.1,N/A,N/A,N/A,10/2023,0,0,0,https://www.udemy.com/course/aws-certified-data-analytics-specialty-practice-exams-k/
"Cloud Computing - Private, Public, On-Premise, Hybrid Cloud",3797798,John Courtenay,"Cloud Computing, Hardware, IT & Software",Amazon AWS,Beginner,2 hours,4.3,1497,30644,"Rp149,000",4/2026,0,0,0,https://www.udemy.com/course/cloud-computing-vs-on-premise-infrastructure-solutions/
AWS Certified Cloud Practitioner Exam 2024,5768082,Maki Turki,"AWS Certified Cloud Practitioner, IT Certifications, IT & Software",Amazon AWS,Intermediate,N/A,4.9,8,1063,"Rp149,000",1/2024,0,0,0,https://www.udemy.com/course/aws-certified-cloud-practitioner-exam-2024/
Cloud Computing for Beginners - Database Technologies,3708614,Idan Gabrieli,"Cloud Computing, NoSQL, Other IT & Software, IT & Software",Amazon AWS,Beginner,2.5 hours,4.6,652,15824,"Rp149,000",6/2025,1,0,2,https://www.udemy.com/course/cloud-computing-for-beginners-database-technologies/
[NEW] AWS Certified Cloud Practitioner CLF-C02 5 Tests,6057749,Dean Cyber,"AWS Certified Cloud Practitioner, IT Certifications, IT & Software",Amazon AWS,Beginner,N/A,3.4,7,30,"Rp149,000",4/2026,0,0,0,https://www.udemy.com/course/6-practice-exams-aws-certified-cloud-practitioner-clf-c02/
AWS Certified Cloud Practitioner (CLF-C02) | Practice Exams,6330443,CertifyX Academy,"AWS Certified Cloud Practitioner, IT Certifications, IT & Software",Amazon AWS,All Levels,N/A,5.0,2,1181,"Rp149,000",12/2024,0,0,0,https://www.udemy.com/course/aws-certified-cloud-practitioner-clf-c02-practice-exams-el/
AWS Certified Cloud Practitioner (CLF-C02) Practice Exams,6154855,ExamPrep Academy USA,"Database Design & Development, Development",Amazon AWS,All Levels,N/A,4.6,125,15387,"Rp149,000",5/2025,0,0,0,https://www.udemy.com/course/aws-certified-cloud-practitioner-clf-c02-practice-exams-e/
Cloud Computing for Absolute Beginners - 1-Hour Crash Course,5635474,"MAQTBA • Over 60,000 Enrollments","Cloud Computing, Other IT & Software, IT & Software",Amazon AWS,All Levels,1.5 hours,4.6,61,2360,"Rp149,000",3/2026,0,0,23,https://www.udemy.com/course/cloud-computing-2024/
SAA-C03 Practice Tests 2026 | AWS Architect Associate 95%,6797595,Exam Certification,"AWS Certified Solutions Architect - Associate, IT Certifications, IT & Software",Amazon AWS,All Levels,N/A,4.7,N/A,200,"Rp149,000",3/2026,0,0,0,https://www.udemy.com/course/practice-exam-aws-certified-solutions-architect-associate-f/
AWS Certified AI Practitioner 4 Practice Exams (English),6253903,Yehjune Heo,"AWS Certified AI Practitioner, Artificial Intelligence (AI), Amazon AWS, IT Certifications, IT & Software",Amazon AWS,Intermediate,N/A,4.7,N/A,1,"Rp149,000",10/2024,0,0,0,https://www.udemy.com/course/aws-certified-ai-practitioner-4-practice-exams-english/
AWS Certified SysOps Administrator Associate SOA-C02 [2025],5769208,Vijay Patel,"AWS Certified SysOps Administrator - Associate, IT Certifications, IT & Software",Amazon AWS,All Levels,7 hours,4.1,8,2828,"Rp149,000",1/2025,0,0,0,https://www.udemy.com/course/aws-certified-sysops-administrator-associate-soa-c02-2024/
Cloud Computing For Beginners,3084128,Charles Smith,"Cloud Computing, Google Cloud, Operating Systems & Servers, IT & Software",Amazon AWS,Beginner,39 mins,3.8,70,1722,"Rp149,000",6/2020,0,0,0,https://www.udemy.com/course/intro-to-cloud-computing/
Introduction to AWS Machine Learning for IoT,5071814,"Venkatesh Varadachari, Nidhi Agarwal","Amazon AWS, Hardware, IT & Software",Amazon AWS,Beginner,2.5 hours,4.5,14,71,"Rp149,000",1/2023,0,0,12,https://www.udemy.com/course/introduction-to-aws-machine-learning-for-iot/
AWS Certified Cloud Practitioner CLF-C02 2026-Practice Sets,6811353,Aakash Singh,"IT Certifications, IT & Software",Amazon AWS,Beginner,N/A,5.0,3,36,"Rp149,000",1/2026,0,0,0,https://www.udemy.com/course/aws-cloud-practitioner-clf-c02-exam-practice-tests/
AWS Certified Advanced Networking Specialty Mock Tests,5682032,PrepSpark Academy,"AWS Certified Advanced Networking - Specialty, IT Certifications, IT & Software",Amazon AWS,All Levels,N/A,N/A,N/A,N/A,"Rp149,000",11/2023,0,0,0,https://www.udemy.com/course/aws-certified-advanced-networking-specialty-mock-tests-m/
AWS Certified Cloud Practitioner 1000+ practice tests,3283014,Suraj Muraleedharan,"AWS Certified Cloud Practitioner, IT Certifications, IT & Software",Amazon AWS,Beginner,N/A,4.7,N/A,1,"Rp149,000",11/2025,0,0,0,https://www.udemy.com/course/aws-certified-cloud-practitioner-1000-practice-tests/
Serverless Development with AWS Lambda and NodeJS,2380588,"Eduonix Learning Solutions, Eduonix-Tech .","AWS Lambda, Node.Js, Web Development, Development",Amazon AWS,All Levels,7.5 hours,4.2,103,565,"Rp149,000",9/2019,0,0,1,https://www.udemy.com/course/serverless-development-with-aws-lambda-and-nodejs/
AWS Certified Cloud Practitioner (CLF-C02): Practice Exams,6133141,MisterGear One,"IT Certifications, IT & Software",Amazon AWS,Beginner,N/A,4.9,6,7,"Rp149,000",8/2024,0,0,0,https://www.udemy.com/course/aws-certified-cloud-practitioner-clf-c02-practice-exams-o/
AWS Compute Services - Hands-On Lab Demos,6923609,Deepak Dubey,"Other IT & Software, IT & Software",Amazon AWS,Intermediate,2 hours,4.4,8,4098,"Rp149,000",11/2025,0,0,0,https://www.udemy.com/course/aws-compute-services-hands-on-lab-demos/
The Official AWS Solutions Architect -Professional- Exams,6880209,Cameron McKenzie,"AWS Certified Solutions Architect - Professional, AWS Certified AI Practitioner, AWS Certified Solutions Architect - Associate, AWS Certified DevOps Engineer - Professional, IT Certifications",Amazon AWS,Expert,N/A,5.0,9,54,"Rp149,000",10/2025,0,0,0,https://www.udemy.com/course/updated-official-aws-solutions-architect-professional-exams/
AWS Certified Cloud Practitioner CLF-C02 Exam Prep *2026*,5736706,Nick Gorgo,"AWS Certified Cloud Practitioner, IT Certifications, IT & Software",Amazon AWS,Beginner,N/A,4.7,N/A,N/A,"Rp149,000",2/2026,0,0,0,https://www.udemy.com/course/aws-certified-cloud-practitioner-exam-prep/
AWS Certified Database - Specialty Practice Test Exam,5507580,Essid Solutions,"AWS Certified Database - Specialty (Retired), IT Certifications, IT & Software",Amazon AWS,Intermediate,N/A,3.9,N/A,N/A,"Rp149,000",8/2023,0,0,0,https://www.udemy.com/course/aws-certified-database-specialty-practice-test-exam-v/
AWS Solutions Architect Associate SAA-C03 Practice Exam 2026,5637218,Pankaj Pandey,"AWS Certified Solutions Architect - Associate, Amazon AWS, AWS Certified Cloud Practitioner, AWS Certified Developer - Associate, IT Certifications",Amazon AWS,All Levels,N/A,4.6,17,287,"Rp149,000",3/2026,0,0,0,https://www.udemy.com/course/aws-solutions-architect-associate-saa-c03-practice-exam-2023/
AWS Certified Cloud Practitioner Practice Tests,6048345,Shitiz Kumar,"IT Certifications, IT & Software",Amazon AWS,Beginner,N/A,4.9,5,1024,"Rp149,000",7/2024,0,0,0,https://www.udemy.com/course/aws-certified-cloud-practitioner-practice-tests-dc/
[2025 Practice Exam]AWS Certified Cloud Practitioner CLF-C02,6542829,Cloudoku.training | Cloud and AI Practice exams,"AWS Certified Cloud Practitioner, IT Certifications, IT & Software",Amazon AWS,Intermediate,N/A,4.7,64,7407,"Rp149,000",3/2025,0,0,0,https://www.udemy.com/course/practice-exam-aws-certified-cloud-practitioner-clf-c01/
AWS Certified Developer Associate (DVA-C02) Practice Exam,5059898,Dragos Mateescu,"AWS Certified Developer - Associate, Other IT & Software, IT & Software",Amazon AWS,All Levels,N/A,4.7,18,1019,"Rp149,000",4/2023,0,0,0,https://www.udemy.com/course/aws-certified-developer-associate-dva-c01-practice-exam-d/
1500 Questions | AWS Certified Cloud Practitioner 2026,7119943,Exams Practice Tests Academy,"AWS Certified Cloud Practitioner, IT Certifications, IT & Software",Amazon AWS,All Levels,N/A,4.7,N/A,100,"Rp149,000",4/2026,0,0,0,https://www.udemy.com/course/aws-certified-cloud-practitioner-exam-preparation/
AWS Certified Cloud Practitioner - Practice & Mock Exam,5817476,ExamIT -Sonia,"AWS Certified Cloud Practitioner, IT Certifications, IT & Software",Amazon AWS,All Levels,N/A,4.7,N/A,1,"Rp149,000",1/2025,0,0,0,https://www.udemy.com/course/aws-certified-cloud-practitioner-practice-mock-exam/
Cloud Computing,2317038,Management Study Guide,"Cloud Computing, Network & Security, IT & Software",Amazon AWS,Beginner,1 hour,4.1,13,429,"Rp149,000",4/2019,0,0,0,https://www.udemy.com/course/cloud-computing-c/
AWS Certified Machine Learning - Specialty- Practice Exams,5817482,ExamIT -Sonia,"AWS Certified Machine Learning - Specialty (Retired), IT Certifications, IT & Software",Amazon AWS,All Levels,N/A,3.6,N/A,3,"Rp149,000",1/2025,0,0,0,https://www.udemy.com/course/aws-certified-machine-learning-specialty-practice-exams-v/
AWS Cloud Engineer Interview Questions and Answers,4768682,Raghunandana Krishna Murthy Sanur,"Interviewing Skills, Case Interview, DevOps, AWS DevOps, IT Certifications",Amazon AWS,Beginner,3 hours,4.4,33,182,"Rp149,000",1/2025,0,0,0,https://www.udemy.com/course/aws-interview-questions-and-answers-e/
CLF-C02 Practice Tests 2026 | AWS Cloud Practitioner 95%,6797597,Exam Certification,"AWS Certified Cloud Practitioner, IT Certifications, IT & Software",Amazon AWS,All Levels,N/A,4.7,N/A,200,"Rp149,000",3/2026,0,0,0,https://www.udemy.com/course/full-practice-exams-for-aws-certified-cloud-practitioner/
AWS Solutions Architect Associate (SAA-C03) Practice Tests,6144467,Practice Exams Analyst,"IT Certifications, IT & Software",Amazon AWS,All Levels,N/A,N/A,N/A,N/A,"Rp149,000",8/2024,0,0,0,https://www.udemy.com/course/aws-solutions-architect-associate-saa-c03-practice-tests-i/
AWS Rekognition: Machine Learning Using Python Masterclass,2188262,"Syed Raza, Qasim Shah, Ali Bokhari, ClayDesk E-learning","AWS Rekognition, Machine Learning, Python, PyTorch, Other IT & Software",Amazon AWS,Beginner,18 hours,4.2,46,5024,"Rp149,000",10/2022,9,0,10,https://www.udemy.com/course/aws-rekognition-with-python/
Cloud Computing Basics:Enhance your career as Cloud Engineer,824256,"Malay Biswal PMP, SAFe PO/PM, Technology Enthusiast","Cloud Computing, Other IT & Software, IT & Software",Amazon AWS,Beginner,1.5 hours,4.3,404,1708,"Rp149,000",1/2021,3,0,0,https://www.udemy.com/course/cloud-computing-basics-essential-concepts-you-must-know/
AWS Certified Cloud Practitioner - Practice Exams (2025),6585623,My Cloud Prof,"AWS Certified Cloud Practitioner, Cloud Computing, Amazon AWS, IT Certifications, IT & Software",Amazon AWS,All Levels,N/A,5.0,1,5,"Rp2,089,000",7/2025,0,0,0,https://www.udemy.com/course/aws-certified-cloud-practitioner-practice-exams-prep/
AWS Certified SysOps Administrator Associate 2020,1877310,Rohan Arora,"AWS Certified SysOps Administrator - Associate, Amazon AWS, IT Certifications, IT & Software",Amazon AWS,Intermediate,13.5 hours,4.5,14,129,"Rp149,000",11/2021,0,0,6,https://www.udemy.com/course/aws-certified-sysops-admin-associate/
AWS Certified Cloud Practitioner - Exam Practice Tests,5706896,Master Prep,"Amazon AWS, IT Certifications, IT & Software",Amazon AWS,Beginner,N/A,4.7,N/A,59,"Rp149,000",12/2023,0,0,0,https://www.udemy.com/course/aws-certified-cloud-practitioner-exam-practice-tests/
AWS Cloud Practitioner (CLF-C02) Practice Exams 2025,6465123,Ritesh Kumar,"IT Certifications, IT & Software",Amazon AWS,All Levels,N/A,4.8,3,31,"Rp149,000",2/2025,0,0,0,https://www.udemy.com/course/aws-cloud-practitioner-clf-c02-practice-exams-2025/
Master Course of Cloud Management,4847888,Dr. José Prabhu J,"Cloud Management, Cloud Architecture, Network & Security, IT & Software",Amazon AWS,All Levels,2 hours,4.2,247,33576,"Rp149,000",7/2025,0,0,0,https://www.udemy.com/course/cloud-management/
AWS Certified Solutions Architect - Associate SAA-C03 2024,5935854,Rohit Abraham,"AWS Certified Solutions Architect - Associate, IT Certifications, IT & Software",Amazon AWS,Intermediate,N/A,4.7,N/A,N/A,"Rp3,129,000",4/2024,0,0,0,https://www.udemy.com/course/aws-certified-solutions-architect-associate-saa-c03-2024/
Practice Exam AWS Certified Solution Architect Associate2026,4842874,Pankaj Pandey,"AWS Certified Solutions Architect - Associate, IT Certifications, IT & Software",Amazon AWS,All Levels,N/A,4.2,43,447,"Rp149,000",3/2026,0,0,0,https://www.udemy.com/course/aws-certified-solution-architect-associate-saa-c03-test-2022/
Practice Tests | AWS Certified Developer Associate 2025,3705700,Arun Yadav,"AWS Certified Developer - Associate, IT Certifications, IT & Software",Amazon AWS,All Levels,N/A,4.3,62,291,"Rp149,000",1/2025,0,0,0,https://www.udemy.com/course/practicetests-awsdva/
AWS Certified Solutions Architect Associate (SAA-C03): Exams,5494356,"Ditectrev Education, Daniel Danielecki","AWS Certified Solutions Architect - Associate, IT Certifications, IT & Software",Amazon AWS,All Levels,N/A,4.1,7,101,"Rp149,000",10/2025,0,0,0,https://www.udemy.com/course/aws-certified-solutions-architect-associate-saa-c03-exams-v/
5 AWS Certified Cloud Practitioner Mock Test CLF-002 [2025],6865879,Akanksha - Sales & Marketing Specialist,"AWS Certified Cloud Practitioner, Amazon AWS, IT Certifications, IT & Software",Amazon AWS,All Levels,N/A,5.0,1,92,"Rp149,000",1/2026,0,0,0,https://www.udemy.com/course/5-aws-certified-cloud-practitioner-mock-test-clf-002-2025/
AWS Certified Cloud Practitioner Exam Questions and Answers,5640918,Imre Asztalos,"AWS Certified Cloud Practitioner, Amazon AWS, IT Certifications, IT & Software",Amazon AWS,Intermediate,43 mins,4.5,5,44,"Rp149,000",11/2023,0,0,0,https://www.udemy.com/course/aws-certified-cloud-practitioner-exam-questions-and-answers/
AWS SysOps Administrator Associate SOA-C02 (Practice Exam),6078197,"Andre Iacono | 395000+ Students | Author · Deep Learning AI Specialist |, NYC Training","AWS Certified SysOps Administrator - Associate, IT Certifications, IT & Software",Amazon AWS,Beginner,N/A,1.4,10,159,"Rp149,000",1/2025,0,0,0,https://www.udemy.com/course/aws-sysops-administrator-associate-practice-exams-soa-c02/
AWS Cloud Migration for Absolute Beginners with Demo,2366004,Venkatesh K,"AWS Databases, Other IT & Software, IT & Software",Amazon AWS,Beginner,1.5 hours,4.5,2042,22369,"Rp149,000",12/2019,0,0,6,https://www.udemy.com/course/awscloudmigration/
AWS Certified Cloud Practitioner - Practice Exams 2020,2842592,Mike Aarons,"AWS Certified Cloud Practitioner, IT Certifications, IT & Software",Amazon AWS,Beginner,N/A,4.5,33,233,"Rp149,000",5/2020,0,0,0,https://www.udemy.com/course/aws-certified-cloud-practitioner-practice-exams-study/
ServerlessMicroservice with AWS - A Complete Guide!: 3-in-1,1853346,Packt Publishing,"Amazon AWS, Programming Languages, Development",Amazon AWS,Beginner,11.5 hours,4.0,38,384,"Rp149,000",8/2018,0,0,1,https://www.udemy.com/course/serverlessmicroservice-with-aws-a-complete-guide-3-in-1/
Cloud Computing Concepts,1646140,"Tek Smart Learning, Amit Arora, Sowjanya Kolli","Cloud Computing, Web Development, Development",Amazon AWS,All Levels,2 hours,4.0,864,2085,"Rp149,000",11/2019,0,0,0,https://www.udemy.com/course/cloud-computing-concepts/
AWS Certified Solutions Architect,6516493,Musa Zanna Mustapha,"AWS Certified Solutions Architect - Associate, AWS Certified Solutions Architect - Professional, IT Certifications, IT & Software",Amazon AWS,All Levels,N/A,5.0,1,6,"Rp149,000",3/2025,0,0,0,https://www.udemy.com/course/aws-certified-solutions-architect-pro/
Serverless Microservices on AWS in 10 Hours,2025286,Packt Publishing,"Microservices, Programming Languages, Development",Amazon AWS,Intermediate,10 hours,4.0,72,610,"Rp149,000",11/2018,0,0,1,https://www.udemy.com/course/serverless-microservices-on-aws-in-10-hours/
AWS Certified Cloud Practitioner CLF-C02 Practice Test 2026,4884204,Basant kumar pandey,"AWS Certified Cloud Practitioner, IT Certifications, IT & Software",Amazon AWS,Beginner,N/A,4.6,20,2905,"Rp149,000",12/2025,0,0,0,https://www.udemy.com/course/aws-certified-cloud-practitioner-practice-test-clf-c01/
Mastering IPv6 Networking with Amazon VPC: From A to Z,4860612,Marty Milburn,"IPv6, Operating Systems & Servers, IT & Software",Amazon AWS,All Levels,1.5 hours,4.7,17,70,"Rp149,000",1/2026,2,0,0,https://www.udemy.com/course/ipv6-networking-with-aws-vpc/
AWS Certified Cloud Practitioner Practice Exam,6071413,Learn Like Pro,"AWS Certified Cloud Practitioner, Amazon AWS, AWS Elastic Load Balancing, AWS Storage Gateway, IT Certifications",Amazon AWS,Beginner,N/A,4.6,6,2631,"Rp149,000",9/2024,0,0,0,https://www.udemy.com/course/aws-certified-cloud-practitioner-practice-exam-x/
AWS SAA-C03 Practice: 500+ Questions on Cloud Architecture,6072283,Suraj Muraleedharan,"AWS Certified Solutions Architect - Associate, IT Certifications, IT & Software",Amazon AWS,Intermediate,N/A,4.3,14,34,"Rp149,000",4/2026,0,0,0,https://www.udemy.com/course/aws-saa-c03-practice-500-questions-on-cloud-architecture-s/
Amazon Bedrock with AI Agents,5676680,Dan Currotto,"Generative AI (GenAI), Software Development, Amazon Bedrock, Other IT & Software, IT & Software",Amazon AWS,All Levels,4 hours,4.1,11,78,"Rp149,000",9/2025,0,0,2,https://www.udemy.com/course/amazon-bedrock-hands-on-training-for-generative-ai/
AWS Virtual Private Cloud (VPC) - Hands On Learning!,1437620,Aftab Hussain,"Amazon Virtual Private Cloud (VPC), Amazon AWS, Network & Security, IT & Software",Amazon AWS,All Levels,3 hours,3.4,31,4795,"Rp149,000",12/2017,0,0,0,https://www.udemy.com/course/aws-virtual-private-cloud-vpc/
1500 Questions | AWS Certified Cloud Practitioner [NEW 2026],6910639,Exams Practice Tests Academy,"AWS Certified Cloud Practitioner, IT Certifications, IT & Software",Amazon AWS,All Levels,N/A,4.0,1,1752,"Rp149,000",2/2026,0,0,0,https://www.udemy.com/course/exams-aws-certified-cloud-practitioner/
Practice Tests: AWS Certified Cloud Practitioner (CLF-C02),6799335,Temotec Learning Academy,"AWS Certified Cloud Practitioner, IT Certifications, IT & Software",Amazon AWS,All Levels,N/A,5.0,3,792,"Rp149,000",1/2026,0,0,0,https://www.udemy.com/course/unofficial-aws-certified-cloud-practitioner-clf-c02-exams-m/
AWS Certified Solutions Architect - Associate (SAA-C03),5184004,VAPSM Tech Solutions,"AWS Certified Solutions Architect - Associate, IT Certifications, IT & Software",Amazon AWS,All Levels,N/A,5.0,1,102,"Rp149,000",12/2024,0,0,0,https://www.udemy.com/course/aws-certified-solutions-architect-associate-exam-saa-c03/
Getting Started with Cloud Computing,6110819,Cloud Shikshak,"Cloud Computing, IT Certifications, IT & Software",Amazon AWS,Beginner,1.5 hours,4.6,4,8,"Rp149,000",2/2025,0,0,0,https://www.udemy.com/course/beginners-guide-to-cloud-computing-and-certification-paths/
AWS Certified Solution Architect Associate SAA-C03 - 01/2025,5825850,Ken Adams,"AWS Certified Solutions Architect - Associate, IT Certifications, IT & Software",Amazon AWS,Intermediate,N/A,5.0,2,3,"Rp149,000",1/2025,0,0,0,https://www.udemy.com/course/aws-certified-solution-architect-associate-saa-c03/
AWS Certified Cloud Practitioner (CLF-C02) Practice Sets,6562923,Tech Coach,"AWS Certified Cloud Practitioner, IT Certifications, IT & Software",Amazon AWS,Beginner,N/A,4.9,4,17,"Rp149,000",3/2026,0,0,0,https://www.udemy.com/course/aws-certified-cloud-practitioner-clf-c02-practice-sets/
AWS Solution Architecture Certification Practice/ Mock Test,4289208,Naveen Kalia,"AWS Certified Solutions Architect - Associate, IT Certifications, IT & Software",Amazon AWS,All Levels,N/A,4.6,24,5584,"Rp149,000",9/2021,0,0,0,https://www.udemy.com/course/aws-solution-architecture-certification-practice-mock-test/
AWS Certified Cloud Practitioner - 6 Tests - 350+ Questions,2111644,Nerdy Electronics,"AWS Certified Cloud Practitioner, IT Certifications, IT & Software",Amazon AWS,Beginner,N/A,4.3,75,204,"Rp149,000",2/2019,0,0,0,https://www.udemy.com/course/aws-certified-cloud-practitioner-6-tests-350-questions/
AWS IAM: The Cloud Engineer's Security Handbook,2174680,"TetraNoodle Team, Manuj Aggarwal","Amazon AWS, Cloud Security, Network & Security, IT & Software",Amazon AWS,All Levels,3 hours,4.0,89,917,"Rp149,000",2/2019,4,0,4,https://www.udemy.com/course/aws-iam-the-security-architects-secure-cloud-handbook/
AWS Certified Solutions Architect Associate – SAA-C03,5665176,David Junior,"AWS Certified Solutions Architect - Associate, IT Certifications, IT & Software",Amazon AWS,All Levels,N/A,4.7,N/A,301,"Rp149,000",12/2025,0,0,0,https://www.udemy.com/course/aws-certified-solutions-architect-associate-practice-exams-hp/
[NEW] AWS Certified Cloud Practitioner Mock Exams,3828050,Asmarandei Viorel | AWS Certified | AWS Cloud Data Engineer,"AWS Certified Cloud Practitioner, IT Certifications, IT & Software",Amazon AWS,Beginner,N/A,4.5,14,62,"Rp149,000",1/2022,0,0,0,https://www.udemy.com/course/new-aws-certified-cloud-practitioner-mock-exams/
AWS Certified Cloud Practitioner CLF-C01 Practice Tests,6027258,Practice Exams Scholar,"AWS Certified Cloud Practitioner, IT Certifications, IT & Software",Amazon AWS,All Levels,N/A,4.7,N/A,N/A,"Rp149,000",6/2024,0,0,0,https://www.udemy.com/course/aws-certified-cloud-practitioner-clf-c01-practice-tests-y/
AWS Certified Database Specialty Practice Test 2025 UPDATED,5732388,CloudAIML101 Academy,"IT Certifications, IT & Software",Amazon AWS,Intermediate,N/A,5.0,1,546,"Rp149,000",11/2025,0,0,0,https://www.udemy.com/course/aws-certified-database-specialty-practice-test-v/
2024 AWS Certified Cloud Practitioner Practice Exam-CLF-C02,5943414,Network+Security Specialist,"AWS Certified Cloud Practitioner, IT Certifications, IT & Software",Amazon AWS,Beginner,N/A,5.0,1,1,"Rp149,000",4/2024,0,0,0,https://www.udemy.com/course/latest-aws-cloud-practitioner-practice-exam-clf-c02-2024/
AWS Certified Developer Associate Practice Exam 2025 DVA-C02,6043710,Big Century Hub,"AWS Certified Developer - Associate, IT Certifications, IT & Software",Amazon AWS,All Levels,N/A,4.1,29,698,"Rp149,000",10/2025,0,0,0,https://www.udemy.com/course/aws-certified-developer-associate-practice-exam-2024-dva-c02/
DevOps: Build Complete CI/CD Jenkins Pipeline With AWS,2957812,"Myra Gul, ClayDesk E-learning, Syed Raza","DevOps, Continuous Integration, Jenkins, AWS CodePipeline, Other IT & Software",Amazon AWS,Intermediate,3.5 hours,3.8,151,11883,"Rp149,000",10/2022,3,0,18,https://www.udemy.com/course/devops-pipeline-jenkins-aws/
COMPLETE- AWS Security Speciality Certification,2210942,Harshit Srivastava,"AWS Certified Security - Specialty, Cloud Security, Network & Security, IT Certifications, IT & Software",Amazon AWS,All Levels,3 hours,3.1,49,2427,"Rp149,000",4/2023,1,0,0,https://www.udemy.com/course/aws-security-speciality-certification/
AWS Certified Cloud Practitioner (CLF-C02) Practice Exams,4733080,SK Singh KnoDAX,"AWS Certified Cloud Practitioner, IT Certifications, IT & Software",Amazon AWS,All Levels,N/A,4.6,41,4961,"Rp149,000",5/2025,0,0,0,https://www.udemy.com/course/aws-certified-cloud-practitioner-practice-tests-mc/
AWS Certified Cloud Practitioner CLF-C02 Exam Practice Tests,5720058,Question Bank,"AWS Certified Cloud Practitioner, IT Certifications, IT & Software",Amazon AWS,All Levels,N/A,4.8,2,6,"Rp149,000",1/2024,0,0,0,https://www.udemy.com/course/aws-certified-cloud-practitioner-clf-c02-exam-practice-tests/
5 Practice Exams | AWS Certified Cloud Practitioner,5975374,Faisal Akhtar,"AWS Certified Cloud Practitioner, IT Certifications, IT & Software",Amazon AWS,Beginner,N/A,4.5,17,1146,"Rp149,000",10/2024,0,0,0,https://www.udemy.com/course/5-practice-exams-aws-certified-cloud-practitioner/
AWS Cloud Practitioner CLF-C02 - Practice Exams 2026,6618687,"Sang Do, PMP","AWS Certified Cloud Practitioner, IT Certifications, IT & Software",Amazon AWS,Beginner,N/A,4.0,1,2,"Rp149,000",1/2026,0,0,0,https://www.udemy.com/course/aws-cloud-practitioner-practice-exam-tests-2025-clf-c02/
AWS Certified Cloud Practitioner | 4 Practice Exams 2023,5239630,MetaMarkets Academy,"AWS Certified Cloud Practitioner, Cloud Computing, IT Certifications, IT & Software",Amazon AWS,Beginner,N/A,5.0,1,6,"Rp149,000",5/2023,0,0,0,https://www.udemy.com/course/aws-certified-cloud-practitioner-4-practice-exams-2023/
Exam practice AWS Certification Cloud Practitioner 2023,4012418,Julio Garcia,"AWS Certified Cloud Practitioner, IT Certifications, IT & Software",Amazon AWS,All Levels,N/A,4.6,11,62,"Rp149,000",8/2025,0,0,0,https://www.udemy.com/course/exam-practice-aws-certification-cloud-practitioner-2023/
AWS Certified Cloud Practioner 6 Practice Exam Sets,4981226,SKILL CURB,"AWS Certified Cloud Practitioner, IT Certifications, IT & Software",Amazon AWS,Beginner,N/A,4.1,30,172,"Rp149,000",6/2024,0,0,0,https://www.udemy.com/course/aws-certified-cloud-practioner-6-practice-exam-sets-2022-23/
AWS Certified Solutions Architect Associate: Practice tests,5455448,Brahim Izmo,"Amazon AWS, AWS Certified Solutions Architect - Associate, IT Certifications, IT & Software",Amazon AWS,All Levels,N/A,4.7,20,172,"Rp149,000",11/2023,0,0,0,https://www.udemy.com/course/aws-certified-solutions-architect-associate-practice-tests-g/
AWS Certified Cloud Practitioner Practice Exams,4011324,Certify Studio,"AWS Certified Cloud Practitioner, IT Certifications, IT & Software",Amazon AWS,All Levels,N/A,4.5,228,24815,"Rp149,000",4/2022,0,0,0,https://www.udemy.com/course/aws-certified-cloud-practitioner-practice-exams-il/
AWS Certified Cloud Practitioner CLF-C02 | 6 practice (2025),6538111,CodeCrafters Association,"AWS Certified Cloud Practitioner, IT Certifications, IT & Software",Amazon AWS,Beginner,N/A,4.4,16,219,"Rp149,000",6/2025,0,0,0,https://www.udemy.com/course/aws-certified-cloud-practitioner-practice-tests-i/
AWS Certified Solutions Architect Associate SAA-C03,5697528,CertifyX Academy,"AWS Certified Solutions Architect - Associate, IT Certifications, IT & Software",Amazon AWS,All Levels,N/A,4.5,4,2918,"Rp149,000",3/2024,0,0,0,https://www.udemy.com/course/aws-certified-solutions-architect-associate-up/
AWS Solutions Architect Associate SAA-C03 Practice Exam 2026,6873359,TechSimplify Pro Technology Instructor,"AWS Certified Solutions Architect - Associate, Amazon AWS, Cloud Architecture, IT Certifications, IT & Software",Amazon AWS,All Levels,N/A,4.2,5,804,"Rp149,000",1/2026,0,0,0,https://www.udemy.com/course/aws-solutions-architect-associate-saa-c03-practice-exam-2026-u/
1500 Questions | AWS Certified Developer – Associate [2026],6911275,Exams Practice Tests Academy,"AWS Certified Developer - Associate, IT Certifications, IT & Software",Amazon AWS,All Levels,N/A,5.0,1,1179,"Rp149,000",2/2026,0,0,0,https://www.udemy.com/course/aws-certified-developer-associate-practice-exams-tests/
AWS Solutions Architect Associate SAA-C03 Practice Exam 2026,6595923,"Sang Do, PMP","AWS Certified Solutions Architect - Associate, IT Certifications, IT & Software",Amazon AWS,Intermediate,N/A,3.5,6,25,"Rp149,000",1/2026,0,0,0,https://www.udemy.com/course/aws-certified-solutions-architect-associate-practice-exams-iq/
