course_title,course_id,lecturer_name,related_topics,subject,level,durations,ratings,num_ratings,student,price,last_update,articles,exercise,downloadable_resources,url
Ultimate Blender 3D Character Creation & Animation Course,2915650,Alex Cordebard,"3D Animation, Animation, Blender, Character Animation, 3D & Animation",3D & Animation,All Levels,35.5 hours,4.7,3498,25238,Free,3/2026,1,0,11,https://www.udemy.com/course/blender3dcharacteranimation/
Maya for Beginners: Complete Guide to 3D Animation in Maya,1556128,"Video School, Lucas Ridley, Phil Ebiner","Autodesk Maya, 3D Animation, Animation, Motion Graphics, 3D & Animation",3D & Animation,All Levels,30 hours,4.6,8566,43456,"Rp159,000",3/2026,2,0,1,https://www.udemy.com/course/autodesk-maya-3d-animation-course/
Learn 3D Animation - The Ultimate Blender A-Z Guide,922654,Alex Cordebard,"3D Animation, 3D Modeling, Animation, Blender, 3D & Animation",3D & Animation,All Levels,28.5 hours,4.7,2385,19835,"Rp149,000",3/2026,0,0,11,https://www.udemy.com/course/blendercourse/
Learn 3D Animation - The Ultimate Blender A-Z Guide,7060815,My 3D Class,"3D Animation, Character Animation, 3D Modeling, Blender, 3D & Animation",3D & Animation,All Levels,13 hours,5.0,3,11,"Rp149,000",3/2026,0,0,26,https://www.udemy.com/course/learn-3d-animation-the-ultimate-blender-a-z-guide/
Learn 3D Animation - The Ultimate Blender A-Z Guide,1961224,Alex Cordebard,"Blender, Animation, 3D Animation, 3D & Animation, Design",3D & Animation,Beginner,28.5 hours,4.6,1938,9925,"Rp149,000",3/2026,0,0,11,https://www.udemy.com/course/ultimateblendercourse/
The Ultimate Guide to Blender 3D Rigging & Animation,5009098,3D Tudor,"3D Rigging, 3D Animation, Blender, Character Animation, 3D & Animation",3D & Animation,All Levels,8 hours,4.6,374,4614,"Rp149,000",4/2025,0,0,2,https://www.udemy.com/course/blender-3d-rigging-animation/
Blender 3D Animation: Full Modeling to Animation Workflow,6372715,Artstudio 313,"3D Animation, 3D & Animation, Design",3D & Animation,All Levels,14.5 hours,4.4,38,2922,"Rp149,000",3/2026,0,0,3,https://www.udemy.com/course/blender-43-essentials-free-3d-to-animation-crash-course/
Blender 3D Animation: Beginner to Pro,764088,Thomas McDonald,"3D Animation, Animation, Blender, 3D & Animation, Design",3D & Animation,Beginner,4 hours,4.5,67,1717,"Rp149,000",5/2025,1,0,4,https://www.udemy.com/course/3d-animation-with-blender/
Blender 3D Minecraft Animation Course - Ultimate A-Z Guide,7014659,Temur Aptsiauri,"3D Animation, Video Editing, Minecraft, Blender, 3D & Animation",3D & Animation,Beginner,12.5 hours,4.7,30,157,"Rp149,000",3/2026,2,0,3,https://www.udemy.com/course/blender-minecraft-animation-course/
Blender Total! From Basic to Advanced 3D!,2401230,Gustavo Rosa,"Blender, 3D Rendering, 3D Modeling, 3D Animation, 3D & Animation",3D & Animation,All Levels,21.5 hours,4.8,2392,9761,"Rp149,000",3/2025,0,0,64,https://www.udemy.com/course/learn-blender-28/
Blender Essentials - 3D Modelling Training Course,6662041,Daniel Walter Scott,"Blender, 3D Modeling, 3D & Animation, Design",3D & Animation,Beginner,8.5 hours,4.7,320,1815,"Rp159,000",7/2025,0,0,1,https://www.udemy.com/course/blender-essentials-3d-modelling-training-course/
LEARN 3D ANIMATION : Create Credible & Unique Animations,3366422,David Omair Fuertes Martin,"Character Animation, 3D Animation, Animation, Blender, 3D & Animation",3D & Animation,All Levels,8.5 hours,4.4,163,1310,"Rp149,000",4/2023,0,0,6,https://www.udemy.com/course/canimando/
3D Fighting Game Animation Intro Course by HyperDev,6782715,Hyper Dev,"Unreal Engine Blueprints, 3D Animation, Unreal Engine, Game Development, Development",3D & Animation,Beginner,2.5 hours,4.8,N/A,N/A,"Rp149,000",3/2026,0,0,0,https://www.udemy.com/course/3d-fighting-game-animation-intro-course-by-hyperdev/
Blender 5 Project Based Bootcamp: 40+ Hands On Mini Projects,7045933,"Codestars • over 2.5 million students worldwide!, Raja Biswas","Blender, 3D Rendering, 3D Animation, 3D Modeling, 3D & Animation",3D & Animation,Beginner,11 hours,4.6,8,181,"Rp149,000",3/2026,41,0,75,https://www.udemy.com/course/blender-project-based-bootcamp/
Bitcoin From Scratch,7108895,Afton Johnson,"Bitcoin, Cryptocurrency & Blockchain, Finance & Accounting",3D & Animation,Beginner,1.5 hours,4.2,N/A,N/A,"Rp849,000",3/2026,8,0,8,https://www.udemy.com/course/bitcoin-from-scratch/
Blender Campus 2026 - Komplettkurs für 3D Modeling & Druck,6580001,"Robin Wach, Jakub Sedlacek, Marius Worch","Blender, 3D & Animation, Design",3D & Animation,All Levels,16.5 hours,5.0,10,32,"Rp149,000",3/2026,1,0,0,https://www.udemy.com/course/blender-campus/
LEARN 3D CHARACTER ANIMATION FROM SCRATCH,5175734,Effiong Samuel,"3D Animation, 3D & Animation, Design",3D & Animation,All Levels,19.5 hours,4.3,52,414,"Rp159,000",6/2024,0,0,5,https://www.udemy.com/course/learn-3d-character-animation-from-scratch-blender/
Complete Blender 2026: Beginner to Studio Ready,6775439,Artem Academy,"3D Modeling, 3D Animation, Blender, 3D Rendering, 3D & Animation",3D & Animation,Beginner,9 hours,4.6,114,736,"Rp149,000",1/2026,0,0,51,https://www.udemy.com/course/blender-start/
The Ultimate Blender 3D Sculpting Course,3471226,Alex Cordebard,"3D Sculpting, Blender, Digital Character Sculpting, 3D & Animation, Design",3D & Animation,All Levels,37.5 hours,4.7,3815,27902,"Rp159,000",3/2026,0,0,10,https://www.udemy.com/course/blender-3d-sculpting-course/
Adobe After Effects CC Bootcamp: Beginner to Advanced,627730,"Louay Zambarakji, KaiVersity.com - Lucas Roomé","Adobe After Effects, VFX Visual Effects, VFX Compositing, Motion Graphics, 3D & Animation",3D & Animation,All Levels,35 hours,4.7,39323,194240,"Rp169,000",4/2026,35,0,38,https://www.udemy.com/course/after-effects-cc-bootcamp/
Blender Essentials: 3D Modeling and Animation for Beginner,6232421,"Bevel Studio, Barzu Ibrohimov","Blender, 3D Modeling, 3D Animation, 3D & Animation, Design",3D & Animation,Beginner,15 hours,4.4,274,1588,"Rp159,000",1/2026,0,0,33,https://www.udemy.com/course/blender-4-essentials-3d-modeling-and-animation-for-beginner/
Create Your First 3D Animated Short Film in Blender,6900167,My 3D Class,"3D Animation, Character Animation, 3D Modeling, Blender, 3D & Animation",3D & Animation,Beginner,17.5 hours,4.6,5,50,"Rp149,000",2/2026,0,0,26,https://www.udemy.com/course/create-your-first-3d-animated-short-film-in-blender/
Blender 3D Animation Masterclass: Create Epic CGI Scenes,6576089,Udit Gala,"Blender, 3D Rendering, 3D Animation, 3D Modeling, 3D & Animation",3D & Animation,All Levels,9.5 hours,4.6,50,2379,"Rp149,000",12/2025,14,0,3,https://www.udemy.com/course/blender-cgi-masterclass/
Introduction to 3D Character Animation for Beginners in Maya,5789600,Nurdin Momodu,"3D Animation, 3D & Animation, Design",3D & Animation,Beginner,6.5 hours,4.5,151,1531,"Rp159,000",5/2024,0,0,5,https://www.udemy.com/course/introduction-to-3d-character-animation-for-beginners-in-maya/
Become a Pro at 3D Character Modeling & Animation in Blender,6468885,Abdelilah Hamdani,"Blender, 3D & Animation, Design",3D & Animation,Beginner,12 hours,4.5,124,1592,"Rp159,000",12/2025,0,0,40,https://www.udemy.com/course/blender-3d-character/
Learn Blender 3D Character Animation – Create a Short Film,6459079,My 3D Class,"3D Animation, Animation, Blender, 3D & Animation, Design",3D & Animation,Beginner,9 hours,4.5,42,236,"Rp149,000",2/2026,0,0,18,https://www.udemy.com/course/learn-blender-3d-character-animation-in-8-hours-short-film/
Complete Blender Creator: 3D Modelling (Compatible with 4.3),438522,"GameDev.tv Team, Rick Davidson, Grant Abbitt","3D Modeling, Game Development Fundamentals, 3D Animation, Blender, 3D & Animation",3D & Animation,All Levels,14 hours,4.8,68391,345007,"Rp169,000",2/2026,4,0,85,https://www.udemy.com/course/blendertutorial/
3D Animation Course for Beginners in Maya,5171010,CG BLAST,"Autodesk Maya, 3D Animation, 3D & Animation, Design",3D & Animation,All Levels,6 hours,4.7,36,201,"Rp149,000",3/2023,0,0,9,https://www.udemy.com/course/3d-animation-course-for-beginners-in-maya/
Complete 3D Animation Masterclass: Create Animated Shorts,5462450,Vertmode Official,"3D Animation, 3D Rendering, Character Rigging, 3D Modeling, 3D & Animation",3D & Animation,All Levels,52 hours,4.7,47,423,"Rp149,000",8/2023,1,0,93,https://www.udemy.com/course/3danimationmasterclass/
Blender School,3765468,"Render Craft, Zerina Bandzovic","Blender, 3D Modeling, 3D & Animation, Design",3D & Animation,All Levels,55 hours,4.3,170,1654,"Rp149,000",6/2021,30,0,37,https://www.udemy.com/course/blender-academy-2/
Maya for Beginners: Complete 3D Animation Masterclass,3672664,Class Creatives,"3D Animation, Character Animation, Game Development Fundamentals, Unreal Engine, 3D & Animation",3D & Animation,Beginner,15 hours,4.4,111,1044,"Rp149,000",11/2025,1,0,23,https://www.udemy.com/course/maya-for-beginners-complete-3d-animation-masterclass/
3D Animation: Basics To Full Body and Creature Mechanics,178102,Charlie Grubel,"Creature Mechanics, Animation, 3D Animation, 3D & Animation, Design",3D & Animation,All Levels,3.5 hours,4.1,36,556,"Rp149,000",11/2014,0,0,0,https://www.udemy.com/course/3d-animation-basics-to-full-body-and-creature-mechanics/
Blender Animation & Rigging: Bring Your Creations To Life,5602736,"GameDev.tv Team, Grant Abbitt","Blender, Character Rigging, 3D Animation, Character Animation, Game Development",3D & Animation,All Levels,8 hours,4.7,1629,14026,"Rp159,000",7/2025,0,0,70,https://www.udemy.com/course/blender-animation-rigging/
Blender 3D Character Animation Masterclass: Zero to Hero,6845835,My 3D Class,"3D Animation, Character Animation, 3D Rendering, Blender, 3D & Animation",3D & Animation,All Levels,8.5 hours,4.6,12,90,"Rp149,000",2/2026,0,0,15,https://www.udemy.com/course/blender-3d-character-animation-masterclass-zero-to-hero/
"Blender Complete Bootcamp Model, Animate & Render Like a Pro",3313682,Sebastián Vargas Molano,"Blender, 3D & Animation, Design",3D & Animation,All Levels,19 hours,4.7,2083,11111,"Rp149,000",3/2026,0,0,11,https://www.udemy.com/course/the-complete-blender-course/
The Ultimate Blender 3D Animated Short AI Course,5663019,Alex Cordebard,"3D Animation, Blender, Generative AI (GenAI), 3D & Animation, Design",3D & Animation,All Levels,59 hours,4.7,176,1927,"Rp159,000",3/2026,0,0,33,https://www.udemy.com/course/blender-3d-ai-course/
3D Music Animation in iClone: A Complete Step-by-Step Course,6678279,Ogbonna Mba,"3D Animation, Character Animation, Animation, 3D & Animation, Design",3D & Animation,All Levels,3 hours,4.8,12,67,"Rp149,000",6/2025,1,0,0,https://www.udemy.com/course/3d-music-animation-in-iclone-a-complete-step-by-step-course/
Architectural Design & Animation in Blender,1548788,Thomas McDonald,"Blender, Architectural Design, 3D Animation, Design",3D & Animation,Beginner,8 hours,4.6,1186,8825,"Rp249,000",11/2025,13,0,123,https://www.udemy.com/course/architectural-design-animation-in-blender-3d-graphics/
3D Animation & Modeling Master Class | Beginner to Advanced,1366296,[ School of Game Design ],"3D Animation, VFX Visual Effects, Game Design, Animation, 3D & Animation",3D & Animation,All Levels,22.5 hours,4.2,320,6459,"Rp149,000",8/2020,1,0,6,https://www.udemy.com/course/3d-animation-and-modeling-master-class/
Blender Grease Pencil: Draw & Animate 2D Art in a 3D World,6876311,"GameDev.tv Team, Grant Abbitt","Blender, 2D Animation, Game Art, Game Development, Development",3D & Animation,Beginner,5.5 hours,4.7,145,1233,"Rp159,000",11/2025,0,0,0,https://www.udemy.com/course/blender-grease-pencil/
3D Character Modelling Rigging & Animation Blender to Unreal,2587792,Thomas McDonald,"Character Rigging, 3D & Animation, Design",3D & Animation,Intermediate,8.5 hours,4.3,212,2424,"Rp149,000",5/2025,1,0,27,https://www.udemy.com/course/character-modelling-rigging-in-blender-28-unreal-engine/
Animating Your Imagination: Blender 3D animated Illustration,5919336,Aidan Wilson,"Blender, Animation, Adobe Photoshop, 3D Animation, 3D & Animation",3D & Animation,Intermediate,7.5 hours,4.5,18,279,"Rp149,000",11/2024,0,0,7,https://www.udemy.com/course/animate-your-imagination/
Learn Blender In 3.5 Hours - Beginner Friendly,4756452,Ruan Lotter,"3D Animation, 3D Modeling, 3D & Animation, Design",3D & Animation,All Levels,3.5 hours,4.8,41,312,"Rp149,000",6/2022,0,0,0,https://www.udemy.com/course/blenderbeginner/
"Muvizu - Make Animations in Hours, not Months",3586450,Felix Ecker,"3D Animation, Animation, Video Creation, 3D & Animation, Design",3D & Animation,All Levels,1.5 hours,4.8,29,103,"Rp149,000",6/2021,0,0,5,https://www.udemy.com/course/make-animations-in-hours-not-months-with-muvizu/
3D Game Modeling & Animation With Blender,1049004,"Mark Price, Devslopes by Nathan Sevedge","3D Game Development, Animation, Blender, 3D & Animation, Design",3D & Animation,All Levels,22.5 hours,3.8,352,6270,"Rp149,000",3/2017,4,0,9,https://www.udemy.com/course/blender3d/
Blender 3D Modeling & Animation : 20+ 3D Projects in Blender,1150682,"Raja Biswas, Charger Games","Blender, Debugging, Game Development Fundamentals, 3D Modeling, 3D & Animation",3D & Animation,Beginner,17.5 hours,4.4,169,1388,"Rp149,000",3/2026,2,0,1,https://www.udemy.com/course/blender-3d-modelling-for-unity-game-development/
Blender Express: Learn 3D Modeling Fast,4958984,"Marius Worch, Vincent Koehler","Blender, 3D Sculpting, 3D & Animation, Design",3D & Animation,Intermediate,9 hours,4.6,59,483,"Rp149,000",11/2023,0,0,10,https://www.udemy.com/course/blendermasterclass/
Comprehensive 3D Animation Complete Course in Autodesk Maya,5206062,Pradeep Kumar Singha,"Autodesk Maya, 3D Modeling, 3D Animation, 3D Lighting, 3D & Animation",3D & Animation,All Levels,5 hours,4.7,140,437,"Rp149,000",1/2026,0,0,70,https://www.udemy.com/course/comprehensive-3d-animation-course-in-autodesk-maya/
Blender Character Creator for Video Games,1356020,"GameDev.tv Team, Rick Davidson, Grant Abbitt","3D Animation, Blender, 3D Game Development, 3D Rigging, Game Development",3D & Animation,Beginner,34.5 hours,4.8,8947,60605,"Rp169,000",3/2026,4,0,118,https://www.udemy.com/course/blendercharacters/
Create a complete 3D Animation- C2- Environment Animation,4346192,ALAOUCHICHE Abdelhamid,"3D Animation, 3D Environment Modeling, 3D & Animation, Design",3D & Animation,Intermediate,3.5 hours,5.0,2,8,"Rp149,000",10/2021,0,0,0,https://www.udemy.com/course/bittersweet-pumpkin-chapter-02-environment-animation/
Mega Blender Digital Painting 13 Courses in 1 + Updates 2026,6014852,Artstudio 313,"Digital Painting, Game Design, Design",3D & Animation,All Levels,43 hours,4.6,37,692,"Rp159,000",3/2026,0,0,5,https://www.udemy.com/course/the-ultimate-blender-hand-painting-course-bundle-is-here/
Complete game animators pipeline from Blender to engine,4979680,Hamish Calthorpe,"Character Animation, Character Rigging, Game Development, Development",3D & Animation,All Levels,30.5 hours,4.2,265,4016,"Rp159,000",11/2024,0,0,92,https://www.udemy.com/course/complete-game-animators-pipeline-from-blender-to-engine/
"Blender for Beginners: 3D Modeling, Animation & Rendering",6787691,Kubilay Altındiş,"Blender, Design Thinking, 3D Modeling, 3D & Animation, Design",3D & Animation,All Levels,10.5 hours,4.8,6,35,"Rp149,000",12/2025,0,0,3,https://www.udemy.com/course/blender-course-for-beginners/
3D Animation & Data Visualization in Autodesk Maya,1518908,Lucas Ridley,"3D Animation, Animation, Data Visualization, Autodesk, 3D & Animation",3D & Animation,All Levels,5 hours,4.7,39,668,"Rp149,000",1/2018,0,0,17,https://www.udemy.com/course/3d-animation-data-visualization-in-autodesk-maya/
Unreal Animation Mastery: Create Stunning 3D Animations -UE5,5160060,"Rahmat M, Sharifa Taraki","3D Animation, Unreal Engine, 3D Rigging, 3D & Animation, Design",3D & Animation,All Levels,5 hours,4.5,89,618,"Rp149,000",6/2024,3,0,0,https://www.udemy.com/course/unreal-animation-mastery-create-3d-animations-ue5/
Blender 3D Animation: Make Stunning Shorts & Cinematic Reels,6841089,My 3D Class,"Blender, Character Animation, 3D Animation, Animation, 3D & Animation",3D & Animation,All Levels,5 hours,5.0,6,37,"Rp149,000",2/2026,0,0,7,https://www.udemy.com/course/blender-animation-make-stunning-shorts-cinematic-reels/
Blender Academy,3665012,"Render Craft, Dino Bandzovic","Blender, 3D Modeling, 3D & Animation, Design",3D & Animation,All Levels,50.5 hours,4.2,138,1575,"Rp149,000",6/2021,37,0,55,https://www.udemy.com/course/blender-academy/
Your First Beauty Product Animation in Blender,6702339,david Jaasma,"Blender, 3D Rendering, 3D Animation, 3D Modeling, 3D & Animation",3D & Animation,Intermediate,3 hours,4.6,9,48,"Rp149,000",7/2025,0,0,7,https://www.udemy.com/course/your-first-beauty-product-animation-in-blender/
Introduction to Blender 2.79 Animation Tools,2155174,Thomas Burnley,"Blender, Animation, 3D & Animation, Design",3D & Animation,Beginner,3.5 hours,4.7,11,80,"Rp149,000",2/2019,0,0,1,https://www.udemy.com/course/introduction-to-blender-animation-tools/
Learn Architectural Design & Animation With Blender,6454981,Edward Harding,"Blender, Interior Design, Architectural Design, Design",3D & Animation,All Levels,20 hours,4.7,178,1015,"Rp159,000",9/2025,0,0,3,https://www.udemy.com/course/learn-architectural-design-animation-with-blender/
"Master Every Step: Modeling, Painting, Animation & Lighting",4642246,Artstudio 313,"Blender, 3D Texturing, Game Design, Process Modeling, 3D & Animation",3D & Animation,All Levels,38 hours,4.3,125,2150,"Rp149,000",3/2026,0,0,7,https://www.udemy.com/course/complete-blender-creator-modelling-to-render-total-beginners/
Create Realistic 3D Forest Scene in Blender for Beginners,6891763,My 3D Class,"Blender, 3D Rendering, 3D Animation, 3D Modeling, 3D & Animation",3D & Animation,Beginner,3 hours,5.0,1,18,"Rp149,000",2/2026,0,0,12,https://www.udemy.com/course/create-realistic-3d-forest-scene-in-blender-for-beginners/
"3D Character Modelling, Animation and Rigging Using Blender.",6122381,Micheal Onoja,"3D Animation, Character Rigging, 3D Texturing, 3D Modeling, 3D & Animation",3D & Animation,All Levels,16 hours,2.6,3,36,"Rp149,000",8/2025,0,0,0,https://www.udemy.com/course/3d-character-modelling-animation-and-rigging-using-blender/
Spine PRO: A Complete 2D Character Animation Guide,3269698,Think Citric,"Character Animation, 2D Animation, 3D & Animation, Design",3D & Animation,All Levels,4 hours,4.6,1784,6659,"Rp159,000",7/2021,1,0,6,https://www.udemy.com/course/spine-pro-a-complete-2d-character-animation-guide/
Animate a Professional Looking Walk in Autodesk Maya,3463880,Amedeo Beretta,"3D Animation, Autodesk Maya, 3D & Animation, Design",3D & Animation,Beginner,3 hours,4.6,80,502,"Rp149,000",7/2023,1,0,5,https://www.udemy.com/course/animateprowalks/
"After Effects CC Masters: VFX, Motion Graphics, Animation+",927360,"Phil Ebiner, Video School","Adobe After Effects, VFX Visual Effects, Video Production, Motion Graphics, Design Tools",3D & Animation,All Levels,27.5 hours,4.6,15496,361673,"Rp159,000",4/2024,14,0,18,https://www.udemy.com/course/after-effects-cc/
Maya & Unreal: Complete Guide to Fast 3D Animation & Rigging,2490780,Class Creatives,"3D Animation, 3D Game Development, 3D Rigging, Unreal Engine, Game Development",3D & Animation,Beginner,6.5 hours,4.2,63,812,"Rp149,000",11/2024,1,0,7,https://www.udemy.com/course/maya-unreal-complete-guide-to-fast-3d-animation-rigging/
Make a Cinematic Car Chase Short Film Animation in Blender,2547515,Abdelilah Hamdani,"Photorealistic Rendering, Blender, 3D & Animation, Design",3D & Animation,Beginner,8.5 hours,4.5,368,3880,"Rp159,000",7/2025,0,0,30,https://www.udemy.com/course/cinematic-bridge-in-blender/
Learn 3D Modelling & Animation from Scratch with Blender 3D,399414,Richard Sneyd,"3D Animation, Animation, Blender, 3D & Animation, Design",3D & Animation,All Levels,6 hours,4.1,62,867,"Rp149,000",4/2016,0,0,1,https://www.udemy.com/course/learn-3d-modelling-animation-from-scratch-with-blender-3d/
Blender - EXPERT in 3D Character Rigging and Animation,6628343,Alfonso Alcaide,"Blender, 3D & Animation, Design",3D & Animation,Beginner,5 hours,4.7,14,1072,"Rp149,000",6/2025,4,0,5,https://www.udemy.com/course/blender-expert-in-3d-character-rigging-and-animation/
Learn Character Rigging For Absolute Beginners in Maya 2025,4230452,Anass Cherkaoui,"3D Animation, 3D Rigging, 3D & Animation, Design",3D & Animation,All Levels,6.5 hours,4.7,52,390,"Rp149,000",3/2026,2,0,2,https://www.udemy.com/course/character-rigging-for-beginners-in-maya/
Master Character Design in Blender for Unity & Unreal Engine,5343734,Abdelilah Hamdani,"Blender, Unreal Engine, 3D & Animation, Design",3D & Animation,Beginner,7.5 hours,4.6,127,1173,"Rp149,000",1/2024,0,0,24,https://www.udemy.com/course/blender-character-design/
3D Medical Animation in Autodesk Maya,1550686,Lucas Ridley,"3D Animation, Animation, Autodesk, 3D & Animation, Design",3D & Animation,All Levels,9.5 hours,4.5,127,996,"Rp149,000",8/2021,0,0,6,https://www.udemy.com/course/3d-medical-animation-in-autodesk-maya/
Unreal Engine 5 Full Beginners Course(3D Virtual Production),5347688,Nafay Sheikh,"Unreal Engine, 3D & Animation, Design",3D & Animation,Beginner,23.5 hours,4.5,291,2285,"Rp149,000",1/2025,0,0,0,https://www.udemy.com/course/unreal-engine-5-full-beginners-course3d-virtual-production/
Blender 3D: Product Visualization Animations,5814196,Nafay Sheikh,"Blender, 3D & Animation, Design",3D & Animation,All Levels,3.5 hours,4.4,81,571,"Rp159,000",2/2024,0,0,0,https://www.udemy.com/course/blender-3d-product-visualization-animations/
Blender 3D: Product Animation Masterclass,6100489,Nafay Sheikh,"Blender, 3D & Animation, Design",3D & Animation,All Levels,2.5 hours,4.5,27,218,"Rp159,000",8/2024,0,0,0,https://www.udemy.com/course/blender-3d-product-animation-masterclass/
Learn Blender 3D Modeling for Unity Video Game Development,625846,Billy McDaniel,"Blender, Game Development Fundamentals, 3D Modeling, Unity, Game Design",3D & Animation,Beginner,11.5 hours,4.7,2130,15452,"Rp159,000",3/2025,4,0,3,https://www.udemy.com/course/learn-blender-3d-modeling-for-unity-video-game-development/
3d Animation course,1842550,Daniel Conrad,"3D Animation, 3D & Animation, Design",3D & Animation,Intermediate,1 hour,3.9,2,1989,"Rp149,000",9/2022,0,0,36,https://www.udemy.com/course/3d-modeling-course/
3D Modeling & Animation with Maya,2548797,Ben Taylor,"3D Modeling, Autodesk Maya, 3D & Animation, Design",3D & Animation,Beginner,12.5 hours,4.5,463,10276,"Rp149,000",10/2022,0,0,22,https://www.udemy.com/course/3d-modeling-animation-with-maya/
Blender 3D: Product Visualization Animations,6152969,Nafay Sheikh,"Blender, 3D & Animation, Design",3D & Animation,All Levels,3.5 hours,4.3,42,296,"Rp149,000",9/2024,0,0,0,https://www.udemy.com/course/blender-3d-product-visualization-animations-h/
3D Motion Capture Looping Animation in Autodesk Maya,3898440,Lucas Ridley,"3D Animation, Animation, Autodesk Maya, Digital Art, 3D & Animation",3D & Animation,Intermediate,4 hours,4.7,27,234,"Rp149,000",11/2023,1,0,1,https://www.udemy.com/course/create-a-sci-fi-3d-animation-loop-in-autodesk-maya/
Master 2D and 3D Animation with After Effects,3607212,Harshit Srivastava,"Animation, Adobe After Effects, 3D & Animation, Design",3D & Animation,All Levels,1.5 hours,4.7,8,1950,"Rp149,000",11/2021,1,0,1,https://www.udemy.com/course/2d-and-3d-animation-with-after-effects/
3D in After Effects CC: Working & Animating in 3D Space,715404,Louay Zambarakji,"3D Animation, Animation, Adobe After Effects, 3D & Animation, Design",3D & Animation,All Levels,2.5 hours,4.6,554,27219,"Rp149,000",12/2023,2,0,1,https://www.udemy.com/course/after-effects-3d-animation-motion-graphics/
Facial Animation & More In Unreal Engine! | 3D Animation,1600104,Michael Ricks,"Unreal Engine, Animation, Game Development, Development",3D & Animation,All Levels,4 hours,4.5,244,2660,"Rp159,000",1/2023,6,0,2,https://www.udemy.com/course/facial-animation-in-unreal-engine-4/
Mastering 2D Animation in Adobe Animate (Basic to Advance),5928726,The Digital Tutors,"2D Animation, Adobe Animate, VFX Visual Effects, Character Animation, Other Design",3D & Animation,All Levels,34.5 hours,4.5,296,10736,"Rp149,000",12/2025,0,0,75,https://www.udemy.com/course/mastering-2d-animation-in-adobe-animate-basic-to-advance/
3D Animation using Unity Timeline,2121514,Pete Jepson,"Unity, 3D Animation, 3D & Animation, Design",3D & Animation,All Levels,8.5 hours,4.5,99,2009,"Rp149,000",12/2021,6,0,5,https://www.udemy.com/course/3d-animation-using-unity-timeline/
Learn Blender 3D sculpting as a beginner,6484369,Just Tis,"3D Modeling, 3D Sculpting, 3D & Animation, Design",3D & Animation,Beginner,12 hours,4.7,20,177,"Rp149,000",2/2025,0,0,7,https://www.udemy.com/course/learn-blender-3d-sculpting-as-a-beginner/
Ultimate 3D Environment Animation Course - Blender,4984876,Cov Phillips,"Blender, 3D Modeling, DaVinci Resolve, Substance Painter, 3D & Animation",3D & Animation,All Levels,13.5 hours,4.6,82,362,"Rp279,000",11/2022,0,0,0,https://www.udemy.com/course/escapecourse/
3D Animation and Game Teaser Production with Unity,3908352,Arda Yanik@ProjePark-Workshop,"3D Animation, Character Animation, Unity, 3D & Animation, Design",3D & Animation,All Levels,6.5 hours,4.7,4,89,"Rp149,000",5/2021,0,0,7,https://www.udemy.com/course/3d-animated-cartoon-production-with-unity/
Advanced 3D Logo Animation in Autodesk Maya,2184754,Lucas Ridley,"Motion Graphics, Autodesk Maya, 3D Animation, 3D & Animation, Design",3D & Animation,Intermediate,3 hours,4.9,24,240,"Rp149,000",2/2019,1,0,1,https://www.udemy.com/course/advanced-3d-logo-animation-in-autodesk-maya/
Blender Space Adventure: 3D Modeling & Animation,6041752,Abdelilah Hamdani,"Blender, 3D & Animation, Design",3D & Animation,Beginner,2.5 hours,4.0,1,25,"Rp149,000",7/2025,0,0,2,https://www.udemy.com/course/blender-3d-animation/
Blender for Complete Beginners,6225057,Allan Brito,"3D Modeling, 3D Rendering, 3D Texturing, 3D Animation, 3D & Animation",3D & Animation,Beginner,14 hours,4.3,45,236,"Rp149,000",3/2026,0,0,17,https://www.udemy.com/course/blender-43-for-beginners/
Blender 3D: Product Visualization Animation Masterclass,5412594,Nafay Sheikh,"Blender, 3D & Animation, Design",3D & Animation,All Levels,3 hours,4.7,17,222,"Rp149,000",6/2023,0,0,0,https://www.udemy.com/course/blender-3d-product-visualization-animation-masterclass/
Animate a professional looking jump in Autodesk Maya,3668964,Amedeo Beretta,"3D Animation, Autodesk Maya, 3D & Animation, Design",3D & Animation,Intermediate,4.5 hours,4.7,69,428,"Rp149,000",4/2021,0,0,4,https://www.udemy.com/course/animate-a-professional-looking-jump-in-autodesk-maya/
Quick and Easy 60+ Blender Projects For Beginners,6137723,My 3D Class,"Blender, 3D & Animation, Design",3D & Animation,Beginner,7 hours,4.3,19,160,"Rp149,000",1/2026,0,0,2,https://www.udemy.com/course/quick-and-easy-60-blender-projects-for-beginners/
The Complete Guide to Rigid Body Simulations in Blender 3D,1219734,Stephen Pearson,"Blender, 3D Animation, 3D Modeling, 3D & Animation, Design",3D & Animation,All Levels,2.5 hours,4.7,198,1481,"Rp149,000",9/2025,1,0,3,https://www.udemy.com/course/blender3d-rigidbodysimulation/
Blender Character Creation Megacourse: Beginner to Expert,5078738,Skillademia Academy,"Blender, 3D Modeling, 3D Animation, 3D Texturing, 3D & Animation",3D & Animation,All Levels,81.5 hours,4.3,118,5174,"Rp149,000",3/2026,0,0,4,https://www.udemy.com/course/blender-character-creation-megacourse-beginner-to-expert/
The Complete 2025 Guide to 3D Facial Rigging in Maya,4325752,Anass Cherkaoui,"3D Rigging, 3D Animation, Autodesk Maya, 3D & Animation, Design",3D & Animation,All Levels,9 hours,4.4,55,644,"Rp149,000",3/2026,2,0,2,https://www.udemy.com/course/facial-rigging-for-beginners-in-maya/
The Beginner's Guide to Animation (Unity 5 to 2020+),878522,"Penny de Byl, Penny Holistic3D","3D Animation, Unity, Game Development, Development",3D & Animation,Beginner,11.5 hours,4.7,2048,16227,"Rp149,000",2/2025,5,0,49,https://www.udemy.com/course/mastering-3d-animation-in-unity/
3D Character Creation: Retopologizing For Animation - Zbrush,265804,Victory3D LLC,"zBrush, Animation, 3D Animation, Game Design, Design",3D & Animation,All Levels,3 hours,4.4,185,1637,"Rp149,000",4/2018,1,0,3,https://www.udemy.com/course/retopologizing/
Blender 3D for AR VR: Modeling and Animation Masterclass,6994401,IEM Learning,"Blender, SketchUp, Figma, Canva, 3D & Animation",3D & Animation,Beginner,5 hours,4.7,432,860,"Rp149,000",2/2026,0,0,0,https://www.udemy.com/course/ar-vr-for-professionals-series-1/
3D ANIMATION: WALK and RUN CYCLE,718058,John Aurthur Mercader,"3D Animation, Animation, 3D & Animation, Design",3D & Animation,Beginner,1.5 hours,4.2,66,970,"Rp149,000",1/2016,1,0,0,https://www.udemy.com/course/3dwalkandrun/
The Structured Method of 3D Animation: HUMAN RUN CYCLE,6812827,Sunil Thankamushy,"Character Animation, 3D Animation, 3D & Animation, Design",3D & Animation,Beginner,2 hours,4.3,N/A,2,"Rp149,000",9/2025,1,0,2,https://www.udemy.com/course/the-structured-method-of-3d-animation-human-run-cycle/
Blender Beginner Drawing & Animation Class for 2D Artists,5864690,Mohammed Chatibi,"Animation, Drawing, 3D & Animation, Design",3D & Animation,Beginner,1.5 hours,3.6,12,98,"Rp159,000",3/2024,0,0,1,https://www.udemy.com/course/blender-beginner-drawing-animation-class-2d-artists/
After Effects CC: 3D Motion Graphics in After Effects,4074510,"Phil Ebiner, Sunny Heera, Video School","Adobe After Effects, 3D Animation, Motion Graphics, Video Creation, 3D & Animation",3D & Animation,Intermediate,5 hours,4.3,194,1311,"Rp149,000",4/2024,2,0,1,https://www.udemy.com/course/adobe-after-effects-cc-3d-course/
AI 3D Cartoon Masterclass: Animate Like Pixar Free,6653883,MATHEW DAVID,"3D Animation, 3D & Animation, Design",3D & Animation,Beginner,39 mins,2.7,5,22,"Rp149,000",6/2025,0,0,2,https://www.udemy.com/course/ai-3d-cartoon-masterclass-animate-like-pixar-free/
Mastering 3D Animation with iClone,3827660,Ogbonna Mba,"3D Animation, 3D & Animation, Design",3D & Animation,Beginner,5.5 hours,4.3,115,417,"Rp149,000",2/2021,0,0,0,https://www.udemy.com/course/mastering-3d-animation-with-iclone/
Learn Blender 3D - Become a 3D artist today,644614,Joe Baily,"Blender, 3D Animation, 3D & Animation, Design",3D & Animation,All Levels,21 hours,4.5,100,827,"Rp149,000",6/2021,1,0,3,https://www.udemy.com/course/blender-3d-for-beginners-becoming-a-3d-artist/
"Master Interior 3D Design, Modelling & Rendering In Blender",6792345,Edward Harding,"Blender, 3D Rendering, Interior Design, 3D Modeling, Design",3D & Animation,All Levels,22 hours,4.9,57,450,"Rp149,000",8/2025,0,0,3,https://www.udemy.com/course/master-interior-3d-design-modelling-rendering-in-blender/
Animated Cartoon Videos with AI & Easiest Animation Software,5280462,Salman Naseem,"Animation, 3D & Animation, Design",3D & Animation,Beginner,1.5 hours,4.3,57,548,"Rp149,000",10/2024,0,0,4,https://www.udemy.com/course/animated-story-with-ai-easiest-cartoon-making-software/
Intro to Maya 3D Animation for Beginners,3178476,David Bittorf,"Autodesk Maya, 3D Animation, 3D Modeling, 3D Texturing, 3D & Animation",3D & Animation,Beginner,16.5 hours,4.7,97,532,"Rp149,000",7/2020,0,0,8,https://www.udemy.com/course/autodesk-maya-for-beginners-complete-course/
Blender 3D - From Zero to Your First Character!,5582562,Gustavo Rosa,"Blender, 3D Modeling, Character Design, Character Modeling, 3D & Animation",3D & Animation,Beginner,10 hours,4.8,139,696,"Rp159,000",3/2025,0,0,4,https://www.udemy.com/course/blender-characters/
Fusion 360 Beginners Course,2668390,Jaiprakash Pandey,"Autodesk Fusion, 3D & Animation, Design",3D & Animation,Beginner,15.5 hours,4.7,6297,28393,"Rp149,000",2/2023,0,0,2,https://www.udemy.com/course/fusion-360-beginners-course/
"Creating 3D Animations, Game Asset, & Avatar Chatbot with AI",5799350,Christ Raharja,"Generative AI (GenAI), 3D Animation, AI Art Generation, Game Asset Creation, 3D & Animation",3D & Animation,All Levels,2.5 hours,3.8,18,3103,"Rp149,000",3/2026,0,0,16,https://www.udemy.com/course/creating-3d-animations-game-asset-avatar-chatbot-with-ai/
"Learn 3D Animation From The Scratch, Create Amazing Videos",1567304,Kadelu Adekunle,"3D Animation, Animation, 3D & Animation, Design",3D & Animation,All Levels,3.5 hours,4.8,N/A,9,"Rp149,000",3/2023,0,0,0,https://www.udemy.com/course/learn-3d-animation-from-the-scratch-create-amazing-videos/
Create a simple cinematic in Blender [SHORT FILM],4605840,Blender Roxi,"Blender, 3D Animation, 3D Modeling, 3D Sculpting, 3D & Animation",3D & Animation,All Levels,2.5 hours,4.2,20,112,"Rp149,000",3/2022,1,0,1,https://www.udemy.com/course/create-a-simple-cinematic-in-blender/
Blender for Animators: Learn Basic Fundamentals of Animation,4213222,John Aguda,"3D Animation, 3D & Animation, Design",3D & Animation,Intermediate,7.5 hours,3.6,10,114,"Rp149,000",8/2021,0,0,0,https://www.udemy.com/course/blender-for-animators-learn-basic-fundamentals-of-animation/
PLOTAGON 3D ANIMATION TUTORIAL,6493829,Eric Oyinbo,"3D & Animation, Design",3D & Animation,All Levels,1.5 hours,N/A,N/A,3,"Rp149,000",3/2025,0,0,0,https://www.udemy.com/course/plotagon-3d-animation-tutorial/
Complete Guide to Soft Body Physics Simulation in Blender 3D,1517604,Stephen Pearson,"Blender, 3D Animation, Physics, 3D & Animation, Design",3D & Animation,All Levels,2.5 hours,4.6,215,1643,"Rp149,000",9/2025,1,0,4,https://www.udemy.com/course/blender3dsoftbodysimulation/
Blender 3D Realistic Product Visualization / Animation,6766313,Sheraz Yousaf,"3D Rendering, 3D Modeling, 3D Animation, Blender, 3D & Animation",3D & Animation,Beginner,1.5 hours,4.2,8,703,"Rp149,000",8/2025,0,0,0,https://www.udemy.com/course/blender-3d-realistic-product-visualization-animation/
3D Studio Max Masterclass 2025: Your Path to a Pro 3D Artist,6315765,Syed Muneeb Mohsin,"Autodesk 3ds Max, 3D & Animation, Design",3D & Animation,All Levels,21 hours,4.2,25,188,"Rp149,000",1/2026,2,0,39,https://www.udemy.com/course/3ds-max-from-beginner-to-professional-level/
"Ultimate Art Bootcamp: Draw, Paint, Model, Animate & AI",6390667,"立派 汪, FRM,CIA,CCSA","Drawing, Animation, 3D Modeling, Painting, Graphic Design & Illustration",3D & Animation,Beginner,36 hours,5.0,7,68,"Rp149,000",3/2026,0,0,0,https://www.udemy.com/course/ultimate-art-bootcamp/
Blender 2.9 Grease Pencil First time Animation for Beginners,3680342,digital school,"Blender, 2D Animation, 3D & Animation, Design",3D & Animation,Beginner,3 hours,3.7,92,520,"Rp149,000",12/2020,0,0,0,https://www.udemy.com/course/greasepencils/
Master Character Animation in 3ds Max with Pro Techniques,1953770,A4Animation School,"Autodesk 3ds Max, 3D Modeling, 3D Rigging, Character Animation, 3D & Animation",3D & Animation,All Levels,2 hours,4.1,73,398,"Rp149,000",5/2024,0,0,25,https://www.udemy.com/course/super-easy-fun-3d-character-animation-in-3dsmax-part-i/
Learn Animation Production with Blender 2.9,3886396,Darrin Lile,"Blender, 3D & Animation, Design",3D & Animation,Beginner,11 hours,4.7,516,3419,"Rp159,000",7/2021,0,0,1,https://www.udemy.com/course/learn-animation-production-with-blender-29/
Spline 3D the complete course,6765653,Nicolas Forgue,"3D Rendering, 3D Animation, 3D Modeling, 3D & Animation, Design",3D & Animation,All Levels,11 hours,4.6,N/A,11,"Rp149,000",9/2025,0,0,0,https://www.udemy.com/course/spline-3d-the-complete-course/
Game Character Rigging in Maya: The Complete Guide in 2025,4429130,Anass Cherkaoui,"3D Rigging, 3D Animation, 3D & Animation, Design",3D & Animation,All Levels,13 hours,4.6,78,667,"Rp149,000",3/2026,2,0,2,https://www.udemy.com/course/game-character-rigging-for-beginners-in-maya/
Begin Animation: Complete Course For The Complete Beginner,5829904,Eon De Bruin,"Animation, 3D & Animation, Design",3D & Animation,Intermediate,4.5 hours,4.5,34,127,"Rp149,000",2/2024,0,0,2,https://www.udemy.com/course/begin-animation/
Learn to Animate: Create 3D Animations with Free Software,5562532,Ezema Ben Ike,"3D Animation, Video Design, Photography & Video",3D & Animation,All Levels,11 hours,1.3,2,14,"Rp169,000",7/2025,0,0,2,https://www.udemy.com/course/3d-animation-creation-with-muvizu/
Blender Sci-fi Scenes with Eevee,2791410,3D Tudor,"3D Modeling, 3D Animation, 3D Rendering, 3D Texturing, 3D & Animation",3D & Animation,Beginner,18.5 hours,4.8,223,35569,"Rp149,000",8/2024,0,0,1,https://www.udemy.com/course/blender-28-beginners-guide-to-3d-modeling-a-sci-fi-scene/
Blender 3D VFX Masterclass: Camera Tracking & CGI,6404631,Udit Gala,"VFX Visual Effects, 3D Animation, Blender, Adobe After Effects, 3D & Animation",3D & Animation,All Levels,10 hours,4.2,18,2191,"Rp149,000",12/2025,4,0,8,https://www.udemy.com/course/blender-masterclass-camera-tracking-vfx-combined/
Unity 3D & Maya: Create & Submit Art to Unity Asset Store,412622,Alan Balodi,"Autodesk Maya, 3D Animation, Unity, 3D & Animation, Design",3D & Animation,All Levels,11.5 hours,4.5,117,1397,"Rp149,000",1/2018,0,0,9,https://www.udemy.com/course/unity-3d-and-maya-create-and-submit-art-to-unity-asset-store/
"Unreal Engine: Crafting 3D Worlds, Cinematics & Animation",5891296,Nicco Kuc,"Unreal Engine, 3D Rendering, 3D Texturing, 3D Animation, 3D & Animation",3D & Animation,All Levels,4.5 hours,4.4,70,565,"Rp149,000",12/2024,0,0,6,https://www.udemy.com/course/unreal-engine-crafting-3d-worlds-cinematics-animation/
Blender: 3D Modelling & Rigging for Beginners 2025,783800,Thomas McDonald,"Blender, 3D Animation, 3D Modeling, 3D & Animation, Design",3D & Animation,Beginner,7 hours,4.5,88,1759,"Rp149,000",11/2025,1,0,4,https://www.udemy.com/course/learn-3d-modelling-rigging/
"Motion Graphic, Visual Effects, Animation with Generative AI",6481955,Christ Raharja,"Motion Graphics, Animation, VFX Visual Effects, Generative AI (GenAI), 3D & Animation",3D & Animation,All Levels,2.5 hours,3.8,64,3271,"Rp149,000",11/2025,0,0,17,https://www.udemy.com/course/motion-graphic-visual-effects-animation-with-generative-ai/
Animate Like Pro - 2D Animation in Animate - Beginner Level,6476469,The Digital Tutors,"Adobe Animate, Animation, 2D Animation, 3D & Animation, Design",3D & Animation,Beginner,10 hours,4.7,43,4568,"Rp149,000",12/2025,0,0,27,https://www.udemy.com/course/2d-animation-in-animate-beginner-level/
The Structured Method of 3D Animation: DINOSAUR RUN CYCLE,6642817,Sunil Thankamushy,"3D Animation, 3D & Animation, Design",3D & Animation,All Levels,2.5 hours,4.8,N/A,1,"Rp169,000",7/2025,1,0,0,https://www.udemy.com/course/the-structured-method-of-3d-animation-dinosaur-run-cycle/
Complete Blender Mega Course for Absolute Beginners,6640871,Amit kumar deb,"Blender, Sculpting, 3D Animation, 3D Modeling, 3D & Animation",3D & Animation,All Levels,7 hours,4.5,N/A,4,"Rp149,000",6/2025,0,0,8,https://www.udemy.com/course/blender-mega-course-for-absolute-beginners/
Unlock the World of 3D: Mastering Adobe Substance 3D Stager,5648670,Daniela Norvik,"3D Rendering, 3D & Animation, Design",3D & Animation,All Levels,3 hours,4.8,8,83,"Rp149,000",1/2024,0,0,41,https://www.udemy.com/course/unlock-the-world-of-3d-adobe-stager/
Blender 3.0: Your First Looping Animation!,4472838,Smeaf ‎,"3D Animation, 3D Modeling, Blender, 3D & Animation, Design",3D & Animation,Beginner,1 hour,4.6,93,1199,"Rp149,000",1/2022,0,0,0,https://www.udemy.com/course/blender-30-your-first-looping-animation/
Autodesk Maya - The Perfect Guide to 3D Animation,4507954,DIGIFLAX E-LEARNING,"Autodesk Maya, Autodesk, 3D & Animation, Design",3D & Animation,All Levels,1 hour,4.0,25,3828,"Rp149,000",1/2022,0,0,0,https://www.udemy.com/course/autodesk-maya-course/
Video Games Animation Course - Animating An In Game Jump,4697620,Opi Chaggar,"Animation, 3D Animation, Autodesk Maya, Autodesk, 3D & Animation",3D & Animation,All Levels,1.5 hours,5.0,2,18,"Rp149,000",5/2022,0,0,0,https://www.udemy.com/course/video-games-animation-course-animating-an-in-game-jump/
Learn How to Attract More Clients with VFX Animations,6484393,Mykola Dokhnenko,"VFX Visual Effects, 3D Animation, 3D Modeling, Product Design, 3D & Animation",3D & Animation,All Levels,1 hour,4.5,1,5,"Rp149,000",2/2025,0,0,0,https://www.udemy.com/course/learn-how-to-attract-more-clients-with-vfx-animations/
Photo Realistic 3D Rendering and Video Animations in KeyShot,4397546,Basheer Ahamed Mohamed Nishad,"3D Animation, 3D Rendering, 3D & Animation, Design",3D & Animation,All Levels,2.5 hours,4.4,70,384,"Rp149,000",3/2024,0,0,3,https://www.udemy.com/course/3d-rendering-with-keyshot-from-beginners-to-advanced-course/
Complete Guide to the Fire & Smoke Simulation in Blender 3D,1309048,Stephen Pearson,"Blender, 3D Animation, 3D Rendering, 3D & Animation, Design",3D & Animation,All Levels,5 hours,4.7,404,3481,"Rp149,000",9/2025,1,0,2,https://www.udemy.com/course/blender3d-fire-smoke-simulation/
Learn 3D Motion Graphics: Cinema 4D Beginner’s Guide,6290465,Ag Motion Designs,"3D Animation, Design Tools, Design",3D & Animation,Beginner,2 hours,5.0,2,14,"Rp149,000",11/2024,0,0,0,https://www.udemy.com/course/learn-3d-motion-graphics-cinema-4d-beginners-guide/
Beginner Blender Animation For Kids,1638766,Harry Wilder,"Animation, Blender, Entrepreneurship, Business",3D & Animation,Beginner,44 mins,4.0,14,86,"Rp149,000",5/2018,0,0,0,https://www.udemy.com/course/blender-kids/
Low-Poly Character Modeling & Animation in Blender for Unity,3572065,Billy McDaniel,"Character Animation, 3D Modeling, Blender, Unity, Game Development",3D & Animation,Beginner,7 hours,4.7,51,507,"Rp149,000",7/2022,2,0,22,https://www.udemy.com/course/low-poly-character-modeling-animation-in-blender-for-unity/
Blender Masterclass: Learn Blender in only 6 Hours,3352372,Ruan Lotter,"Blender, 3D & Animation, Design",3D & Animation,All Levels,6 hours,4.6,158,768,"Rp149,000",7/2022,0,0,0,https://www.udemy.com/course/learnblender/
Animate a Rocket Launch: Smoke & Fire Simulation in Blender,2475584,Abdelilah Hamdani,"Blender, Photorealistic Rendering, Fluid Mechanics, 3D & Animation, Design",3D & Animation,Beginner,4.5 hours,4.5,74,1385,"Rp149,000",3/2025,0,0,7,https://www.udemy.com/course/rocket-launch-animation/
3D Walk Cycle Animation using Autodesk Maya,4737996,Cristina Zoica Dumitru,"Autodesk, Autodesk Maya, 3D & Animation, Design",3D & Animation,Intermediate,4 hours,4.8,9,33,"Rp149,000",10/2024,0,0,6,https://www.udemy.com/course/3d-walk-cycle-animation-using-autodesk-maya/
3D character rigging for animation in Cinema 4D Masterclass,2874226,Moy Lobito,"3D Animation, 3D Rigging, Cinema 4D, 3D & Animation, Design",3D & Animation,Intermediate,8 hours,4.4,103,543,"Rp149,000",5/2020,0,0,1,https://www.udemy.com/course/3d-character-rigging-for-animation-in-cinema-4d-masterclass-moylobito/
Blend Your Imagination: Blender Character Megacourse,5202610,Promise Sebastian,"3D Modeling, 3D & Animation, Design",3D & Animation,All Levels,17 hours,5.0,8,159,"Rp149,000",6/2023,0,0,8,https://www.udemy.com/course/blender-creator/
Animation and modeling for structure models and rebars,6478583,ahmed abdalkader,"3D Animation, 3D Modeling, Engineering, Teaching & Academics",3D & Animation,Expert,4.5 hours,5.0,6,16,"Rp349,000",2/2025,0,0,0,https://www.udemy.com/course/animation-and-modeling-for-structure-models-and-rebars/
3D Text Animation in Autodesk Maya,2181198,Lucas Ridley,"Kinetic Typography, Autodesk Maya, 3D & Animation, Design",3D & Animation,Beginner,4 hours,4.6,18,172,"Rp149,000",5/2021,0,0,2,https://www.udemy.com/course/3d-text-animation-in-autodesk-maya/
Introduction To 3D Character Animation In Unreal Engine!,1495440,Michael Ricks,"Unreal Engine, 3D & Animation, Design",3D & Animation,All Levels,5.5 hours,4.3,407,4312,"Rp149,000",1/2023,12,0,10,https://www.udemy.com/course/animate-your-character-in-unreal-engine-4/
Blender 3D Product Animation: Fast-Track CGI for Beginners,6674935,VDYA World,"3D Animation, Blender, 3D & Animation, Design",3D & Animation,Beginner,2.5 hours,3.6,3,219,"Rp149,000",6/2025,0,0,0,https://www.udemy.com/course/blenderproductanimation/
The Ultimate 3D Facial Rigging Guide for Beginners in 2O25,1698530,Anass Cherkaoui,"3D Rigging, Autodesk 3ds Max, 3D & Animation, Design",3D & Animation,All Levels,4.5 hours,4.7,149,982,"Rp149,000",3/2026,2,0,3,https://www.udemy.com/course/facial-rigging-for-beginners-in-3ds-max-2018/
Blender 4: The Ultimate Environment Artist's Guide,5834858,3D Tudor,"Blender, 3D Environment Modeling, 3D Rendering, 3D Modeling, Game Design",3D & Animation,All Levels,41 hours,4.7,225,3104,"Rp149,000",1/2026,0,0,1,https://www.udemy.com/course/blender-4-the-ultimate-environment-artists-guide/
Principles of Animation: The Art of Appealing Motion,3744526,Lucas Ridley,"2D Animation, Adobe After Effects, Animation, Stop Motion Animation, 3D & Animation",3D & Animation,Beginner,4 hours,4.7,191,986,"Rp149,000",11/2022,2,0,1,https://www.udemy.com/course/principles-of-animation-the-art-of-appealing-motion/
Blender 3D: Create a Realistic Sci-Fi Movie Scene,6434363,Daren Perincic,"Blender, 3D Rendering, 3D Animation, 3D Modeling, 3D & Animation",3D & Animation,Beginner,5.5 hours,4.6,30,217,"Rp149,000",2/2025,0,0,0,https://www.udemy.com/course/blender-3d-create-a-realistic-sci-fi-movie-scene/
Blender to Unreal Engine Become a Dungeon Prop Artist,4911324,3D Tudor,"Blender, 3D Modeling, Game Art, Unreal Engine, 3D & Animation",3D & Animation,All Levels,29.5 hours,4.7,172,3098,"Rp149,000",4/2025,0,0,1,https://www.udemy.com/course/blender-to-unreal-engine-become-a-dungeon-prop-artist/
Break Into The Animation Industry,2361334,Lucas Ridley,"Career Development, Animation, 3D Animation, Career Change, 3D & Animation",3D & Animation,Beginner,7 hours,4.8,156,811,"Rp149,000",11/2022,1,0,2,https://www.udemy.com/course/break-into-the-animation-industry/
Character creation for Unreal Engine,6672309,Julien Deville,"3D Modeling, 3D Texturing, 3D Animation, 3D Sculpting, 3D & Animation",3D & Animation,Beginner,7.5 hours,4.7,33,323,"Rp149,000",6/2025,0,0,13,https://www.udemy.com/course/character-creation-for-unreal-engine/
Maya & Unreal 3D Character Kpop Dance Animation Fundamentals,2541744,Class Creatives,"Character Animation, 3D Animation, Unreal Engine, VFX Visual Effects, Game Development",3D & Animation,Intermediate,9 hours,4.4,11,229,"Rp149,000",11/2025,1,0,6,https://www.udemy.com/course/maya-unreal-3d-character-kpop-dance-animation-fundamentals/
The Game Design and AI Master Class Beginner to Expert,526534,[ School of Game Design ],"Game Development Fundamentals, C (programming language), Game Design, Design",3D & Animation,All Levels,85 hours,3.9,8485,71293,"Rp149,000",5/2024,13,0,21,https://www.udemy.com/course/become-a-game-designer/
Complete course of making 3D motion graphics in Cinema4D,3486260,Motion Guru,"3D Animation, 3D Modeling, Cinema 4D, Motion Graphics, 3D & Animation",3D & Animation,Expert,16 hours,3.7,129,19687,"Rp149,000",6/2022,0,0,11,https://www.udemy.com/course/complete-course-of-making-3d-motion-graphics-project-part-2/
Save Time in Character Animation for After Effects,326862,2D Animation 101 Courses,"Character Animation, Animation, Adobe After Effects, 3D & Animation, Design",3D & Animation,All Levels,4.5 hours,4.6,346,6027,"Rp149,000",9/2018,1,0,10,https://www.udemy.com/course/2d-character-animation-puppet-in-after-effects/
Poolrooms in Blender - step by step - (beginner friendly),4986716,Sime Bugarija,"Blender, 3D & Animation, Design",3D & Animation,Beginner,5 hours,4.7,32,223,"Rp149,000",12/2022,0,0,10,https://www.udemy.com/course/poorooms-backrooms-in-blender-step-by-step-beginner-friendly-tutorial/
Blender Now: The Essential Guide to Animating Now!,2082922,Sawyer Harr,"3D Animation, 3D & Animation, Design",3D & Animation,Beginner,4 hours,4.5,8,76,"Rp149,000",12/2018,0,0,21,https://www.udemy.com/course/blendernow/
Learn Computer Graphics with Blender 3D Beginner to Pro,5735950,WealthCraft Academy,"Animation, 3D & Animation, Design",3D & Animation,All Levels,2 hours,3.9,16,562,"Rp149,000",2/2024,0,0,25,https://www.udemy.com/course/learn-computer-graphics-with-blender-3d-beginner-to-pro/
3D Animation for Architecture 3ds max + Vray (phase 1),495502,Mohammad EL Ashram,"Animation, Autodesk 3ds Max, V-Ray, 3D & Animation, Design",3D & Animation,All Levels,2 hours,4.6,253,6201,"Rp149,000",12/2019,1,0,5,https://www.udemy.com/course/arch-animation-1/
The Complete Guide to the Fluid Simulation in Blender,1265056,Stephen Pearson,"Blender, 3D Animation, 3D Rendering, 3D & Animation, Design",3D & Animation,All Levels,3.5 hours,4.5,702,5515,"Rp149,000",10/2024,3,0,2,https://www.udemy.com/course/blender-fluid-simulation/
Blender Beginners Masterclass: The Cookie Factory,6303857,3D Tudor,"Blender, 3D Animation, 3D Modeling, 3D Rendering, 3D & Animation",3D & Animation,All Levels,19 hours,4.6,73,834,"Rp149,000",3/2026,0,0,3,https://www.udemy.com/course/blender-beginners-masterclass-the-cookie-factory/
Complete Blender 3D Texturing and Animation Megacourse,6283247,Skillademia Academy,"Blender, 3D Texturing, 3D Animation, 3D Modeling, 3D & Animation",3D & Animation,Intermediate,8 hours,3.8,7,3350,"Rp149,000",3/2026,0,0,4,https://www.udemy.com/course/complete-blender-3d-texturing-and-animation-megacourse/
3D Architectural Visuals: Master Blender & Unreal Engine,3281026,Thomas McDonald,"Architectural Design, Design",3D & Animation,Beginner,6 hours,4.5,79,782,"Rp149,000",5/2025,1,0,25,https://www.udemy.com/course/unreal-engine-4-for-architecture-cinematic-creation/
CityEngine & Twinmotion Masterclass: Urban 3D Visualization,6785247,Mohammadreza Lajevardi,"Twinmotion, Architectural Design, Design",3D & Animation,All Levels,17.5 hours,4.7,19,1071,"Rp149,000",1/2026,7,0,6,https://www.udemy.com/course/cityengine-twinmotion-masterclass-urban-3d-visualization/
"Virtual Reality Visualisation ( VRED , Blender ) and Coding",6162231,Khaja Mohamed,"3D Rendering, 3D Texturing, 3D Modeling, Other IT & Software, IT & Software",3D & Animation,Beginner,1.5 hours,3.9,8,779,"Rp457,000.00",3/2026,66,0,0,https://www.udemy.com/course/vred-high-end-3d-visualization-and-design-software-course/
"Spline Design: Create Objects, Scenes and Animations in 3D",4726892,Yeti Learn,"3D Animation, 3D Sculpting, Character Modeling, 3D Modeling, 3D & Animation",3D & Animation,All Levels,3.5 hours,3.8,225,1714,"Rp149,000",9/2023,0,0,0,https://www.udemy.com/course/spline-design/
Create 3D Intro Using Adobe After Effects & Element 3D,267978,Uri Soglowek,"Adobe After Effects, 3D Animation, Video & Mobile Marketing, Marketing",3D & Animation,All Levels,1.5 hours,4.2,14,242,"Rp249,000",7/2015,0,0,0,https://www.udemy.com/course/create-3d-intro-using-adobe-after-effects/
Blender Building Masterclass from Concept to Final Render,6637743,3D Tudor,"Blender, 3D Environment Modeling, 3D Modeling, 3D Rendering, 3D & Animation",3D & Animation,All Levels,40.5 hours,4.6,48,623,"Rp149,000",1/2026,0,0,2,https://www.udemy.com/course/blender-building-masterclass-from-concept-to-final-render/
Blender VFX for Beginners: Add Animated Characters to Videos,6402535,My 3D Class,"Blender, VFX Compositing, VFX Visual Effects, 3D & Animation, Design",3D & Animation,Beginner,5.5 hours,4.6,10,50,"Rp149,000",1/2026,0,0,7,https://www.udemy.com/course/blender-vfx-for-beginners-add-animated-characters-to-videos/
Blender Environment Artist: Create 3D Worlds,1788810,"GameDev.tv Team, Rick Davidson, Grant Abbitt","Blender, Game Development Fundamentals, 3D Texturing, 3D Rendering, 3D & Animation",3D & Animation,Beginner,12 hours,4.8,4357,46097,"Rp159,000",1/2026,2,0,64,https://www.udemy.com/course/blenderenvironment/
Use Blender and Substance Painter to create This classic car,5990026,Edward Harding,"Blender, 3D & Animation, Design",3D & Animation,All Levels,35.5 hours,4.7,14,112,"Rp149,000",11/2024,0,0,6,https://www.udemy.com/course/use-blender-and-substance-painter-to-create-this-classic-car/
Blender with ChatGPT Generated Python Scripts,5534388,Salman Naseem,"Blender, ChatGPT, Python, 3D & Animation, Design",3D & Animation,Beginner,1 hour,4.1,14,1088,"Rp149,000",4/2024,0,0,7,https://www.udemy.com/course/blender-3d-with-chatgpt-generated-python-scripts/
Blender to Unreal Engine 5,4164138,3D Tudor,"3D Modeling, 3D Animation, Blender, Unreal Engine, 3D & Animation",3D & Animation,Beginner,21 hours,4.7,382,5412,"Rp149,000",4/2025,0,0,0,https://www.udemy.com/course/blender-to-unreal-engine-5/
Animation In After Effects (Full Version),357058,Dara Harper,"Adobe After Effects, Animation, 3D & Animation, Design",3D & Animation,All Levels,4.5 hours,4.2,48,709,"Rp149,000",1/2015,0,0,14,https://www.udemy.com/course/animation-in-after-effects/
Blender Cinematic Intro: Create Studio-Style Intro Animation,6646183,VDYA World,"Blender, 3D & Animation, Design",3D & Animation,All Levels,2 hours,5.0,2,18,"Rp149,000",6/2025,0,0,0,https://www.udemy.com/course/blender-animations/
Mastering Visual Effects in Adobe Animate-Intermediate Level,3375578,The Digital Tutors,"Adobe Animate, 2D Animation, 3D & Animation, Design",3D & Animation,Intermediate,5 hours,4.5,59,3610,"Rp149,000",6/2025,0,0,33,https://www.udemy.com/course/visual-effects-with-adobe-animate/
Become an Expert 3D Games Developer/Artist/Animator,17937,Jayesh Ranavaya,"3D Game Development, 3D Animation, Game Design, Design",3D & Animation,All Levels,7 hours,4.1,15,350,"Rp169,000",1/2015,0,0,0,https://www.udemy.com/course/become-a-games-developer/
"Blender 3D: Model, Rig, Texture for Unreal & Unity",2425878,Thomas McDonald,"Blender, Game Design, Design",3D & Animation,Beginner,8.5 hours,4.6,210,2139,"Rp149,000",5/2025,1,0,28,https://www.udemy.com/course/game-asset-bootcamp-blender-28-unreal-engine-unity/
Learning Unreal Engine: From Beginner To Advanced,5028554,Michael Ricks,"Unreal Engine, Game Development, Development",3D & Animation,All Levels,24 hours,4.6,112,1667,"Rp149,000",1/2025,34,0,22,https://www.udemy.com/course/learning-unreal-engine-from-beginner-to-pro/
Blender 3D Crash Course for Absolute Beginners,1928080,Surfaced Studio,"3D Animation, 3D & Animation, Design",3D & Animation,Beginner,4 hours,4.7,67,420,"Rp149,000",10/2018,0,0,1,https://www.udemy.com/course/blender-3d-crash-course-for-absolute-beginners/
Learn Maya In Three Hours,1757858,Ruan Lotter,"Autodesk Maya, 3D Animation, 3D Lighting, 3D Rendering, 3D & Animation",3D & Animation,All Levels,3 hours,4.7,213,751,"Rp149,000",6/2023,0,0,6,https://www.udemy.com/course/learnmaya/
Learn How to Animate: 2D Animation for Beginners,2582300,Siobhan Twomey,"Animation, Character Animation, 3D & Animation, Design",3D & Animation,Beginner,1.5 hours,4.6,1834,9318,"Rp149,000",11/2025,1,0,1,https://www.udemy.com/course/learn-animation/
Introduction to Human IK In Maya for 3d Animation,630038,3dmotive LLC,"Autodesk Maya, 3D Animation, Animation, 3D & Animation, Design",3D & Animation,Beginner,1 hour,4.4,18,149,"Rp149,000",4/2017,1,0,1,https://www.udemy.com/course/3dmotive-introduction-to-human-ik-in-maya/
Blender Certification Pixar Animation course masterclass,3397420,Sio Vaspa,"Blender, 3D Animation, 3D Modeling, 3D Texturing, 3D & Animation",3D & Animation,All Levels,2.5 hours,4.5,N/A,8,"Rp149,000",7/2024,1,0,4,https://www.udemy.com/course/blender-pixar-animation-character-course-masterclass/
Maya & Unreal: 3D Character Animation Jump Flip Fundamentals,2495098,Class Creatives,"Character Animation, 3D Animation, 3D Rigging, Unreal Engine, Game Development",3D & Animation,Intermediate,3 hours,3.9,10,144,"Rp149,000",11/2025,1,0,5,https://www.udemy.com/course/maya-unreal-3d-character-animation-jump-flip-fundamentals/
Maya For FX Artists - Projects Based Course,2051941,Raffi Bedross,"Computational Fluid Dynamics (CFD), VFX Visual Effects, Autodesk Maya, 3D & Animation, Design",3D & Animation,All Levels,9 hours,4.4,641,4603,"Rp149,000",11/2024,14,0,17,https://www.udemy.com/course/complete-maya-fluids-bootcamp/
Learn 3Ds Max Beginner to Advanced : A Complete Guide,5728526,Syed Muneeb Mohsin,"Autodesk 3ds Max, 3D Rendering, 3D & Animation, Design",3D & Animation,Beginner,10 hours,4.5,38,193,"Rp149,000",1/2026,2,0,5,https://www.udemy.com/course/learn-3ds-max-2024-from-scratch-a-step-by-step-course/
Introduction to Animation in Maya,4227144,Nexttut Education Pvt.Ltd.,"3D Animation, 3D & Animation, Design",3D & Animation,Beginner,10 hours,4.7,293,2302,"Rp149,000",6/2023,0,0,0,https://www.udemy.com/course/introduction-to-animation-in-maya-2022/
Blender Essential: From Beginner to 3D Masterclass,5950120,Learnify IT,"Blender, 3D & Animation, Design",3D & Animation,All Levels,4 hours,4.0,277,36424,"Rp149,000",6/2024,0,0,0,https://www.udemy.com/course/blender-essential-from-beginner-to-3d-masterclass/
Blender 3D | Masterclass for Beginners Dune Edition Part 3,6185005,Daren Perincic,"Blender, 3D & Animation, Design",3D & Animation,Beginner,5 hours,5.0,2,35,"Rp149,000",2/2025,0,0,0,https://www.udemy.com/course/blender-3d-masterclass-for-beginners-dune-edition-part-3/
Blender 4: The Modular and Kitbash Environment Guide,6132921,3D Tudor,"Blender, 3D Environment Modeling, 3D Modeling, 3D Rendering, 3D & Animation",3D & Animation,All Levels,34.5 hours,4.7,96,1463,"Rp149,000",1/2026,0,0,2,https://www.udemy.com/course/blender-4-the-modular-and-kitbash-environment-guide/
Complete Guide to Maya,4743994,Nexttut Education Pvt.Ltd.,"Autodesk Maya, 3D & Animation, Design",3D & Animation,Beginner,18 hours,4.6,234,1356,"Rp149,000",6/2023,1,0,0,https://www.udemy.com/course/complete-guide-to-maya-2023/
The walk cycle animation,3083968,Omar Qandeel,"3D Animation, Animation, Autodesk Maya, 3D & Animation, Design",3D & Animation,Beginner,1.5 hours,5.0,2,20,"Rp149,000",5/2020,0,0,0,https://www.udemy.com/course/the-walk-cycle-animation/
After Effects CC for Beginners: Mastering Typography,2976670,Lucas Ridley,"Adobe After Effects, Character Animation, Motion Graphics, VFX Visual Effects, 3D & Animation",3D & Animation,All Levels,12.5 hours,4.8,34,310,"Rp149,000",11/2022,3,0,3,https://www.udemy.com/course/adobe-after-effects-cc-ultimate-guide/
Meshy AI: 3D and Artificial Intelligence for Everyone.,6139085,Marcello Pattarin,"Generative AI (GenAI), AI Art Generation, 3D & Animation, Design",3D & Animation,All Levels,14 hours,2.5,10,65,"Rp149,000",4/2026,0,0,17,https://www.udemy.com/course/meshy-ai-3d-and-artificial-intelligence-for-everyone/
3D Character Walk Cycle Animation with Maya for Beginners,528344,Nash Lin,"Autodesk Maya, 3D Animation, Animation, 3D & Animation, Design",3D & Animation,All Levels,5.5 hours,3.3,23,906,"Rp149,000",8/2016,0,0,0,https://www.udemy.com/course/3d-character-walk-cycle-animation-with-maya-for-beginners/
The Complete Guide to the Cloth Simulation in Blender 3D,1415096,Stephen Pearson,"Blender, 3D Animation, 3D & Animation, Design",3D & Animation,All Levels,2 hours,4.6,235,1613,"Rp149,000",9/2025,1,0,2,https://www.udemy.com/course/blender-3d-cloth-simulation-guide/
3D Pixel Characters Modeling & Animations for all. Unity 3D,676088,Yohann Taieb,"Unity, 3D Animation, Financial Modeling, Game Design, Design",3D & Animation,All Levels,4.5 hours,4.2,119,1165,"Rp149,000",7/2019,2,0,1,https://www.udemy.com/course/3d-pixel-characters-modeling-animations-for-all-unity-3d/
Blender 4 Geometry Nodes Workshop: Jungle Vines,5862560,3D Tudor,"Blender, 3D Animation, 3D & Animation, Design",3D & Animation,All Levels,3.5 hours,4.9,10,170,"Rp149,000",1/2026,0,0,1,https://www.udemy.com/course/blender-4-geometry-nodes-workshop-jungle-vines/
Blender Modelling and Animation Project workshop masterclass,3637260,Sio Vaspa,"3D Animation, 3D Modeling, 3D Texturing, Blender, 3D & Animation",3D & Animation,All Levels,4.5 hours,4.8,N/A,4,"Rp149,000",9/2023,0,0,4,https://www.udemy.com/course/blender-modelling-and-animation-project-workshop-masterclass/
Blender VFX Compositing: Game-Style Visual Effects,6596149,Udit Gala,"VFX Compositing, Blender, Adobe After Effects, 3D Animation, 3D & Animation",3D & Animation,All Levels,4 hours,4.9,4,1033,Free,12/2025,2,0,15,https://www.udemy.com/course/gs-masterclass/
Make Money With Animation And Design,1360676,2D Animation 101 Courses,"Entrepreneurship Fundamentals, Entrepreneurship, Business",3D & Animation,Intermediate,2.5 hours,4.5,62,433,"Rp149,000",9/2018,0,0,0,https://www.udemy.com/course/make-money-with-animation-and-design/
Unity Game Mechanics Mastery and Blender 3D Modeling,1507192,"Mammoth Interactive, John Bura","Game Mechanics, 3D Modeling, C (programming language), Unity, Game Development",3D & Animation,All Levels,22.5 hours,4.5,2,72,Free,5/2018,4,0,3,https://www.udemy.com/course/unityblendercourse/
Mastering 3D Animation : News Intro and Motion Graphics,5459590,Dfx Studio,"Adobe After Effects, 3D Animation, Cinema 4D, 3D & Animation, Design",3D & Animation,Intermediate,1.5 hours,3.2,5,14,"Rp149,000",8/2023,0,0,1,https://www.udemy.com/course/mastering-3d-animation-news-intro-and-motion-graphics/
"Web 3.0 Portfolio - ReactJs, Spline 3D & Framer Motions",4591482,Vetrivel Ravi,"React JS, JavaScript, Other IT & Software, IT & Software",3D & Animation,Beginner,2 hours,4.5,8,67,"Rp149,000",3/2022,0,0,0,https://www.udemy.com/course/web-30-portfolio-reactjs-spline-3d-framer-motions/
Blender 3D Model a Ghibli Art Stylized Scene,4036136,3D Tudor,"Blender, 3D Modeling, Game Art, Game Design, Game Development",3D & Animation,All Levels,24 hours,4.7,108,13732,"Rp149,000",8/2024,0,0,7,https://www.udemy.com/course/blender-ghibli-beginners-3d-model-guide-oriental-stylized-scene/
Cinema 4D - Looping 3D Animation for Instagram and GIF,1923028,Dave Bergin,"Cinema 4D, Adobe After Effects, 3D Animation, 3D & Animation, Design",3D & Animation,Beginner,2 hours,4.8,152,492,"Rp399,000",3/2019,0,0,4,https://www.udemy.com/course/cinema4d-looping-animation/
Create a complete 3D Animation -C1- Character modeling,4345268,ALAOUCHICHE Abdelhamid,"Character Modeling, Digital Character Sculpting, 3D & Animation, Design",3D & Animation,Intermediate,3.5 hours,2.5,2,9,"Rp149,000",10/2021,0,0,0,https://www.udemy.com/course/bittersweet-pumpkin-chapter-01-character-modeling/
Blender 3 to Unreal Engine 5 Dungeon Modular Kitbash,4805880,3D Tudor,"Blender, 3D Modeling, Game Design, Unreal Engine, 3D & Animation",3D & Animation,Beginner,26.5 hours,4.3,102,2453,"Rp149,000",4/2025,0,0,1,https://www.udemy.com/course/blender-3-to-unreal-engine-5-kitbash/
Complete Guide to Maya 2024,5429130,Nexttut Education Pvt.Ltd.,"Autodesk Maya, 3D Modeling, 3D & Animation, Design",3D & Animation,Beginner,17 hours,4.6,599,3271,"Rp149,000",7/2023,0,0,0,https://www.udemy.com/course/complete-guide-to-maya-2024/
Mastering 3D Graphs and Animations in Microsoft PowerPoint,5527908,VISHAL SAHU,"PowerPoint, Microsoft, Office Productivity",3D & Animation,Intermediate,2 hours,4.5,9,855,"Rp149,000",3/2025,0,0,3,https://www.udemy.com/course/mastering-3d-graphs-and-animations-in-microsoft-powerpoint/
3D musical marbles - 3d Khoai Art Produces Tiktok Youtube,5598612,Đinh Văn Thi,"3D Animation, Cartoon Animator 4, Autodesk 3ds Max, 3D & Animation, Design",3D & Animation,All Levels,4 hours,4.2,23,61,"Rp149,000",12/2023,0,0,3,https://www.udemy.com/course/khoai-art-produces-tiktok-youtube-content-multi-platform/
The Future of Filmmaking: Text to Film AI Generation,5543992,Christ Raharja,"Generative AI (GenAI), Storyboarding, Filmmaking, AI Content Generation, Media",3D & Animation,Beginner,2 hours,3.7,28,3105,"Rp149,000",9/2023,0,0,8,https://www.udemy.com/course/the-future-of-filmmaking-text-to-film-ai-generation/
Character Animation with Blender for Beginners,747604,Danan Thilakanathan,"Blender, Animation, 3D Animation, Character Animation, 3D & Animation",3D & Animation,Beginner,6 hours,3.9,319,3303,"Rp149,000",10/2016,6,0,2,https://www.udemy.com/course/character-animation-for-beginners/
Introduction to Animation Modeling and Gaming Infrastructure,3571199,Global Education Foundation,"3D Rendering, Animation, Graphic Design, Video Creation, 3D & Animation",3D & Animation,Beginner,1.5 hours,3.7,8,1903,"Rp149,000",1/2021,0,0,0,https://www.udemy.com/course/android-3d-modeling-graphic-designing-masterclass/
Learn Blender 3D - The Project course,665142,Joe Baily,"Blender, 3D Animation, Microsoft Project, 3D & Animation, Design",3D & Animation,All Levels,8 hours,4.5,16,170,"Rp149,000",7/2018,1,0,0,https://www.udemy.com/course/learn-blender-3d-project-course-your-1st-project/
aurora 3d logo text animation for beginners,6362579,Mostafa Sayed,"3D Animation, 3D & Animation, Design",3D & Animation,Beginner,4.5 hours,5.0,3,8,"Rp149,000",3/2026,0,0,3,https://www.udemy.com/course/learn-3d-graphic-in-25-days-with-aurora/
How to build a simple Character Rig in Autodesk Maya?,23944,Isaac Yap,"Autodesk Maya, 3D Rigging, Design Tools, Design",3D & Animation,Beginner,3.5 hours,4.4,18,6584,"Rp149,000",6/2015,1,0,1,https://www.udemy.com/course/how-to-setup-a-simple-rig-in-autodesk-maya/
Stylized Blender 3D Environment: Greek Temple Workshop,6911209,"3D Tudor, Marcus Rosefield","Blender, 3D Environment Modeling, 3D Game Development, 3D Modeling, 3D & Animation",3D & Animation,All Levels,10 hours,3.8,10,121,"Rp149,000",1/2026,0,0,1,https://www.udemy.com/course/stylized-blender-3d-environment-greek-temple-workshop/
2D Animation With No Drawing Skills in AE,491730,2D Animation 101 Courses,"2D Animation, Animation, Drawing, 3D & Animation, Design",3D & Animation,Beginner,5.5 hours,4.5,572,6086,"Rp149,000",9/2018,5,0,1,https://www.udemy.com/course/2d-animation-with-no-drawing-skills/
Blender and Motion Capture,3338210,Darrin Lile,"Blender, 3D & Animation, Design",3D & Animation,Intermediate,3 hours,4.7,110,783,"Rp149,000",8/2020,0,0,3,https://www.udemy.com/course/blender-and-motion-capture/
Learn to Create Blendshapes in Maya for Animation in Games,711186,3dmotive LLC,"Autodesk Maya, 3D Animation, Animation, 3D & Animation, Design",3D & Animation,Intermediate,1 hour,3.5,14,138,"Rp149,000",4/2017,2,0,1,https://www.udemy.com/course/3dmotive-learn-to-create-blendshapes-in-maya-for-animation/
Master Blender Quizzes: Zero to Hero with AI in One Day Go,6640489,Mukesh Kulshrestha,"Blender, Test Taking Skills, 3D Modeling, 3D Animation, 3D & Animation",3D & Animation,All Levels,N/A,4.5,N/A,1,"Rp149,000",1/2026,0,0,0,https://www.udemy.com/course/master-blender-443-quizzes-zero-to-hero_2025-with-ai/
Blender Game Character Modelling (Anatomy Low Poly) Course,3594524,Sio Vaspa,"Blender, 3D Animation, 3D Modeling, 3D Texturing, 3D & Animation",3D & Animation,All Levels,2.5 hours,4.5,N/A,5,"Rp149,000",9/2023,0,0,4,https://www.udemy.com/course/blender-game-character-modelling-anatomy-low-poly-course/
"Master 3D Scanning The Pro Workflow - Blender, Maya & Unreal",6896371,PolyCG Studio,"Photogrammetry, 3D Environment Modeling, 3D Modeling, 3D & Animation, Design",3D & Animation,All Levels,1 hour,4.5,1,11,"Rp149,000",10/2025,0,0,0,https://www.udemy.com/course/master-3d-scanning/
Animating Photographs with Cinema 4D,3725508,Ozgur Gorgun,"Animation, 3D Animation, 3D Rendering, Cinema 4D, 3D & Animation",3D & Animation,All Levels,1 hour,4.7,54,331,"Rp149,000",1/2021,1,0,1,https://www.udemy.com/course/animating-photographs-with-cinema-4d/
Blender - Geometry Nodes Encyclopedia,6529233,"Kubilay Altındiş, Sefa Konuk","Blender, Animation, 3D Modeling, Algorithms, 3D & Animation",3D & Animation,All Levels,15 hours,4.5,45,417,"Rp149,000",8/2025,0,0,1,https://www.udemy.com/course/blender-geometry-nodes-encyclopedia/
Blender Geometry Node Fire Animation,6012064,3D Tudor,"3D Animation, Blender, 3D & Animation, Design",3D & Animation,All Levels,5 hours,5.0,5,119,"Rp149,000",1/2026,0,0,2,https://www.udemy.com/course/blender-geometry-node-fire-animation/
Animations Transforms & 3D Design with CSS for UI UX,699946,Jazeb Akram,"CSS Animations, User Experience (UX) Design, Web Design, Design",3D & Animation,All Levels,3 hours,3.8,30,1682,"Rp149,000",11/2019,2,0,1,https://www.udemy.com/course/animations-transforms-transitions-3d-design-with-css-for-ui-ux/
Beginners Guide to the Particle System in Blender 3D,1342586,Stephen Pearson,"Blender, 3D Animation, 3D & Animation, Design",3D & Animation,All Levels,5 hours,4.7,438,4046,"Rp149,000",9/2025,0,0,0,https://www.udemy.com/course/blenderparticlesystemcourse/
Direct and Produce Animation,434722,2D Animation 101 Courses,"Animation, 3D & Animation, Design",3D & Animation,All Levels,3 hours,4.3,480,5707,"Rp149,000",10/2018,9,0,0,https://www.udemy.com/course/direct-and-produce-animation/
Learn Character Animation for Games using Maya,147546,3dmotive LLC,"Autodesk Maya, Animation, 3D Animation, Character Animation, Game Design",3D & Animation,Intermediate,4.5 hours,4.3,74,1096,"Rp149,000",9/2016,1,0,1,https://www.udemy.com/course/3dmotive-learn-character-animation-for-games-using-maya/
Animate A 3D Looping LEGO Trench Run in Maya,4426212,Lucas Ridley,"3D Animation, Autodesk Maya, 3D & Animation, Design",3D & Animation,Intermediate,2.5 hours,4.6,4,86,"Rp169,000",11/2022,3,0,1,https://www.udemy.com/course/animate-a-3d-looping-lego-trench-run-in-maya/
Animate an Anime Inspired Run Animation in Maya,4157634,Amedeo Beretta,"3D Animation, Autodesk Maya, 3D & Animation, Design",3D & Animation,All Levels,2 hours,5.0,4,95,"Rp149,000",7/2021,0,0,1,https://www.udemy.com/course/animate-an-anime-inspired-run-in-maya/
Dive Into Adobe After Effects 2: Learn to Animate Graphics,492186,"Phil Ebiner, Video School","Adobe After Effects, Motion Graphics, Animation, 2D Animation, 3D & Animation",3D & Animation,Beginner,1 hour,4.4,101,20087,"Rp149,000",2/2021,1,0,1,https://www.udemy.com/course/adobe-after-effects-course-tutorial-for-beginners-animating-keyframes/
Rigging Your Character For 3D Animation In Unreal Engine 4!,1738916,"Michael Ricks, Josh Crockett","3D Rigging, Animation, Unreal Engine, Game Development, Development",3D & Animation,All Levels,4.5 hours,4.3,167,1957,"Rp149,000",1/2023,13,0,8,https://www.udemy.com/course/rigging-a-character-for-animation-in-unreal-engine-4/
Master Autodesk Maya - Course for Beginners,5583798,Dr. Zeeshan Bhatti,"Autodesk Maya, Autodesk, 3D Animation, 3D Modeling, IT Certifications",3D & Animation,Beginner,8 hours,5.0,2,328,"Rp149,000",9/2025,0,0,3,https://www.udemy.com/course/master-maya-ui-in-1-hour/
Creating Stunning Environments in UE5 A Game Artist Bootcamp,5236238,3D Tudor,"Unreal Engine, 3D Texturing, 3D Rendering, 3D & Animation, Design",3D & Animation,All Levels,10 hours,4.6,44,718,"Rp149,000",4/2025,0,0,4,https://www.udemy.com/course/creating-stunning-environments-in-ue5-a-game-artist-bootcamp/
Blender UV Mapping - Complete Guide to UV Mapping in Blender,1873802,"Marko Matosevic, Concept Courses ⁯⁯⁯⁯⁯","Blender, UV Mapping, 3D Rendering, 3D Texturing, 3D & Animation",3D & Animation,Intermediate,3 hours,3.4,9,161,"Rp149,000",8/2018,3,0,0,https://www.udemy.com/course/blender-uv-unwrapping-and-mapping-course/
Blender 3: Stylized Scene The Ultimate Guide,4660088,3D Tudor,"Blender, 3D Modeling, Game Art, 3D & Animation, Design",3D & Animation,Beginner,24.5 hours,4.6,25,626,"Rp149,000",4/2025,0,0,1,https://www.udemy.com/course/blender-3-stylized-scene-the-ultimate-guide/
Blender 3d For Newcomers: Using Cycles Render Engine,1169910,Zaigham Abbas,"Blender, 3D Animation, Design Tools, Design",3D & Animation,Beginner,17.5 hours,3.9,31,1043,"Rp149,000",5/2017,0,0,2,https://www.udemy.com/course/blender-3d-for-new-comers-using-cycles-render-engine/
Character Modelling & Rigging in Blender- Character Design,2312244,Riddick D. Character Blender Modelling,"Character Modeling, Blender, 3D Rigging, Game Development, Development",3D & Animation,All Levels,6.5 hours,4.1,226,16582,"Rp149,000",1/2025,0,0,3,https://www.udemy.com/course/complete-character-modeling-and-rigging-in-blender/
CINEMA 4D Unleashed - Master 3D Fundamentals,692964,Uri Soglowek,"Cinema 4D, 3D Animation, 3D & Animation, Design",3D & Animation,Beginner,5.5 hours,4.0,59,540,"Rp249,000",12/2015,5,0,5,https://www.udemy.com/course/cinema-4d-unleashed-master-3d-fundamentals/
Animate Photo to 3D Animation with Photoshop & After Effects,5313096,Amir Mirza,"Animation, Adobe After Effects, Adobe Photoshop, 3D & Animation, Design",3D & Animation,All Levels,30 mins,3.0,1,4,"Rp149,000",5/2023,0,0,0,https://www.udemy.com/course/animate-photo-to-3d-animation-with-photoshop-after-effects/
Next Generation: Immersive 3D Creation in VR and CGI or VFX,6468847,Victor A. L. Santos,"Virtual Reality, 360 Video, Video Design, Photography & Video",3D & Animation,All Levels,34 mins,5.0,3,612,"Rp149,000",5/2025,0,0,1,https://www.udemy.com/course/virtual-reality-video-3d-fx-masterclass/
Cinematic 3D Map Animation in After Effects (2026),6988835,Vlad Sateev,"Adobe After Effects, 3D & Animation, Design",3D & Animation,All Levels,34 mins,4.7,N/A,2,"Rp169,000",1/2026,0,0,2,https://www.udemy.com/course/after-effects-3d-map-animation/
Introduction to Animation,1176056,Academy of Film Fashion and Design,"Animation, 3D & Animation, Design",3D & Animation,Beginner,12.5 hours,4.4,48,290,"Rp149,000",4/2017,0,0,0,https://www.udemy.com/course/introduction-to-animation/
Cinematography for 2D Animation Essentials,489682,2D Animation 101 Courses,"Cinematography, Animation, 2D Animation, 3D & Animation, Design",3D & Animation,Beginner,28 mins,4.5,1352,16070,"Rp149,000",9/2018,0,0,0,https://www.udemy.com/course/cinematography-for-2d-animation/
Introduction to Rigging in Maya,4289376,Nexttut Education Pvt.Ltd.,"Autodesk Maya, 3D & Animation, Design",3D & Animation,Beginner,10.5 hours,4.6,666,4207,"Rp149,000",6/2023,0,0,0,https://www.udemy.com/course/introduction-to-rigging-in-maya-2022/
Twinmotion: Easy VR and 3d Rendering For Arch Viz Projects,2624724,Adam Zollinger (Learn Archviz),"Twinmotion, 3D Rendering, 3D & Animation, Design",3D & Animation,All Levels,2.5 hours,4.5,119,613,"Rp149,000",4/2020,2,0,0,https://www.udemy.com/course/twinmotion-easy-vr-and-3d-rendering-for-architectural-visualization/
Learn 2D Character Animation for Games with Blender & Unity,1181318,3dmotive LLC,"2D Animation, Animation, Unity, Blender, Game Development",3D & Animation,Intermediate,5 hours,4.3,41,567,"Rp149,000",4/2017,2,0,5,https://www.udemy.com/course/3dmotive-learn-2d-character-animation-for-games-with-blender-unity/
Introduction to The Animation Workflow in Maya for Games,84814,3dmotive LLC,"Animation, 3D Animation, 3D Rigging, Autodesk Maya, Design Tools",3D & Animation,Beginner,3.5 hours,4.5,64,1116,"Rp149,000",4/2017,1,0,1,https://www.udemy.com/course/3dmotive-the-animation-workflow-in-maya/
3d Animation for Architecture 3ds max + Vray (phase 2),1220394,Mohammad EL Ashram,"3D Animation, Animation, Architectural Design, V-Ray, 3D & Animation",3D & Animation,All Levels,2 hours,4.6,113,578,"Rp149,000",12/2023,1,0,0,https://www.udemy.com/course/arch-animation-2/
Blender to Unreal Engine 5: Fantasy River 3D Diorama Scene,6101077,3D Tudor,"Blender, 3D Modeling, Unreal Engine, 3D & Animation, Design",3D & Animation,All Levels,17 hours,4.7,16,424,"Rp159,000",1/2026,0,0,1,https://www.udemy.com/course/blender-unreal-engine-5/
How to Make Stylized Flat Color 3D Graphics With Blender,3447240,Narayana Walters,"3D Modeling, 3D & Animation, Design",3D & Animation,Beginner,1.5 hours,4.6,346,1414,"Rp149,000",8/2020,0,0,10,https://www.udemy.com/course/how-to-make-stylized-flat-color-3d-graphics-with-blender/
Blender 3 The Ultimate Medieval Scene Course,4525234,3D Tudor,"Blender, 3D Animation, 3D Modeling, Game Art, 3D & Animation",3D & Animation,All Levels,17 hours,4.6,191,2964,"Rp149,000",4/2025,0,0,1,https://www.udemy.com/course/blender-3-course/
Blender to Unreal Engine 5 The Complete Beginners Guide,5623250,3D Tudor,"3D Modeling, Blender, Unreal Engine, 3D Game Development, Game Design",3D & Animation,All Levels,18 hours,4.5,85,1331,"Rp149,000",4/2025,0,0,1,https://www.udemy.com/course/blender-to-unreal-engine-5-the-complete-beginners-guide/
Learn Maya 2017 for Game Development,1181312,3dmotive LLC,"Autodesk Maya, 3D Modeling, Game Art, Game Development Fundamentals, 3D & Animation",3D & Animation,Beginner,6 hours,4.3,58,526,"Rp149,000",4/2017,2,0,4,https://www.udemy.com/course/3dmotive-learn-maya-2017-for-game-development/
Creating a Modular Kitbash in Blender,3893940,3D Tudor,"3D Modeling, Game Art, Game Design, Blender, Game Development",3D & Animation,All Levels,32 hours,4.6,161,2204,"Rp149,000",4/2025,0,0,1,https://www.udemy.com/course/modular-kitbash-in-blender/
Create a 2D Platformer with 3D Assets in Unity® and Blender!,2319656,"Mammoth Interactive, John Bura","Unity, 3D Modeling, 2D Game Development, Blender, Game Development",3D & Animation,All Levels,55.5 hours,4.8,7,161,"Rp149,000",9/2019,65,0,63,https://www.udemy.com/course/create-a-2d-platformer-with-3d-assets-in-unity-and-blender/
Blender to Unreal Engine 5 | 3D Props | Medieval Gallows,4380946,3D Tudor,"Blender, 3D Animation, 3D Modeling, Unreal Engine, 3D & Animation",3D & Animation,Beginner,7 hours,4.7,33,1439,"Rp149,000",8/2024,0,0,0,https://www.udemy.com/course/blender-to-unreal-engine-5-props/
3d Animation for Architecture 3ds max + Vray (phase 3),1584830,Mohammad EL Ashram,"3D Animation, Animation, V-Ray, 3D & Animation, Design",3D & Animation,All Levels,1.5 hours,4.3,78,445,"Rp149,000",10/2020,2,0,6,https://www.udemy.com/course/arch-animation-3/
OrthoMesh3D. Plan orthopaedic surgery in 3D using Blender,2786694,"Anastasios Papadonikolakis, MD, PhD, Pavlos Papadonikolakis","3D Modeling, Engineering, Teaching & Academics",3D & Animation,Beginner,9.5 hours,4.6,74,290,"Rp1,799,000",3/2026,0,0,33,https://www.udemy.com/course/orthomesh3d/
Video Games Animation Course - Animating A Run Cycle,4674308,Opi Chaggar,"3D Animation, Animation, Autodesk Maya, 3D & Animation, Design",3D & Animation,All Levels,2 hours,5.0,1,18,"Rp149,000",5/2022,0,0,1,https://www.udemy.com/course/video-games-animation/
Learn Creature Animation with Maya for Games and Film,208390,3dmotive LLC,"Autodesk Maya, Animation, Game Development Fundamentals, Creature Mechanics, 3D & Animation",3D & Animation,Intermediate,1 hour,4.2,30,330,"Rp149,000",4/2017,0,0,1,https://www.udemy.com/course/3dmotive-learn-creature-animation-with-maya/
"Real-Time Animation, VFX and Rendering In Univah Pro",6542357,Stephanie Michaels,"3D & Animation, Design",3D & Animation,All Levels,6 hours,3.9,N/A,1,"Rp149,000",11/2025,0,0,0,https://www.udemy.com/course/real-time-animation-vfx-and-rendering-in-univah-pro/
Blender VFX Liquid Smoke & Fire,4352066,3D Tudor,"Blender, 3D Animation, 3D Modeling, VFX Visual Effects, 3D & Animation",3D & Animation,Beginner,8 hours,4.6,35,2627,"Rp149,000",8/2024,0,0,2,https://www.udemy.com/course/blender-vfx-liquid-smoke-fire/
Blender to Unreal Engine 3D Plants and Vegetation,4969302,3D Tudor,"3D Modeling, 3D Animation, Blender, Unreal Engine, 3D & Animation",3D & Animation,Beginner,15.5 hours,4.3,31,3157,"Rp149,000",4/2025,0,0,1,https://www.udemy.com/course/blender-to-unreal-engine-3d-plants-and-vegetation/
3D motion graphics with Cinema 4D and After effect,5824712,Paul Olusola Ogunwale,"Motion Graphics, 3D Animation, Cinema 4D, Adobe After Effects, 3D & Animation",3D & Animation,All Levels,1 hour,4.4,12,1004,"Rp149,000",2/2024,0,0,1,https://www.udemy.com/course/3d-motion-graphics-with-cinema-4d-and-after-effect/
VFX Shot Creation from Scratch with Maya and After Effects,965328,Vicki Lau,"VFX Visual Effects, 3D Modeling, 3D & Animation, Design",3D & Animation,All Levels,4 hours,4.5,36,359,"Rp149,000",2/2022,1,0,2,https://www.udemy.com/course/incident-of-record-a-visual-effects-story-from-scratch/
Maya Particles Course: Dynamic Particles and Motion Graphic,488776,Scott Turner,"Autodesk Maya, Graphic Design, Motion Graphics, 3D & Animation, Design",3D & Animation,Intermediate,4.5 hours,4.4,41,453,"Rp149,000",7/2017,0,0,0,https://www.udemy.com/course/mayaparticles/
Blender: Create a stylized sword,4725884,david Jaasma,"Blender, 3D & Animation, Design",3D & Animation,Beginner,2 hours,4.3,18,66,"Rp149,000",6/2022,0,0,2,https://www.udemy.com/course/blender-create-a-stylized-sword/
Maya for Absolute Beginners: Complete Course,3928002,Nexttut Education Pvt.Ltd.,"Autodesk Maya, 3D & Animation, Design",3D & Animation,Beginner,16 hours,4.8,507,2445,"Rp149,000",6/2023,0,0,0,https://www.udemy.com/course/maya-2020-for-absolute-beginners/
Maya to UE5 - 3D Modelling Course,6827913,"3D College, David Franco Romero","Autodesk Maya, 3D & Animation, Design",3D & Animation,Beginner,11.5 hours,4.7,10,74,"Rp149,000",12/2025,1,0,6,https://www.udemy.com/course/maya-to-ue5-3d-modelling-course/
Blender to Unreal Engine 5 | 3D Props | Medieval Market,4398220,3D Tudor,"3D Modeling, Blender, Unreal Engine, 3D & Animation, Design",3D & Animation,Beginner,6.5 hours,4.7,32,668,"Rp149,000",8/2024,0,0,2,https://www.udemy.com/course/blender-to-unreal-engine-5-3d-props/
Maya Environment Creation for Film,2820153,Nexttut Education Pvt.Ltd.,"Environment Lighting, 3D Environment Modeling, 3D & Animation, Design",3D & Animation,Intermediate,23.5 hours,4.7,191,2014,"Rp149,000",9/2021,0,0,0,https://www.udemy.com/course/environment-creation-for-film/
Character Rigging For ABSOLUTE Beginners in 2025,1755964,Anass Cherkaoui,"3D Rigging, 3D Animation, 3D & Animation, Design",3D & Animation,Beginner,2 hours,4.5,16,1092,"Rp149,000",3/2026,2,0,3,https://www.udemy.com/course/3d-rigging-basics/
Learn iClone 7 | Character Creator | Unreal Engine Pipeline,2775786,Michael Ricks,"3D Animation, 3D & Animation, Design",3D & Animation,All Levels,5 hours,4.6,202,1680,"Rp149,000",8/2022,7,0,6,https://www.udemy.com/course/learn-iclone-7-character-creator-unreal-engine-pipeline/
Unity Level Design Abandoned City with 3D Animation,4962198,Kevin Hadi,"Unity, Game Design, Design",3D & Animation,Beginner,2 hours,3.4,2,12,"Rp149,000",11/2022,0,0,1,https://www.udemy.com/course/unity-level-design-abandoned-city-with-3d-animation/
Your first day in SpeedTree,2516740,VFX 3D Pro,"3D Modeling, 3D & Animation, Design",3D & Animation,Beginner,4.5 hours,4.4,48,265,"Rp149,000",8/2019,0,0,0,https://www.udemy.com/course/your-first-day-in-speedtree/
3DS Max 2014 Tutorial Video. 3DS Max For Beginners,81828,Infinite Skills,"Autodesk 3ds Max, 3D & Animation, Design",3D & Animation,All Levels,10 hours,3.7,25,307,"Rp149,000",1/2017,1,0,1,https://www.udemy.com/course/3ds-max-2014-tutorial-video/
Complete Guide to Unreal Engine 5 : 3D Architecture & Design,5682852,Studio Wander,"Unreal Engine, 3D Rendering, 3D Texturing, 3D Animation, 3D & Animation",3D & Animation,All Levels,6 hours,4.5,90,463,"Rp149,000",1/2024,0,0,1,https://www.udemy.com/course/complete-guide-to-unreal-engine-5-3d-architecture-design/
Character Creation with ZBrush r7 and rendering in Keyshot 5,602472,David Newton,"zBrush, KeyShot, 3D & Animation, Design",3D & Animation,All Levels,10 hours,4.5,7,109,"Rp149,000",3/2017,0,0,10,https://www.udemy.com/course/character-creation-with-zbrush-r7-and-rendering-in-keyshot-5/
CrazyTalk 8.1 3D Avatar Talking Head/Lip Sync Video Creation,1824802,"Brian Jackson, Writing a Book with ChatGPT AI, Creative Writing , Nonfiction, Amazon KDP Self-publishing. Moho 2D Animation, AI","3D Animation, 3D & Animation, Design",3D & Animation,Beginner,2 hours,4.2,21,3653,"Rp249,000",N/A,4,0,0,https://www.udemy.com/course/crazytalk-81-easy-3d-avatar-creation-and-lip-synching/
Learn Automatic Proximity Reactions in After Effects (2D+3D),6982091,Vlad Sateev,"Adobe After Effects, 3D & Animation, Design",3D & Animation,All Levels,44 mins,5.0,1,1000,"Rp149,000",1/2026,0,0,3,https://www.udemy.com/course/proximity-reactions-in-after-effects/
Learning Autodesk® Maya® 2013,64980,John Wiley & Sons,"Autodesk Maya, Design Tools, Design",3D & Animation,All Levels,8.5 hours,4.3,27,315,"Rp149,000",12/2013,0,0,1,https://www.udemy.com/course/learning-autodesk-maya-2013/
3ds max Fundamentals and MasterClass,6075217,Khalil Sediqi,"Autodesk 3ds Max, 3D & Animation, Design",3D & Animation,All Levels,5 hours,4.5,6,2303,"Rp149,000",12/2025,0,0,1,https://www.udemy.com/course/create-your-first-3d-village-in-3ds-max-2024/
The Complete Maya Course: Learn 3D Modeling With Examples,1593350,Animation Hacks,"3D Modeling, UV Mapping, 3D Texturing, Autodesk Maya, 3D & Animation",3D & Animation,All Levels,3 hours,4.4,65,1514,"Rp149,000",9/2020,1,0,1,https://www.udemy.com/course/asset-modeling-for-production/
The Ultimate iClone Project Course: Concept to Final Render,6416903,Ogbonna Mba,"3D Animation, 3D Rendering, Animation, Character Animation, 3D & Animation",3D & Animation,Intermediate,7 hours,4.4,41,167,"Rp149,000",3/2025,1,0,0,https://www.udemy.com/course/the-ultimate-iclone-project-course-concept-to-final-render/
Unity Asset Store: Run an Art Business with Maya & zBrush,620896,Alan Balodi,"Unity, Game Art, zBrush, Game Design, Design",3D & Animation,All Levels,8.5 hours,4.5,58,620,"Rp149,000",4/2016,0,0,5,https://www.udemy.com/course/unity-asset-store-run-an-art-business-with-maya-and-zbrush/
Maya Practical - 3D Animal and Character Modeling Mastery,6048937,EDUCBA Bridging the Gap,"Autodesk Maya, Design Tools, Design",3D & Animation,All Levels,6 hours,4.6,7,1077,"Rp149,000",7/2024,0,0,0,https://www.udemy.com/course/maya-practical-3d-animal-and-character-modeling-mastery/
Unreal Engine 5 and Blender 3D: Product Visualization,4935566,Nafay Sheikh,"Unreal Engine, 3D & Animation, Design",3D & Animation,Beginner,2.5 hours,4.4,13,124,"Rp149,000",10/2022,0,0,0,https://www.udemy.com/course/unreal-engine-5-and-blender-3d-product-visualization/
C# Masterclass: Learn Coding with Aladey’s 3D Adventures Q&S,7011589,"PRAVASINI MALLIK, Anita Behera, Rasmi Jena","Other IT & Software, IT & Software",3D & Animation,All Levels,N/A,N/A,N/A,356,"Rp149,000",2/2026,0,0,0,https://www.udemy.com/course/c-masterclass-learn-coding-with-aladeys-3d-adventures-qs/
Cell Shading for Animation in Photoshop and CTA3.2,1351584,2D Animation 101 Courses,"Animation, Cel Shading, Adobe Photoshop, 3D & Animation, Design",3D & Animation,Beginner,2.5 hours,4.6,28,356,"Rp149,000",9/2018,1,0,0,https://www.udemy.com/course/cell-shading-for-animation-in-photoshop-and-cta32/
Learn Blender 3D - The introduction course,927186,Joe Baily,"Blender, 3D Animation, Graphic Design & Illustration, Design",3D & Animation,Beginner,1.5 hours,4.3,32,826,"Rp149,000",7/2018,2,0,0,https://www.udemy.com/course/learn-blender-3d-in-under-2-hours-the-intro-course/
Maya 2017 - Create Pixar cartoon scene using Arnold and Maya,1849302,Animation Hacks,"Autodesk Arnold, 3D Rendering, 3D Lighting, Autodesk Maya, 3D & Animation",3D & Animation,Beginner,3 hours,4.1,65,441,"Rp149,000",9/2020,1,0,1,https://www.udemy.com/course/maya-2017-create-pixar-cartoon-scene-using-arnold-renderer/
Learn to Model a Cartoon Snail in Maya LT,1095696,Alan Balodi,"Autodesk Maya, Game Design, Design",3D & Animation,All Levels,4 hours,4.0,20,130,"Rp149,000",2/2017,1,0,1,https://www.udemy.com/course/learn-to-model-a-cartoon-snail-in-maya-lt/
Creating a Stylized Horror Character in Maya 2022,5983554,Digital Saucer Studios,"3D & Animation, Design",3D & Animation,Intermediate,16.5 hours,5.0,6,1028,"Rp149,000",5/2024,0,0,4,https://www.udemy.com/course/creating-a-stylized-horror-character-in-maya-2022/
Autodesk Maya 2013,97346,VTC Software Training,"Autodesk Maya, Design Tools, Design",3D & Animation,All Levels,7.5 hours,4.5,5,17,"Rp349,000",9/2013,0,0,1,https://www.udemy.com/course/autodesk-maya-2013-vtc/
Pencil 2D create 2D animations,4300063,Nicolas Forgue,"Animation, 3D & Animation, Design",3D & Animation,Beginner,3.5 hours,4.5,18,65,"Rp149,000",9/2021,0,0,4,https://www.udemy.com/course/pencil-2d-create-2d-animations/
Introduction to Autodesk's Motionbuilder for Games and Film,83630,3dmotive LLC,"Autodesk, Animation, 3D Animation, Design Tools, Design",3D & Animation,Intermediate,2 hours,4.3,84,592,"Rp149,000",4/2017,1,0,1,https://www.udemy.com/course/3dmotive-introduction-to-autodesks-motionbuilder/
Master Maya - A Guide to 3D Modeling With Maya,227786,Infinite Skills,"Autodesk Maya, 3D Animation, Financial Modeling, 3D Modeling, 3D & Animation",3D & Animation,All Levels,12.5 hours,3.9,76,1404,"Rp149,000",1/2017,1,0,1,https://www.udemy.com/course/maya-a-guide-to-3d-modeling/
The Complete Bipedal Rigging for Games in Maya Course,83440,3dmotive LLC,"3D Rigging, 3D Animation, Animation, Autodesk Maya, Design Tools",3D & Animation,All Levels,6 hours,4.6,256,1939,"Rp149,000",4/2017,2,0,4,https://www.udemy.com/course/3dmotive-the-complete-bipedal-rigging-in-maya-course/
Creating A 3D Stylized Character Quickly And Easily For Film,5851418,Danan Thilakanathan,"Character Design, Character Modeling, Blender, 3D & Animation, Design",3D & Animation,Beginner,2 hours,4.1,21,1058,"Rp149,000",3/2024,0,0,0,https://www.udemy.com/course/creating-a-3d-stylized-character-quickly-and-easily/
Character Rigging for Beginners - Advanced Hand Rigging 2025,1754054,Anass Cherkaoui,"3D Rigging, 3D Animation, 3D & Animation, Design",3D & Animation,All Levels,5 hours,4.4,29,307,"Rp149,000",3/2026,2,0,3,https://www.udemy.com/course/advanced-hand-rigging-in-3ds-max/
ICLONE FILM SCHOOL 2022 Edition,4359442,Stephanie Michaels,"Filmmaking, 3D & Animation, Design",3D & Animation,Expert,3 hours,4.7,37,298,"Rp149,000",5/2025,0,0,2,https://www.udemy.com/course/iclone-film-school-2022-edition/
Learn the 12 Principles of Animation for Games in Maya,83654,3dmotive LLC,"Animation, 3D Animation, 3D Rigging, 3D & Animation, Design",3D & Animation,All Levels,2.5 hours,4.6,75,1031,"Rp149,000",4/2017,1,0,3,https://www.udemy.com/course/3dmotive-the-12-principles-of-animation/
Learn the Animation Pipeline for Game Characters in Unreal 4,1294040,3dmotive LLC,"Animation, Unreal Engine, 3D & Animation, Design",3D & Animation,Intermediate,5 hours,3.7,146,1155,"Rp149,000",7/2017,2,0,4,https://www.udemy.com/course/3dmotive-learn-the-animation-pipeline-for-game-characters-in-unreal-4/
Fast animation and rigging techniques using Maya 2017,875628,Bhaumik Patel,"Animation, Autodesk Maya, 3D Rigging, 3D & Animation, Design",3D & Animation,All Levels,5 hours,4.7,391,3146,"Rp149,000",12/2017,0,0,2,https://www.udemy.com/course/fast-rig-maya/
Learn to Animate a Quadruped Run Cycle in Maya for Games,790744,3dmotive LLC,"Animation, 3D Rigging, 3D Animation, Autodesk Maya, 3D & Animation",3D & Animation,Intermediate,2.5 hours,4.1,10,202,"Rp149,000",4/2017,2,0,1,https://www.udemy.com/course/3dmotive-learn-to-animate-a-quadruped-run-cycle-in-maya/
How to Texture 3D Aircraft Model in Maya & Substance Painter,1433430,Animation Hacks,"Substance Painter, Autodesk Maya, 3D Rendering, 3D Texturing, 3D & Animation",3D & Animation,All Levels,1.5 hours,3.8,266,2735,"Rp149,000",9/2020,1,0,4,https://www.udemy.com/course/texturing-hard-surface-aircraft-for-film-production/
"Unity 2017 - Build , program and publish a 3D shooter game",759194,Yohann Taieb,"Unity, 3D Animation, Game Development Fundamentals, Mobile Development, Development",3D & Animation,All Levels,7.5 hours,4.4,51,988,"Rp149,000",7/2019,1,0,3,https://www.udemy.com/course/unity-3d-2016-build-program-publish-1st-person-shooter/
Learning Autodesk Maya 2015 - A Practical Hands On Course,222094,Infinite Skills,"Autodesk Maya, 3D & Animation, Design",3D & Animation,All Levels,7 hours,4.5,53,620,"Rp149,000",1/2017,1,0,1,https://www.udemy.com/course/maya-2015/
NEW Character Creator 3 Beginner to Pro 2022 Edition,4889718,Stephanie Michaels,"Character Design, 3D Modeling, 3D & Animation, Design",3D & Animation,All Levels,4 hours,4.4,43,207,"Rp149,000",5/2025,0,0,0,https://www.udemy.com/course/new-character-creator-3-beginner-to-pro-2022-edition/
Animation in Maya 101,3831016,Digital Art HQ School,"3D Animation, Animation, Autodesk Maya, Character Animation, 3D & Animation",3D & Animation,Beginner,7.5 hours,4.7,12,119,"Rp149,000",2/2021,0,0,1,https://www.udemy.com/course/animation-in-maya-101/
Dynamic Cloth for Games in Maya for Unreal,83752,3dmotive LLC,"Autodesk Maya, 3D Animation, 3D Game Development, Design Tools, Design",3D & Animation,Expert,1 hour,4.1,11,173,"Rp149,000",4/2017,0,0,1,https://www.udemy.com/course/3dmotive-dynamic-cloth-for-games-with-maya-and-udk/
Concepting a Futuristic Vehicle using Maya and Keyshot,1851082,Victory3D LLC,"3D Modeling, Autodesk Maya, KeyShot, 3D & Animation, Design",3D & Animation,Intermediate,4.5 hours,4.6,6,81,"Rp149,000",11/2018,0,0,2,https://www.udemy.com/course/futuristicvehicle/
The Complete Beginner's Guide to Maya for Games,82552,3dmotive LLC,"Autodesk Maya, 3D Modeling, Game Art, UV Mapping, Design Tools",3D & Animation,Beginner,8 hours,4.4,40,751,"Rp149,000",9/2016,1,0,5,https://www.udemy.com/course/3dmotive-the-complete-beginners-guide-to-maya-for-games/
Rendering in Maya / Unreal / Marmoset / Sketchfab,3069894,David Bittorf,"3D Lighting, 3D Rendering, 3D Texturing, Photorealistic Rendering, Game Design",3D & Animation,All Levels,3.5 hours,4.9,5,67,"Rp149,000",5/2020,0,0,4,https://www.udemy.com/course/rendering-in-maya-unreal-marmoset-sketchfab/
Learn to Composite a 2D Action Shot in Photoshop,955242,3dmotive LLC,"Adobe Photoshop, Matte Painting, Game Art, Graphic Design & Illustration, Design",3D & Animation,Beginner,1.5 hours,4.6,11,135,"Rp149,000",9/2016,2,0,1,https://www.udemy.com/course/3dmotive-learn-to-composite-a-2d-action-shot-in-photoshop/
Learning Autodesk Maya 2014 - A Practical Hands On Course,81872,Infinite Skills,"Autodesk Maya, Design Tools, Design",3D & Animation,All Levels,10.5 hours,4.3,20,299,"Rp149,000",1/2017,1,0,1,https://www.udemy.com/course/autodesk-maya-2014/
Learning Autodesk Maya 2016,809536,Infinite Skills,"Autodesk Maya, 3D & Animation, Design",3D & Animation,All Levels,6.5 hours,4.3,260,1396,"Rp149,000",1/2017,1,0,1,https://www.udemy.com/course/learning-autodesk-maya-2016/
Cinematic Lighting In Iclone 7 2022 Edition,4392950,Stephanie Michaels,"3D Lighting, Cinematography, 3D & Animation, Design",3D & Animation,Expert,2.5 hours,4.0,9,77,"Rp149,000",5/2025,0,0,1,https://www.udemy.com/course/cinematic-lighting-in-iclone-7-2022-edition/
Learn Maya - Intro to 3D Box Modeling Techniques with Maya,737242,"Kyle Pew • 2,000,000+ Students","Autodesk Maya, 3D Animation, 3D Modeling, 3D & Animation, Design",3D & Animation,Beginner,2 hours,4.3,211,3323,"Rp149,000",12/2016,2,0,1,https://www.udemy.com/course/intro-to-mastering-3d-box-modeling-techniques-with-maya-2014/
Animate Objects and Organize Slides: PowerPoint Beginner,6366555,Simon Sez IT,"PowerPoint, Microsoft, Office Productivity",3D & Animation,Beginner,1 hour,4.7,N/A,N/A,"Rp149,000",12/2024,2,0,0,https://www.udemy.com/course/animate-objects-and-organize-slides-powerpoint-beginner/
Getting started in 3D Animation,500730,Reallusion Inc,"3D Animation, Animation, 3D & Animation, Design",3D & Animation,All Levels,4 hours,4.5,475,35350,Free,5/2015,0,0,0,https://www.udemy.com/course/learn-3d-animation-in-just-2-weeks/
Generate 3D Facial Animations: Motion Capture for Everyone,1400102,Reallusion Inc,"3D Animation, 3D & Animation, Design",3D & Animation,All Levels,2 hours,4.6,199,18701,Free,10/2017,0,0,0,https://www.udemy.com/course/generate-3d-facial-animations-motion-capture-for-everyone/
The basics of the 3D animation,2956778,Omar Qandeel,"3D Animation, Animation, Autodesk Maya, Autodesk, 3D & Animation",3D & Animation,Beginner,2 hours,4.0,116,7592,Free,7/2020,0,0,0,https://www.udemy.com/course/the-basics-of-the-3d-animation/
"How to create fractals, 3D Animations and design techniques.",4021246,Penelope Parker,"3D Animation, 3D & Animation, Design",3D & Animation,Beginner,32 mins,4.4,27,1836,Free,7/2021,0,0,1,https://www.udemy.com/course/how-to-create-fractals-3d-animations-and-design-techniques/
3D Character Animation in After Effects,2552363,Muslim Kaisar,"Motion Graphics, 2D Animation, 3D Animation, Graphic Design & Illustration, Design",3D & Animation,All Levels,40 mins,4.3,79,9779,Free,6/2022,1,0,0,https://www.udemy.com/course/characcharacter-animater-animation-tutorial-in-after-effects/
Create Instant Facial Animations & 3D Heads,781896,Reallusion Inc,"Character Animation, 3D Animation, 3D & Animation, Design",3D & Animation,All Levels,4.5 hours,4.5,196,17383,Free,4/2016,0,0,0,https://www.udemy.com/course/create-instant-3d-heads-facial-animations/
Running a 3D Modeling/Animation Business,369058,Sam Lytle,"3D Animation, Financial Modeling, Freelancing, 3D Modeling, 3D & Animation",3D & Animation,All Levels,2 hours,4.4,219,15789,Free,8/2017,0,0,9,https://www.udemy.com/course/running-a-3d-business/
data science and machine learning animation in master class,2903242,govar muhammad,"3D Animation, 3D & Animation, Design",3D & Animation,All Levels,1 hour,3.9,50,3879,Free,6/2020,0,0,1,https://www.udemy.com/course/create-3d-animation-professional-with-plotagon-2020/
2D Character Animation Sprites in Cinema 4D and Aseprite,5530182,Rene Espinoza,"2D Game Development, Character Animation, Cinema 4D, 3D Rendering, Game Design",3D & Animation,Beginner,1 hour,4.8,16,1668,Free,10/2023,0,0,0,https://www.udemy.com/course/2d-character-animations-sprites-in-cinema-4d-and-aseprite/
Fundamentals of 3D Rotating Animation in PowerPoint,5609104,VISHAL SAHU,"3D Animation, PowerPoint, 3D & Animation, Design",3D & Animation,Intermediate,39 mins,4.5,20,1211,Free,3/2025,0,0,0,https://www.udemy.com/course/mastering-3d-rotating-animation-in-powerpoint-with-paint-3d/
Blender 3D Modeling & Animation Tutorial For Beginner,5361998,Reza Danish,"3D Animation, 3D Modeling, Blender, 3D & Animation, Design",3D & Animation,All Levels,2 hours,4.0,53,1803,Free,5/2024,0,0,4,https://www.udemy.com/course/blender-3d-animation-tutorial-for-beginner/
Blender Basics,1342722,Dara Harper,"Blender, 3D & Animation, Design",3D & Animation,Beginner,1.5 hours,4.5,1029,36445,Free,9/2017,0,0,0,https://www.udemy.com/course/blender-basics/
A Practical Introduction - Modeling & Animation in Blender,1120462,Thomas McDonald,"Blender, 3D Animation, 3D & Animation, Design",3D & Animation,Beginner,1.5 hours,4.6,657,22521,Free,8/2024,2,0,0,https://www.udemy.com/course/a-practical-introduction-to-blender-3d/
"Blender 3D: Create , Animate and Sell Game objects",3347072,Maria israel sathyan,"Blender, 3D Animation, 3D Modeling, Other IT & Software, IT & Software",3D & Animation,All Levels,1.5 hours,3.6,238,15528,Free,7/2020,0,0,2,https://www.udemy.com/course/blender-3d-create-animate-and-sell-game-objects/
From Camera to 3D Animation: Talking Head Videos Simplified,6404167,Stephanie A,"3D Animation, No-Code Development, Development",3D & Animation,Beginner,1 hour,3.2,13,883,Free,1/2025,0,0,0,https://www.udemy.com/course/from-camera-to-3d-animation-talking-head-videos-simplified/
Blender jumpstart: Beginners Guide to Profitable 3D Designs,5950890,Ahmad Raza,"Blender, 3D & Animation, Design",3D & Animation,Beginner,42 mins,4.5,23,1028,Free,5/2024,0,0,1,https://www.udemy.com/course/blender-jumpstart-beginners-guide-to-profitable-3d-designs/
Free Blender Crash Course!,2657572,Gustavo Rosa,"Blender, Essential Tech Skills, 3D & Animation, Udemy Free Resource Center, Vodafone",3D & Animation,Beginner,2.5 hours,4.5,5784,118879,Free,9/2020,0,0,0,https://www.udemy.com/course/blender-crash-course/
How to Make an Animated Movie,204096,Morr Meroz,"Animation, 3D & Animation, Design",3D & Animation,All Levels,2 hours,4.2,605,45943,Free,9/2014,2,0,0,https://www.udemy.com/course/how-to-make-an-animated-movie/
Blender: Create a sword for unity 3d asset store,5925738,Waqas Khalid,"3D Modeling, 3D & Animation, Design",3D & Animation,Beginner,1 hour,4.3,11,676,Free,4/2024,0,0,0,https://www.udemy.com/course/blender-create-a-sword-for-unity-3d-asset-store/
Learning Adobe Fuse from Scratch,3789992,Pratik Pradhan,"3D Modeling, Other IT & Software, IT & Software",3D & Animation,Beginner,1.5 hours,4.6,4,885,Free,9/2023,0,0,0,https://www.udemy.com/course/learningadobefusefromscratch/
The Fundamentals of Creating 3D PDFs with SimLab Composer,5506452,SimLab Soft,"3D Rendering, 3D Modeling, 3D & Animation, Design",3D & Animation,Beginner,1.5 hours,4.2,14,1181,Free,8/2023,0,0,4,https://www.udemy.com/course/the-fundamentals-of-creating-3d-pdfs-with-simlab-composer/
Create 3D Game Characters: No modeling or rigging required,672890,Reallusion Inc,"3D Game Development, Financial Modeling, 3D & Animation, Design",3D & Animation,All Levels,3 hours,4.4,878,48540,Free,11/2015,0,0,0,https://www.udemy.com/course/create-3d-game-characters-no-modeling-or-rigging-required/
Save Time in Face Animation with Cartoon Animator 4 Pipeline,2426820,2D Animation 101 Courses,"Cartoon Animator 4, 2D Animation, Animation, Essential Tech Skills, 3D & Animation",3D & Animation,Beginner,1.5 hours,4.6,563,30508,Free,6/2019,1,0,0,https://www.udemy.com/course/save-time-in-face-animation-with-cartoon-animator-4-pipeline/
Learn Modular Level Building for CryEngine with Maya,441748,3dmotive LLC,"Autodesk Maya, Game Design, 3D & Animation, Design",3D & Animation,Intermediate,4 hours,4.2,138,9018,Free,4/2015,0,0,3,https://www.udemy.com/course/3dmotive-learn-modular-level-building-for-cryengine-with-maya/
Twinmotion 2025: From Zero to Advanced Level–Ultra Realistic,6794207,Mohammadreza Lajevardi,"Twinmotion, Design Tools, Design",3D & Animation,All Levels,29.5 hours,4.5,51,408,"Rp159,000",1/2026,11,0,7,https://www.udemy.com/course/twinmotion-2025-from-zero-to-advanced-levelultra-realistic-h/
Complete Blender Megacourse: Beginner to Expert,4651924,Skillademia Academy,"Blender, 3D Animation, 3D Modeling, 3D Texturing, 3D & Animation",3D & Animation,All Levels,131 hours,4.5,10544,70439,"Rp169,000",3/2026,0,0,16,https://www.udemy.com/course/complete-blender-megacourse-beginner-to-expert/
Learn 3d with Blender - Fundamentals to Advanced,5736690,3d illusions,"Blender, 3D & Animation, Design",3D & Animation,All Levels,19 hours,4.7,53,537,"Rp149,000",8/2024,1,0,0,https://www.udemy.com/course/learn-3d-with-blender-fundamentals-to-advanced/
Complete Fusion 360 All-in-One Course for Beginners (2025),6688295,CADArtifex LLC,"Autodesk Fusion, 3D Modeling, Design Tools, Design",3D & Animation,All Levels,15 hours,4.4,118,1894,"Rp149,000",4/2026,1,0,126,https://www.udemy.com/course/complete-fusion-360-all-in-one-course-for-beginners/
Creating a 2D Animated scene with OpenToonz (FREE Software),6244055,Darren T,"2D Animation, Other Photography & Video, Photography & Video",3D & Animation,Beginner,10 hours,4.7,24,221,"Rp149,000",12/2024,17,0,3,https://www.udemy.com/course/animating-with-opentoonz/
Blender 3D for Beginners Complete Modeling & Texturing guide,6276849,"The Parabox 3D, 3d production house","Blender, 3D Rendering, 3D Texturing, 3D Modeling, 3D & Animation",3D & Animation,All Levels,11.5 hours,4.5,808,10602,"Rp169,000",11/2025,3,0,5,https://www.udemy.com/course/blender-3d-for-beginners-complete-modeling-and-texturing-guide/
Jesse J. Jones' Animation Course - Animation for Everyone!,5981398,Jesse J. Jones,"Animation, 3D & Animation, Design",3D & Animation,Beginner,2.5 hours,4.3,19,103,"Rp149,000",9/2024,0,0,0,https://www.udemy.com/course/animation-course/
Blender CGI & VFX Ads Mega Course: 10+ Projects for Creators,6635555,My 3D Class,"Blender, 3D Rendering, VFX Visual Effects, 3D & Animation, Design",3D & Animation,All Levels,10.5 hours,4.6,25,217,"Rp159,000",3/2026,0,0,61,https://www.udemy.com/course/blender-cgi-vfx-ads-mega-course-10-projects-for-creators/
"Animate with Depth: Cameras, Lights and 3D Layers in AE",1234810,Rich Armstrong,"3D Animation, Motion Graphics, Adobe After Effects, 3D & Animation, Design",3D & Animation,Beginner,3 hours,4.7,98,616,"Rp149,000",9/2019,0,0,2,https://www.udemy.com/course/animate-with-depth/
"The Ultimate Blender 3D Simulations, Physics & Particles",6148541,Alex Cordebard,"Blender, 3D & Animation, Design",3D & Animation,All Levels,37.5 hours,4.8,534,5646,"Rp159,000",3/2026,1,0,16,https://www.udemy.com/course/blender-simulations-physics-particles/
Blender: Stylized character creation for videogames,6249789,The Parabox 3D,"Blender, Character Modeling, 3D Modeling, 3D Sculpting, 3D & Animation",3D & Animation,All Levels,26 hours,4.4,99,1587,"Rp159,000",6/2025,4,0,4,https://www.udemy.com/course/blender-stylized-character-creation-for-games/
Interior 3D Modelling & Rendering - Blender 3D,1256760,Thomas McDonald,"Blender, Architectural Design, Design",3D & Animation,All Levels,13.5 hours,4.5,764,6769,"Rp149,000",6/2025,1,0,24,https://www.udemy.com/course/architectural-visualization/
The Blender 2.8 Encyclopedia,2302354,"Lee Salvemini, Chris Plush, CG Masters","3D Animation, 3D Modeling, 3D Texturing, Blender, 3D & Animation",3D & Animation,All Levels,53 hours,4.7,8133,41125,"Rp149,000",7/2023,0,0,731,https://www.udemy.com/course/the-blender-encyclopedia/
Master 3D Scene Creation with Blender: The Complete Course,5871330,Alex Cordebard,"Blender, 3D & Animation, Design",3D & Animation,All Levels,25.5 hours,4.7,121,1484,"Rp159,000",3/2026,0,0,8,https://www.udemy.com/course/blender-3d-scenes-course/
Create Product Animations In blender.,4724186,david Jaasma,"Blender, 3D & Animation, Design",3D & Animation,Intermediate,3 hours,4.7,90,507,"Rp149,000",1/2023,0,0,2,https://www.udemy.com/course/create-product-animations-in-blender/
Create an Animated Character in Blender 2.9,3467104,Darrin Lile,"Blender, 3D & Animation, Design",3D & Animation,Beginner,14.5 hours,4.6,457,2798,"Rp149,000",10/2022,0,0,1,https://www.udemy.com/course/create-an-animated-character-in-blender-29/
Blender 5 & UE5.7: Stylized Haunted Street Kit,7068543,3D Tudor,"3D Environment Modeling, Blender, Unreal Engine, 3D Game Development, 3D & Animation",3D & Animation,Intermediate,31 hours,4.8,9,216,"Rp149,000",2/2026,0,0,2,https://www.udemy.com/course/blender-5-ue57-stylized-haunted-street-kit/
The Ultimate Blender Low Poly Guide,2244796,Alex Cordebard,"Blender, 3D Animation, Character Modeling, 3D & Animation, Design",3D & Animation,Beginner,10.5 hours,4.8,968,7077,"Rp149,000",3/2026,0,0,2,https://www.udemy.com/course/blenderlowpoly/
Creating animations using python manim from scratch to 3D,6020656,mohamad gharishvandi,"Other IT & Software, IT & Software",3D & Animation,All Levels,2.5 hours,4.2,8,55,"Rp149,000",7/2024,0,0,0,https://www.udemy.com/course/creating-animations-using-python-manim-from-scratch-to-3d/
Learn Object Animation in Blender - The Ultimate Guide,2365992,Alex Cordebard,"3D Animation, Animation, 3D & Animation, Design",3D & Animation,All Levels,6.5 hours,4.8,124,1100,"Rp149,000",8/2025,0,0,0,https://www.udemy.com/course/object-animation/
Achieve 3D Photorealism in Blender: Subway Challenge,2163504,Abdelilah Hamdani,"Photorealistic Rendering, 3D & Animation, Design",3D & Animation,Beginner,7 hours,4.7,370,2769,"Rp149,000",6/2024,0,0,6,https://www.udemy.com/course/subwaychallenge/
Creating 3D environments in Blender,683198,"Rob Tuytel, CG Obaid (Obaidur Rahman)","3D Modeling, 3D Environment Modeling, 3D Lighting, Blender, 3D & Animation",3D & Animation,All Levels,38 hours,4.7,14290,114787,"Rp159,000",11/2025,0,0,18,https://www.udemy.com/course/blender-environments/
Master Viral 3D Short Form Content in Blender,6785535,Vlad Sateev,"Blender, 3D & Animation, Design",3D & Animation,All Levels,5 hours,4.4,25,2893,"Rp149,000",3/2026,0,0,9,https://www.udemy.com/course/3d-blender-animation/
UV Mapping Bootcamp: Unwrapping & Texturing in Blender,6744673,"3D Tudor, Luke PolyGoods 3D","Blender, UV Mapping, 3D Texturing, 3D Game Development, 3D & Animation",3D & Animation,Beginner,11.5 hours,4.5,43,617,"Rp159,000",1/2026,0,0,1,https://www.udemy.com/course/uv-mapping-bootcamp-unwrapping-texturing-in-blender/
Blender 4.4 The complete training,6613131,Julien Deville,"3D Modeling, 3D Texturing, 3D Animation, 3D Sculpting, 3D & Animation",3D & Animation,Beginner,26 hours,4.6,123,782,"Rp149,000",5/2025,0,0,55,https://www.udemy.com/course/blender-44-the-complete-training/
Blender Mastery: A Complete Project-Based Course,6372025,My 3D Class,"Blender, 3D Rendering, 3D Modeling, 3D & Animation, Design",3D & Animation,Beginner,11 hours,4.4,21,133,"Rp149,000",2/2026,0,0,25,https://www.udemy.com/course/blender-mastery-a-complete-project-based-course/
The Ultimate Blender 3D Geometry Nodes Course,5280062,Alex Cordebard,"Blender, 3D & Animation, Design",3D & Animation,All Levels,54.5 hours,4.7,1624,14842,"Rp159,000",3/2026,1,0,29,https://www.udemy.com/course/geometry-nodes/
Creating a Stylized House and Props in Blender 2026,4791226,Artstudio 313,"3D Modeling, 3D & Animation, Design",3D & Animation,Beginner,10 hours,4.4,101,5463,"Rp149,000",3/2026,0,0,29,https://www.udemy.com/course/learn-blender-for-beginners-for-free/
Complete Introduction to 3D Environment Art,5974884,FastTrack Tutorials,"3D Environment Modeling, 3D Modeling, Unreal Engine, Game Texturing, 3D & Animation",3D & Animation,Beginner,28 hours,4.0,7,53,"Rp149,000",5/2024,0,0,0,https://www.udemy.com/course/complete-introduction-to-3d-environment-art/
Master 3D Character Design: From Sketch to Animation TestQ&S,7015485,"PRAVASINI MALLIK, Ajaya Suna, Sameer Padhan","Other IT & Software, IT & Software",3D & Animation,All Levels,N/A,N/A,N/A,234,"Rp149,000",2/2026,0,0,0,https://www.udemy.com/course/master-3d-character-design-from-sketch-to-animation-testqs/
BLENDER: Creating the Dune Ornithopter from start to finish,4756068,Mrawan Hussain,"Blender, Hard Surface Modeling, 3D & Animation, Design",3D & Animation,Intermediate,49 hours,4.8,119,1144,"Rp149,000",6/2024,5,0,9,https://www.udemy.com/course/blender-creating-the-dune-ornithopter-from-start-to-finish/
Get Started with Adobe After Effects 2026 (Beginners),6946675,Jordy Vandeput,"Adobe After Effects, Video Design, Photography & Video",3D & Animation,Beginner,3 hours,4.5,7,41,"Rp149,000",11/2025,0,0,2,https://www.udemy.com/course/start-adobe-after-effects-beginners/
Make a Cinematic Motorcycle Race Animations in Blender,4724400,Abdelilah Hamdani,"Photorealistic Rendering, Blender, 3D & Animation, Design",3D & Animation,Beginner,11 hours,4.5,70,871,"Rp149,000",12/2025,0,0,28,https://www.udemy.com/course/motorcycle-race/
"Build Games with Unreal Engine, Unity® and Blender!",2041952,"Mammoth Interactive, John Bura","Game Development Fundamentals, Unity, Unreal Engine, Blender, Game Development",3D & Animation,All Levels,110.5 hours,4.4,24,338,"Rp149,000",1/2023,56,0,49,https://www.udemy.com/course/build-games-with-unreal-engine-unity-and-blender/
Blender Character Creation for Absolute Beginners,4886260,Nexttut Education Pvt.Ltd.,"Blender, 3D & Animation, Design",3D & Animation,Beginner,22 hours,4.7,58,663,"Rp149,000",10/2022,1,0,3,https://www.udemy.com/course/blender-character-creation-for-absolute-beginners/
Super Sila (School of motion design),1604316,Alex Anshukov,"Adobe After Effects, Motion Graphics, Animation, 3D & Animation, Design",3D & Animation,All Levels,17 hours,4.1,33,261,"Rp149,000",11/2018,0,0,18,https://www.udemy.com/course/supersilaschool/
Arrimus Ultimate 3D Modeling Course,4824896,Arrimus 3D,"3D Animation, 3D & Animation, Design",3D & Animation,All Levels,74.5 hours,4.7,692,4975,"Rp149,000",11/2025,0,0,19,https://www.udemy.com/course/arrimus3d/
Blender 3D Full Course (Project Based),5417668,Nafay Sheikh,"Blender, 3D & Animation, Design",3D & Animation,All Levels,16 hours,4.3,519,2577,"Rp149,000",7/2023,0,0,0,https://www.udemy.com/course/blender-3d-full-course-project-based/
Cartoon animation advanced body mechanic course,5814190,Mohamed Nasr,"3D Animation, Character Animation, Autodesk Maya, 3D & Animation, Design",3D & Animation,Intermediate,4.5 hours,4.6,21,1085,"Rp149,000",2/2024,0,0,0,https://www.udemy.com/course/advanced-body-mechanic-snappy-cartoon-course-02/
Absolute Beginners 3D character in Blender course,4542508,NIkolay Naydenov,"Blender, 3D & Animation, Design",3D & Animation,Beginner,14.5 hours,4.6,1108,5865,"Rp149,000",2/2022,0,0,2,https://www.udemy.com/course/absolute-beginners-3d-character-in-blender-course/
Stylized texturing for video games with Blender,4375990,"The Parabox 3D, Sebastian Narvaez","Blender, 3D Texturing, Game Texturing, Marmoset Toolbag, 3D & Animation",3D & Animation,All Levels,10.5 hours,4.5,118,1759,"Rp159,000",10/2024,3,0,5,https://www.udemy.com/course/stylized-texturing-for-videogames-with-blender/
Python in Blender: 3D Scripting & Automation for 2025,2716668,Thomas McDonald,"Python, Blender, Programming Languages, Development",3D & Animation,Beginner,3 hours,4.2,747,4044,"Rp149,000",11/2025,12,1,38,https://www.udemy.com/course/python-scripting-in-blender-with-practical-projects/
Complete Guide to Realistic Character Creation in Blender,3610670,Victory3D LLC,"Character Design, Blender, 3D & Animation, Design",3D & Animation,Intermediate,53.5 hours,4.4,1584,17200,"Rp159,000",1/2026,0,0,4,https://www.udemy.com/course/realistic-character-creation-in-blender/
Blender 2.8 The complete guide from beginner to pro,2427460,Julien Deville,"3D Modeling, 3D & Animation, Design",3D & Animation,Beginner,34 hours,4.3,2795,14000,"Rp149,000",6/2020,0,0,58,https://www.udemy.com/course/blender-28-the-complete-guide-from-beginner-to-pro/
Blender Beginner’s Bootcamp,5304476,3D Tudor,"Blender, 3D & Animation, Design",3D & Animation,All Levels,13 hours,4.4,157,1527,"Rp159,000",4/2025,0,0,1,https://www.udemy.com/course/blender-beginners-bootcamp/
Blender 3D: Hard Surface Modelling,6781809,"GameDev.tv Team, Grant Abbitt","3D Game Development, Game Development Fundamentals, 3D Modeling, Blender, Game Development",3D & Animation,Intermediate,7 hours,4.7,109,953,"Rp159,000",10/2025,0,0,45,https://www.udemy.com/course/blender-3d-hard-surface-modelling/
"Master Blender 4 With AI Tools, Blender Addons & Unity.",5580650,Build FX,"Blender, 3D & Animation, Design",3D & Animation,All Levels,3 hours,4.8,20,1131,"Rp149,000",2/2025,0,0,0,https://www.udemy.com/course/master-blender-addons-and-learn-how-to-use-it/
Create Pro-Level CGI & VFX Ads in Blender : Beginner to Pro,6358769,My 3D Class,"Blender, VFX Visual Effects, 3D & Animation, Design",3D & Animation,Beginner,4.5 hours,4.7,37,272,"Rp149,000",2/2026,0,0,12,https://www.udemy.com/course/create-pro-level-cgi-vfx-ads-in-blender-beginner-to-pro/
Low Poly Landscapes: Blender Bite Sized Course,4258538,"GameDev.tv Team, Grant Abbitt, Rick Davidson","Blender, 3D & Animation, Design",3D & Animation,Beginner,6 hours,4.9,1676,10495,"Rp159,000",7/2025,1,0,2,https://www.udemy.com/course/blender-low-poly-landscapes/
Blender 5 Bootcamp: Complete 3D Workflow,7031739,Abdullahi Umar Abubakar,"Blender, 3D & Animation, Design",3D & Animation,All Levels,1.5 hours,4.5,N/A,N/A,"Rp149,000",2/2026,0,0,0,https://www.udemy.com/course/blender-5-bootcamp-complete-3d-workflow/
Unreal Engine 5 Megacourse: Create Games in UE5 & Blender,4850786,Skillademia Academy,"Unreal Engine, Blender, Game Development Fundamentals, Unreal Engine Blueprints, Game Design",3D & Animation,All Levels,33 hours,4.7,853,11178,"Rp159,000",12/2025,0,0,3,https://www.udemy.com/course/unreal-engine-5-megacourse-create-games-in-ue5-blender/
The Ultimate Environment Art Bundle - 4 Courses in 1,5081572,Aniket Rawat,"Unreal Engine, Substance Painter, Blender, Game Design, 3D & Animation",3D & Animation,All Levels,38 hours,4.7,61,810,"Rp159,000",5/2024,0,0,1,https://www.udemy.com/course/the-ultimate-environment-art-bundle-4-courses-in-1/
Blender 3D – Model a Medieval Researcher’s Desk,7030351,"3D Tudor, Luke PolyGoods 3D","Blender, 3D Environment Modeling, 3D Modeling, 3D Texturing, 3D & Animation",3D & Animation,All Levels,9.5 hours,4.5,6,62,"Rp149,000",1/2026,0,0,1,https://www.udemy.com/course/blender-3d-model-a-medieval-researchers-desk/
Anime Character Creator: Make 3D Anime Characters in Blender,4983852,"Grant Abbitt, GameDev.tv Team","Blender, 3D Animation, 3D Game Development, 3D Rigging, Game Development",3D & Animation,Intermediate,10.5 hours,4.5,741,7364,"Rp169,000",12/2024,1,0,62,https://www.udemy.com/course/blender-anime-character/
Blender & Substance: Modeling and texturing videogame props,1642266,The Parabox 3D,"3D Modeling, Game Texturing, Blender, Substance Painter, 3D & Animation",3D & Animation,All Levels,14.5 hours,4.6,518,2791,"Rp149,000",2/2021,1,0,8,https://www.udemy.com/course/next-gene-assets-for-videogames/
Sketching for Animators Who Can’t Draw,1189062,2D Animation 101 Courses,"Sketching, Drawing, 3D & Animation, Design",3D & Animation,Beginner,2.5 hours,4.5,679,8974,"Rp149,000",9/2018,0,0,0,https://www.udemy.com/course/sketching-for-animators-who-cant-draw/
Old Stylized Character in Blender,5883682,Bharat Sharma,"Digital Character Sculpting, 3D & Animation, Design",3D & Animation,Intermediate,23.5 hours,4.5,10,184,"Rp149,000",3/2024,0,0,5,https://www.udemy.com/course/old-stylized-character-in-blender/
The Ultimate Blender 3D Environments Course,4018258,Alex Cordebard,"Blender, 3D Modeling, 3D Environment Modeling, 3D & Animation, Design",3D & Animation,All Levels,12 hours,4.7,472,5109,"Rp149,000",8/2025,0,0,37,https://www.udemy.com/course/blender-3d-environments-course/
Unity Game Design & Development : 20+ 2D & 3D Projects,2136258,Raja Biswas,"Game Design, Game Art, Game Asset Creation, Unity, Game Development",3D & Animation,Beginner,21 hours,4.7,42,577,"Rp149,000",1/2025,1,0,1,https://www.udemy.com/course/complete-game-design-development/
Ultimate character creation in Blender: From beginner to pro,4192388,Monica 3D,"Character Modeling, Character Rigging, 3D Modeling, Blender, 3D & Animation",3D & Animation,All Levels,31 hours,4.6,514,3415,"Rp149,000",9/2021,0,0,24,https://www.udemy.com/course/ultimate-character-creation-in-blender/
Female Assassin Game Character Creation in Blender,6195189,Victory3D LLC,"Game Design, Design",3D & Animation,Intermediate,72 hours,4.7,119,1945,"Rp159,000",1/2026,0,0,6,https://www.udemy.com/course/female-assassin-game-character-creation-in-blender/
Advanced Scene Creation for Games,5027204,Nexttut Education Pvt.Ltd.,"3D Environment Modeling, 3D & Animation, Design",3D & Animation,Intermediate,34 hours,4.6,23,442,"Rp149,000",12/2022,0,0,0,https://www.udemy.com/course/advanced-scene-creation-for-games/
Character sculpting with blender: Create a stylized warrior,3602544,The Parabox 3D,"Blender, 3D Sculpting, Character Modeling, Digital Character Sculpting, 3D & Animation",3D & Animation,All Levels,11.5 hours,4.7,646,4562,"Rp149,000",11/2021,2,0,11,https://www.udemy.com/course/character-sculpting-with-blender/
Talking Head Videos Made Easy with AI for YouTube & Business,6282365,Stephanie A,"3D Animation, Other IT & Software, IT & Software",3D & Animation,Beginner,6 hours,4.8,N/A,1,"Rp149,000",12/2024,0,0,7,https://www.udemy.com/course/talking-head-videos-made-easy-with-ai-for-youtube-business/
Animate a Cinematic Jet Fighter In Blender & Unreal Engine,5199476,Abdelilah Hamdani,"Blender, Photorealistic Rendering, 3D & Animation, Design",3D & Animation,Intermediate,5 hours,4.4,121,875,"Rp149,000",9/2025,0,0,18,https://www.udemy.com/course/jet-fighter/
Substance Designer 2024: Stylized material creation.,3549462,"The Parabox 3D, 3d production house","Substance 3D Designer, 3D Texturing, Game Art, Unreal Engine, Game Design",3D & Animation,All Levels,7 hours,4.8,730,5024,"Rp159,000",7/2025,5,0,7,https://www.udemy.com/course/substance-designer-stylized-material-creation/
Blender 4 Modeling and Geometry Node Workshop,5941010,3D Tudor,"Blender, 3D Rendering, 3D Modeling, Game Art, 3D & Animation",3D & Animation,All Levels,29 hours,4.7,78,1177,"Rp149,000",1/2026,0,0,1,https://www.udemy.com/course/blender-4-modeling/
Blender 4 Creator Course Stylized 3D Models,5668564,3D Tudor,"3D Modeling, 3D Game Development, Blender, 3D & Animation, Design",3D & Animation,All Levels,20 hours,4.4,230,2507,"Rp149,000",3/2026,0,0,2,https://www.udemy.com/course/blender-4-creator-course-stylized-3d-models/
Advance Creature Texturing for Production,6844273,Nexttut Education Pvt.Ltd.,"3D & Animation, Design",3D & Animation,Intermediate,60 hours,4.6,10,252,"Rp159,000",9/2025,0,0,0,https://www.udemy.com/course/advance-creature-texturing-for-production/
Blender Skill Builder: Modelling Challenges,6969141,"GameDev.tv Team, Grant Abbitt","3D Modeling, Blender, Game Development, Development",3D & Animation,Beginner,6.5 hours,4.8,53,557,"Rp149,000",2/2026,0,0,36,https://www.udemy.com/course/blender-skill-builder-modelling-challenges/
"Learn Animation, The Beginner´s guide",2758566,Maria Avramova,"2D Animation, Cartoon Drawing, Drawing, 3D & Animation, Design",3D & Animation,Beginner,5 hours,4.4,74,524,"Rp149,000",1/2020,0,0,10,https://www.udemy.com/course/learn-animation-the-beginner-s-guide/
Unreal Engine 5 Stylized Night Environment,6796895,3D Tudor,"Unreal Engine, 3D Rendering, 3D Environment Modeling, 3D Game Development, Game Design",3D & Animation,All Levels,12 hours,4.6,3,149,"Rp149,000",1/2026,0,0,1,https://www.udemy.com/course/unreal-engine-5-stylized-night-environment/
Learn Blender 3D - Master the art of 3D modelling,705180,Joe Baily,"3D Modeling, 3D Animation, Art History, Blender, 3D & Animation",3D & Animation,All Levels,6 hours,4.6,41,380,"Rp149,000",2/2019,1,0,1,https://www.udemy.com/course/learn-blender-3d-the-complete-modelling-course/
Animation Workout,1692886,"John Nightingale, Game Art Co","Animation, 3D & Animation, Design",3D & Animation,Beginner,1.5 hours,4.5,67,3940,"Rp149,000",5/2018,0,0,0,https://www.udemy.com/course/animation-workout/
Blender Fundamentals - Modeling,4862004,Stephen Ulibarri,"Blender, 3D & Animation, Design",3D & Animation,Beginner,9.5 hours,4.8,734,3934,"Rp159,000",2/2026,2,0,3,https://www.udemy.com/course/blender-fundamentals-modeling/
Blender 3 Beginners Step by Step Guide to Isometric Rooms,5182822,3D Tudor,"Blender, 3D Modeling, 3D Rendering, 3D & Animation, Design",3D & Animation,Beginner,11 hours,4.9,22,646,"Rp149,000",4/2025,0,0,1,https://www.udemy.com/course/blender-3-beginners-step-by-step-guide-to-isometric-rooms/
Beginner to pro: CGI or VFX Advertisement using blender,6363279,My 3D Class,"Blender, VFX Compositing, 3D & Animation, Design",3D & Animation,All Levels,4.5 hours,4.5,11,120,"Rp149,000",2/2026,0,0,12,https://www.udemy.com/course/learn-blender-vfx-cgi-ads-banner-unroll-pro-level-cgi/
Lumion 8 - Beginner to Advanced,1509622,Nuttakit Chaiyamaneerat,"Lumion, 3D Animation, 3D Rendering, 3D & Animation, Design",3D & Animation,All Levels,8.5 hours,4.2,552,3061,"Rp149,000",7/2019,0,0,6,https://www.udemy.com/course/intensive-lumion-8/
3D Architectural Design Mastery with Blender,860778,Thomas McDonald,"Blender, Architectural Design, 3D Modeling, 3D Rendering, Design",3D & Animation,Beginner,7.5 hours,4.4,582,4971,"Rp149,000",11/2025,1,0,4,https://www.udemy.com/course/house-design-in-blender/
Blender for Beginners: 3D Modelling (Compatible with 4.4),6746915,"3D College, Konstantine Logan Arnaoutoglou","Blender, 3D & Animation, Design",3D & Animation,Beginner,8 hours,4.5,19,130,"Rp149,000",12/2025,2,0,8,https://www.udemy.com/course/blender-3d-for-beginners-3d-modelling-compatible-with-44/
Blender 2.81 - Spiders and insects creation from scratch,2702768,Julien Deville,"3D Modeling, 3D & Animation, Design",3D & Animation,Beginner,8 hours,4.7,347,2001,"Rp159,000",12/2019,0,0,30,https://www.udemy.com/course/blender-281-spiders-and-insects-creation-from-scratch/
2D Character Animation: Dialogue and Acting,3192306,Siobhan Twomey,"Animation, Character Animation, 3D & Animation, Design",3D & Animation,Intermediate,2.5 hours,4.7,208,2040,"Rp149,000",6/2020,0,0,6,https://www.udemy.com/course/character-animation-lip-sync/
Blender to Unreal Engine Character Creation,5721728,Victory3D LLC,"Game Design, Design",3D & Animation,Intermediate,49 hours,4.5,75,1357,"Rp159,000",1/2026,0,0,4,https://www.udemy.com/course/blender-to-unreal-engine-character-creation/
Python for Maya: Beginner to Advanced Rigging Automation,5398318,Nick Hughes,"Python, Autodesk Maya, PyCharm, Autodesk, Software Development Tools",3D & Animation,All Levels,25.5 hours,4.6,185,1483,"Rp149,000",1/2024,1,9,20,https://www.udemy.com/course/python-for-maya-beginner-to-advanced-rigging-automation/
Complete Blender beginner workflow for Cinematic animation,4928218,Sime Bugarija,"Blender, Animation, Cinematography, 3D & Animation, Design",3D & Animation,Beginner,5 hours,4.6,83,714,"Rp149,000",10/2022,0,0,10,https://www.udemy.com/course/complete-blender-beginner-workflow-for-cinematic-animation-tutorial/
The Blender 4 Ultimate Guide,5720430,3D Tudor,"Blender, 3D & Animation, Design",3D & Animation,All Levels,21.5 hours,4.3,157,1658,"Rp149,000",1/2026,0,0,1,https://www.udemy.com/course/the-blender-4-ultimate-guide/
Integrate A.I. Into Your 3D Workflow!,6653713,Arrimus 3D,"AI Art Generation, AI Content Generation, 3D Modeling, 3D Rendering, 3D & Animation",3D & Animation,All Levels,8.5 hours,4.5,14,82,"Rp149,000",3/2026,0,0,1,https://www.udemy.com/course/arrimusai/
Unreal Engine 5 Third Person Game & Stylized Environment,5503142,"3D Tudor, Markos Resvanis","3D Game Development, Unreal Engine Blueprints, Game Design, Design",3D & Animation,All Levels,19.5 hours,4.5,32,956,"Rp149,000",4/2025,0,0,1,https://www.udemy.com/course/unreal-engine-5-third-person-game-stylized-environment/
Rigging a Character in After Effects for Animation,1259252,2D Animation 101 Courses,"Character Rigging, Adobe After Effects, Animation, 3D & Animation, Design",3D & Animation,Beginner,1.5 hours,4.5,282,4994,"Rp149,000",9/2018,1,0,0,https://www.udemy.com/course/rigging-a-character-in-after-effects-for-animation/
Time Management for Animators,1423670,2D Animation 101 Courses,"Time Management, Management Skills, Personal Productivity, Personal Development",3D & Animation,Beginner,3.5 hours,4.6,52,268,"Rp149,000",9/2018,1,0,0,https://www.udemy.com/course/time-management-for-animators/
Maya 2022 Beginners Course,2177210,iVito .,"Autodesk Maya, 3D & Animation, Design",3D & Animation,All Levels,5 hours,4.5,55,241,"Rp149,000",2/2025,1,0,2,https://www.udemy.com/course/maya-beginners-course/
Transition Maestry. Create Explainer Videos In After Effects,6434063,Valeri Visuals,"Adobe After Effects, 3D & Animation, Design",3D & Animation,Intermediate,6.5 hours,4.6,71,385,"Rp149,000",2/2025,0,0,2,https://www.udemy.com/course/transition-maestry-create-explainer-videos-in-after-effects/
Realistic 3D Prop for Films in Blender,5415204,Victory3D LLC,"Digital Art, Game Design, Design",3D & Animation,Intermediate,17.5 hours,4.1,19,371,"Rp149,000",11/2024,0,0,3,https://www.udemy.com/course/realistic-prop-for-films-in-blender/
Creating Autonomous Living Creatures in Blender!,5890816,3d illusions,"Blender, 3D & Animation, Design",3D & Animation,All Levels,2.5 hours,4.8,31,205,"Rp149,000",4/2025,2,0,0,https://www.udemy.com/course/creating-autonomous-living-creatures-in-blender/
Blender and Gaea Masterclass – Procedural Ice World,6973175,"3D Tudor, Josh/ DragonLaser","Blender, 3D Environment Modeling, 3D Modeling, 3D & Animation, Design",3D & Animation,All Levels,7 hours,4.5,2,72,"Rp149,000",1/2026,0,0,1,https://www.udemy.com/course/blender-and-gaea-masterclass-procedural-ice-world/
Beginner's Guide to Creature Creation for Games,3320706,Nexttut Education Pvt.Ltd.,"Game Development Fundamentals, 3D & Animation, Design",3D & Animation,Beginner,32 hours,4.7,103,928,"Rp159,000",8/2020,0,0,0,https://www.udemy.com/course/beginners-guide-to-creature-creation-for-games/
3D Modeling for Games: Create AAA Assets in Maya & Substance,6036426,Shoaib Mohammed,"3D Modeling, Game Art, 3D & Animation, Design",3D & Animation,Beginner,20 hours,4.7,34,354,"Rp149,000",5/2025,0,0,3,https://www.udemy.com/course/the-ultimate-game-art-creation-kit-maya-substance-painter/
Hard Surface Modelling in Maya,4488876,Nexttut Education Pvt.Ltd.,"Hard Surface Modeling, 3D & Animation, Design",3D & Animation,Beginner,16.5 hours,4.7,466,2563,"Rp149,000",6/2023,0,0,0,https://www.udemy.com/course/hard-surface-modelling-in-maya-2022/
Mastering the Art of Isometric Room Design in Blender 3,5092152,3D Tudor,"Blender, 3D Modeling, 3D & Animation, Design",3D & Animation,Beginner,9 hours,4.7,28,1285,"Rp149,000",4/2025,0,0,1,https://www.udemy.com/course/blender-3-mastering-the-art-of-isometric-room-design-in/
Blender 2.79- Character creation for unity for beginners,1737546,Julien Deville,"Blender, Unity, 3D & Animation, Design",3D & Animation,Beginner,11.5 hours,4.5,106,878,"Rp149,000",6/2018,0,0,47,https://www.udemy.com/course/blender-279-character-creation-for-unity/
Blender Workflow For Realistic Animation + 100 Assets - The,5816164,Sime Bugarija,"Blender, 3D Modeling, 3D Animation, 3D & Animation, Design",3D & Animation,Beginner,7.5 hours,4.9,23,300,"Rp149,000",2/2024,0,0,3,https://www.udemy.com/course/realistic-animation-blender-assets-the-the-oldest-view-kane-pixels/
"Blender, Twinmotion: 3D Modelling, VR & Arch Viz",2480230,Thomas McDonald,"Architectural Design, Blender, Twinmotion, Design",3D & Animation,Beginner,5.5 hours,4.4,59,534,"Rp149,000",9/2025,1,0,24,https://www.udemy.com/course/blender-twinmotion-real-time-architectural-visualization/
Master Blender 3D with Wild West Environments,6538473,"3D Tudor, Luke PolyGoods 3D","Blender, 3D Rendering, 3D Modeling, 3D Game Development, 3D & Animation",3D & Animation,All Levels,21 hours,4.7,26,387,"Rp149,000",1/2026,0,0,1,https://www.udemy.com/course/master-blender-3d-with-wild-west-environments/
Create a Victorian Room with Blender and Substance Painter,4574454,Darrin Lile,"Blender, 3D & Animation, Design",3D & Animation,Beginner,18.5 hours,4.8,179,1428,"Rp149,000",7/2022,0,0,1,https://www.udemy.com/course/create-a-victorian-room-with-blender-and-substance-painter/
Learn to Make Stylised Environments in Blender & UE5,5457822,Nexttut Education Pvt.Ltd.,"3D Environment Modeling, 3D & Animation, Design",3D & Animation,Intermediate,27 hours,4.6,90,1301,"Rp159,000",7/2023,0,0,0,https://www.udemy.com/course/learn-to-make-stylised-environments-for-3d-films/
Low Poly Characters: Blender Bitesize Course,4353258,"GameDev.tv Team, Grant Abbitt, Rick Davidson","Blender, Game Development Fundamentals, 3D & Animation, Design",3D & Animation,Beginner,5 hours,4.8,1403,9099,"Rp159,000",7/2025,1,0,36,https://www.udemy.com/course/blender-low-poly-characters/
3D Modeling Course for Beginners in Maya,5155772,CG BLAST,"3D Modeling, Autodesk Maya, Hard Surface Modeling, 3D & Animation, Design",3D & Animation,All Levels,11.5 hours,4.6,141,622,"Rp149,000",3/2023,0,0,9,https://www.udemy.com/course/3d-modeling-course-for-beginners-in-maya/
Blender Geometry Nodes - Boats,6425785,"3D Tudor, Vladan Trhlík","Blender, 3D Modeling, Game Design, 3D & Animation, Design",3D & Animation,All Levels,2.5 hours,4.6,18,209,"Rp149,000",1/2026,0,0,1,https://www.udemy.com/course/blender-geometry-nodes-boats/
"Design in the AI Era: 3D Design with ChatGPT, Blender, Unity",5403268,"IRONHEAD Games, Elif Ayhan","3D Modeling, 3D Game Development, Game Art, 3D & Animation, Design",3D & Animation,All Levels,4 hours,4.3,22,303,"Rp149,000",6/2023,1,0,0,https://www.udemy.com/course/design-in-the-ai-era-3d-design-with-chatgpt-blender-unity/
Blender Geometry Nodes for Beginners - Foliage Scatter,6177711,"3D Tudor, Vladan Trhlík","Blender, 3D Modeling, 3D Game Development, 3D & Animation, Design",3D & Animation,Beginner,2.5 hours,4.6,16,407,"Rp149,000",1/2026,0,0,1,https://www.udemy.com/course/blender-geometry-nodes-for-beginners-foliage-scatter/
Beginner's Guide to Stylized Character Creation for Games,3556503,Nexttut Education Pvt.Ltd.,"Character Modeling, 3D & Animation, Design",3D & Animation,Beginner,33 hours,4.7,227,1612,"Rp149,000",10/2020,1,0,0,https://www.udemy.com/course/beginners-guide-to-stylized-character-creation-for-games/
Blender Geometry Nodes – Procedural Bridge Generator,6259065,"3D Tudor, Vladan Trhlík","Blender, 3D Game Development, 3D Modeling, 3D & Animation, Design",3D & Animation,Beginner,2.5 hours,4.6,12,212,"Rp149,000",1/2026,0,0,0,https://www.udemy.com/course/blender-geometry-nodes-procedural-bridge-generator/
The Ultimate 2D/3D Photoshop & Graphic Design Course ! 2020,778740,Sprint Academy Corp,"Photoshop Retouching, Photography, Adobe Photoshop, Graphic Design & Illustration, Design",3D & Animation,Intermediate,2.5 hours,4.0,445,37650,"Rp149,000",5/2020,5,0,37,https://www.udemy.com/course/the-ultimate-photoshop-graphic-design-course-2019/
Creating a webpage using Blender and Three.js,4322562,Oscar Villarreal,"Three.JS, Blender, Other IT & Software, IT & Software",3D & Animation,All Levels,1.5 hours,3.3,5,66,"Rp149,000",9/2021,3,0,1,https://www.udemy.com/course/creating-a-webpage-using-blender-and-threejs/
2D Character Animation: Walk Cycles,2647524,Siobhan Twomey,"Animation, Character Animation, 3D & Animation, Design",3D & Animation,Intermediate,2.5 hours,4.6,442,3487,"Rp149,000",2/2022,1,0,10,https://www.udemy.com/course/2d-animation/
Model and Texture a Stylized Dungeon for Games,881810,3dmotive LLC,"3D Texturing, Autodesk Maya, 3D Modeling, Game Texturing, Game Development",3D & Animation,Intermediate,6.5 hours,4.7,483,2834,"Rp149,000",9/2016,2,0,4,https://www.udemy.com/course/3dmotive-model-and-texture-a-stylized-dungeon-for-games/
OpenToonz the complete course to create 2D animations,4258006,Nicolas Forgue,"Animation, 3D & Animation, Design",3D & Animation,All Levels,9.5 hours,4.3,38,278,"Rp159,000",8/2021,0,0,6,https://www.udemy.com/course/opentoonz-the-complete-course-to-create-2d-animations/
Blender and Substance Painter - Game Asset Creation,6886541,3D Tudor,"3D Modeling, Substance Painter, Blender, 3D Game Development, 3D & Animation",3D & Animation,All Levels,8 hours,4.3,28,250,"Rp149,000",1/2026,0,0,1,https://www.udemy.com/course/blender-and-substance-painter-game-asset-creation/
3D Trees with Blender Geometry Nodes,6484495,"3D Tudor, Vladan Trhlík","Blender, 3D Modeling, Game Design, 3D & Animation, Design",3D & Animation,All Levels,2.5 hours,4.8,18,295,"Rp149,000",1/2026,0,0,2,https://www.udemy.com/course/3d-trees-with-blender-geometry-nodes/
Blender Texture Painting: Create Stunning Stylised Models,5625248,"GameDev.tv Team, Grant Abbitt","Blender, 3D Texturing, 3D Modeling, Game Development, Development",3D & Animation,All Levels,6.5 hours,4.9,319,2262,"Rp159,000",12/2024,0,0,0,https://www.udemy.com/course/blender-texture-painting/
VFX 101: Learn Adobe After Effects / PFTrack / 3ds Max,422662,Ruan Lotter,"Adobe After Effects, VFX Compositing, Motion Graphics, VFX Visual Effects, 3D & Animation",3D & Animation,All Levels,4.5 hours,4.0,103,1871,"Rp149,000",2/2017,0,0,13,https://www.udemy.com/course/introtovfx/
Stylized 3D Environments with Blender 4 Geometry Nodes,5917494,3D Tudor,"Blender, 3D Environment Modeling, 3D Modeling, 3D & Animation, Design",3D & Animation,All Levels,10 hours,4.4,43,496,"Rp149,000",1/2026,0,0,1,https://www.udemy.com/course/stylized-3d-environments-with-blender-4-geometry-nodes/
Intermediate Animation in Autodesk Maya,3831034,Digital Art HQ School,"Character Animation, 3D Animation, Animation, Autodesk Maya, Game Design",3D & Animation,Intermediate,13 hours,4.1,47,12289,"Rp149,000",2/2021,0,0,2,https://www.udemy.com/course/intermediate-animation-in-autodesk-maya/
3D Game Character Creature - Full Complete Pipeline,1835718,Victory3D LLC,"Creature Design, zBrush, Game Design, Design",3D & Animation,Intermediate,14.5 hours,4.8,322,2739,"Rp149,000",3/2019,0,0,4,https://www.udemy.com/course/game-character-pipeline/
Advanced Texture Character Creation,5108284,Nexttut Education Pvt.Ltd.,"3D Texturing, 3D & Animation, Design",3D & Animation,Intermediate,23 hours,4.8,180,1602,"Rp149,000",1/2023,0,0,0,https://www.udemy.com/course/advanced-texture-character-creation/
Unreal Engine 5: Quill pipeline – VR animation for 3D artist,6459283,Eric Giessmann,"Unreal Engine, 3D & Animation, Design",3D & Animation,Intermediate,1.5 hours,4.5,2,11,"Rp149,000",5/2025,0,0,2,https://www.udemy.com/course/quill-to-unreal-engine-pipeline/
Blender Basics Geometry Node Brick Walls Workshop,5993580,3D Tudor,"Blender, 3D Modeling, 3D & Animation, Design",3D & Animation,All Levels,4.5 hours,4.6,12,134,"Rp149,000",1/2026,0,0,0,https://www.udemy.com/course/blender-geometry-node-workshop/
Adobe Animate the complete course to start with animations,3800160,Nicolas Forgue,"Adobe Animate, 3D & Animation, Design",3D & Animation,Beginner,8 hours,4.1,25,154,"Rp149,000",2/2021,0,0,2,https://www.udemy.com/course/adobe-animate-the-complete-course-to-start-with-animations/
Geometry Nodes in Blender 4: Create Complex 3D Models,5765234,"GameDev.tv Team, Stephen Woods","Blender, 3D Animation, 3D Modeling, 3D & Animation, Design",3D & Animation,Intermediate,10.5 hours,4.7,111,1708,"Rp149,000",5/2024,0,0,44,https://www.udemy.com/course/geometry-nodes-in-blender-4/
Mechanical Creature Modelling in Maya,5120646,Nexttut Education Pvt.Ltd.,"3D Modeling, 3D & Animation, Design",3D & Animation,Intermediate,20 hours,4.8,40,251,"Rp149,000",11/2025,0,0,0,https://www.udemy.com/course/mechanical-creature-making-for-production/
Redesign and Remake Game Assets,5553622,Arrimus 3D,"3D Modeling, 3D & Animation, Design",3D & Animation,All Levels,72.5 hours,4.9,4,138,"Rp149,000",11/2024,0,0,0,https://www.udemy.com/course/redesign/
The Blender Bitesize Course - A complete guide,644692,Joe Baily,"Blender, 3D Modeling, Animation, Game Design, Design",3D & Animation,All Levels,17.5 hours,4.4,27,188,"Rp149,000",7/2018,1,0,0,https://www.udemy.com/course/the-blender-bitesize-course-a-complete-guide/
The Ultimate Blender Low Poly Course 2,3567741,Alex Cordebard,"3D Animation, 3D Modeling, Blender, 3D & Animation, Design",3D & Animation,All Levels,21 hours,4.6,202,2014,"Rp149,000",8/2025,0,0,0,https://www.udemy.com/course/blender-low-poly-course/
Maya 3D Masterclass - Modeling a 3D Sci-Fi Vehicle in Maya,3722808,Digital Saucer Studios,"3D Lighting, 3D Modeling, 3D Rendering, Autodesk, 3D & Animation",3D & Animation,All Levels,23 hours,4.7,67,13103,"Rp149,000",12/2020,0,0,17,https://www.udemy.com/course/maya-3d-masterclass-modeling-a-3d-sci-fi-vehicle-in-maya/
3D Modular Modelling Game Assets: Blender to Unreal Engine 5,3793432,Thomas McDonald,"Blender, Level Design, Unreal Engine, Game Design, Design",3D & Animation,Intermediate,6.5 hours,4.7,145,1405,"Rp149,000",5/2025,1,0,24,https://www.udemy.com/course/modular-3d-building-mastery-in-blender-unreal-engine/
Blender 3D Modeling Class : Design Stunning Fantasy World,4582396,Muhammed Kosek,"3D Modeling, Blender, NFT (Non-Fungible Tokens), Metaverse, 3D & Animation",3D & Animation,All Levels,6.5 hours,4.7,14,2049,"Rp149,000",11/2024,0,0,12,https://www.udemy.com/course/the-complete-epic-3d-metaverse-and-nft-designing/
Substance Painter to Unreal Engine 5 Masterclass,4712136,3D Tudor,"Unreal Engine, Game Design, Game Texturing, Substance Painter, 3D & Animation",3D & Animation,All Levels,15 hours,4.5,57,853,"Rp149,000",4/2025,0,0,2,https://www.udemy.com/course/substance-painter-to-unreal-engine-5-masterclass/
Create a 2D Animation with Blender,1299042,Marko Matosevic,"2D Animation, Animation, Blender, 3D & Animation, Design",3D & Animation,Beginner,3.5 hours,3.6,55,596,"Rp149,000",9/2017,3,0,1,https://www.udemy.com/course/create-a-2d-animation-with-blender/
Maya Lighting Masterclass: Become Pro at Rendering,4792696,Nexttut Education Pvt.Ltd.,"Autodesk Maya, 3D Lighting, Autodesk Arnold, 3D & Animation, Design",3D & Animation,Intermediate,9 hours,4.7,217,1649,"Rp149,000",8/2022,1,0,0,https://www.udemy.com/course/cinematic-lighting-in-maya/
Submarine Interior Game Environment Creation in Blender,2762568,Victory3D LLC,"Game Design, Design",3D & Animation,Intermediate,23.5 hours,4.4,125,1077,"Rp149,000",1/2020,0,0,5,https://www.udemy.com/course/submarine-interior-creation/
Complete blender course: From modelling to a short animation,4666900,Imran Nuruhussen,"Blender, 3D & Animation, Design",3D & Animation,All Levels,9 hours,4.2,54,491,"Rp149,000",5/2022,0,0,3,https://www.udemy.com/course/complete-blender-course-learn-making-a-short-animations/
2D Explosion Animations: Make Cartoony VFX in Photoshop,3598604,Think Citric,"2D Animation, VFX Visual Effects, 2D Game Development, 3D & Animation, Design",3D & Animation,All Levels,4.5 hours,4.8,92,553,"Rp149,000",11/2020,0,0,0,https://www.udemy.com/course/2d-explosion-animations-make-cartoony-vfx-in-photoshop/
3D Game Development with Blender,853420,Andy Harris,"3D Game Development, Blender, Game Development, Development",3D & Animation,All Levels,11 hours,4.5,159,1352,"Rp149,000",1/2017,0,0,1,https://www.udemy.com/course/3d-game-development-with-blender/
Substance Painter - Rune Sword,4992376,Stephen Ulibarri,"Substance Painter, Game Development, Development",3D & Animation,Beginner,3 hours,5.0,108,909,"Rp149,000",2/2026,1,0,2,https://www.udemy.com/course/substance-painter-rune-sword/
Ultimate Blender guide: Make low poly characters in 3D!,1330728,"Mammoth Interactive, John Bura","Blender, 3D & Animation, Design",3D & Animation,Beginner,16.5 hours,4.3,93,4949,"Rp149,000",6/2019,6,0,2,https://www.udemy.com/course/create-low-poly-game-characters-in-blender3d/
Modeling and Texturing Foliage for Games in 3ds Max & Unreal,82984,3dmotive LLC,"Autodesk 3ds Max, 3D Modeling, 3D Texturing, Unreal Engine, 3D & Animation",3D & Animation,Intermediate,4.5 hours,4.3,47,731,"Rp149,000",4/2017,1,0,1,https://www.udemy.com/course/3dmotive-building-foliage-for-games-using-3ds-max-and-udk/
Create a 3d War Horn in Maya and Substance Painter,6047411,Chander Dhingra,"Unreal Engine, Autodesk Maya, Substance Painter, 3D Modeling, Game Design",3D & Animation,Beginner,1 hour,4.0,16,1944,Free,6/2024,0,0,1,https://www.udemy.com/course/create-a-3d-war-horn-in-maya-and-substance-painter/
Rigging 101 for Video Games - Maya 2018,1386822,Alex Zaragoza,"Autodesk Maya, Character Rigging, 3D Animation, 3D Rigging, 3D & Animation",3D & Animation,Intermediate,6.5 hours,4.4,543,3986,"Rp149,000",4/2018,0,0,10,https://www.udemy.com/course/rigging-101-for-videogames-maya-2018/
Character Creation Guide: Intro to PBR Assets for Games,2006076,Class Creatives,"3D Game Development, Game Development, Development",3D & Animation,Beginner,9 hours,4.6,43,360,"Rp149,000",11/2025,1,0,1,https://www.udemy.com/course/character-creation-introduction/
Character UV Mapping (Maya),3238935,David Bittorf,"UV Mapping, Character Design, Game Texturing, 3D Texturing, Game Design",3D & Animation,Beginner,43 mins,4.7,29,925,"Rp149,000",6/2020,0,0,7,https://www.udemy.com/course/character-uv-mapping/
Autodesk Maya the Basics for Beginners,1157536,UK Online Training Centre,"Autodesk Maya, 3D & Animation, Design",3D & Animation,Beginner,1 hour,4.5,58,1355,"Rp149,000",3/2017,2,0,1,https://www.udemy.com/course/autodesk-maya-the-basics-for-beginners/
Learn Modular Environment Building for Games with Blender,895116,3dmotive LLC,"Blender, Unity, Game Asset Creation, Game Development, Development",3D & Animation,Intermediate,6.5 hours,4.3,90,750,"Rp149,000",9/2016,2,0,5,https://www.udemy.com/course/3dmotive-learn-modular-environment-building-for-games-with-blender/
"Maya Training - Creating/Modelling ""The Brooklyn Bridge""",1845006,mojomojo design,"Autodesk Maya, 3D Modeling, 3D & Animation, Design",3D & Animation,Intermediate,27.5 hours,4.1,19,264,"Rp149,000",8/2018,0,0,2,https://www.udemy.com/course/maya-training-creating-modelling-the-brooklyn-bridge/
Substance 3D Designer for Beginners,4582462,Nexttut Education Pvt.Ltd.,"Substance 3D Designer, 3D & Animation, Design",3D & Animation,Beginner,15 hours,4.1,139,1826,"Rp149,000",4/2022,0,0,0,https://www.udemy.com/course/substance-3d-designer-for-beginners/
Make Low Poly 3D Environment Models in Blender and Unity®!,1334984,"Mammoth Interactive, John Bura","Unity, Blender, 3D & Animation, Design",3D & Animation,Beginner,5 hours,4.5,6,119,"Rp149,000",3/2018,3,0,1,https://www.udemy.com/course/make-low-poly-3d-environment-models-in-blender-and-unity/
Rigging for characters in Autodesk Maya,1581310,Rey3D .com,"3D Rigging, 3D & Animation, Design",3D & Animation,Intermediate,8.5 hours,4.2,183,1106,"Rp149,000",11/2018,0,0,0,https://www.udemy.com/course/rigging-for-characters-in-autodesk-maya/
Make a Unity® Platform Game & Low Poly Characters in Blender,1383604,"Mammoth Interactive, John Bura","Unity, Game Mechanics, C# (programming language), Blender, Game Development",3D & Animation,Beginner,31.5 hours,4.6,37,502,"Rp149,000",12/2017,7,0,5,https://www.udemy.com/course/unitygamelowpolycharacters/
Modeling and Rendering Cute Characters in Maya 2020,3844180,Digital Saucer Studios,"3D Modeling, 3D Lighting, 3D Rendering, 3D Texturing, 3D & Animation",3D & Animation,All Levels,10.5 hours,4.5,22,9297,"Rp149,000",2/2021,0,0,4,https://www.udemy.com/course/modeling-and-rendering-cute-characters-in-maya-2020/
Modeling and Rendering a Robot in Maya 2020,3511010,Digital Saucer Studios,"3D Modeling, 3D Lighting, 3D Rendering, 3D & Animation, Design",3D & Animation,All Levels,6.5 hours,4.3,16,6981,"Rp149,000",10/2020,0,0,2,https://www.udemy.com/course/modeling-and-rendering-a-robot-in-maya-2020/
Learn Maya - Character Head Modeling for Beginners,1321664,Nalini Kanta Jena,"3D Modeling, Autodesk Maya, 3D & Animation, Design",3D & Animation,Beginner,2 hours,4.4,1075,38299,Free,3/2018,0,0,20,https://www.udemy.com/course/learn-maya-character-head-modeling-for-beginners/
Hard Surface Vehicles - The Complete 3D Production Pipeline,3393502,David Bittorf,"Hard Surface Modeling, Autodesk Maya, Substance Painter, 3D Modeling, Game Design",3D & Animation,All Levels,23.5 hours,4.5,109,849,"Rp149,000",10/2020,0,0,9,https://www.udemy.com/course/hard-surface-vehicles-the-complete-3d-production-pipeline/
Intro to 3d Modeling Using Blender,349078,3dmotive LLC,"3D Modeling, 3D Animation, Blender, Game Development, Development",3D & Animation,Beginner,5.5 hours,4.2,142,1719,"Rp149,000",9/2016,2,0,5,https://www.udemy.com/course/3dmotive-intro-to-3d-modeling-using-blender/
Texture Lab the complete course material creation,6399403,Nicolas Forgue,"3D Rendering, 3D Texturing, 3D Modeling, 3D & Animation, Design",3D & Animation,All Levels,8 hours,5.0,1,2,"Rp149,000",1/2025,0,0,0,https://www.udemy.com/course/texture-lab-the-complete-course-material-creation/
3D Game Environment Cathedral Creation,2516262,Victory3D LLC,"Game Design, Design",3D & Animation,Intermediate,52 hours,4.6,84,877,"Rp149,000",8/2019,0,0,6,https://www.udemy.com/course/cathedral-creation/
Learn Game Props Modelling in Blender,5264810,Nexttut Education Pvt.Ltd.,"3D Modeling, 3D & Animation, Design",3D & Animation,Intermediate,22 hours,4.6,22,335,"Rp149,000",7/2023,0,0,1,https://www.udemy.com/course/aaa-game-props-making-for-beginners-radio-headphone/
Substance Painter Beginner's Guide to Game Texturing,4989844,3D Tudor,"3D Texturing, Game Art, Game Texturing, Substance Painter, Game Design",3D & Animation,Beginner,10.5 hours,4.3,29,2314,"Rp149,000",4/2025,0,0,1,https://www.udemy.com/course/substance-painter-beginners-guide-to-game-texturing/
A Brief History of Animation,4728776,Rita Vlas,"Animation, Humanities, Teaching & Academics",3D & Animation,All Levels,3 hours,4.5,22,85,"Rp149,000",5/2024,0,0,17,https://www.udemy.com/course/the-brief-history-of-animation/
Learn Maya - A Beginners guide to Creating Realistic Scenes,732578,Bhaumik Patel,"Autodesk Maya, 3D Rendering, 3D Modeling, 3D Lighting, 3D & Animation",3D & Animation,Beginner,18.5 hours,4.6,1528,10240,"Rp149,000",2/2019,0,0,2,https://www.udemy.com/course/learn-maya-for-beginners/
Complete Modular Environments in Unreal Engine,4784282,Nexttut Education Pvt.Ltd.,"Unreal Engine, 3D Environment Modeling, Game Design, Design",3D & Animation,Intermediate,38.5 hours,4.4,62,982,"Rp149,000",6/2023,1,0,0,https://www.udemy.com/course/complete-modular-environments-in-unreal-engine-5/
Maya For Beginning Animators,3295858,Paul McGrade,"3D Animation, Autodesk Maya, 3D & Animation, Design",3D & Animation,Beginner,1.5 hours,4.5,17,112,"Rp149,000",7/2020,0,0,0,https://www.udemy.com/course/maya-for-beginning-animators/
Blender VFX Tutorial: Rig & Animate a Realistic Car in Real,3992238,Abdelilah Hamdani,"VFX Visual Effects, Blender, 3D & Animation, Design",3D & Animation,Beginner,1 hour,4.5,42,322,"Rp149,000",3/2025,0,0,6,https://www.udemy.com/course/blender-visual-effects/
3D Modeling for Video Games : Beginners Guide,2123478,Bradley Wascher,"3D Modeling, 3D & Animation, Design",3D & Animation,Beginner,6.5 hours,4.7,122,575,"Rp149,000",3/2019,0,0,0,https://www.udemy.com/course/3d-modeling-for-video-games-beginners-guide/
Learn How to Create Simple 3D Models in Blender,6123003,VISHAL SAHU,"3D Modeling, Blender, 3D & Animation, Design",3D & Animation,All Levels,5 hours,4.3,33,1023,"Rp149,000",3/2025,0,0,0,https://www.udemy.com/course/learn-how-to-create-simple-3d-objects-in-blender/
Get started in animation | From an idea to an animated movie,2367508,Ruxandra Mihai,"Stop Motion Animation, Arts & Crafts, Lifestyle",3D & Animation,Beginner,2.5 hours,4.3,56,272,"Rp149,000",9/2020,0,0,17,https://www.udemy.com/course/getstartedinanimation/
Rigging 101 For Games | Maya 2020,3618078,Digital Art HQ School,"3D Rigging, Character Rigging, Game Design, Design",3D & Animation,Intermediate,14 hours,4.6,94,9189,"Rp149,000",1/2021,0,0,1,https://www.udemy.com/course/rigging-basics-for-games-maya-2020/
Substance Painter & Maya Course: Low Poly Character Making,4075436,Nexttut Education Pvt.Ltd.,"Character Modeling, Substance Painter, 3D & Animation, Design",3D & Animation,Beginner,13 hours,4.8,49,524,"Rp149,000",5/2021,0,0,0,https://www.udemy.com/course/substance-painter-maya-course-low-poly-character-making/
Hair Creation for Game Characters: Maya Xgen,4592520,Nexttut Education Pvt.Ltd.,"Autodesk Maya, Digital Character Sculpting, 3D & Animation, Design",3D & Animation,Intermediate,11.5 hours,4.8,91,947,"Rp149,000",8/2022,0,0,0,https://www.udemy.com/course/hair-creation-for-game-characters/
VFX Bootcamp Zombie Highway,247822,Bradley Collins,"VFX Compositing, 3D & Animation, Design",3D & Animation,All Levels,4 hours,4.9,8,120,"Rp149,000",7/2020,0,0,1,https://www.udemy.com/course/vfx-bootcamp-zombie-highway/
Creating a Cute Character in Maya and Photoshop,3861016,Digital Saucer Studios,"3D Modeling, 3D Lighting, 3D Texturing, UV Mapping, 3D & Animation",3D & Animation,All Levels,9 hours,4.6,31,13973,"Rp149,000",2/2021,0,0,7,https://www.udemy.com/course/creating-a-cute-character-in-maya-and-photoshop/
Maya Game Character Rigging: Professional Biped Rigs,4178856,"Baka Dan, Tyler Gogan","3D Animation, Autodesk Maya, 3D Rigging, Game Design, Design",3D & Animation,All Levels,9 hours,4.4,25,221,"Rp149,000",12/2025,1,0,4,https://www.udemy.com/course/rigging-101-for-game-characters-maya-20203/
Blender 2.8 Game Character Creation,2292199,Darrin Lile,"Unity, Blender, Game Design, Design",3D & Animation,Beginner,9 hours,4.7,1639,7789,"Rp199,000",4/2019,0,0,6,https://www.udemy.com/course/blender-28-game-character-creation/
Creating a Cartoon Monster in Maya 2020,3567857,Digital Saucer Studios,"3D Lighting, 3D Modeling, 3D Rendering, 3D Texturing, 3D & Animation",3D & Animation,All Levels,13 hours,4.9,14,6298,"Rp149,000",11/2020,0,0,3,https://www.udemy.com/course/creating-a-cartoon-monster-in-maya-2020/
Sci-Fi 3D Game Environment Design Modeling & Texturing,1876982,Victory3D LLC,"Game Design, 3D Modeling, 3D Animation, 3D Game Development, Design",3D & Animation,Intermediate,27 hours,4.5,113,1141,"Rp149,000",10/2019,0,0,6,https://www.udemy.com/course/sci-fi-environment/
Blender 2.81 - Substance painter - Sci fi asset creation,2668106,Julien Deville,"3D Modeling, 3D & Animation, Design",3D & Animation,Beginner,10 hours,4.6,541,3664,"Rp149,000",11/2019,0,0,31,https://www.udemy.com/course/blender-281-substance-painter-sci-fi-asset-creation/
Character Animations - Auto Rig Pose to Pose Animations,2677248,Edward Boateng,"Character Animation, 3D Animation, 3D Rigging, Character Rigging, 3D & Animation",3D & Animation,All Levels,4 hours,4.2,11,5791,"Rp149,000",11/2019,1,0,1,https://www.udemy.com/course/character-animations-auto-rig-pose-to-pose-animations/
Texturing a Complete Scene in Substance 3D Painter,4644740,Nexttut Education Pvt.Ltd.,"Substance Painter, 3D & Animation, Design",3D & Animation,Intermediate,14 hours,4.4,32,473,"Rp149,000",12/2025,1,0,0,https://www.udemy.com/course/texturing-a-complete-scene-in-substance-3d-painter/
The Complete Intro to Mudbox for Games and Film,330158,3dmotive LLC,"Mudbox, 3D Modeling, 3D Sculpting, Digital Character Sculpting, 3D & Animation",3D & Animation,Beginner,3.5 hours,4.4,61,458,"Rp149,000",9/2016,2,0,3,https://www.udemy.com/course/3dmotive-the-complete-intro-to-mudbox-for-games-and-film/
Substance Painter - Texturing multiple stylized assets,3703068,Luke PolyGoods 3D,"3D Texturing, Game Design, Design",3D & Animation,All Levels,3 hours,4.4,32,1478,"Rp149,000",4/2021,0,0,1,https://www.udemy.com/course/substance-painter-texturing-multiple-stylized-assets/
Victorian Era 3D Game Environment,2295363,Victory3D LLC,"Game Design, Design",3D & Animation,Intermediate,43.5 hours,4.4,97,829,"Rp149,000",7/2019,0,0,9,https://www.udemy.com/course/victorian-game-environment/
3D Prop Creation in Blender 3D and Substance Painter,4296874,Aniket Rawat,"3D Modeling, 3D Texturing, Game Texturing, Hard Surface Modeling, 3D & Animation",3D & Animation,All Levels,3 hours,4.5,22,119,"Rp149,000",5/2024,0,0,1,https://www.udemy.com/course/creating-pokedex-in-blender-and-substance-painter/
Futuristic Sci-Fi Game Environment in Blender,2936638,Victory3D LLC,"Game Design, Blender, Design",3D & Animation,Intermediate,19 hours,4.5,59,710,"Rp149,000",4/2020,0,0,4,https://www.udemy.com/course/futuristic-game-environment/
Maya Modeling BOOST,4406776,Mitchell Nickerson,"3D Modeling, 3D & Animation, Design",3D & Animation,Beginner,3.5 hours,4.7,32,143,"Rp149,000",12/2021,0,0,1,https://www.udemy.com/course/maya-modeling-boost/
Prop Creation for Games: Medieval Well,6069157,Nexttut Education Pvt.Ltd.,"3D Modeling, 3D & Animation, Design",3D & Animation,Beginner,16.5 hours,4.5,7,88,"Rp149,000",7/2024,0,0,1,https://www.udemy.com/course/prop-creation-for-games-medieval-well/
Maya 2018 VFX - Learn to create Visual effects using Maya,1261570,Bhaumik Patel,"Autodesk Maya, VFX Compositing, 3D & Animation, Design",3D & Animation,Intermediate,12.5 hours,4.4,231,1833,"Rp149,000",7/2018,0,0,5,https://www.udemy.com/course/maya-2018-vfx/
Disney character creation in MAYA,5369572,Илья Хлынин,"Character Modeling, 3D & Animation, Design",3D & Animation,All Levels,9 hours,4.7,5,30,"Rp149,000",6/2023,0,0,1,https://www.udemy.com/course/disney-character-creation-in-maya/
Switching to Maya for game artists,5929264,FastTrack Tutorials,"Autodesk Maya, 3D Modeling, Game Art, 3D & Animation, Design",3D & Animation,Beginner,5 hours,4.5,1,13,"Rp149,000",4/2024,0,0,0,https://www.udemy.com/course/switching-to-maya-for-game-artists/
Japanese Alley 3D Game Environment Creation,1889748,Victory3D LLC,"3D Game Development, 3D & Animation, Design",3D & Animation,Intermediate,32.5 hours,4.6,98,1013,"Rp149,000",3/2019,0,0,5,https://www.udemy.com/course/japanese-alley-environment/
Making a Fantasy Axe in Blender,4636590,Nexttut Education Pvt.Ltd.,"Blender, 3D & Animation, Design",3D & Animation,Intermediate,8 hours,4.1,17,150,"Rp149,000",4/2022,0,0,1,https://www.udemy.com/course/making-a-fantasy-axe-in-blender/
3D Modeling In Mudbox - A Definitive Mudbox Tutorial,107552,Infinite Skills,"Mudbox, 3D Animation, Financial Modeling, 3D & Animation, Design",3D & Animation,All Levels,9.5 hours,4.4,60,564,"Rp149,000",1/2017,1,0,2,https://www.udemy.com/course/3d-modeling-in-mudbox/
Character Modeling & Texturing For Game - Complete Pipeline,1656244,Nalini Kanta Jena,"Digital Character Sculpting, Game Design, Design",3D & Animation,Beginner,23.5 hours,4.7,717,4575,"Rp149,000",8/2018,1,0,8,https://www.udemy.com/course/stylized-character-modeling-sculpting-for-beginners/
Unreal Engine 5: Product Animation / Visualization,5275980,Nafay Sheikh,"Unreal Engine, 3D & Animation, Design",3D & Animation,All Levels,2.5 hours,4.1,41,333,"Rp149,000",4/2023,0,0,0,https://www.udemy.com/course/unreal-engine-5-product-animation-visualization/
Creating a Realistic Cabin House for Game in Blender,3218561,Nexttut Education Pvt.Ltd.,"Blender, Game Design, Design",3D & Animation,Intermediate,20.5 hours,3.8,60,552,"Rp149,000",2/2021,0,0,0,https://www.udemy.com/course/creating-a-realistic-cabin-house-for-game-in-blender/
Blender 2.8 for beginners - Sword creation,2200744,Julien Deville,"Game Asset Creation, 3D & Animation, Design",3D & Animation,Beginner,8 hours,4.7,73,375,"Rp149,000",2/2019,0,0,27,https://www.udemy.com/course/blender-28-for-beginners-sword-creation/
Animate a Ninja in CrazyTalk Animator 3,1452422,2D Animation 101 Courses,"Animation, CrazyTalk Animator, 3D & Animation, Design",3D & Animation,Beginner,3 hours,4.6,38,321,"Rp149,000",12/2021,2,0,0,https://www.udemy.com/course/animate-a-ninja-in-crazytalk-animator-3/
Create an Apocalyptic 3D Environment for Games,2108906,Victory3D LLC,"Game Design, Design",3D & Animation,Beginner,13.5 hours,4.5,80,587,"Rp149,000",4/2019,0,0,6,https://www.udemy.com/course/apocalyptic-scene/
Model a Low Polygon Character in Autodesk Maya 2018,1477772,Eric Kunzendorf,"Autodesk, 3D & Animation, Design",3D & Animation,Intermediate,3 hours,4.6,73,276,"Rp149,000",12/2017,0,0,1,https://www.udemy.com/course/model-a-low-polygon-character-in-autodesk-maya-2018/
Mastering ZBrush: Comprehensive 3D Digital Sculpting Course,6027750,EDUCBA Bridging the Gap,"zBrush, Design Tools, Design",3D & Animation,All Levels,17 hours,5.0,10,1064,"Rp149,000",6/2024,0,0,0,https://www.udemy.com/course/mastering-zbrush-comprehensive-3d-digital-sculpting-course/
Learn to Model a Cartoon Car in Maya,1074612,Alan Balodi,"Autodesk Maya, Game Art, 3D & Animation, Design",3D & Animation,All Levels,5.5 hours,4.6,29,249,"Rp149,000",2/2017,1,0,5,https://www.udemy.com/course/learn-to-model-a-cartoon-car-in-maya/
Maya Rigging Guide for Your Characters,4608904,Maya Rigging School,"Autodesk Maya, 3D & Animation, Design",3D & Animation,Beginner,2 hours,5.0,12,38,"Rp149,000",7/2022,0,0,2,https://www.udemy.com/course/maya-rigging-guide-for-your-characters/
Blender Mastery: From Basics to Advanced Modeling,6035180,EDUCBA Bridging the Gap,"Blender, Design Tools, Design",3D & Animation,All Levels,10.5 hours,4.5,2,1143,"Rp149,000",6/2024,0,0,0,https://www.udemy.com/course/blender-mastery-from-basics-to-advanced-modeling/
Character Animation Workflow for Games and Feature Film,174760,Prantik M,"Character Animation, Workflow, Animation, 3D & Animation, Design",3D & Animation,All Levels,4 hours,4.1,20,202,"Rp149,000",10/2014,0,0,0,https://www.udemy.com/course/appleskininc-character-animation-workflow/
2D Character Design in Blender,1198884,Marko Matosevic,"Blender, User Experience (UX) Design, 2D Animation, Character Design, 3D & Animation",3D & Animation,Beginner,1.5 hours,4.2,61,403,"Rp149,000",9/2017,3,0,0,https://www.udemy.com/course/2d-character-design-in-blender/
Blender 2.8: Your first step - Get the basics right,1946314,VFX 3D Pro,"Blender, 3D Modeling, 3D & Animation, Design",3D & Animation,Beginner,2 hours,4.1,74,220,"Rp149,000",12/2018,0,0,0,https://www.udemy.com/course/blender-28/
"Blender 3+Reality Capture 5h, futuristic movie scence, files",4614044,Sime Bugarija,"Blender, 3D Modeling, Filmmaking, 3D & Animation, Design",3D & Animation,Beginner,5 hours,4.5,18,271,"Rp149,000",4/2022,0,0,3,https://www.udemy.com/course/blender-3reality-capture-make-filmmaking-in-blender-cinematic-render/
Learn to Rig a Complex Quadruped in Maya for Games and Film,881788,3dmotive LLC,"Autodesk Maya, 3D Animation, Animation, 3D Rigging, 3D & Animation",3D & Animation,Intermediate,6.5 hours,3.9,72,697,"Rp149,000",4/2017,2,0,4,https://www.udemy.com/course/3dmotive-learn-to-rig-a-complex-quadruped-in-maya/
Unreal Engine 5: Realistic Product Animation / Visualization,5325702,Nafay Sheikh,"Unreal Engine, 3D & Animation, Design",3D & Animation,All Levels,3 hours,4.0,46,222,"Rp149,000",5/2023,0,0,0,https://www.udemy.com/course/unreal-engine-5-realistic-product-animation-visualization/
Realistic Snowy Game Environment Creation,2014912,Victory3D LLC,"Game Design, Design",3D & Animation,Intermediate,22 hours,4.7,56,629,"Rp149,000",3/2019,0,0,2,https://www.udemy.com/course/snowy-game-environment/
Creating a robot in Maya and ZBrush,1527880,Rey3D .com,"Character Modeling, Autodesk Maya, 3D Sculpting, zBrush, 3D & Animation",3D & Animation,All Levels,13 hours,4.0,30,322,"Rp149,000",5/2021,0,0,0,https://www.udemy.com/course/creating-a-robot-in-maya-and-zbrush/
3D Modeling in Maya for Beginners,5434854,Илья Хлынин,"3D Modeling, 3D & Animation, Design",3D & Animation,Beginner,7 hours,4.8,9,31,"Rp149,000",7/2023,0,0,1,https://www.udemy.com/course/3d-modeling-in-maya-for-beginners/
Maya Rigging for Beginners- Part 1 (5 hours),1034780,Daniel López de Medrano,"Autodesk Maya, 3D & Animation, Design",3D & Animation,Beginner,5.5 hours,4.5,40,1560,"Rp149,000",1/2019,1,0,0,https://www.udemy.com/course/rigging-in-maya-2016-for-beginners-part-1-3-hours/
Modeling Fundamentals in Maya 2020,3430516,Digital Saucer Studios,"3D Lighting, 3D Modeling, 3D Rendering, 3D & Animation, Design",3D & Animation,Beginner,14.5 hours,4.5,21,9659,"Rp149,000",9/2020,0,0,5,https://www.udemy.com/course/modeling-fundamentals-in-maya-2020/
Hard Surface Vehicle 3D Modeling in Maya,2903276,David Bittorf,"Hard Surface Modeling, 3D Modeling, 3D & Animation, Design",3D & Animation,Intermediate,11.5 hours,4.5,59,356,"Rp149,000",5/2020,0,0,63,https://www.udemy.com/course/hard-surface-vehicle-modeling-in-maya/
Cinematic Look With Blender - Step By Step - Updated 2023,5138424,Sime Bugarija,"Blender, Cinematography, 3D Modeling, 3D Texturing, 3D & Animation",3D & Animation,Beginner,2 hours,5.0,3,38,"Rp149,000",2/2023,0,0,10,https://www.udemy.com/course/cinematic-look-with-blender-step-by-step-updated-2023/
Model a complex 3d SciFi Ship with Maya and ZBrush,2060467,3dmotive LLC,"3D Modeling, 3D Sculpting, 3D & Animation, Design",3D & Animation,Intermediate,7 hours,4.3,14,164,"Rp149,000",2/2019,2,0,5,https://www.udemy.com/course/3dmotive-model-a-complex-3d-scifi-ship-with-maya-and-zbrush/
Game Designer Briefcase: Virtual Reality & Character Sculpt,1587576,"Mammoth Interactive, John Bura","Unity, Blender, Character Modeling, Digital Character Sculpting, Game Development",3D & Animation,Beginner,78 hours,3.8,10,234,"Rp149,000",4/2018,13,0,2,https://www.udemy.com/course/mammothinteractive-vr-charactersculpting/
How to model a base mesh in Maya,2867848,David Bittorf,"Character Modeling, 3D Modeling, Autodesk Maya, 3D & Animation, Design",3D & Animation,Beginner,1.5 hours,3.9,15,96,"Rp149,000",3/2020,0,0,12,https://www.udemy.com/course/mayacharacterstart/
Realistic Dagger Game Asset Creation in Blender,2796550,Victory3D LLC,"3D Sculpting, 3D & Animation, Design",3D & Animation,Intermediate,10 hours,4.1,17,183,"Rp149,000",2/2020,0,0,2,https://www.udemy.com/course/dagger-game-asset-creation-in-blender/
Blender for character creation,2704926,Nicolas Forgue,"Blender, 3D Rendering, 3D Modeling, Character Modeling, 3D & Animation",3D & Animation,Intermediate,8.5 hours,3.0,2,16,"Rp149,000",1/2020,0,0,1,https://www.udemy.com/course/blender-for-character-creation/
Modeling and Rendering a Robot in Maya 2020 Vol. 2,3581155,Digital Saucer Studios,"3D Modeling, 3D Lighting, 3D Rendering, Photoshop Retouching, 3D & Animation",3D & Animation,All Levels,31.5 hours,4.5,33,8161,"Rp149,000",11/2020,0,0,2,https://www.udemy.com/course/modeling-and-rendering-a-robot-in-maya-2020-vol-2/
Build 20+ House Models: The Complete Low Poly 3D Tutorial,1959168,"Mammoth Interactive, John Bura","Blender, 3D Modeling, 3D Game Development, Unity, 3D & Animation",3D & Animation,All Levels,77 hours,4.6,5,110,"Rp149,000",10/2018,80,0,72,https://www.udemy.com/course/build-20-house-models-the-complete-low-poly-3d-tutorial/
Learn Advanced Scripting in Maya by Building Custom Tools,790714,3dmotive LLC,"Autodesk Maya, Game Mechanics, Game Development, Development",3D & Animation,Expert,9.5 hours,4.4,33,1105,"Rp149,000",9/2016,2,0,5,https://www.udemy.com/course/3dmotive-learn-advanced-scripting-in-maya-by-building-custom-tools/
Ultimate Guide to Blender & Unity® Game Design & Development,1408678,"Mammoth Interactive, John Bura","Blender, C# (programming language), 3D Rendering, Unity, Game Development",3D & Animation,Beginner,20 hours,4.2,16,233,"Rp169,000",12/2017,6,0,3,https://www.udemy.com/course/ultimateguideblenderunity/
Model and Sculpt Stylized 3d Creatures in Maya and ZBrush,630028,3dmotive LLC,"Autodesk Maya, 3D Animation, zBrush, Creature Design, 3D & Animation",3D & Animation,Intermediate,5 hours,4.3,107,1119,"Rp149,000",9/2016,2,0,3,https://www.udemy.com/course/3dmotive-model-and-sculpt-stylized-3d-creatures-in-maya-and-zbrush/
Learn Hand-Painted Texturing for Game Environments,330144,3dmotive LLC,"Game Texturing, Autodesk Maya, 3D Modeling, 3D Texturing, 3D & Animation",3D & Animation,Intermediate,5 hours,4.5,235,3155,"Rp149,000",9/2016,2,0,3,https://www.udemy.com/course/3dmotive-learn-hand-painted-texturing-for-game-environments/
Learn UV Mapping with Blender for Game Development,1023388,3dmotive LLC,"UV Mapping, 3D Texturing, Blender, 3D & Animation, Design",3D & Animation,Beginner,2.5 hours,4.5,81,530,"Rp149,000",4/2017,2,0,2,https://www.udemy.com/course/3dmotive-learn-uv-mapping-with-blender/
"Learn to animate. Part 2. ""Human Walk Cycle"".",55163,Michael Berenstein,"Animation, Autodesk Maya, 3D & Animation, Design",3D & Animation,Intermediate,3.5 hours,4.4,8,131,"Rp149,000",7/2013,0,0,0,https://www.udemy.com/course/learn-to-be-an-animator-part-2-human-walk-cycle/
Hard Surface Vehicle UV Mapping in Maya,2917776,David Bittorf,"UV Mapping, 3D Texturing, Autodesk Maya, Hard Surface Modeling, 3D & Animation",3D & Animation,Intermediate,3.5 hours,4.5,21,116,"Rp149,000",8/2020,0,0,20,https://www.udemy.com/course/uvmapping/
From Maya to Blender | Blender Basics for Maya user,3567313,Digital Art HQ School,"Blender, Autodesk Maya, 3D & Animation, Design",3D & Animation,Beginner,4 hours,4.1,46,9394,"Rp149,000",11/2020,0,0,0,https://www.udemy.com/course/learning-blender-for-maya-artists-making-the-jump/
Blender the complete guide,2544529,Nicolas Forgue,"Blender, 3D & Animation, Design",3D & Animation,All Levels,36 hours,3.9,9,37,"Rp149,000",6/2024,0,0,0,https://www.udemy.com/course/blender-beginner-to-intermediate-basics-and-training/
The Ultimate Blender Masterclass!,2122828,"Mammoth Interactive, John Bura","Blender, Character Modeling, 3D Modeling, Unity, Game Development",3D & Animation,All Levels,45 hours,3.9,29,402,"Rp149,000",1/2019,66,0,63,https://www.udemy.com/course/the-ultimate-blender-masterclass/
From Concept to Game: Creating Stunning Asset in Blender 3D,2301360,Peter Blender 3D Modeling Company,"Game Asset Creation, 3D Texturing, 3D Modeling, Blender, Design Tools",3D & Animation,All Levels,3 hours,3.7,199,16562,"Rp149,000",1/2025,0,0,0,https://www.udemy.com/course/-learn-3d-modeling-with-blender/
Learn Animation in a day.,1346636,Kesava Chawali,"Animation, 3D & Animation, Design",3D & Animation,Beginner,2.5 hours,4.4,11,50,"Rp149,000",9/2023,0,0,0,https://www.udemy.com/course/learn-animation-in-a-day/
Building Modular Levels for Games with Unity and Blender,208394,3dmotive LLC,"Unity, Level Design, Game Development Fundamentals, Blender, Game Design",3D & Animation,Beginner,3.5 hours,4.3,267,4120,"Rp149,000",9/2016,2,0,3,https://www.udemy.com/course/3dmotive-building-modular-levels-for-games-with-unity-and-blender/
Introduction to Topogun for Modeling and Retopologizing 3d,86632,3dmotive LLC,"3D Modeling, Game Art, Design Tools, Design",3D & Animation,Intermediate,3.5 hours,4.2,21,178,"Rp149,000",4/2017,0,0,2,https://www.udemy.com/course/3dmotive-introduction-to-topogun/
Intro to Substance Painter - Creating Normal Maps,2967318,David Bittorf,"Substance Painter, 3D Modeling, Game Texturing, UV Mapping, Game Design",3D & Animation,Beginner,1.5 hours,4.5,15,110,"Rp149,000",9/2020,0,0,2,https://www.udemy.com/course/substance-painter-for-beginners/
Blender city and landscape modeling - AulaGEO,4027494,AulaGEO Academy,"Blender, 3D Game Development, 3D Modeling, Virtual Reality, 3D & Animation",3D & Animation,All Levels,2.5 hours,3.8,8,117,"Rp149,000",12/2024,0,0,9,https://www.udemy.com/course/blender-city-and-landscape-modeling/
Rigging with Animation Industry´s Techniques,1629624,João Ferreira,"3D Rigging, 3D & Animation, Design",3D & Animation,Intermediate,3.5 hours,4.6,84,427,"Rp149,000",2/2020,0,0,2,https://www.udemy.com/course/riggingin3dsmax/
Create a Camera in Blender 3D and Substance Painter,4302287,Aniket Rawat,"Blender, 3D Modeling, Game Texturing, Substance Painter, 3D & Animation",3D & Animation,All Levels,2.5 hours,4.7,50,169,"Rp149,000",5/2024,0,0,1,https://www.udemy.com/course/vintage-camera-creation-in-blender-3d-and-substance-painter/
Create animated avatars with MASH for Maya,4478268,Jonathon Parker,"Autodesk Maya, 3D Animation, 3D & Animation, Design",3D & Animation,Intermediate,1.5 hours,4.6,15,2015,"Rp149,000",1/2022,0,0,0,https://www.udemy.com/course/create-animated-avatars-with-mash-for-maya/
Mastering Real-Time Animation in Unreal Engine: Mocap vs Key,5674922,"Mepi.pl Video Tutorials, En Studios","Unreal Engine, 3D & Animation, Design",3D & Animation,Beginner,6 hours,4.3,8,136,"Rp149,000",4/2024,3,0,1,https://www.udemy.com/course/unreal-engine-5-crash-course-animation/
advanced Disintegration Effect inside Maya,550120,Nacer Tag,"Autodesk Maya, 3D & Animation, Design",3D & Animation,All Levels,2.5 hours,4.8,7,120,"Rp149,000",7/2015,0,0,0,https://www.udemy.com/course/advanced-disintegration-effect-inside-maya/
Substance Painter - Digital Gift,3841624,Luke PolyGoods 3D,"3D Texturing, Substance Painter, 3D & Animation, Design",3D & Animation,All Levels,1 hour,4.7,22,4581,"Rp149,000",2/2021,0,0,1,https://www.udemy.com/course/substance-painter-digital-gift/
Introduction to MASH for Maya,4476472,Jonathon Parker,"Autodesk Maya, 3D Animation, 3D & Animation, Design",3D & Animation,Beginner,2 hours,4.6,32,2264,"Rp149,000",1/2022,0,0,0,https://www.udemy.com/course/introduction-to-mash-for-maya/
Autodesk Maya || Textures Baking,5177338,Animatics Studio,"Autodesk Maya, 3D Modeling, 3D & Animation, Design",3D & Animation,All Levels,37 mins,4.6,5,20,"Rp149,000",3/2023,0,0,2,https://www.udemy.com/course/autodesk-maya-textures-baking/
Advance Maya Modeling,3082796,Waelthepro m,"Autodesk Maya, 3D & Animation, Design",3D & Animation,Intermediate,5.5 hours,4.2,22,116,"Rp149,000",5/2020,0,0,0,https://www.udemy.com/course/advance-maya-modeling/
Cut-out animation in Blender,1559644,"Stanislav Kholodilin, Kirill Zamkovoi","Blender, Animation, 3D & Animation, Design",3D & Animation,Intermediate,33 mins,4.0,47,217,"Rp149,000",3/2018,0,0,2,https://www.udemy.com/course/cut-out-animation-in-blender/
Game Asset Modeling - The Sci-Fi Modular Floor Workflow,83772,3dmotive LLC,"3D Modeling, Autodesk 3ds Max, 3D Texturing, 3D Lighting, Game Design",3D & Animation,Intermediate,2 hours,4.0,8,224,"Rp149,000",9/2016,1,0,1,https://www.udemy.com/course/3dmotive-game-asset-modeling-the-sci-fi-modular-floor-workflow/
Make a low poly scene in Blender and Unity in 30 minutes,816772,"John Bura, Mammoth Interactive","Unity, Blender, 3D & Animation, Design",3D & Animation,Beginner,37 mins,4.4,303,2553,"Rp149,000",6/2019,1,0,0,https://www.udemy.com/course/make-a-low-poly-scene-in-blender-and-unity-in-30-minutes/
Rigging a Low Poly Character in Maya 2018,1527202,Eric Kunzendorf,"Autodesk Maya, 3D & Animation, Design",3D & Animation,Intermediate,5 hours,4.3,39,284,"Rp149,000",1/2018,0,0,1,https://www.udemy.com/course/rigging-a-low-poly-character-in-maya-2018/
An Introduction and Understanding of Normal Maps with Modo,1449384,3dmotive LLC,"Modo, 3D & Animation, Design",3D & Animation,Intermediate,1 hour,4.6,28,138,"Rp149,000",12/2017,1,0,0,https://www.udemy.com/course/3dmotive-introduction-and-understanding-of-normal-maps-with-modo/
Learn to Model and Texture 3d Assets for Mobile Games,570494,3dmotive LLC,"3D Modeling, 3D Texturing, Game Texturing, Autodesk Maya, 3D & Animation",3D & Animation,Intermediate,3 hours,4.3,28,324,"Rp149,000",9/2016,2,0,2,https://www.udemy.com/course/3dmotive-learn-to-model-and-texture-3d-assets-for-mobile-games/
Designing a Room with Cyberpunk Themes,5914270,"Mammoth Interactive, John Bura","Blender, 3D & Animation, Design",3D & Animation,Beginner,1.5 hours,5.0,1,6,"Rp149,000",4/2024,1,0,1,https://www.udemy.com/course/designing-a-room-with-cyberpunk-themes/
Learn ZBrush and Keyshot: Model Your Own Pirate Character,733634,Alan Balodi,"KeyShot, 3D Modeling, Game Art, zBrush, 3D & Animation",3D & Animation,All Levels,8 hours,4.7,36,276,"Rp149,000",2/2016,0,0,2,https://www.udemy.com/course/learn-zbrush-and-keyshot-model-your-own-pirate-character/
Blender 3D - Create a Cartoon Character,3502990,Ivan Yosifov,"3D Modeling, Blender, 3D & Animation, Design",3D & Animation,All Levels,1.5 hours,4.4,48,2819,"Rp149,000",9/2020,0,0,0,https://www.udemy.com/course/blender-3d-create-a-cartoon-character/
Corrective Deformations in Maya 2018,1807714,Eric Kunzendorf,"Autodesk Maya, 3D Rigging, 3D & Animation, Design",3D & Animation,Intermediate,1.5 hours,4.4,13,83,"Rp149,000",7/2018,0,0,1,https://www.udemy.com/course/corrective-deformations-in-maya-2018/
A Beginner's Guide to Low Poly Models in Blender!,1317444,"Mammoth Interactive, John Bura","3D Modeling, Blender, 3D & Animation, Design",3D & Animation,Beginner,3 hours,4.4,13,84,"Rp149,000",3/2018,3,0,1,https://www.udemy.com/course/blenderbuildings/
Complete Game Asset Workflow - The Treasure Chest,83762,3dmotive LLC,"Game Asset Creation, 3D Sculpting, 3D Modeling, Workflow, Game Design",3D & Animation,Beginner,7 hours,4.5,48,704,"Rp149,000",9/2016,1,0,3,https://www.udemy.com/course/3dmotive-complete-game-asset-workflow-the-treasure-chest/
Game Asset Modeling - The SciFi Pistol Workflow,83780,3dmotive LLC,"3D Modeling, Autodesk 3ds Max, 3D Rendering, 3D Texturing, Game Design",3D & Animation,Intermediate,4 hours,4.2,10,176,"Rp149,000",9/2016,1,0,2,https://www.udemy.com/course/3dmotive-game-asset-modeling-the-scifi-pistol-workflow/
Learn to Digitally Paint and Texture a Stylized Creature,630034,3dmotive LLC,"Creature Design, Digital Painting, 3D Texturing, 3D & Animation, Design",3D & Animation,Intermediate,3.5 hours,4.5,34,744,"Rp149,000",9/2016,2,0,3,https://www.udemy.com/course/3dmotive-learn-to-digitally-paint-and-texture-a-stylized-creature/
Complete Game Asset Workflow: The Briefcase,83760,3dmotive LLC,"Game Asset Creation, 3D Modeling, 3D Texturing, Game Texturing, Game Design",3D & Animation,Intermediate,6.5 hours,4.3,20,346,"Rp447,000.00",9/2016,1,0,2,https://www.udemy.com/course/3dmotive-complete-game-asset-workflow-the-briefcase/
"Learn to be an Animator. Part 1. ""Good habits""",50418,Michael Berenstein,"Animation, Habits, 3D & Animation, Design",3D & Animation,Beginner,2 hours,4.9,10,165,"Rp149,000",6/2013,0,0,0,https://www.udemy.com/course/intro_to_locomotion/
Creating a Game Character in Maya and Unity,597518,David Newton,"Unity, Autodesk Maya, 3D & Animation, Design",3D & Animation,All Levels,19 hours,4.0,28,446,"Rp149,000",3/2017,0,0,5,https://www.udemy.com/course/creating-a-games-character-maya-unity/
Game Asset Creation Modeling & Texturing a Futuristic Crate,1965076,Victory3D LLC,"Game Design, Design",3D & Animation,Intermediate,5 hours,4.2,10,167,"Rp149,000",12/2019,0,0,2,https://www.udemy.com/course/game-asset-futuristic-crate/
Creating a Cartoon Octopus Monster in Maya 2020,3637750,Digital Saucer Studios,"3D Lighting, 3D Texturing, 3D Modeling, 3D Rendering, 3D & Animation",3D & Animation,Beginner,4 hours,4.4,20,9500,"Rp149,000",11/2020,0,0,2,https://www.udemy.com/course/creating-a-cartoon-octopus-monster-in-maya-2020/
Make a low poly Autumn Scene in Blender and Unity in 30 min!,818836,"John Bura, Mammoth Interactive","Unity, Blender, 3D & Animation, Design",3D & Animation,Beginner,40 mins,4.2,86,1391,"Rp149,000",6/2019,1,0,0,https://www.udemy.com/course/make-a-low-poly-autumn-scene-in-blender-and-unity-in-30-min/
"Maya Architecture, Design and Civilization",2157288,Federico von Borstel,"Architectural History, Humanities, Teaching & Academics",3D & Animation,All Levels,2.5 hours,4.5,14,71,"Rp149,000",9/2023,0,0,0,https://www.udemy.com/course/maya-architecture-design-and-civilization/
"Create a Prop for VFX Pipeline with Maya, ZBrush, Substance",1813346,Victory3D LLC,"VFX Visual Effects, VFX Compositing, zBrush, 3D & Animation, Design",3D & Animation,Intermediate,3 hours,4.2,17,158,"Rp149,000",8/2018,0,0,4,https://www.udemy.com/course/vfx-asset-creation/
Introduction to Autodesk Maya 2016,983084,Andrew Rees,"Autodesk Maya, 3D & Animation, Design",3D & Animation,Beginner,2 hours,4.6,551,14549,"Rp149,000",11/2016,0,0,5,https://www.udemy.com/course/introduction-to-autodesk-maya-2016/
Maya Rigging a Dinosaur in 4 hours,104542,Isaac Yap,"Autodesk Maya, 3D Rigging, Dinosaur, Design Tools, Design",3D & Animation,All Levels,4 hours,4.1,17,1733,"Rp149,000",12/2016,1,0,2,https://www.udemy.com/course/maya-rigging-a-dinosaur/
Learn to Master UV Unwrapping in Maya,371880,3dmotive LLC,"Autodesk Maya, Game Texturing, UV Mapping, 3D & Animation, Design",3D & Animation,Beginner,1.5 hours,4.1,62,450,"Rp149,000",9/2016,1,0,1,https://www.udemy.com/course/3dmotive-learn-to-master-uv-unwrapping-in-maya/
Learn Maya 2018: Modeling a Motorcycle Cartoon.,1487900,"Luiz Henrique ""CG Cursos"", Andre Salles","Autodesk Maya, 3D & Animation, Design",3D & Animation,Intermediate,2.5 hours,4.5,43,415,"Rp149,000",1/2018,1,0,1,https://www.udemy.com/course/learn-maya-2018-modelling-a-motorcycle-cartoon/
"3ds Max + AE: Learn VFX, Camera Tracking and Compositing",1095384,Adam Zollinger (Learn Archviz),"Autodesk 3ds Max, 3D Animation, Digital Compositing, 3D & Animation, Design",3D & Animation,Intermediate,2 hours,4.6,245,1887,"Rp149,000",11/2021,1,0,0,https://www.udemy.com/course/drones-arch-viz-compositing-3d-with-live-footage/
Creating a Realistic 3D Backyard In Blender,1057700,Danan Thilakanathan,"3D Modeling, 3D Rendering, Blender, 3D & Animation, Design",3D & Animation,All Levels,8 hours,4.6,38,2664,"Rp149,000",3/2017,1,0,2,https://www.udemy.com/course/creating-a-realistic-3d-backyard-in-blender/
Hard Surface 3d Vehicle Detailing and Texturing for Games,260312,3dmotive LLC,"3D Texturing, Autodesk 3ds Max, 3D Modeling, Game Texturing, 3D & Animation",3D & Animation,Intermediate,10.5 hours,4.5,15,446,"Rp149,000",4/2017,1,0,5,https://www.udemy.com/course/3dmotive-hard-surface-vehicle-detailing-and-texturing/
Build a Coaster Cart Game Asset in Maya with Substance,1449378,3dmotive LLC,"Substance Painter, 3D & Animation, Design",3D & Animation,Intermediate,4.5 hours,4.3,6,94,"Rp149,000",12/2017,2,0,2,https://www.udemy.com/course/3dmotive-build-a-coaster-cart-game-asset-in-maya-with-substance/
Create GUI in Maya with MASH,4478550,Jonathon Parker,"Autodesk Maya, Nuke, 3D & Animation, Design",3D & Animation,Intermediate,1.5 hours,4.8,4,1698,"Rp149,000",1/2022,0,0,3,https://www.udemy.com/course/create-gui-in-maya-with-mash/
Learn Arnold - Fundamentals of Shading and Lighting,1871510,Arvid Schneider,"Autodesk Arnold, 3D Rendering, 3D Lighting, 3D & Animation, Design",3D & Animation,All Levels,6.5 hours,4.1,634,5582,"Rp149,000",6/2019,0,0,2,https://www.udemy.com/course/arnold-fundamentals/
"Master 3D, Create your own ""Sylvanas"" Vol.1 - body and head",1458126,Mauricio García Arias,"3D Animation, 3D & Animation, Design",3D & Animation,Intermediate,3.5 hours,4.3,41,2115,"Rp149,000",6/2018,0,0,1,https://www.udemy.com/course/master-3d-create-your-own-sylvanas-vol1-body-and-head/
Create 3D NFT - METAVERSE Character -Make Avatar With Expert,4137532,Muhammed Kosek,"Blender, 3D & Animation, Design",3D & Animation,All Levels,36 mins,4.5,9,4115,"Rp149,000",11/2021,0,0,1,https://www.udemy.com/course/blender-3d-lets-modelling-an-3d-owl-character-with-blender/
Learn Maya 2018: Modeling a Cartoon Ship.,1507184,"Luiz Henrique ""CG Cursos"", John Biester","Autodesk Maya, 3D Modeling, 3D & Animation, Design",3D & Animation,Intermediate,2 hours,4.3,43,366,"Rp149,000",1/2018,0,0,0,https://www.udemy.com/course/learn-maya-2018-modeling-a-cartoon-ship/
Learn 3D modeling in blender in 1 hour,96290,John Bura,"3D Modeling, 3D Animation, Financial Modeling, Blender, Design Tools",3D & Animation,Beginner,1 hour,4.1,77,1406,"Rp149,000",9/2013,0,0,0,https://www.udemy.com/course/learn-3d-modeling-in-blender-in-1-hour/
Create Foliage and Trees for Games or Film using SpeedTree,441742,3dmotive LLC,"3D Modeling, 3D Texturing, 3D & Animation, Design",3D & Animation,Intermediate,2 hours,3.7,22,220,"Rp149,000",9/2016,1,0,2,https://www.udemy.com/course/3dmotive-create-foliage-and-trees-for-games-or-film-using-speedtree/
Learn Blender Modeling and Texturing,469898,Stone River eLearning,"Blender, Financial Modeling, 3D & Animation, Design",3D & Animation,Beginner,1.5 hours,4.0,31,270,"Rp169,000",2/2017,1,0,2,https://www.udemy.com/course/learn-blender-modeling-and-texturing/
3D House Design in Blender: Make Low Poly Art for Unity®,1607898,"Mammoth Interactive, John Bura","Unity, Game Asset Creation, 3D Sculpting, Blender, Game Design",3D & Animation,Beginner,2.5 hours,4.3,9,100,"Rp149,000",9/2018,4,0,0,https://www.udemy.com/course/3d-house-design-in-blender-make-low-poly-art-for-unity/
Dynamic 2D Character Animation and Character Design Workflow,1125418,Michael Austin,"2D Animation, Character Animation, Digital Art, Character Design, 3D & Animation",3D & Animation,Beginner,2 hours,3.8,21,227,"Rp149,000",8/2017,0,0,2,https://www.udemy.com/course/dynamic-2d-video-game-character-design-and-animation/
Maya 2017 Quickstart - Create a Low poly scene for Beginners,1138770,Bhaumik Patel,"Autodesk Maya, 3D & Animation, Design",3D & Animation,Beginner,2 hours,4.5,309,2634,"Rp447,000.00",3/2017,0,0,0,https://www.udemy.com/course/maya-quickstart/
Learn to Unwrap and Texture a Stylized Character for Games,371876,3dmotive LLC,"Game Texturing, Autodesk Maya, 3D Modeling, 3D Texturing, 3D & Animation",3D & Animation,Intermediate,4 hours,4.5,19,673,"Rp149,000",9/2016,1,0,3,https://www.udemy.com/course/3dmotive-learn-to-unwrap-and-texture-a-stylized-character-for-games/
Build Terrain for Games using World Machine,515766,3dmotive LLC,"World Machine, Game Development Fundamentals, Game Design, 3D Sculpting, Game Development",3D & Animation,Intermediate,3 hours,3.3,14,276,"Rp149,000",9/2016,1,0,3,https://www.udemy.com/course/3dmotive-build-terrain-for-games-using-world-machine/
Texture an Industrial Door for Games with nDo for CryENGINE,86618,3dmotive LLC,"Game Texturing, 3D Texturing, Game Design, Design",3D & Animation,All Levels,2.5 hours,5.0,8,140,"Rp149,000",4/2017,0,0,1,https://www.udemy.com/course/3dmotive-texturing-an-industrial-door-with-ndo-for-cryengine-3/
Create Professional 3D Models from Scratch in Maya,1150212,Alex Zaragoza,"Autodesk Maya, 3D Animation, 3D Modeling, 3D & Animation, Design",3D & Animation,Beginner,6.5 hours,4.3,185,2613,"Rp149,000",8/2018,0,0,2,https://www.udemy.com/course/create-professional-3d-models-from-scratch-in-maya/
Using Cycles Render Engine in Blender 3D,1382894,Packt Publishing,"Blender, 3D Animation, Web Development, Development",3D & Animation,Beginner,3 hours,4.3,22,199,"Rp149,000",10/2017,0,0,1,https://www.udemy.com/course/using-cycles-render-engine-in-blender-3d/
Learn Substance Designer for Texturing Game Assets,1023400,3dmotive LLC,"Substance Painter, Game Texturing, 3D Texturing, 3D Modeling, 3D & Animation",3D & Animation,Intermediate,4 hours,4.1,52,564,"Rp149,000",4/2017,2,0,2,https://www.udemy.com/course/3dmotive-learn-the-basics-of-substance-painter/
Course Maya and Vray: Complete Electronic Model.,1579574,"Luiz Henrique ""CG Cursos"", Andre Salles","Autodesk Maya, V-Ray, 3D & Animation, Design",3D & Animation,Intermediate,5.5 hours,4.5,59,272,"Rp149,000",5/2018,1,0,1,https://www.udemy.com/course/course-maya-and-vray-complete-electronic-model/
3D Architecture with Maya and 3Ds Max,4736952,EDUCBA Bridging the Gap,"Architectural Design, Autodesk 3ds Max, Autodesk Maya, Design",3D & Animation,All Levels,13.5 hours,4.4,37,18658,"Rp149,000",6/2022,0,0,0,https://www.udemy.com/course/3d-architecture-with-maya-and-3ds-max/
Maya 3D Modeling SAUCE,4420598,Mitchell Nickerson,"3D Modeling, 3D & Animation, Design",3D & Animation,Beginner,2.5 hours,4.7,8,51,"Rp149,000",1/2022,0,0,0,https://www.udemy.com/course/maya-3d-modeling-sauce/
Maya 3D Modelling and Rendering Iconic Designs - Extended,948208,UK Online Training Centre,"3D Modeling, 3D Animation, 3D Rendering, Autodesk Maya, 3D & Animation",3D & Animation,All Levels,7 hours,4.3,14,108,"Rp149,000",3/2017,0,0,2,https://www.udemy.com/course/maya-3d-modelling-and-rendering-iconic-designs-extended/
An Introduction to Scripting in Maya,662762,3dmotive LLC,"Autodesk Maya, Game Development Fundamentals, 3D & Animation, Design",3D & Animation,Beginner,2 hours,4.0,57,425,"Rp149,000",9/2016,2,0,1,https://www.udemy.com/course/3dmotive-an-introduction-to-scripting-in-maya/
Hard Surface 3d Vehicle Modeling in Maya for Games,208392,3dmotive LLC,"Autodesk Maya, 3D Modeling, Design Tools, Design",3D & Animation,Intermediate,8.5 hours,4.4,40,485,"Rp149,000",4/2017,1,0,5,https://www.udemy.com/course/3dmotive-hard-surface-vehicle-modeling-in-maya/
Introduction to Substance Designer for Games and Film,441768,3dmotive LLC,"Substance 3D Designer, Game Texturing, 3D Texturing, 3D & Animation, Design",3D & Animation,Intermediate,1.5 hours,3.8,21,258,"Rp149,000",9/2016,1,0,1,https://www.udemy.com/course/3dmotive-introduction-to-substance-designer-for-games-and-film/
Become a ZBrush Master: Create Your Own Toon 3D Characters,472342,Alan Balodi,"zBrush, 3D Animation, Game Art, 3D & Animation, Design",3D & Animation,All Levels,3 hours,4.5,47,299,"Rp447,000.00",12/2015,0,0,1,https://www.udemy.com/course/master-toon-game-character-creation/
Building 3d Worlds with The Modular Workflow for Games,113142,3dmotive LLC,"3D Modeling, Game Design, Design",3D & Animation,Intermediate,1 hour,4.3,71,609,"Rp149,000",9/2016,1,0,1,https://www.udemy.com/course/3dmotive-building-3d-worlds-with-the-modular-workflow-for-games/
3D Modeling and Texturing Interior Office in Autodesk Maya,1141536,Andrew Rees,"Autodesk Maya, 3D Modeling, 3D Texturing, 3D Lighting, 3D & Animation",3D & Animation,Intermediate,2.5 hours,4.3,188,11000,"Rp149,000",12/2018,0,0,1,https://www.udemy.com/course/3d-modeling-and-texturing-office-interior-in-maya/
Sculpting a Caricature Character for 3D Printing in ZBrush,1563666,Victory3D LLC,"zBrush, 3D Animation, Caricature, 3D & Animation, Design",3D & Animation,Intermediate,5.5 hours,4.7,47,474,"Rp149,000",3/2018,0,0,6,https://www.udemy.com/course/sculptingfor3dprinting/
Sculpt a Mech Head with ZBrush and Present it in Keyshot,491070,3dmotive LLC,"KeyShot, 3D Modeling, 3D Sculpting, zBrush, 3D & Animation",3D & Animation,Intermediate,4.5 hours,3.8,17,175,"Rp149,000",5/2015,0,0,3,https://www.udemy.com/course/3dmotive-sculpt-a-mech-head-with-zbrush-and-present-it-in-keyshot/
Coding Game & Animation for Kids age 7-16 with Scratch 3,4500904,Timotius Pamungkas,"Scratch Programming, Software Development Tools, Development",3D & Animation,Beginner,3.5 hours,4.3,11,31,"Rp149,000",2/2022,0,0,0,https://www.udemy.com/course/code-it-play-it-coding-for-kids-age-8-16-with-scratch-3/
Introduction to Blender For Beginners,898718,Danan Thilakanathan,"Blender, 3D Modeling, 3D Rendering, 3D & Animation, Design",3D & Animation,Beginner,5 hours,4.4,3703,100347,Free,12/2016,12,0,0,https://www.udemy.com/course/introduction-to-blender-for-beginners/
Animation and Action Editor practices Blender and Three.js,4506136,Oscar Villarreal,"Three.JS, 3D Animation, Blender, JavaScript, Other IT & Software",3D & Animation,All Levels,1 hour,4.4,59,7878,Free,1/2022,0,0,0,https://www.udemy.com/course/animation-and-action-editor-practices-blender-and-threejs/
Explore Multiple UV Unwrapping Options for Games and Film,441770,3dmotive LLC,"UV Mapping, Game Texturing, Game Development Fundamentals, 3D Texturing, 3D & Animation",3D & Animation,Intermediate,2 hours,4.3,86,6731,Free,5/2015,0,0,1,https://www.udemy.com/course/3dmotive-explore-multiple-uv-unwrapping-options-for-games-and-film/
Introduction to Core Rigging Concepts,6338869,Bret Bays,"3D Rigging, Character Rigging, 3D & Animation, Design",3D & Animation,Beginner,1 hour,4.3,18,656,Free,12/2024,0,0,0,https://www.udemy.com/course/introduction-to-core-rigging-concepts/
Blender 3D - Create a Cartoon Owl,3827204,Ivan Yosifov,"Blender, Character Design, 3D & Animation, Design",3D & Animation,All Levels,1 hour,4.3,101,4338,Free,2/2021,0,0,0,https://www.udemy.com/course/blender-3d-create-a-cartoon-owl/
Create Your Own Character in Blender,783802,Thomas McDonald,"Character Design, Blender, 3D Modeling, 3D Animation, 3D & Animation",3D & Animation,Beginner,4 hours,4.5,1496,61621,Free,8/2025,2,0,1,https://www.udemy.com/course/create-your-own-character/
Learn The Art Of Hand Painted Asset Modeling,6330327,Shubham Bhardwaj,"3D Texturing, Autodesk Maya, Adobe Photoshop, 3D Modeling, Game Design",3D & Animation,Intermediate,2 hours,4.2,15,639,Free,12/2024,0,0,0,https://www.udemy.com/course/learn-the-art-of-hand-painted-asset-modeling/
Character Rigging Quality Assurance for Games and Animation,4555210,Baka Dan,"Quality Assurance (QA), 3D Rigging, Game Art, Game Development, Development",3D & Animation,All Levels,1.5 hours,4.3,18,3061,Free,6/2024,1,0,0,https://www.udemy.com/course/character-rigging-quality-assurance-for-games-and-animation/
Animatron University - Beginner Course,703362,Jesse Bray,"Animation, 3D & Animation, Design",3D & Animation,Beginner,6 hours,4.0,887,39222,Free,7/2016,8,0,1,https://www.udemy.com/course/animatron-university-beginner-course/
Maya Tips and Tricks in Minute,2126320,Dr. Zeeshan Bhatti,"Autodesk Maya, Autodesk, 3D & Animation, Design",3D & Animation,Beginner,1.5 hours,4.1,48,4396,Free,10/2023,0,0,0,https://www.udemy.com/course/mayainminute/
Animatron University - Intermediate Course,703360,Jesse Bray,"Animation, HTML, 3D & Animation, Design",3D & Animation,Intermediate,5 hours,4.1,126,17743,Free,3/2016,8,0,1,https://www.udemy.com/course/animatron-university-intermediate-course/
The 5 Pillars of Rigging in 3D! (Maya),1568642,Daniel López de Medrano,"Autodesk Maya, 3D & Animation, Design",3D & Animation,Beginner,1 hour,4.2,184,9986,Free,3/2018,2,0,1,https://www.udemy.com/course/the-5-pillars-of-rigging-in-3d-maya/
Create a 3D Asset in Blender and Substance Painter,4320272,Aniket Rawat,"Blender, 3D Modeling, 3D Texturing, Substance Painter, 3D & Animation",3D & Animation,All Levels,2 hours,4.5,175,6446,Free,5/2024,0,0,1,https://www.udemy.com/course/create-a-3d-asset-in-blender-and-substance-painter/
Substance Painter Basics for Beginners,4686042,Nexttut Education Pvt.Ltd.,"Substance Painter, 3D & Animation, Design",3D & Animation,Beginner,2 hours,4.5,129,3682,Free,5/2022,1,0,0,https://www.udemy.com/course/substance-painter-basics-for-beginners/
FREE After Effects Basics -2D Flat Shadows in After Effects,635694,Andrew Pach,"Adobe After Effects, Motion Graphics, 2D Animation, 3D & Animation, Design",3D & Animation,Beginner,N/A,4.1,692,39248,"Rp169,000",11/2025,0,0,0,https://www.udemy.com/course/after-effects-basics-flat-shadows-in-after-effects/
Unity for Beginners: Crafting Creatures and 2D Worlds,6674671,Frank Dvorak,"Game Development Fundamentals, C# (programming language), Unity, 2D Game Development, Game Development",3D & Animation,Beginner,1 hour,4.4,14,676,Free,1/2026,0,0,13,https://www.udemy.com/course/unity-for-beginners-crafting-creatures-and-2d-worlds/
Be The King of White Board Animation,1893178,vFx Way,"Whiteboard Animation, Design Tools, Design",3D & Animation,Beginner,1 hour,3.3,83,7181,Free,9/2018,0,0,0,https://www.udemy.com/course/be-the-king-of-white-board-animation/
The Ultimate Blender Course from Beginner to Pro & Get Paid,7072167,Bodhi The Blenderender,"3D Animation, Video Editing, Generative AI (GenAI), Digital Marketing, Marketing",3D & Animation,Beginner,47 hours,4.5,21,179,"Rp349,000",3/2026,1,0,71,https://www.udemy.com/course/the-ultimate-blender-course/
Getting Started With Animation In Blender (ENTRY LEVEL),6839237,Alex Tumyang,"3D & Animation, Design",3D & Animation,Beginner,3.5 hours,4.7,2,18,"Rp149,000",10/2025,0,0,1,https://www.udemy.com/course/getting-started-with-animation-in-blender/
Full game character in Blender course - Moth Girl,6686537,NIkolay Naydenov,"Blender, Game Design, Design",3D & Animation,Intermediate,50 hours,4.8,243,2308,"Rp159,000",6/2025,0,0,1,https://www.udemy.com/course/full-game-character-in-blender-course-moth-girl/
Complete Tyflow Simulation Masterclass 2025 : 50+ Projects,6771873,Syed Muneeb Mohsin,"Autodesk 3ds Max, 3D & Animation, Design",3D & Animation,All Levels,10.5 hours,4.7,8,82,"Rp149,000",1/2026,2,0,61,https://www.udemy.com/course/ultimate-tyflow-simulation-masterclass-2025/
Blender - Create Satisfying Animations (Beginner to Creator),6232903,Rajat Kumar Gupta,"3D Animation, Blender, 3D Rendering, 3D & Animation, Design",3D & Animation,Beginner,1 hour,5.0,2,10,"Rp149,000",12/2025,0,0,1,https://www.udemy.com/course/blender-satisfying-animations-course/
Create your animation project in Blender,6027588,Niilo Kämäräinen,"3D Animation, 3D & Animation, Design",3D & Animation,Beginner,12 hours,4.8,N/A,14,"Rp169,000",8/2024,0,0,1,https://www.udemy.com/course/create-your-animation-project-in-blender/
How to create an Enticing 3D Animation video,3379700,David Oyedepo,"Whiteboard Animation, 3D & Animation, Design",3D & Animation,Intermediate,1 hour,4.8,N/A,N/A,"Rp149,000",7/2020,0,0,0,https://www.udemy.com/course/how-to-create-an-enticing-3d-animation-video-d/
Creating a Medieval Town Environment – Using UE5 & Blender,5937360,FastTrack Tutorials,"3D Environment Modeling, Game Art, Game Texturing, Unreal Engine, 3D & Animation",3D & Animation,Intermediate,33.5 hours,4.7,19,369,"Rp159,000",4/2024,0,0,0,https://www.udemy.com/course/creating-a-medieval-town-environment-using-ue5-blender/
Blender Course - Advanced Interior Visualization Training,6807781,CGwisdom Online courses,"Blender, 3D Rendering, 3D Modeling, 3D Animation, 3D & Animation",3D & Animation,Intermediate,6 hours,4.5,10,99,"Rp149,000",10/2025,0,0,3,https://www.udemy.com/course/blender-course-advanced-interior-visualization-training/
The Ultimate Blender 3D Nodes Course,4962342,Alex Cordebard,"Blender, 3D & Animation, Design",3D & Animation,All Levels,46.5 hours,4.9,762,7119,"Rp159,000",3/2026,1,0,26,https://www.udemy.com/course/blender-3d-nodes-course/
Adobe Photoshop Animation & Motion Graphics Course,1771960,"Phil Ebiner, Tony Ross, Video School","Animation, Motion Graphics, Adobe Photoshop, Video Marketing, 3D & Animation",3D & Animation,All Levels,3.5 hours,4.4,107,1756,"Rp149,000",11/2024,0,0,1,https://www.udemy.com/course/adobe-photoshop-animation-motion-graphics-course/
Head anatomy and sculpting exercises course,5012940,NIkolay Naydenov,"3D Sketching, Anatomy, 3D & Animation, Design",3D & Animation,Beginner,13.5 hours,4.9,949,5655,"Rp159,000",12/2022,0,0,1,https://www.udemy.com/course/head-anatomy-and-sculpting-exercises-course/
Steal Like a 3D Artist: Master Camera Animation in Blender,6539815,Leszek Pyrka,"3D Animation, Instagram Marketing, 3D & Animation, Design",3D & Animation,Beginner,1 hour,4.8,N/A,N/A,"Rp249,000",4/2025,0,0,5,https://www.udemy.com/course/master_camera_animation_blender/
Substance Painter Master Course,6606417,3DRedBox Studio,"Game Texturing, Game Design, Design",3D & Animation,All Levels,24 hours,4.6,132,1207,"Rp159,000",11/2025,0,0,6,https://www.udemy.com/course/substance-painter-master-course-j/
The Ultimate Blender 3D Modeling Guide,2167314,Alex Cordebard,"3D Modeling, Blender, 3D & Animation, Design",3D & Animation,All Levels,10 hours,4.6,571,3799,"Rp149,000",8/2025,0,0,0,https://www.udemy.com/course/blender3dmodelingguide/
Learn to Storyboard for Film or Animation,1979694,Siobhan Twomey,"Filmmaking, Drawing, 3D & Animation, Design",3D & Animation,All Levels,2 hours,4.7,2678,13612,"Rp149,000",4/2024,0,0,8,https://www.udemy.com/course/storyboard-for-film-or-animation/
Motion Graphics & VFX|After Effects|Videocopilot Saber,808004,Reza Zare,"Motion Graphics, VFX Visual Effects, Animation, Adobe After Effects, 3D & Animation",3D & Animation,All Levels,1.5 hours,4.3,101,6122,"Rp149,000",2/2017,0,0,0,https://www.udemy.com/course/create-motion-graphics-and-visual-effects-with-saber-plugin/
Learn Stylized Game Art Creation : Blender and Painter,4618006,Victor Deno,"Game Art, 3D & Animation, Design",3D & Animation,All Levels,8 hours,4.5,377,2507,"Rp149,000",3/2022,0,0,2,https://www.udemy.com/course/learn-stylized-game-art-creation-blender-and-painter/
Ultimate Environmental Texture Creation Course,4056446,FastTrack Tutorials,"Game Texturing, 3D Texturing, Photogrammetry, 3D Sculpting, Game Design",3D & Animation,All Levels,14 hours,4.8,45,400,"Rp149,000",4/2024,0,0,0,https://www.udemy.com/course/ultimate-environmental-texture-creation-course/
A complete guide to OpenToonz & Tahoma2D for 2D animation,3034420,Darren T,"2D Animation, Animation, 3D & Animation, Design",3D & Animation,All Levels,11 hours,4.6,535,2904,"Rp149,000",9/2025,16,0,27,https://www.udemy.com/course/guide-to-opentoonz/
Creating Sci-Fi 3D Environments for Games,5974894,FastTrack Tutorials,"Unreal Engine, 3D Environment Modeling, 3D Modeling, Game Texturing, 3D & Animation",3D & Animation,Intermediate,24.5 hours,4.9,5,98,"Rp149,000",11/2025,0,0,0,https://www.udemy.com/course/creating-sci-fi-3d-environments-for-games/
2D Animation Basic Principles,4810764,Macarena Lastra (McKaren),"2D Animation, 3D & Animation, Design",3D & Animation,Beginner,1.5 hours,4.7,25,125,"Rp149,000",8/2022,0,0,1,https://www.udemy.com/course/2d-animation-basic-principles/
How to Kickstart & Grow Your Art Career In The Game Industry,3026024,"Class Creatives, Game Art Co","Game Development Fundamentals, Character Animation, Character Modeling, Resume and CV Writing, Game Development",3D & Animation,Beginner,3 hours,4.7,14,305,"Rp149,000",6/2023,1,0,1,https://www.udemy.com/course/how-to-kickstart-grow-your-art-career-in-the-game-industry/
Blender for Complete Beginners Course,4600130,Victory3D LLC,"Blender, 3D & Animation, Design",3D & Animation,Beginner,12.5 hours,4.1,18,244,"Rp149,000",4/2022,0,0,2,https://www.udemy.com/course/blender-for-complete-beginners/
Realistic Character Making in Blender,4787744,Nexttut Education Pvt.Ltd.,"Blender, Character Modeling, 3D & Animation, Design",3D & Animation,Intermediate,27 hours,3.6,6,285,"Rp149,000",7/2022,1,0,1,https://www.udemy.com/course/realistic-character-making-in-blender/
3D Video Game Environment Art Bootcamp,5174464,Eddie Faria,"3D Environment Modeling, 3D & Animation, Design",3D & Animation,Intermediate,18 hours,4.5,114,970,"Rp149,000",12/2023,0,0,17,https://www.udemy.com/course/advanced-environment-art-bootcamp/
"Blender 4 Essentials: 3D Modeling, Texturing, and Rendering",6678231,"Widhi Muttaqien, S.Kom, MMSI","Blender, 3D Rendering, 3D Modeling, UV Mapping, 3D & Animation",3D & Animation,Beginner,14.5 hours,4.6,60,1012,"Rp159,000",6/2025,0,0,3,https://www.udemy.com/course/blender-4-essentials-3d-modeling-texturing-and-rendering/
Animation with car in Blender Complete Blender beginn. workf,5170850,Sime Bugarija,"Blender, 3D & Animation, Design",3D & Animation,Beginner,2.5 hours,4.7,6,114,"Rp149,000",2/2023,0,0,1,https://www.udemy.com/course/car-animation-blender-complete-blender-tutorial/
Master Rigging Vehicles in Blender,3436024,Kurtis Chamberlain,"Blender, 3D & Animation, Design",3D & Animation,Intermediate,22 hours,4.4,62,947,"Rp149,000",12/2024,6,0,213,https://www.udemy.com/course/ace-rigging-vehicles/
Introduction to Blender and 3D Modeling for Beginners,6058841,Monica 3D,"3D Modeling, 3D & Animation, Design",3D & Animation,Beginner,6.5 hours,4.6,38,251,"Rp149,000",8/2024,0,0,1,https://www.udemy.com/course/introduction-to-blender-and-3d-modeling-for-beginners/
Japanese 3D Environment - In-Depth Tutorial Course,5974886,FastTrack Tutorials,"Unreal Engine, 3D Environment Modeling, Photorealistic Rendering, Game Texturing, 3D & Animation",3D & Animation,Intermediate,43.5 hours,4.1,7,115,"Rp149,000",5/2024,0,0,0,https://www.udemy.com/course/japanese-3d-environment-in-depth-tutorial-course/
Introduction To 3d Modelling in Plasticity,5929322,Nexttut Education Pvt.Ltd.,"3D Modeling, 3D & Animation, Design",3D & Animation,Beginner,19.5 hours,4.2,90,701,"Rp159,000",6/2024,0,0,1,https://www.udemy.com/course/introduction-to-3d-modelling-in-plasticity/
Build & 3D Model Huge and Complete Unity® Games from Scratch,2085674,"Mammoth Interactive, John Bura","3D Game Development, Game Development Fundamentals, Blender, Unity, Game Development",3D & Animation,All Levels,65 hours,4.8,21,514,"Rp149,000",3/2025,28,0,24,https://www.udemy.com/course/build-and-model-3d-unity-games-from-scratch/
Beginner to pro: CGI or VFX Advertisement using blender,5990662,Pank Sharma,"Blender, 3D & Animation, Design",3D & Animation,Beginner,5.5 hours,4.4,225,1248,"Rp159,000",5/2025,0,0,6,https://www.udemy.com/course/cgi-advertisement-course/
Blender Made Easy: a Beginner's Guide to 3D Game Development,6327239,Billy McDaniel,"Blender, Game Design, Design",3D & Animation,Beginner,9.5 hours,4.6,20,171,"Rp149,000",7/2025,3,0,4,https://www.udemy.com/course/blender-made-easy-a-beginners-guide-to-3d-game-development/
Blender 3D from zero to hero,1312870,"Widhi Muttaqien, S.Kom, MMSI","Blender, 3D Modeling, 3D Texturing, UV Mapping, 3D & Animation",3D & Animation,All Levels,29.5 hours,4.6,904,4851,"Rp149,000",11/2024,2,0,82,https://www.udemy.com/course/blender-3d-from-zero-to-hero/
Blender 4.5 for beginners - Robot creation,6802427,Julien Deville,"3D Modeling, 3D Rendering, 3D Texturing, 3D Animation, 3D & Animation",3D & Animation,Beginner,10 hours,4.8,22,238,"Rp159,000",9/2025,0,0,27,https://www.udemy.com/course/blender-45-for-beginners-robot-creation/
Substance Painter and Blender Mastery Bundle —4 Courses in 1,6711581,Aniket Rawat,"Blender, Substance Painter, 3D Texturing, 3D Modeling, 3D & Animation",3D & Animation,All Levels,40.5 hours,4.7,16,189,"Rp149,000",7/2025,0,0,1,https://www.udemy.com/course/substance-painter-and-blender-mastery-bundle-4-in-1/
Anatomy and Character Creation in Blender,5137170,Victory3D LLC,"Character Design, 3D & Animation, Design",3D & Animation,Intermediate,75 hours,4.8,181,2200,"Rp149,000",1/2026,0,0,7,https://www.udemy.com/course/anatomy-and-character-creation-in-blender/
Create and Animate a Vehicle in Blender & Substance Painter,5368012,Darrin Lile,"Blender, 3D & Animation, Design",3D & Animation,Beginner,14 hours,4.9,90,575,"Rp149,000",6/2023,0,0,1,https://www.udemy.com/course/create-and-animate-a-vehicle-in-blender-substance-painter/
Cyborg Hard Surface Character Creation in Blender,6784337,Victory3D LLC,"Game Design, Design",3D & Animation,Intermediate,59.5 hours,4.9,20,426,"Rp149,000",1/2026,0,0,5,https://www.udemy.com/course/cyborg-hard-surface-character-creation-in-blender/
Lobo - 3D character in Blender course,4916146,NIkolay Naydenov,"Blender, 3D Printing, 3D Sculpting, 3D & Animation, Design",3D & Animation,Intermediate,24 hours,4.9,266,2090,"Rp149,000",10/2022,0,0,2,https://www.udemy.com/course/lobo-3d-character-in-blender-course/
Handplane 3D hero prop Asset AAA-quality,6419229,Dmitry Bely,"3D & Animation, Design",3D & Animation,Intermediate,20 hours,4.8,9,90,"Rp149,000",2/2025,0,0,7,https://www.udemy.com/course/handplane3d/
Blender VFX Course: From Beginner To Pro!,5807482,Jacob Zirkle,"VFX Visual Effects, Blender, Other Photography & Video, Photography & Video",3D & Animation,All Levels,4 hours,4.3,341,2033,"Rp159,000",2/2024,0,0,2,https://www.udemy.com/course/blender-vfx-course/
Blender Animated 3D Animal Videos for YouTube - Part 2,5679604,Anoorup Roy,"Blender, 3D & Animation, Design",3D & Animation,Beginner,13 hours,3.2,2,21,"Rp149,000",11/2023,0,0,0,https://www.udemy.com/course/blender-animated-3d-animal-videos-for-youtube-part-2/
Creative Sci-Fi Vehicle Design,6736369,Arrimus 3D,"Concept Art, 3D Modeling, 3D & Animation, Design",3D & Animation,All Levels,24 hours,4.7,8,95,"Rp149,000",9/2025,0,0,4,https://www.udemy.com/course/vehicles/
Blender Animation Course - BEGINNER TO PRO,5910334,Broccoli G,"Animation, Blender, 3D & Animation, Design",3D & Animation,Beginner,4 hours,4.4,4,22,"Rp159,000",2/2026,0,0,5,https://www.udemy.com/course/animation-in-blender-start-today-beginner/
3D Female Armored Assassin in Blender course,5388644,NIkolay Naydenov,"Character Modeling, Blender, 3D & Animation, Design",3D & Animation,Intermediate,28.5 hours,4.4,353,3542,"Rp159,000",6/2023,0,0,1,https://www.udemy.com/course/3d-female-armored-assassin-in-blender-course/
Dragon girl in Blender course,5936038,NIkolay Naydenov,"Digital Character Sculpting, 3D & Animation, Design",3D & Animation,Intermediate,21.5 hours,4.8,302,3214,"Rp159,000",4/2024,0,0,1,https://www.udemy.com/course/dragon-girl-in-blender-course/
Create Animated Series for YouTube in CrazyTalk Animator 3,1259352,2D Animation 101 Courses,"CrazyTalk Animator, Animation, 3D & Animation, Design",3D & Animation,Beginner,4 hours,4.7,619,2870,"Rp149,000",9/2021,2,0,0,https://www.udemy.com/course/create-animated-series-for-youtube-in-crazytalk-animator-3/
Creating hero assets for games & cinematics,5974882,FastTrack Tutorials,"3D Modeling, Game Texturing, 3D & Animation, Design",3D & Animation,Beginner,20 hours,5.0,1,24,"Rp149,000",5/2024,0,0,0,https://www.udemy.com/course/realistic-prop-texturing-in-depth-tutorial-course/
Hero 3D Asset Creation - In-Depth Tutorial Course,3797540,FastTrack Tutorials,"3D Modeling, 3D Rendering, 3D Texturing, Game Art, 3D & Animation",3D & Animation,Intermediate,12 hours,4.6,38,271,"Rp149,000",2/2021,0,0,2,https://www.udemy.com/course/hero-3d-asset-creation-in-depth-tutorial-course/
Facial Anatomy & Character Portrait for Blender Artists,4740834,Victory3D LLC,"Character Design, 3D & Animation, Design",3D & Animation,Intermediate,40.5 hours,4.7,98,1435,"Rp149,000",1/2026,0,0,7,https://www.udemy.com/course/facial-anatomy-for-blender-artists/
Blender 3.1 : learn to make looping animations!,4631486,CG Learner,"Blender, 3D Animation, 3D & Animation, Design",3D & Animation,Beginner,1.5 hours,4.5,20,123,"Rp149,000",4/2022,0,0,0,https://www.udemy.com/course/blender-31-learn-to-make-looping-animations/
The Ultimate Blender 3D Architecture Course,4476696,Alex Cordebard,"Blender, 3D & Animation, Design",3D & Animation,All Levels,16 hours,4.6,411,3169,"Rp149,000",3/2026,0,0,23,https://www.udemy.com/course/blender-3d-architecture-course/
Practical Sci-Fi Design,5553588,Arrimus 3D,"3D Modeling, 3D & Animation, Design",3D & Animation,Beginner,45.5 hours,4.9,10,254,"Rp149,000",2/2026,0,0,1,https://www.udemy.com/course/practical-sci-fi-design/
Anime in Blender - Create 2 Stylized Scenes,6498177,Aniket Rawat,"Blender, Anime, 3D Modeling, 3D Texturing, 3D & Animation",3D & Animation,All Levels,6 hours,4.8,18,219,"Rp159,000",3/2025,0,0,1,https://www.udemy.com/course/anime-in-blender-create-2-stylized-scenes/
Character Crafting with Blender for Absolute Newbies,5171830,NIkolay Naydenov,"Blender, 3D & Animation, Design",3D & Animation,Beginner,10 hours,4.8,258,1299,"Rp457,000.00",2/2023,0,0,1,https://www.udemy.com/course/character-crafting-with-blender-for-absolute-newbies/
Learn 3D Texturing with Substance 3D Painter-Beginner to Pro,5795694,WealthCraft Academy,"Substance Painter, 3D Texturing, 3D & Animation, Design",3D & Animation,All Levels,1.5 hours,4.6,23,807,"Rp447,000.00",1/2024,0,0,16,https://www.udemy.com/course/learn-3d-texturing-with-substance-3d-painter-beginner-to-pro/
The Ultimate Prop Art Bundle - 4 courses in 1,5077310,Aniket Rawat,"Blender, 3D Modeling, 3D Texturing, Substance Painter, 3D & Animation",3D & Animation,All Levels,10 hours,4.4,91,787,"Rp159,000",5/2024,0,0,1,https://www.udemy.com/course/the-ultimate-prop-art-bundle-4-courses-in-1/
BLENDER: How to create and rig the Iron Giant,3635850,Mrawan Hussain,"Blender, 3D & Animation, Design",3D & Animation,All Levels,19.5 hours,4.6,186,1966,"Rp149,000",10/2022,1,0,2,https://www.udemy.com/course/create-iron-giant-with-blender/
Create a Stylized Anime Room in Blender,6591647,Aniket Rawat,"Blender, Anime, 3D Texturing, 3D Modeling, 3D & Animation",3D & Animation,All Levels,5.5 hours,4.9,26,192,"Rp159,000",5/2025,0,0,1,https://www.udemy.com/course/create-a-stylized-anime-room-in-blender/
Game Asset Creation: Modeling & Texture Painting in Blender,5577452,Artstudio 313,"Blender, Game Design, Design",3D & Animation,Beginner,18.5 hours,4.3,26,2885,"Rp159,000",3/2026,0,0,5,https://www.udemy.com/course/new-way-of-texture-painting-game-assets-in-blender-36/
Complete Guide to Substance Painter!,4812798,Aniket Rawat,"Substance Painter, 3D Texturing, Game Texturing, 3D & Animation, Design",3D & Animation,All Levels,10 hours,4.7,697,3801,"Rp149,000",2/2026,0,0,1,https://www.udemy.com/course/new-complete-guide-to-substance-painter-2022/
Blender: Create 3D game assets,3494134,david Jaasma,"3D Modeling, 3D Texturing, Animation, Blender, 3D & Animation",3D & Animation,Beginner,9.5 hours,4.3,77,480,"Rp149,000",11/2020,0,0,33,https://www.udemy.com/course/blender-create-3d-game-assets/
Mastering 2D Animation,21526,Tony White,"2D Animation, Animation, 3D & Animation, Design",3D & Animation,All Levels,4 hours,4.6,335,3565,"Rp149,000",5/2018,10,0,0,https://www.udemy.com/course/2d-academy-animation-101/
Easy 3D Foliage creation for Games,5931296,FastTrack Tutorials,"Game Art, Unreal Engine, 3D & Animation, Design",3D & Animation,Beginner,11.5 hours,4.6,6,67,"Rp149,000",4/2024,0,0,0,https://www.udemy.com/course/easy-3d-foliage-creation-for-games/
Learning Substance Painter From Beginner to Advance,4048478,Sean Fowler,"3D Texturing, Autodesk Maya, Game Texturing, Substance Painter, 3D & Animation",3D & Animation,All Levels,9 hours,4.5,343,2663,"Rp149,000",7/2022,0,0,5,https://www.udemy.com/course/learning-substance-painter-2021-from-beginner-to-advance/
Blender Character Creation Masterclass - Orc Warrior,4091506,Victory3D LLC,"Character Design, 3D & Animation, Design",3D & Animation,Intermediate,74 hours,4.6,640,6253,"Rp149,000",1/2026,0,0,2,https://www.udemy.com/course/character-creation-in-blender/
Shapekeys Blender Course - ONLY BEST course for SHAPEKEYS!,5567396,Moazzam Shahid,"3D Animation, 3D & Animation, Design",3D & Animation,All Levels,34 mins,4.7,3,18,"Rp249,000",2/2024,0,0,1,https://www.udemy.com/course/shapekeys-blender-course-animate-face-with-shapekeys/
Blender Complete Lighting to Rendering All in One 2026,5095270,Artstudio 313,"Blender, Game Texturing, Environment Lighting, Game Design, Design",3D & Animation,All Levels,29 hours,4.0,42,1849,"Rp149,000",3/2026,0,0,4,https://www.udemy.com/course/texturing-cinematic-lighting-in-blender/
"Blender Beginner Workflow For Cinematic Art, 2 tutorials",5485904,Sime Bugarija,"Blender, 3D & Animation, Design",3D & Animation,Beginner,7.5 hours,4.6,40,469,"Rp159,000",8/2023,0,0,2,https://www.udemy.com/course/blender-beginner-workflow-for-cinematic-art-2-tutorials/
Blender Mastery: From First Click to Final Render,6615047,Lionel VICIDOMINI,"Blender, 3D & Animation, Design",3D & Animation,Beginner,15.5 hours,4.6,15,115,"Rp149,000",6/2025,1,0,1,https://www.udemy.com/course/blender-mastery/
Creating a fir and pine forest in Blender,5385910,"Rob Tuytel, CG Obaid (Obaidur Rahman)","3D Environment Modeling, 3D & Animation, Design",3D & Animation,Intermediate,19 hours,4.8,134,1250,"Rp149,000",6/2023,0,0,6,https://www.udemy.com/course/creating-a-fir-and-pine-forest-in-blender/
3D Character Creation : From Modeling to Rigging,6188683,Muhammad Junaid Alam,"3D Modeling, Character Modeling, 3D & Animation, Design",3D & Animation,Beginner,3 hours,4.5,4,118,"Rp149,000",9/2024,0,0,11,https://www.udemy.com/course/3d-character-creation-for-beginner-from-modeling-to-rigging/
Landscape In Blender step-by-ste + Smart (And Low-Poly) Tree,6410189,Sime Bugarija,"Blender, 3D & Animation, Design",3D & Animation,Beginner,4.5 hours,4.8,9,95,"Rp149,000",1/2025,0,0,3,https://www.udemy.com/course/landscape-in-blender-step-by-ste-smart-and-low-poly-tree/
"Complete Blender beginner workflow for Cinematic art,step-by",5275608,Sime Bugarija,"Blender, 3D & Animation, Design",3D & Animation,Beginner,5.5 hours,4.4,78,608,"Rp149,000",5/2023,0,0,2,https://www.udemy.com/course/complete-blender-beginner-workflow-for-cinematic-art/
The Ultimate 2D Game Character Design & Animation Course,655208,Jaysen Batchelor,"2D Game Development, Game Design, Animation, Character Design, 3D & Animation",3D & Animation,All Levels,5.5 hours,4.6,1846,44227,"Rp149,000",11/2016,9,0,3,https://www.udemy.com/course/the-ultimate-2d-game-character-design-animation-course/
Female Game Character Creation in Blender Tutorial,4440750,Victory3D LLC,"Blender, Character Design, 3D & Animation, Design",3D & Animation,Intermediate,40 hours,4.7,213,2463,"Rp149,000",1/2026,0,0,3,https://www.udemy.com/course/female-game-character-creation-in-blender-complete-worklow/
Blender 3D Modeling for Games - COMPLETE WORKFLOW,6664911,Master Devs,"Blender, 3D Game Development, 3D Modeling, 3D & Animation, Design",3D & Animation,Beginner,13 hours,4.5,13,1068,"Rp149,000",8/2025,5,0,6,https://www.udemy.com/course/blender-3d-modeling-for-games-complete-workflow/
Ultimate Sci-Fi Suit Modeling Tutorial,5252198,Arrimus 3D,"3D Modeling, 3D & Animation, Design",3D & Animation,Beginner,74.5 hours,4.9,23,417,"Rp149,000",7/2025,0,0,4,https://www.udemy.com/course/ultimate-sci-fi-soldier/
3D Lighting - Theory and Practice,2931674,Andy Maier,"3D Lighting, 3D & Animation, Design",3D & Animation,All Levels,2 hours,4.5,105,453,"Rp447,000.00",3/2020,0,0,4,https://www.udemy.com/course/3d-lighting-theory-and-practice/
Learn 2D Game Special Effect Animation in Photoshop,1008614,Jaysen Batchelor,"2D Game Development, Animation, Adobe Photoshop, 3D & Animation, Design",3D & Animation,All Levels,4 hours,4.6,454,59481,"Rp169,000",11/2016,2,0,3,https://www.udemy.com/course/learn-2d-game-special-effect-animation-in-photoshop/
3D Modelling Mastery: Blender For Rendering for 2025,5779504,Thomas McDonald,"Blender, Other Design, Design",3D & Animation,Beginner,3 hours,4.5,24,228,Free,11/2025,1,0,36,https://www.udemy.com/course/blender-4-mastery-techniques-for-model-assembly/
How to Animate Dialogue For Beginners,2680214,Ian Maigua,"2D Animation, Character Animation, Other Design, Design",3D & Animation,Beginner,1.5 hours,4.9,8,111,"Rp149,000",2/2021,2,0,2,https://www.udemy.com/course/how-to-animate-dialogue-for-beginners/
Learning Adobe After Effects CC Tutorial Videos,61188,Infinite Skills,"Adobe After Effects, Design Tools, Design",3D & Animation,All Levels,16.5 hours,4.4,719,5658,"Rp149,000",1/2017,1,0,4,https://www.udemy.com/course/learning-adobe-after-effects-cc-tutorial/
Female Anatomy Sculpting in Zbrush,2502538,Nexttut Education Pvt.Ltd.,"zBrush, Anatomy, 3D & Animation, Design",3D & Animation,Intermediate,38.5 hours,4.0,47,805,"Rp149,000",11/2019,1,0,0,https://www.udemy.com/course/female-anatomy-sculpting-in-zbrush/
Blender 2.8 Game Vehicle Creation,2463902,Darrin Lile,"Blender, Game Design, Design",3D & Animation,Beginner,22 hours,4.8,783,4357,"Rp149,000",7/2021,0,0,5,https://www.udemy.com/course/blender-28-game-vehicle-creation/
Post-Apocalyptic Game Environment Tutorial Course,3974972,FastTrack Tutorials,"3D Modeling, Game Art, Game Texturing, 3D & Animation, Design",3D & Animation,Intermediate,21 hours,4.6,47,429,"Rp549,000",10/2023,0,0,0,https://www.udemy.com/course/post-apocalyptic-game-environment-in-depth-tutorial-course/
Mastering Autodesk Maya: Modelling 3D Medieval Architecture,5710916,Dr. Zeeshan Bhatti,"Autodesk Maya, 3D Modeling, 3D & Animation, Design",3D & Animation,Intermediate,11.5 hours,3.5,3,165,"Rp149,000",1/2024,0,0,11,https://www.udemy.com/course/3d-medieval-architecture-modelling-using-autodesk-maya/
Blender Basics: A Quick Intro to 3D Modeling and Rendering,5249204,"La Boite Pingouin, Frank O. Meloche","Blender, 3D & Animation, Design",3D & Animation,All Levels,2 hours,4.5,4,23,"Rp149,000",4/2023,1,0,7,https://www.udemy.com/course/blender-basics-a-quick-intro-to-3d-modeling-and-rendering/
Character Modeling: Master the Anatomy of 3D Characters,2344370,Abdelilah Hamdani,"Character Design, Character Modeling, 3D & Animation, Design",3D & Animation,Beginner,1.5 hours,4.3,284,18311,"Rp149,000",7/2022,0,0,2,https://www.udemy.com/course/character-modeling/
Female Character Portrait Creation - Complete Film Pipeline,3006734,Victory3D LLC,"Character Design, 3D & Animation, Design",3D & Animation,Intermediate,54 hours,4.7,99,1103,"Rp149,000",6/2020,0,0,6,https://www.udemy.com/course/female-character-film-pipeline/
Blender 4 Geometry Nodes for Beginners,5778750,3D Tudor,"Blender, 3D Modeling, 3D & Animation, Design",3D & Animation,All Levels,4.5 hours,4.3,8,244,"Rp149,000",1/2026,0,0,0,https://www.udemy.com/course/blender-4-geometry-nodes-for-beginners/
3D character sculpting in Blender - Viking edition,5325508,NIkolay Naydenov,"Digital Character Sculpting, Character Modeling, 3D & Animation, Design",3D & Animation,Intermediate,17 hours,4.8,172,1275,"Rp149,000",5/2023,0,0,1,https://www.udemy.com/course/3d-character-sculpting-in-blender-viking-edition/
Creating A Cyberpunk Scene In Blender step-by-step,6569457,Sime Bugarija,"Blender, 3D & Animation, Design",3D & Animation,Beginner,4 hours,5.0,2,69,"Rp149,000",2/2026,0,0,2,https://www.udemy.com/course/creating-a-cyberpunk-scene-in-blender-step-by-step/
Blender 4.0 Beginner Workflow For Cinematic Art - Step-By-S.,5698782,Sime Bugarija,"Blender, 3D & Animation, Design",3D & Animation,Beginner,2.5 hours,4.7,19,195,"Rp149,000",12/2023,0,0,4,https://www.udemy.com/course/blender-40-beginner-workflow-for-cinematic-art-step-by-s/
Game Asset Creation in Blender & Marmoset,3785790,FastTrack Tutorials,"3D Modeling, 3D Rendering, Game Art, Game Texturing, 3D & Animation",3D & Animation,Intermediate,18 hours,4.8,23,206,"Rp149,000",10/2023,0,0,8,https://www.udemy.com/course/military-pallet-in-blender/
Realistic Prop Texturing - In-Depth Tutorial Course,5974888,FastTrack Tutorials,"Game Texturing, Substance Painter, 3D Texturing, 3D & Animation, Design",3D & Animation,Beginner,18.5 hours,4.7,2,31,"Rp149,000",5/2024,0,0,0,https://www.udemy.com/course/realistic-prop-texturing-in-depth-tutorial-course-r/
Realistic Character Modeling For Game In Maya and Zbrush,1533210,Nalini Kanta Jena,"Character Modeling, zBrush, Autodesk Maya, 3D & Animation, Design",3D & Animation,Beginner,21.5 hours,4.4,1632,10457,"Rp149,000",5/2020,4,0,113,https://www.udemy.com/course/realistic-character-modeling-for-game-in-maya-and-zbrush/
NEW. All in one Blender Character creation for beginners.,5597776,Илья Хлынин,"3D Modeling, 3D & Animation, Design",3D & Animation,All Levels,13 hours,4.5,55,408,"Rp149,000",10/2023,0,0,1,https://www.udemy.com/course/new-all-in-one-blender-character-creation-for-beginners/
Intermediate Game Asset Creation - 3D Modeling in Blender,1428764,"Concept Courses ⁯⁯⁯⁯⁯, Timothy Trankle","Blender, Game Texturing, 3D Modeling, Game Asset Creation, 3D & Animation",3D & Animation,Intermediate,4 hours,4.5,235,4903,"Rp149,000",11/2017,1,0,1,https://www.udemy.com/course/intermediate-game-asset-creation-3d-modeling-in-blender/
Architectural 3D Design: Blender Hands-On,2162366,Thomas McDonald,"Blender, Architectural Design, Design",3D & Animation,All Levels,4.5 hours,4.6,359,2521,"Rp149,000",11/2025,1,0,2,https://www.udemy.com/course/blender-2_8-architectural-course-beginner-to-intermediate/
Scaling Sci-Fi - 3D Sketching from Jets to Motherships,5724132,Anton Tenitsky,"3D Sketching, Concept Art, 3D Sculpting, Hard Surface Modeling, Other IT & Software",3D & Animation,Intermediate,11.5 hours,4.7,34,3478,"Rp149,000",1/2024,0,0,7,https://www.udemy.com/course/scaling-sci-fi/
Demon Huntress in Blender course,4714018,NIkolay Naydenov,"Blender, Anatomy, 3D & Animation, Design",3D & Animation,Intermediate,23 hours,4.8,569,4491,"Rp159,000",6/2022,0,0,1,https://www.udemy.com/course/demon-huntress-in-blender-course/
3D Topographical Earth in Blender,2679846,Sean Bradley,"Blender, 3D Modeling, 3D & Animation, Design",3D & Animation,All Levels,1 hour,4.5,57,255,"Rp149,000",2/2025,0,0,4,https://www.udemy.com/course/blender-earth/
Combining 3D and AI: Blender & Stable Diffusion Workflow,6302361,Anton Tenitsky,"Generative AI (GenAI), 3D & Animation, Design",3D & Animation,Beginner,1 hour,2.9,5,190,"Rp149,000",12/2024,0,0,3,https://www.udemy.com/course/combining-3d-and-ai-blender-stable-diffusion-workflow/
"Zbrush, Blender, Substance Painter 3D game character course",4011234,NIkolay Naydenov,"Character Modeling, Blender, zBrush, Substance Painter, 3D & Animation",3D & Animation,Beginner,20 hours,4.7,394,2338,"Rp149,000",5/2021,0,0,2,https://www.udemy.com/course/zbrush-blender-substance-painter-full-3d-character-course/
Male Character Creation - Complete Game Pipeline,3166872,Victory3D LLC,"Game Design, Design",3D & Animation,Intermediate,31.5 hours,4.4,136,965,"Rp149,000",5/2020,0,0,5,https://www.udemy.com/course/male-character-creation/
The Shining - Learn Blender for Production,997680,Vertex Twin,"Blender, 3D Modeling, 3D Lighting, 3D & Animation, Design",3D & Animation,Beginner,9 hours,4.7,79,466,"Rp249,000",11/2016,0,0,1,https://www.udemy.com/course/the-shining-learn-blender-for-production/
Unreal Engine 5 - Fast Workshop. HD Animation,5585374,Studio Wander,"Unreal Engine, 3D Animation, Game Art, Game Design, 3D & Animation",3D & Animation,Beginner,1 hour,4.5,11,293,"Rp149,000",2/2024,0,0,2,https://www.udemy.com/course/make-this-animation-with-unreal-engine/
Character Creation for Games Vol. 2: Production Workflow,2150424,Victory3D LLC,"Game Design, Design",3D & Animation,Beginner,18 hours,4.8,45,507,"Rp149,000",2/2020,0,0,9,https://www.udemy.com/course/character-creation-for-games-vol2/
Animation Paper the complete course to create 2D animations,6526591,Nicolas Forgue,"Animation, Character Animation, 3D & Animation, Design",3D & Animation,All Levels,4.5 hours,4.7,N/A,1,"Rp149,000",4/2025,0,0,11,https://www.udemy.com/course/animation-paper-the-complete-course-to-create-2d-animations/
Learn Blender Compositor!,4563088,Gustavo Rosa,"Blender, VFX Visual Effects, 3D & Animation, Design",3D & Animation,Intermediate,5 hours,4.7,144,903,"Rp149,000",4/2023,0,0,39,https://www.udemy.com/course/blender-compositor/
Animate Your First Character Fast in Cartoon Animator 5,6747681,David Arandle,"2D Animation, 3D & Animation, Design",3D & Animation,Beginner,2 hours,4.4,10,71,"Rp149,000",8/2025,1,0,1,https://www.udemy.com/course/animate-your-first-character-in-cartoon-animator-5/
Realistic Animal Creation in Blender,4846018,Nexttut Education Pvt.Ltd.,"Blender, 3D & Animation, Design",3D & Animation,Beginner,23 hours,4.2,16,303,"Rp149,000",8/2022,1,0,1,https://www.udemy.com/course/realistic-animal-creation-in-blender/
"Backrooms In Blender Step By Step Tutorial 4h,40min",4694196,Sime Bugarija,"Blender, 3D & Animation, Design",3D & Animation,Beginner,4.5 hours,4.7,44,307,"Rp149,000",5/2022,0,0,7,https://www.udemy.com/course/backrooms-in-blender-step-by-step-tutorial-4h40min/
Blender Camera Tracking Masterclass,4978514,Ruan Lotter,"Blender, 3D & Animation, Design",3D & Animation,All Levels,1 hour,4.4,31,110,"Rp149,000",11/2022,0,0,1,https://www.udemy.com/course/blender-camera-tracking-course/
The Complete Spine Game Rigging & Animation Course,867198,Jaysen Batchelor,"2D Animation, Game Design, Animation, 3D & Animation, Design",3D & Animation,All Levels,4 hours,4.2,407,11736,"Rp159,000",5/2017,7,0,6,https://www.udemy.com/course/the-complete-spine-game-rigging-animation-course/
3D Classroom Environment Creation in Blender,4335058,Aniket Rawat,"Blender, 3D Modeling, 3D Texturing, Photorealistic Rendering, 3D & Animation",3D & Animation,All Levels,4 hours,4.4,41,257,"Rp149,000",5/2024,0,0,1,https://www.udemy.com/course/creating-a-complete-classroom-scene-in-blender/
Procedural Weapon Generation with Blender,4632562,"Michael Bridges, Canopy Games","Blender, Game Development, Development",3D & Animation,Beginner,7.5 hours,4.5,26,401,"Rp149,000",12/2025,0,0,43,https://www.udemy.com/course/making-procedural-weapons-in-blender-3/
Learn UV Unwrapping with Blender for Unity 3D Game Design,1116492,Billy McDaniel,"3D Modeling, 3D Game Development, UV Mapping, Blender, Game Development",3D & Animation,Beginner,7 hours,4.6,153,1894,"Rp149,000",12/2025,3,0,8,https://www.udemy.com/course/learn-uv-unwrapping-with-blender-for-unity-3d-game-design/
Sci-fi Vehicle Creation with Blender and Substance Painter,4130844,Daniel Kim,"3D Modeling, 3D Texturing, Blender, Substance Painter, 3D & Animation",3D & Animation,Intermediate,7.5 hours,4.3,19,190,"Rp149,000",1/2022,0,0,5,https://www.udemy.com/course/sci-fi-vehicle-creation-with-blender-and-substance-painter/
"Dark Alley, Full Blender Cinematic Workflow + 300 assets",6043312,Sime Bugarija,"Blender, 3D & Animation, Design",3D & Animation,Beginner,4.5 hours,4.5,17,312,"Rp149,000",8/2024,0,0,2,https://www.udemy.com/course/dark-alley-full-blender-cinematic-workflow-300-assets/
Easy Blender Course for Beginners,6397225,Artstudio 313,"3D Modeling, 3D & Animation, Design",3D & Animation,Beginner,1.5 hours,4.1,125,3904,"Rp149,000",2/2026,0,0,1,https://www.udemy.com/course/complete-free-blender-course-for-beginners-2025/
Realistic Animal Creation for Film in Maya & Zbrush,4784126,Nexttut Education Pvt.Ltd.,"zBrush, 3D & Animation, Design",3D & Animation,Beginner,20 hours,3.7,13,299,"Rp149,000",9/2022,1,0,5,https://www.udemy.com/course/animal-creation-for-film-tiger/
Absolute Beginners Retopology and UV unwrapping in 3dsMax,3600888,NIkolay Naydenov,"UV Mapping, Autodesk 3ds Max, 3D & Animation, Design",3D & Animation,Beginner,9 hours,4.9,61,586,"Rp149,000",10/2020,0,0,1,https://www.udemy.com/course/absolute-beginners-retopology-and-uv-unwrapping-in-3dsmax/
Cinematic look with Blender 3.0 - 8+ hours MASTER tutorial,4521862,Sime Bugarija,"Blender, 3D Modeling, Adobe After Effects, Filmmaking, 3D & Animation",3D & Animation,Beginner,8.5 hours,4.7,15,256,"Rp149,000",2/2022,0,0,6,https://www.udemy.com/course/cinematic-look-with-blender-30-8-hours-master-tutorial/
Creating Custom Decals for Games,5935716,FastTrack Tutorials,"Game Art, Development Environment Setup, Substance Painter, 3D & Animation, Design",3D & Animation,Beginner,5 hours,5.0,1,23,"Rp149,000",4/2024,0,0,0,https://www.udemy.com/course/creating-custom-decals-for-games/
Introduction to Blender,4488888,Nexttut Education Pvt.Ltd.,"Blender, 3D & Animation, Design",3D & Animation,Beginner,19 hours,3.9,21,350,"Rp149,000",6/2023,0,0,0,https://www.udemy.com/course/introduction-to-blender-30/
Game Character Sculpting For Beginners with Zbrush & Maya,1333204,Nalini Kanta Jena,"Digital Character Sculpting, zBrush, Marvelous Designer, Game Development, Development",3D & Animation,Beginner,12.5 hours,4.5,186,1454,"Rp149,000",4/2020,2,0,9,https://www.udemy.com/course/game-character-sculpting-for-beginners/
Create a 3d NFT Character in Blender 3d - Blender Basics,4618086,Haider Studio,"Blender, 3D & Animation, Design",3D & Animation,Beginner,36 mins,5.0,1,5,"Rp149,000",4/2022,0,0,0,https://www.udemy.com/course/create-a-3d-nft-character-in-blender-3d-for-free-blender/
Blender Modeling and Animation (Full Version),1348086,Dara Harper,"Animation, Blender, 3D Modeling, 3D & Animation, Design",3D & Animation,Intermediate,2 hours,4.2,31,181,"Rp149,000",9/2017,0,0,1,https://www.udemy.com/course/blender-modeling-and-animation/
Blender: Create and rig realistic Batmobile from A to Z,3753342,Mrawan Hussain,"3D Rigging, Blender, 3D Modeling, 3D Rendering, 3D & Animation",3D & Animation,All Levels,20.5 hours,4.6,80,747,"Rp149,000",5/2022,1,0,1,https://www.udemy.com/course/hwo-to-create-the-batmobile-with-blender/
Using an Editing Software for Animation,1165420,2D Animation 101 Courses,"Animation, Adobe Premiere Pro, Other Design, Design",3D & Animation,Beginner,2 hours,4.5,80,4159,"Rp149,000",9/2018,1,0,0,https://www.udemy.com/course/using-an-editing-software-for-animation/
Character Creation for Game: Complete Pipeline,2427192,Nexttut Education Pvt.Ltd.,"Game Texturing, 3D & Animation, Design",3D & Animation,Intermediate,15.5 hours,4.0,47,642,"Rp149,000",6/2023,2,0,0,https://www.udemy.com/course/character-texturing-for-game/
Unity Game Asset Creation in Blender: Textured 3D Models,3852636,Holotna ‎,"Blender, 3D Texturing, Unity, 3D & Animation, Design",3D & Animation,Intermediate,3 hours,4.7,27,150,"Rp457,000.00",4/2022,0,0,10,https://www.udemy.com/course/unity-game-asset-creation-in-blender-textured-3d-models/
Blender 3. 0: Satisfying Geometry Nodes Animation,4666044,Smeaf ‎,"Blender, 3D Animation, 3D & Animation, Design",3D & Animation,Beginner,1 hour,4.1,219,1775,"Rp149,000",5/2022,0,0,0,https://www.udemy.com/course/blender-3-0-satisfying-geometry-nodes-animation/
Python Programming for Maya Artists,5205996,Anim TD,"Python, Programming Fundamentals, Autodesk Maya, Programming Languages, Development",3D & Animation,Beginner,9.5 hours,4.8,169,1192,"Rp299,000",1/2025,0,1,28,https://www.udemy.com/course/introduction-to-python-for-maya/
Female Anatomy Sculpting in Blender Course,4967926,Nexttut Education Pvt.Ltd.,"Digital Character Sculpting, Blender, 3D & Animation, Design",3D & Animation,Intermediate,21.5 hours,3.6,14,303,"Rp149,000",11/2022,0,0,1,https://www.udemy.com/course/female-anatomy-sculpting-in-blender-course/
Dynamic Male Anatomy for Artists in Zbrush,3867362,Nexttut Education Pvt.Ltd.,"zBrush, Anatomy, 3D & Animation, Design",3D & Animation,Intermediate,27.5 hours,4.7,131,1053,"Rp149,000",3/2021,1,0,0,https://www.udemy.com/course/dynamic-male-anatomy-for-artists-in-zbrush/
Blender Anatomy Course : Learn Male Human Anatomy,4895686,Nexttut Education Pvt.Ltd.,"Blender, 3D & Animation, Design",3D & Animation,Intermediate,34.5 hours,4.4,16,330,"Rp149,000",9/2022,1,0,1,https://www.udemy.com/course/anatomy-masterclass-in-blender-learn-male-human-anatomy/
Blender 3D: Create Easy Environment,6308795,Pank Sharma,"Blender, 3D Animation, VFX Visual Effects, Adobe After Effects, 3D & Animation",3D & Animation,Beginner,3.5 hours,4.8,9,45,"Rp149,000",11/2024,0,0,2,https://www.udemy.com/course/blender-3d-create-easy-environment/
Animation Principles for Motion Designers,3870158,Ozgur Gorgun,"Animation, 3D Animation, Cinema 4D, Motion Graphics, 3D & Animation",3D & Animation,All Levels,4 hours,4.7,31,177,"Rp149,000",2/2021,1,0,1,https://www.udemy.com/course/animation-principles-for-motion-designers/
Material Maker the complete course material creation,6383821,Nicolas Forgue,"3D Rendering, 3D Texturing, 3D Modeling, 3D & Animation, Design",3D & Animation,All Levels,10 hours,3.4,4,25,"Rp149,000",2/2025,0,0,0,https://www.udemy.com/course/material-maker-the-complete-course-material-creation/
Mythological Female Character - Complete Game Pipeline,2452916,Victory3D LLC,"Game Design, Design",3D & Animation,Intermediate,24.5 hours,4.4,274,1864,"Rp149,000",11/2019,0,0,8,https://www.udemy.com/course/mythological-female-character/
Blender: Create Photorealistic Exterior 3D Environments,2327130,Abdelilah Hamdani,"Photorealistic Rendering, Blender, 3D Environment Modeling, 3D & Animation, Design",3D & Animation,Beginner,3 hours,4.5,114,1265,"Rp149,000",9/2025,0,0,7,https://www.udemy.com/course/exteriorenvironment/
Ultimate Prop Art Bundle II (4 Courses in 1),6278987,Aniket Rawat,"Blender, Substance Painter, 3D Texturing, 3D Modeling, 3D & Animation",3D & Animation,All Levels,15.5 hours,4.2,19,120,"Rp149,000",11/2024,0,0,1,https://www.udemy.com/course/ultimate-prop-art-bundle-volume-2-4-courses-in-1/
Creating a Traditional Chinese Room Environment in UE5,5321072,Aniket Rawat,"Unreal Engine, 3D Modeling, Blender, Substance Painter, 3D & Animation",3D & Animation,All Levels,11 hours,4.8,22,195,"Rp149,000",5/2024,0,0,1,https://www.udemy.com/course/creating-a-traditional-chinese-room-environment-in-ue5/
3D Character Modelling in Blender from Scratch to Advance,5078544,Muhammad Junaid Alam,"Blender, Character Modeling, 3D Modeling, 3D & Animation, Design",3D & Animation,All Levels,7.5 hours,4.1,61,721,"Rp149,000",6/2023,0,0,14,https://www.udemy.com/course/3d-character-modelling-in-blender-from-scratch-to-advance/
Blender 4 for Complete Beginners,6278181,Aniket Rawat,"Blender, 3D Rendering, 3D Texturing, 3D Modeling, 3D & Animation",3D & Animation,All Levels,21 hours,4.1,4,89,"Rp149,000",11/2024,0,0,1,https://www.udemy.com/course/blender-4-for-complete-beginners/
3D METAVERSE environments and 3D NFT Art creating W Expert,4177870,Muhammed Kosek,"3D Modeling, 3D & Animation, Design",3D & Animation,All Levels,4 hours,4.3,54,7563,"Rp149,000",8/2022,0,0,30,https://www.udemy.com/course/lets-model-magic-village-by-improving-your-blender-3d-skill/
Creating a Nintendo GameBoy in Blender and Substance Painter,5507786,Aniket Rawat,"Blender, Substance Painter, 3D Texturing, 3D Modeling, 3D & Animation",3D & Animation,All Levels,5.5 hours,4.5,26,132,"Rp149,000",5/2024,0,0,1,https://www.udemy.com/course/creating-a-nintendo-gameboy-in-blender-and-substance-painter/
"""BLENDER 2.79 - THE ULTIMATE GUIDE""+ 5 books+7 basic lessons",1277024,CG ACADEMY,"Blender, 3D Modeling, 3D & Animation, Design",3D & Animation,All Levels,1 hour,4.4,10,93,"Rp149,000",2/2020,0,0,7,https://www.udemy.com/course/easy-blender-in-7-lessons-basic/
Building Medieval Worlds - Unreal Engine 5 Modular Kitbash,5159796,3D Tudor,"Unreal Engine, Level Design, 3D Environment Modeling, Game Design, 3D & Animation",3D & Animation,All Levels,22 hours,4.4,72,1530,"Rp149,000",4/2025,0,0,1,https://www.udemy.com/course/building-medieval-worlds-unreal-engine-5-modular-kitbash/
Female anatomy for artists,3335594,NIkolay Naydenov,"Anatomy, 3D & Animation, Design",3D & Animation,Beginner,13 hours,4.7,1068,6673,"Rp159,000",7/2020,0,0,1,https://www.udemy.com/course/female-anatomy-for-artists/
Create & Animate Drake Character in Blender,2723526,Blender College,"Blender, 3D & Animation, Design",3D & Animation,All Levels,35.5 hours,4.0,11,2171,"Rp149,000",5/2021,0,0,9,https://www.udemy.com/course/photorealisticanimation/
Blender 4.x Beginners Course,5726178,iVito .,"Blender, 3D & Animation, Design",3D & Animation,Beginner,6 hours,4.6,47,304,"Rp149,000",2/2025,1,0,0,https://www.udemy.com/course/blender-beginners-course/
Guide for Inverse Kinematics (IK) Rigging within Blender,3970532,Kurtis Chamberlain,"Blender, 3D & Animation, Design",3D & Animation,Intermediate,3.5 hours,4.8,12,163,"Rp149,000",9/2022,2,0,35,https://www.udemy.com/course/ik-blender/
Unreal Engine 5: Realistic Product Animation/Visualization,5445248,Nafay Sheikh,"Unreal Engine, 3D & Animation, Design",3D & Animation,All Levels,2 hours,4.4,27,210,"Rp149,000",7/2023,0,0,0,https://www.udemy.com/course/unreal-engine-5-realistic-product-animationvisualization/
Blender + AI Stylized Environment Creation - 2026,6794983,Artstudio 313,"3D & Animation, Design",3D & Animation,All Levels,5 hours,4.7,12,447,"Rp149,000",3/2026,0,0,17,https://www.udemy.com/course/build-a-complete-stylized-world-in-blender-45/
Blender Modelling Course for Beginners,4476174,Nexttut Education Pvt.Ltd.,"Blender, 3D & Animation, Design",3D & Animation,Beginner,17.5 hours,4.3,32,406,"Rp149,000",6/2023,0,0,3,https://www.udemy.com/course/blender-30-modelling-course-for-beginners/
Blender Cyberpunk in Unity HDRP,2928806,Pete Jepson,"Blender, Game Asset Creation, Substance Painter, Unity, Game Design",3D & Animation,Beginner,33 hours,4.5,111,1087,"Rp149,000",7/2022,1,0,12,https://www.udemy.com/course/blender-cyberpunk-in-unity-hdrp/
Blender Ninja Character Modeling: From Concept to Render,5656368,Muhammad Junaid Alam,"Blender, 3D & Animation, Design",3D & Animation,Beginner,1.5 hours,4.7,13,383,"Rp149,000",11/2023,0,0,3,https://www.udemy.com/course/blender-ninja-character-modeling-from-concept-to-render/
Blender: Cloth Physics and simulations.,4724396,david Jaasma,"Blender, 3D & Animation, Design",3D & Animation,Beginner,4 hours,4.5,82,628,"Rp149,000",6/2022,0,0,1,https://www.udemy.com/course/blender-cloth-physics-and-simulations/
Master Character Modelling in Zbrush,3226635,Nexttut Education Pvt.Ltd.,"Character Modeling, 3D & Animation, Design",3D & Animation,Intermediate,79 hours,4.5,192,2048,"Rp149,000",6/2023,1,0,0,https://www.udemy.com/course/master-character-modeling-with-victor-yamakado/
AAA Game 3D Character Art course Module 01 - Body,3576591,Mateusz Wendowski,"3D Sculpting, 3D & Animation, Design",3D & Animation,Intermediate,3 hours,4.2,30,1155,"Rp149,000",10/2020,0,0,14,https://www.udemy.com/course/module-01-body-aaa-game-3d-character-art-course/
Hyper Realistic Character Likeness Portrait for Films,2419158,Victory3D LLC,"VFX Visual Effects, 3D & Animation, Design",3D & Animation,Intermediate,29 hours,4.5,193,1601,"Rp149,000",12/2019,0,0,4,https://www.udemy.com/course/character-likeness-portrait-for-films/
Substance 3D Painter Advance Course,4823452,Nexttut Education Pvt.Ltd.,"Substance Painter, Game Design, Design",3D & Animation,Intermediate,20.5 hours,3.8,21,471,"Rp149,000",8/2022,1,0,1,https://www.udemy.com/course/substance-painter-advance-course/
Blender Rigging for Beginners & Rigging your first Character,5286212,Eve Paints,"3D Rigging, 3D & Animation, Design",3D & Animation,Beginner,1 hour,4.9,5,38,"Rp279,000",5/2023,0,0,0,https://www.udemy.com/course/blender-rigging-for-beginners-rigging-your-first-character/
Creating Simple Characters for Beginners in Blender,5237562,The Avenew Academy Bootcamp,"Blender, Autodesk 3ds Max, 3D Rendering, Graphic Design & Illustration, Design",3D & Animation,All Levels,10.5 hours,4.2,53,893,"Rp149,000",4/2023,5,0,0,https://www.udemy.com/course/creating-simple-characters-for-beginners-in-blender/
Realistic Female Character Sculpting for Artists,3073578,"Nalini Kanta Jena, Nexttut Education Pvt.Ltd.","Digital Character Sculpting, 3D & Animation, Design",3D & Animation,Intermediate,75 hours,4.7,65,698,"Rp149,000",8/2020,0,0,0,https://www.udemy.com/course/realistic-female-character-sculpting-for-artist/
Substance Sampler: Zero to Hero in Textures and Materials,6306441,"Kubilay Altındiş, Sefa Konuk","3D Texturing, Game Texturing, Graphic Design, Design Tools, Design",3D & Animation,All Levels,7.5 hours,4.8,32,1248,"Rp149,000",7/2025,0,0,20,https://www.udemy.com/course/substance-sampler/
Beginner's Guide to 3D Game Assets,5546758,Zachary Wolf,"3D Modeling, 3D Game Development, 3D & Animation, Design",3D & Animation,Beginner,10 hours,4.5,27,123,"Rp149,000",2/2024,0,0,1,https://www.udemy.com/course/beginners-guide-to-3d-game-assets/
3D Architectural Visualization in Blender – Design Tools,1038728,Thomas McDonald,"Blender, Interior Design, User Experience (UX) Design, Architectural Design, Design",3D & Animation,All Levels,7 hours,4.6,479,5444,"Rp159,000",5/2025,4,0,5,https://www.udemy.com/course/architectural-design-tools-in-blender/
Python For Maya: Artist Friendly Programming,1009476,Dhruv Govil,"Python, QT Framework, Autodesk Maya, Programming Languages, Development",3D & Animation,All Levels,8 hours,4.4,1763,9348,"Rp149,000",3/2017,4,0,0,https://www.udemy.com/course/python-for-maya/
Absolute Beginners Substance Painter course,3640998,NIkolay Naydenov,"3D Texturing, Game Texturing, 3D & Animation, Design",3D & Animation,Beginner,7 hours,4.6,103,1188,"Rp149,000",12/2020,0,0,1,https://www.udemy.com/course/absolute-beginners-substance-painter-course/
Learn 2D Animation Fast with Reallusion's Cartoon Animator 4,4469062,David Arandle,"Cartoon Animator 4, 2D Animation, 3D & Animation, Design",3D & Animation,Beginner,3.5 hours,4.4,140,686,"Rp149,000",4/2023,0,0,2,https://www.udemy.com/course/learn-2d-animation-fast-with-reallusions-cartoon-animator-4/
Blender for Game Art,4399032,Kendale Jones,"Unreal Engine, Blender, Substance Painter, Game Design, Design",3D & Animation,All Levels,5.5 hours,4.7,38,357,"Rp149,000",11/2021,0,0,2,https://www.udemy.com/course/blender-for-game-art/
Scene Creation with Blender and Substance Painter,2838112,Darrin Lile,"Blender, Substance Painter, 3D & Animation, Design",3D & Animation,Beginner,16.5 hours,4.7,347,2696,"Rp149,000",7/2020,0,0,10,https://www.udemy.com/course/scene-creation-with-blender-and-substance-painter/
Blender Particles Masterclass,5454150,Ruan Lotter,"Blender, 3D & Animation, Design",3D & Animation,All Levels,4 hours,4.6,75,557,"Rp149,000",7/2023,0,0,0,https://www.udemy.com/course/blender-particles/
VFX Production On-Set: Becoming a Visual Effects Supervisor,1453237,Vicki Lau,"VFX Visual Effects, Filmmaking, Video Design, Photography & Video",3D & Animation,All Levels,3.5 hours,4.5,197,1480,"Rp149,000",2/2022,1,0,3,https://www.udemy.com/course/vfx-production-on-set-becoming-a-visual-effects-supervisor/
Stylized Female Character Creation - Complete Game Pipeline,2391240,Victory3D LLC,"3D Game Development, Game Design, Design",3D & Animation,Beginner,29 hours,3.9,19,257,"Rp149,000",6/2019,0,0,5,https://www.udemy.com/course/stylized-samurai-character/
A quick way to build a realistic scene in Blender,5598214,Sime Bugarija,"Blender, 3D & Animation, Design",3D & Animation,Beginner,2.5 hours,4.8,7,118,"Rp149,000",10/2023,0,0,3,https://www.udemy.com/course/a-quick-way-to-build-a-realistic-scene-in-blender/
Build 2 Huge 3D Games in Unity: Complete C# & Blender Models,1804096,"Mammoth Interactive, John Bura","Game Development Fundamentals, 3D Game Development, Blender, Unity, Game Development",3D & Animation,All Levels,41.5 hours,4.3,40,576,"Rp149,000",7/2018,14,0,7,https://www.udemy.com/course/gamedevelopmentfundamentals/
Creating a Kitchen Environment in Blender and Unreal Engine,4657984,Aniket Rawat,"Unreal Engine, Blender, Game Design, Substance Painter, Design",3D & Animation,All Levels,11 hours,4.6,95,694,"Rp149,000",5/2024,0,0,1,https://www.udemy.com/course/creating-a-kitchen-environment-in-unreal-engine-5/
Female Barbarian Warrior Vol. 2 - Game Ready Workflow,2144494,Victory3D LLC,"Game Design, Design",3D & Animation,Intermediate,16.5 hours,4.7,21,295,"Rp149,000",2/2020,0,0,5,https://www.udemy.com/course/female-barbarian-vol-2/
Complete Guide to Texturing in Mari,4750872,Nexttut Education Pvt.Ltd.,"3D Texturing, 3D & Animation, Design",3D & Animation,Beginner,11.5 hours,4.4,18,196,"Rp149,000",7/2022,1,0,0,https://www.udemy.com/course/complete-guide-to-mari/
NURBS Modeling with Autodesk Maya,3923194,Maximilian Schönherr,"Autodesk Maya, 3D Modeling, 3D & Animation, Design",3D & Animation,Intermediate,4 hours,4.3,15,81,"Rp149,000",3/2021,0,0,0,https://www.udemy.com/course/nurbs-modeling-with-autodesk-maya/
Creating a Brick Wall in Substance Designer,4583426,UNF Games,"Substance 3D Designer, 3D Texturing, Game Texturing, Unreal Engine, 3D & Animation",3D & Animation,Beginner,4 hours,4.5,18,125,"Rp149,000",3/2022,0,0,0,https://www.udemy.com/course/creating-a-brick-wall-in-substance-designer/
Blender 3D | Masterclass for Beginners Dune Edition Part 1,6003868,Daren Perincic,"Blender, 3D Texturing, 3D Modeling, Cinematography, 3D & Animation",3D & Animation,Beginner,5.5 hours,4.8,14,72,"Rp149,000",6/2024,0,0,0,https://www.udemy.com/course/blender-3d-cinematography-masterclass-dune-1/
learn autodesk maya last edition from scratch,6386461,Mostafa Sayed,"Product Design, 3D & Animation, Design",3D & Animation,Beginner,8.5 hours,5.0,13,27,"Rp149,000",3/2026,0,0,0,https://www.udemy.com/course/learn-autodesk-maya-last-edition-from-scratch/
Weapon Modeling & Texturing For Game for Absolute Beginners,1866554,Nalini Kanta Jena,"3D Modeling, Game Art, 3D Texturing, 3D & Animation, Design",3D & Animation,Beginner,9 hours,4.7,169,774,"Rp149,000",5/2020,2,0,3,https://www.udemy.com/course/weapon-modeling-texturing-for-game-complete-pipeline/
Fundamentals of Vegetation in Video Games,6634557,Michael Gerard,"Unreal Engine, Game Development, Development",3D & Animation,Beginner,3.5 hours,5.0,7,43,"Rp149,000",5/2025,0,0,0,https://www.udemy.com/course/basics-of-vegetation-in-video-games/
Creating a Gundam Character in Maya 2022,6052743,Digital Saucer Studios,"3D Modeling, 3D & Animation, Design",3D & Animation,Intermediate,36.5 hours,4.0,4,1049,"Rp149,000",7/2024,0,0,22,https://www.udemy.com/course/creating-a-gundam-character-in-maya-2022/
"BLENDER Create Living Room From Single Image + Robot, 4h30M",4812538,Sime Bugarija,"Blender, Cinematography, 3D & Animation, Design",3D & Animation,Beginner,4.5 hours,4.8,25,234,"Rp159,000",8/2022,0,0,2,https://www.udemy.com/course/blender-how-to-create-a-movie-3d-scene-with-a-robot-tutorial/
Human Anatomy for Artists using Zbrush and Photoshop,1772880,Victory3D LLC,"Anatomy, Drawing, zBrush, 3D & Animation, Design",3D & Animation,All Levels,21 hours,4.7,670,5188,"Rp149,000",11/2019,0,0,12,https://www.udemy.com/course/human-anatomy-for-artists/
Creating an Info-graphic Animation in Blender,1070228,Marko Matosevic,"Infographics Design, Animation, Graphic Design, Blender, 3D & Animation",3D & Animation,Beginner,3.5 hours,4.2,77,621,"Rp149,000",9/2017,2,0,0,https://www.udemy.com/course/creating-info-graphic-animation-in-blender/
What are Normals?,6148297,Sean Gobey,"3D & Animation, Design",3D & Animation,All Levels,3 hours,5.0,4,31,"Rp149,000",11/2024,0,0,6,https://www.udemy.com/course/what-are-normals/
Intermediate Blender Archviz - Exterior Scene,5223332,The Avenew Academy Bootcamp,"Blender, Autodesk 3ds Max, 3D Sketching, 3D Texturing, 3D & Animation",3D & Animation,All Levels,7.5 hours,4.2,26,63,"Rp149,000",4/2023,0,0,0,https://www.udemy.com/course/intermediate-blender-archviz-exterior-scene/
Create & Design a Modern Exterior in Blender 2.9 - ArchViz,3766378,Azer Mehdiyev,"Blender, 3D Rendering, Photorealistic Rendering, 3D & Animation, Design",3D & Animation,All Levels,3.5 hours,4.3,92,476,"Rp149,000",7/2022,0,0,6,https://www.udemy.com/course/exterior-visualization-in-blender/
"Learn archviz visualization, Blender beginner course 2021",4061530,Sime Bugarija,"Blender, 3D Modeling, Other IT & Software, IT & Software",3D & Animation,Beginner,2 hours,4.3,9,26,"Rp149,000",3/2022,0,0,2,https://www.udemy.com/course/learn-archviz-visualization-blender-beginner-course-2021/
Create Scifi Spaceship in Blender,1615112,Marko Matosevic,"Blender, 3D Modeling, Animation, 3D & Animation, Design",3D & Animation,Intermediate,4 hours,4.3,35,350,"Rp149,000",3/2018,1,0,1,https://www.udemy.com/course/create-scifi-spaceship-in-blender/
Substance Painter Novice to Pro,5457476,Sean Fowler,"Substance Painter, 3D Rendering, Unity, 3D Texturing, 3D & Animation",3D & Animation,All Levels,6 hours,4.5,94,770,"Rp149,000",3/2024,0,0,3,https://www.udemy.com/course/substance-painter-2023-novice-to-pro/
Create Professional Stylized Video Game Assets,1054862,Alex Zaragoza,"Game Art, Game Development Fundamentals, Game Asset Creation, 3D & Animation, Design",3D & Animation,Intermediate,7.5 hours,4.4,211,2341,"Rp149,000",4/2018,0,0,4,https://www.udemy.com/course/learn-to-create-awesome-stylized-video-game-assets/
BEST way to model and texture anything in Blender FAST,5340276,Sime Bugarija,"3D Texturing, Blender, 3D Modeling, 3D & Animation, Design",3D & Animation,Beginner,3.5 hours,4.6,16,147,"Rp149,000",5/2023,0,0,6,https://www.udemy.com/course/best-way-to-model-and-texture-anything-in-blender-fast-3d/
Creating a Robot Character in Maya 2022,5982734,Digital Saucer Studios,"3D & Animation, Design",3D & Animation,Intermediate,14 hours,4.4,N/A,6,"Rp149,000",1/2025,0,0,1,https://www.udemy.com/course/creating-a-robot-character-in-maya-2022/
Creating a Gramophone in Blender and Substance Painter,6111847,Aniket Rawat,"Blender, Substance Painter, 3D Texturing, 3D Modeling, 3D & Animation",3D & Animation,All Levels,4 hours,4.3,2,27,"Rp149,000",8/2024,0,0,1,https://www.udemy.com/course/creating-a-gramophone-in-blender-and-substance-painter/
Blender by Projects: [PRO's Path] Create What Inspired Us!,2058591,Raghav Venkat,"Blender, 3D & Animation, Design",3D & Animation,All Levels,5.5 hours,4.1,56,591,N/A,6/2020,4,0,5,https://www.udemy.com/course/learn-blender-by-creating-what-inspired-us-pros-path/
"Blender, creating realistic horror scene + 37 stone assets",5666912,Sime Bugarija,"Blender, 3D & Animation, Design",3D & Animation,Beginner,2 hours,4.5,4,41,"Rp149,000",11/2023,0,0,3,https://www.udemy.com/course/blender-creating-realistic-horror-scene-37-stone-assets/
Character Development In Blender For Beginners,1663504,Danan Thilakanathan,"Character Modeling, 3D Modeling, Blender, Character Design, 3D & Animation",3D & Animation,Beginner,12.5 hours,4.4,73,3639,"Rp149,000",10/2018,0,0,4,https://www.udemy.com/course/character-development-in-blender-for-beginners/
Unwrapping Techniques in Maya,1797850,Really Fun Games Educational,"Autodesk Maya, 3D & Animation, Design",3D & Animation,Beginner,5.5 hours,4.6,73,348,"Rp149,000",12/2018,0,0,3,https://www.udemy.com/course/unwrapping-techniques-in-maya/
Low-Poly Vehicle Design in Blender for Unity Game Developers,1188972,Billy McDaniel,"3D Modeling, Financial Derivatives, Blender, Unity, Game Design",3D & Animation,Intermediate,8 hours,4.3,81,1024,"Rp149,000",10/2019,3,0,34,https://www.udemy.com/course/low-poly-vehicle-design-in-blender-for-unity-game-developers/
Create a High Quality Asset in Blender and Substance Painter,4313464,Aniket Rawat,"Blender, 3D Modeling, 3D Texturing, Substance Painter, 3D & Animation",3D & Animation,All Levels,3 hours,4.6,18,146,"Rp149,000",6/2025,0,0,1,https://www.udemy.com/course/create-high-quality-asset-in-blender-and-substance-painter/
Creating and animating a Caveman Scene in Maya,6751347,Omar Kareem Ahmed,"3D Animation, Character Rigging, 3D Texturing, 3D Modeling, 3D & Animation",3D & Animation,All Levels,12 hours,4.5,9,1066,"Rp159,000",8/2025,0,0,2,https://www.udemy.com/course/creating-and-animating-a-caveman-scene-in-maya/
Rigging Fundamentals Overview for Blender,3992654,Kurtis Chamberlain,"Blender, 3D & Animation, Design",3D & Animation,Beginner,4.5 hours,4.6,12,164,"Rp149,000",9/2022,3,0,43,https://www.udemy.com/course/rigging-fundamentals-blender/
The Impossible Domino Run in Blender,4209554,Lionel VICIDOMINI,"Blender, Animation, 3D & Animation, Design",3D & Animation,Intermediate,8.5 hours,4.3,14,161,"Rp149,000",8/2025,1,0,0,https://www.udemy.com/course/the-impossible-domino-run-in-blender/
Super Hero Anatomy Course for Artists -The Hulk,3557681,Nexttut Education Pvt.Ltd.,"Digital Character Sculpting, zBrush, 3D & Animation, Design",3D & Animation,Intermediate,26.5 hours,4.7,36,420,"Rp149,000",11/2020,0,0,0,https://www.udemy.com/course/male-super-hero-anatomy-course-for-artists-the-hulk/
"Learn the ""Hand-Painted"" texturing style for video games",81706,3dmotive LLC,"Game Texturing, Game Art, Game Development Fundamentals, Game Design, Design",3D & Animation,Beginner,5.5 hours,4.7,593,26678,"Rp149,000",9/2016,2,0,2,https://www.udemy.com/course/3dmotive-learn-the-hand-painted-texturing-style-for-video-games/
Blender 2.8 UV Mapping,2376364,Darrin Lile,"Blender, 3D & Animation, Design",3D & Animation,Beginner,6 hours,4.6,513,2626,"Rp149,000",6/2019,0,0,3,https://www.udemy.com/course/blender-28-uv-mapping/
3D Laser Sight: From Modeling to Game-Ready Asset,6539505,Oleh Boiko,"3D Modeling, Baking, 3D Texturing, UV Mapping, 3D & Animation",3D & Animation,Intermediate,6 hours,4.9,9,71,"Rp149,000",3/2025,0,0,1,https://www.udemy.com/course/3d-laser-sight-from-modeling-to-game-ready-asset/
Creating A Si-fi Environment - Bio Lab,2241138,Leou von,"Cinema 4D, Amazon Redshift, zBrush, Blender, 3D & Animation",3D & Animation,Intermediate,12.5 hours,5.0,3,118,"Rp429,000",3/2019,0,0,0,https://www.udemy.com/course/creating-a-si-fi-environment-bio-lab/
Rimac Nevera: Low Poly 3D Car Modeling for Beginners in MAYA,5903652,MWHD LearningZONE,"3D Modeling, 3D & Animation, Design",3D & Animation,Beginner,6.5 hours,4.6,6,31,"Rp149,000",12/2024,0,0,2,https://www.udemy.com/course/mastering-3d-car-modeling-ll-from-novice-to-expert-with-maya/
Cyber Reptile Game Character Creation Volume 2,2247850,Victory3D LLC,"Game Design, Design",3D & Animation,Intermediate,14.5 hours,4.8,19,274,"Rp149,000",1/2020,0,0,3,https://www.udemy.com/course/cyber-reptile-volume2/
Model And Texture Stylized Props for Videogames 2018,1873540,Alex Zaragoza,"Game Texturing, 3D Modeling, 3D Texturing, Game Design, Design",3D & Animation,Intermediate,5.5 hours,4.6,269,1332,"Rp149,000",8/2018,0,0,1,https://www.udemy.com/course/model-and-texture-stylized-props-for-videogames/
Cyber Reptile Game Character Creation Volume 1,2201148,Victory3D LLC,"zBrush, Digital Character Sculpting, Game Design, Design",3D & Animation,Intermediate,22 hours,4.6,41,420,"Rp149,000",1/2020,0,0,2,https://www.udemy.com/course/cyber-reptile-creature/
Create Objects Procedurally With Geometry Nodes In Blender,3813568,Joe Baily,"Blender, 3D Modeling, 3D & Animation, Design",3D & Animation,All Levels,9.5 hours,4.5,142,809,"Rp159,000",8/2022,2,0,1,https://www.udemy.com/course/create-objects-procedurally-with-geometry-nodes-in-blender/
Blender Beginners Course | Make Stylized House in Blender,6129775,iVito .,"Blender, 3D & Animation, Design",3D & Animation,Beginner,1.5 hours,4.6,7,42,"Rp149,000",2/2025,1,0,0,https://www.udemy.com/course/your-first-day-in-blender-h/
Learn low poly modeling in blender for video games!,624060,John Bura,"Blender, Financial Modeling, Game Development Fundamentals, 3D & Animation, Design",3D & Animation,All Levels,12.5 hours,3.8,183,2594,"Rp149,000",10/2015,0,0,0,https://www.udemy.com/course/learn-low-poly-modeling-in-blender-for-video-games-in-1-hour/
Architectural Visualization in Maya and Arnold - Modeling,6039322,McDonald John,"Architectural Design, Design",3D & Animation,Beginner,8.5 hours,3.9,4,33,"Rp149,000",6/2024,1,0,2,https://www.udemy.com/course/architectural-visualization-in-maya-and-arnold-modeling/
Create VFX Animation Like a Pro Even If You're a Beginner,5999924,Mykola Dokhnenko,"VFX Visual Effects, 3D Animation, 3D Modeling, Blender, 3D & Animation",3D & Animation,Beginner,1 hour,4.9,7,46,"Rp149,000",5/2024,0,0,0,https://www.udemy.com/course/create-vfx-animation-like-a-pro-even-if-youre-a-beginner/
Stylized Modular Game Ready Assets,5607404,Odin Fernandez,"3D Modeling, 3D Texturing, 3D Sculpting, 3D & Animation, Design",3D & Animation,Beginner,8.5 hours,3.7,3,24,"Rp149,000",2/2025,0,0,1,https://www.udemy.com/course/stylized-modular-game-ready-assets/
Sculpting Hand Anatomy in ZBrush,1394418,3dmotive LLC,"zBrush, Digital Character Sculpting, 3D & Animation, Design",3D & Animation,Intermediate,3.5 hours,4.7,9,125,"Rp149,000",12/2017,2,0,6,https://www.udemy.com/course/3dmotive-sculpting-hand-anatomy-in-zbrush/
"Complete Blender course, city environment, car-2 courses",5618902,Sime Bugarija,"Blender, 3D & Animation, Design",3D & Animation,Beginner,3 hours,3.1,10,136,"Rp149,000",11/2023,0,0,2,https://www.udemy.com/course/complete-blender-course-city-environment-car-2-courses/
Design a minimal geometric scene in Blender,4446904,Rany Bechara,"Blender, 3D Lighting, 3D Rendering, 3D & Animation, Design",3D & Animation,Beginner,1.5 hours,4.9,9,60,"Rp149,000",12/2021,0,0,0,https://www.udemy.com/course/design-a-minimal-geometric-scene-in-blender/
Female Barbarian Warrior Vol. 1 - Sculpting in Zbrush,2069227,Victory3D LLC,"Game Design, Design",3D & Animation,Intermediate,17 hours,4.6,39,489,"Rp149,000",2/2020,0,0,4,https://www.udemy.com/course/female-character-in-zbrush/
The advance guide for game environment design in Unreal 4,2052137,Animation Hacks,"Unreal Engine, Game Design, Game Development, Development",3D & Animation,All Levels,8 hours,3.7,65,458,"Rp149,000",9/2020,1,0,0,https://www.udemy.com/course/the-advance-guide-for-game-environment-design-in-unreal-4/
Poser Pro Game Dev Fundamentals,398434,Infinite Skills,"Game Development Fundamentals, Game Development, Development",3D & Animation,Beginner,4 hours,4.4,30,384,"Rp149,000",1/2017,1,0,1,https://www.udemy.com/course/poser-pro-game-dev-fundamentals/
Create awesome volumetric spheres in blender,1535702,Roger Bootsma,"Blender, 3D & Animation, Design",3D & Animation,All Levels,7 hours,4.6,17,295,"Rp149,000",8/2018,3,0,52,https://www.udemy.com/course/create-awesome-volumetric-spheres-in-blender/
Creating a Procedural Rock Material in Substance Designer,3789320,FastTrack Tutorials,"Substance 3D Designer, Game Art, Google Material Design, Game Design, Design",3D & Animation,Intermediate,4.5 hours,4.6,11,128,"Rp149,000",5/2021,0,0,1,https://www.udemy.com/course/creating-a-procedural-material-in-substance-designer/
"3D Master, from zero to hero Vol.4: Body Anatomy",1212754,Mauricio García Arias,"3D Animation, Google Workspace (G Suite), Anatomy, 3D & Animation, Design",3D & Animation,All Levels,4.5 hours,4.5,47,2695,"Rp149,000",11/2018,0,0,3,https://www.udemy.com/course/3d-character-creation-from-zero-to-hero-vol1-body-anatomy/
Prop modeling and texturing in Maya ZBrush Substance Painter,2664472,Rey3D .com,"Autodesk Maya, zBrush, Substance Painter, 3D & Animation, Design",3D & Animation,All Levels,3.5 hours,4.3,37,177,"Rp149,000",4/2022,0,0,0,https://www.udemy.com/course/prop-modeling-and-texturing-in-maya-zbrush-substance-painter/
Creating Japanese Game Characters Megaman and Torch Man,5984720,Digital Saucer Studios,"3D Modeling, 3D Lighting, 3D Texturing, 3D Rendering, 3D & Animation",3D & Animation,Intermediate,30 hours,4.8,N/A,8,"Rp149,000",1/2025,0,0,4,https://www.udemy.com/course/creating-japanese-game-characters-megaman-and-torch-man/
Advanced Prop Modeling - 3D Modeling in Blender,1867412,"Concept Courses ⁯⁯⁯⁯⁯, Timothy Trankle","Blender, 3D Modeling, 3D Sculpting, UV Mapping, 3D & Animation",3D & Animation,Expert,6 hours,4.5,103,1536,"Rp149,000",9/2018,1,0,2,https://www.udemy.com/course/advanced-3d-prop-modeling-in-blender/
Creating a Japanese Shrine Environment in Unreal Engine 5,4581938,Aniket Rawat,"Unreal Engine, Blender, Game Design, Substance Painter, Design",3D & Animation,All Levels,8.5 hours,4.6,35,350,"Rp149,000",10/2024,0,0,1,https://www.udemy.com/course/creating-a-japanese-shrine-environment-in-unreal-engine-5/
Fuze01 - Introduction to 3D and Maya,6728273,Wizix CHAULIAC,"Autodesk Maya, 3D Modeling, Other IT & Software, IT & Software",3D & Animation,Beginner,10 hours,5.0,2,6,"Rp149,000",7/2025,0,0,0,https://www.udemy.com/course/fuze01-introduction-to-3d-and-maya/
Mastering 3D Modeling With Blender For Beginners,2538246,Danan Thilakanathan,"3D Modeling, Blender, 3D & Animation, Design",3D & Animation,Beginner,9.5 hours,4.2,243,7360,"Rp149,000",12/2019,0,0,7,https://www.udemy.com/course/mastering-3d-modeling-with-blender-for-beginners/
Metahuman Creator Complete Course.,6325939,Marcello Pattarin,"Unreal Engine, Character Design, 3D & Animation, Design",3D & Animation,All Levels,4 hours,3.3,5,48,"Rp149,000",12/2025,0,0,1,https://www.udemy.com/course/metahuman-creator-complete-course/
Learn Photorealism: Create a Maldive Island in Blender,2473528,Abdelilah Hamdani,"Photorealistic Rendering, 3D Modeling, Blender, 3D & Animation, Design",3D & Animation,Intermediate,6 hours,4.3,69,599,"Rp149,000",9/2025,0,0,13,https://www.udemy.com/course/photorealism/
Create Fall Guys Characters with Blender,3855870,Ali Bashir Salih,"Character Design, Game Design, Design",3D & Animation,Intermediate,2 hours,4.6,25,62,"Rp149,000",2/2021,0,0,0,https://www.udemy.com/course/create-fall-guys-characters-with-blender/
Model a Stylized Aircraft in Maya 2018,1567006,Rodney S. Allen,"Autodesk Maya, 3D Modeling, Hard Surface Modeling, 3D & Animation, Design",3D & Animation,Beginner,8.5 hours,4.5,34,183,"Rp149,000",6/2018,0,0,25,https://www.udemy.com/course/model-a-stylized-aircraft-in-maya-2018/
"Game Design - Environments using ZBrush, Substance and Unity",1565756,UK Online Training Centre,"Game Design, Unity, zBrush, Substance Painter, Design",3D & Animation,Intermediate,7.5 hours,3.9,16,274,"Rp149,000",2/2018,1,0,1,https://www.udemy.com/course/game-design-environments-using-zbrush-substance-and-unity/
Particles in Maya -1,2347122,Tauraus CG,"Autodesk Maya, 3D & Animation, Design",3D & Animation,Beginner,3 hours,4.2,11,90,"Rp149,000",5/2023,0,0,2,https://www.udemy.com/course/particles-in-maya-1/
Blender Character Modeling Bootcamp for Beginners,5539998,Muhammad Junaid Alam,"Character Modeling, 3D & Animation, Design",3D & Animation,Beginner,1 hour,4.3,26,1489,"Rp149,000",9/2023,0,0,0,https://www.udemy.com/course/blender-character-modeling-course-for-beginners/
Zbrush Character Modeling and Sculpting: Zbrush Course,2621930,"Video School, Phil Ebiner, Class Creatives","Character Design, Character Modeling, zBrush, Digital Character Sculpting, 3D & Animation",3D & Animation,Beginner,4 hours,4.4,139,1247,"Rp149,000",11/2025,4,0,2,https://www.udemy.com/course/character-modeling-and-character-sculpting-in-zbrush-course/
Advanced Texturing / Mesh Painting for Games in Unreal,113148,3dmotive LLC,"Unreal Engine, Painting, 3D Texturing, 3D Sculpting, Game Design",3D & Animation,Expert,3.5 hours,4.5,12,423,"Rp149,000",4/2017,1,0,1,https://www.udemy.com/course/3dmotive-advanced-mesh-painting-for-games-in-udk/
Maya 2017 - Create realistic images using Arnold renderer,986544,Bhaumik Patel,"Autodesk Arnold, 3D Lighting, 3D Rendering, Autodesk Maya, 3D & Animation",3D & Animation,All Levels,3.5 hours,4.6,245,1487,"Rp149,000",2/2017,0,0,1,https://www.udemy.com/course/maya-2017-arnold-renderer/
Intro to Substance Painter - Creating Materials,3007162,David Bittorf,"Substance Painter, 3D Texturing, Game Texturing, Game Design, Design",3D & Animation,All Levels,2 hours,4.5,24,150,"Rp149,000",8/2020,0,0,1,https://www.udemy.com/course/intro-to-substance-painter-materials-all-levels/
Blender 2.8 The Basics Of Blender,2279672,Joe Baily,"Blender, 3D & Animation, Design",3D & Animation,Beginner,5 hours,4.5,49,188,"Rp169,000",9/2019,0,0,0,https://www.udemy.com/course/blender-28-the-basics-of-blender/
Blender: create Thor's Stormbreaker from start to finish,3508556,Mrawan Hussain,"Blender, 3D & Animation, Design",3D & Animation,All Levels,4.5 hours,4.6,28,226,"Rp149,000",5/2022,1,0,1,https://www.udemy.com/course/create-stormbreaker-with-blender/
Interior archviz in MODO | vol.2: rendering,2597722,Juan Jimenez,"Photorealistic Rendering, 3D Lighting, 3D & Animation, Design",3D & Animation,Intermediate,3.5 hours,4.6,19,103,"Rp149,000",11/2019,0,0,2,https://www.udemy.com/course/interior-archviz-in-modo-vol2-rendering/
Unity & Blender Masterclass: Make a 3D Zenda Game!,1186394,"Mammoth Interactive, John Bura","Blender, Game Development Fundamentals, Unity, Game Development, Development",3D & Animation,Beginner,30.5 hours,4.4,397,5575,"Rp149,000",6/2019,12,0,3,https://www.udemy.com/course/build-the-legend-of-zenda-game-in-unity3d-and-blender/
Interior archviz in MODO | vol.1: modeling,2563866,Juan Jimenez,"Modo, Interior Design, 3D & Animation, Design",3D & Animation,Beginner,4 hours,4.7,17,119,"Rp149,000",11/2019,0,0,2,https://www.udemy.com/course/interior-archviz-in-modo-vol1-modeling/
Intro to Animated Materials with Substance Designer,1645190,Olga Polukhina,"Substance 3D Designer, Game Development, Development",3D & Animation,All Levels,3 hours,4.5,39,454,"Rp149,000",4/2018,0,0,7,https://www.udemy.com/course/intro-to-animated-materials-with-substance-designer/
Sculpt a Complex Catacomb Environment Scene with ZBrush,2247134,3dmotive LLC,"3D Modeling, 3D Sculpting, zBrush, 3D & Animation, Design",3D & Animation,Intermediate,7 hours,4.6,8,147,"Rp149,000",3/2019,2,0,4,https://www.udemy.com/course/3dmotive-sculpt-a-catacomb-scene-with-zbrush/
Let us create patterns in Substance Designer!,5565906,Joakim Tornhill,"Substance 3D Designer, Design Tools, Design",3D & Animation,Beginner,3.5 hours,4.4,22,211,"Rp149,000",9/2023,1,0,6,https://www.udemy.com/course/let-us-create-patterns-in-substance-designer/
"3D Master, from zero to hero Vol.6: Hands and Feet",1376926,Mauricio García Arias,"3D Animation, Game Design, Design",3D & Animation,Intermediate,3 hours,4.4,11,211,"Rp149,000",11/2017,2,0,10,https://www.udemy.com/course/master-3d-from-zero-to-hero-vol6-hands-and-feet/
Learn Video Designing and Editing with Blender,4024008,Harshit Srivastava,"Video Editing, Video Design, Photography & Video",3D & Animation,All Levels,1 hour,4.1,16,1396,"Rp149,000",11/2022,0,0,0,https://www.udemy.com/course/learn-video-designing-and-editing-with-blender/
Learn 3D Texturing in Substance Painter All Levels!,4795094,Sean Fowler,"Substance Painter, 3D Rendering, 3D Texturing, Game Texturing, 3D & Animation",3D & Animation,All Levels,4 hours,4.5,28,277,"Rp149,000",3/2023,0,0,6,https://www.udemy.com/course/learn-3d-texturing-in-substance-painter-2022-all-levels/
Modeling and Texturing a Fantasy Shield for Games with dDo,83776,3dmotive LLC,"3D Sculpting, 3D Modeling, Game Texturing, Game Design, Design",3D & Animation,Intermediate,3.5 hours,4.3,9,252,"Rp149,000",4/2017,1,0,2,https://www.udemy.com/course/3dmotive-creating-and-texturing-a-fantasy-shield-with-ddo/
Stylized Game Art: Character Sculpting for Video Games,2635964,Class Creatives,"Digital Character Sculpting, 3D Game Development, Character Modeling, Game Development Fundamentals, Game Development",3D & Animation,Intermediate,6.5 hours,4.1,54,463,"Rp149,000",11/2025,1,0,3,https://www.udemy.com/course/stylized-game-art-character-sculpting-for-video-games/
How To Rig A Character In Maya Autodesk,5374042,Dennis Jensen,"Autodesk Maya, 3D & Animation, Design",3D & Animation,Beginner,2 hours,5.0,1,9,"Rp279,000",1/2024,0,0,2,https://www.udemy.com/course/how-to-rig-a-character-in-maya-autodesk/
Learn to Make Realistic PBR Materials in Substance Designer,2271772,Abdelilah Hamdani,"3D Texturing, Photorealistic Rendering, Substance 3D Designer, 3D & Animation, Design",3D & Animation,Beginner,2.5 hours,4.4,88,675,"Rp149,000",2/2020,0,0,2,https://www.udemy.com/course/materialscreation/
NEW! Substance Painter All Levels Volume 1,2412686,Sean Fowler,"Substance Painter, Game Texturing, 3D Texturing, Unity, 3D & Animation",3D & Animation,All Levels,5.5 hours,4.5,571,3570,"Rp149,000",9/2020,0,0,11,https://www.udemy.com/course/learning-substance-painter-all-levels-volume-1-sci-fi-theme/
Unity Character Rigging And Animations,2710766,Edward Boateng,"Character Animation, Game Design, Character Rigging, 3D & Animation, Design",3D & Animation,Beginner,4 hours,5.0,1,81,"Rp149,000",4/2020,2,0,2,https://www.udemy.com/course/unity-character-rigging-and-animations/
Learn Blender 3D - The asset creation course V2,810870,Joe Baily,"Blender, 3D & Animation, Design",3D & Animation,Beginner,15.5 hours,4.2,14,154,"Rp149,000",9/2018,3,0,1,https://www.udemy.com/course/learn-blender-3d-the-asset-creation-course-v2/
3D Art Basics and Concepts for Absolute Complete Beginners,4789700,Rich Graysonn,"3D Modeling, 3D Sculpting, 3D & Animation, Design",3D & Animation,Beginner,6.5 hours,4.2,7,103,"Rp149,000",7/2022,1,0,0,https://www.udemy.com/course/3d-art-basics-and-concepts-for-absolute-complete-beginners/
Blender: Modeling Your First 3D Character,5245400,Eve Paints,"Blender, 3D Modeling, 3D & Animation, Design",3D & Animation,Beginner,4 hours,4.8,14,89,"Rp329,000",4/2023,0,0,2,https://www.udemy.com/course/blender-modeling-your-first-3d-character/
3D modelling from Scratch to Advance,4190468,Ishank Popli,"Blender, 3D Sculpting, 3D & Animation, Design",3D & Animation,Beginner,2 hours,4.2,7,22,"Rp149,000",8/2021,0,0,0,https://www.udemy.com/course/3d-modelling-from-scratch-to-advance/
Unreal Engine & SpeedTree Growth Animation,4172868,Luciano Júnior,"Unreal Engine, Game Development, Development",3D & Animation,All Levels,1.5 hours,3.6,9,145,"Rp149,000",7/2021,0,0,0,https://www.udemy.com/course/unreal-engine-speedtree-growth-animation/
Blender to Maya: A practical guide to transfer your skills,1269308,Bradley Wascher,"Autodesk Maya, Blender, 3D & Animation, Design",3D & Animation,All Levels,1.5 hours,4.4,29,140,"Rp149,000",7/2017,0,0,0,https://www.udemy.com/course/blender-to-maya-a-practical-guide-to-transfer-your-skills/
Sculpting CG Creatures in ZBrush: Cthulhu,390194,3dmotive LLC,"Creature Design, 3D Sculpting, zBrush, 3D & Animation, Design",3D & Animation,Expert,4.5 hours,4.6,78,806,"Rp149,000",9/2016,1,0,3,https://www.udemy.com/course/3dmotive-sculpting-cg-creatures-in-zbrush-cthulhu/
"Texturing and Baking Game Assets in ZBrush, xNormal and nDo",86622,3dmotive LLC,"zBrush, 3D Modeling, 3D Texturing, 3D Sculpting, Game Design",3D & Animation,All Levels,1 hour,4.2,18,271,"Rp149,000",9/2016,1,0,1,https://www.udemy.com/course/3dmotive-texturing-and-baking-game-assets-in-zbrush-xnormal-and-ndo/
Beginners Guide on how to create 2D Animations in After Effe,2354794,Dorin Achim,"2D Animation, Animation, Motion Graphics, Adobe After Effects, 3D & Animation",3D & Animation,Beginner,1 hour,4.8,7,43,"Rp149,000",5/2019,0,0,0,https://www.udemy.com/course/beginners-guide-on-how-to-create-2d-animations-in-after-effe/
