course_title,course_id,lecturer_name,related_topics,subject,level,durations,ratings,num_ratings,student,price,last_update,articles,exercise,downloadable_resources,url
The Complete Communication Skills Master Class for Life,1802404,TJ Walker,"Communication Skills, Communication, Business",Communication,All Levels,36.5 hours,4.5,34275,214235,"Rp169,000",1/2026,9,0,107,https://www.udemy.com/course/the-complete-communication-skills-master-class-for-life/
Communication Fundamentals: How To Communicate Better,1355610,"Life Progression Project, Dr. Lorraine Wiseman, PhD","Communication Skills, Business Communication, Communication, Business",Communication,All Levels,1.5 hours,4.5,144183,308556,"Rp159,000",3/2026,0,0,10,https://www.udemy.com/course/communication-fundamentals-how-to-communicate-better/
Effective Communication in the Workplace,1984246,Lecturio GmbH,"Business Communication, Communication Skills, Communication, Business",Communication,All Levels,3 hours,4.5,60945,108219,"Rp159,000",1/2024,0,0,14,https://www.udemy.com/course/effective-communication-in-the-workplace/
Foundations to Communication Mastery,4276608,Vinh Giang,"Public Speaking, Communication Skills, Presentation Skills, Personal Transformation, Personal Development",Communication,Beginner,2 hours,4.6,5325,18104,"Rp159,000",9/2021,0,0,0,https://www.udemy.com/course/foundations-to-communication-mastery/
"Communication Skills: Become Clear, Concise, Confident",2129860,Alex Lyon,"Communication Skills, Communication, Business",Communication,All Levels,1 hour,4.6,17804,41654,"Rp149,000",10/2019,0,0,0,https://www.udemy.com/course/clear-concise-confident/
Communication Skills: 11 Communication Courses In 1,4748530,"Expert Academy, Lahcen Bouya","Communication Skills, Communication, Business",Communication,All Levels,13.5 hours,4.5,2820,22918,"Rp149,000",4/2026,0,0,44,https://www.udemy.com/course/master-communication-skills/
Communication Skills : Mastering Communication,6525971,Levent Ertunalılar,"Communication Skills, Business Strategy, Business Communication, Presentation Skills, Communication",Communication,All Levels,8 hours,4.6,4092,10908,"Rp149,000",2/2026,2,0,0,https://www.udemy.com/course/communication-skills-mastering-communication/
Self Esteem & Social Skills Course for Anxious and Awkward,4860912,"Jimmy Naraine • Official Udemy Partner, Jimmy Naraine Support","Self-Esteem, Self Esteem & Confidence, Personal Development",Communication,Beginner,9.5 hours,4.8,1362,6391,"Rp149,000",11/2025,0,0,71,https://www.udemy.com/course/self-esteem-social-skills-course-for-anxious-and-awkward/
Master Business Communication & Leadership Skills,2745692,Jason Hurley,"Communication Skills, Business Etiquette, Career Development, Business Communication, Communication",Communication,All Levels,3.5 hours,4.8,638,12083,"Rp149,000",8/2025,0,0,13,https://www.udemy.com/course/business-communication-skills-eq-intelligent-interactions/
Effective Communication Skills for Workplace Career Growth,6994017,"Santhosh S, Kavitha Kavitha","Business Communication, Personal Branding, Personal Development, Assertiveness, Communication",Communication,Beginner,2 hours,4.8,53,133,"Rp149,000",2/2026,1,0,5,https://www.udemy.com/course/effective-communication-skills-for-workplace-career-growth/
Workplace Communication: You Can Speak Up at Meetings!,363274,TJ Walker,"Meetings, Communication Skills, Business Communication, Personal Brand Building, Personal Development",Communication,All Levels,34.5 hours,4.5,28788,102918,"Rp159,000",3/2025,10,0,105,https://www.udemy.com/course/how-to-speak-up-at-meetings/
Business Communication Skills: Business Writing & Grammar,2323470,Alex Genadinik,"Business Communication, Business Etiquette, Business Writing, Career Development, Personal Development",Communication,Beginner,19.5 hours,4.7,31735,120939,"Rp199,000",12/2025,0,0,182,https://www.udemy.com/course/professional-communication-and-business-writing/
COMMUNICATION SKILLS: Communication Course (COMPLETE 2026),7112465,COMMUNICATION SKILLS: Communication Course (COMPLETE 2026) Màyara Farche,"Communication Skills, Communication, Business",Communication,All Levels,7 hours,5.0,3,5,"Rp149,000",4/2026,0,0,3,https://www.udemy.com/course/communication-skills-communication/
4th Master in Coaching IM2-4 + CERTIFICATE,7065737,Mywebstudies,"Coaching, Fear, Communication Skills, Management, Business",Communication,All Levels,27 hours,4.4,N/A,1,"Rp149,000",2/2026,1,0,0,https://www.udemy.com/course/curso-online-7065737/
Communication Skills: Communicate Clearly Under Pressure,7080509,"Capt. Aaron Keith Hawkins, Ret.","Communication Skills, Business Communication, Communication, Business",Communication,All Levels,6 hours,4.5,.,2,"Rp149,000",3/2026,0,0,2,https://www.udemy.com/course/communication-skills-communicate-clearly-under-pressure/
Lead with Presence: Master Nonverbal Communication Power Now,6417903,Hooria A.,"Nonverbal Communication, Communication, Business",Communication,All Levels,1 hour,4.4,.,100,"Rp149,000",4/2026,1,0,0,https://www.udemy.com/course/lead-with-presence-master-nonverbal-communication-power-now/
Professional Communication for Managers & Leaders,7059181,"MTF Institute of Management, Technology and Finance","Communication Skills, Management Skills, Business Communication, Public Speaking, Management",Communication,All Levels,2.5 hours,5.0,7,115,"Rp149,000",4/2026,1,0,0,https://www.udemy.com/course/communication-training/
High-Stakes Leadership Communication: Crisis & Impact,7077055,"Srinivas A, Kavitha Kavitha","Crisis Management, Business Communication, Leadership, Management, Business",Communication,Intermediate,2.5 hours,4.9,N/A,N/A,"Rp149,000",3/2026,0,0,0,https://www.udemy.com/course/high-stakes-leadership-crisis-communication/
Optical Fiber Communication: Comprehensive Guide,7071811,Prof. Hitesh Dholakiya (CEO of Engineering Funda & Day Dream Software),"Engineering, Teaching & Academics",Communication,All Levels,21 hours,4.7,3,12,"Rp149,000",3/2026,0,0,22,https://www.udemy.com/course/optical-fiber-communication-comprehensive-guide/
Communication Skills Masterclass: Become a Better Speaker,6932165,Mind Stack,"Communication Skills, Communication, Business",Communication,All Levels,6.5 hours,4.8,38,1135,"Rp149,000",2/2026,0,0,0,https://www.udemy.com/course/communications-masterclass/
Assertive Communication Skills Masterclass,2343574,Kara Ronin,"Assertiveness, Business Communication, Communication Skills, Difficult Conversations, Communication",Communication,All Levels,3.5 hours,4.6,17739,54095,"Rp159,000",4/2026,3,0,14,https://www.udemy.com/course/assertive-communication-skills-masterclass/
Communication in Management & Leadership: Complete Guide,6778645,"CRFT Productions, Chris Croft","Communication Skills, Management Skills, Business Communication, Leadership, Communication",Communication,All Levels,3 hours,4.8,110,596,"Rp149,000",11/2025,0,0,9,https://www.udemy.com/course/communication-management/
"Communication, Leadership & Management - 3 in 1 Masterclass",3881744,Peter Alkema,"Communication Skills, Business Communication, Communication, Business",Communication,Beginner,56.5 hours,4.6,8079,36360,"Rp149,000",11/2025,7,0,606,https://www.udemy.com/course/high-impact-communication-skills/
COMMUNICATION SKILLS: Communication Course (COMPLETE),6831093,COMMUNICATION SKILLS: Communication Course (COMPLETE 2026) Màyara Farche,"Communication Skills, Communication, Business",Communication,All Levels,5.5 hours,4.5,117,289,"Rp149,000",1/2026,0,0,2,https://www.udemy.com/course/communication-skills-communication-course-complete/
"How to Present Your Thoughts Smoothly, Clearly & Powerfully",1322562,Michael Williams,"Presentation Skills, Public Speaking, Communication, Business",Communication,All Levels,4 hours,4.5,14447,43893,"Rp159,000",1/2025,1,0,23,https://www.udemy.com/course/how-to-present-your-thoughts-smoothly-clearly-powerfully/
Soft Skills Life Coach Certification (6-courses-in-1),6209999,"Joeel & Natalie of Transformation Services, Transformation Services","Soft Skills, Business Communication, Life Coach Training, Communication Skills, Communication",Communication,All Levels,12 hours,4.7,341,1708,"Rp159,000",3/2026,3,0,90,https://www.udemy.com/course/soft-skills-life-coach-certification-6-courses-in-1/
Business Communication Skills: Handling Clients & Customers,4787816,Viktoriya Maya,"Customer Service, Communication Skills, Soft Skills, Customer Success Management (CSM), Sales",Communication,All Levels,3 hours,4.5,17670,46849,"Rp149,000",3/2026,21,0,14,https://www.udemy.com/course/customer-service-soft-skills-training/
Leadership Communication Skills for Influence and Impact,1328594,"Kain Ramsay, Jason Cask","Leadership, Management Skills, Communication Skills, Personal Development",Communication,All Levels,6 hours,4.6,4412,15268,"Rp149,000",11/2021,6,0,42,https://www.udemy.com/course/communication-skills-for-leadership-and-management-influence/
"Soft Skills Masterclass - 7 in 1, Communication, Leadership",5092138,Salil Dhawan,"Soft Skills, Personal Development, Communication Skills, Personal Transformation",Communication,All Levels,31 hours,4.5,1765,7018,"Rp149,000",1/2026,0,0,5,https://www.udemy.com/course/soft-skills-masterclass/
Conflict Management with Emotional Intelligence,1173030,Robin Hills,"Emotional Intelligence, Conflict Management, Human Resources, Business",Communication,Intermediate,4 hours,4.6,20734,67959,"Rp159,000",2/2026,10,0,22,https://www.udemy.com/course/conflict-management-with-emotional-intelligence/
Communication Skills That Work,6615613,Ervin Zenelaj,"Leadership, Personal Development",Communication,Beginner,208 hours,4.8,14,60,"Rp149,000",5/2025,0,0,0,https://www.udemy.com/course/communication-skills-that-work/
Communication Skills for Beginners,1551970,TJ Walker,"Communication Skills, Communication, Business",Communication,Beginner,36.5 hours,4.5,8453,101389,"Rp149,000",1/2026,9,0,109,https://www.udemy.com/course/communication-skills-for-beginners-d/
Communication Skills for Professionals,2147672,Alex Lyon,"Communication Skills, Leadership, Communication, Business",Communication,All Levels,37 mins,4.6,17397,42808,"Rp149,000",1/2019,0,0,0,https://www.udemy.com/course/essential-communication-skills-for-professionals/
Certificate in Public Relations and Communication Management,5957212,"MTF Institute of Management, Technology and Finance","Public Relations, Marketing",Communication,All Levels,2.5 hours,4.2,958,21630,"Rp149,000",2/2025,20,0,8,https://www.udemy.com/course/certificate-in-public-relations-and-communication-management/
"Business Communication Skills: Speak, Write, and Influence",4992364,"Omni Academy 500,000+ students, Gustavo Farias 600.000+ Alunos, Mirko Perkusich, Ph.D., Omni Academy - Student Care & Support","Communication Skills, Communication, Business",Communication,Beginner,5 hours,4.6,1489,5930,"Rp159,000",5/2025,7,0,3,https://www.udemy.com/course/communication-skills-the-complete-guide-oral-written-body/
Communication Skills for the Global Workplace,4608718,Jamie Dixon,"Communication Skills, Communication, Business",Communication,Intermediate,6 hours,4.7,3211,8939,"Rp149,000",4/2022,0,0,20,https://www.udemy.com/course/communication-skills-for-the-global-workplace/
Effective Communication,5844908,Iain Smith,"Communication Skills, Personal Transformation, Personal Development",Communication,All Levels,3.5 hours,4.6,33,188,"Rp149,000",12/2024,0,0,0,https://www.udemy.com/course/effective-communication-iain/
Communication Skills Masterclass: A Blueprint for Home/Work,6198509,"Roger Kay Allen, Ph.D.","Communication Skills, Emotional Intelligence, Relationship Building, Leadership, Personal Development",Communication,All Levels,6 hours,4.8,694,3181,"Rp159,000",2/2026,1,0,55,https://www.udemy.com/course/communication-skills-masterclass-a-blueprint-for-homework/
Cross-Cultural Communication And Awareness In The Workplace,5718960,Alex Genadinik,"Cultural Awareness, Communication Skills, Communication, Business",Communication,All Levels,3 hours,4.6,2724,5367,"Rp149,000",3/2026,0,0,7,https://www.udemy.com/course/cross-cultural-communication/
A Complete Guide to Communication Skills and Social Success,627016,"Kain Ramsay, The School for Self-Improvement and Personal Growth, Academy of Applied Psychology","Communication Skills, Relationship Building, Social Skills, Influence, Personal Development",Communication,All Levels,16 hours,4.5,1340,9611,"Rp199,000",8/2025,3,0,53,https://www.udemy.com/course/communication-skills-become-a-superstar-communicator/
Communication Skills Masterclass - Your Communication Guide,4802352,"Peter Alkema, Salil Dhawan","Communication Skills, Business Communication, Communication, Business",Communication,All Levels,16 hours,4.6,2590,8348,"Rp149,000",1/2026,1,0,128,https://www.udemy.com/course/the-communication-masterclass/
Communication Skills: Acquire Effective Communication,5100742,Meritshot Academy,"Communication Skills, Personal Transformation, Personal Development",Communication,All Levels,5.5 hours,4.5,8017,58040,"Rp149,000",12/2025,0,0,1,https://www.udemy.com/course/communication-skills-acquire-effective-communication/
Business Communication Skills Foundations AI Enhanced Skills,6990741,"Bhanu Sri, Kavitha Kavitha","Business Communication, Artificial Intelligence (AI), Communication Skills, Generative AI (GenAI), Career Development",Communication,Intermediate,4 hours,4.8,41,121,"Rp149,000",2/2026,0,0,0,https://www.udemy.com/course/business-communication-skills-foundations-ai-enhanced-skills/
Advance Business Communication & Professional Skills,5347574,Human and Emotion: CHRMI,"Business Communication, Communication, Business",Communication,Intermediate,7 hours,3.9,199,3425,"Rp149,000",6/2023,12,0,49,https://www.udemy.com/course/advance-business-communication-professional-skills/
Communication Skills Fundamentals,5493560,Jamal Lazaar,"Communication Skills, Business Communication, Listening Skills, Communication, Business",Communication,All Levels,2 hours,4.6,3571,9910,"Rp149,000",2/2026,4,0,0,https://www.udemy.com/course/communication-skills-fundamentals/
Complete Presentation Skills Masterclass for Every Occasion,1689362,TJ Walker,"Presentation Skills, Influence, Personal Development",Communication,All Levels,36 hours,4.3,4099,58389,"Rp429,000",1/2026,12,0,157,https://www.udemy.com/course/complete-presentation-skills-masterclass-for-every-occasion/
Executive Communication Training,1985960,Lecturio GmbH,"Business Communication, Communication Skills, Communication, Business",Communication,All Levels,2 hours,4.6,1701,6153,"Rp149,000",10/2023,0,0,10,https://www.udemy.com/course/executive-communication-training/
The Complete Business Communication Masterclass,4246548,Irina Ketkin,"Communication Skills, Personal Productivity, Personal Development",Communication,Beginner,3 hours,4.6,8061,18340,"Rp149,000",2/2024,0,0,55,https://www.udemy.com/course/business-communication-course-irina-ketkin/
Master class in Corporate Communication,5735690,Human and Emotion: CHRMI,"Business Communication, Communication, Business",Communication,Intermediate,3.5 hours,3.7,104,1220,"Rp149,000",1/2024,3,0,0,https://www.udemy.com/course/master-class-in-corporate-communication/
Communication Skills: Communication Skills for Beginners,5510834,"Kritikka Tripathi, MBA, Certified Counsellor","Communication Skills, Business Communication, Storytelling, Communication, Business",Communication,Beginner,10 hours,4.4,1002,6337,"Rp149,000",9/2025,1,0,35,https://www.udemy.com/course/communication-skills-storytelling-communication-tips/
The Power of Deep Listening (Using Active Listening Skills),2751628,"Roger Kay Allen, Ph.D.","Relationship Building, Communication Skills, Listening Skills, Management Skills, Leadership",Communication,All Levels,4 hours,4.6,8030,24041,"Rp149,000",2/2026,11,0,16,https://www.udemy.com/course/the-power-of-deep-listening/
Communication for Technical Professionals,5706378,Chris Fenning,"Business Communication, Communication Skills, Communication, Business",Communication,All Levels,4 hours,4.5,1979,11905,"Rp159,000",12/2024,3,0,9,https://www.udemy.com/course/communication-for-technical-professionals/
Communication Skills For Success - In Business & In Life,4801158,"Advanced Ideas, Inc","Communication Skills, Business Communication, Public Speaking, Career Development, Personal Development",Communication,Intermediate,2 hours,4.6,180,20010,"Rp149,000",7/2022,0,0,0,https://www.udemy.com/course/communication-skills-business-success/
Assertiveness : Master Assertive Communication,6516569,Jamal Lazaar,"Assertiveness, Confidence, Communication Skills, Communication, Business",Communication,All Levels,2 hours,4.6,449,1790,"Rp149,000",2/2026,4,0,1,https://www.udemy.com/course/master-assertive-communication/
Smart Tips: Communication,2390192,Deborah Grayson Riegel,"Communication Skills, Presentation Skills, Difficult Conversations, Interpersonal Feedback, Communication",Communication,All Levels,3 hours,4.6,37588,97852,"Rp1,799,000",5/2025,0,0,35,https://www.udemy.com/course/communicatebrilliantly/
Business Communication for Leaders 2026,6870529,"Starweaver Experts, Paul Siegel, Andreas Loizou, Eric Zackrison, Julian Jenkins","Communication, Business",Communication,Intermediate,8 hours,4.5,12,515,"Rp149,000",4/2026,32,0,19,https://www.udemy.com/course/the-executive-communicator-leading-with-clarity/
The Art of Communications - Become A Master Communicator,408556,"Dr. Roy Naraine, Adam Naraine, Jimmy Naraine • Official Udemy Partner","Communication Skills, Communication, Business",Communication,All Levels,3 hours,4.6,17869,47487,"Rp149,000",7/2023,2,0,1,https://www.udemy.com/course/the-art-of-communications/
Strategic Public Relations (PR) and Communication Management,5696768,Dr. José Prabhu J,"Public Relations, Media, Business",Communication,All Levels,25 hours,4.0,519,11069,"Rp149,000",7/2025,0,0,0,https://www.udemy.com/course/strategic-public-relations-and-communication-management/
Communication & Social Behavior Master Class | ACCREDITED,3569827,"Sufani Garza, Place of Bliss Academy","Communication Skills, Conversation Skills, Social Skills, Personal Transformation, Personal Development",Communication,All Levels,2 hours,4.7,253,1405,"Rp149,000",8/2025,0,0,11,https://www.udemy.com/course/the-speak-easy-course-4-easy-steps-for-the-awkward-at-heart/
Workplace Communication: Effectively Deliver Criticism,363348,"TJ Walker, Media Training Worldwide Digital","Interpersonal Feedback, Communication Skills, Human Resources, Business",Communication,All Levels,31 hours,4.8,1843,39454,"Rp159,000",1/2026,9,0,5,https://www.udemy.com/course/how-to-deliver-criticism-in-the-workplace/
Mastering Workplace Communication Skills,6070249,Simon Sez IT,"Business Communication, Listening Skills, Nonverbal Communication, Communication Skills, Communication",Communication,All Levels,1 hour,4.5,1054,2820,"Rp149,000",12/2025,5,0,4,https://www.udemy.com/course/mastering-workplace-communication-skills/
Master Clear and Concise Communication for Professionals,6202173,"Julie Blint, Persefone Coaching","Communication Skills, Business Communication, Management Coaching, Business English, Communication",Communication,Expert,2 hours,4.4,59,2522,"Rp149,000",8/2025,0,0,40,https://www.udemy.com/course/clear-and-concise-communication-for-professionals/
Essential Workplace Communication and Team Management,6070251,Simon Sez IT,"Communication Skills, Business Communication, Influence Skills, Communication, Business",Communication,All Levels,42 mins,4.5,1236,3103,"Rp149,000",12/2025,5,0,4,https://www.udemy.com/course/essential-workplace-communication-and-team-management/
Complete Guide to Conflict Management in the Workplace,1389360,"Joeel & Natalie of Transformation Services, Transformation Services","Conflict Management, Communication, Business",Communication,All Levels,2 hours,4.5,15620,41092,"Rp149,000",3/2026,23,0,23,https://www.udemy.com/course/complete-guide-to-conflict-management-in-the-workplace/
Mastering Effective Communication,5907784,Terence Cronje,"Personal Transformation, Personal Development",Communication,All Levels,1.5 hours,4.6,439,2680,"Rp149,000",4/2024,0,0,0,https://www.udemy.com/course/mastering-effective-communication-m/
Remove Parasite Words & Filler Words From Speech And Writing,5445636,Alex Genadinik,"Communication Skills, Business Communication, Communication, Business",Communication,Beginner,1 hour,4.7,55,940,"Rp149,000",5/2025,0,0,2,https://www.udemy.com/course/remove-parasite-words/
Communication Skills: Art of Persuasive Communication,2881104,Alex Lyon,"Persuasion, Communication Skills, Communication, Business",Communication,Beginner,1.5 hours,4.6,105,1621,"Rp149,000",4/2020,0,0,4,https://www.udemy.com/course/the-art-of-persuasive-communication-for-beginners/
Master the Art of Nonviolent Communication (NVC),5805246,Erwin Tielemans,"Communication Skills, Personal Transformation, Personal Development",Communication,All Levels,2.5 hours,4.5,193,790,"Rp149,000",11/2024,0,0,6,https://www.udemy.com/course/mastering-connecting-communication/
Digital Communication Skills Masterclass,3757462,"Expert Academy, Lahcen Bouya","Communication Skills, Communication, Business",Communication,All Levels,1.5 hours,4.6,177,8590,"Rp149,000",4/2026,0,0,16,https://www.udemy.com/course/virtual-communication-masterclass/
The Complete Guide to Effective Communication Skills,5881650,Daniel K'Owuoche,"Communication Skills, Communication, Business",Communication,All Levels,16 hours,4.2,285,23871,"Rp149,000",10/2025,3,0,5,https://www.udemy.com/course/mini-course-on-effective-communications-skills/
Workplace Communication Mastery for Meetings & Feedback,6997267,"Srinivas A, Kavitha Kavitha","Communication Skills, Personal Development, Meetings, Communication, Business",Communication,Beginner,1.5 hours,5.0,20,24,"Rp149,000",1/2026,0,0,0,https://www.udemy.com/course/workplace-communication-mastery-for-meetings-feedback/
Conversation Skills Masterclass - Communication Skills,6256095,Salil Dhawan,"Conversation Skills, Difficult Conversations, Communication Skills, English Conversation, Personal Transformation",Communication,All Levels,3 hours,4.5,577,2313,"Rp149,000",1/2026,0,0,2,https://www.udemy.com/course/conversation-skill/
Assertiveness Basics: The 50-minute Communication Guide,792270,"Dr. Roy Naraine, Adam Naraine, Jimmy Naraine • Official Udemy Partner","Assertiveness, Communication Skills, Influence, Personal Development",Communication,All Levels,1.5 hours,4.6,21256,74428,"Rp149,000",3/2023,3,0,2,https://www.udemy.com/course/assertiveness-basics-the-30-minute-communication-guide/
Management Skills: Mastering the Art of Effective Management,6939555,Levent Ertunalılar,"Management Skills, Business Strategy, Business Fundamentals, Communication Skills, Management",Communication,All Levels,5 hours,4.8,400,1189,"Rp149,000",4/2026,2,0,0,https://www.udemy.com/course/management-skills-mastering-management/
Body Language In Business 3: Communication In Meetings,5966154,Expert Academy,"Body Language, Meetings, Nonverbal Communication, Communication Skills, Communication",Communication,All Levels,43 mins,5.0,1,47,"Rp149,000",5/2024,0,0,6,https://www.udemy.com/course/body-language-in-business-3-communication-in-meetings/
Effective Communication Essentials: A Training Program,5769498,Sonia Arora,"Body Language, Listening Skills, Writing, Communication, Business",Communication,Beginner,1 hour,4.7,12,24,"Rp149,000",3/2024,0,0,16,https://www.udemy.com/course/effective-communication-essentials-a-training-program/
Communication for life: how to be a better communicator,2971124,Liz Makin,"Communication Skills, Nonverbal Communication, Personal Transformation, Personal Development",Communication,All Levels,2 hours,4.2,182,640,"Rp149,000",11/2025,2,0,4,https://www.udemy.com/course/communication-for-life-how-to-be-a-better-communicator/
Effective Verbal Communication Skills for Professsionals,5908948,Alex Lyon,"Communication Skills, Communication, Business",Communication,All Levels,1 hour,4.6,86,1036,"Rp149,000",4/2024,0,0,1,https://www.udemy.com/course/effective-verbal-communication-skills/
"Improve Communication: Speak Smoothly, Clearly & Confidently",23972,Michael Williams,"Communication Skills, Communication, Business",Communication,All Levels,6 hours,4.4,1797,10647,"Rp149,000",1/2025,2,0,0,https://www.udemy.com/course/start-speaking-smoothly-fluently-clearly-confidently/
Communication Skills for Managers Every Leader Should Master,1397566,"Ramon Janssen, Management Mavericks","Management Skills, Communication Skills, Manager Training, Management Coaching, Management",Communication,All Levels,3 hours,4.7,4690,16760,"Rp159,000",3/2026,7,0,2,https://www.udemy.com/course/management-communication-skills/
Cross-Cultural Communication: How To Flex Your Style,1366348,"Life Progression Project, Dr. Lorraine Wiseman, PhD","Cultural Awareness, Communication Skills, Communication, Business",Communication,All Levels,1 hour,4.5,64378,105606,"Rp149,000",1/2026,0,0,7,https://www.udemy.com/course/cross-cultural-communication-how-to-flex-your-style/
Versatile Communication Skills - How to connect with people,1355882,Richard Lock,"Communication Skills, Communication, Business",Communication,All Levels,2.5 hours,4.6,881,3037,"Rp149,000",5/2025,2,0,2,https://www.udemy.com/course/versatile-communication-skills/
Active Listening: The Key to Professional Communication 2026,6430925,"Starweaver Experts, Paul Siegel, Eric Zackrison","Communication, Business",Communication,Intermediate,4 hours,4.9,12,1951,"Rp149,000",4/2026,10,0,5,https://www.udemy.com/course/advanced-active-listening-skills-for-global-professionals/
Communicating to Drive Change - Communication Business Skill,338834,"TJ Walker, Media Training Worldwide Digital, Bob Berkowitz","Media Training, Personal Branding, Communication, Business",Communication,All Levels,7.5 hours,4.4,586,19316,"Rp149,000",1/2026,8,0,101,https://www.udemy.com/course/personal-media-training/
Assertiveness Training For Improved Assertive Communication,2488704,Alex Genadinik,"Assertiveness, Self Esteem & Confidence, Personal Development",Communication,Beginner,3.5 hours,4.3,1158,23234,"Rp149,000",6/2025,0,0,17,https://www.udemy.com/course/assertveness-training/
Master Personal Professional Communication IM11+ CERTIFICATE,6852967,Mywebstudies,"Communication Skills, Media Training, Business Communication, Public Speaking, Influence",Communication,All Levels,46.5 hours,4.6,6,26,"Rp149,000",2/2026,1,0,0,https://www.udemy.com/course/curso-online-6852967/
Workplace Communication Skills Part 2,6254161,Hains Academy,"Business Communication, Communication, Business",Communication,All Levels,1.5 hours,5.0,1,868,"Rp149,000",10/2024,0,0,0,https://www.udemy.com/course/workplace-communication-skills-part-2/
"Winning Communication Skills for Telephone, Conference Calls",1564762,"TJ Walker, Media Training Worldwide Digital","Communication Skills, Workplace Design, Communication, Business",Communication,All Levels,33.5 hours,4.0,2947,59883,"Rp149,000",1/2026,8,0,105,https://www.udemy.com/course/telephone-conference-calls-workplace-communication-skills/
Interpersonal Skills Mastery - Conflict & Communication,3544074,Vyas Professional Development Institute (VPDI),"Interpersonal Feedback, Relationship Building, Communication Skills, Social Skills, Parenting & Relationships",Communication,All Levels,15 hours,4.2,52,3726,"Rp149,000",3/2026,0,0,5,https://www.udemy.com/course/interpersonal-skills-complete-basic-to-advance-course-aman-varma/
Technical Communication And Soft Skills For Engineers,5720130,Alex Genadinik,"Communication Skills, Communication, Business",Communication,All Levels,3 hours,4.5,1272,3268,"Rp149,000",3/2026,0,0,5,https://www.udemy.com/course/technical-communication-for-engineers/
NLP communication techniques,4690606,Jamal Lazaar,"Neuro-Linguistic Programming (NLP), Communication, Business",Communication,All Levels,1 hour,4.5,1399,6290,"Rp149,000",2/2026,12,0,3,https://www.udemy.com/course/nlp-communication-techniques/
Personal Communication-Introduce Yourself With Confidence,351142,"TJ Walker, Media Training Worldwide Digital","Communication Skills, Personal Branding, Confidence, Personal Brand Building, Personal Development",Communication,All Levels,1 hour,4.4,605,50570,"Rp149,000",1/2026,7,0,3,https://www.udemy.com/course/how-to-introduce-yourself/
Communication and Conflict Management Mastercourse,6515675,Peacemakers Consulting Services,"Communication Skills, Conflict Management, Communication, Business",Communication,All Levels,6 hours,4.5,257,891,"Rp149,000",1/2026,0,0,2,https://www.udemy.com/course/communication-and-conflict-management-mastercourse/
Effective Communication: 7 Tools to Communicate Tactfully,106734,Michael Williams,"Communication Skills, Communication, Business",Communication,All Levels,2 hours,4.5,167,736,"Rp149,000",1/2025,0,0,0,https://www.udemy.com/course/effective-communication-7-tools-to-communicate-tactfully/
Teamwork and Communication Mastery,6524631,Simon Sez IT,"Communication Skills, Team Building, Communication, Business",Communication,Beginner,38 mins,4.8,5,16,"Rp149,000",4/2025,4,0,3,https://www.udemy.com/course/teamwork-and-communication-mastery/
Assertive Communication: Conflict Management and Feedback,3990202,Soufiane El Alaoui,"Communication Skills, Influence, Personal Development",Communication,All Levels,3.5 hours,4.5,360,1601,"Rp149,000",3/2026,10,0,9,https://www.udemy.com/course/guidelines-for-effective-communication/
Persuasive Communication Skills,2641028,Eric Yeboah,"Communication Skills, Communication, Business",Communication,All Levels,1.5 hours,4.3,15,30,"Rp149,000",7/2025,0,0,0,https://www.udemy.com/course/persuasive-communication/
The Complete Nonverbal Communication Course - Body Language,3196780,"TJ Walker, Media Training Worldwide Digital, Peter Alkema","Nonverbal Communication, Body Language, Confidence, Self-Esteem, Parenting & Relationships",Communication,All Levels,4 hours,4.5,498,65419,"Rp149,000",1/2026,5,0,25,https://www.udemy.com/course/the-complete-nonverbal-communication-course-body-language/
Business Communication at Work,6229359,Viktoriya Maya,"Emotional Intelligence, Customer Service, Soft Skills, Communication, Business",Communication,All Levels,2 hours,4.4,25,1138,"Rp149,000",4/2026,38,0,0,https://www.udemy.com/course/empathy-in-customer-service/
The Secrets of Confidence and Communication,2441138,TJ Guttormsen,"Confidence, Self Esteem & Confidence, Personal Development",Communication,All Levels,3.5 hours,4.7,619,3356,"Rp149,000",2/2025,1,0,1,https://www.udemy.com/course/confidence-and-communication/
Effective Communication,6884397,"Olu Kolawole, Peculiar Ibhawoh","Communication Skills, Email Writing and Etiquette, Nonverbal Communication, Business Communication, Other Personal Development",Communication,All Levels,2 hours,4.8,67,1777,"Rp149,000",10/2025,0,0,0,https://www.udemy.com/course/effective-communication-org/
Develop Amazing Social Skills & Connect With People,1327004,Alain W.,"Social Skills, Communication, Business",Communication,All Levels,6.5 hours,4.5,8024,36521,"Rp149,000",2/2026,0,0,2,https://www.udemy.com/course/powerful-social-skills/
Effective Interpersonal Communication Skills,6679475,Alex Lyon,"Communication, Business",Communication,All Levels,1 hour,4.6,17,173,"Rp149,000",6/2025,0,0,0,https://www.udemy.com/course/effective-interpersonal-communication-skills/
Write Better Emails: Tactics for Smarter Team Communication,946654,Hassan Osman,"Communication Skills, Writing, Email Writing and Etiquette, Communication, Business",Communication,All Levels,1.5 hours,4.6,99465,279206,"Rp149,000",3/2025,1,0,0,https://www.udemy.com/course/write-better-emails/
Email Etiquette And Professional Business Email Writing,4889100,Alex Genadinik,"Email Writing and Etiquette, Communication, Business",Communication,Beginner,4.5 hours,4.5,5948,17080,"Rp149,000",3/2025,0,0,18,https://www.udemy.com/course/business-email-writing/
Assertive Communication: Complete Course Collection,5225690,"Lucia Grosaru, M.A. Psy.","Assertiveness, Communication Skills, Confidence, Social Skills, Personal Transformation",Communication,All Levels,10 hours,4.5,88,3264,"Rp149,000",7/2025,0,0,0,https://www.udemy.com/course/assertive-communication-collection/
Strategic Communication: Foundations of Influence and Impact,6129311,YouAccel Training,"Business Communication, Business Strategy, Communication, Business",Communication,All Levels,2.5 hours,3.9,14,2455,"Rp149,000",10/2024,1,0,9,https://www.udemy.com/course/strategic-communication-foundations-of-influence-and-impact/
Gain Practical Communication Skills with this Complete Guide,4637356,"Jimmy Naraine • Official Udemy Partner, Jimmy Naraine Support","Communication Skills, Business Communication, Communication, Business",Communication,All Levels,4.5 hours,4.4,513,2325,"Rp159,000",10/2025,0,0,54,https://www.udemy.com/course/the-complete-communication-skills-masterclass-a-z-blueprint/
"SPEAK ENGLISH- ENGLISH Speaking, Communication in Hindi",6691533,Nishaant Shukla,"English Language, Communication Skills, Language Learning, Teaching & Academics",Communication,All Levels,11 hours,4.1,164,2739,"Rp169,000",12/2025,0,0,1,https://www.udemy.com/course/communication-skills-storytelling-english-for-beginners/
BODY LANGUAGE: Communication for Leaders,6825555,COMMUNICATION SKILLS: Communication Course (COMPLETE 2026) Màyara Farche,"Body Language, Nonverbal Communication, Communication, Business",Communication,All Levels,1.5 hours,4.7,101,187,"Rp149,000",9/2025,0,0,1,https://www.udemy.com/course/body-language-and-non-verbal-communication-for-leaders-b/
2026 Master Business communication with writing skills,6041282,"HeartbeatsZ Academy, UK","Business Communication, Email Writing and Etiquette, Business Etiquette, English Writing, Personal Productivity",Communication,All Levels,4 hours,5.0,3,10,"Rp149,000",2/2026,0,0,0,https://www.udemy.com/course/master-business-communication-including-writing-skills/
Effective Communication Skills - Master Your Communication,2069393,ZandaX Training,"Communication Skills, Personal Transformation, Personal Development",Communication,All Levels,2.5 hours,4.0,439,14258,"Rp149,000",1/2024,0,0,1,https://www.udemy.com/course/effective-essential-communication-skills/
"China’s Best Communication Skills, Rooted in Human Nature",6574641,Wonder Orient,"Communication Skills, Personal Development, Business Communication, Psychology, Communication",Communication,All Levels,3 hours,4.9,320,1725,"Rp149,000",4/2025,0,0,0,https://www.udemy.com/course/top-communication-skills-coursestart-learning-from-zero/
Persuasion: Mastering the Art of Influential Communication,5989824,Magine Solutions Team,"Persuasion, Business Communication, Soft Skills, Communication Skills, Communication",Communication,All Levels,40 mins,4.5,520,4561,"Rp149,000",6/2024,0,0,0,https://www.udemy.com/course/persuasion-mastery-/
Winning With Communication - Master Communication Skills,1954834,"Prof. Paul Cline, Ed.D, Sandor Kiss","Communication Skills, Career Development, Personal Development",Communication,All Levels,2 hours,4.5,574,55955,"Rp149,000",2/2023,1,0,0,https://www.udemy.com/course/communication-skills-class-course-training/
Storytelling/Narratives for Impactful Business Communication,3551996,"Sivakami S ; MBA ; Leadership Science, Psychology","Communication Skills, Leadership, Storytelling, Personal Development",Communication,All Levels,1.5 hours,4.6,2420,7341,"Rp149,000",2/2026,5,0,11,https://www.udemy.com/course/storytelling-for-success-the-science-power-of-narrative/
PMP - Project Communications Management,5056734,"Peter Alkema, Quentin Ballard-Tremeer","PMI Project Management Professional (PMP), Communication Skills, Project Management, Business",Communication,All Levels,4 hours,4.5,3,183,"Rp149,000",8/2024,0,0,0,https://www.udemy.com/course/pmp-project-communications-management/
Business Email Writing: Communication Skills for Work,3449418,Viktoriya Maya,"Email Writing and Etiquette, Communication, Business",Communication,All Levels,4.5 hours,4.5,3418,26398,"Rp149,000",1/2026,4,0,46,https://www.udemy.com/course/email-writing-course-business-communication/
Mastering the Effective Workplace Communication,6090617,ATMASUTRA INSTITUTE OF CAREER DEVELOPMENT AND TRAINING (AICDT),"Personal Development, Communication Skills, Other Personal Development",Communication,Intermediate,1.5 hours,4.9,20,345,"Rp149,000",11/2025,4,0,11,https://www.udemy.com/course/mastering-the-effective-workplace-communication/
Project Management: Soft Skills for Project Managers,6042744,"Chris Croft, CRFT Productions","Project Management, Business Fundamentals, Soft Skills, Business",Communication,All Levels,2.5 hours,4.6,487,1823,"Rp149,000",12/2025,0,0,22,https://www.udemy.com/course/project-management-applied-soft-skills-for-managers/
Communication Skills: Personality and Behaviour in Business,1585738,Robin Hills,"Emotional Intelligence, Leadership, Social Psychology, Business Fundamentals, Human Resources",Communication,Intermediate,3 hours,4.5,9520,27657,"Rp149,000",2/2026,7,0,12,https://www.udemy.com/course/behaviour-in-business/
"Project Management, Business Leadership Communication Skills",5700322,"LearnersCare LLC, Iftekar Shoeb, SAAN TRADING INC","Project Management, Business Communication, Communication Skills, Leadership, Management",Communication,All Levels,18 hours,4.4,58,2476,"Rp149,000",5/2025,103,0,486,https://www.udemy.com/course/mastering-business-leadership-project-management-essentials/
Authentic Assertiveness: Next level communication skills.,3060534,TJ Guttormsen,"Communication Skills, Personal Transformation, Personal Development",Communication,All Levels,3.5 hours,4.6,680,3061,"Rp149,000",11/2020,1,0,6,https://www.udemy.com/course/assertiveness/
Effective Nonverbal Communication Skills for Professionals,6225079,Alex Lyon,"Communication, Business",Communication,All Levels,42 mins,4.5,15,386,"Rp149,000",10/2024,0,0,1,https://www.udemy.com/course/effective-nonverbal-communication-skills-for-professionals/
The Complete Communication Toolkit for IT and Tech Pros,6626801,"Codestars • over 2.5 million students worldwide!, Silvia Wright-Davies","Communication Skills, Communication, Business",Communication,Beginner,4.5 hours,5.0,6,23,"Rp149,000",3/2026,4,0,8,https://www.udemy.com/course/confident-workplace-communication/
Communication Skills For Confident Public Speaking,5832764,Magine Solutions Team,"Public Speaking, Nonverbal Communication, Business Communication, Communication Skills, Communication",Communication,All Levels,39 mins,4.6,1526,4217,"Rp159,000",9/2025,0,0,0,https://www.udemy.com/course/public-speaking-communication-skills/
Cross-cultural Communication and Cultural Intelligence 2.0,5819902,Dr. José Prabhu J,"Business Communication, Communication, Business",Communication,All Levels,1.5 hours,4.4,37,5627,"Rp149,000",6/2025,0,0,0,https://www.udemy.com/course/cross-cultural-communication-and-cultural-intelligence/
Communication Skills Machine: Master Persuasion & Influence,1782908,Patrick Dang,"Communication Skills, Persuasion, Influence Skills, Assertiveness, Influence",Communication,All Levels,2.5 hours,4.2,10290,29204,"Rp149,000",8/2021,0,0,7,https://www.udemy.com/course/communicationskillsmachine/
Modern Business Communication Skills & Etiquette – From A-Z,1902782,MindMekka ®,"Business Communication, Business Writing, Communication Skills, Email Writing and Etiquette, Communication",Communication,All Levels,36 mins,4.3,34,297,"Rp149,000",7/2024,1,0,3,https://www.udemy.com/course/business-communication-skills/
The Art of Business Communication - Excel at Your Work Place,4438332,Rajesh C R (Productivity Coach),"Business Communication, Communication, Business",Communication,All Levels,3.5 hours,4.2,3,1016,"Rp149,000",6/2023,0,0,1,https://www.udemy.com/course/the-art-of-business-communication-rcr/
Business Etiquette: Workplace Communication & Behavior,6515819,Edukite Online,"Business Etiquette, Business Communication, Communication, Business",Communication,Beginner,2 hours,4.6,19,52,"Rp149,000",1/2026,0,0,0,https://www.udemy.com/course/business-etiquette-workplace-communication-behavior/
Meeting Communication Skills: Consensus & Persuasion,6433647,"Julie Blint, Persefone Coaching","Meetings, Business Proposal, Business Communication, Conflict Management, Communication",Communication,All Levels,1.5 hours,4.6,8,1010,"Rp149,000",8/2025,0,0,50,https://www.udemy.com/course/business-communication-mastery-in-meetings/
Business Communication Skills,3800882,Ross Maynard,"Communication Skills, Communication, Business",Communication,All Levels,1.5 hours,4.6,85,832,"Rp149,000",1/2021,0,0,0,https://www.udemy.com/course/business-communication-skills-g/
Master Technical Communication for Engineers,6621061,ISO Horizon,"Data Visualization, Engineering, Teaching & Academics",Communication,All Levels,5.5 hours,5.0,5,17,"Rp149,000",3/2026,0,0,0,https://www.udemy.com/course/master-technical-communication-for-engineers/
Communicate with Impact: Mastering Effective Communication,5435254,Andy Woynarowski,"Communication Skills, Public Speaking, Emotional Intelligence, Presentation Skills, Communication",Communication,All Levels,4 hours,4.3,43,157,"Rp149,000",7/2023,0,0,0,https://www.udemy.com/course/communicate-with-impact-mastering-effective-communication/
Difficult conversations: the complete guide,4668592,Jamal Lazaar,"Difficult Conversations, Communication Skills, Leadership, Communication, Business",Communication,All Levels,1 hour,4.3,3837,12038,"Rp149,000",2/2026,9,0,0,https://www.udemy.com/course/difficult-conversations-the-complete-guide/
Certified Cross-Cultural Communicator: Global Teams [EN],6593255,PapaHR ⇢ 1.6M+ Enrollments • 500+ HR Courses • 30 Languages AI in HR | Analytics | Talent | Comp&Ben | HRCI | SHRM-CP | PHRi,"International Relations, Human Resources, Business",Communication,All Levels,3 hours,4.7,27,6810,"Rp149,000",3/2026,1,0,8,https://www.udemy.com/course/mastering-cross-cultural-communication-in-global-teams/
Mastering Effective Communication,1347426,"Skill Boosters, Barry Winbolt","Communication Skills, Management, Business",Communication,All Levels,1 hour,4.3,2214,6534,"Rp149,000",9/2022,0,0,7,https://www.udemy.com/course/mastering-effective-communication/
Business English: Boost Your Communication Skills,4818056,My Teacher Academy,"Business English, English Conversation, Language Learning, Teaching & Academics",Communication,All Levels,6 hours,4.5,614,9307,"Rp149,000",1/2026,2,0,4,https://www.udemy.com/course/full-business-english-course-z/
Difficult Conversations: Master Difficult Conversations,1379522,"Life Progression Project, Dr. Lorraine Wiseman, PhD","Difficult Conversations, Other Personal Development, Personal Development",Communication,All Levels,1 hour,4.6,15341,38824,"Rp149,000",1/2026,0,0,8,https://www.udemy.com/course/difficult-conversations-master-difficult-conversations/
Master Leadership And Communication In Project Management,6398791,Expert Academy,"Project Management, Leadership, Communication Skills, Project Planning, Business",Communication,All Levels,1 hour,4.6,5,19,"Rp149,000",2/2025,1,0,6,https://www.udemy.com/course/master-leadership-and-communication-in-project-management/
"Master Life Skills: Communication, Soft Skills & Leadership",6286831,Study At Home,"Personal Development, Communication Skills, Personal Transformation",Communication,All Levels,9 hours,4.2,35,1064,"Rp149,000",11/2024,0,0,1,https://www.udemy.com/course/master-life-skills-communication-soft-skills-leadership/
Body Language/Non-Verbal Communication For Business,5867364,Dr. Amar Massoud,"Body Language, Communication, Business",Communication,All Levels,2 hours,4.6,16,2171,"Rp149,000",3/2026,1,0,0,https://www.udemy.com/course/body-languagenon-verbal-communication-for-business/
How to Meet & Present to an Executive: The Complete Playbook,7003123,PracticalGrowth Inc.,"Presentation Skills, Communication, Business",Communication,All Levels,1.5 hours,5.0,1,5,"Rp149,000",3/2026,0,0,28,https://www.udemy.com/course/how-to-meet-present-to-an-executive-the-complete-playbook/
Effective Communication,5680560,"Gordon MacArdle, Nancy Mouton","Communication Skills, Self Esteem & Confidence, Personal Development",Communication,All Levels,1 hour,4.7,109,3639,"Rp149,000",6/2025,0,0,3,https://www.udemy.com/course/effective-communication-mastery/
Artificial Intelligence & Communication: 2026 & Beyond,6966509,Peter Alkema,"Artificial Intelligence (AI), Management Skills, Communication Skills, Leadership, Communication",Communication,All Levels,6 hours,4.2,8,1032,"Rp149,000",12/2025,3,0,107,https://www.udemy.com/course/artificial-intelligence-communication-beyond/
"Master Business Writing, Emails & Professional Communication",5265178,Jason Hurley,"Email Writing and Etiquette, Email Productivity Hacks, Communication, Business",Communication,All Levels,3 hours,4.5,6069,12225,"Rp149,000",1/2025,0,0,3,https://www.udemy.com/course/writing-skills-email-etiquette/
Instant Communication Skills Course,540400,The INSTANT-Series,"Communication Skills, Communication, Business",Communication,Beginner,31 mins,3.7,48,348,"Rp149,000",11/2015,0,0,0,https://www.udemy.com/course/instant-communication-skills/
Workplace Communication: Business Presentations Pro Skills!,77652,Jason Teteak,"Presentation Skills, Investor Pitching, Business Fundamentals, Business Strategy, Communication",Communication,All Levels,2 hours,4.5,3314,11576,"Rp149,000",11/2024,8,0,8,https://www.udemy.com/course/deliver-money-making-presentations-put-power-in-your-pitch/
English Skills And Communication For Managers And Leaders,6246309,Alex Genadinik,"Business Communication, Leadership, Communication Skills, Other Teaching & Academics, Teaching & Academics",Communication,All Levels,4 hours,4.5,371,1730,"Rp149,000",3/2026,0,0,4,https://www.udemy.com/course/english-for-managers-and-leaders/
Master Storytelling for Business Communication Success,5706138,"Omni Academy 500,000+ students, Mirko Perkusich, Ph.D., Letícia de Sousa Coelho, Omni Academy - Student Care & Support","Communication Skills, Communication, Business",Communication,All Levels,1 hour,4.4,728,2786,"Rp149,000",8/2025,1,0,2,https://www.udemy.com/course/the-complete-guide-for-storytelling-for-business/
The AI-Powered Business Writing & Communication Guide,6876055,Emmanuel Essien,"Business Writing, Other Office Productivity, Office Productivity",Communication,All Levels,1.5 hours,5.0,124,160,"Rp149,000",10/2025,0,0,0,https://www.udemy.com/course/the-ai-powered-business-writing-communication-guide/
Principles of Effective Communication,5138840,Baba Oyewole,"Communication Skills, Career Development, Personal Development",Communication,All Levels,1.5 hours,4.1,173,16612,"Rp149,000",1/2024,0,0,0,https://www.udemy.com/course/principles-of-effective-communication/
Conflict Management and Communication Skills,4978974,Mihai Alexandru Gafar,"Communication Skills, Leadership, Conflict Management, Communication, Business",Communication,All Levels,2 hours,4.4,796,3214,"Rp149,000",3/2025,0,0,8,https://www.udemy.com/course/mastering-conflict-management-and-effective-communication/
Emotional Intelligence: Everyday Empathy at Work,5288518,Robin Hills,"Empathy, Emotional Intelligence, Communication, Business",Communication,All Levels,2 hours,4.5,1544,3946,"Rp149,000",3/2026,5,0,4,https://www.udemy.com/course/emotional-intelligence-empathy/
Master Active Listening: Professional Communication Skills,6247869,"Julie Blint, Persefone Coaching","Listening Skills, Business Communication, Emotional Intelligence, Communication Skills, Communication",Communication,All Levels,2 hours,4.3,13,2099,"Rp149,000",9/2025,0,0,26,https://www.udemy.com/course/master-active-listening/
Learning ways to improve your Communication Skills Now,4362206,Hyndavi Ratnavali,"Communication Skills, Soft Skills, Career Development, Personal Development",Communication,All Levels,36 mins,4.2,23,2014,"Rp149,000",9/2023,0,0,0,https://www.udemy.com/course/learning-ways-to-improve-your-communication-skills/
Presentation Skills : The Complete Guide,4518120,Jamal Lazaar,"Presentation Skills, Communication Skills, Public Speaking, Communication, Business",Communication,All Levels,1.5 hours,4.6,4168,16887,"Rp149,000",2/2026,13,0,2,https://www.udemy.com/course/presentation-skills-the-complete-guide/
Cross-Cultural Leadership Mastery for Global Teams,6238523,Alin Marin,"Cultural Awareness, Communication Skills, Communication, Business",Communication,All Levels,2.5 hours,5.0,113,2304,"Rp149,000",2/2026,0,0,6,https://www.udemy.com/course/bridging-cultural-differences/
Non-verbal communication and body language for business,5042574,"Alex Genadinik, Israel Irenstein","Nonverbal Communication, Body Language, Communication, Business",Communication,Beginner,2 hours,4.6,2092,7843,"Rp149,000",4/2026,0,0,0,https://www.udemy.com/course/non-verbal-communication-and-body-language-for-business/
Assertive Communication: Build The Independent You,1188382,"Lucia Grosaru, M.A. Psy.","Assertiveness, Communication Skills, Personal Transformation, Personal Development",Communication,All Levels,4 hours,4.6,142,4776,"Rp149,000",7/2025,0,0,1,https://www.udemy.com/course/assertive-communication-build-the-independent-you/
Assertive communication skills,5365364,Nazia Shaheen Ansari,"Other Personal Development, Personal Development",Communication,All Levels,44 mins,4.8,41,1156,"Rp149,000",2/2024,0,0,21,https://www.udemy.com/course/assertive-communication-skills-g/
COMPLETE PUBLIC SPEAKING & COMMUNICATION SKILLS MASTER CLASS,2908688,GB Voice Academy,"Communication Skills, Interviewing Skills, Career Development, Personal Development",Communication,All Levels,1.5 hours,4.6,507,1960,"Rp149,000",10/2020,0,0,0,https://www.udemy.com/course/complete-communication-master-class/
Active Listening - The Complete Guide,4959228,Jamal Lazaar,"Listening Skills, Communication Skills, Influence Skills, Personal Transformation, Personal Development",Communication,All Levels,1.5 hours,4.6,5870,15217,"Rp149,000",2/2026,7,0,0,https://www.udemy.com/course/active-listening-the-complete-guide/
Body Language & Non-Verbal Communication Mastery for Leaders,5301666,GenZed Learning,"Body Language, Nonverbal Communication, Communication, Business",Communication,All Levels,2.5 hours,4.3,38,5068,"Rp149,000",5/2023,2,0,1,https://www.udemy.com/course/body-language-non-verbal-communication-mastery-for-leaders/
Communication Skills in the AI Era: 2026 Leadership Mastery,7045835,Bich Hoang,"Communication Skills, Leadership, Personal Development",Communication,All Levels,2.5 hours,4.6,51,331,"Rp149,000",4/2026,1,0,22,https://www.udemy.com/course/impactfulcommunicationskills/
Assertiveness: Assertive Communication & Social Skills,1347644,Alain W.,"Assertiveness, Communication Skills, Influence, Personal Development",Communication,All Levels,4.5 hours,4.5,1564,27351,"Rp149,000",2/2026,0,0,6,https://www.udemy.com/course/double-your-communication-assertiveness-30-minute-guide/
Business Communication Crash Course,932056,Eleventure Team,"Business Communication, Communication Skills, Business Fundamentals, Business Strategy, Communication",Communication,All Levels,2 hours,4.0,9,50,"Rp149,000",8/2016,0,0,12,https://www.udemy.com/course/business-communication-crash-course/
Online Authentic and Effective Communication,3736648,Hassan Ghiassi,"Communication Skills, Video Conferencing, Communication, Business",Communication,All Levels,2 hours,4.4,102,9255,"Rp149,000",12/2022,1,0,4,https://www.udemy.com/course/online-effective-communication-skills/
Learn Online Workshops PLUS AI & Communication Insights,3249386,Peter Alkema,"Facilitation, Business Strategy, Business",Communication,Beginner,13 hours,4.6,2484,6918,"Rp149,000",12/2024,7,0,16,https://www.udemy.com/course/online-workshop-facilitation/
Body Language and Leadership,5959920,Héctor Peña • Official Udemy Partner,"Body Language, Leadership, Nonverbal Communication, Communication Skills, Communication",Communication,All Levels,3 hours,4.5,1704,4349,"Rp149,000",12/2025,1,0,17,https://www.udemy.com/course/leadership-and-body-language/
Mass Communication Foundations: Explore Media and Its Impact,6337787,EDUCBA Bridging the Gap,"Business Communication, Paid Advertising, Marketing",Communication,All Levels,1.5 hours,4.7,4,180,"Rp149,000",12/2024,0,0,0,https://www.udemy.com/course/mass-communication-foundations-explore-media-and-its-impact/
Technical Communication for Engineers: Fundamentals!!,6467761,Mana Dowlatshahi Yeganeh,"Communication Skills, Business Strategy, Business Communication, Technical Writing, Communication",Communication,All Levels,16 hours,4.6,9,338,"Rp149,000",4/2026,7,0,0,https://www.udemy.com/course/technical-communication-for-engineers-fundamentals/
Solid Foundations in Intercultural Communication,1769536,Bastian Küntzel,"Cultural Awareness, Communication Skills, Communication, Business",Communication,All Levels,2 hours,4.5,12122,24049,"Rp149,000",1/2024,0,0,5,https://www.udemy.com/course/solid-foundations-in-intercultural-communication/
Persuasion in Business Communication and Executive Presence,3414720,Vasco Patrício,"Business Communication, Communication Skills, Leadership, Talent Management, Management",Communication,All Levels,12 hours,4.6,462,3900,"Rp149,000",1/2026,1,0,10,https://www.udemy.com/course/executive-influence/
Communication and Leadership,6477495,Héctor Peña • Official Udemy Partner,"Communication Skills, Conflict Management, Leadership, Conversation Skills, Communication",Communication,All Levels,4.5 hours,4.5,183,1082,"Rp149,000",12/2025,1,0,27,https://www.udemy.com/course/positive-communication/
Manager's Guide to Difficult Conversations,1336300,"Joeel & Natalie of Transformation Services, Transformation Services","Difficult Conversations, Communication Skills, Management, Business",Communication,All Levels,1 hour,4.4,4495,15365,"Rp149,000",3/2026,13,0,12,https://www.udemy.com/course/managers-guide-to-difficult-conversations/
The AI-Powered Business Communication Masterclass,6882739,Emmanuel Essien,"Business Communication, Communication, Business",Communication,All Levels,1.5 hours,5.0,136,168,"Rp149,000",10/2025,0,0,0,https://www.udemy.com/course/the-ai-powered-business-communication-masterclass/
Effective Persuasive Communication for Professionals,6463513,Alex Lyon,"Communication Skills, Communication, Business",Communication,All Levels,1 hour,4.6,24,634,"Rp149,000",6/2025,0,0,1,https://www.udemy.com/course/effective-persuasive-communication-for-professionals/
"Leadership: Communication, a Core Skill for Effective Impact",4586426,"Robert Brown, Ph.D.","Communication Skills, Communication, Business",Communication,All Levels,3.5 hours,4.7,13,39,"Rp149,000",9/2025,0,0,7,https://www.udemy.com/course/communicating-for-impact-in-business-everyday-life/
Master Course in Business Communication 2.0,5119602,Dr. José Prabhu J,"Business Communication, Communication Skills, Nonverbal Communication, Communication, Business",Communication,All Levels,2 hours,4.1,224,19462,"Rp149,000",7/2025,0,0,0,https://www.udemy.com/course/business-communication-nonverbal-business-english-communication-skills/
The Ultimate Business Communication Course,1315870,Paulo Vieira Braga,"Business Communication, Business Fundamentals, Communication Skills, Communication, Business",Communication,All Levels,1.5 hours,4.2,443,4415,"Rp149,000",8/2017,0,0,29,https://www.udemy.com/course/the-ultimate-business-communication-course/
How To Network As An Introvert,5132408,Expert Academy,"Personal Networking, Communication Skills, Business Communication, Communication, Business",Communication,All Levels,38 mins,4.4,11,2002,"Rp149,000",3/2023,0,0,6,https://www.udemy.com/course/how-to-network-as-an-introvert/
Strategic Communication,2968640,Jouni Ruotanen,"Communication Skills, Business Communication, Strategic Planning, Strategic Thinking, Communication",Communication,All Levels,2 hours,3.1,59,2311,"Rp149,000",8/2025,5,0,17,https://www.udemy.com/course/strategic-communication/
Mastering Communication & Social Skills : A 3 Weeks Journey,5949794,Dr. Himani Sharma,"Communication Skills, Personal Development, Nonverbal Communication, Career Development",Communication,All Levels,6.5 hours,3.8,16,2759,"Rp149,000",8/2025,2,0,25,https://www.udemy.com/course/mastering-communication-social-skills-a-3-weeks-journey/
The Art of Communication: A Path to Success,4863134,Prabh Kirpa Classes,"Communication Skills, Communication, Business",Communication,All Levels,36 mins,4.0,282,21913,"Rp149,000",10/2023,0,0,0,https://www.udemy.com/course/good-communication-skills-are-the-key-to-success/
Utilize ChatGPT for Effective Communication & Feedback,5894426,"E SKILLIFY, Radina Walsh","Communication Skills, Communication, Business",Communication,All Levels,1 hour,4.5,440,1862,"Rp149,000",7/2024,0,0,0,https://www.udemy.com/course/chatgpt-effective-communication-feedback-business-with-ai/
Impactful Communication: How to Be a Better Communicator,4773616,GB Voice Academy,"Communication Skills, Communication, Business",Communication,All Levels,1 hour,4.4,33,202,"Rp149,000",9/2022,0,0,1,https://www.udemy.com/course/impactful-communication-how-to-be-a-better-communicator/
Communication Skills: Use a Teleprompter Effectively,363308,"TJ Walker, Media Training Worldwide Digital","Communication Skills, Communication, Business",Communication,All Levels,6 hours,4.5,715,31383,"Rp149,000",7/2025,9,0,107,https://www.udemy.com/course/how-to-use-a-teleprompter/
Meetings: Learn How to Run Effective Meetings,6917999,Jamal Lazaar,"Meetings, Facilitation, Personal Productivity, Communication, Business",Communication,All Levels,2 hours,4.6,108,593,"Rp149,000",2/2026,3,0,1,https://www.udemy.com/course/how-to-run-efficient-meetings/
Assertive Communication for Leadership,6384607,"Julie Blint, Persefone Coaching","Assertiveness, Leadership, Communication Skills, Communication, Business",Communication,All Levels,1.5 hours,4.4,11,1064,"Rp149,000",8/2025,0,0,37,https://www.udemy.com/course/assertive-communication-for-leadership/
Master Class in Digital Communication for Corporate,5761086,Human and Emotion: CHRMI,"Business Communication, Communication, Business",Communication,Intermediate,3 hours,3.8,42,2043,"Rp149,000",1/2024,4,0,0,https://www.udemy.com/course/master-class-in-digital-communication-for-corporate/
Effective Communication,6140025,Aguinaldo Pires,"Communication Skills, Communication, Business",Communication,All Levels,1 hour,4.8,3,235,"Rp149,000",12/2024,1,0,0,https://www.udemy.com/course/effective-communication-/
Body language : master non-verbal communication,5985282,Jamal Lazaar,"Body Language, Communication, Business",Communication,All Levels,2 hours,4.5,261,1016,"Rp149,000",2/2026,5,0,1,https://www.udemy.com/course/body-language-master-non-verbal-communication/
Effective Communication Tactics for the Modern Workplace,5589682,Simon Sez IT,"Microsoft Outlook, Communication, Business",Communication,All Levels,3 hours,4.6,677,1779,"Rp149,000",12/2025,2,0,1,https://www.udemy.com/course/effective-communication-tactics/
Persuasive Communication: The Logos-based Persuasive Speech,5398328,Conor Neill,"Business Communication, Communication, Business",Communication,Intermediate,40 mins,4.7,83,361,"Rp149,000",7/2023,1,0,6,https://www.udemy.com/course/logos-persuasion/
Communication & Presentation Skills,4854448,Tea Motti,"Communication Skills, Business Communication, Nonverbal Communication, Presentation Skills, Communication",Communication,Beginner,4 hours,4.7,29,100,"Rp149,000",8/2022,0,0,1,https://www.udemy.com/course/communication-presentation-skills/
Communication Training for Managers,1985850,Lecturio GmbH,"Manager Training, Business Communication, Communication Skills, Communication, Business",Communication,All Levels,3.5 hours,4.4,271,1119,"Rp149,000",12/2022,0,0,23,https://www.udemy.com/course/communication-training-for-managers/
Assertive Communication Strategies,6374015,"Julie Blint, Persefone Coaching","Assertiveness, Personal Development, Communication Skills, Personal Transformation",Communication,All Levels,2 hours,4.3,27,2659,"Rp149,000",12/2025,0,0,39,https://www.udemy.com/course/assertive-communication-strategies/
Mastering Intercultural communication,2744602,Amaro Araujo,"Communication Skills, Business Communication, Cultural Awareness, Communication, Business",Communication,All Levels,1.5 hours,4.6,3803,8576,"Rp149,000",9/2025,0,0,30,https://www.udemy.com/course/intercultural-communication/
Business Writing Plus Artificial Intelligence Communications,4541046,"Peter Alkema, Regenesys Business School","Business Communication, Communication, Business",Communication,All Levels,29 hours,4.5,1424,6271,"Rp149,000",10/2025,10,0,408,https://www.udemy.com/course/professional-business-writing-masterclass/
Master Effective Communication Skills: Speak with Confidence,6187399,Fahad Virk,"Communication Skills, Communication, Business",Communication,All Levels,2 hours,4.0,10,407,"Rp149,000",7/2025,0,0,0,https://www.udemy.com/course/master-effective-communication-skills-speak-with-confidence/
How to give and receive feedback effectively,4896268,Jamal Lazaar,"Interpersonal Feedback, Communication Skills, Leadership, Communication, Business",Communication,All Levels,1 hour,4.5,5970,16549,"Rp149,000",2/2026,10,0,0,https://www.udemy.com/course/give-and-receive-feedback/
Leadership Communication Mastery with AI 2026,6870377,"Starweaver Experts, Andreas Loizou, Eric Zackrison, Ahmed Hassan, Julian Jenkins, Paul Siegel","Management, Business",Communication,Intermediate,9 hours,4.7,14,498,"Rp149,000",4/2026,41,0,23,https://www.udemy.com/course/the-executive-leaders-complete-guide-to-success/
Body Language In Business 4: Nonverbal Communication,5966158,Expert Academy,"Body Language, Nonverbal Communication, Communication Skills, Relationship Building, Communication",Communication,All Levels,38 mins,5.0,5,50,"Rp149,000",7/2024,0,0,6,https://www.udemy.com/course/body-language-in-business-4-nonverbal-communication/
Communication Mastery: How To Have Deeper Conversations,2388680,"Brandon Hakim, Insider School","Communication Skills, Business Communication, Conversation Skills, Personal Transformation, Personal Development",Communication,All Levels,1 hour,4.5,22,265,"Rp149,000",9/2019,1,0,7,https://www.udemy.com/course/communication-mastery-how-to-have-deeper-conversations/
Strategic Communication,3949614,Dr. Sayem Hossain,"Communication Skills, Communication, Business",Communication,All Levels,1 hour,4.2,67,785,"Rp149,000",1/2023,1,0,5,https://www.udemy.com/course/strategic-communication-h/
How to Master Interpersonal Communication Skills,6083973,Freedman Melody,"Conversation Skills, Listening Skills, Nonverbal Communication, Communication Skills, Communication",Communication,All Levels,2 hours,4.2,23,60,"Rp149,000",7/2024,0,0,0,https://www.udemy.com/course/how-to-master-interpersonal-communication-skills/
Master Workplace Debates,6625053,ISO Horizon,"Business Communication, Business Fundamentals, Leadership, Communication, Business",Communication,All Levels,6 hours,4.7,7,16,"Rp149,000",4/2026,0,0,0,https://www.udemy.com/course/master-workplace-debates-build-collaboration-and-creativity/
Teamwork Skills - Communication,5931126,George Whitaker,"Business Communication, Real-Time Communication (RTC), Nonverbal Communication, Communication Skills, Communication",Communication,All Levels,1 hour,4.5,18,740,"Rp149,000",4/2024,0,0,0,https://www.udemy.com/course/teamwork-skills-communication/
Business 101: Business Communication Skills,1699324,"Chris Benjamin, MBA & CFO","Business Communication, Etiquette, Communication, Business",Communication,All Levels,4.5 hours,4.4,102,2551,"Rp149,000",6/2023,1,0,3,https://www.udemy.com/course/business-101-business-etiquette/
Effective Communication for Workplace Success,5963102,Gaurang Govind,"Business Communication, Nonverbal Communication, Communication Skills, Career Development, Personal Development",Communication,All Levels,2 hours,4.2,31,380,"Rp149,000",1/2026,0,0,0,https://www.udemy.com/course/certificate-course-in-enhancing-communication-skills/
Leadership Beyond Words: Mastering Non-Verbal Communication,6463429,Prince Patni,"Communication Skills, Leadership, Personal Development",Communication,All Levels,1 hour,3.9,51,4025,"Rp149,000",8/2025,1,0,0,https://www.udemy.com/course/leadership-beyond-words-mastering-non-verbal-communication/
"Communicate for Business: Write, Email, Close the Loop",481434,Eleventure Team,"Email Marketing, Business Fundamentals, Business Strategy, Business Writing, Communication",Communication,All Levels,1 hour,4.6,45775,92630,"Rp149,000",10/2017,0,0,0,https://www.udemy.com/course/communicate-for-business-write-email-close-the-loop/
Basic Business English Grammar and Communication Skill,5609476,Human and Emotion: CHRMI,"Business Communication, Communication, Business",Communication,Beginner,5.5 hours,4.1,15,2069,"Rp149,000",10/2023,8,0,0,https://www.udemy.com/course/basic-business-english-grammar-and-communication-skill/
"Business Communication Etiquette: Email, Phone & Text",4764276,Sue K.,"Business Etiquette, Business Communication, Email Writing and Etiquette, Communication, Business",Communication,All Levels,1 hour,4.6,1308,2895,"Rp159,000",12/2023,0,0,0,https://www.udemy.com/course/business-communication-etiquette/
Communication Skills for Beginners,674718,Mayur Bardolia,"Communication Skills, Influence, Personal Development",Communication,Beginner,4 hours,4.1,50,1399,"Rp149,000",12/2015,0,0,16,https://www.udemy.com/course/communication-skills-for-beginners/
Conscious Listening,139166,Julian Treasure,"Listening Skills, Communication, Business",Communication,All Levels,1.5 hours,4.5,42156,91335,"Rp329,000",8/2017,0,0,1,https://www.udemy.com/course/conscious-listening/
Communication Management | Project Management Fundamentals,1626452,Luke Angel,"Project Management, Management Skills, Communication Skills, Business",Communication,All Levels,2 hours,4.5,1061,6647,"Rp149,000",3/2025,0,0,1,https://www.udemy.com/course/project-management-fundamentals-communication-management-beginner/
"Communication for business owners, directors & managers",2970916,Liz Makin,"Communication Skills, Business Communication, Communication, Business",Communication,All Levels,2 hours,4.4,48,203,"Rp149,000",11/2025,2,0,4,https://www.udemy.com/course/communication-for-business-owners-directors-managers/
Strategic Communication for Startups,5381640,Gvantsa Kikalishvili,"Business Communication, Communication, Business",Communication,Beginner,1 hour,4.9,15,1008,"Rp149,000",2/2024,0,0,1,https://www.udemy.com/course/strategic-communications-for-startups/
Communication Skills for Career Success- Verbal & Nonverbal,4307547,"Arun Singhal B-Tech, MBA (IIM-B),Unilever, J&J, Danone, IIMU, Cello","Communication Skills, Communication, Business",Communication,All Levels,3 hours,4.1,337,34858,"Rp149,000",2/2026,1,0,20,https://www.udemy.com/course/excellence-in-oral-communication/
Effective Communication for Remote Teams,5892684,Stone River eLearning,"Communication, Business",Communication,All Levels,1 hour,4.5,17,25,"Rp149,000",3/2024,0,0,0,https://www.udemy.com/course/effective-communication-for-remote-teams/
Advanced agile communication skills for 21st Century leaders,196320,Leadapreneur Academy,"Communication Skills, Communication, Business",Communication,All Levels,3.5 hours,4.5,7683,21202,"Rp749,000",2/2025,8,0,0,https://www.udemy.com/course/advancedcommunicationskills/
Essentials Communication Skills for IT Professionals,5959276,Paras Mishra,"Communication Skills, Other IT & Software, IT & Software",Communication,Beginner,2 hours,4.3,14,31,"Rp149,000",5/2024,0,0,2,https://www.udemy.com/course/essentials-communication-skills-for-it-professionals/
Persuasion Power 1: Effective Communication Skills,762874,Ken Wells,"Communication Skills, Leadership, Influence Skills, Persuasion, Influence",Communication,Beginner,4.5 hours,4.4,403,9647,"Rp149,000",4/2019,0,0,30,https://www.udemy.com/course/persuasion-power/
Certified HR Soft Skills Professional: Boost Results [EN],6618297,PapaHR ⇢ 1.6M+ Enrollments • 500+ HR Courses • 30 Languages AI in HR | Analytics | Talent | Comp&Ben | HRCI | SHRM-CP | PHRi,"Soft Skills, Human Resources, Business",Communication,All Levels,3.5 hours,4.3,57,7487,"Rp149,000",3/2026,1,0,8,https://www.udemy.com/course/hr-soft-skills-mastery-communication-leadership-strategy/
The Art Of Communication MasterClass,3781888,"Noah Merriby, Noah ​Merriby","Communication Skills, Communication, Business",Communication,All Levels,1.5 hours,4.5,155,3049,"Rp149,000",2/2025,1,0,0,https://www.udemy.com/course/the-art-of-communication-masterclass/
Business Communication for Working Professionals,4559034,Dr. Urmi Roychoudhury,"Communication Skills, Career Development, Personal Development",Communication,Intermediate,4 hours,4.1,54,129,"Rp149,000",2/2022,0,0,1,https://www.udemy.com/course/business-communication-urmi/
Customer Service Success: Develop a Customer-Centric Mindset,6092375,Viktoriya Maya,"Customer Service, Business Communication, Emotional Intelligence, Empathy, Communication",Communication,All Levels,1 hour,4.6,2593,9439,"Rp149,000",3/2026,22,0,4,https://www.udemy.com/course/online-customer-service-course/
Soft Skills Foundations,5619438,"Suppachok Nitsoonkit, PhD","Soft Skills, Personal Productivity, Personal Development",Communication,All Levels,43 mins,4.5,205,1547,"Rp149,000",4/2025,0,0,0,https://www.udemy.com/course/soft-skills-foundations/
Strategic Workplace Communication: Intent and Method,6937079,Prashant Zambre,"Business Communication, Communication Skills, Communication, Business",Communication,All Levels,1 hour,4.7,8,908,"Rp149,000",12/2025,2,0,0,https://www.udemy.com/course/strategic-workplace-communication-intent-and-method/
Leading Across Generations / Multigenerational Leadership,6444011,Workplace Artificial Intelligence Skills Academy,"Leadership, Management, Business",Communication,All Levels,1 hour,4.6,3268,5080,"Rp149,000",2/2025,0,0,14,https://www.udemy.com/course/leading-across-generations-multigenerational-leadership-c/
Leadership: Guide to Body Language & Nonverbal Communication,5531698,Robin Hills,"Body Language, Leadership, Communication, Business",Communication,Intermediate,2 hours,4.6,191,824,"Rp149,000",2/2026,2,0,4,https://www.udemy.com/course/leadership-guide-to-body-language-nonverbal-communication/
Global Business Communication: From Writing to Listening,6881805,"Starweaver Experts, Paul Siegel, Andreas Loizou, Eric Zackrison, Joao Freitas","Communication Skills, Management, Business",Communication,Intermediate,7 hours,4.8,12,1204,"Rp149,000",4/2026,30,0,16,https://www.udemy.com/course/international-business-communication/
"Communication Strategies: Speaking, Listening and Online",5394486,Md Nazmul Hossain,"Communication Skills, Other Personal Development, Personal Development",Communication,Beginner,35 mins,3.9,56,1091,"Rp149,000",6/2023,0,0,0,https://www.udemy.com/course/communication-strategies-speaking-listening-and-online/
Personal And Professional Relationship Building,5445690,Alex Genadinik,"Relationship Building, Communication, Business",Communication,Beginner,32 mins,4.5,337,1367,"Rp149,000",11/2025,0,0,0,https://www.udemy.com/course/personal-and-professional-relationship-building/
IGCLC™ Accredited:Certificate in Verbal Communication Skills,4562488,Matthew Barnett,"Communication Skills, Presentation Skills, Communication, Business",Communication,All Levels,1.5 hours,4.5,30,208,"Rp149,000",3/2023,1,0,1,https://www.udemy.com/course/elite-verbal-communication-skills-matt-barnett-nlp-coaching/
The Complete Non-verbal Communication Skills Master for life,6382293,Sid Sriram,"Business Communication, Communication, Business",Communication,All Levels,1.5 hours,5.0,3,7,"Rp149,000",2/2025,0,0,0,https://www.udemy.com/course/non-verbal-communication-for-leadersitexecutivesengineers/
Video Presentation & Public Speaking Skills: Complete Guide,965194,"Jimmy Naraine • Official Udemy Partner, Jimmy Naraine Support","Presentation Skills, Videography, Confidence, Digital Camera Functionality, Communication",Communication,All Levels,2 hours,4.4,1398,5949,"Rp199,000",12/2023,0,0,3,https://www.udemy.com/course/video-presentation-skills-how-to-be-confident-on-camera/
Emotional Intelligence (EQ): Customer Communication Success,6986147,Bich Hoang,"Emotional Intelligence, Customer Service, Business Communication, Communication Skills, Communication",Communication,All Levels,2 hours,4.6,170,1570,"Rp149,000",4/2026,1,0,10,https://www.udemy.com/course/emotional-intelligence-in-customer-service-e/
Business Communication: Theory and Practice,6001400,Prof John Martey FCG,"Business Communication, Communication, Business",Communication,All Levels,30 mins,5.0,79,162,"Rp149,000",10/2024,0,0,4,https://www.udemy.com/course/business-communication-mw/
Non-Verbal Communication for Leaders,6382609,"Deborah Grayson Riegel, Erin Robison","Nonverbal Communication, Communication, Business",Communication,All Levels,1 hour,4.5,359,826,"Rp1,799,000",5/2025,0,0,1,https://www.udemy.com/course/non-verbal-communication-for-leaders/
Grow with Effective Communication Skills Development Course,6066611,Anis Fagun,"Communication Skills, Business Communication, Nonverbal Communication, Listening Skills, Communication",Communication,All Levels,1 hour,4.4,16,41,"Rp149,000",7/2025,0,0,0,https://www.udemy.com/course/effective-communication-skills-development-course/
Perfect Oratory: The Art of Speaking Well,6091347,Sansão Seara 10.000 + students,"Business Communication, Communication Skills, Influence, Personal Development",Communication,All Levels,1.5 hours,4.6,7,19,"Rp149,000",7/2024,0,0,0,https://www.udemy.com/course/perfect-oratory-the-art-of-speaking-well/
Body Language & Non-Verbal Communication Mastery in Business,5384380,GenZed Learning,"Body Language, Nonverbal Communication, Communication Skills, Communication, Business",Communication,All Levels,2 hours,4.6,985,6191,"Rp149,000",8/2023,0,0,0,https://www.udemy.com/course/body-language-non-verbal-communication-mastery-in-business/
Communicate Like a CEO,5173462,Alisa Cohn,"Communication Skills, Business Communication, Leadership, Communication, Business",Communication,Beginner,31 mins,4.3,1934,5080,"Rp149,000",8/2025,0,0,2,https://www.udemy.com/course/communicate-like-a-ceo/
Learn Communication Techniques,1221446,Vertex Learning,"Communication Skills, Influence, Personal Development",Communication,All Levels,2 hours,4.4,143,1994,"Rp149,000",4/2025,0,0,0,https://www.udemy.com/course/learn-communication-techniques/
Essential Communication Skills For Managers,5916122,Expert Academy,"Communication Skills, Management Skills, Business Communication, Nonverbal Communication, Communication",Communication,All Levels,43 mins,4.0,1,3,"Rp149,000",4/2024,0,0,6,https://www.udemy.com/course/essential-communication-skills-for-managers/
Communication Skills: Be a Star Presenter on a Panels,363252,"TJ Walker, Media Training Worldwide Digital","Communication Skills, Influence, Personal Development",Communication,All Levels,1 hour,4.3,444,49878,"Rp149,000",7/2024,7,0,3,https://www.udemy.com/course/how-to-present-on-a-panel/
Communication Skills Masterclass: Speak Like A Leader,4411800,"Brandon Hakim, Insider School","Communication Skills, Personal Transformation, Personal Development",Communication,All Levels,10 hours,4.4,354,3772,"Rp149,000",6/2022,0,0,38,https://www.udemy.com/course/communication-masterclass-the-secrets-of-effective-communication/
Communication Skills Basics,6238165,Excel Mojo,"Communication Skills, Communication, Business",Communication,All Levels,1 hour,4.6,11,114,"Rp149,000",10/2024,0,0,0,https://www.udemy.com/course/communication-skills-basics/
The Complete Business Etiquette Course - Biz Social Skills,4273618,"TJ Walker, Media Training Worldwide Digital","Business Etiquette, Business Communication, Business Writing, Social Skills, Human Resources",Communication,All Levels,2 hours,4.4,274,26852,"Rp149,000",1/2026,4,0,0,https://www.udemy.com/course/the-complete-business-etiquette-course-biz-social-skills/
Improve Communication Results & Become Effective Listener,3718818,Mayur Pangrekar,"Communication Skills, Personal Productivity, Personal Development",Communication,All Levels,1.5 hours,4.3,298,4664,"Rp149,000",12/2020,0,0,2,https://www.udemy.com/course/improve-communication-results-become-effective-listener/
Cross-Cultural Communication for Global Professionals,6940587,PracticalGrowth Inc.,"Cultural Awareness, Communication Skills, Communication, Business",Communication,All Levels,1.5 hours,4.6,64,252,"Rp149,000",2/2026,1,0,26,https://www.udemy.com/course/cross-cultural-communication-for-global-professionals/
Assertive Communication Skills: Lead More Confidently Today,6700199,Expert Academy,"Assertiveness, Leadership, Business Communication, Communication Skills, Management",Communication,Intermediate,39 mins,4.3,2,2,"Rp149,000",8/2025,1,0,0,https://www.udemy.com/course/lead-more-confidently-using-assertive-communication-skills/
A Complete Guide For Effective Business Communication,826808,"Eduonix Learning Solutions, Eduonix-Tech .","Business Communication, Communication Skills, Business Fundamentals, Business Strategy, Communication",Communication,All Levels,3 hours,4.0,55,210,"Rp159,000",12/2018,1,0,15,https://www.udemy.com/course/a-complete-guide-for-effective-business-communication/
Essential Communication Skills for First-time Managers,5643214,Silvia Wright-Davies,"Management Skills, Communication Skills, Management, Business",Communication,Beginner,4 hours,4.2,151,725,"Rp149,000",2/2026,8,0,3,https://www.udemy.com/course/communication-skills-for-managers/
Body Language & Nonverbal Communication in Business,5623972,"Video School, Viktoriya Maya, Phil Ebiner","Body Language, Nonverbal Communication, Business Communication, Communication Skills, Communication",Communication,All Levels,2 hours,4.4,778,2783,"Rp149,000",4/2024,14,0,0,https://www.udemy.com/course/body-language-communication/
Communication & Public Speaking Skills For Beginners,4980492,Sumreen Mahmood,"Communication Skills, Communication, Business",Communication,All Levels,4.5 hours,4.4,121,13330,"Rp149,000",5/2023,0,0,0,https://www.udemy.com/course/mastering-communication-skills-public-speaking-skills-course/
Mastering Communication Skills: Unleash Your Charisma,5054062,Billiard Training Academy,"Communication Skills, Presentation Skills, Career Development, Personal Development",Communication,All Levels,4.5 hours,4.6,7,26,"Rp149,000",7/2025,35,0,20,https://www.udemy.com/course/mastering-communication-skills-unleash-your-charisma/
Public Speaking 101: Public Speaking COMPLETE Course (A-Z),4919820,ExpertEase Global,"Public Speaking, Presentation Skills, Communication Skills, Influence, Personal Development",Communication,All Levels,1.5 hours,4.5,222,19670,"Rp149,000",12/2025,0,0,0,https://www.udemy.com/course/public-speaking-mastery-public-speakers/
Digital Diversity/Cyber-Citizen/Cross-Cultural Communication,1411696,Elizabeth C. Pagé,"Communication Skills, Business Communication, Cultural Awareness, Communication, Business",Communication,All Levels,2 hours,4.6,8315,17420,"Rp149,000",3/2023,0,0,0,https://www.udemy.com/course/cross-cultural-communication-the-new-global-currency/
The power of non-verbal Communication,5911946,Sansão Seara 10.000 + students,"Persuasion, Influence Skills, Body Language, Influence, Personal Development",Communication,All Levels,2.5 hours,5.0,6,11,"Rp149,000",5/2024,1,0,0,https://www.udemy.com/course/the-power-of-non-verbal-language/
Presentation Skills and Executive Presentations 3.0,5798650,Dr. José Prabhu J,"Presentation Skills, Communication, Business",Communication,All Levels,16.5 hours,4.0,173,11536,"Rp149,000",7/2025,0,0,0,https://www.udemy.com/course/mastering-executive-presentations/
Leadership Communication Skills to become a Leader in 2025,6280083,SkillGems Education,"Body Language, Communication, Business",Communication,All Levels,1.5 hours,4.0,2,975,"Rp149,000",6/2025,1,0,11,https://www.udemy.com/course/leadership-communication-mastery-body-language-non-verbal/
How to Write a Communication Strategy,2522106,Skillay Academy,"Business Communication, Public Relations, Marketing",Communication,All Levels,38 mins,3.9,129,526,"Rp149,000",1/2020,1,0,6,https://www.udemy.com/course/how-to-write-a-communication-strategy/
Body Language / Non-Verbal Communication for Business,5909392,Toppers Bootcamp,"Body Language, Nonverbal Communication, Business Communication, Communication Skills, Communication",Communication,All Levels,1 hour,4.2,19,4394,"Rp149,000",5/2024,0,0,0,https://www.udemy.com/course/body-language-non-verbal-communication-for-business/
Strategic Communication & Data Storytelling,6870531,"Starweaver Experts, Paul Siegel, Eric Zackrison, Andreas Loizou, Joao Freitas","Communication Skills, Data Storytelling, Management, Business",Communication,Intermediate,7 hours,4.2,19,1492,"Rp149,000",4/2026,30,0,17,https://www.udemy.com/course/strategic-communication-data-management-leadership/
Communication Skills,3073786,School of Leadership,"Communication Skills, Nonverbal Communication, Personal Transformation, Personal Development",Communication,All Levels,1 hour,4.3,175,1983,"Rp169,000",5/2020,0,0,0,https://www.udemy.com/course/business-communication-skill-course/
Presentation Skills in the Workplace,5882442,Hains Academy,"Presentation Skills, Communication, Business",Communication,All Levels,44 mins,4.1,3,963,"Rp149,000",3/2024,0,0,0,https://www.udemy.com/course/presentation-skills-in-the-workplace/
Communicating and Working with Engineers - Bridging the Gap,5191952,Sundog Education by Frank Kane,"Business Communication, Communication, Business",Communication,All Levels,1.5 hours,4.4,384,1980,"Rp149,000",9/2025,1,0,0,https://www.udemy.com/course/communicating-and-working-with-engineers/
Charisma Mastery - Boost Your Charisma & Influence People,560720,"Dr. Roy Naraine, Adam Naraine","Influence Skills, Confidence, Body Language, Charisma, Communication",Communication,All Levels,1.5 hours,4.2,113,2530,"Rp149,000",7/2020,3,0,1,https://www.udemy.com/course/charisma-mastery/
Complete Communication Skills Master Class to impress anyone,3954310,Skills On Demand,"Communication Skills, Business Communication, Public Speaking, Communication, Business",Communication,Expert,2 hours,4.2,30,1021,"Rp149,000",4/2022,0,0,0,https://www.udemy.com/course/how-to-speak-so-that-people-want-to-listen-talk-smart/
Body Language / Non-Verbal Communication for Leaders,6389143,Workplace Artificial Intelligence Skills Academy,"Body Language, Communication, Business",Communication,All Levels,1 hour,4.2,235,637,"Rp159,000",1/2025,0,0,8,https://www.udemy.com/course/body-language-non-verbal-communication-for-leaders-l/
Technical Communication For Engineers - By An Engineer,5614540,Robert Bunch,"Communication Skills, Business Communication, Communication, Business",Communication,All Levels,2.5 hours,4.4,22,107,"Rp149,000",11/2023,0,0,0,https://www.udemy.com/course/technical-communication-for-engineers-by-an-engineer/
Polite and Professional Communication in English,6813501,"Julie Blint, Persefone Coaching","English Grammar, English Language, Business Communication, Communication Skills, Language Learning",Communication,Intermediate,30 mins,4.6,11,1105,"Rp149,000",9/2025,0,0,25,https://www.udemy.com/course/polite-and-professional-communication-in-english/
Workplace Communication Skills Part 1,6048479,Hains Academy,"Business Communication, Communication, Business",Communication,All Levels,1.5 hours,4.0,2,868,"Rp149,000",7/2024,0,0,0,https://www.udemy.com/course/workplace-communication-skills-part-1/
Communication in Mergers & Acquisitions: A Complete Guide,6815535,"CRFT Productions, Keith Thomson","Mergers and Acquisitions, Business Communication, Communication Skills, Management, Business",Communication,All Levels,1 hour,4.0,2,5,"Rp149,000",10/2025,0,0,15,https://www.udemy.com/course/communication-in-mergers-acquisitions/
"Elevate Your Leadership, Amplify Your Communication Skills",5901932,Daniel K'Owuoche,"Leadership, Communication Skills, Communication, Business",Communication,All Levels,5 hours,4.1,101,15125,"Rp149,000",10/2025,3,0,15,https://www.udemy.com/course/elevate-your-leadership-amplify-your-communication-skills/
Effective Communication for Groups and Teams,6227041,Alex Lyon,"Communication, Business",Communication,All Levels,1 hour,4.5,13,269,"Rp149,000",10/2024,0,0,1,https://www.udemy.com/course/effective-communication-for-groups-and-teams/
Business Communication Skills,4275094,Bizfacility (Pty) Ltd,"Business Communication, Communication, Business",Communication,All Levels,1.5 hours,4.5,1,2,"Rp149,000",2/2022,0,0,1,https://www.udemy.com/course/business-communication-skills-a/
Assertive Communication Mastery: Confidence Without Conflict,3788810,Mark Paddock,"Assertiveness, Negotiation, Confidence, Resilience, Career Development",Communication,All Levels,1 hour,4.5,1,7,"Rp149,000",9/2025,1,0,1,https://www.udemy.com/course/become-more-assertive-how-to-debate-and-negotiate-in-life/
Mastering Communication Skills: Practical aspects,3621552,Maruf Firoz,"Communication Skills, Communication, Business",Communication,All Levels,1.5 hours,4.6,51,179,"Rp149,000",11/2020,0,0,0,https://www.udemy.com/course/mastering-your-communication-skills/
Leadership Communication Techniques,5951222,Prof John Martey FCG,"Business Communication, Communication, Business",Communication,All Levels,2 hours,4.5,37,280,"Rp149,000",4/2025,0,0,25,https://www.udemy.com/course/leadership-communication-techniques/
ChatGPT for Better Business Communication,5193432,Hassan Osman,"ChatGPT, Business Communication, Communication, Business",Communication,Beginner,1.5 hours,4.5,3570,15358,"Rp149,000",9/2023,1,0,1,https://www.udemy.com/course/chatgpt-for-business-communication/
Business Communication Basics And Strategies,2635054,Eric Yeboah,"Communication Skills, Business Communication, Communication, Business",Communication,All Levels,3 hours,4.5,15,29,"Rp149,000",3/2026,0,0,0,https://www.udemy.com/course/how-to-make-great-verbal-skills/
Assertive Communication Fundamentals,5448512,Eric Yeboah,"Assertiveness, Communication, Business",Communication,All Levels,3 hours,4.7,5,7,"Rp149,000",7/2023,0,0,0,https://www.udemy.com/course/assertive-communication-fundamentals/
Effective Business Communication through Academic Literacy,5972124,Maryna Tsehelska,"Communication, Business",Communication,All Levels,2 hours,4.9,22,790,"Rp149,000",6/2024,0,0,13,https://www.udemy.com/course/effective-business-communication-through-academic-literacy/
"Mastering Science Communication: Engage, Inform, Inspire!",6276719,ISO Horizon,"Communication Skills, Science, Teaching & Academics",Communication,All Levels,2.5 hours,4.3,47,210,"Rp149,000",11/2024,0,0,0,https://www.udemy.com/course/mastering-science-communication-engage-inform-inspire/
Mastering The Art of Communication & Public Speaking,5864994,Bhaskar Challa,"Communication Skills, Career Development, Personal Development",Communication,All Levels,1.5 hours,4.9,9,108,"Rp149,000",5/2025,0,0,0,https://www.udemy.com/course/mastering-the-art-of-communication/
Non-Verbal Communication for Business in 2025,5977904,"Programming Hub: 40 million+ global students, Siddhesh Joglekar, Marketing & Sales Thought Leadership","Nonverbal Communication, Communication, Business",Communication,All Levels,2.5 hours,4.6,42,3158,"Rp149,000",12/2024,0,0,0,https://www.udemy.com/course/non-verbal-communication-decoding-body-language-in-2024/
Elite Effective Communication Skills & Confidence at Work,1862000,Andrew PM Tse,"Business Communication, Communication Skills, Confidence, Nonverbal Communication, Communication",Communication,All Levels,1 hour,4.3,82,649,"Rp149,000",11/2018,0,0,12,https://www.udemy.com/course/elite-communication-skills-confidence-networking-in-the-workplace/
Essentials: Healthy Communication & Conflict Management Tips,2504986,"Tyler Speegle, Allen Speegle","Communication Skills, Emotional Intelligence, Difficult Conversations, Conflict Management, Stress Management",Communication,All Levels,1.5 hours,4.4,20,111,"Rp149,000",8/2019,1,0,3,https://www.udemy.com/course/essentials-communication-and-conflict/
Executive Communication for Engineers & Analysts,2424382,Crystal Tummala,"Business Communication, Conflict Management, Presentation Skills, Communication Skills, Communication",Communication,All Levels,1.5 hours,4.2,14,904,"Rp149,000",9/2025,0,0,4,https://www.udemy.com/course/relationship-coaching-increase-love-sex-and-seduction/
Communication skills | How to be a good communicator ?,4752796,Ahmed Elsamahi,"Communication Skills, Personal Networking, Communication, Business",Communication,Beginner,1 hour,4.3,12,486,"Rp149,000",7/2022,0,0,0,https://www.udemy.com/course/communication-skills-a-good-communicator/
Foundations of Human Communication,5918076,Mohamed AL ashram,"Personal Productivity, Personal Development",Communication,All Levels,1 hour,3.9,32,3168,"Rp149,000",9/2025,0,0,6,https://www.udemy.com/course/mastering-the-art-of-soft-skills-enhance-your-communication/
A Beginner's Guide to Business Communication,5504670,Omika Bhalla Saluja,"Business Communication, Nonverbal Communication, Presentation Skills, Communication Skills, Communication",Communication,Beginner,2.5 hours,4.8,7,33,"Rp149,000",10/2023,0,0,0,https://www.udemy.com/course/beginners-guide-to-business-communication/
Top 5 Soft Skills of Highly Successful People,1708534,AJK Consulting,"Soft Skills, Communication Skills, Problem Solving, Critical Thinking, Career Development",Communication,All Levels,1 hour,4.1,61,1598,"Rp149,000",6/2018,5,0,2,https://www.udemy.com/course/soft-skills-trainings/
Seven Cs of Effective Communication,4545220,Management Study Guide,"Communication Skills, Career Development, Personal Development",Communication,All Levels,1 hour,4.1,17,1488,"Rp149,000",2/2022,0,0,0,https://www.udemy.com/course/seven-cs-of-effective-communication/
Public Speaking for Project Managers & Team Leaders,734708,Jason Teteak,"Public Speaking, Presentation Skills, Idea Validation, Communication, Business",Communication,All Levels,3 hours,4.6,136,835,"Rp149,000",7/2023,0,0,25,https://www.udemy.com/course/validate/
The Ultimate Communication Skills MasterClass,4508508,Sadhana Giri,"Communication Skills, Communication, Business",Communication,All Levels,1.5 hours,4.4,21,922,"Rp149,000",4/2022,0,0,2,https://www.udemy.com/course/the-ultimate-communication-skills-master-class/
Lead from Within: Master Emotional Intelligence & Resilience,6577491,"Peter Alkema, Louistas Nyuyse, Cyril Fomonyuy","Emotional Intelligence, Resilience, Entrepreneurship, Business",Communication,All Levels,5.5 hours,4.2,85,250,"Rp149,000",4/2025,3,0,108,https://www.udemy.com/course/lead-from-within-master-emotional-intelligence-resilience/
Global Communication Skills,3699148,Eric Yeboah,"Communication Skills, Communication, Business",Communication,All Levels,1.5 hours,4.2,11,19,"Rp149,000",3/2026,0,0,0,https://www.udemy.com/course/global-communication-process/
Mass Communication for Business: Building Trust and Brands,6337797,EDUCBA Bridging the Gap,"Business Communication, Communication, Business",Communication,All Levels,1.5 hours,4.7,7,109,"Rp199,000",12/2024,0,0,0,https://www.udemy.com/course/mass-communication-for-business-building-trust-and-brands/
Master Business Communication & Persuasion,5127686,Rebecca Brizi,"Business Communication, Business Branding, Communication, Business",Communication,Beginner,2.5 hours,4.5,3,601,"Rp199,000",2/2026,0,0,27,https://www.udemy.com/course/bad-words-for-business/
Effective Business Communication,3908446,Eric Yeboah,"Business Communication, Communication, Business",Communication,All Levels,2 hours,3.6,22,39,"Rp149,000",3/2026,0,0,0,https://www.udemy.com/course/effective-business-communication-a/
Communication Skills for Beginners,1508306,Ganesha Pandian N,"Communication Skills, Career Development, Personal Development",Communication,Beginner,2 hours,4.2,281,4010,"Rp149,000",9/2019,0,0,24,https://www.udemy.com/course/developing-the-communication-skills/
Master Course in Journalism & Mass Communication 3.0,5454608,Dr. José Prabhu J,"Journalism, Public Relations, Other Teaching & Academics, Teaching & Academics",Communication,All Levels,1.5 hours,4.2,184,10455,"Rp149,000",7/2025,1,0,0,https://www.udemy.com/course/journalism-mass-communication/
"Communication Skills, Probity & Honesty for Doctors",5307212,"HeartbeatsZ Academy, UK","Healthcare, Online Education, Teaching & Academics",Communication,Beginner,4 hours,4.5,17,33,"Rp149,000",1/2026,0,0,0,https://www.udemy.com/course/communication-strategies-for-healthcare-professionals/
AI for Communication Skills: Verbal & Nonverbal (Non Verbal),6742017,"Arun Singhal B-Tech, MBA (IIM-B),Unilever, J&J, Danone, IIMU, Cello","Communication Skills, Nonverbal Communication, Business Communication, Communication, Business",Communication,All Levels,4.5 hours,3.8,7,5047,"Rp149,000",3/2026,0,0,34,https://www.udemy.com/course/ai-for-verbal-non-verbal-communication-excellence/
Professiona Diploma: Business Communication & Office Skills,6646319,Professor Baria,"Virtual Assistant Skills, Administrative Support Skills, Business Communication, Office Productivity, Communication",Communication,All Levels,2 hours,4.3,9,19,"Rp149,000",5/2025,0,0,0,https://www.udemy.com/course/professiona-diploma-in-business-communication-and-office-skills/
20 Best Communication Hacks: Influence and Persuade People,1647686,Wladislaw Jachtchenko,"Communication Skills, Communication, Business",Communication,All Levels,2 hours,4.5,57,372,"Rp1,499,000",1/2022,0,0,1,https://www.udemy.com/course/20-best-communication-hacks-influence-and-persuade-people/
Effective Business & English Communication Skills Mastery,6280927,Study At Home,"Communication Skills, Business Communication, Personal Transformation, Personal Development",Communication,All Levels,3.5 hours,4.1,3,3,"Rp149,000",11/2024,0,0,0,https://www.udemy.com/course/effective-communication-skills-mastery/
The Power of 5Ws & 1H in Business Communication,6568751,Muhammad Asif Nadeem,"Business Communication, Communication, Business",Communication,All Levels,1 hour,4.3,12,508,"Rp149,000",9/2025,0,0,0,https://www.udemy.com/course/the-power-of-5ws-1h-in-business-communication/
Strategies to Reduce Workplace Communication Breakdowns,5191064,Kiran deep Sandhu,"Communication Skills, Conflict Management, Leadership, Personal Development",Communication,Beginner,31 mins,4.4,45,1172,"Rp149,000",3/2023,0,0,3,https://www.udemy.com/course/strategies-to-reduce-workplace-communication-breakdowns/
Public Relations: Media Crisis Communication,2455858,Expert Academy,"Crisis Management, Business Communication, Communication, Business",Communication,All Levels,31 mins,4.4,82,2594,"Rp149,000",10/2019,0,0,0,https://www.udemy.com/course/crisis-media-management/
Body Language and Nonverbal Communication for Young Leaders,6063825,"Col (Dr) Shabbar Shahid. M-Tech, MBA(Fin), CE, FIE(I), PhD, M M","Body Language, Communication, Business",Communication,All Levels,2.5 hours,4.5,87,440,"Rp149,000",4/2026,0,0,2,https://www.udemy.com/course/body-language-and-nonverbal-communication-for-young-leaders/
Body Language / Non-Verbal Communication for Leaders,6388595,Prf. Dr. Bilal Semih Bozdemir,"Leadership, Personal Development",Communication,All Levels,1.5 hours,4.9,6,50,"Rp149,000",8/2025,41,0,2,https://www.udemy.com/course/body-language-non-verbal-communication-for-leaders-b/
Crisis Communication Foundations,5448208,"Suppachok Nitsoonkit, PhD","Communication, Business",Communication,All Levels,1 hour,4.0,12,489,"Rp149,000",10/2025,0,0,3,https://www.udemy.com/course/a-beginners-guide-to-crisis-communication-foundations/
Effective Communication for Remote Teams,6606715,Hibox for Nonprofits,"Communication, Business",Communication,All Levels,1 hour,4.5,24,626,"Rp149,000",6/2025,0,0,0,https://www.udemy.com/course/effective-communication-for-remote-teams-l/
Technical Communications for Engineers & IT Professionals,5587800,Dean Armada,"Communication Skills, Other IT & Software, IT & Software",Communication,All Levels,1 hour,4.3,134,439,"Rp149,000",10/2023,0,0,0,https://www.udemy.com/course/techcomm/
13 Tips To Improve Your Communication Skills Today,699904,Pradeep Aggarwal,"Communication Skills, Personal Transformation, Personal Development",Communication,All Levels,35 mins,3.8,26,2305,"Rp149,000",12/2015,0,0,0,https://www.udemy.com/course/13-tips-to-improve-your-communication-skills-today/
Business Communication Skills in Conversations & Networking,6200441,Fahad Virk,"Business Communication, Communication, Business",Communication,All Levels,1.5 hours,4.4,7,418,"Rp149,000",9/2024,0,0,0,https://www.udemy.com/course/business-communication-skills-in-conversations-networking/
Effective Communication & Presentation Mastery,5566928,F Gerald Arun Dass,"Presentation Skills, Communication, Business",Communication,All Levels,2 hours,4.7,11,41,"Rp149,000",4/2024,0,0,18,https://www.udemy.com/course/present-like-a-champion-by-gad/
Get Hired: Job Winning Communication & Interpersonal Skills,3986670,SATISH KUMAR SAHANI,"Communication Skills, Personal Transformation, Personal Development",Communication,All Levels,4 hours,4.4,13,1329,"Rp149,000",6/2023,0,0,0,https://www.udemy.com/course/master-communication-and-interpersonal-skills-to-get-job/
Industry Readiness Programme - Corporate Communication,4106578,Akshay Sunil,"Business Communication, Career Development, Personal Development",Communication,Beginner,1.5 hours,4.4,39,87,"Rp199,000",2/2026,3,0,1,https://www.udemy.com/course/irp-corporatecommunication/
Strategic AI Communication: Leading Successful AI Projects,6943505,"Data Universe, DCDG Partners","Artificial Intelligence (AI), Generative AI (GenAI), AI Ethics and Governance, Business Analytics & Intelligence, Business",Communication,All Levels,1.5 hours,4.5,168,482,"Rp169,000",1/2026,0,0,0,https://www.udemy.com/course/strategic-ai-communication-leading-successful-ai-projects/
Sales Leadership in the AI Era,6870521,"Starweaver Experts, Paul Siegel, Andreas Loizou, Julian Jenkins, Joao Freitas","Business Strategy, Business",Communication,Intermediate,5.5 hours,4.5,14,488,"Rp149,000",4/2026,32,0,17,https://www.udemy.com/course/mastering-strategic-sales-leadership/
"WHY POSITIVE INTERNAL COMMUNICATION AVOIDS ""QUIET QUITTING""",4637214,Dr. Nadine Karam,"Business Communication, Communication, Business",Communication,All Levels,1.5 hours,4.3,21,1081,"Rp149,000",9/2022,0,0,8,https://www.udemy.com/course/the-importance-of-internal-communication-in-the-workplace/
Future Communication Skills Master Class TM,5010890,"Dr. Noble Arya Full-Stack Data Scientist, AI/ML/DL Researcher","Communication Skills, Communication, Business",Communication,All Levels,44 mins,4.4,4,477,"Rp149,000",12/2022,0,0,0,https://www.udemy.com/course/future-communication-skills-master-class-tm/
Persuasion: The Art of Communication,923498,Bigger Brains,"Persuasion, Communication Skills, Other Personal Development, Personal Development",Communication,All Levels,1.5 hours,4.2,2,7,"Rp149,000",7/2023,0,0,2,https://www.udemy.com/course/persuasion-the-art-of-communication/
Elite Communication Skills to get What you Want with Words,1199794,Andrew PM Tse,"Conversation Skills, Social Skills, Communication Skills, Influence Skills, Influence",Communication,All Levels,32 mins,3.9,156,1603,"Rp149,000",12/2017,0,0,0,https://www.udemy.com/course/elite-communication-skills-to-get-what-you-want-with-words/
Email Writing Mastery: Etiquette & Workplace Communication,5019382,Aakaro Consulting,"Email Writing and Etiquette, Communication, Business",Communication,All Levels,1.5 hours,4.2,358,4456,"Rp149,000",3/2026,2,0,11,https://www.udemy.com/course/email-etiquette-for-personal-and-corporate-branding/
How To Improve Communication In Organization,2641164,Eric Yeboah,"Business Communication, Communication, Business",Communication,All Levels,2 hours,3.5,14,35,"Rp149,000",7/2025,0,0,0,https://www.udemy.com/course/how-to-improve-communication-in-organisation/
Business Communication | Write Effective Work Emails,5244144,Crystal Tummala,"Business Communication, Email Writing and Etiquette, Business Writing, Office Productivity, Communication",Communication,All Levels,1.5 hours,4.2,8,28,"Rp149,000",6/2025,0,0,3,https://www.udemy.com/course/sharpen-your-email-writing-etiquette-skills-for-business/
Body Language & Nonverbal Communication for Business,5370746,"Luca Moschini, Acupressure ThatWorks","Nonverbal Communication, Body Language, Business Communication, Emotional Intelligence, Leadership",Communication,All Levels,1 hour,4.5,400,958,"Rp149,000",3/2026,7,0,0,https://www.udemy.com/course/nonverbal-communication-for-business-and-personal-life/
Self-Advocacy: Be Your Own Champion,3449304,Shelley Osborne,"Assertiveness, Influence, Personal Development",Communication,Beginner,43 mins,4.6,2845,16215,Free,11/2023,1,0,1,https://www.udemy.com/course/self-advocacy/
Four Keys to Communication,4852052,Robin Dreeke,"Communication Skills, Leadership, Career Development, Personal Development",Communication,Intermediate,37 mins,4.6,415,4050,Free,6/2025,0,0,0,https://www.udemy.com/course/four-keys-to-communication/
Vital Communication: learn fundamental interpersonal skills.,3323398,Jerome Washington,"Communication Skills, Life Purpose, Self-Esteem, Personal Transformation, Personal Development",Communication,Beginner,1 hour,4.5,508,4887,Free,1/2022,0,0,0,https://www.udemy.com/course/vital-communication/
Effective Communication and Listening Skills,7043057,Kamini Bhasin,"Career Development, Personal Development",Communication,Intermediate,37 mins,4.5,24,341,Free,2/2026,0,0,5,https://www.udemy.com/course/effective-communication-and-listening-skills/
Mastering Communication in the Workplace,5947896,Ashmita Khutia,"Communication, Business",Communication,All Levels,1 hour,4.5,63,689,Free,4/2024,0,0,0,https://www.udemy.com/course/mastering-communication-in-the-workplace/
Communication Craft World | Communication Mastery,5887670,Sunil Tatkar,"Communication, Business",Communication,All Levels,1.5 hours,4.3,16,253,Free,4/2025,1,0,0,https://www.udemy.com/course/communication-mastery-a-happy-skills-growth-course-1-of-5/
Communication Styles for Stronger Social Skills,2339264,Jack Tsao,"Communication Skills, Influence, Personal Development",Communication,All Levels,43 mins,4.3,2531,47864,Free,4/2019,0,0,2,https://www.udemy.com/course/communication-styles-for-stronger-social-skills/
Champion Your Communication - The Fundamentals,5426240,Tunde Vajda MA BA CMgr MCMI FIoL Chartered MCIPD,"Communication Skills, Leadership, Personal Development",Communication,All Levels,40 mins,4.6,109,1186,Free,7/2023,0,0,54,https://www.udemy.com/course/champion-your-communication-the-fundamentals/
Strategic Communication Mastery for Acelerated Career Growth,4953386,Billiard Training Academy,"Career Development, Work Life Balance, Personal Development",Communication,All Levels,1 hour,4.5,36,1737,Free,7/2025,1,0,0,https://www.udemy.com/course/get-promoted-at-your-workplace-within-a-year/
Communication Blueprint,3827558,Ankit Ravindra Jain,"Communication Skills, Online Education, Teaching & Academics",Communication,Beginner,1 hour,4.5,85,1392,Free,2/2021,0,0,0,https://www.udemy.com/course/ankitrjaincommunicationblueprint/
Effective Communication Skills,3799366,Poonam Ashok Patil,"Communication Skills, Language Learning, Teaching & Academics",Communication,All Levels,1 hour,4.3,769,10514,Free,1/2021,0,0,0,https://www.udemy.com/course/effective-communication-skills-j/
Conversations for Connection and Communication,6544697,Stephany Zoo,"Communication Skills, Business Communication, Nonverbal Communication, Conflict Management, Communication",Communication,Beginner,33 mins,4.6,152,1417,Free,4/2025,0,0,2,https://www.udemy.com/course/conversations/
Free communication skill tips for great emails and meetings,4628286,Chris Fenning,"Communication Skills, Business Communication, Meetings, Communication, Business",Communication,Beginner,35 mins,4.5,1244,13196,Free,6/2024,1,0,6,https://www.udemy.com/course/free-communication-skill-tips-for-great-emails-and-meetings/
Learn communication skill from scratch,3286930,Neha Adure,"Communication Skills, Personal Transformation, Personal Development",Communication,Beginner,43 mins,4.0,544,15036,Free,7/2020,0,0,0,https://www.udemy.com/course/learn-communication-skill-from-scratch/
How to Facilitate Effective Communication and Engagement,1459342,"GREENSAFE INTERNATIONAL PTE. LTD., Dioworks Group","Workplace Health and Safety, Communication Skills, Communication, Business",Communication,Expert,1.5 hours,4.7,6179,21231,Free,11/2019,0,0,0,https://www.udemy.com/course/8-facilitate-effective-communication-and-engagement/
Top 10 Soft Skills Needed For Career Success,5637772,Dathathreyalu TP,"Soft Skills, Public Speaking, Presentation Skills, Communication Skills, Career Development",Communication,Beginner,1 hour,3.9,589,4774,Free,5/2025,0,0,0,https://www.udemy.com/course/soft-skills-top-10-soft-skills-needed-for-career-success/
Non-Verbal Communication for the Workplace,6667077,"Julie Blint, Persefone Coaching","Nonverbal Communication, Body Language, Voice Training, Public Speaking, Communication",Communication,All Levels,1.5 hours,4.3,57,814,Free,8/2025,0,0,12,https://www.udemy.com/course/non-verbal-communication-for-the-workplace/
Communication Strategies#1 Understanding The Big Picture,3763042,Dr. Martina Carroll-Garrison,"Communication Skills, Other Personal Development, Personal Development",Communication,All Levels,39 mins,4.2,422,4120,Free,1/2021,0,0,0,https://www.udemy.com/course/communication-strategies1-understanding-the-big-picture/
Corporate/Professional Etiquettes and inter-personal skills,5861012,SG Pharma Trainings,"Etiquette, Career Development, Personal Development",Communication,Beginner,2 hours,4.5,142,1259,Free,3/2024,0,0,0,https://www.udemy.com/course/corporateprofessional-etiquettes-and-inter-personal-skills/
Communicate to Win: Mastering Business Communication,5694946,Ielts Perfectionist,"Business Communication, Communication, Business",Communication,Beginner,N/A,4.3,162,1375,"Rp199,000",1/2025,0,0,0,https://www.udemy.com/course/communicate-to-win-mastering-business-communication/
Effective Communication: Motivational Interviewing Part 1,2961708,Casey Jackson,"Personal Transformation, Change Management, Communication Skills, Personal Development",Communication,Beginner,32 mins,4.6,263,3318,Free,3/2021,0,0,0,https://www.udemy.com/course/the-physics-of-behavior-change/
A World of Difference: Exploring Intercultural Communication,64846,"Philip Thompsen, Bessie Lawton, Anita Foeman","Cultural Awareness, Sociology, Communication Skills, Communication, Business",Communication,All Levels,1 hour,4.5,3819,27270,Free,10/2015,0,0,3,https://www.udemy.com/course/intercultural/
"Communication Skills to Attract, Impress & Convince Anyone",4107386,Skills On Demand,"Communication Skills, Business Communication, Public Speaking, Communication, Business",Communication,Expert,2 hours,4.3,268,7904,Free,4/2022,0,0,0,https://www.udemy.com/course/communication-skills-to-attract-impress-convince-anyone/
"Empathetic Communication: At Work, Home & Beyond",6750455,Dina Torkhani,"Other Personal Development, Personal Development",Communication,All Levels,1 hour,4.4,18,981,Free,8/2025,0,0,4,https://www.udemy.com/course/empathetic-communication-at-work-home-beyond/
English Communication at Workplace for Non Native Speakers,6479603,Hendi Pratama,"Communication Skills, Personal Development, Business Communication, Career Development",Communication,Beginner,1 hour,4.5,100,1237,Free,2/2025,0,0,0,https://www.udemy.com/course/communication-at-workplace-for-non-native-speakers/
Understanding Corporate Communication,4173602,Dr. Ujjwal Bikram Khadka,"Business Communication, Leadership, Management Coaching, Communication, Business",Communication,Beginner,1 hour,4.1,124,1708,Free,8/2021,0,0,4,https://www.udemy.com/course/understanding-corporate-communication/
Technical Communication 101,5525714,Kyle Nielson,"Communication Skills, Personal Transformation, Personal Development",Communication,Beginner,1.5 hours,4.5,144,1668,Free,8/2023,0,0,12,https://www.udemy.com/course/technicalcommunication101/
Communication Skills Class 10 Information Technology,4193240,Prabh Kirpa Classes,"Communication Skills, Other Teaching & Academics, Teaching & Academics",Communication,All Levels,2 hours,4.3,43,1537,Free,7/2021,0,0,0,https://www.udemy.com/course/communication-skills-class-10-information-technology/
Non-Verbal Communication & Body Language Mastery for Leaders,6547715,Meg Online Courses,"Nonverbal Communication, Communication, Business",Communication,All Levels,38 mins,4.2,12,455,Free,3/2025,0,0,1,https://www.udemy.com/course/non-verbal-communication-body-language-mastery-for-leaders/
Business English Complete: English for Professionals,4842942,"David Morris, Andrew OHagan","Business English, Business Communication, English Vocabulary, Language Learning, Teaching & Academics",Communication,All Levels,52 hours,4.5,3401,25491,"Rp169,000",4/2026,40,0,90,https://www.udemy.com/course/business-english-complete/
Soft Skills: The 11 Essential Career Soft Skills,1546424,TJ Walker,"Soft Skills, Career Development, Personal Development",Communication,All Levels,39 hours,4.6,10004,94777,"Rp489,000",1/2026,9,0,104,https://www.udemy.com/course/soft-skills-the-11-essential-career-soft-skills/
Speak Like a Pro: Public Speaking for Professionals,2296344,Jennifer Hennings,"Public Speaking, Anxiety Management, Presentation Skills, Communication Skills, Communication",Communication,Beginner,1 hour,4.6,25380,63908,"Rp169,000",2/2023,0,0,17,https://www.udemy.com/course/speak-like-a-pro-public-speaking-for-professionals/
Difficult Conversations: Communication Skills at Work,7013027,"Bhanu Sri, Kavitha Kavitha","Difficult Conversations, Communication Skills, Interpersonal Feedback, Conflict Management, Communication",Communication,Beginner,2.5 hours,4.9,34,41,"Rp149,000",4/2026,0,0,17,https://www.udemy.com/course/difficult-conversations-at-work/
Leadership Through The Art Of Masterful Communication,1739952,Adam Piandes,"Communication Skills, Leadership, Influence Skills, Self-Awareness, Personal Development",Communication,All Levels,2 hours,4.5,3995,10629,"Rp149,000",6/2018,0,0,12,https://www.udemy.com/course/the-art-of-masterful-communication/
Communication Skills: What to Say After a Mistake at Work,7030593,Nuruzzaman Faruqui,"Business Communication, Communication, Business",Communication,All Levels,3.5 hours,4.9,137,2054,"Rp149,000",2/2026,7,0,7,https://www.udemy.com/course/communication-skills-what-to-say-after-a-mistake-at-work/
Leadership: You Can Speak Like a Leader,362548,"TJ Walker, Media Training Worldwide Digital","Leadership, Public Speaking, Career Development, Personal Development",Communication,All Levels,34.5 hours,4.6,3686,66335,"Rp149,000",4/2025,11,0,106,https://www.udemy.com/course/how-to-speak-like-a-leader/
Communicating with Confidence: 15 Ways to up your game,5604666,Diane Flynn,"Communication Skills, Leadership, Personal Development",Communication,All Levels,1 hour,4.6,4416,13600,"Rp149,000",12/2024,0,0,7,https://www.udemy.com/course/communicating-with-confidence/
Business Communication and Ethics in Organizations,4522368,OZIS Academy,"Business Communication, Ethics, Humanities, Teaching & Academics",Communication,All Levels,21.5 hours,4.4,979,9952,"Rp149,000",11/2024,0,0,42,https://www.udemy.com/course/business-communication-and-ethics-designed-in-year-2022/
Meaningful conversations: communicate what really matters,6378679,"CRFT Productions, Sarah ROZENTHULER","Communication Skills, Business Communication, Nonverbal Communication, Listening Skills, Communication",Communication,All Levels,1.5 hours,4.7,21,188,"Rp149,000",1/2025,0,0,0,https://www.udemy.com/course/meaningful-conversations/
Speak English Fluently: Master Your Real-Life Communication,6589779,Ramune Kavaliauskaite,"English Language, Language Learning, Teaching & Academics",Communication,All Levels,2.5 hours,4.7,290,10183,"Rp149,000",1/2026,5,0,20,https://www.udemy.com/course/speak-english-fluently-master-your-real-life-communication/
Active Listening With Empathy: Soft Skills To Take Feedback,2676410,Alex Genadinik,"Interpersonal Feedback, Business Communication, Communication Skills, Listening Skills, Communication",Communication,Beginner,3 hours,4.6,8259,33172,"Rp149,000",3/2026,0,0,20,https://www.udemy.com/course/active-listening-skills/
Listening Skills - The Ultimate Workplace Soft Skills,1563628,TJ Walker,"Listening Skills, Soft Skills, Workplace Design, Career Development, Personal Development",Communication,All Levels,35.5 hours,4.5,6957,64796,"Rp149,000",1/2026,9,0,104,https://www.udemy.com/course/listening-skills-the-ultimate-workplace-soft-skills/
How to Win Hearts : The Ultimate Communication Course,6678467,Sarim Hassan Shahab,"Communication Skills, Leadership, Personal Development",Communication,Beginner,1.5 hours,5.0,1,115,"Rp149,000",12/2025,0,0,0,https://www.udemy.com/course/how-to-win-hearts-the-ultimate-communication-course/
Career Accelerator: Communication & Productivity,6062823,Edonion Team,"Business Communication, Management, Business",Communication,All Levels,1.5 hours,4.6,12,558,"Rp149,000",2/2026,7,0,3,https://www.udemy.com/course/corporate-101/
Communication Excellence for Project Success: 6 PDUs PMI PMP,5102544,"Stevan Beslac, PMP","Project Management, Business Communication, PMI Project Management Professional (PMP), Meetings, Communication",Communication,All Levels,4.5 hours,4.4,1088,4576,"Rp149,000",3/2026,9,0,0,https://www.udemy.com/course/manage-project-communications-impeccably-6-pdus-pmi-pmp_project_guard/
Effective communications skills for business (updated 2026),2539510,David Inman FRICS CEnv,"Communication Skills, Negotiation, Presentation Skills, Business Communication, Communication",Communication,Beginner,1 hour,3.9,3969,59436,"Rp149,000",2/2026,0,0,0,https://www.udemy.com/course/effective-communications-skills-for-business/
Marketing Communication | Integrated Marketing Communication,3528176,Dr. Muhammad Tahir Jan,"Marketing Strategy, Marketing Fundamentals, Marketing",Communication,All Levels,1 hour,4.6,1537,5190,"Rp149,000",3/2026,1,0,0,https://www.udemy.com/course/marketing-communication/
Effective Communication Techniques for Business Growth,6219295,David Soto,"Communication, Business",Communication,Beginner,4 hours,4.3,4,8,"Rp149,000",10/2024,0,0,0,https://www.udemy.com/course/effective-communication-techniques-for-business-growth/
Communication Skills: How to Have Meaningful Conversations,6350811,Hans Heijnen,"Communication Skills, Communication, Business",Communication,All Levels,1.5 hours,4.7,89,2020,"Rp149,000",5/2025,0,0,1,https://www.udemy.com/course/the-fundamentals-of-excellent-conversations/
Communication Skills to Speak Your Truth and Hear Others,4267374,Julie Lawrence,"Communication Skills, Emotional Intelligence, Management Skills, Personal Transformation, Personal Development",Communication,All Levels,3 hours,4.7,40,258,"Rp149,000",9/2021,17,0,40,https://www.udemy.com/course/how-to-speak-your-truth-and-be-heard/
Relationship Fundamentals: Improving Your Communication,5152224,Aaron Jarrels,"Relationship Building, Parenting & Relationships, Personal Development",Communication,Beginner,31 mins,4.5,26,1144,"Rp149,000",9/2025,10,0,2,https://www.udemy.com/course/couples-relationship-skills-improving-your-communication/
Couple's Relationship Skills: Rebuild Communication,6572115,Aaron Jarrels,"Relationship Building, Parenting & Relationships, Personal Development",Communication,All Levels,32 mins,4.8,89,1341,"Rp149,000",4/2025,8,0,0,https://www.udemy.com/course/couples-relationship-skills-rebuild-communication/
Change Management Communication: How to Make Change Stick,4758526,Carla Howard,"Business Communication, Communication, Business",Communication,Intermediate,1.5 hours,4.5,1705,5293,"Rp149,000",9/2022,0,0,29,https://www.udemy.com/course/change-management-communication-how-to-make-change-stick/
Business Analysis & Communication,3550272,Neeraj Saini,"Business Analysis, Entrepreneurship, Business",Communication,All Levels,3 hours,4.6,53,900,"Rp149,000",2/2021,28,0,3,https://www.udemy.com/course/business-analysis-communication/
Master The Art of Body Language & Boost Your Confidence!,506266,"Dr. Roy Naraine, Adam Naraine","Body Language, Communication Skills, Nonverbal Communication, Confidence, Entrepreneurship",Communication,All Levels,2 hours,4.5,711,8279,"Rp149,000",8/2023,3,0,1,https://www.udemy.com/course/the-art-of-body-language/
Motivation: You Can Become a Motivational Speaker,341472,"TJ Walker, Media Training Worldwide Digital, Jess Todtfeld","Public Speaking, Personal Transformation, Personal Development",Communication,All Levels,19.5 hours,4.5,4312,41283,"Rp149,000",4/2026,11,0,106,https://www.udemy.com/course/how-to-be-a-motivational-speaker/
Best ways to improve your interpersonal communication,1869352,Asaf Halbani Batan,"Communication Skills, Personal Productivity, Personal Development",Communication,All Levels,1.5 hours,4.1,10,38,"Rp149,000",9/2018,0,0,0,https://www.udemy.com/course/best-ways-to-improve-your-interpersonal-communication/
Communication Skills: Emotional Intelligence Coaching,2247700,Robin Hills,"Emotional Intelligence, Communication, Business",Communication,Intermediate,4.5 hours,4.6,1491,6167,"Rp149,000",3/2026,8,0,9,https://www.udemy.com/course/emotional-intelligence-coaching/
Business English: Master Communication for Success,6247037,Catherine Fulton,"Business English, Language Learning, Teaching & Academics",Communication,Intermediate,10 hours,4.5,12,45,"Rp149,000",10/2025,0,0,3,https://www.udemy.com/course/professionalbusinessenglish/
Leadership Become a better leader,4540466,Jamal Lazaar,"Leadership, Communication Skills, Management Skills, Management, Business",Communication,All Levels,2 hours,4.3,1355,4430,"Rp149,000",2/2026,13,0,0,https://www.udemy.com/course/leadership-become-a-better-leader/
Business Writing: Technical Writing & Communication Skills,176138,"Starweaver Experts, Paul Siegel, Daniel Graham","Business Writing, Business Strategy, Business Fundamentals, Technical Writing, Content Marketing",Communication,All Levels,4 hours,4.6,8337,43661,"Rp149,000",4/2026,1,0,68,https://www.udemy.com/course/business-writing-immersion/
Interpersonal skills & communication skills in workplace,3950840,Bartosz Maryjka,"Personal Development, Business Development, Communication Skills, Communication, Business",Communication,All Levels,1.5 hours,4.3,143,6696,"Rp149,000",6/2021,0,0,2,https://www.udemy.com/course/work-better-with-others/
Understand Your Multigenerational Workforce For Team Harmony,6376861,Expert Academy,"Diversity and Inclusion, Leadership, Communication Skills, Conflict Management, Human Resources",Communication,All Levels,44 mins,5.0,3,6,"Rp149,000",1/2025,1,0,6,https://www.udemy.com/course/understand-your-multigenerational-workforce-for-team-harmony/
Essential Leadership Skills for New Managers,6306085,"Salvatore Princi Academy, Salvatore Princi | Official Udemy Partner","Leadership, Management Skills, Communication Skills, Management, Business",Communication,All Levels,3 hours,4.5,425,1666,Free,1/2026,3,0,27,https://www.udemy.com/course/new-managers/
Write Like a Boss: Master Your Business Writing Skills,2323926,"Elizabeth Goins, Ph.D.","Persuasion, Writing, Communication Skills, Business Writing, Communication",Communication,All Levels,1.5 hours,4.5,18106,52419,"Rp149,000",12/2025,1,0,6,https://www.udemy.com/course/master-business-writing-skills/
Assertive Communication: 15 Rights and Principles Explained,6075693,"Lucia Grosaru, M.A. Psy.","Assertiveness, Self-Esteem, Confidence, Communication Skills, Personal Transformation",Communication,All Levels,42 mins,4.9,25,448,"Rp149,000",7/2025,0,0,0,https://www.udemy.com/course/assertive-communication-15-rights-and-principles-explained/
Communication Skills for Beginners Power of Attention & Care,2963378,Jan Ekhteyari,"Communication Skills, Other Personal Development, Personal Development",Communication,All Levels,40 mins,4.0,457,37611,"Rp239,000",2/2024,3,0,0,https://www.udemy.com/course/how-to-be-more-likable-and-sweet/
Civility in the Workplace,6164975,Edukite Online,"Personal Transformation, Personal Development",Communication,All Levels,2.5 hours,3.6,11,159,"Rp149,000",9/2024,0,0,0,https://www.udemy.com/course/civility-in-the-workplace/
Corporate Communication Skills : From Campus to Corporate,6681401,Label Labs .ai,"Soft Skills, Business Communication, Communication Skills, Other Personal Development, Personal Development",Communication,Beginner,1.5 hours,5.0,1,6,"Rp149,000",11/2025,0,0,1,https://www.udemy.com/course/business-communication-skills-en/
Basic Communication Skills,4443248,Monisha Mitra,"Communication Skills, Personal Transformation, Personal Development",Communication,All Levels,1 hour,4.2,510,7596,"Rp149,000",1/2022,0,0,1,https://www.udemy.com/course/communication-skills-simplified/
Master Public Speaking Skill: Public Speaking Certification,7089263,School of Professional Psychology,"Public Speaking, Leadership, Personal Development",Communication,All Levels,1 hour,4.9,31,76,"Rp149,000",4/2026,0,0,0,https://www.udemy.com/course/the-art-of-public-speaking-storytelling-influence-mastery/
The Ultimate Communication Skills Course,6206511,NextGenaro -The Team with International Industry Expertise,"Communication, Business",Communication,All Levels,5 hours,4.2,N/A,2,"Rp149,000",8/2025,0,0,28,https://www.udemy.com/course/communicate-with-impact/
Customer Service Success: Take Your Skills to the Next Level,3321062,Viktoriya Maya,"Customer Service, Sales, Business",Communication,All Levels,8.5 hours,4.4,5227,27534,"Rp149,000",3/2026,25,0,56,https://www.udemy.com/course/customer-service-success-take-your-skills-to-the-next-level/
Mastering Leadership Communication,4697454,Paul Banoub,"Communication Skills, Communication, Business",Communication,All Levels,1 hour,4.8,4,11,"Rp169,000",6/2022,0,0,0,https://www.udemy.com/course/mastering-leadership-communication/
Effective Communication skills,465254,Shameela Yoosuf Ali,"Communication Skills, Self-Esteem, Communication, Business",Communication,All Levels,34 mins,4.0,57,453,"Rp149,000",5/2019,0,0,0,https://www.udemy.com/course/effective-communication-skills1/
The Art of Storytelling in Communication and Presentation,3302248,Ngan Tran _Harvard Leadership Graduate,"Storytelling, Presentation Skills, Communication Skills, Leadership, Personal Development",Communication,All Levels,1.5 hours,4.4,175,658,"Rp149,000",8/2021,0,0,4,https://www.udemy.com/course/the-art-of-storytelling-in-communication-and-presentation/
Management Skills Certification Course (Now with AI!),482564,"Davis Jones, Eazl.ai Courseware, Ludell Jones","Management Skills, Leadership, Management, Business",Communication,Expert,5 hours,4.5,11977,63343,"Rp499,000",11/2025,3,0,0,https://www.udemy.com/course/new-manager-training/
Talking Your Way to a Better Life,889846,Louisa Link-McDowell,"Relationship Building, Personal Transformation, Personal Development",Communication,All Levels,1.5 hours,5.0,5,77,"Rp149,000",2/2021,0,0,3,https://www.udemy.com/course/talking-your-way-to-a-better-life/
Double Your Social Skills and Instantly Connect With People,423092,"Jimmy Naraine • Official Udemy Partner, Jimmy Naraine Support","Social Skills, Self Esteem & Confidence, Personal Development",Communication,All Levels,6.5 hours,4.4,1651,17778,"Rp149,000",12/2023,0,0,36,https://www.udemy.com/course/double-your-social-skills-and-instantly-connect-with-people/
2-Course Bundle: Boundaries and Goal-Setting Strategies,4485554,"Lucia Grosaru, M.A. Psy.","Goal Setting, Social Skills, Social Psychology, Personal Transformation, Personal Development",Communication,All Levels,2.5 hours,4.9,22,2780,"Rp149,000",7/2025,0,0,0,https://www.udemy.com/course/2-course-bundle-boundaries-and-goal-setting-strategies/
Personal Development & Social Skills: 7-Course Bundle,6793065,"Lucia Grosaru, M.A. Psy.","Personal Development, Social Skills, Toxic Relationship Coping, Personal Transformation",Communication,All Levels,10 hours,4.9,14,648,"Rp149,000",8/2025,0,0,0,https://www.udemy.com/course/personal-development-social-skills-7-course-bundle/
How To Handle Criticism: The Assertive Way (Course Bundle),5917828,"Lucia Grosaru, M.A. Psy.","Confidence, Self-Esteem, Assertiveness, Communication Skills, Self Esteem & Confidence",Communication,All Levels,3 hours,5.0,26,106,"Rp149,000",7/2025,0,0,0,https://www.udemy.com/course/how-to-handle-criticism-the-assertive-way-course-bundle/
Legal English Complete: Master Legal Communication,6409551,David Morris,"Legal English, English Language, Business English, Language Learning, Teaching & Academics",Communication,All Levels,11 hours,4.7,335,2805,"Rp159,000",3/2026,0,0,2,https://www.udemy.com/course/legal-english-complete/
Speak to Inspire: The Ultimate Communication Skills Course,6330373,Ahmed Mahmoud,"Communication Skills, Public Speaking, Presentation Skills, Body Language, Management",Communication,All Levels,7.5 hours,4.4,9,127,"Rp149,000",2/2025,0,0,6,https://www.udemy.com/course/speak-to-inspire-the-ultimate-communication-skills-course/
How to Have Difficult Conversations: Beginner's Guide,526000,Markus Amanto,"Difficult Conversations, Communication Skills, Emotional Intelligence, Management, Business",Communication,All Levels,1 hour,4.5,19844,48687,"Rp149,000",3/2026,5,0,8,https://www.udemy.com/course/talks-about-challenging-topics/
Build Authentic Relationships using Emotional Intelligence,639348,Robin Hills,"Emotional Intelligence, Communication, Business",Communication,Intermediate,3.5 hours,4.6,1712,8556,"Rp149,000",3/2026,9,0,15,https://www.udemy.com/course/interpersonal-relationships/
Stakeholder Management for Project Managers,3788984,Luciano Garagna,"Stakeholder Management, Project Management, Business",Communication,Intermediate,1.5 hours,4.5,3664,13698,"Rp149,000",12/2025,10,0,6,https://www.udemy.com/course/the-project-management-smart-toolbox/
Communication Skills for Professional Growth,6739955,Kemal Mustefa Rashid,"Communication Skills, Career Development, Personal Development",Communication,Beginner,1 hour,4.3,2,3,"Rp149,000",7/2025,0,0,0,https://www.udemy.com/course/communication-skills-for-professional-growth/
"“Confident Communication for Teachers: Speak, Lead, Inspire”",5467664,Rumaa Dey,"English Language, Communication Skills, Teacher Training, Teaching & Academics",Communication,All Levels,40 mins,3.1,5,33,"Rp149,000",6/2025,35,0,0,https://www.udemy.com/course/effective-communication-skills-for-teachers/
Body Language / Non-Verbal Communication for Leaders,6528501,"Media Training Worldwide Digital, Peter Alkema","Communication Skills, Communication, Business",Communication,All Levels,1.5 hours,4.9,16,1913,"Rp149,000",3/2025,0,0,0,https://www.udemy.com/course/body-language-non-verbal-communication-for-leaders-d/
Powerfully Honest Communication: Speak Boldly & Build Trust,3259644,Daniel Munro,"Confidence, Relationship Building, Toxic Relationship Coping, Influence, Personal Development",Communication,All Levels,3 hours,4.6,164,7056,"Rp149,000",3/2026,6,0,0,https://www.udemy.com/course/powerful-honesty-communication-relationships-skills/
Being Assertive with Emotional Intelligence,4066472,Robin Hills,"Assertiveness, Communication, Business",Communication,Beginner,1 hour,4.5,23,140,"Rp149,000",8/2025,6,0,6,https://www.udemy.com/course/being-assertive-with-emotional-intelligence/
Communication Psychology & Advanced Skills (Certified),3834212,"Bassel Imbabi, MBA","Communication Skills, Business Communication, Cognitive Behavioral Therapy (CBT), Neuro-Linguistic Programming (NLP), Communication",Communication,All Levels,3.5 hours,4.4,41,296,"Rp149,000",3/2021,0,0,2,https://www.udemy.com/course/comm-psychology-and-advanced-skills/
Public Relations/Media Relations for Start-ups,5883258,Pasha Academy,"Public Relations, Marketing",Communication,All Levels,7 hours,5.0,46,803,"Rp149,000",4/2025,0,0,0,https://www.udemy.com/course/public-relations-for-startups/
Write Great Emails - Effective communication skills at work,4921700,Chris Fenning,"Email Writing and Etiquette, Email Productivity Hacks, Business Communication, Communication Skills, Communication",Communication,All Levels,1 hour,4.2,216,9118,"Rp149,000",10/2022,3,0,3,https://www.udemy.com/course/write-great-emails-effective-communication-skills-at-work/
"Diploma In Public Speaking, Communication & Presentation",6354097,Rahul Monga,"Public Speaking, Nonverbal Communication, Presentation Skills, Communication Skills, Communication",Communication,All Levels,16 hours,4.4,30,2310,"Rp149,000",12/2025,12,0,100,https://www.udemy.com/course/public-speaking-communication-skills-presentation/
Communication & Better Relationships: How to be Likeable,1065962,Life Progression Project,"Relationship Building, Personal Transformation, Personal Development",Communication,All Levels,1.5 hours,4.3,262,11104,"Rp149,000",10/2019,1,0,3,https://www.udemy.com/course/how-to-be-likeable/
Complete Communication Course for Professionals,3882708,Christine Ogolla,"Business Communication, Communication Skills, Communication, Business",Communication,All Levels,2 hours,4.2,21,59,"Rp149,000",9/2021,0,0,0,https://www.udemy.com/course/complete-management-communication-course-for-businesses/
Job Interview Skills: First Impression to Final Offer,5904838,SkillXpand (Company),"Career Development, Personal Development",Communication,All Levels,1 hour,5.0,2,3,"Rp149,000",4/2024,2,0,0,https://www.udemy.com/course/job-interview-skills-first-impression-to-final-offer/
"Communication skills, personal development and negotiation",1737476,Mihai Alexandru Gafar,"Conflict Management, Communication Skills, Management, Business",Communication,All Levels,1.5 hours,4.1,83,2508,"Rp149,000",12/2018,0,0,4,https://www.udemy.com/course/communication-skills-for-resolving-conflict/
Managing Millennials & Gen Z in the Workplace,6488525,Qlab University,"Professional Agile Leadership (PAL I), Leadership, Personal Development",Communication,Beginner,38 mins,4.6,54,558,"Rp149,000",7/2025,2,0,4,https://www.udemy.com/course/interaction-between-generations/
Master Cross-Cultural Communication for a Successful Career,6580031,Yasmin Hedjri,"Communication Skills, Business Communication, Career Development, Personal Development",Communication,All Levels,1 hour,4.8,10,24,"Rp149,000",10/2025,0,0,0,https://www.udemy.com/course/master-cross-cultural-communication-for-a-successful-career/
Communication Skills 101: Mastering Communication Strategies,5119204,Sue Tsang,"Communication Skills, Communication, Business",Communication,Beginner,1 hour,4.3,33,88,"Rp149,000",1/2023,8,0,17,https://www.udemy.com/course/communication-skills-101-mastering-communication-strategies/
Storytelling for Science Communication,4099676,Ginny Smith,"Storytelling, Communication Skills, Science, Teaching & Academics",Communication,Beginner,1 hour,4.4,262,641,"Rp149,000",7/2021,1,0,1,https://www.udemy.com/course/storytelling-for-scicomm/
Advanced Product Management: Leadership & Communication,2013544,"Cole Mercer, Evan Kimbrell","Product Management, Product Ownership, Business Communication, Leadership, Management",Communication,Intermediate,4.5 hours,4.6,3879,26793,"Rp149,000",12/2025,7,0,57,https://www.udemy.com/course/advanced-product-management-2-leadership-communication/
Email and Business Writing Etiquette for Corporate Employees,4450912,Magine Solutions Team,"Email Writing and Etiquette, Communication, Business",Communication,All Levels,4.5 hours,4.7,6683,14314,"Rp149,000",7/2023,22,0,0,https://www.udemy.com/course/email-writing-etiquette-for-business-communication/
Business English Vocabulary: Learn 600 Essential Words,1207536,Charlie English Language Tutor,"Business English, English Vocabulary, Language Learning, Teaching & Academics",Communication,All Levels,16 hours,4.7,3390,24036,"Rp149,000",11/2025,2,0,176,https://www.udemy.com/course/business-english-vocabulary/
Team Management and Communication Skills,5798544,Mihai Alexandru Gafar,"Difficult Conversations, Leadership, Communication Skills, Empathy, Personal Development",Communication,Beginner,1 hour,4.7,24,1017,"Rp149,000",4/2024,0,0,0,https://www.udemy.com/course/difficult-conversations-team-management-with-confidence/
Public Speaking & Communication: Skills Mastery,206886,Desmond Byram,"Public Speaking, Presentation Skills, Communication, Business",Communication,All Levels,4.5 hours,4.5,2739,15880,"Rp149,000",2/2026,3,0,41,https://www.udemy.com/course/sparkwords/
Internal Communication Comprehensive Course,5807026,Kareem Al Banna,"Business Communication, Communication, Business",Communication,All Levels,1 hour,4.1,54,630,"Rp149,000",2/2024,0,0,0,https://www.udemy.com/course/internal-communication-comprehensive-course/
Customer Service Essentials: Soft Skills for Career Success,1436164,Samara Wenten,"Customer Service, Soft Skills, Career Development, Personal Development",Communication,Beginner,39 mins,4.6,40733,93037,"Rp149,000",5/2025,4,0,0,https://www.udemy.com/course/customer-service-soft-skills-fundamentals/
Master Psychological Barriers to Effective Communication,6221367,"Julie Blint, Persefone Coaching","Business Communication, Stress Management, Confidence, Psychology, Communication",Communication,All Levels,1 hour,4.6,12,1120,"Rp149,000",8/2025,0,0,30,https://www.udemy.com/course/psychological-barriers-to-effective-communication/
Speak Up! Stand Out and be HAPPY,8849,Alexa Fischer,"Public Speaking, Personal Development, Happiness, Influence, Communication",Communication,All Levels,2.5 hours,4.7,587,8145,"Rp149,000",3/2020,0,0,0,https://www.udemy.com/course/speak-up/
Customer Service and Sales: Empathetic Communication,6018018,"Business Foundry, David Morris","Business Communication, Customer Service, Sales Skills, Empathy, Communication",Communication,All Levels,3 hours,4.7,505,3257,"Rp149,000",9/2024,0,0,0,https://www.udemy.com/course/customer-service-and-sales-empathetic-communication/
Communicate Better!,343598,"Michele Poff, PhD","Communication Skills, Parenting & Relationships, Personal Development",Communication,All Levels,1.5 hours,3.9,42,2039,"Rp149,000",3/2020,1,0,5,https://www.udemy.com/course/get-happier-relationships/
Leadership Presence 30 Day Challenge,907054,Kara Ronin,"Leadership, Personal Branding, Confidence, Career Development, Personal Development",Communication,Beginner,1 hour,4.0,50,545,"Rp149,000",9/2021,3,0,39,https://www.udemy.com/course/leadership-presence-30-day-challenge/
Communication skills and strategies for effective sales,3802018,Jakub Barc,"Communication Skills, Sales Skills, Sales, Business",Communication,All Levels,43 mins,4.0,66,7238,"Rp149,000",1/2021,0,0,0,https://www.udemy.com/course/communication-skills-and-strategies-for-effective-sales/
Mastering Leadership in Cybersecurity Oversight,6796867,"Starweaver Experts, Paul Siegel, Mark Peters","IT Certifications, IT & Software",Communication,Expert,3.5 hours,4.7,15,703,"Rp149,000",4/2026,18,0,5,https://www.udemy.com/course/mastering-leadership-in-cybersecurity-oversight/
Master Soft Skills,5939868,"Ash Pachauri, Ivan Ransom","Soft Skills, Communication Skills, Personal Transformation, Personal Development",Communication,Beginner,37 mins,4.6,22,378,"Rp149,000",6/2025,6,0,0,https://www.udemy.com/course/coaching-academy-soft-skills-training-1/
Be Effective in Communication - Achieve Great Results,4559264,Pam Jackson PhD,"Communication Skills, Nonverbal Communication, Career Development, Personal Development",Communication,All Levels,3 hours,4.9,6,1013,"Rp149,000",5/2022,0,0,9,https://www.udemy.com/course/being-effective-in-communication/
Great Communication and Customer Service - a fresh look!,138972,David Barrowman,"Communication Skills, Customer Service, Operations, Business",Communication,Beginner,1.5 hours,4.6,81,1445,"Rp149,000",12/2014,0,0,0,https://www.udemy.com/course/customerservice/
The Complete Leadership Mastery Course,3755396,"TJ Walker, Sunil Robert, Media Training Worldwide Digital","Leadership, Management, Business",Communication,All Levels,12.5 hours,4.4,515,46631,"Rp149,000",1/2026,4,0,0,https://www.udemy.com/course/the-complete-leadership-mastery-course/
Management Skills Masterclass - Management & Leadership,5548474,Salil Dhawan,"Management Skills, Leadership, Manager Training, Communication Skills, Human Resources",Communication,All Levels,10.5 hours,4.5,1057,3815,"Rp149,000",1/2026,2,0,62,https://www.udemy.com/course/management-skill/
Becoming an Empathetic Person and Leader,3990214,Soufiane El Alaoui,"Empathy, Conflict Management, Listening Skills, Communication Skills, Leadership",Communication,All Levels,2.5 hours,4.6,515,1902,"Rp149,000",3/2026,7,0,6,https://www.udemy.com/course/becoming-an-empathic-leader/
Master Spanish for the Professional World,6697053,"CRFT Productions, Melina Alto","Spanish Language, Business Communication, Communication, Business",Communication,All Levels,1.5 hours,4.9,32,93,"Rp149,000",8/2025,0,0,1,https://www.udemy.com/course/spanish-for-the-professional-world/
Assertiveness at Work - Accelerate Your Career,799812,"Dr. Roy Naraine, Adam Naraine","Assertiveness, Communication Skills, Nonverbal Communication, Body Language, Career Development",Communication,All Levels,1.5 hours,4.4,1641,7237,"Rp149,000",3/2023,3,0,1,https://www.udemy.com/course/assertiveness-at-work-accelerate-your-career/
Communication Essentials - Boost your Confidence & Influence,5044442,John Godoy,"Communication Skills, Communication, Business",Communication,All Levels,1.5 hours,4.6,20,67,"Rp149,000",10/2023,0,0,22,https://www.udemy.com/course/communication-essentials-boost-your-confidence-influence/
Fundamentals of Business Communication for Managers,6668665,Namrata Vyas,"Business Communication, Communication, Business",Communication,Beginner,3 hours,5.0,1,1,"Rp149,000",6/2025,0,0,7,https://www.udemy.com/course/fundamentals-of-business-communication/
The 7-Day Small Talk Mastery Challenge!,5763558,Inge Martens,"Communication Skills, English Conversation, Business Communication, Conversation Skills, Language Learning",Communication,Intermediate,30 mins,4.3,58,2039,"Rp149,000",3/2024,5,0,0,https://www.udemy.com/course/the-7-day-small-talk-mastery-challenge-for-marketing-profess/
Brief Soft Skills Training for IT professionals,6140613,Svetoslav Atmadzhov,"Soft Skills, Emotional Intelligence, Other Personal Development, Personal Development",Communication,All Levels,41 mins,4.6,7,153,"Rp149,000",8/2024,0,0,1,https://www.udemy.com/course/brief-soft-skills-training-for-it/
Empathy Training & Leadership Skills at Work 2026,6729043,"Hitesh Patel, Prameela B","Empathy, Management, Business",Communication,All Levels,4.5 hours,4.6,364,1530,"Rp149,000",12/2025,0,0,95,https://www.udemy.com/course/everyday-empathy-at-work-emotional-intelligence-skills/
Social & Communication Skills for Introverts,2799666,Felipe Yanez,"Social Skills, Leadership, Personal Development",Communication,All Levels,2 hours,4.2,38,229,"Rp149,000",5/2020,0,0,0,https://www.udemy.com/course/develop-the-magnetic-networker-within-you/
Leadership Skills: Learn Vigilant Leadership & Conquer Today,5103656,Peter Alkema,"Leadership, Management, Business",Communication,Beginner,20 hours,4.5,538,1688,"Rp149,000",11/2025,9,0,82,https://www.udemy.com/course/vigilant-leadership-skills/
Email Etiquette: Essential Skill for Corporate Communication,5915688,"Learn Anywhere, Learn Anywhere, Learn Anywhere","Communication, Business",Communication,Beginner,1 hour,4.3,19,1398,"Rp149,000",4/2024,2,0,2,https://www.udemy.com/course/email-masterclass/
Ultimate Speaking Mastery: Learn How To Influence Anybody,6106569,Waqas Hassan,"Communication Skills, Public Speaking, Career Development, Personal Development",Communication,All Levels,3.5 hours,4.6,75,6149,"Rp149,000",12/2024,0,0,0,https://www.udemy.com/course/ultimate-speaking-mastery/
Master Conflict De-Escalation To Boost Team Cohesion,6763343,"Expert Academy, Lahcen Bouya","Conflict Management, Difficult Conversations, Team Building, Leadership, Management",Communication,All Levels,42 mins,4.6,26,30,"Rp149,000",4/2026,1,0,0,https://www.udemy.com/course/master-conflict-de-escalation-to-boost-team-cohesion/
Mastering Assertiveness and Communication,4216740,Dr. Jeremy Sutton,"Assertiveness, Positive Thinking, Positive Psychology, Communication Skills, Self Esteem & Confidence",Communication,All Levels,1 hour,4.2,50,6412,"Rp149,000",6/2025,0,0,11,https://www.udemy.com/course/mastering-assertiveness-and-assertive-communication-skills-cbt/
Communicating with Traditional Japanese Companies,7025331,Aun Communication,"Business Communication, Communication, Business",Communication,All Levels,1 hour,4.8,16,21,"Rp149,000",1/2026,0,0,0,https://www.udemy.com/course/aunonlinecoursetjc2/
Communication Skills for Project Managers - 2 PDUs,6453177,Tim Fairley,"Project Management, Communication Skills, Business",Communication,All Levels,2.5 hours,4.7,15,880,"Rp149,000",1/2026,1,0,0,https://www.udemy.com/course/communication-skills-for-project-managers-2-pdus/
Persuasive Communication : The Art of Verbal Communication,3973876,"Ullas Ponnadi, Keerthana Ullas, Babuji Abraham","Communication Skills, Personal Transformation, Personal Development",Communication,All Levels,1.5 hours,4.6,15,53,"Rp149,000",11/2023,0,0,2,https://www.udemy.com/course/persuasive-communication-b/
Mastering Cross Culture Communication-A Comprehensive Course,6157255,Prince Patni,"Communication, Business",Communication,All Levels,31 mins,3.8,50,6277,"Rp149,000",8/2024,1,0,0,https://www.udemy.com/course/mastering-cross-culture-communication-a-comprehensive-course/
Effective Communication Strategies for Personal and Professi,6460107,James Walker Dong,"Personal Development, Communication Skills, Career Development",Communication,Beginner,4.5 hours,4.7,9,366,"Rp249,000",6/2025,0,0,0,https://www.udemy.com/course/effective-communication-strategies-for-personal-and-professi/
Better Virtual Meetings: How to Lead Effective Meetings,2128424,Hassan Osman,"Meetings, Manager Training, Business Communication, Communication Skills, Management",Communication,Beginner,1 hour,4.6,19251,62177,"Rp149,000",9/2024,1,0,2,https://www.udemy.com/course/better-virtual-meetings-how-to-lead-effective-meetings/
Effective English Communication for Career & Personal Growth,5675818,"Vipan Sharma, Lakshmi Venkatesh","Communication Skills, Career Development, Personal Development",Communication,All Levels,7 hours,4.5,N/A,2,"Rp249,000",2/2026,0,0,0,https://www.udemy.com/course/effective-communication-skills-in-english/
"Powerful, Confident Body Language for Business Women",1284952,Kara Ronin,"Body Language, Personal Brand Building, Personal Development",Communication,All Levels,1.5 hours,4.6,1692,5362,"Rp149,000",4/2026,2,0,25,https://www.udemy.com/course/powerful-confident-body-language-for-women/
Mastering Communication Through Personal Dynamic,5796402,Suzana Ester Car,"Communication Skills, Personal Development, Relationship Building, Personal Productivity",Communication,All Levels,1.5 hours,5.0,3,7,"Rp149,000",4/2024,1,0,11,https://www.udemy.com/course/mastering-communication-through-personal-dynamic/
What AI can't replace: Interpersonal Communication Skills,4560626,Robert Kadar,"Body Language, Negotiation, Decision Making, Personal Transformation, Personal Development",Communication,All Levels,3 hours,4.3,19,78,"Rp159,000",2/2023,13,0,12,https://www.udemy.com/course/win-in-life-with-interpersonal-communication-skills/
Personality: Understanding Different People,1946226,Robin Hills,"Communication Skills, Teamwork, Emotional Intelligence, Communication, Business",Communication,All Levels,2 hours,4.5,36,1285,"Rp149,000",11/2025,6,0,10,https://www.udemy.com/course/social-styles/
Technical English for IT and Data Science Professionals,6651483,Abdurrahman TEKIN,"English Language, English Grammar, English Vocabulary, English Pronunciation, Language Learning",Communication,All Levels,68 hours,4.6,15,796,"Rp149,000",8/2025,0,0,0,https://www.udemy.com/course/everyday-english-40-essential-sentences-for-beginners/
The art of facilitation: learn how to lead a working group,4618262,Jamal Lazaar,"Facilitation, Meetings, Communication Skills, Communication, Business",Communication,All Levels,1.5 hours,4.6,2597,9041,"Rp149,000",2/2026,9,0,1,https://www.udemy.com/course/the-art-of-facilitation/
Confident Communication and Powerful Public Speaking,2620176,Jennah Mitchell,"Communication Skills, Business Communication, Stress Management, Personal Development",Communication,Beginner,1 hour,4.7,12,62,"Rp149,000",7/2020,0,0,1,https://www.udemy.com/course/confident-communication-and-public-speaking/
60 Minutes To Confident And Comfortable Communication,3949196,Adele Louise de Caso,"Communication Skills, Confidence, Self Esteem & Confidence, Personal Development",Communication,Beginner,1 hour,4.6,28,1046,"Rp149,000",3/2022,0,0,2,https://www.udemy.com/course/60-minutes-to-confident-and-comfortable-communication/
"Effective Communication Lab: 100% Practice, 0% Theory",6540225,Zohra Oudrahem,"Career Development, Personal Development",Communication,Beginner,33 mins,5.0,1,16,"Rp149,000",4/2025,0,0,0,https://www.udemy.com/course/effective-communication-lab-100-practice-0-theory/
Mastering Communication - Mindfully,5889668,Unanda Bell,"Communication, Business",Communication,All Levels,33 mins,5.0,2,249,"Rp149,000",3/2024,0,0,0,https://www.udemy.com/course/mastering-communication-mindfully/
Effective Communication 101: Find Your Voice,5925434,Pranayna KC,"Communication Skills, Self Esteem & Confidence, Personal Development",Communication,Beginner,1 hour,5.0,2,4,"Rp149,000",5/2024,0,0,0,https://www.udemy.com/course/effective-communication-101-find-your-voice/
"Business Communication Skills: Emails, Meetings & Presenting",7056107,Anjali Kumari,"Business Communication, Communication, Business",Communication,Beginner,1.5 hours,4.7,N/A,2,"Rp149,000",3/2026,0,0,1,https://www.udemy.com/course/business-communication-skills-for-professionals/
The Ultimate Body Language For Business Course,6062223,"Expert Academy, Lahcen Bouya","Business Communication, Career Development, Personal Development",Communication,All Levels,2.5 hours,4.5,75,2328,"Rp149,000",4/2026,0,0,24,https://www.udemy.com/course/body-language-in-business/
Hybrid Work Environments: What Actually Works,6991721,Rijul Arora,"Working Remotely, Company Culture, Leadership, Human Resources, Business",Communication,All Levels,2 hours,4.8,37,494,"Rp149,000",1/2026,1,0,1,https://www.udemy.com/course/hybrid-work-environments-what-actually-works/
Effective Communication Skills for Sports Coaches,6705027,Jelena Lukić Nikolić,"Sports Coaching, Communication Skills, Career Development, Personal Development",Communication,All Levels,1.5 hours,4.9,6,12,"Rp149,000",7/2025,2,0,5,https://www.udemy.com/course/effective-communication-skills-for-sports-coaches/
Next Level Conversation: Improve Your Communication Skills,2401810,Steve Anthony,"Conversation Skills, Self-Esteem, Social Skills, Communication Skills, Personal Transformation",Communication,All Levels,1.5 hours,4.3,685,6212,"Rp149,000",11/2021,0,0,6,https://www.udemy.com/course/next-level-conversation-drastically-improve-conversations/
Psychological Communication for Leaders,6595021,Dr. Sora Pazer,"Leadership, Communication, Business",Communication,All Levels,3.5 hours,4.7,N/A,1,"Rp149,000",5/2025,0,0,0,https://www.udemy.com/course/psychological-communication-for-leaders/
Communication Skills for Successful Leadership,6085211,Ervin Zenelaj,"Leadership, Personal Development",Communication,All Levels,2 hours,4.7,3,5,"Rp149,000",7/2024,0,0,0,https://www.udemy.com/course/communication-skills-for-successful-leadership/
Nonverbal Communication Techniques for Business Success,5322614,Vasco Patrício,"Business Communication, Body Language, Communication Skills, Communication, Business",Communication,All Levels,2 hours,4.5,172,705,"Rp149,000",9/2024,1,0,18,https://www.udemy.com/course/nonverbals/
Communication Mastery for Managers: How to Talk Like a CEO,618888,Dan O'Connor,"Communication Skills, Business Communication, Nonverbal Communication, Personal Development, Career Development",Communication,All Levels,44 mins,4.0,456,8569,"Rp149,000",12/2017,1,0,4,https://www.udemy.com/course/communication-mastery-for-managers-how-to-talk-like-a-ceo/
"Life Skills: Become Assertive, Be YOU With Confidence",4909600,"Robert Brown, Ph.D.","Assertiveness, Communication Skills, Personal Transformation, Personal Development",Communication,All Levels,2.5 hours,4.6,3,20,"Rp149,000",7/2025,0,0,1,https://www.udemy.com/course/life-skills-how-to-be-assertive-without-being-a-jerk/
How to Communicate Better,1294008,L.D. Sewell Publications and Training,"Communication Skills, Communication, Business",Communication,All Levels,1 hour,3.4,13,48,"Rp149,000",9/2017,1,0,0,https://www.udemy.com/course/how-to-communicate-better/
The Essential Guide for Effective Managers,2215064,Marie Deveaux,"Communication Skills, Emotional Intelligence, Employee Performance Management, Manager Training, Management",Communication,Beginner,1 hour,4.4,11036,26997,"Rp149,000",7/2025,1,0,12,https://www.udemy.com/course/the-essential-guide-for-effective-managers/
Mastering Virtual Communication & Digital Etiquette,6584641,WorkDesign Consulting,"Communication, Business",Communication,Beginner,41 mins,5.0,13,1617,"Rp149,000",5/2025,4,0,7,https://www.udemy.com/course/mastering-virtual-communication-digital-etiquette/
Public Speaking: Confident Presentations & Communication,6238781,"Banza Academy, Maryna Kiper","Public Speaking, Personal Development, Communication Skills, Communication, Business",Communication,All Levels,2 hours,4.6,26,43,"Rp149,000",3/2026,1,0,0,https://www.udemy.com/course/public-speaking-banza/
Pitch Deck Hero: Business Presentation and Communication,5632224,"MTF Institute of Management, Technology and Finance","Presentation Skills, Public Speaking, PowerPoint, Communication Skills, Management",Communication,All Levels,1 hour,4.5,469,27077,"Rp149,000",9/2024,0,0,12,https://www.udemy.com/course/professional-diploma-in-business-presentation-and-communication/
Learn Effective Communication Skills for Business Success,6552043,Nadia Juwad,"Communication, Business",Communication,Beginner,1.5 hours,3.0,1,1,"Rp149,000",4/2025,0,0,0,https://www.udemy.com/course/learn-effective-communication-skills-for-business-success/
"Introvert Leadership | Confidence, Trust & Quiet Strength",2481694,Crystal Tummala,"Resilience, Emotional Intelligence, Confidence, Communication Skills, Management",Communication,All Levels,1.5 hours,4.6,4,831,"Rp149,000",10/2025,2,0,2,https://www.udemy.com/course/build-confidence-self-esteem-quickly-free-yourself/
English Communication Skills for Engineers,1212730,David Boughton,"Business English, English Language, Business Communication, Language Learning, Teaching & Academics",Communication,All Levels,5.5 hours,4.3,479,2201,"Rp149,000",11/2023,1,0,6,https://www.udemy.com/course/english-for-engineers/
Crisis Management Masterclass - Business Continuity,6161059,Salil Dhawan,"Crisis Management, Business Continuity Management, Emergency Management, Disaster Recovery, Management",Communication,All Levels,2.5 hours,4.7,396,1075,"Rp149,000",1/2026,0,0,2,https://www.udemy.com/course/crisis-management-masterclass/
Leadership Skills for Project Managers,6759129,"Ray Harkins, The Manufacturing Academy, Stacey Schroeder","Project Management, Management Skills, Soft Skills, Leadership, Management",Communication,All Levels,1.5 hours,4.5,616,1224,"Rp149,000",3/2026,0,0,14,https://www.udemy.com/course/leadership-skills-for-project-managers/
Master Communication Fundamentals with Practice Tests,6474191,Bee In IT,"Communication Skills, Communication, Business",Communication,All Levels,N/A,4.5,1,2,"Rp149,000",2/2025,0,0,0,https://www.udemy.com/course/master-communication-fundamentals-with-practice-tests/
Mastering your own communication: The fundamentals,1269024,Richard Saunders,"Communication Skills, Influence, Personal Development",Communication,All Levels,1 hour,4.4,2341,14673,"Rp149,000",4/2020,0,0,0,https://www.udemy.com/course/mastering-your-own-communication-the-fundamentals/
Mastering Business Analysis Communications Level 1,2491414,Teresa Bennett,"Business Analysis, Communication Skills, Business Analytics & Intelligence, Business",Communication,Beginner,1.5 hours,4.3,19,54,"Rp149,000",4/2020,0,0,0,https://www.udemy.com/course/mastering-business-analysis-communications/
PREVENT Gaslighting And Manipulation In The Workplace,5341406,Alex Genadinik,"Human Resources, Bullying Prevention, Communication Skills, Communication, Business",Communication,Beginner,2 hours,4.5,320,2709,"Rp149,000",4/2025,1,0,8,https://www.udemy.com/course/gaslighting-in-the-workplace/
Top 10 Soft Skills for Career Success in the Age of AI,6655165,Alina B.,"Personal Transformation, Personal Development",Communication,All Levels,1 hour,4.5,3,23,"Rp149,000",6/2025,0,0,0,https://www.udemy.com/course/top-10-soft-skills-for-career-success-in-the-age-of-ai/
Mastering Executive Presentations,6155043,"Deborah Grayson Riegel, Daisy Lovelace","Presentation Skills, Communication, Business",Communication,All Levels,1.5 hours,4.3,378,1590,"Rp1,799,000",12/2025,0,0,24,https://www.udemy.com/course/mastering-executive-presentations-j/
Body Language For Business 2: Building Rapport And Trust,5965346,Expert Academy,"Body Language, Nonverbal Communication, Business Communication, Decision Making, Communication",Communication,All Levels,38 mins,4.7,N/A,17,"Rp159,000",5/2024,0,0,6,https://www.udemy.com/course/body-language-for-business-2-building-rapport-and-trust/
Communication and Data-Storytelling Skills,6954755,Yasser El Dershaby,"Business Communication, Communication, Business",Communication,All Levels,3.5 hours,5.0,3,487,"Rp149,000",3/2026,3,0,7,https://www.udemy.com/course/communication-and-data-storytelling-skills/
"Mastering Effective Communication Skills: Speak,Listen,Lead",6633691,"TELCOMA Global | Leading Since 2009 | 75,000+ Students","Communication Skills, Personal Transformation, Personal Development",Communication,All Levels,3 hours,4.5,N/A,1,"Rp149,000",5/2025,0,0,0,https://www.udemy.com/course/mastering-effective-communication-skills-speaklistenlead/
Technical Communication Using AI for Technical Professionals,5902744,RougeNeuron Academy,"Communication Skills, Technical Writing, Business Communication, ChatGPT, Communication",Communication,Beginner,2 hours,4.4,872,6848,"Rp199,000",3/2026,7,0,22,https://www.udemy.com/course/technical-communication-using-ai-chatgpt/
Assertive Communication: Award-Winning Assertiveness Course,2057665,Experts Zone,"Communication Skills, Assertiveness, Self Esteem & Confidence, Personal Development",Communication,All Levels,40 mins,3.8,136,1739,"Rp149,000",1/2019,0,0,0,https://www.udemy.com/course/total-assertiveness-training-communication-skills-course/
Social Skills & Communication Skills for Introverts,4872886,Felipe Yanez,"Social Skills, Communication Skills, Confidence, Small Talk, Personal Transformation",Communication,All Levels,3 hours,4.4,13,125,"Rp149,000",9/2022,0,0,0,https://www.udemy.com/course/social-skills-communication-skills/
Master Body Language for Leadership Success,6621037,ISO Horizon,"Public Speaking, Emotional Intelligence, Personal Transformation, Personal Development",Communication,All Levels,5.5 hours,4.9,5,6,"Rp149,000",3/2026,0,0,0,https://www.udemy.com/course/master-body-language-for-leadership-success/
"Nonverbal Communication: Body Language, Charm, Lie Detection",3775106,Karlo Krznarić,"Body Language, Communication Skills, Nonverbal Communication, Soft Skills, Communication",Communication,All Levels,1.5 hours,4.5,206,7218,"Rp149,000",1/2021,0,0,0,https://www.udemy.com/course/nonverbal-communication/
Feedback & Performance Management (Now with AI!),1211916,"Davis Jones, Andy Angelos, Eazl.ai Courseware","Employee Performance Management, Communication Skills, Interpersonal Feedback, Human Resources, Business",Communication,All Levels,3 hours,4.6,4671,18848,"Rp149,000",11/2025,4,0,0,https://www.udemy.com/course/the-essentials-of-giving-and-receiving-feedback/
Body Language & NonVerbal Communication for Leaders/Managers,6307707,Andy Edwards,"Nonverbal Communication, Communication, Business",Communication,All Levels,1 hour,4.6,217,995,"Rp149,000",11/2025,1,0,1,https://www.udemy.com/course/body-language-nonverbal-communication-for-leadersmanagers/
Effective Communication Skills for Healthcare Professionals,6465673,Bespoke Learning Solutions,"Caregiving, General Health, Health & Fitness",Communication,All Levels,2 hours,4.4,18,1582,"Rp149,000",5/2025,11,0,1,https://www.udemy.com/course/communication-in-care/
Certified 1:1 Meeting Leader: Effective One-on-Ones [EN],6422245,PapaHR ⇢ 1.6M+ Enrollments • 500+ HR Courses • 30 Languages AI in HR | Analytics | Talent | Comp&Ben | HRCI | SHRM-CP | PHRi,"Meetings, Management, Business",Communication,All Levels,3 hours,4.6,17,8450,"Rp149,000",3/2026,1,0,6,https://www.udemy.com/course/managers-guide-to-effective-11/
Public Speaking for People Who Hate Public Speaking,343316,"TJ Walker, Media Training Worldwide Digital","Public Speaking, Career Development, Personal Development",Communication,All Levels,1 hour,4.5,405,60718,"Rp149,000",1/2026,7,0,3,https://www.udemy.com/course/public-speaking-for-people-who-hate-public-speaking/
Communication Skills and Personality Development,4580156,Fredrick Ezeh (PMP Certified),"Communication Skills, Personal Transformation, Personal Development",Communication,All Levels,1.5 hours,4.4,37,388,"Rp149,000",3/2022,0,0,0,https://www.udemy.com/course/communication-skills-and-personality-development/
Communication Skills Starter Pack,4423320,Arman Chowdhury,"Communication Skills, Leadership, Personal Development",Communication,Beginner,7.5 hours,4.3,20,2525,"Rp149,000",7/2025,0,0,0,https://www.udemy.com/course/soft-skills-starter-pack/
Intro to communication skills,1946904,Linda G Robert,"Communication Skills, Listening Skills, Communication, Business",Communication,Beginner,4.5 hours,4.4,113,3768,"Rp149,000",2/2025,0,0,3,https://www.udemy.com/course/communication-skills-for-the-beginners/
Crisis Communication: Essential Skills for Crisis Management,2608254,Laurie B.,"Crisis Management, Communication Skills, Communication, Business",Communication,All Levels,1 hour,4.4,737,2445,"Rp149,000",9/2024,0,0,0,https://www.udemy.com/course/learn-crisis-communication-skills/
Ignite your Soft Skills for Career Growth,6236345,Mithun Kamath,"Career Development, Soft Skills, Emotional Intelligence, Personal Development",Communication,Beginner,1 hour,4.8,10,25,"Rp149,000",11/2024,0,0,11,https://www.udemy.com/course/ignite-your-soft-skills-for-career-growth/
Cross-Cultural Communication Today – Level up with AI Power,6571191,JF Kaertner,"Communication Skills, Neuro-Linguistic Programming (NLP), Management Skills, Cultural Awareness, Communication",Communication,All Levels,3 hours,4.8,18,375,"Rp149,000",8/2025,1,0,12,https://www.udemy.com/course/cross-cultural-communication-today-level-up-with-ai-power/
Fundamentals of Healthcare Communication,179108,Healthcare Career Development Academy,"Healthcare, Communication Skills, Communication, Business",Communication,Beginner,1.5 hours,4.6,998,2144,"Rp149,000",7/2014,0,0,0,https://www.udemy.com/course/fundamentals-of-healthcare-communication/
Written Communication: Improve Your Business Writing Skills,1349594,Debbie McCusker,"Writing, Communication Skills, Communication, Business",Communication,Beginner,1 hour,4.3,249,1592,"Rp149,000",4/2020,0,0,1,https://www.udemy.com/course/written-communication-basics-for-business/
Master Business English Vocabulary: Business Communication,5568322,"Business Foundry, David Morris","Business English, English Vocabulary, Business Communication, Language Learning, Teaching & Academics",Communication,All Levels,6 hours,4.5,58,1713,"Rp149,000",1/2024,6,0,0,https://www.udemy.com/course/master-business-english-vocabulary-business-communication/
Body Language / Non-Verbal Communication for Leaders,6279037,Daniyal Faheem,"Nonverbal Communication, Body Language, Business Communication, Communication, Business",Communication,All Levels,1 hour,5.0,4,307,"Rp149,000",11/2024,0,0,0,https://www.udemy.com/course/body-language-non-verbal-communication-for-managers/
Leadership Essentials for New Managers 2.0 (A to Z),6472899,Dr. José Prabhu J,"Leadership, Manager Training, Communication, Business",Communication,All Levels,17.5 hours,4.6,160,4950,"Rp149,000",6/2025,0,0,0,https://www.udemy.com/course/leadership-essentials-for-new-managers/
Become the Leader on Effective Workplace Communication,323448,Gordon Adelsberg,"Business Communication, Communication Skills, Sales Skills, Presentation Skills, Communication",Communication,All Levels,32 mins,4.0,366,1850,"Rp299,000",5/2020,0,0,3,https://www.udemy.com/course/communication-fundamentals-1-structure/
"Learn Boundaries, Communication & Assertiveness Skills",79802,"Jef Gazley, M.S., LMFT","Assertiveness, Communication Skills, Communication, Business",Communication,All Levels,1.5 hours,4.2,100,533,"Rp149,000",9/2013,0,0,0,https://www.udemy.com/course/learn-boundaries-communication-assertiveness-skills/
Executive Diploma in Business Presenting Skills,5201664,"MTF Institute of Management, Technology and Finance","Investor Pitching, Presentation Skills, Storytelling, Business Case, Communication",Communication,All Levels,1 hour,4.5,546,33404,"Rp149,000",12/2025,2,0,2,https://www.udemy.com/course/securing-the-budget-for-your-project-with-a-winning-pitch-deck/
Communication Mini Masterclass - Become a Conversation Pro,4365948,Jayme Wium,"Communication Skills, Other Personal Development, Personal Development",Communication,All Levels,1 hour,4.5,219,7594,"Rp149,000",11/2021,0,0,11,https://www.udemy.com/course/communication-mini-masterclass-be-more-engaging-get-what-you-want/
Inner Game of Communication,4801662,Aditya Guthey,"Communication Skills, Career Development, Personal Development",Communication,Beginner,1.5 hours,4.8,4,9,"Rp1,799,000",4/2023,0,0,9,https://www.udemy.com/course/inner-game-of-communication/
Art of communication: NVC the Nonviolent Communication,3447498,Borbáth Katalin,"Communication Skills, Personal Transformation, Personal Development",Communication,All Levels,44 mins,3.5,12,34,"Rp499,000",10/2020,28,0,0,https://www.udemy.com/course/art-of-communication-nvc/
Communication Skills for Remote Teams (Accredited),5966242,Stage12 Training,"Working Remotely, Work Life Balance, Communication Skills, Hybrid Teams, Communication",Communication,All Levels,2 hours,4.2,11,360,"Rp149,000",2/2025,0,0,5,https://www.udemy.com/course/managing-your-remote-teams-effective-and-inclusive/
Active Listening Master Course: How to Improve Communication,6040690,New Anthem Learning,"Listening Skills, Personal Transformation, Personal Development",Communication,Beginner,1.5 hours,4.6,22,256,"Rp149,000",7/2024,0,0,1,https://www.udemy.com/course/active-listening-master-course-class-how-to-improve-communication/
Guiguzi's Psychology: Decoding 18 Flaws of Human Nature,6583325,Wonder Orient,"Psychology, Persuasion, Personal Development, Communication Skills, Influence",Communication,Beginner,1.5 hours,4.9,270,1512,"Rp149,000",4/2025,0,0,0,https://www.udemy.com/course/guiguzis-psychology-decoding-18-flaws-of-human-nature/
"Mastering Leadership Communication: Speak, Listen, Persuade",6043658,Shawn & Shanon,"Leadership, Personal Development, Business Communication, Communication Skills",Communication,All Levels,2 hours,4.6,38,76,"Rp149,000",6/2024,0,0,25,https://www.udemy.com/course/mastering-leadership-communication-speak-listen-persuade/
"Emotional Intelligence, Mindfulness and Empathy Training",6398273,Mel Brandy,"Emotional Intelligence, Mindfulness, Communication Skills, Personal Transformation, Personal Development",Communication,All Levels,35 mins,4.7,8,275,"Rp249,000",1/2025,0,0,0,https://www.udemy.com/course/emotional-intelligence-mindfulness-and-empathy-training/
Negotiation Skills: Strategies for Career & Workplace,6791709,PowerToFly Courses,"Negotiation, Business Strategy, Communication Skills, Communication, Business",Communication,All Levels,30 mins,5.0,2,14,"Rp149,000",10/2025,1,0,2,https://www.udemy.com/course/mastering-the-art-of-negotiation/
Master Course in Public Speaking,5023752,Dr. José Prabhu J,"Public Speaking, Personal Development, Public Relations, Communication, Business",Communication,All Levels,1 hour,4.1,308,28646,"Rp149,000",7/2025,0,0,0,https://www.udemy.com/course/public-speaking-leadership/
Effective Business Communication,2652646,Tom Eddington,"Business Communication, Communication, Business",Communication,All Levels,1 hour,4.5,2,11,"Rp149,000",12/2019,0,0,0,https://www.udemy.com/course/effective-business-communication/
The Top 10 Power Skills you Need,4323528,Ahmed Elsamahi,"Soft Skills, Personal Networking, Communication Skills, Career Development, Personal Development",Communication,Beginner,1.5 hours,4.5,23,1263,"Rp149,000",11/2021,0,0,0,https://www.udemy.com/course/the-top-10-soft-skills-you-need/
Managing the Flow of Communication with Impact,6628501,Pulane Alphoncinah Mokhitli,"Business Communication, Communication, Business",Communication,All Levels,1 hour,4.9,4,756,"Rp149,000",6/2025,20,0,20,https://www.udemy.com/course/managing-the-flow-of-communication-with-impact/
How to write a KILLER COMMUNICATION PLAN in seven easy steps,3147188,"Lynne Tomlinson, Wade Henderson, Madeline Henderson","Business Communication, Communication, Business",Communication,All Levels,1 hour,4.2,37,133,"Rp159,000",10/2021,0,0,4,https://www.udemy.com/course/how-to-write-a-killer-communication-plan-in-seven-easy-steps/
Transform Your Career with Confident English Presentation,6722849,Megumi Morise,"Presentation Skills, Communication, Business",Communication,All Levels,7 hours,5.0,2,35,"Rp149,000",8/2025,3,0,4,https://www.udemy.com/course/englishbusinesspresentations_communication/
Mastering Assertive Communication,6253515,Amy Ontiveros,"Communication Skills, Personal Transformation, Personal Development",Communication,All Levels,1 hour,5.0,2,230,"Rp149,000",10/2024,0,0,1,https://www.udemy.com/course/mastering-assertive-communication-h/
Speak with Impact: Communicate with Clarity and Confidence,6643383,Luke Hannan,"Public Speaking, Business Communication, Communication Skills, Communication, Business",Communication,All Levels,3 hours,3.9,5,34,"Rp149,000",7/2025,0,0,6,https://www.udemy.com/course/speak_with_impact/
Improve Your Active Listening And Communication Skills,6798345,Expert Academy,"Listening Skills, Nonverbal Communication, Business Communication, Communication Skills, Management",Communication,All Levels,42 mins,4.6,N/A,N/A,"Rp149,000",11/2025,1,0,0,https://www.udemy.com/course/improve-your-active-listening-and-communication-skills/
Social Skills & People Success Masterclass,3897360,Alain W.,"Social Skills, Communication Skills, Career Development, Personal Development",Communication,All Levels,3.5 hours,4.4,122,14707,"Rp149,000",11/2023,2,0,1,https://www.udemy.com/course/boost-your-social-skills-communicate-better-with-people/
Emotional Intelligence Mastery Certification Complete Course,6793937,icourse Academy,"Emotional Intelligence, Other Lifestyle, Lifestyle",Communication,All Levels,6 hours,4.7,9,2391,"Rp149,000",8/2025,0,0,0,https://www.udemy.com/course/emotional-intelligence-personal-growth-and-success-skills/
Conflict Management,1986316,Lecturio GmbH,"Conflict Management, Communication, Business",Communication,All Levels,2 hours,4.3,14,68,"Rp149,000",12/2018,0,0,0,https://www.udemy.com/course/conflict-management-online-course/
Business English for Networking Success!!,6423793,Mana Dowlatshahi Yeganeh,"Business Communication, Personal Development, English Language, Business Fundamentals, Language Learning",Communication,All Levels,10 hours,4.7,3,385,"Rp149,000",3/2026,5,0,0,https://www.udemy.com/course/business-english-for-networking-success/
Project Management Fundamentals,5411594,Expert Academy,"Project Management, Project Scheduling, Project Planning, Business",Communication,All Levels,42 mins,4.5,1,2,"Rp149,000",6/2023,0,0,6,https://www.udemy.com/course/project-management-fundamentals-tv/
Dealing With Criticism: The Assertive Way,1359578,"Lucia Grosaru, M.A. Psy.","Assertiveness, Communication Skills, Social Skills, Emotional Intelligence, Self Esteem & Confidence",Communication,All Levels,1 hour,4.3,61,4141,"Rp149,000",7/2025,0,0,1,https://www.udemy.com/course/dealing-with-criticism-the-assertive-way/
Professional Communication,5846944,Dr. Swati Chakraborty,"Career Development, Personal Development",Communication,All Levels,20 hours,3.8,2,7,"Rp149,000",8/2025,4,0,0,https://www.udemy.com/course/professional-communication/
Public Speaking at Work: Articulate Your Value,4748724,"Patrick Howell, CiPP Master Coach and Trainer","Public Speaking, Facilitation, Presentation Skills, Career Development, Personal Development",Communication,All Levels,2 hours,4.6,47,400,"Rp149,000",9/2024,5,0,11,https://www.udemy.com/course/public-speaking-and-presenting-at-work-masterclass/
Certified HR English Practitioner: Fluency & Confidence [EN],6628939,PapaHR ⇢ 1.6M+ Enrollments • 500+ HR Courses • 30 Languages AI in HR | Analytics | Talent | Comp&Ben | HRCI | SHRM-CP | PHRi,"English Language, Human Resources, Business",Communication,All Levels,17 hours,4.6,13,3761,"Rp149,000",3/2026,1,0,32,https://www.udemy.com/course/english-for-hr-global-hr-terminology-communication-skills/
Be a master in Communication Skills,2628366,Roshmi Roy,"Communication Skills, Career Development, Personal Development",Communication,Intermediate,1.5 hours,4.0,8,28,"Rp149,000",1/2020,0,0,20,https://www.udemy.com/course/be-a-master-in-communication-skills/
Verbal Self-Defense - Communication Skills,398400,Bob Francis,"Communication Skills, Self Esteem & Confidence, Personal Development",Communication,All Levels,1 hour,4.3,291,3120,"Rp149,000",10/2017,0,0,0,https://www.udemy.com/course/verbal-defence-guide/
Effective Communication for Introverted Professionals,6661865,Wassim Outo,"Communication Skills, Communication, Business",Communication,All Levels,1 hour,4.5,1,215,"Rp149,000",6/2025,0,0,0,https://www.udemy.com/course/effective-communication-for-introverted-professionals/
Horizontal Communication for Beginners,4247006,Je'anna Clements,"Communication Skills, Parenting & Relationships, Personal Development",Communication,Beginner,1 hour,4.8,48,164,"Rp149,000",5/2025,0,0,2,https://www.udemy.com/course/horizontal-communication/
The Science of Communication,3093382,"Susan Weinschenk, Ph.D.","Business Communication, Communication, Business",Communication,Beginner,1.5 hours,4.7,.,N/A,"Rp749,000",5/2020,6,0,6,https://www.udemy.com/course/the-science-of-communication/
Become a Champion Communicator,1171140,Quickskills Academy,"Communication Skills, Communication, Business",Communication,All Levels,4.5 hours,4.6,9,13,"Rp1,799,000",4/2017,0,0,0,https://www.udemy.com/course/interpersonalskills/
Business Writing Skills: The Basics of Written Communication,304436,Michaele Downey,"Business Writing, Business Communication, Communication, Business",Communication,Beginner,1 hour,4.4,642,2464,"Rp149,000",6/2024,0,0,2,https://www.udemy.com/course/effective-business-writing/
Organizational Behavior: Principles| Theories| Applications,6330829,EDUCBA Bridging the Gap,"Organizational Behavior, Management, Business",Communication,All Levels,12.5 hours,4.4,97,355,"Rp149,000",12/2024,0,0,0,https://www.udemy.com/course/organizational-behavior-principles-theories-applications/
"Business Communication Practice Tests | Emails, Meetings",7046291,Arfan Ali | Certification Instructor,"Business Communication, Communication Skills, Communication, Business",Communication,All Levels,N/A,4.7,N/A,3,"Rp279,000",2/2026,0,0,0,https://www.udemy.com/course/business-communication-skills-practice-test/
ChatGPT: Revolutionize Communication with Conversational AI,5929992,Uplatz Training,"ChatGPT, Custom GPTs / GPT Builder, Generative AI (GenAI), Prompt Engineering, Other IT & Software",Communication,All Levels,50.5 hours,4.3,18,3037,"Rp149,000",7/2025,0,0,3,https://www.udemy.com/course/chatgpt-conversational-ai/
"Master Engineering Communication: Write, Present, Succeed!",5221272,Jon Haase,"Communication Skills, Business Communication, Communication, Business",Communication,All Levels,3.5 hours,4.2,29,129,"Rp149,000",7/2023,5,0,11,https://www.udemy.com/course/master-engineering-communication-write-present-succeed/
Master Assertive Communication: 50 Real-Life Scenarios,5670948,"Lucia Grosaru, M.A. Psy.","Assertiveness, Social Skills, Confidence, Communication Skills, Personal Transformation",Communication,All Levels,1.5 hours,4.5,18,159,"Rp149,000",5/2025,0,0,0,https://www.udemy.com/course/master-assertive-communication-25-real-life-scenarios/
Mastering Written Communication in Sales,6517731,Carla Gallagher,"Sales Skills, SaaS, Business Communication, B2B Sales, Sales",Communication,Intermediate,42 mins,5.0,4,21,"Rp149,000",3/2025,0,0,1,https://www.udemy.com/course/mastering-written-communication-in-sales/
Effective Email Communication: Enhancing Your Voice at Work,1432454,"Anonymized User, Nikki Woodford","Email Writing and Etiquette, Personal Productivity, Personal Development",Communication,Beginner,32 mins,4.5,24217,59736,"Rp149,000",1/2018,1,0,2,https://www.udemy.com/course/effective-email-communication/
Master Course in Purpose Driven Leadership & Leading Gen Z,5506330,Dr. José Prabhu J,"Leadership, Personal Development",Communication,All Levels,11.5 hours,4.6,470,10611,"Rp149,000",7/2025,0,0,0,https://www.udemy.com/course/purpose-driven-leadership-leading-gen-z-leadership/
Practical Customer Service Skills for Excellence,5518680,"Gustavo Escobar Henríquez, Digital Life Academy","Customer Service, Communication, Business",Communication,All Levels,4 hours,4.6,204,460,"Rp149,000",1/2026,0,0,0,https://www.udemy.com/course/customer-service-skills-training/
"Location-Inclusive Mindsets: For Leaders, Managers, and HR",6113885,GenMan Solutions,"Diversity and Inclusion, Management, Business",Communication,All Levels,2.5 hours,4.5,37,2516,"Rp149,000",8/2024,1,0,1,https://www.udemy.com/course/location-inclusive-mindsets-genman-solutions/
"Empowering Women in Leadership: Confidence, Communication",5307500,"Crystal Tummala, Learn Business Skills Online","Leadership, Communication Skills, Negotiation, Gender Equality, Management",Communication,All Levels,2.5 hours,4.4,16,155,"Rp149,000",12/2024,0,0,5,https://www.udemy.com/course/leadership-for-women-certificate-program/
Effective Business English for Service Staff,612914,Jacqueline Seidel,"Business English, Language Learning, Teaching & Academics",Communication,Intermediate,3 hours,4.6,12959,25397,"Rp149,000",3/2016,1,0,4,https://www.udemy.com/course/business-english101/
How to be Understood,809842,Zsuzsanna Fajcsak,"Communication Skills, Public Relations, Marketing",Communication,Beginner,1 hour,4.6,22,466,"Rp149,000",4/2016,0,0,4,https://www.udemy.com/course/how-to-be-understood-by-drzsu/
Project Communications Management,1392240,Nic Thomas,"Project Management, Business",Communication,All Levels,1.5 hours,4.1,84,265,"Rp149,000",11/2017,0,0,0,https://www.udemy.com/course/project-communications-management/
"Communicate Effectively, Impress others & Achieve Results",3711560,Mayur Pangrekar,"Communication Skills, Body Language, Nonverbal Communication, Career Development, Personal Development",Communication,All Levels,3 hours,4.3,42,989,"Rp149,000",6/2022,0,0,2,https://www.udemy.com/course/communicate-effectively-impress-others-achieve-results/
Make New Friends & Boost Your Social Skills,1362338,Alain W.,"Social Skills, Self Esteem & Confidence, Personal Development",Communication,All Levels,2 hours,4.3,241,10219,"Rp149,000",2/2026,2,0,1,https://www.udemy.com/course/double-your-social-skills-make-new-friends/
Assert Yourself - Master the benefits of assertive behaviour,1129858,Skill Boosters,"Assertiveness, Communication, Business",Communication,Beginner,32 mins,4.0,1165,4840,"Rp149,000",9/2017,0,0,4,https://www.udemy.com/course/assert-yourself/
Manager Masterclass - Develop Your Leadership Skills,1001908,"Dr. Roy Naraine, Adam Naraine","Manager Training, Communication Skills, Body Language, Leadership, Management",Communication,All Levels,1 hour,4.3,183,2215,"Rp149,000",7/2020,3,0,1,https://www.udemy.com/course/manager-masterclass-develop-your-leadership-skills/
Master Business English for Successful Networking Skills !,6487857,Ajay Nemichand Pawar,"Business English, Language Learning, Teaching & Academics",Communication,All Levels,2 hours,4.4,400,11995,"Rp149,000",8/2025,0,0,0,https://www.udemy.com/course/master-business-english-for-successful-networking-skills/
Body Language & Non-Verbal Communication for Leaders,6514103,Ajay Nemichand Pawar,"Body Language, Communication, Business",Communication,All Levels,2 hours,4.3,28,5274,"Rp159,000",8/2025,0,0,0,https://www.udemy.com/course/body-language-non-verbal-communication-for-leaders-y/
Communication Management for Project Professionals,4942772,"Jason Keep, PMP","Communication Skills, Project Management, Communication, Business",Communication,All Levels,1 hour,3.7,6,14,"Rp149,000",11/2022,0,0,3,https://www.udemy.com/course/communication-management-for-project-professionals/
Hybrid Work Mastery: Communication & Productivity Training,5951568,Learnsector LLP,"Work Life Balance, Working Remotely, Business Strategy, Business",Communication,All Levels,1 hour,4.2,27,6516,"Rp447,000.00",11/2025,0,0,0,https://www.udemy.com/course/hybrid-work-environments-master-your-hybrid-work-skills/
Assertiveness Mastery - Boost Your Confidence & Self-Esteem,663978,"Dr. Roy Naraine, Adam Naraine","Assertiveness, Self-Esteem, Confidence, Influence, Personal Development",Communication,All Levels,1.5 hours,4.2,69,1757,"Rp149,000",4/2020,3,0,1,https://www.udemy.com/course/assertiveness-mastery-boost-your-confidence-self-esteem/
Body Language Intelligence for Business Communication,5323082,"Dr. Dorothy Marcic, Columbia University, Institute for Leadership Excellence LLC","Body Language, Empathy, Communication, Business",Communication,All Levels,1 hour,4.5,71,258,"Rp149,000",9/2023,1,0,3,https://www.udemy.com/course/body-language-intelligence-for-business-communication/
Breaking barriers in business - crosscultural communication,3587978,"Zofia Baranska, Marta Carter, Irek Zyzanski, Alicja Sekret","Business Communication, Cultural Awareness, Communication, Business",Communication,All Levels,2 hours,4.5,108,361,"Rp149,000",12/2020,11,0,6,https://www.udemy.com/course/breaking-barriers-working-across-cultures/
How to Handle Rudeness and Snark | Communication Skills,6634839,"Lucia Grosaru, M.A. Psy.","Communication Skills, Social Skills, Difficult Conversations, Self Esteem & Confidence, Personal Development",Communication,All Levels,43 mins,4.7,5,371,"Rp149,000",7/2025,0,0,0,https://www.udemy.com/course/how-to-handle-rudeness-and-snark-communication-skills/
Effective Communication Skills,6631561,Samrat Sarkar,"Personal Transformation, Personal Development",Communication,Beginner,1 hour,4.0,3,29,"Rp149,000",5/2025,0,0,0,https://www.udemy.com/course/effective-communication-skills-y/
MASTERING THE ART OF EFFECTIVE COMMUNICATION,5638280,Asish Datta,"Communication Skills, Influence Skills, Career Development, Personal Development",Communication,Intermediate,1.5 hours,4.5,1,5,"Rp149,000",11/2023,0,0,0,https://www.udemy.com/course/mastering-the-art-of-effective-communication/
Microsoft Teams: Essential Skills for Workplace Productivity,6400123,"RPATech - Automating Intelligence, Aahana Singh","Microsoft Teams, Microsoft 365 (Office), Video Conferencing, Microsoft, Office Productivity",Communication,All Levels,1.5 hours,4.4,978,2664,"Rp149,000",6/2025,0,0,0,https://www.udemy.com/course/microsoft_teams-workplace-productivity-series-for-freshers/
ChatGPT: Make Smarter Business Decisions And Maximise Output,6668749,Expert Academy,"ChatGPT, Artificial Intelligence (AI), Office Productivity, Prompt Engineering, Business Analytics & Intelligence",Communication,All Levels,1 hour,4.5,N/A,N/A,"Rp149,000",8/2025,1,0,0,https://www.udemy.com/course/artificial-intelligence-use-chatgpt-and-prompts-efficiently/
"Speak Up, Stand Tall: Mastering Assertive Communication",6751093,Dr. Sakyi C. F.,"Assertiveness, Personal Transformation, Personal Development",Communication,All Levels,41 mins,4.1,21,3005,"Rp159,000",10/2025,0,0,7,https://www.udemy.com/course/assertive-communication/
Corporate Communication Strategies for Business Success,159934,Paul D. Foster,"Business Communication, Communication Skills, Business Strategy, Personal Success, Communication",Communication,All Levels,43 mins,3.8,39,784,"Rp149,000",9/2016,5,0,5,https://www.udemy.com/course/having-the-chat/
Excellence in Leadership: Key Skills for Effective Managers,6597903,Simon Sez IT,"Leadership, Communication Skills, Personal Development",Communication,Beginner,31 mins,4.7,N/A,N/A,"Rp149,000",5/2025,4,0,4,https://www.udemy.com/course/excellence-in-leadership-key-skills-for-effective-managers/
Become a master of communication skills,6104979,Clare Samuels,"Communication Skills, Personal Transformation, Personal Development",Communication,All Levels,37 mins,4.3,4,13,"Rp149,000",8/2024,0,0,1,https://www.udemy.com/course/become-a-master-of-communication-skills/
Professional Email Writing & Etiquette - Write Better Emails,5300088,GenZed Learning,"Email Writing and Etiquette, Email Productivity Hacks, Communication, Business",Communication,All Levels,5.5 hours,4.2,88,5259,"Rp149,000",5/2023,2,0,12,https://www.udemy.com/course/professional-email-writing-etiquette-write-better-emails/
Conversation And Communication Mastery | 2023,517210,Erik Kiton,"Communication Skills, Communication, Business",Communication,All Levels,1.5 hours,4.3,407,6960,"Rp149,000",8/2023,0,0,0,https://www.udemy.com/course/communication-and-conversation-skills/
Confidence: Self-Esteem Body Language & Communication Skills,1331410,Gab Jean,"Confidence, Body Language, Self-Esteem, Communication Skills, Self Esteem & Confidence",Communication,All Levels,5 hours,3.5,87,5213,"Rp149,000",9/2017,0,0,0,https://www.udemy.com/course/confidence-self-esteem-body-language-communication-skills/
"Management Mastery: Lead with Impact, Succeed with Clarity",6422309,Radmyr Growth,"Management Skills, Leadership, Personal Development",Communication,All Levels,15 hours,4.4,19,2881,"Rp149,000",9/2025,15,0,15,https://www.udemy.com/course/management-skills-mastery-lead-communicate-and-succeed/
Executive Diploma in Communication and Presentation Skills,5544036,Meganathan Pandian,"Communication Skills, Presentation Skills, Communication, Business",Communication,All Levels,2 hours,4.0,1,8,"Rp149,000",7/2024,0,0,0,https://www.udemy.com/course/communication-skills-and-presentation-skills/
Communication Skills Training: Let's Talk,757374,"Laura Silverstein, LCSW","Communication Skills, Influence, Personal Development",Communication,All Levels,1 hour,4.3,99,1826,"Rp149,000",10/2020,2,0,0,https://www.udemy.com/course/communication-skills-training-gottman/
A Lawyer’s Guide to Mastering Empathy and Communication,6758889,"CRFT Productions, Robert Hanna","Law, Emotional Intelligence, Communication Skills, Other Business, Business",Communication,All Levels,1 hour,4.5,N/A,N/A,"Rp149,000",8/2025,0,0,6,https://www.udemy.com/course/a-lawyers-guide-to-mastering-empathy-and-communication/
Communication: Give A Persuasive 5-Minute Talk,2596178,Cathy Goodwin,"Public Speaking, Communication, Business",Communication,Beginner,1 hour,5.0,2,21,"Rp149,000",4/2023,0,0,0,https://www.udemy.com/course/5minutetalks/
Effective Email Communication: Mastering the Basics,4712020,Prabh Kirpa Classes,"Email Writing and Etiquette, Other Teaching & Academics, Teaching & Academics",Communication,All Levels,1 hour,3.8,217,21240,"Rp149,000",10/2023,0,0,0,https://www.udemy.com/course/email-writing-j/
Communication Skills For Impactful Public Speaking,6575653,"Jane Osemwegie, MBA","Communication, Business",Communication,All Levels,1 hour,4.3,31,204,"Rp149,000",5/2025,0,0,0,https://www.udemy.com/course/communication-skills-for-impactful-public-speaking/
Conscious Listening Mastery With GenAI & ChatGPT,6200921,Sawan Kumar,"Listening Skills, Communication, Business",Communication,All Levels,3 hours,4.6,60,432,"Rp149,000",3/2026,1,0,24,https://www.udemy.com/course/master-conscious-listening-with-genai-and-chatgpt/
Mastering Assertive Communication,3446330,Jade Ball,"Assertiveness, Communication, Business",Communication,All Levels,35 mins,3.2,3,454,"Rp149,000",8/2020,0,0,0,https://www.udemy.com/course/mastering-assertive-communication/
Communicate to Win and Influence,3548126,Jose Ucar,"Communication Skills, Influence, Personal Development",Communication,Beginner,1 hour,4.4,125,16677,"Rp249,000",11/2020,26,0,10,https://www.udemy.com/course/communicate-to-win-and-influence/
"Assertiveness: Build Respect, Boundaries & Self-Confidence",6204447,Fahad Virk,"Assertiveness, Communication, Business",Communication,All Levels,1.5 hours,4.6,6,505,"Rp149,000",9/2024,0,0,0,https://www.udemy.com/course/assertiveness-build-respect-boundaries-self-confidence/
Effective Communication Strategies for HOA Leaders,6775685,Nikeisha Weems,"Leadership, Communication Skills, Marketing Strategy, Marketing Fundamentals, Marketing",Communication,Beginner,1 hour,4.5,3,186,"Rp149,000",8/2025,0,0,0,https://www.udemy.com/course/effective-communication-strategies-for-hoa-leaders/
Active Listening for Better Communication,5813702,Barry Winbolt,"Personal Productivity, Personal Development",Communication,All Levels,1 hour,4.0,4,420,"Rp149,000",3/2026,0,0,6,https://www.udemy.com/course/become-a-great-listener/
"Relationship Building | Communication, Trust & Coaching",2491178,Crystal Tummala,"Business Communication, Relationship Building, Management Skills, Leadership, Communication",Communication,All Levels,1.5 hours,4.6,2,558,"Rp149,000",9/2025,1,0,2,https://www.udemy.com/course/how-to-get-your-ex-back-fast-steps-to-rekindling-dating/
Effective Communication English,4684662,Dr. Swati Chakraborty,"Communication Skills, Presentation Skills, Test Prep, Teaching & Academics",Communication,Intermediate,43 mins,4.0,236,20226,"Rp149,000",6/2022,4,0,0,https://www.udemy.com/course/effective-communication-english/
IT Management: Communication and Motivation,679740,S Drawdy,"Communication Skills, Management Skills, Motivation, Communication, Business",Communication,Intermediate,1.5 hours,4.1,42,361,"Rp149,000",1/2016,0,0,0,https://www.udemy.com/course/management-communication/
Storytelling Masterclass : A Communication Skill for Leaders,5997528,Naveed Anjum,"Business Communication, Communication, Business",Communication,All Levels,1 hour,5.0,4,241,"Rp149,000",7/2024,0,0,0,https://www.udemy.com/course/storytelling-skills-in-business-communication/
The 2026 Complete guide to Crisis Communication,4267038,"Thanh Nguyen CIA, ACCA, LLB,JD","Crisis Management, Communication, Business",Communication,All Levels,4.5 hours,4.0,79,240,"Rp149,000",10/2025,0,0,1,https://www.udemy.com/course/2021-complete-guide-to-crisis-communication/
Communication Strategies,5981942,"Graeme Sayer, Dhamaravelli Moodley","Communication Skills, Personal Productivity, Personal Development",Communication,All Levels,1.5 hours,3.5,1,4,"Rp149,000",12/2025,0,0,10,https://www.udemy.com/course/communication-strategies-l/
Public Speaking and Communication Skill Masterclass for 2024,5796050,Amba Lanning,"Public Speaking, Sales Skills, Presentation Skills, Communication Skills, Communication",Communication,Beginner,1.5 hours,4.7,14,1014,"Rp149,000",2/2024,0,0,1,https://www.udemy.com/course/public-speaking-and-communication-skills/
Email Mastery for Business Professionals,5719350,Corey Gray,"Email Writing and Etiquette, Communication, Business",Communication,Intermediate,2 hours,4.4,9,3001,"Rp149,000",2/2024,1,0,5,https://www.udemy.com/course/email-mastery-for-business-professionals/
English for the Professional World – Certified ESL Training,6318163,Bespoke Learning Solutions,"Business English, Language Learning, Teaching & Academics",Communication,All Levels,3 hours,4.3,57,6899,"Rp149,000",5/2025,1,0,1,https://www.udemy.com/course/business-english-for-professionals/
Mindful Written Communication,1310282,Vlad Krotov,"Technical Writing, Business Writing, Academic Writing, Communication Skills, Communication",Communication,Beginner,1 hour,4.1,78,218,"Rp149,000",10/2017,0,0,1,https://www.udemy.com/course/mindful-written-communication/
Email Communication: 10 Principles to Write Better Emails,3671656,Felix Haller,"Business Communication, Communication Skills, Email Productivity Hacks, Email Writing and Etiquette, Communication",Communication,All Levels,1.5 hours,4.6,531,5055,"Rp149,000",1/2021,0,0,0,https://www.udemy.com/course/improve-your-email-communication/
Soft skills for IT Architects and IT Practitioners,2584390,Cristian Bojinca,"Soft Skills, Other IT & Software, IT & Software",Communication,Intermediate,5 hours,4.1,23,104,"Rp599,000",10/2019,1,0,1,https://www.udemy.com/course/soft-skills-for-it-architects-and-it-practitioners/
"Part 2 of Global Player 2.0, the 5 communication skills",3148104,"Warren Arbuckle, ソメヤ マサル","Business Communication, Communication, Business",Communication,Intermediate,2 hours,4.5,21,52,"Rp149,000",8/2021,0,0,0,https://www.udemy.com/course/part-2-of-global-player-20-the-5-communication-skills/
Customer-Centric Communication,5492022,Expert Academy,"Customer Success Management (CSM), Communication, Business",Communication,Beginner,1 hour,4.2,3,6,"Rp149,000",8/2023,6,0,0,https://www.udemy.com/course/customer-centric-communication/
Interpersonal Communication: Managing Friendships,4036398,Dr. Marcus C. Shepard,"Communication Skills, Personal Transformation, Personal Development",Communication,All Levels,1.5 hours,4.5,3,13,"Rp149,000",5/2021,0,0,10,https://www.udemy.com/course/managing-friendships/
IT Support Tech: Become A Team Lead,6753431,Vision Training Systems : IT Training,"IT / Technical Support, Leadership, Other IT & Software, IT & Software",Communication,Beginner,2 hours,4.6,6,324,"Rp149,000",9/2025,0,0,0,https://www.udemy.com/course/go-from-tech-support-to-team-lead/
Business Writing & Technical Writing: AI-Powered Impact,6662677,"Starweaver Experts, Paul Siegel, Andreas Loizou","Business Strategy, Business",Communication,Beginner,1.5 hours,4.5,24,1594,"Rp149,000",4/2026,12,0,6,https://www.udemy.com/course/precision-writing-mastering-business-technical-style/
Near Field Communication and Contactless Digital Payments,3455720,Global FinTech Academy,"Business Strategy, Learning Technologies, E-Commerce, Business",Communication,All Levels,2 hours,4.1,55,1078,"Rp149,000",5/2025,0,0,2,https://www.udemy.com/course/near-field-communication-nfc-hce-and-contactless-digital-payments/
Communication Skills For Introverts,4864762,Naomi Soko,"Communication Skills, Communication, Business",Communication,All Levels,43 mins,4.1,9,798,"Rp149,000",9/2022,0,0,5,https://www.udemy.com/course/communication-skills-for-introverts/
The Confident Speaker Blueprint - A Public Speaking Course,5169118,Kenneth Ogbebor,"Public Speaking, Communication, Business",Communication,All Levels,9 hours,4.3,4,40,"Rp159,000",3/2023,0,0,3,https://www.udemy.com/course/the-confident-speaker-blueprint-a-public-speaking-course/
Executive Communication: High-Stakes Presentation Mastery,646540,Benjamin Hero,"Public Speaking, Communication, Business",Communication,All Levels,1 hour,4.5,30,1300,"Rp149,000",8/2025,0,0,0,https://www.udemy.com/course/public-speaking-courses/
Listening Skills 101: The Power of Listening,2434640,Mike Clayton,"Listening Skills, Communication, Business",Communication,Beginner,33 mins,4.5,23,76,"Rp149,000",3/2020,0,0,1,https://www.udemy.com/course/i-beg-your-pardon-the-power-of-listening/
Write Great Emails: Effective Business Communication Skills,3859546,Robin Duong,"Email Writing and Etiquette, Business Communication, Communication, Business",Communication,All Levels,3 hours,4.4,11,29,"Rp149,000",2/2021,0,0,0,https://www.udemy.com/course/write-great-emails-for-business-communication/
Understanding Your Role in Care Training- 2026,7027725,Mst Guljahan,"Career Development, Personal Development",Communication,All Levels,1.5 hours,5.0,2,488,"Rp149,000",1/2026,0,0,0,https://www.udemy.com/course/understanding-your-role-in-care-training-2026/
Brain Bites - Modern Workplace Communication,5414756,Bigger Brains,"Business Communication, Communication, Business",Communication,All Levels,34 mins,4.7,N/A,N/A,"Rp149,000",10/2023,0,0,2,https://www.udemy.com/course/brain-bites-modern-workplace-communication/
New-Gen Corporate-Communication Intelligence Builder Course,2707906,Tod Djordjevic,"Business Intelligence (BI), Communication, Business",Communication,All Levels,1 hour,4.5,8,27,"Rp149,000",8/2022,0,0,0,https://www.udemy.com/course/new-gen-corporate-communication-intelligence-builder/
"Global Player 2.0, the 5 communication skills, Part 1",2852476,"Warren Arbuckle, ソメヤ マサル","Business English, Business Communication, Language Learning, Teaching & Academics",Communication,All Levels,3 hours,4.6,28,67,"Rp149,000",8/2020,0,0,0,https://www.udemy.com/course/global-player-20-the-global-perspective/
Essential Phone Communication Skills,781708,Mary Jane Copps,"Communication Skills, Communication, Business",Communication,All Levels,38 mins,4.3,34,78,"Rp329,000",3/2016,0,0,0,https://www.udemy.com/course/essential-phone-communication-skills/
Master the secrets of effective communication with your kids,4135628,"Katharina Dello, Three Happy Owls","Communication Skills, Parenting & Relationships, Personal Development",Communication,All Levels,1.5 hours,4.7,32,8647,"Rp149,000",5/2022,1,0,5,https://www.udemy.com/course/master-the-secrets-of-effective-communication-with-your-kids/
New Manager: Essential Leadership Skills for Success,6724261,"Eduardo Aponte, PhD, Finnse Academy","Management Skills, Leadership, Management, Business",Communication,All Levels,1.5 hours,4.1,90,1238,"Rp159,000",7/2025,0,0,0,https://www.udemy.com/course/new-manager-essential-leadership-skills-for-success/
Contemporary Development Communication,3613834,Prajna Pani,"Communication Skills, Social Science, Teaching & Academics",Communication,Intermediate,31 mins,3.6,12,36,"Rp149,000",3/2025,0,0,3,https://www.udemy.com/course/contemporary-development-communication/
"""Mastering Business Writing for Professional Success""",5516148,Suhas Dakhole,"Business Writing, Business Communication, Communication, Business",Communication,All Levels,1 hour,4.7,10,3175,"Rp199,000",1/2024,0,0,5,https://www.udemy.com/course/mastering-business-writing-for-professional-success/
Improved Communication skills in English,2021352,Athira TP,"English Language, Language Learning, Teaching & Academics",Communication,Intermediate,36 mins,4.1,36,1792,"Rp149,000",6/2023,0,0,0,https://www.udemy.com/course/improved-communication-skills-in-english/
Successful Public Speaking Class; Full Guide to Pro Speech,2445534,Ma Barakat,"Public Speaking, Presentation Skills, Communication Skills, Career Development, Personal Development",Communication,All Levels,1.5 hours,4.1,117,1260,"Rp159,000",7/2019,0,0,0,https://www.udemy.com/course/fear-of-public-speaking-class-improve-communication-skills/
Body Language / Non-Verbal Communication for Leaders,6177661,Amanda Bennetts,"Body Language, Nonverbal Communication, Business Communication, Communication Skills, Communication",Communication,Beginner,2 hours,4.4,4,100,"Rp149,000",9/2024,0,0,0,https://www.udemy.com/course/body-language-non-verbal-communication-for-leaders-c/
"Persuasive Presentations: Write, Deliver and move audiences!",25806,Paolo Pelloni,"Presentation Skills, Communication, Business",Communication,All Levels,6 hours,4.3,10,300,"Rp149,000",1/2022,5,0,7,https://www.udemy.com/course/successful-presentation/
Connect With Millennial Managers | Communicate & Thrive,6833559,Crystal Tummala,"Personal Productivity, Communication Skills, Leadership, Company Culture, Other Office Productivity",Communication,All Levels,1.5 hours,4.9,N/A,100,"Rp149,000",1/2026,2,0,3,https://www.udemy.com/course/connecting-with-your-millennial-manager-adapt-thrive/
Effective Communication University Approved Certificate Cour,2633914,Prf. Dr. Bilal Semih Bozdemir,"Communication Skills, Personal Transformation, Personal Development",Communication,All Levels,1 hour,4.5,N/A,177,"Rp169,000",10/2025,5,0,1,https://www.udemy.com/course/effective-communication-course/
Real8Ability Factors: Master Relationships and Communication,735178,"ROHEI Corporation, Chris Hogan, Praise Mok","Relationship Building, Communication Skills, Influence, Personal Development",Communication,All Levels,4 hours,4.2,29,99,"Rp599,000",2/2016,1,0,1,https://www.udemy.com/course/real8ability_factors/
Working with Project Managers & Project Sponsors,5951368,GenMan Solutions,"Project Management, Other IT & Software, IT & Software",Communication,All Levels,1.5 hours,4.3,166,5821,"Rp159,000",9/2024,2,0,1,https://www.udemy.com/course/project-managers-project-sponsors/
Leadership: leadership skills,5244354,Amiri COOP,"Leadership, Personal Development",Communication,All Levels,2 hours,4.4,51,1219,"Rp149,000",5/2023,1,0,26,https://www.udemy.com/course/the-path-to-exceptional-leadership/
Nonverbal Communication & Body Language For Business,5255076,Author Nayan Chaudhary (Channe),"Nonverbal Communication, Communication Skills, Body Language, Career Development, Personal Development",Communication,All Levels,1 hour,4.0,198,2134,"Rp447,000.00",9/2025,0,0,0,https://www.udemy.com/course/nonverbal-communication-body-language-for-business/
"Leadership, Communication & Citizenship - SPARK",3611674,School of Leadership,"Leadership, Communication Skills, Personal Development",Communication,Intermediate,2.5 hours,4.6,25,151,"Rp159,000",1/2021,0,0,0,https://www.udemy.com/course/sparkbysol/
Improve your Spoken English/Communication & Writing Skills,3572929,Jewaria Tanweir,"English Conversation, English Writing, Language Learning, Teaching & Academics",Communication,All Levels,36 mins,3.1,4,19,"Rp149,000",10/2020,1,0,0,https://www.udemy.com/course/improve-your-spoken-englishcommunication-writing-skills/
Master High-Impact Communication: Enhance Your Skills Today!,6438343,Brent Dalley,"Career Development, Personal Development",Communication,Intermediate,1 hour,N/A,N/A,N/A,"Rp149,000",2/2025,0,0,2,https://www.udemy.com/course/master-high-impact-communication-enhance-your-skills-today/
"Master Business Writing Skills: Reports, Letters & Emails",6202401,Fahad Virk,"Business Writing, Communication, Business",Communication,All Levels,1.5 hours,4.3,12,379,"Rp149,000",9/2024,0,0,0,https://www.udemy.com/course/master-business-writing-skills-reports-letters-emails/
Managers Guide to Effective 1:1 Meetings,6408431,Workplace Artificial Intelligence Skills Academy,"Management, Business",Communication,All Levels,1 hour,4.0,21,50,"Rp149,000",1/2025,0,0,12,https://www.udemy.com/course/managers-guide-to-effective-11-meetings-p/
Master Course in Smart Management & Frontline Management 2.0,5454584,Dr. José Prabhu J,"Management Skills, Personal Productivity, Personal Development",Communication,All Levels,1 hour,4.2,58,8765,"Rp149,000",7/2025,0,0,0,https://www.udemy.com/course/smart-management-frontline-management-change-management/
"How to Grab Attention in Interviews, Meetings, Presentations",2743564,Harish Walavalkar,"Communication Skills, Leadership, Presentation Skills, Public Speaking, Influence",Communication,All Levels,31 mins,4.3,6,18,"Rp149,000",12/2021,0,0,0,https://www.udemy.com/course/how-to-grab-attention-in-interview-meetings-or-presentation/
Nonverbal Communication & Body Language: The Complete Course,3509568,Stefan Devito,"Nonverbal Communication, Body Language, Sales Skills, Business Etiquette, Sales",Communication,All Levels,3 hours,4.3,193,5651,"Rp149,000",3/2022,4,0,15,https://www.udemy.com/course/which-body-language-to-use-sales-skills-tonality-body-language-sales/
EXECUTIVE PRESENCE_ transform into an Inspiring Speaker,2450484,Harish Walavalkar,"Public Speaking, Personal Transformation, Personal Development",Communication,All Levels,1 hour,3.9,10,30,"Rp149,000",12/2023,2,0,0,https://www.udemy.com/course/executive-presence_inspiring-speaker/
Sales Skills: Selling Ideas to Senior Leadership,1471170,Gordon Adelsberg,"Sales Skills, Management Skills, Presentation Skills, Sales, Business",Communication,All Levels,1 hour,4.3,4,19,"Rp299,000",3/2020,0,0,5,https://www.udemy.com/course/sales-skills-selling-ideas-to-senior-leadership/
High Stake Conflict Management and Art Of Communication,4311894,Expert Tips,"Communication Skills, Personal Transformation, Personal Development",Communication,Expert,2 hours,3.5,23,1692,"Rp149,000",9/2022,4,0,5,https://www.udemy.com/course/advance-communication-skills-for-high-stake-environment/
Hybrid Work Environments,6418657,Workplace Artificial Intelligence Skills Academy,"Human Resources, Business",Communication,All Levels,1 hour,4.2,13,49,"Rp149,000",1/2025,0,0,12,https://www.udemy.com/course/hybrid-work-environments-r/
Communication Skills for Agile Software Developers,7027837,Manish Nadar,"Communication Skills, Personal Transformation, Personal Development",Communication,Beginner,1 hour,4.1,2,1167,"Rp149,000",1/2026,0,0,0,https://www.udemy.com/course/communication-skills-for-agile-software-developers/
Soft Skills for Technology Professionals,6736443,Ezenith Education,"Career Development, Personal Development",Communication,Beginner,43 mins,2.9,6,68,"Rp149,000",8/2025,0,0,0,https://www.udemy.com/course/soft-skills-for-technology-professionals/
"Management, Motivation and Communication at Business Univers",2583358,Prf. Dr. Bilal Semih Bozdemir,"Motivation, Leadership, Personal Development",Communication,All Levels,3 hours,4.6,N/A,116,"Rp149,000",9/2025,5,0,1,https://www.udemy.com/course/management-motivation-and-communication-at-business/
Using gRPC in Microservices Communication with .Net 5,3626658,Mehmet Ozkaya,"gRPC, Microservices, .NET, Web Development, Development",Communication,Intermediate,7.5 hours,4.2,234,2396,"Rp149,000",2/2026,1,0,1,https://www.udemy.com/course/using-grpc-in-microservices-communication-with-net-5/
Business English: The Ultimate Speaking & Writing Course,4293002,Letstute .... Make it Easy,"Business English, Language Learning, Teaching & Academics",Communication,All Levels,4.5 hours,3.7,6,31,"Rp149,000",2/2022,0,0,12,https://www.udemy.com/course/business-english-speaking-and-writing-course/
Legal Communication Skills: Strategies for New Lawyers,5237650,Crystal Tummala,"Business Communication, Communication Skills, Career Development, Time Management, Negotiation",Communication,Beginner,1 hour,4.3,6,22,"Rp149,000",12/2024,0,0,3,https://www.udemy.com/course/master-communications-combat-procrastination-for-new-lawyers/
Communication for project managers and PMP candidates,634358,Justyna Blajerska,"Communication Skills, Microsoft Project, PMI Project Management Professional (PMP), Project Management, Business",Communication,Intermediate,1 hour,3.9,30,580,"Rp149,000",12/2015,2,0,5,https://www.udemy.com/course/project-communication-management-pmp-exam-pmbok/
Strategic Communication,7064849,Timothy Lucas,"Leadership, Personal Development",Communication,All Levels,1.5 hours,4.8,17,565,Free,2/2026,0,0,7,https://www.udemy.com/course/strategic-communication-for-leaders/
How to Communicate With Impact,4745710,Davina Stanley,"Business Communication, Communication Skills, Communication, Business",Communication,Beginner,1 hour,4.4,288,2984,Free,7/2024,0,0,6,https://www.udemy.com/course/how-to-communicate-with-impact/
Essential Soft Skills for Career Growth,6655491,Anna Chin,"Soft Skills, Business Collaboration, Communication Skills, Empathy, Career Development",Communication,All Levels,1.5 hours,4.7,90,1215,Free,6/2025,0,0,20,https://www.udemy.com/course/essential-soft-skills-for-career-growth/
Ethical Pharmaceutical Communication & Field Practice,6976291,"Dr. Rathnasiri A. Hewage. MBBS, MSc, MD","Sales, Business",Communication,Beginner,1 hour,5.0,1,22,Free,1/2026,0,0,0,https://www.udemy.com/course/ethical-pharmaceutical-communication-field-practice/
Effective Communication: Motivational Interviewing Part 1.5,3003394,Casey Jackson,"Communication Skills, Business Communication, Leadership, Personal Development",Communication,Beginner,39 mins,4.6,587,9214,Free,12/2020,0,0,0,https://www.udemy.com/course/effective-communication-motivational-interviewing/
Master the Art of Communication Skill Overnight,4118916,Pramod Kumar,"Communication Skills, Personal Transformation, Personal Development",Communication,Beginner,35 mins,4.0,144,3978,Free,7/2021,0,0,8,https://www.udemy.com/course/master-the-art-of-communication-skill-in-just-30-minute/
Top 10 Communication Mistakes,4600406,Sahil Brij Malhotra,"Communication Skills, Personal Transformation, Personal Development",Communication,All Levels,43 mins,4.6,231,3103,Free,3/2022,0,0,1,https://www.udemy.com/course/top10commmistakes/
How to talk about risks & Issues communication skill tips,4673230,Chris Fenning,"Communication Skills, Business Communication, Risk Management, Communication, Business",Communication,All Levels,39 mins,4.4,204,2787,Free,5/2022,0,0,4,https://www.udemy.com/course/how-to-talk-about-risks-issues-communication-skill-tips/
2025 Public Speaking and Effective Communication Training,4404015,Kathy Le,"Public Speaking, Business Communication, Presentation Skills, Career Development, Personal Development",Communication,Beginner,1 hour,4.6,647,9312,Free,12/2024,0,0,0,https://www.udemy.com/course/public-speaking-essentials-/
Introduction to English Business Communication,6101665,Emad Abulmagd,"Business Communication, Communication, Business",Communication,All Levels,31 mins,4.5,39,736,Free,1/2025,0,0,0,https://www.udemy.com/course/introduction-to-english-business-communication/
Project Communication Strategies - Part 01,5552364,Institute of Project Management,"Project Management, Stakeholder Management, Business Communication, Communication Skills, Business",Communication,All Levels,2 hours,4.5,182,2161,Free,9/2023,0,0,7,https://www.udemy.com/course/project-communication-strategies-part-01/
Empower your skills,6703343,Eman Raouf Youssif,"Soft Skills, Public Speaking, Communication Skills, No-Code Development, Development",Communication,Beginner,1.5 hours,4.1,13,522,Free,7/2025,1,0,11,https://www.udemy.com/course/empower-your-skills/
Speak Up Confidently at Meetings: Workplace Communication,5249790,Kiran deep Sandhu,"Communication Skills, Public Speaking, Self Esteem & Confidence, Personal Development",Communication,Intermediate,39 mins,4.2,306,2990,Free,4/2023,0,0,3,https://www.udemy.com/course/speak-up-confidently-at-meetings-workplace-communication/
Communication skill to Transform from Introvert to Extrovert,6060091,Author Nayan Chaudhary (Channe),"Communication Skills, Self Esteem & Confidence, Personal Development",Communication,All Levels,1 hour,4.3,91,1708,Free,2/2025,0,0,0,https://www.udemy.com/course/communication-skills-to-transform-from-introvert-to-extrovert/
Business English Skills,3940614,David Boughton,"Business Communication, ESL, Language Learning, Teaching & Academics",Communication,Intermediate,1.5 hours,4.6,532,10945,Free,10/2023,0,0,0,https://www.udemy.com/course/business-english-skills/
Mastering Social Skills for Workplace Success,6215267,Melina Silva S.,"Workplace Health and Safety, Work Life Balance, Stress Management, Personal Development",Communication,All Levels,41 mins,4.6,61,823,Free,10/2024,0,0,1,https://www.udemy.com/course/mastering-social-skills-for-workplace-success/
Leading Virtual Teams,6639855,SONIC Performance Support - E-Learning Experts,"Virtual Teams, Leadership, Personal Development",Communication,All Levels,35 mins,4.5,14,200,Free,5/2025,0,0,9,https://www.udemy.com/course/leading-virtual-teams/
Project Communication Strategies - Part 02,5552596,Institute of Project Management,"Project Management, Stakeholder Management, Emotional Intelligence, Communication Skills, Business",Communication,All Levels,1 hour,4.5,63,1596,Free,9/2023,1,0,1,https://www.udemy.com/course/project-communication-strategies-part-02/
Must-Have Skills of An Entrepreneur/Intrapreneur,2969696,Skills Outside School Foundation,"Entrepreneurship Fundamentals, Negotiation, Communication, Business",Communication,All Levels,1 hour,4.0,5,570,Free,11/2025,0,0,14,https://www.udemy.com/course/must-have-skills-of-an-entrepreneur/
Crafting Connections Series: Nonviolent Communication (NVC),5274208,"Shasta Winn, Saba Cooperative","Communication Skills, Conflict Management, Nonverbal Communication, Influence, Personal Development",Communication,Beginner,31 mins,4.4,34,737,Free,5/2023,18,0,0,https://www.udemy.com/course/crafting-connections-series-non-violent-communication-nvc/
The Secrets of Communication _ Speakology Series,3027272,Deepak Varma,"Public Speaking, Communication Skills, Conversation Skills, Personal Transformation, Personal Development",Communication,Beginner,33 mins,4.1,50,3156,Free,4/2020,0,0,5,https://www.udemy.com/course/secrets-of-communication_speakology/
FREE Social Skills Beginner Course Connect with People!,2836572,Lesson Pros,"Social Skills, Personal Transformation, Personal Development",Communication,Beginner,32 mins,4.2,523,12220,Free,11/2025,1,0,0,https://www.udemy.com/course/free-online-social-skills-course-communication-interpersonal-skills/
Confidence Masterclass Part 2 - with Dr. Roy Naraine,2656010,"Dr. Roy Naraine, Adam Naraine","Confidence, Communication Skills, Self-Esteem, Personal Transformation, Personal Development",Communication,All Levels,40 mins,4.6,210,8963,Free,4/2020,1,0,0,https://www.udemy.com/course/confidence-masterclass-part-2/
"Personal Transformation Program:10 Courses In 1, 10X Results",6052155,Author Nayan Chaudhary (Channe),"Communication Skills, Public Speaking, Time Management, Presentation Skills, Personal Transformation",Communication,All Levels,2 hours,4.4,25,689,Free,7/2024,0,0,0,https://www.udemy.com/course/personal-transformation-program10-courses-in-1-10x-results/
CONFIDENCE Masterclass Part 1 - with Dr. Roy & Jimmy Naraine,2654610,"Dr. Roy Naraine, Adam Naraine","Confidence, Communication Skills, Self-Esteem, Personal Transformation, Personal Development",Communication,All Levels,1.5 hours,4.4,1139,18822,Free,11/2022,1,0,0,https://www.udemy.com/course/confidence-masterclass-part-1/
Mastering Oral Communication Techniques,6651713,"Omniyah Mu, Afreen Siddiq","Public Speaking, Influence, Personal Development",Communication,All Levels,32 mins,4.1,6,304,Free,6/2025,0,0,8,https://www.udemy.com/course/mastering-oral-communication-techniques/
Mastering Communication Strategy - Tips & Tricks,5668966,"Gediminas Kondrackis Asociacija ""Aktyvus Jaunimas""","Communication Skills, Strategic Thinking, Marketing Strategy, Nonprofit Startup, Digital Marketing",Communication,Beginner,1 hour,4.4,51,1440,Free,11/2023,0,0,0,https://www.udemy.com/course/mastering-communication-strategy-tips-tricks/
Body Language Secrets for Leaders: Build Trust and Influence,6297915,Melina Silva S.,"Body Language, Human Resources, Business",Communication,All Levels,1 hour,4.2,7,590,Free,11/2024,0,0,1,https://www.udemy.com/course/body-language-secrets-for-leaders-build-trust-and-influence/
Non-verbal communication,3650142,Denise Kenny,"Nonverbal Communication, Personal Productivity, Personal Development",Communication,Beginner,31 mins,4.2,103,1815,Free,11/2020,0,0,0,https://www.udemy.com/course/non-verbal-communication/
DEI Masterclass: Skills for Inclusive Communication,5510736,Ava Williams,"Diversity and Inclusion, Communication Skills, Human Resources, Business",Communication,Beginner,31 mins,4.4,47,886,Free,8/2023,0,0,2,https://www.udemy.com/course/dei-masterclass-skills-for-inclusive-communication/
Vocal Communication 101,5802754,Imagine Academy,"English Vocabulary, Communication Skills, English Conversation, Self Esteem & Confidence, Personal Development",Communication,Beginner,1 hour,4.3,6,507,Free,3/2024,2,0,0,https://www.udemy.com/course/vocal-communication-101/
WorldClass Business Leadership,5025342,Kadeem Leslie,"Leadership, Personal Development",Communication,Intermediate,41 mins,4.4,126,1414,Free,12/2022,0,0,0,https://www.udemy.com/course/fan-business-leadership/
Soft Skills : The Ultimate Career Boost,3790204,Aviation Indeed,"Soft Skills, Personal Transformation, Personal Development",Communication,All Levels,2 hours,4.3,580,6196,Free,1/2021,0,0,0,https://www.udemy.com/course/soft-skills-the-ultimate-career-boost/
Why We Misunderstand: How Jumping to Conclusions Misleads Us,6253457,"Julie Blint, Persefone Coaching","Communication Skills, Growth Mindset, Personal Development, Business Communication, Communication",Communication,All Levels,24 mins,4.3,15,2901,Free,8/2025,0,0,21,https://www.udemy.com/course/master-communication-models/
Communication skills for Health Care Professionals,6022582,Pragadeesh Raja,"Communication Skills, Other Teaching & Academics, Teaching & Academics",Communication,All Levels,37 mins,4.2,85,986,Free,6/2024,0,0,0,https://www.udemy.com/course/communication-skills-for-health-care-professionals/
17 in 1: Complete Personal Transformation Masterclass,5424218,Brandon Hakim,"Personal Transformation, Communication Skills, Personal Productivity, Psychology, Personal Development",Communication,All Levels,61 hours,4.6,201,9060,"Rp159,000",3/2026,6,0,342,https://www.udemy.com/course/17-in-1-complete-personal-transformation-masterclass/
Articulation Unleashed: Speak With Precision and Clarity,5296538,Joseph Todd,"Public Speaking, Personal Transformation, Personal Development",Communication,Intermediate,2.5 hours,4.7,933,5536,"Rp159,000",4/2023,0,0,13,https://www.udemy.com/course/articulation-unleashed-speak-with-precision-and-clarity/
Charisma: You Can Develop Charisma,351090,"TJ Walker, Media Training Worldwide Digital","Charisma, Leadership, Personal Development",Communication,All Levels,22.5 hours,4.6,1730,33743,"Rp149,000",1/2026,10,0,106,https://www.udemy.com/course/how-to-develop-charisma/
2026 Complete Public Speaking Masterclass For Every Occasion,1576710,TJ Walker,"Public Speaking, Influence, Personal Development",Communication,All Levels,36.5 hours,4.4,10174,109479,"Rp159,000",1/2026,10,0,110,https://www.udemy.com/course/the-complete-public-speaking-masterclass-for-every-occasion/
The Complete Body Language for Business Course,1971936,"TJ Walker, Media Training Worldwide Digital","Body Language, Career Development, Personal Development",Communication,All Levels,37 hours,4.7,2281,59559,"Rp159,000",1/2026,9,0,135,https://www.udemy.com/course/the-complete-body-language-for-business-course/
Public Relations: Media Crisis Communications,285332,"TJ Walker, Media Training Worldwide Digital","Public Relations, Crisis Management, Communication Skills, Marketing",Communication,All Levels,6.5 hours,4.6,4444,58076,"Rp159,000",1/2026,12,0,102,https://www.udemy.com/course/crisis-communications-how-to-survive-a-crisis-in-the-media/
Professional English for Business: Boost Your Communication,6261109,Stéphane Elmaleh-Riel,"English Language, English Vocabulary, English Conversation, English Pronunciation, Personal Transformation",Communication,Beginner,13 hours,4.4,37,243,"Rp149,000",3/2026,0,0,2,https://www.udemy.com/course/professional-english-for-business/
Learn to Speak Giraffe,4612916,Basia Piechocinska,"Communication Skills, Relationship Building, Personal Transformation, Personal Development",Communication,Beginner,1.5 hours,4.5,16,113,"Rp149,000",4/2022,0,0,13,https://www.udemy.com/course/learn-to-speak-giraffe/
Developing Your Executive Leadership Skills,4938930,"Expert Academy, Lahcen Bouya","Leadership, Change Management, Crisis Management, Organizational Skills, Management",Communication,Beginner,1 hour,4.5,1602,9216,"Rp149,000",4/2026,0,0,10,https://www.udemy.com/course/executive-leadership-success/
Ethics and Professionalism in the Workplace,5882188,Hains Academy,"Professional Ethics, Communication, Business",Communication,All Levels,34 mins,4.6,4689,8450,"Rp149,000",3/2024,0,0,0,https://www.udemy.com/course/ethics-and-professionalism-in-the-workplace/
Internal Communications Mastery: PR & Employee Relations [EN,6456233,PapaHR ⇢ 1.6M+ Enrollments • 500+ HR Courses • 30 Languages AI in HR | Analytics | Talent | Comp&Ben | HRCI | SHRM-CP | PHRi,"Human Resources, Business",Communication,All Levels,2.5 hours,4.1,50,7680,"Rp159,000",3/2026,1,0,6,https://www.udemy.com/course/mastering-internal-communication/
Managing Different Personality Types: Influencing,2973850,Chris Croft,"Influence Skills, Business Communication, Communication Skills, Communication, Business",Communication,All Levels,3 hours,4.7,1105,4290,"Rp149,000",5/2025,0,0,16,https://www.udemy.com/course/influencing-and-persuading/
Active Listening Training Guide,6273197,Anna Kosinska,"Listening Skills, Personal Transformation, Personal Development",Communication,Beginner,1.5 hours,3.8,5,14,"Rp149,000",11/2024,0,0,0,https://www.udemy.com/course/active-listening-training-guide/
Management Consulting Skills for Managers & Leaders 2026,3727022,John Burress,"Management Consulting, Business Strategy, Financial Analysis, Business Consulting, Business",Communication,All Levels,9.5 hours,4.6,4618,110066,"Rp169,000",3/2026,28,0,19,https://www.udemy.com/course/management-consulting-business-strategy/
12 Strategies for Dealing With Difficult People,430604,Steve Schmidt,"Communication Skills, Communication, Business",Communication,All Levels,2 hours,4.5,20113,45533,"Rp149,000",10/2018,0,0,2,https://www.udemy.com/course/12-strategies-for-dealing-with-difficult-people/
Empathy For Customer Service That Feels Personalized,4889990,Alex Genadinik,"Customer Service, Empathy, Communication, Business",Communication,Beginner,1.5 hours,4.7,4208,7512,"Rp149,000",2/2026,0,0,3,https://www.udemy.com/course/empathy-for-customer-service/
Personal Development: All-in-One Bundle,6526945,"Lucia Grosaru, M.A. Psy.","Personal Transformation, Personal Development",Communication,All Levels,17 hours,5.0,6,41,"Rp149,000",8/2025,0,0,0,https://www.udemy.com/course/personal-development-all-in-one-bundle/
Business Etiquette 101: Social Skills for Success,802818,Kara Ronin,"Business Etiquette, Social Skills, Personal Branding, Personal Networking, Career Development",Communication,All Levels,4.5 hours,4.7,17655,45116,"Rp149,000",4/2026,2,0,18,https://www.udemy.com/course/business-etiquette-101-social-skills-for-success/
Business Etiquette and Professionalism,1649868,Stone River eLearning,"Business Etiquette, Management, Business",Communication,All Levels,2 hours,4.5,17513,33677,"Rp159,000",1/2024,0,0,5,https://www.udemy.com/course/business-etiquette-and-professionalism/
Tackling Tough Conversations with Emotional Intelligence,5159680,Robin Hills,"Difficult Conversations, Emotional Intelligence, Business Communication, Conflict Management, Communication",Communication,Beginner,3.5 hours,4.4,16,308,"Rp149,000",8/2025,7,0,11,https://www.udemy.com/course/difficult-conversations-with-emotional-intelligence/
Relational Life Couples Therapy and Communication Tips,5921176,Saskia Kalwinek,"Couples Counseling, Communication Skills, Toxic Relationship Coping, Parenting & Relationships, Personal Development",Communication,Beginner,3 hours,4.6,7,44,"Rp149,000",5/2024,0,0,42,https://www.udemy.com/course/relational-life-couples-therapy-and-communication-tips/
Public Speaking: C-Level Executive Public Speaking Skills,338480,"TJ Walker, Media Training Worldwide Digital","Public Speaking, Communication, Business",Communication,Expert,2.5 hours,4.4,264,37881,"Rp149,000",1/2026,7,0,5,https://www.udemy.com/course/public-speaking-for-c-level-executives/
Get Amazing Results from Your Conversations at Work,4516580,Deborah Grayson Riegel,"Business Communication, Communication, Business",Communication,All Levels,2 hours,4.6,2940,8816,"Rp149,000",5/2025,0,0,24,https://www.udemy.com/course/great-conversations/
Leading Effective Meetings - You Can Lead Effective Meetings,1937150,"TJ Walker, Media Training Worldwide Digital","Meetings, Lead Generation, Leadership, Personal Development",Communication,All Levels,32 hours,4.5,1523,51696,"Rp149,000",1/2026,8,0,104,https://www.udemy.com/course/leading-effective-meetings-you-can-lead-effective-meetings/
Effective Listening Mastery:Unlock the Power of Understandig,6771835,Eman shafique,"Listening Skills, Communication, Business",Communication,Beginner,1 hour,4.8,47,118,"Rp149,000",8/2025,0,0,0,https://www.udemy.com/course/effective-listening-masteryunlock-the-power-of-understandig/
Persuasion in Business Communications,1560202,"TJ Walker, Media Training Worldwide Digital","Persuasion, Influence, Personal Development",Communication,All Levels,1.5 hours,4.3,272,36554,"Rp149,000",1/2026,5,0,5,https://www.udemy.com/course/persuasion-in-business-communications/
Sales Skills Training: Sales Skills That Actually Work,6970199,Mind Stack,"Sales Skills, Sales, Business",Communication,All Levels,3.5 hours,4.8,95,1404,"Rp149,000",1/2026,0,0,0,https://www.udemy.com/course/sales-skills-training-course/
Body Language to Help Your Business Career,662362,"TJ Walker, Media Training Worldwide Digital","Body Language, Business Fundamentals, Business Strategy, Career Development, Personal Development",Communication,All Levels,36 hours,4.5,1032,48621,"Rp149,000",1/2026,9,0,110,https://www.udemy.com/course/body-language-for-business-people/
TJ Walker's 1-Hour Public Speaking Presentation Skills Class,1723120,"TJ Walker, Media Training Worldwide Digital","Public Speaking, Presentation Skills, Personal Transformation, Personal Development",Communication,All Levels,36 hours,4.6,1298,49083,"Rp149,000",1/2026,10,0,107,https://www.udemy.com/course/tj-walkers-1-hour-public-speaking-presentation-skills-class/
Presentation Skills & Public Speaking: Complete Masterclass,4561610,"Jimmy Naraine • Official Udemy Partner, Jimmy Naraine Support","Presentation Skills, Communication, Business",Communication,All Levels,15 hours,4.6,2143,10753,"Rp149,000",11/2025,0,0,1,https://www.udemy.com/course/presentation-skills-public-speaking-complete-masterclass/
Certified Life Coach Training (Beginner to Advanced),1080376,"Kain Ramsay, Academy of Applied Psychology","Life Coach Training, Personal Transformation, Personal Development",Communication,All Levels,33 hours,4.6,38834,161752,"Rp159,000",8/2025,3,0,159,https://www.udemy.com/course/life-coaching-online-certification-course-life-coach-training/
Communicating with Empathy in the Workplace,5508408,Peacemakers Consulting Services,"Empathy, Communication Skills, Leadership, Personal Development",Communication,All Levels,1 hour,4.5,2770,5750,"Rp149,000",8/2024,0,0,0,https://www.udemy.com/course/communicating-with-empathy-in-the-workplace/
Presentation Skills - Advanced: Speak Without Reading Notes,351110,"TJ Walker, Media Training Worldwide Digital","Presentation Skills, Career Development, Personal Development",Communication,All Levels,34.5 hours,4.3,2777,71377,"Rp199,000",1/2026,10,0,101,https://www.udemy.com/course/how-to-speak-without-notes/
Fundamentals of Backend Engineering,4953660,Hussein Nasser,"Back End Web Development, Software Engineering, Development",Communication,Intermediate,19.5 hours,4.7,7153,56368,"Rp169,000",10/2025,5,0,37,https://www.udemy.com/course/fundamentals-of-backend-communications-and-protocols/
Mastering the Art of Professional Speaking,6686373,"Alin Marin, Patrick Snow","Public Speaking, Communication Skills, Business Development, Marketing Strategy, Communication",Communication,All Levels,4 hours,4.9,269,3049,"Rp149,000",6/2025,0,0,9,https://www.udemy.com/course/mastering-the-art-of-professional-speaking/
Communication Skills for Accountants,1621564,David Boughton,"English Language, Language Learning, Teaching & Academics",Communication,All Levels,5.5 hours,4.7,154,704,"Rp149,000",11/2023,0,0,0,https://www.udemy.com/course/english-for-accounting/
Public Speaking Training & Facilitator Certification,1280842,"Joeel & Natalie of Transformation Services, Patrick Howell, CiPP Master Coach and Trainer, Transformation Services","Public Speaking, Facilitation, Communication, Business",Communication,All Levels,9 hours,4.6,2380,11701,"Rp149,000",3/2026,4,0,68,https://www.udemy.com/course/public-speaker-training-workshop-facilitator-certification/
Professional standards and ethics for Doctors,5261682,"HeartbeatsZ Academy, UK","Listening Skills, Career Development, Personal Development",Communication,Beginner,5.5 hours,4.4,4,13,"Rp149,000",1/2026,1,0,0,https://www.udemy.com/course/improving-your-listening-skills-as-doctor-and-nurse/
"How To Make Your Voice Heard, And Articulate Your Value",5445590,Alex Genadinik,"Communication Skills, Communication, Business",Communication,Beginner,1 hour,4.6,3002,6170,"Rp149,000",4/2026,0,0,0,https://www.udemy.com/course/articulate-effective-and-persuasive-communication/
Master Approachability Soft Skill For Authentic Connections,5846744,Magine Solutions Team,"Relationship Building, Soft Skills, Communication Skills, Career Development, Communication",Communication,All Levels,1.5 hours,4.6,692,1814,"Rp149,000",3/2025,0,0,0,https://www.udemy.com/course/soft-skills-communication/
Communicating through Disagreement,6158191,"Peter Alkema, Irlon Terblanche, Media Training Worldwide Digital","Communication Skills, Emotional Intelligence, Negotiation, Psychology, Communication",Communication,Beginner,16.5 hours,3.6,186,897,"Rp149,000",6/2025,8,0,318,https://www.udemy.com/course/communicating-through-disagreement/
Manager Training : The Complete Guide,6844195,Jamal Lazaar,"Manager Training, Management Skills, Leadership, Management, Business",Communication,All Levels,13 hours,4.7,106,549,"Rp149,000",2/2026,41,0,6,https://www.udemy.com/course/manager-training-the-complete-guide/
Public Speaking for Engineers: Never Get Lost in Tech Detail,363248,"TJ Walker, Media Training Worldwide Digital, Peter Alkema","Public Speaking, Industry, Business",Communication,All Levels,13 hours,4.2,826,26401,"Rp199,000",7/2025,12,0,213,https://www.udemy.com/course/public-speaking-for-engineers/
Master Your Emotions to Better Manage Conflict,5797298,"Roger Kay Allen, Ph.D.","Conflict Management, Emotional Intelligence, Communication Skills, Stress Management, Personal Development",Communication,All Levels,1.5 hours,4.7,896,2670,"Rp149,000",2/2026,1,0,21,https://www.udemy.com/course/resolve-conflict-by-managing-your-emotions/
Executive Presence for Strategy/Initiative Pitches,4277140,Vasco Patrício,"Business Communication, Management Consulting, Presentation Skills, Strategic Thinking, Management",Communication,All Levels,5.5 hours,4.8,153,364,"Rp149,000",11/2025,1,0,42,https://www.udemy.com/course/executive-presence-boardroom-pitches/
Conflict Management & Resolution In The Workplace,6003288,"Expert Academy, Lahcen Bouya","Conflict Management, Management Skills, Company Culture, Communication Skills, Management",Communication,All Levels,1 hour,4.6,91,2035,"Rp209,000",4/2026,1,0,6,https://www.udemy.com/course/conflict-management-and-resolution/
Mastering Modbus RS485 Network Communication,65618,Emile Ackbarali,"Modbus, Network & Security, IT & Software",Communication,Intermediate,3.5 hours,4.6,3756,11141,"Rp149,000",11/2025,0,0,22,https://www.udemy.com/course/mastering-modbus-rs485-network-communication/
Public Speaking and Presenting at Work,1349000,"Joeel & Natalie of Transformation Services, Transformation Services","Public Speaking, Presentation Skills, Communication, Business",Communication,All Levels,2 hours,4.5,9295,29029,"Rp149,000",3/2026,13,0,13,https://www.udemy.com/course/public-speaking-and-presenting-at-work/
Job Interview Complete: English and Interview Skills,6237963,"David Morris, Sebastian Burton","Interviewing Skills, Job Search, Business English, Learning a Foreign Language, Career Development",Communication,All Levels,31.5 hours,4.6,75,1723,"Rp149,000",3/2026,0,0,2,https://www.udemy.com/course/job-interview-complete/
Excellence in Interpersonal Skills (People & Social Skill),4349590,"Arun Singhal B-Tech, MBA (IIM-B),Unilever, J&J, Danone, IIMU, Cello","Social Skills, Personal Brand Building, Personal Development",Communication,All Levels,3.5 hours,4.3,306,31778,"Rp149,000",1/2026,0,0,21,https://www.udemy.com/course/excellence-in-interpersonal-skills/
Communicate with Confidence at Work - Communication Skills,5780870,Alternatively Skilled,"Career Development, Personal Development",Communication,All Levels,1.5 hours,4.3,4,133,"Rp149,000",8/2025,1,0,4,https://www.udemy.com/course/communicate-with-confidence-at-work-communication-skills/
How to Stop Stuttering & Speak Smoothly Using Pro90d,51727,Michael Williams,"Speech Therapy, Personal Transformation, Personal Development",Communication,All Levels,26 hours,4.3,624,5065,"Rp149,000",5/2025,9,0,136,https://www.udemy.com/course/how-to-stop-stuttering-speak-smoothly-using-pro90d/
Effective Communication,6069175,Speaking Space,"Communication Skills, Communication, Business",Communication,Intermediate,2 hours,4.5,N/A,8,"Rp149,000",8/2024,0,0,8,https://www.udemy.com/course/effective-communication-speaking-space/
Emotional intelligence in practice,4198410,Jamal Lazaar,"Emotional Intelligence, Business Communication, Master Your Emotions, Career Development, Personal Development",Communication,All Levels,1.5 hours,4.5,5546,16987,"Rp149,000",2/2026,8,0,1,https://www.udemy.com/course/emotional-intelligence-in-practice/
Public Speaking Skills: Give a Great Informational Speech,363092,"TJ Walker, Media Training Worldwide Digital","Public Speaking, Communication, Business",Communication,All Levels,6.5 hours,4.5,1072,38164,"Rp149,000",7/2025,10,0,100,https://www.udemy.com/course/how-to-give-an-informational-speech/
English for IT Professionals: Communication,5839928,"Olga Tomilova, Lilly Balaban","English Language, Language Learning, Teaching & Academics",Communication,Intermediate,3 hours,4.4,177,1290,"Rp149,000",11/2024,1,0,2,https://www.udemy.com/course/business-english-in-it-meetings-feedback-and-emails/
Workplace Etiquette,5882018,Hains Academy,"Communication, Business",Communication,All Levels,1 hour,4.1,34,1191,"Rp149,000",3/2024,0,0,0,https://www.udemy.com/course/workplace-etiquette/
3-in-1 Executive Presence and Charisma Masterclass,3502376,Vasco Patrício,"Leadership, Business Communication, Social Skills, Interpersonal Feedback, Personal Development",Communication,All Levels,14 hours,4.5,883,14851,"Rp149,000",11/2025,3,0,98,https://www.udemy.com/course/ultimate-social-skills/
"5G, 4G LTE, 3G, 2G; Mobile/Cellular Networks For Beginners",3476654,Dr. Moazzam Tiwana,"Cellular Networking, Network & Security, IT & Software",Communication,Beginner,5.5 hours,4.5,4595,18259,"Rp149,000",11/2024,2,0,0,https://www.udemy.com/course/5g-4g-lte-3g-2g-mobile-cellular-networks-for-beginners/
The Art of public speaking: The Perfect Presentation System,4321306,Hofmeyr de Vos,"Presentation Skills, Communication, Business",Communication,All Levels,6 hours,5.0,7,97,"Rp149,000",5/2022,7,0,9,https://www.udemy.com/course/the-art-of-public-speaking-the-perfect-presentation-system/
Communicate Powerfully: How To Communicate To Get Results,4986280,"Zubin Rashid (Learning and Development Academy), Career Skills Coach","Communication Skills, Business Communication, Communication, Business",Communication,Beginner,2 hours,4.5,94,527,"Rp149,000",5/2025,1,0,1,https://www.udemy.com/course/communicate-powerfully-how-to-communicate-to-get-results/
Digital Communication Comprehensive Course,6895537,Prof. Hitesh Dholakiya (CEO of Engineering Funda & Day Dream Software),"Engineering, Teaching & Academics",Communication,Beginner,29 hours,5.0,1,103,"Rp149,000",2/2026,0,0,18,https://www.udemy.com/course/digital-communication-comprehensive-course/
"Communication Series P1 : UART, SPI and I2C in Verilog",5554000,Kumar Khandagle,"SystemVerilog, Hardware, IT & Software",Communication,All Levels,6.5 hours,4.1,344,3355,"Rp149,000",6/2024,29,0,0,https://www.udemy.com/course/communication-series-p1-uart-spi-and-i2c-in-verilog/
Presentation Skills: Give a Great Team Presentation,348432,"TJ Walker, Media Training Worldwide Digital","Presentation Skills, Communication, Business",Communication,All Levels,6.5 hours,4.5,7181,50512,"Rp149,000",1/2026,10,0,106,https://www.udemy.com/course/how-to-give-a-team-presentation/
Grief Life Coach Certification,6296407,"Joeel & Natalie of Transformation Services, Jan Davidson, Transformation Services","Grief Healing, Life Coach Training, Communication Skills, Stress Management, Personal Development",Communication,All Levels,4.5 hours,4.6,279,1029,"Rp149,000",3/2026,4,0,56,https://www.udemy.com/course/grief-life-coach-certification/
Confidence Mastery Course: Unleash Your Hidden Potential,3631290,"Media Training Worldwide Digital, Imran Afzal","Confidence, Personal Development, Self-Esteem, Communication Skills, Self Esteem & Confidence",Communication,All Levels,15 hours,4.5,393,27500,"Rp149,000",1/2026,4,0,14,https://www.udemy.com/course/complete-confidence-building-course-exude-confidence-now/
Autism: Speech Development & Social Communication,5856684,Ilse Kilian-Ross,"Autism, Parenting & Relationships, Personal Development",Communication,Beginner,1 hour,4.0,18,71,"Rp149,000",9/2025,12,0,1,https://www.udemy.com/course/autism-speech-development-social-communication/
Smart Strategies to Win Group Discussion (GD) Round,4551886,Ashish G,"Communication Skills, Career Development, Personal Development",Communication,All Levels,1 hour,4.7,69,427,"Rp149,000",9/2025,0,0,45,https://www.udemy.com/course/group-discussion-masterclass/
Fear of Public Speaking: Never Fear Public Speaking Again,281634,"TJ Walker, Media Training Worldwide Digital","Public Speaking, Communication, Business",Communication,All Levels,1 hour,4.3,856,78425,"Rp149,000",1/2026,7,0,3,https://www.udemy.com/course/eliminate-your-fear-of-public-speaking/
"Job Ready Skills: Excel, Typing & Professional Communication",6709429,Vinay Sreekanthappa,"Microsoft Excel, Soft Skills, Microsoft, Office Productivity",Communication,Intermediate,8.5 hours,5.0,1,19,"Rp149,000",8/2025,0,0,177,https://www.udemy.com/course/job-ready-skills-excel-typing-professional-communication/
Public Speaking: You Can be a Great Speaker within 24 Hours,242886,"TJ Walker, Media Training Worldwide Digital","Public Speaking, Communication, Business",Communication,All Levels,2 hours,4.7,1117,98935,"Rp159,000",1/2026,8,0,5,https://www.udemy.com/course/the-ultimate-public-speaking-course/
Exude Virtual Executive Presence!,5524238,Rebecca Martin,"Public Speaking, Virtual Reality, Leadership, Communication Skills, Career Development",Communication,Intermediate,1.5 hours,5.0,12,232,"Rp149,000",3/2026,0,0,0,https://www.udemy.com/course/show-up-take-control-of-your-remote-communication/
How To Set Boundaries: The Assertive Way,5906952,"Lucia Grosaru, M.A. Psy.","Assertiveness, Confidence, Communication Skills, Personal Transformation, Personal Development",Communication,All Levels,1.5 hours,4.5,46,918,"Rp149,000",7/2025,0,0,0,https://www.udemy.com/course/how-to-set-boundaries-the-assertive-way/
Personality: Influencing with DISC Behavioral Styles at Work,1792372,Robin Hills,"Personality, Relationship Building, Teamwork, Human Resources, Business",Communication,Intermediate,2 hours,4.6,3298,12826,"Rp149,000",11/2025,8,0,12,https://www.udemy.com/course/disc-behavioural-styles/
Mastering Modbus TCP/IP Network Communication,854042,Emile Ackbarali,"Modbus, Other IT & Software, IT & Software",Communication,Intermediate,3 hours,4.6,1805,8110,"Rp149,000",11/2025,0,0,3,https://www.udemy.com/course/mastering-modbus-tcpip-network-communication/
Public Speaking - High Tech Executives Can be Eloquent,364188,"TJ Walker, Media Training Worldwide Digital","Public Speaking, Public Relations, Marketing",Communication,All Levels,1.5 hours,4.6,156,32060,"Rp149,000",1/2026,7,0,0,https://www.udemy.com/course/public-speaking-for-high-tech-executives/
Soft skills for life & work: develop yourself for success,4682450,Liz Makin,"Soft Skills, Career Development, Personal Development",Communication,All Levels,2.5 hours,4.4,214,773,"Rp149,000",11/2025,2,0,3,https://www.udemy.com/course/soft-skills-for-life-work-develop-yourself-for-success/
The Full Business Management Bootcamp - 29 Courses in 1,6936149,"Scholastia E-Learning, Tanusree Sengupta","Business Fundamentals, Business Communication, Business Development, Management, Business",Communication,All Levels,29.5 hours,5.0,2,8,"Rp149,000",3/2026,0,0,0,https://www.udemy.com/course/business-management-and-communication/
INFLUENCE SKILLS & PERSUASION: Ultimate Body Language Skills,6576391,FEIL Consulting and Resources,"Nonverbal Communication, Body Language, Confidence, Communication Skills, Career Development",Communication,All Levels,1.5 hours,4.9,8,1230,"Rp149,000",7/2025,0,0,0,https://www.udemy.com/course/nonverbal-communication-the-ultimate-body-language-skills/
Soft Skills: The 10 Soft Skills You Must Have in Workplace,2806595,LinCademy Ltd.,"Soft Skills, Career Development, Personal Development",Communication,All Levels,1 hour,4.6,740,27140,"Rp149,000",3/2025,1,0,0,https://www.udemy.com/course/soft-skills-the-10-soft-skills-you-must-have-in-workplace/
Communicate with Confidence at Work,4298100,Matthew Davies,"Communication Skills, Confidence, Personal Development, Public Speaking, Self Esteem & Confidence",Communication,All Levels,1 hour,4.5,78,198,"Rp349,000",10/2021,0,0,24,https://www.udemy.com/course/communicate-with-confidence-at-work/
Strategic Negotiation Techniques For Professionals,6372359,Susan Stolworthy,"Negotiation, Communication, Business",Communication,All Levels,2 hours,4.7,9,279,"Rp149,000",11/2025,0,0,0,https://www.udemy.com/course/the-complete-guide-to-negotiation-in-business-and-life/
Pitching Yourself - The Complete Course to Help You Pitch,4862908,"TJ Walker, Imran Afzal","Business Communication, Communication, Business",Communication,All Levels,7 hours,4.4,855,5329,"Rp149,000",1/2026,3,0,102,https://www.udemy.com/course/pitching-yourself-the-complete-course-to-help-you-pitch/
You Can Deliver a TED-Style Talk Presentation (Unofficial),281626,"TJ Walker, Media Training Worldwide Digital","Ted Talk, Presentation Skills, Communication, Business",Communication,Expert,1.5 hours,4.1,308,67800,"Rp149,000",1/2026,7,0,3,https://www.udemy.com/course/how-to-give-a-ted-talk/
Understanding Personality Types at Work,1309804,Robin Hills,"Personality, Relationship Building, Teamwork, Human Resources, Business",Communication,Intermediate,1.5 hours,4.4,8410,24461,"Rp149,000",8/2025,6,0,7,https://www.udemy.com/course/understanding-personality-types-at-work/
An Introduction to IEC 61850 Client-Server Communication,4109398,Emile Ackbarali,"Data Structures, Other IT & Software, IT & Software",Communication,Intermediate,3 hours,4.7,64,275,"Rp149,000",11/2025,0,0,5,https://www.udemy.com/course/an-introduction-to-iec-61850-client-server-communication/
Personal Branding: You Deliver a Great Elevator Pitch,364026,"TJ Walker, Media Training Worldwide Digital","Personal Branding, Communication Skills, Investor Pitching, Other Marketing, Marketing",Communication,All Levels,1 hour,4.6,209,28926,"Rp149,000",1/2026,7,0,0,https://www.udemy.com/course/how-to-deliver-an-elevator-pitch/
"Leadership Masterclass: Build Confidence, Influence & Lead",6936147,Mind Stack,"Leadership, Management, Business",Communication,All Levels,9.5 hours,4.9,23,2815,"Rp149,000",1/2026,0,0,0,https://www.udemy.com/course/leadership-course-mastery/
Management Skills Masterclass: Lead Teams with Confidence,6932663,Mind Stack,"Management Skills, Management, Business",Communication,All Levels,12.5 hours,4.9,74,3257,"Rp149,000",12/2025,0,0,0,https://www.udemy.com/course/management-skills-masterclass/
Effective Leadership: Exploring Different Leadership Styles,1714190,Robin Hills,"Leadership, Management, Business",Communication,Intermediate,1.5 hours,4.7,248,9808,"Rp149,000",1/2026,8,0,8,https://www.udemy.com/course/leadership-styles/
7-in-1 Executive Presence Masterclass,4298853,Vasco Patrício,"Business Communication, Social Skills, Interpersonal Feedback, Communication, Business",Communication,All Levels,5.5 hours,4.3,535,7261,"Rp149,000",11/2025,1,0,39,https://www.udemy.com/course/executive-presence-masterclass/
The Complete Public Speaking Course: Become a Great Speaker,296403,"TJ Walker, Media Training Worldwide Digital","Public Speaking, Communication, Business",Communication,All Levels,4.5 hours,4.4,849,74808,"Rp219,000",1/2026,8,0,5,https://www.udemy.com/course/advanced-public-speaking/
Master Public Speaking to Become a Leader at Work. Speak Up!,3017800,Rebecca Martin,"Public Speaking, Leadership, Personal Development, Persuasion",Communication,Intermediate,1.5 hours,4.6,2655,9029,"Rp149,000",3/2026,0,0,0,https://www.udemy.com/course/speak-up-public-speaking-for-leadership-development/
Mastering Appreciation for Positive Workplace Relationships,6337281,Laura Cozijnsen,"Communication, Business",Communication,All Levels,32 mins,5.0,48,3200,"Rp329,000",3/2026,0,0,1,https://www.udemy.com/course/mastering-appreciation-for-positive-workplace-relationships/
Managers Guide to Effective 1:1 Meetings,6585545,"CRFT Productions, Fiona Dewar","Meetings, Management Skills, Leadership, Listening Skills, Management",Communication,All Levels,2 hours,4.6,230,1296,"Rp149,000",5/2025,0,0,10,https://www.udemy.com/course/one-to-one-meetings/
Sales Communication Mastery,6979563,Neeraj Kumar,"Sales Skills, Business Communication, Influence Skills, Communication Skills, Sales",Communication,All Levels,2.5 hours,4.9,8,9,"Rp149,000",12/2025,0,0,0,https://www.udemy.com/course/sales-communication-mastery/
The Complete Soft Skills Course for Techies and Coders,1240326,Libby Seery,"Soft Skills, Entrepreneurship, Business",Communication,Beginner,8 hours,4.5,236,1663,"Rp159,000",7/2017,4,0,4,https://www.udemy.com/course/the-complete-soft-skills-course-for-techies-and-coders/
Professionalism in the Office,1649806,Stone River eLearning,"Personal Networking, Career Development, Personal Development",Communication,All Levels,2 hours,3.9,97,251,"Rp149,000",10/2018,0,0,5,https://www.udemy.com/course/professionalism-in-the-office/
Public Speaking Mastery With AI & ChatGPT,6584421,Sawan Kumar,"Public Speaking, Personal Brand Building, Personal Development",Communication,All Levels,2 hours,4.9,15,612,"Rp149,000",12/2025,9,0,18,https://www.udemy.com/course/speaking-made-easy-master-public-speaking-with-ai-and-ghl/
How to Build Positive Relationships at Home and Work,5626102,"Roger Kay Allen, Ph.D.","Relationship Building, Emotional Intelligence, Communication Skills, Influence Skills, Parenting & Relationships",Communication,All Levels,1.5 hours,4.7,20,119,"Rp149,000",2/2026,1,0,16,https://www.udemy.com/course/how-to-build-relationships-of-empathy-trust-and-goodwill/
Leadership +,5959932,Héctor Peña • Official Udemy Partner,"Leadership, Communication Skills, Management Skills, Personal Transformation, Personal Development",Communication,All Levels,5 hours,4.5,1815,4591,"Rp149,000",12/2025,1,0,33,https://www.udemy.com/course/positive-leadership/
"Hazard Communication, Hazardous Materials & Chemical Safety",5899738,Oluseye Kolawole,"Workplace Health and Safety, Career Development, Personal Development",Communication,All Levels,1 hour,4.6,41,89,"Rp149,000",4/2024,1,0,3,https://www.udemy.com/course/hazcom-hazmat-chemicalsafety/
Presentation Skills: Give a Great New Business Pitch,363882,"TJ Walker, Media Training Worldwide Digital","Presentation Skills, Sales Skills, Public Relations, Marketing",Communication,All Levels,6 hours,4.4,2218,42852,"Rp149,000",1/2026,11,0,105,https://www.udemy.com/course/how-to-give-a-new-business-pitch-presentation/
How To Have Constructive Conversations And Debates At Work,5237622,Alex Genadinik,"Business Communication, Influence, Personal Development",Communication,All Levels,3.5 hours,4.5,232,1239,"Rp149,000",4/2025,1,0,38,https://www.udemy.com/course/how-to-have-constructive-conversations-and-debates-at-work/
Scientific English for Communication,6710051,Hicham Tachtiouine,"Science, Teaching & Academics",Communication,All Levels,4 hours,4.6,2,14,"Rp149,000",7/2025,1,0,22,https://www.udemy.com/course/scientific-english-for-communication/
Working with Traditional Japanese Companies,6710215,Aun Communication,"Company Culture, Business Strategy, Communication, Business",Communication,Expert,2.5 hours,4.6,113,417,"Rp149,000",1/2026,0,0,0,https://www.udemy.com/course/aunonlinecoursetjc/
How to Have Inclusive Conversations at Work,6523515,"Deborah Grayson Riegel, Sally Starrfield","Communication Skills, Communication, Business",Communication,All Levels,1.5 hours,4.5,149,467,"Rp149,000",5/2025,0,0,14,https://www.udemy.com/course/how-to-have-inclusive-conversations-at-work/
Public Speaking for Women,362474,"TJ Walker, Media Training Worldwide Digital","Public Speaking, Influence, Personal Development",Communication,All Levels,2 hours,4.3,133,18932,"Rp149,000",1/2026,7,0,3,https://www.udemy.com/course/public-speaking-for-women/
Resolving Conflicts and Improving Relationships,2731322,Marshall Bolin,"Communication Skills, Personal Transformation, Personal Development",Communication,Beginner,4 hours,4.3,819,2847,"Rp149,000",2/2020,0,0,14,https://www.udemy.com/course/resolving-conflicts-and-improving-relationships/
Professionalism in the Workplace & Email Etiquette,3557427,Intellezy Trainers,"Email Writing and Etiquette, Other Business, Business",Communication,Beginner,37 mins,4.6,258,626,"Rp149,000",10/2020,0,0,0,https://www.udemy.com/course/professionalism-in-the-workplace-email-etiquette/
Leading Across Generations: Essentials for Success,6404373,Mana Dowlatshahi Yeganeh,"Leadership, Management Skills, Human Resources, Business Strategy, Management",Communication,All Levels,25.5 hours,4.9,4,463,"Rp149,000",3/2026,9,0,4,https://www.udemy.com/course/leading-across-generations-essentials-for-success/
English for the Workplace - Language for Professionals,4772270,"Michael Dewar, Grzegorz Najder, Marlena Szubert-Najder","Business English, Business Communication, Customer Service, Interviewing Skills, Language Learning",Communication,Intermediate,2.5 hours,4.8,51,1080,"Rp149,000",11/2022,1,0,0,https://www.udemy.com/course/language-for-the-workplace/
Interpersonal Feedback For Business,6273489,Eric Yeboah,"Interpersonal Feedback, Management, Business",Communication,All Levels,1.5 hours,5.0,2,2,"Rp149,000",10/2025,0,0,0,https://www.udemy.com/course/interpersonal-feedback-for-business/
Media Training: Look Your Best-Get the Exact Quotes You Want,142350,"TJ Walker, Media Training Worldwide Digital","Media Training, Communication, Business",Communication,All Levels,4.5 hours,4.3,358,26708,"Rp149,000",1/2026,8,0,10,https://www.udemy.com/course/media-training-how-to-speak-to-the-news-media-effectively/
"How To Write Better: The Clear, Concise, Effective You",573010,"Andrew Matthews, Shaun Leonard","Writing, Language Learning, Teaching & Academics",Communication,All Levels,1 hour,4.1,66,1051,"Rp149,000",8/2015,4,0,2,https://www.udemy.com/course/how-to-write-better-clear-concise-effective/
Build A Resilient Workforce To Confidently Navigate Change,6334103,Expert Academy,"Change Management, Agile, Leadership, Resilience, Management",Communication,All Levels,1 hour,5.0,13,32,"Rp149,000",12/2024,1,0,0,https://www.udemy.com/course/build-a-resilient-workforce-to-confidently-navigate-change/
AI for People Managers,6708355,Deborah Grayson Riegel,"Management Skills, Management, Business",Communication,All Levels,2 hours,4.5,1221,2676,"Rp1,799,000",8/2025,0,0,7,https://www.udemy.com/course/ai-for-people-managers/
The Psychology Of Persuasion & Influence,1639806,"Expert Academy, Lahcen Bouya","Persuasion, Influence Skills, Negotiation, Communication, Business",Communication,All Levels,2 hours,4.5,499,14064,"Rp149,000",4/2026,0,0,0,https://www.udemy.com/course/the-psychology-of-persuasion-and-influence-with-phil-hesketh/
Presentation Masterclass for Scientists,5989690,Dr. Samar Emara,"Public Speaking, Communication Skills, Other Personal Development, Personal Development",Communication,All Levels,1 hour,5.0,3,15,"Rp499,000",6/2024,1,0,0,https://www.udemy.com/course/presentation-masterclass-for-scientists/
The Art Of Persuasion,4670334,Marc Hamill,"Persuasion, Communication Skills, Influence Skills, Communication, Business",Communication,Expert,30 mins,4.7,65,4126,"Rp149,000",5/2022,1,0,1,https://www.udemy.com/course/the-art-of-persuasion-x/
Culture | How to Manage Team Conflict,585066,Learoy Tonight,"Conflict Management, Company Culture, Management, Business",Communication,All Levels,28 mins,4.5,14697,30157,"Rp149,000",12/2021,0,0,0,https://www.udemy.com/course/culture-how-to-manage-team-conflict/
Effective Communication and Presentation,6470399,Richard Faint,"Communication Skills, Other Personal Development, Personal Development",Communication,All Levels,37 mins,4.3,2,3,"Rp149,000",2/2025,0,0,6,https://www.udemy.com/course/effective-communication-and-presentation/
Dynamic Communication - The Key to Better Relationships,6516873,Doug Gray,"Communication Skills, Influence, Personal Development",Communication,Beginner,1 hour,4.0,1,2,"Rp149,000",11/2025,0,0,5,https://www.udemy.com/course/dynamic-communication-the-key-to-better-relationships/
17 Soft Skills You Need in the 21st Century,1689380,AJK Consulting,"Soft Skills, Personal Development, Career Development",Communication,All Levels,5 hours,4.3,85,304,"Rp149,000",2/2022,11,0,6,https://www.udemy.com/course/soft-skills-training/
Speak English Fluently: Native Secrets for Work,1265618,Terry Mc Gonigle,"English Conversation, English Language, Language Learning, Teaching & Academics",Communication,Intermediate,49.5 hours,4.4,4784,33810,"Rp149,000",2/2026,3,0,22,https://www.udemy.com/course/how-to-understand-native-speakers/
Leadership Development Course with Dekker | Fortune 100 MBA,4723154,"Dekker the Marketer, Jyra Galosmo, Neelisha Singhal","Leadership, Personal Development",Communication,All Levels,5.5 hours,4.7,892,27143,"Rp149,000",9/2025,21,0,7,https://www.udemy.com/course/leadership-development-course/
English Speaking Course in Hindi - English For Beginners,4065970,"Kritikka Tripathi, MBA, Certified Counsellor","Communication Skills, English Language, Storytelling, Language Learning, Teaching & Academics",Communication,Beginner,15 hours,4.2,1744,22038,"Rp149,000",12/2025,4,0,33,https://www.udemy.com/course/english-speaking-course-beginner-advance-hindi-to-english/
Delivering Constructive Criticism: The Assertive Way,1691884,"Lucia Grosaru, M.A. Psy.","Assertiveness, Emotional Intelligence, Social Skills, Communication Skills, Self Esteem & Confidence",Communication,All Levels,2 hours,4.2,41,3413,"Rp149,000",7/2025,0,0,1,https://www.udemy.com/course/delivering-constructive-criticism-the-assertive-way/
3rd Master in Coaching IM2-3 + CERTIFICATE,3806406,Mywebstudies,"Executive Coaching, Management Coaching, Coaching, Agile, Management",Communication,All Levels,67.5 hours,4.0,N/A,29,"Rp149,000",2/2026,1,0,0,https://www.udemy.com/course/sap-server-access-21-days/
Motivating Your Team: How to keep morale high,1475060,PracticalGrowth Inc.,"Motivation, Management, Business",Communication,All Levels,1 hour,4.3,3789,22589,$54.99,12/2025,5,0,11,https://www.udemy.com/course/motivating-your-team-how-to-keep-morale-high/
Communication Skills and Interrogation Mastery Course,5623942,FEIL Consulting and Resources,"Nonverbal Communication, Communication Skills, Investigation, Negotiation, Career Development",Communication,All Levels,4 hours,4.7,76,580,"Rp149,000",5/2025,0,0,0,https://www.udemy.com/course/communication-and-interrogation-mastery-course/
Leadership & Management: 5 Skills for CEOs & Team Leaders,7093593,MD Ohiduzzaman Choudhury,"Leadership, Management Skills, Personal Transformation, Personal Development",Communication,All Levels,1.5 hours,4.7,2,16,"Rp149,000",3/2026,0,0,0,https://www.udemy.com/course/leadership-management-5-skills-for-ceos-team-leaders/
Storytelling to Influence - Storytelling Practical in Hindi,6358235,"Kritikka Tripathi, MBA, Certified Counsellor","Storytelling, Business Communication, Communication, Business",Communication,All Levels,4.5 hours,5.0,14,250,"Rp149,000",9/2025,1,0,0,https://www.udemy.com/course/storytelling-business-storytelling-for-beginners/
Public Speaking: Financial Advisers Convey Your Expertise,364172,"TJ Walker, Media Training Worldwide Digital","Public Speaking, Finance Fundamentals, Finance, Finance & Accounting",Communication,All Levels,1 hour,4.5,132,38989,"Rp149,000",1/2026,7,0,0,https://www.udemy.com/course/public-speaking-for-financial-advisers/
Storytelling Skills: Influence & Persuade Business Audience,6205977,Fahad Virk,"Storytelling, Communication, Business",Communication,All Levels,1.5 hours,4.8,4,451,"Rp149,000",9/2024,0,0,0,https://www.udemy.com/course/storytelling-skills-influence-persuade-business-audience/
English course for professional success,6167207,Barbara Caffi,"Business English, Career Development, Personal Development",Communication,All Levels,11 hours,5.0,6,15,"Rp149,000",10/2024,0,0,0,https://www.udemy.com/course/english-course-for-professional-success/
Soft Skills Mastery: Career Success Toolkit,6948745,Sarah Rauschert,"Soft Skills, Career Development, Personal Development",Communication,Beginner,2 hours,4.9,15,23,"Rp149,000",12/2025,0,0,0,https://www.udemy.com/course/soft-skills-toolkit/
Professional Management Training,6783751,Stone River eLearning,"Management, Business",Communication,All Levels,25 hours,4.0,1,5,"Rp149,000",2/2026,0,0,0,https://www.udemy.com/course/professional-management-training/
Negotiation Masterclass: Complete Skills Course,5499706,Jason Hurley,"Negotiation, Salary Negotiation, Contract Negotiation, Sales, Business",Communication,All Levels,4 hours,4.3,824,1744,"Rp149,000",8/2023,0,0,4,https://www.udemy.com/course/negotiation-masterclass-complete-skills-course/
Trauma-Informed Leadership & Communication [Level One],6549021,"Finally Detached Publishing, Yee Lin Holker","Trauma-Informed Care, Mindfulness, Business Communication, Communication, Business",Communication,All Levels,2.5 hours,4.8,18,880,"Rp149,000",2/2026,0,0,0,https://www.udemy.com/course/trauma-informed-leadership-communication-level-one/
Relationship Building: Mastering Connections in Life & Work,6941951,Peter Alkema,"Relationship Building, Management Skills, Communication Skills, Leadership, Entrepreneurship",Communication,All Levels,5 hours,4.5,4,16,"Rp149,000",12/2025,3,0,107,https://www.udemy.com/course/relationship-building-mastering-connections-in-life-work/
Leadership: Leading and Managing with Personality Type,4991666,Robin Hills,"Myers–Briggs Type Indicator (MBTI), Leadership, Personality, Personal Development",Communication,Intermediate,3 hours,4.7,424,2694,"Rp149,000",11/2025,7,0,11,https://www.udemy.com/course/leadership-with-type/
Public Speaking 101: Master Public Speaking & Presentation,7052189,Mind Stack,"Public Speaking, Personal Transformation, Personal Development",Communication,All Levels,5 hours,4.3,15,123,"Rp149,000",2/2026,0,0,0,https://www.udemy.com/course/public-speaking-masterclass-course/
Networking and Interpersonal Skills,6258449,Hains Academy,"Career Development, Personal Development",Communication,All Levels,1.5 hours,4.2,5,1003,"Rp149,000",10/2024,0,0,0,https://www.udemy.com/course/networking-and-interpersonal-skills/
English Communication and Business Etiquettes Masterclass,4797328,Scholarsight Learning,"English Language, Business Etiquette, Communication Skills, English Conversation, Communication",Communication,Beginner,2.5 hours,4.8,3,76,"Rp149,000",2/2023,0,0,0,https://www.udemy.com/course/english-communication-and-business-etiquettes-masterclass/
Meeting Productivity For In-Person & Virtual Zoom Meetings,4889988,Alex Genadinik,"Meetings, Communication, Business",Communication,Beginner,3.5 hours,4.4,159,7981,"Rp149,000",12/2025,0,0,12,https://www.udemy.com/course/meeting-productivity/
Master Persuasion & Influence: Hypnotic Communication Skills,4587944,Roma Sharma,"Influence Skills, Persuasion, Influence, Personal Development",Communication,All Levels,2 hours,4.5,159,17021,"Rp149,000",8/2022,3,0,1,https://www.udemy.com/course/master-persuasion-influence-hypnotic-communication-skills/
How to Become a Successful Team Leader - 9 Strong Principles,2904531,Marcel Riemer,"Leadership, Communication Skills, Motivation, Communication, Business",Communication,Beginner,1 hour,4.5,453,4876,"Rp149,000",8/2022,0,0,10,https://www.udemy.com/course/9-leadership-principles-for-becoming-a-better-team-leader/
Mastering Active Listening,6095221,"Pilar Sanchez Albaladejo, Simone Schneider","Communication Skills, Communication, Business",Communication,All Levels,2.5 hours,4.2,2856,5219,"Rp149,000",1/2025,11,0,9,https://www.udemy.com/course/mastering-active-listening-the-art-of-listen-and-understand/
"Communication Mastery: Connect, Influence & Build Trust Fast",6915655,Matthew Anthony,"Self Esteem & Confidence, Personal Development",Communication,Beginner,35 mins,5.0,3,3,"Rp149,000",11/2025,0,0,7,https://www.udemy.com/course/communication-mastery-connect-influence-build-trust-fast/
Mastering 1:1 Meetings: Leadership & Coaching for Managers,6779697,Soliu Jamiu Ishola,"Employee Engagement, Leadership, Coaching, Management, Business",Communication,All Levels,2.5 hours,4.8,23,31,"Rp149,000",9/2025,0,0,0,https://www.udemy.com/course/mastering-one-one-meetings-leadership-coaching-for-managers/
Hybrid Team Communication and Collaboration,7066993,Kavitha Kavitha,"Business Communication, Hybrid Teams, Communication Skills, Communication, Business",Communication,Intermediate,2.5 hours,4.7,N/A,1,"Rp199,000",2/2026,0,0,0,https://www.udemy.com/course/hybrid-team-communication-collaboration/
Conflict Resolution Skills for a Positive Work Culture,6495983,Dina Jumabayeva,"Conflict Management, Communication, Business",Communication,All Levels,1.5 hours,5.0,1,25,"Rp149,000",3/2025,0,0,0,https://www.udemy.com/course/conflict-resolution-skills-for-a-positive-work-culture/
Magnetic Assertiveness Skills for Professionals,1580078,Management Study Guide,"Assertiveness, Personal Transformation, Personal Development",Communication,Beginner,1 hour,4.7,10,30,"Rp149,000",10/2024,1,0,1,https://www.udemy.com/course/assertiveness-skills/
Consumer Sales Training Masterclass - Consumer Business,6972555,Peter Alkema,"Sales Skills, Management Skills, Sales Management, Leadership, Entrepreneurship",Communication,All Levels,5 hours,5.0,5,590,"Rp149,000",12/2025,3,0,103,https://www.udemy.com/course/consumer-sales-training-masterclass-consumer-business-l/
Business Idioms for Powerful Communication,5522928,"Adrian Lloyd, MBA","Business English, Idioms, Language Learning, Teaching & Academics",Communication,Intermediate,6 hours,5.0,8,33,"Rp149,000",10/2023,1,0,0,https://www.udemy.com/course/business-idioms-for-powerful-communication/
"Managing Global Projects: Time Zones, Culture & Tools",7003115,PracticalGrowth Inc.,"Project Management, Business",Communication,All Levels,1.5 hours,4.6,N/A,N/A,"Rp149,000",4/2026,0,0,23,https://www.udemy.com/course/managing-global-projects-time-zones-culture-tools/
Effective Communication Skills: Stakeholder Analysis,972716,Gordon Adelsberg,"Stakeholder Management, Software Development, Project Management, Business Strategy, Business",Communication,All Levels,30 mins,4.4,6601,16046,"Rp299,000",7/2017,1,0,3,https://www.udemy.com/course/stakeholders-analysis/
Essential Elements of Language and Communication Coaching,6580171,Barnaby Griffiths,"Teacher Training, Teaching & Academics",Communication,All Levels,33 mins,3.9,7,23,"Rp149,000",6/2025,2,0,0,https://www.udemy.com/course/coaching-techniques-for-language-teachers/
"Cultural Awareness, Generational Differences & Diplomacy",6276963,"Julie Blint, Persefone Coaching","Business Communication, Communication Skills, Business English, Communication, Business",Communication,All Levels,2 hours,4.7,9,1192,"Rp149,000",11/2024,0,0,50,https://www.udemy.com/course/cultural-awareness-generational-differences-diplomacy/
Personality Development Course : Learn Practical tips,4487308,Aakaro Consulting,"Personality, Personal Transformation, Personal Development",Communication,All Levels,2.5 hours,4.2,187,4886,"Rp447,000.00",4/2026,2,0,11,https://www.udemy.com/course/personality-development-course-new/
Relationship Coaching: Conflict Management for Couples+Work,1541860,"Joeel & Natalie of Transformation Services, Leah Fontane, Transformation Services","Relationship Building, Love, Parenting & Relationships, Personal Development",Communication,All Levels,4.5 hours,4.3,962,5798,"Rp149,000",3/2026,4,0,31,https://www.udemy.com/course/turn-relationship-problems-into-opportunities-for-growth/
Business Presentation Skills for Nonnative English Speakers,4473978,Deborah Grayson Riegel,"Presentation Skills, Communication, Business",Communication,All Levels,2 hours,4.6,801,2869,"Rp1,799,000",5/2025,0,0,22,https://www.udemy.com/course/presentation-skills-for-nonnative-english-speakers/
Executive Presence in Public Speaking,4277148,Vasco Patrício,"Public Speaking, Communication Skills, Presentation Skills, Communication, Business",Communication,All Levels,5.5 hours,4.3,282,2928,"Rp149,000",11/2025,1,0,42,https://www.udemy.com/course/executive-presence-public-speaking/
Communication: The Ultimate Guide to Questioning & Listening,386660,Sarah Simpson,"Communication Skills, Listening Skills, Communication, Business",Communication,All Levels,1.5 hours,3.9,19,657,"Rp149,000",1/2015,5,0,0,https://www.udemy.com/course/your-ultimate-guide-to-questioning-listening/
"Analog Communication: AM, FM, PM, Noise & Receiver Explained",6704683,Prof. Hitesh Dholakiya (CEO of Engineering Funda & Day Dream Software),"Engineering, Teaching & Academics",Communication,All Levels,15.5 hours,4.5,7,117,"Rp149,000",2/2026,0,0,10,https://www.udemy.com/course/analog-communication-am-fm-pm-noise-receiver-explained/
Dynamic Communication 2 - Application and Case Presentation,6551925,Doug Gray,"Communication Skills, Sales, Business",Communication,Intermediate,33 mins,4.5,N/A,1,"Rp169,000",7/2025,0,0,4,https://www.udemy.com/course/dynamic-communication-2-application-and-case-presentation/
Sales Strategies for Introverts,3971036,Shawn Channell,"Business Communication, Personal Transformation, Personal Development",Communication,All Levels,3 hours,4.3,11,46,"Rp199,000",7/2022,1,0,0,https://www.udemy.com/course/strategic-communication-for-life/
Professional Diploma in Branding & Brand Management,5578468,"MTF Institute of Management, Technology and Finance","Brand Management, Management Skills, Business Branding, Marketing Management, Branding",Communication,All Levels,2 hours,4.4,900,37243,"Rp149,000",9/2024,0,0,9,https://www.udemy.com/course/professional-diploma-in-branding-and-brand-management/
Project Management Fundamentals: A Beginner's Guide,5289624,"Anton Voroniuk, Anton Voroniuk Support","Project Management, Agile, Scrum, Generative AI (GenAI), Business",Communication,Beginner,22.5 hours,4.4,1683,54837,"Rp149,000",3/2026,6,0,10,https://www.udemy.com/course/project-management-fundamentals-guide/
Media and communication training. All bases covered.,61048,Mark Aiston,"Media Training, Public Relations, Marketing Strategy, Marketing",Communication,Intermediate,2.5 hours,4.5,192,1146,"Rp149,000",2/2018,0,0,1,https://www.udemy.com/course/media-training-starter-series/
Empathy at Work | Trauma-Informed Communication & Culture,5111498,Crystal Tummala,"Business Communication, Soft Skills, Leadership, Emotional Intelligence, Management",Communication,All Levels,1 hour,4.1,11,36,"Rp149,000",6/2025,0,0,4,https://www.udemy.com/course/providing-trauma-informed-care-in-business-certificate-class/
Soft Skills:12 Soft Skills Essential For Success In Life,1553738,Ali Haider,"Soft Skills, Career Development, Personal Development",Communication,All Levels,2.5 hours,4.0,168,406,"Rp149,000",7/2021,10,0,13,https://www.udemy.com/course/soft-skills12-soft-skills-essential-for-success-in-life/
Public Speaking: A tactical approach,2879462,Ivan Wanis Ruiz,"Public Speaking, Communication Skills, Confidence, Presentation Skills, Leadership",Communication,Beginner,1 hour,4.5,1618,69744,"Rp149,000",3/2021,0,0,1,https://www.udemy.com/course/publicspeakingtactics/
Modern Communication Systems,5641424,Uplatz Training,"Telecom, Antenna, 5G, Cisco Unified Communications Manager (CUCM), Hardware",Communication,All Levels,46.5 hours,4.4,73,306,"Rp149,000",1/2024,0,0,96,https://www.udemy.com/course/modern-communication-systems/
The Art of Building and Sustaining Meaningful Relationships,5917446,Toppers Bootcamp,"Relationship Building, Emotional Intelligence, Communication Skills, Conflict Management, Communication",Communication,All Levels,1 hour,4.3,7,3726,"Rp149,000",3/2025,0,0,0,https://www.udemy.com/course/the-art-of-building-and-sustaining-meaningful-relationships/
Leadership: Giving effective feedback (with AI Role-Play),6228723,SONIC Performance Support - E-Learning Experts,"Interpersonal Feedback, Leadership, Personal Development",Communication,All Levels,38 mins,3.7,5,234,"Rp149,000",7/2025,0,0,4,https://www.udemy.com/course/giving-feedback-effectivly/
Sales Skills 101 - Master Persuasion and Influence,2294945,Hassan Ghiassi,"Sales Skills, Persuasion, Sales, Business",Communication,All Levels,1 hour,4.5,145,11376,"Rp149,000",11/2022,1,0,2,https://www.udemy.com/course/persuasive-techniques-speak-persuasively-write-powerfully/
Public Speaking in a Flash,6317007,Ron Betta,"Public Speaking, Business Communication, Presentation Skills, Communication Skills, Communication",Communication,All Levels,5 hours,4.6,28,1004,"Rp149,000",11/2025,0,0,1,https://www.udemy.com/course/public-speaking-in-a-flash/
The Art of Communicating,996760,Brent Dalley,"Communication Skills, Art History, Leadership, Personal Development",Communication,All Levels,5 hours,4.3,38,1597,"Rp149,000",9/2021,0,0,21,https://www.udemy.com/course/the-art-of-communicating/
ChatGPT for Work: The Definitive Guide to Innovate with AI,5607962,"Diego Davila • 1.000.000+ Students, BR Courses, Diego Davila Support, Phil Ebiner, Video School","ChatGPT, Office Productivity, Generative AI (GenAI), Prompt Engineering, Other Office Productivity",Communication,All Levels,3 hours,4.6,8467,20359,"Rp149,000",10/2025,2,0,5,https://www.udemy.com/course/chatgpt-for-work/
Speak with Authority: Clear Business Communication,7043553,International Skills Evolution Corporation,"Business Communication, Communication Skills, Communication, Business",Communication,All Levels,39 mins,4.7,N/A,N/A,"Rp149,000",2/2026,0,0,0,https://www.udemy.com/course/speak-with-authority-business-communication/
Unlocking Motivation: Discover the Ability to Inspire Others,1630874,Robin Hills,"Motivation, Communication, Business",Communication,Intermediate,1 hour,4.5,25,1398,"Rp149,000",8/2025,5,0,4,https://www.udemy.com/course/motivation-in-others/
Essentials of Communication: How To Communicate Successfully,4725056,Akademi TR,"Communication Skills, Business Communication, Communication, Business",Communication,All Levels,32 mins,4.2,N/A,N/A,"Rp149,000",6/2022,0,0,0,https://www.udemy.com/course/essentials-of-communication-how-to-communicate-successfully/
Beyond Healing with Mindful Communication,6510701,Grand Master Ali,"Meditation, Health & Fitness",Communication,Intermediate,8.5 hours,5.0,2,8,"Rp149,000",3/2025,2,0,2,https://www.udemy.com/course/beyond-healing-with-mindful-communication/
A-Player Accelerator: HiPo Productivity & Performance [EN],6642897,PapaHR ⇢ 1.6M+ Enrollments • 500+ HR Courses • 30 Languages AI in HR | Analytics | Talent | Comp&Ben | HRCI | SHRM-CP | PHRi,"Personal Productivity, Personal Development",Communication,All Levels,6 hours,4.7,16,5203,"Rp159,000",3/2026,1,0,11,https://www.udemy.com/course/a-player-employee-training-personal-effectiveness/
Business English 2025: Career Communication with AI Tools,6502313,Anas Ettajani,"Business English, Online Education, Teaching & Academics",Communication,All Levels,7 hours,5.0,2,84,"Rp149,000",12/2025,0,0,23,https://www.udemy.com/course/business-english-skyrocket-your-career-to-new-heights/
Learn Analog Communication : From Basics to Advance,3981770,"Srinivas Andoor, Edufulness EFN","Real-Time Communication (RTC), Engineering, Teaching & Academics",Communication,All Levels,14 hours,4.5,89,1641,"Rp149,000",6/2021,0,0,0,https://www.udemy.com/course/learn-analog-communication-from-basics/
Crisis Communication Management,4798094,Pacharee Pantoomano,"Crisis Management, Communication Skills, Communication, Business",Communication,All Levels,1 hour,4.6,14,26,"Rp149,000",7/2022,0,0,1,https://www.udemy.com/course/crisis-communication-management/
"Mastering the Art of Public Speaking, Presentations & Speech",5913400,Magdalena Valentin MS MA CCC-SLP,"Presentation Skills, Communication, Business",Communication,All Levels,3 hours,4.7,3,6,"Rp149,000",4/2024,0,0,0,https://www.udemy.com/course/mastering-the-art-of-public-speaking-presentations-speech/
The art of networking to make people want to see you again,3910178,コッシーこと小塩 遼（Kosshi）,"Communication Skills, Personal Networking, Communication, Business",Communication,All Levels,3 hours,5.0,4,225,"Rp169,000",3/2021,1,0,0,https://www.udemy.com/course/the-art-of-networking-to-make-people-want-to-see-you-again/
"Master Course in Assertiveness, Confidence, Body Language",5121784,Dr. José Prabhu J,"Assertiveness, Body Language, Confidence, Personal Transformation, Personal Development",Communication,All Levels,1 hour,4.3,123,17013,"Rp149,000",7/2025,0,0,0,https://www.udemy.com/course/assertiveness-confidence-body-language-attraction-personal-development/
6 in 1 - Workplace Communication Guide for Beginners,2300382,Choudhry Siddiq,"Office Productivity, Business Communication, Meetings, Communication Skills, Personal Transformation",Communication,All Levels,1.5 hours,4.3,16,1118,"Rp149,000",10/2022,0,0,4,https://www.udemy.com/course/office-communication-guide/
Business Communication Conversation Skills,5884424,Greg Hanks,"Conversation Skills, Communication, Business",Communication,All Levels,1.5 hours,3.0,1,5,"Rp149,000",2/2025,9,0,0,https://www.udemy.com/course/business-conversation-skills/
Professional & Social Vocabulary: 50 Essential English Words,6530229,Clevervant Academy,"English Vocabulary, Language Learning, Teaching & Academics",Communication,All Levels,1 hour,4.6,21,1074,Free,4/2025,0,0,1,https://www.udemy.com/course/professional-social-vocabulary-essential-english-words/
Letter Writing Fundamentals,4488902,Prabh Kirpa Classes,"Writing, Writing Editing, Creativity, Personal Development",Communication,All Levels,1 hour,4.3,68,15105,"Rp149,000",10/2023,0,0,0,https://www.udemy.com/course/letter-writing-format-formal-and-informal-letters-mcqs/
Plan and Manage Communications (PMI - PMP),3306324,Sorin Dumitrascu,"Project Management, Business",Communication,Beginner,2.5 hours,3.9,57,9382,"Rp149,000",11/2025,8,0,36,https://www.udemy.com/course/plan-and-manage-communications-pmi-pmp/
Communication Skills Mega Course: Master All Interactions!,6052693,Tyler Yang,"Communication Skills, Communication, Business",Communication,Beginner,1.5 hours,4.2,N/A,7,"Rp149,000",7/2024,0,0,2,https://www.udemy.com/course/communication-skills-mega-course-master-all-interactions/
Healthy Debate for Leaders | Innovation & Team Trust Skills,6839943,Crystal Tummala,"Conflict Management, Leadership, Team Building, Communication Skills, Communication",Communication,All Levels,1.5 hours,4.7,N/A,N/A,"Rp209,000",1/2026,3,0,3,https://www.udemy.com/course/the-art-of-healthy-debate-innovate-build-team-trust/
Bias-Aware Leadership & Ethical Decision-Making Build Trust,6837981,Crystal Tummala,"Communication Skills, Leadership, Decision Making, Critical Thinking, Management",Communication,All Levels,2 hours,4.5,N/A,N/A,"Rp149,000",1/2026,2,0,3,https://www.udemy.com/course/bias-aware-leadership-ethical-decision-making-build-trust/
"Modbus Communication Protocol: Concise, Clear & Career-Ready",6610541,Usama Musa Khan,"Modbus, Network & Security, IT & Software",Communication,All Levels,2 hours,4.5,83,318,"Rp149,000",5/2025,0,0,0,https://www.udemy.com/course/modbus-communication-protocol-concise-clear-career-ready/
Essential Soft Skills for Banking & Finance Professionals,5235234,"Raja Natarajan, B.Com., PGDBA, FCA","Soft Skills, Career Development, Personal Development",Communication,Beginner,1 hour,4.0,1,8,"Rp149,000",3/2023,0,0,0,https://www.udemy.com/course/essential-soft-skills-for-banking-finance-professionals/
Animal Communication ( Human-Animal) Foundation,6188113,Eric Yeboah,"Animal Communication (human-animal), Esoteric Practices, Lifestyle",Communication,All Levels,2 hours,3.7,5,6,"Rp447,000.00",9/2025,0,0,0,https://www.udemy.com/course/animal-communication-human-animal-foundation/
Insurance Customer Service and Communication Skills Training,6029146,Viktoriya Maya,"Insurance, Other Finance & Accounting, Finance & Accounting",Communication,All Levels,1.5 hours,4.7,28,1175,"Rp149,000",3/2026,11,0,1,https://www.udemy.com/course/online-insurance-course/
Professional Diploma in Office Reception & Client Handling,7044851,KHADIJA BENYACH,"Customer Service, Office Productivity, Customer Success Management (CSM), Office Administration, Management",Communication,All Levels,2.5 hours,5.0,2,3,"Rp149,000",2/2026,0,0,0,https://www.udemy.com/course/professional-diploma-in-office-reception-client-handling/
Lead Small Group Discussion,5779626,Greg Hanks,"Facilitation, Communication, Business",Communication,Intermediate,1.5 hours,5.0,3,8,"Rp149,000",2/2024,4,0,0,https://www.udemy.com/course/lead-small-group-discussion/
Effective Listening For Business,1799562,Eric Yeboah,"Listening Skills, Business Fundamentals, Business Strategy, Communication, Business",Communication,All Levels,2 hours,4.6,24,50,"Rp149,000",3/2026,0,0,0,https://www.udemy.com/course/effective-listening-for-business/
Business English Writing (Professional Language for Letters),2098730,Gabriel Wallace,"Business Writing, Business English, English Grammar, Communication, Business",Communication,All Levels,2.5 hours,4.5,706,2812,"Rp149,000",3/2022,3,0,208,https://www.udemy.com/course/business-english-writing/
Leadership Certification and Team Management Skills Training,6810291,icourse Academy,"Leadership, Management, Business",Communication,All Levels,3 hours,4.4,19,1804,"Rp149,000",9/2025,0,0,0,https://www.udemy.com/course/practical-leadership-skills-strategy-growth-and-success/
Designing RF Communication Systems Using SDRs with GNU Radio,3349020,Dr. Moazzam Tiwana,"Software Defined Radio (SDR), Wireless Networking, Network & Security, IT & Software",Communication,All Levels,3.5 hours,4.2,590,3407,"Rp159,000",1/2026,0,0,16,https://www.udemy.com/course/software-defined-radio-with-gnu-radio-companion-real-time-rf-systems/
Mastering Workplace Communication in English,6448117,Hoda Makhlouf,"Business Writing, Communication, Business",Communication,All Levels,7 hours,4.3,N/A,1003,"Rp447,000.00",2/2025,0,0,0,https://www.udemy.com/course/mastering-workplace-communication-in-english/
Body Language Communication for Success,5983654,Alex J Cornelius,"Nonverbal Communication, Confidence, Communication Skills, Relationship Building, Other Personal Development",Communication,All Levels,1.5 hours,4.7,2,448,"Rp149,000",11/2024,0,0,17,https://www.udemy.com/course/body-language-communication-for-success/
Reveal Your Humor: Social Life & Communication Skills,739744,Bob Francis,"Communication Skills, Humor, Influence, Personal Development",Communication,All Levels,1 hour,4.0,78,2093,"Rp149,000",10/2017,0,0,0,https://www.udemy.com/course/reveal-your-humor-social-life-communication-skills/
Learn Business English (Professional Language),1843232,Gabriel Wallace,"Business English, Language Learning, Teaching & Academics",Communication,All Levels,4 hours,4.6,2279,12127,"Rp149,000",3/2022,3,0,18,https://www.udemy.com/course/learn-business-english/
Prompt Engineering with ChatGPT: Master AI Communication,6648441,Bhartendu Sharma,"Prompt Engineering, Other IT & Software, IT & Software",Communication,Beginner,2 hours,4.6,8,18,"Rp149,000",7/2025,0,0,0,https://www.udemy.com/course/prompt-engineering-with-chatgpt-master-ai-communication/
Body Language for Workplace Communication,4095430,"Simply Body Talk, Khyati Bhatt, Bhavna Suleria","Body Language, Career Development, Personal Development",Communication,Beginner,1.5 hours,4.8,10,28,"Rp149,000",12/2021,0,0,3,https://www.udemy.com/course/body-language-for-workplace-communication/
Enhance Your Communication Skills,2452090,Kay Cee,"Communication Skills, Communication, Business",Communication,All Levels,34 mins,4.5,3,11,"Rp149,000",10/2019,0,0,1,https://www.udemy.com/course/enhance-your-coummuncations/
Basics of Communication Systems,6941913,Dr. Pratima Manhas,"Engineering, Teaching & Academics",Communication,Beginner,1 hour,5.0,2,31,"Rp149,000",11/2025,0,0,0,https://www.udemy.com/course/basics-of-communication-systems/
"Communication Skills - SAP, IT Consultant & Project Managers",3185820,GAMA Ventures,"Communication Skills, Business Communication, SAP, SAP S/4HANA, Office Productivity",Communication,All Levels,1.5 hours,3.7,14,193,"Rp149,000",1/2021,0,0,0,https://www.udemy.com/course/communication-skills-z/
Small Talk in English,938496,"Neil Cowie, Keiko Sakui","English Conversation, Conversation Skills, Small Talk, Language Learning, Teaching & Academics",Communication,All Levels,1.5 hours,4.5,61,423,"Rp149,000",7/2025,0,0,3,https://www.udemy.com/course/small-talk-in-english/
Interpersonal Skills,6114381,"Graeme Sayer, Dhamaravelli Moodley","Self-Awareness, Confidence, Self-Acceptance, Personal Transformation, Personal Development",Communication,All Levels,2.5 hours,3.0,1,6,"Rp447,000.00",12/2025,0,0,10,https://www.udemy.com/course/interpersonal-skills-x/
How to Give and Receive Feedback: 7 Proven Principles,5148016,Lewis Foggie,"Personal Development, Leadership",Communication,Beginner,1 hour,4.7,9,19,"Rp149,000",2/2023,0,0,0,https://www.udemy.com/course/7-principles-of-effective-feedback/
Constructive Debates in the Workplace,5889692,Matthew Barnett,"Communication, Business",Communication,All Levels,3 hours,4.5,1,1,"Rp149,000",12/2025,0,0,0,https://www.udemy.com/course/constructive-debates-in-the-workplace-f/
Mastering Communication,3404878,Giant Self,"Communication Skills, Business Communication, Nonverbal Communication, Communication, Business",Communication,All Levels,34 mins,4.2,N/A,N/A,"Rp149,000",8/2020,0,0,0,https://www.udemy.com/course/mastering-communication-in-your-business/
Analog Communication,3531204,Prof. Dr. Academic Educator,"Telecom, Engineering, Teaching & Academics",Communication,All Levels,13 hours,4.3,32,4960,"Rp149,000",1/2021,0,0,29,https://www.udemy.com/course/analog-communication-e/
Email Skill Accelerator,5719358,Corey Gray,"Email Writing and Etiquette, Personal Productivity, Personal Development",Communication,Beginner,1.5 hours,4.7,26,2634,"Rp149,000",2/2024,0,0,5,https://www.udemy.com/course/email-skill-accelerator/
Effective Communication for Healthcare Leaders,726250,"Lana Bamiro, DrPH, MPH, MBA, LSSGB, FACHE","Leadership, Communication Skills, Healthcare, Personal Development",Communication,Intermediate,1 hour,4.5,1112,3170,"Rp149,000",8/2016,0,0,6,https://www.udemy.com/course/healthcarelot201/
Six Tools To Improve Your Tech Leadership & Communication,1207462,"Mark Farragher, Sonsoles Alonso","Leadership, Personal Development",Communication,All Levels,6 hours,4.2,147,1401,"Rp149,000",5/2024,22,0,1,https://www.udemy.com/course/how-to-become-an-outstanding-tech-leader/
MASTERING NEGOTIATION SKILLS FOR EFFECTIVE DEBT COLLECTION,6725607,zipporah Njoroge,"Other Business, Business",Communication,Intermediate,1 hour,3.9,3,5,"Rp149,000",10/2025,23,0,0,https://www.udemy.com/course/mastering-negotiation-skills-for-effective-debt-collection/
Learn How To Make Friends As an Introvert,4937300,Martin Semerad,"Communication Skills, Conversation Skills, Self Esteem & Confidence, Personal Development",Communication,All Levels,1.5 hours,4.4,6,1050,"Rp149,000",10/2022,0,0,0,https://www.udemy.com/course/how-to-make-friends-as-introvert/
Mastering English Communication Skills,5684620,Kiran Pandit,"English Grammar, Language Learning, Teaching & Academics",Communication,Beginner,39 mins,4.6,7,15,"Rp149,000",1/2024,0,0,11,https://www.udemy.com/course/mastering-english-communication-skills/
Master Your First Impression,4083566,"Simply Body Talk, Khyati Bhatt, Bhavna Suleria","Body Language, Self Esteem & Confidence, Personal Development",Communication,Beginner,1 hour,4.8,7,28,"Rp149,000",5/2021,0,0,0,https://www.udemy.com/course/master-your-first-impression/
Communication & Feedback Skills,3549836,"Dr. Rakesh Jain, Ph.D.","Decision Making, Management, Business",Communication,All Levels,38 mins,4.5,1,27,"Rp149,000",7/2024,1,0,11,https://www.udemy.com/course/right-communication-and-feedback-for-all-managers-leaders/
How to meet and present to an executive,5889686,Matthew Barnett,"Communication, Business",Communication,All Levels,3 hours,4.6,N/A,1,"Rp149,000",5/2024,0,0,0,https://www.udemy.com/course/how-to-meet-and-present-to-an-executive-matt-barnett/
How to master your skills of communication,3046894,drVandana Jodhani,"Communication Skills, Personal Transformation, Personal Development",Communication,All Levels,1 hour,4.1,7,499,"Rp149,000",11/2021,0,0,0,https://www.udemy.com/course/how-to-master-your-skills-of-communication/
Emotional Intelligence (EQ) Practitioner for Success [EN],6346485,PapaHR ⇢ 1.6M+ Enrollments • 500+ HR Courses • 30 Languages AI in HR | Analytics | Talent | Comp&Ben | HRCI | SHRM-CP | PHRi,"Emotional Intelligence, Leadership, Personal Development",Communication,All Levels,5 hours,4.3,66,9801,"Rp149,000",3/2026,1,0,8,https://www.udemy.com/course/master-emotional-intelligence-for-hr-and-leadership-success/
Mastering English Idioms: Essential for ESL Communication,5253394,"Ellen Chamilothoris, Andrii Piatakha","English Language, English Vocabulary, English Conversation, Idioms, Language Learning",Communication,All Levels,2.5 hours,4.6,390,47487,"Rp149,000",11/2025,1,0,0,https://www.udemy.com/course/mastering-idioms/
English Made Simple: Idioms For Business & Communication,1199012,Fred Williams,"English Language, Communication Skills, English Conversation, Language Learning, Teaching & Academics",Communication,Intermediate,1 hour,4.4,89,1556,"Rp149,000",6/2017,0,0,0,https://www.udemy.com/course/english-made-simple-idioms-for-business-communication/
Effective Academic Communication,2651486,Gregory Martin Paterson,"Academic Writing, Language Learning, Teaching & Academics",Communication,All Levels,16 hours,4.6,25,148,"Rp149,000",9/2020,0,0,27,https://www.udemy.com/course/effective-academic-communication/
Leadership in English: Lead International Teams Confidently,6916407,Marina Urusova,"Management, Business",Communication,Intermediate,35 mins,4.7,4,6,"Rp149,000",1/2026,0,0,6,https://www.udemy.com/course/leadership-english-lead-international-teams-confidently/
Couples Counseling Communication Skills for Practitioners,6025356,E- Psychology Academy (EPA),"Couples Counseling, Communication Skills, Parenting & Relationships, Personal Development",Communication,All Levels,1.5 hours,4.4,42,122,"Rp149,000",3/2026,24,0,70,https://www.udemy.com/course/couples-counseling-through-developing-communication-skills/
How to Ace an Impressive Interview,1761094,Sandra Barros,"Interviewing Skills, Career Development, Personal Development",Communication,All Levels,1 hour,5.0,1,10,"Rp149,000",1/2025,1,0,3,https://www.udemy.com/course/learn-how-to-ace-an-impressive-job-interview/
Microcontroller Communication Protocols Bundle,2614376,"Educational Engineering Team, Ashraf Said AlMadhoun, Educational Engineering","Microcontroller, Hardware, IT & Software",Communication,All Levels,8.5 hours,4.1,86,7417,"Rp149,000",2/2026,44,0,0,https://www.udemy.com/course/serial-communication-spi-rs232-spi-communication-protocols-bundle/
Professional Skills & Ethics,6681365,Lightup Technologies,"Other IT & Software, IT & Software",Communication,All Levels,1.5 hours,4.3,N/A,100,N/A,6/2025,0,0,0,https://www.udemy.com/course/complete-guide-for-students-and-professional-skills-ethics/
Master Course in Leadership,5030928,Dr. José Prabhu J,"Leadership, Personal Development",Communication,All Levels,2.5 hours,4.0,425,26683,"Rp149,000",7/2025,0,0,0,https://www.udemy.com/course/leadership-management-skills-personal-development/
Learn English with Mr. Mike: 12 Things You've Never Learned,6610581,Michael Ward,"English Language, English Grammar, English Vocabulary, English Pronunciation, Language Learning",Communication,Intermediate,3.5 hours,5.0,5,18,"Rp149,000",10/2025,0,0,0,https://www.udemy.com/course/learn-english-with-mr-mike/
Business English Power Week: Master Key Skills in 5 Days,6151575,Jessica Seely,"Business English, Business Communication, Communication Skills, ESL, Communication",Communication,All Levels,2 hours,4.9,5,412,"Rp149,000",11/2024,3,0,9,https://www.udemy.com/course/business-english-power-week-master-key-skills-in-5-days/
Modulation in Communication System for RF Engineers RAHRF152,1529174,"Rahsoft RF Certificate - Orange County, California","Radio Frequency (RF), Science, Teaching & Academics",Communication,Beginner,6 hours,4.5,707,5881,"Rp399,000",4/2019,1,0,2,https://www.udemy.com/course/digital-analog-introduction-to-modulation-in-communication-systems/
Practical AI for Leaders and Team Managers,6963737,"Gustavo Escobar Henríquez, Digital Life Academy","ChatGPT, Leadership, Prompt Engineering, Generative AI (GenAI), Management",Communication,All Levels,2 hours,4.6,55,1074,"Rp549,000",3/2026,1,0,6,https://www.udemy.com/course/practical-ai-for-business-leaders/
Effective Communication Skills: Process Mapping,406784,Gordon Adelsberg,"Process Mapping, Workplace Design, Management Consulting, Business Analytics, Communication",Communication,All Levels,33 mins,4.4,31,156,"Rp299,000",7/2017,0,0,2,https://www.udemy.com/course/communication-for-geeks-tools-process-map/
Mastering Leadership: Strategies for Success,5815766,Mohamed Fayas,"Leadership, Personal Development",Communication,All Levels,1.5 hours,4.6,45,3864,"Rp149,000",2/2024,0,0,0,https://www.udemy.com/course/mastering-leadership-skills/
Effective Communication - Mastering the Feedback,5229036,Jagriti Pande,"Interpersonal Feedback, User Experience (UX) Design, Career Development, Personal Development",Communication,All Levels,2 hours,4.8,5,37,"Rp149,000",5/2023,0,0,0,https://www.udemy.com/course/mastering-the-art-and-science-of-feedback-by-jagriti-pande/
Master Emotional Intelligence in the Workplace,6040084,Stuart Wesselby,"Emotional Intelligence, Management, Business",Communication,Beginner,4 hours,4.1,45,5150,"Rp149,000",2/2026,1,0,0,https://www.udemy.com/course/emotional-intelligence-in-the-workplace-e/
"Corporate Values, Leadership, and Communication Quiz",6271139,B KM,"Corporate Governance, Other IT & Software, IT & Software",Communication,All Levels,N/A,4.4,N/A,616,"Rp149,000",10/2025,0,0,0,https://www.udemy.com/course/corporate-values-leadership-and-communication-quiz/
Confidentiality & communication for Doctors and Nurses,5234608,"HeartbeatsZ Academy, UK","Professional Ethics, Online Education, Teaching & Academics",Communication,Intermediate,2.5 hours,4.4,19,32,"Rp149,000",1/2026,0,0,0,https://www.udemy.com/course/confidentiality-and-disclosure-for-healthcare-professionals/
Body Language for Leaders | Executive Presence & Influence,6775547,Crystal Tummala,"Communication Skills, Body Language, Leadership, Executive Coaching, Communication",Communication,All Levels,2 hours,4.5,N/A,105,"Rp149,000",1/2026,2,0,4,https://www.udemy.com/course/relationship-building-communication-emotional-intelligence/
Arduino Communication with I2C Protocol,2603398,"Educational Engineering Team, Ashraf Said AlMadhoun, Educational Engineering","Arduino, Hardware, IT & Software",Communication,All Levels,2.5 hours,3.9,30,2035,"Rp149,000",2/2026,28,0,0,https://www.udemy.com/course/arduino-i2c-itwoc-communication-with-i2c-protocol/
Master the Art of Persuasive Communication – MATE Pro Guide,2875518,Roman Kataev,"Communication Skills, Sales Skills, Self-Esteem, Growth Mindset, Sales",Communication,Beginner,2 hours,4.6,72,120,"Rp149,000",3/2025,0,0,20,https://www.udemy.com/course/learn-to-sell-any-idea-to-anyone-communication-master/
Hazard Communication Safety Training,4900678,Steve Wilmes,"Workplace Health and Safety, Safety & First Aid, Health & Fitness",Communication,All Levels,35 mins,4.5,17,32,"Rp149,000",9/2022,0,0,0,https://www.udemy.com/course/hazard-communication-safety-training/
Arduino Long Distance Communication,3296138,"Educational Engineering Team, Educational Engineering, Ashraf Said AlMadhoun","Arduino, Hardware, IT & Software",Communication,All Levels,2 hours,4.2,77,17482,"Rp149,000",2/2026,29,0,5,https://www.udemy.com/course/arduino-long-distance-serial-communication-between-arduinos-rf/
Management Skills Certification: Become a Better Leader,6785713,icourse Academy,"Management Skills, Management, Business",Communication,All Levels,4.5 hours,4.2,6,2237,"Rp149,000",8/2025,0,0,0,https://www.udemy.com/course/management-mastery-lead-teams-manage-people-and-succeed/
Body Language Foundations,5602064,"Suppachok Nitsoonkit, PhD","Body Language, Management, Business",Communication,All Levels,1.5 hours,4.1,49,1858,"Rp149,000",10/2025,0,0,0,https://www.udemy.com/course/body-language-foundations/
The Confidence Code | Speak with Presence & Influence,2993806,Crystal Tummala,"Confidence, Public Speaking, Emotional Intelligence, Communication Skills, Self Esteem & Confidence",Communication,All Levels,1.5 hours,4.2,125,17492,"Rp149,000",9/2025,3,0,3,https://www.udemy.com/course/mindfulness-for-depression-anxiety-ptsd-stress-sampler/
AI for English Language Learning,5998772,"Charmaine Charmoli, Evanie Squires","Artificial Intelligence (AI), Career Development, Personal Development",Communication,Intermediate,1 hour,4.4,461,1337,"Rp149,000",6/2024,0,0,6,https://www.udemy.com/course/ai-for-english-language-learning/
Leading & Working in Hybrid Teams/Remote Teams - 101 course,4192736,Axel Rittershaus,"Hybrid Teams, Management, Business",Communication,Beginner,5 hours,4.5,562,2694,"Rp149,000",12/2025,2,0,46,https://www.udemy.com/course/hybrid-teams/
Nonviolent Communication: Speak with Clarity & Empathy,6635911,Ecaterina Necula,"Parenting & Relationships, Personal Development",Communication,All Levels,1 hour,3.3,3,4,N/A,5/2025,0,0,0,https://www.udemy.com/course/nonviolent-communication-speak-with-clarity-empathy/
Certified Feedback Professional: Honest & Constructive [EN],6414861,PapaHR ⇢ 1.6M+ Enrollments • 500+ HR Courses • 30 Languages AI in HR | Analytics | Talent | Comp&Ben | HRCI | SHRM-CP | PHRi,"Interpersonal Feedback, Management, Business",Communication,All Levels,3 hours,4.5,17,7377,"Rp149,000",3/2026,1,0,6,https://www.udemy.com/course/master-feedback/
