course_title,course_id,lecturer_name,related_topics,subject,level,durations,ratings,num_ratings,student,price,last_update,articles,exercise,downloadable_resources,url
Confidence 10X: The Complete Guide To Unshakable Confidence,928248,Silviu Marisk | M.B.A.,"Confidence, Self Esteem & Confidence, Personal Development",Confidence,All Levels,9 hours,4.8,4358,16460,"Rp149,000",2/2026,2,0,0,https://www.udemy.com/course/10x-ultra-confidence/
SELF-CONFIDENCE: 40-minute Confidence & Self Esteem Guide,989196,"Jimmy Naraine • Official Udemy Partner, Jimmy Naraine Support","Self-Esteem, Confidence, Self Esteem & Confidence, Personal Development",Confidence,All Levels,8.5 hours,4.6,26040,99415,"Rp229,000",11/2025,0,0,54,https://www.udemy.com/course/self-confidence-40-minute-confidence-self-esteem-guide/
Double Your Confidence & Self Esteem - Complete Blueprint,103738,"Jimmy Naraine • Official Udemy Partner, Jimmy Naraine Support","Confidence, Self Esteem & Confidence, Personal Development",Confidence,All Levels,10 hours,4.7,6219,51201,"Rp149,000",11/2025,0,0,21,https://www.udemy.com/course/double-your-confidence-self-esteem/
Confidence: Build Inner Confidence & Boost your Self Esteem,4929000,Chris Croft,"Confidence, Self-Esteem, Self-Discipline, Self Esteem & Confidence, Personal Development",Confidence,All Levels,2.5 hours,4.7,1584,6283,"Rp149,000",5/2025,0,0,10,https://www.udemy.com/course/inner-confidence/
A Complete Guide to Unshakable Confidence and Assertiveness,1328588,"Kain Ramsay, The School for Self-Improvement and Personal Growth, Academy of Applied Psychology","Confidence, Assertiveness, Emotional Intelligence, Self-Awareness, Self Esteem & Confidence",Confidence,All Levels,11.5 hours,4.5,3629,22583,"Rp209,000",8/2025,3,0,45,https://www.udemy.com/course/the-nlp-confidence-self-esteem-breakthrough-online-course/
Self Esteem & Social Skills Course for Anxious and Awkward,4860912,"Jimmy Naraine • Official Udemy Partner, Jimmy Naraine Support","Self-Esteem, Self Esteem & Confidence, Personal Development",Confidence,Beginner,9.5 hours,4.8,1362,6391,"Rp149,000",11/2025,0,0,71,https://www.udemy.com/course/self-esteem-social-skills-course-for-anxious-and-awkward/
"How I Overcame Social Anxiety, Grew Confidence & Self-Esteem",394952,Tobias Atkins,"Anxiety Management, Confidence, Self Esteem & Confidence, Personal Development",Confidence,All Levels,7.5 hours,4.6,1259,14202,"Rp149,000",11/2017,24,0,0,https://www.udemy.com/course/build-rock-solid-confidence-self-esteem-become-your-best/
CONFIDENCE Tools - Confidence & Self Esteem for Introverts,2315630,"Jimmy Naraine • Official Udemy Partner, Richard Korbut, Jimmy Naraine Support","Confidence, Anxiety Management, Personal Transformation, Self-Esteem, Personal Development",Confidence,All Levels,2 hours,4.7,2559,11051,"Rp149,000",12/2023,0,0,2,https://www.udemy.com/course/confidence-for-introverts-top-confidence-building-tools/
Assertiveness Masterclass - How to be Assertive & Likeable,2723394,"CRFT Productions, Chris Croft","Assertiveness, Negotiation, Confidence, Difficult Conversations, Communication",Confidence,All Levels,3.5 hours,4.6,3805,13942,"Rp149,000",5/2025,0,0,25,https://www.udemy.com/course/assertiveness-likeable/
Build Your Self-Confidence in 30 Days,6379689,simodev | Personal development,"Confidence, Self Esteem & Confidence, Personal Development",Confidence,All Levels,2 hours,5.0,4,10,"Rp149,000",1/2025,0,0,23,https://www.udemy.com/course/build-your-self-confidence/
Radiate Confidence: How to Create a 1000 Watt Presence,120600,Alexa Fischer,"Confidence, Personal Development, Online Presence, Influence",Confidence,All Levels,5 hours,4.7,16979,88878,"Rp289,000",7/2020,0,0,43,https://www.udemy.com/course/1000-watt-presence/
21-Days to Ultimate Confidence - Complete System,1545316,Peter Feysa,"Confidence, Self-Esteem, Self-Acceptance, Fear, Self Esteem & Confidence",Confidence,Beginner,3.5 hours,4.8,81,474,"Rp149,000",2/2018,0,0,44,https://www.udemy.com/course/21-days-to-ultimate-confidence-complete-system/
Confidence Hacking: Unshakable Confidence & Stop Self Doubt,7058051,Dr Abbie Acupuncture,"Self Esteem & Confidence, Personal Development",Confidence,All Levels,2 hours,4.8,N/A,N/A,"Rp149,000",N/A,0,0,1,https://www.udemy.com/course/confidence-hacking/
Practical Leadership: From Home to Workplace Confidence,7103201,Andronica Prudence Relebogile Maku,"Leadership, Personal Development",Confidence,All Levels,3.5 hours,N/A,N/A,N/A,"Rp149,000",N/A,0,0,0,https://www.udemy.com/course/practical-leadership-from-home-to-workplace-confidence/
Presentation Skills - How to Present with Confidence,7097185,Darren Toms,"Public Speaking, Influence, Personal Development",Confidence,Beginner,2 hours,4.0,1,22,"Rp149,000",4/2026,0,0,1,https://www.udemy.com/course/presentation-skills-how-to-present-with-confidence/
2026 ITIL 4 Digital and IT Strategy (DITS) - Practice Exam,7095879,Pamela Yerby-Cole,"Time Management, Test Taking Skills, Critical Thinking, Decision Making, IT Certifications",Confidence,Intermediate,N/A,4.6,N/A,N/A,"Rp149,000",3/2026,0,0,0,https://www.udemy.com/course/itil-4-digital-and-it-strategy-dits-practice-exam/
PTE Academic 2026: Proven AI Strategies for Highest Scores,6503749,Dr. Calvin Akos,"Pearson Test of English (PTE), Studying Abroad, English Language, Test Prep, Teaching & Academics",Confidence,All Levels,10 hours,4.4,N/A,N/A,"Rp447,000.00",N/A,28,0,64,https://www.udemy.com/course/master-pte-academic-score-a-guaranteed-80-in-one-sitting/
English Speaking Confidence Mastery: Real Conversations,7062519,saadi souhiela,"English Conversation, Language Learning, Teaching & Academics",Confidence,All Levels,39 mins,4.6,N/A,N/A,"Rp149,000",3/2026,0,0,0,https://www.udemy.com/course/english-speaking-confidence-mastery-real-conversations/
Calm Confidence at Work: Speak Clearly Without Overthinking,7043453,Tulika Paul,"Personal Productivity, Personal Development",Confidence,All Levels,1 hour,5.0,2,2,"Rp149,000",3/2026,0,0,1,https://www.udemy.com/course/calm-confidence-at-work-speak-clearly-without-overthinking/
Certified Associate in Project Management Practice Exam,7067077,LearnLab Smart Start,"PMI Certified Associate in Project Management (CAPM), IT Certifications, IT & Software",Confidence,Beginner,N/A,4.7,N/A,N/A,"Rp169,000",3/2026,0,0,0,https://www.udemy.com/course/certified-associate-in-project-management-practice-exam/
The Confidence Code: Break Imposter Syndrome,6668691,Sonia Abel,"Confidence, Mindset, Self-Esteem, Personal Transformation, Personal Development",Confidence,All Levels,2.5 hours,4.8,9,37,"Rp149,000",7/2025,0,0,12,https://www.udemy.com/course/the-confidence-code-break-imposter-syndrome/
CONFIDENCE and SELF ESTEEM: Develop Confident Body Language,1401738,"Jimmy Naraine • Official Udemy Partner, Jimmy Naraine Support","Nonverbal Communication, Body Language, Influence, Personal Development",Confidence,All Levels,4 hours,4.3,10232,42171,"Rp149,000",11/2025,0,0,19,https://www.udemy.com/course/confident-body-language-master-non-verbal-communication/
"Growth Mindset: The Key to Confidence, Impact & Fulfillment",2787956,Diane Flynn,"Growth Mindset, Personal Transformation, Personal Development",Confidence,All Levels,1 hour,4.5,47851,106780,"Rp159,000",7/2025,0,0,10,https://www.udemy.com/course/growth-mindset-the-key-to-greater-confidence-and-impact/
Confidence Life Coach Certification & Confidence Blueprint,1504494,"Joeel & Natalie of Transformation Services, Transformation Services","Life Coach Training, Confidence, Personal Transformation, Personal Development",Confidence,All Levels,6 hours,4.8,2145,10739,"Rp159,000",3/2026,4,0,30,https://www.udemy.com/course/confidence-life-coach-certification/
Develop Amazing Social Skills & Connect With People,1327004,Alain W.,"Social Skills, Communication, Business",Confidence,All Levels,6.5 hours,4.5,8026,36521,"Rp149,000",2/2026,0,0,2,https://www.udemy.com/course/powerful-social-skills/
SELF-CONFIDENCE: Boost Your Confidence in Just 34 minutes!,4595162,"Jimmy Naraine • Official Udemy Partner, Jimmy Naraine Support","Confidence, Self Esteem & Confidence, Personal Development",Confidence,Beginner,2.5 hours,4.6,2996,12519,"Rp149,000",11/2025,0,0,8,https://www.udemy.com/course/boost-your-confidence-and-self-esteem-today-34-minute-guide/
Rejection-Proof Confidence: Speak & Connect Fearlessly,3262314,Daniel Munro,"Confidence, Relationship Building, Self Esteem & Confidence, Personal Development",Confidence,Intermediate,2.5 hours,4.7,138,6071,"Rp149,000",3/2026,8,0,1,https://www.udemy.com/course/overcome-your-fear-of-rejection-permanently/
Personality Development Confidence: The Life Craft Course,4562630,"Life Crafting, Charles Paul Collins","Personal Transformation, Personal Development, Self-Esteem",Confidence,All Levels,3 hours,4.8,121,3522,"Rp149,000",4/2026,0,0,0,https://www.udemy.com/course/life-crafting/
Communicating with Confidence: 15 Ways to up your game,5604666,Diane Flynn,"Communication Skills, Leadership, Personal Development",Confidence,All Levels,1 hour,4.6,4416,13603,"Rp149,000",12/2024,0,0,7,https://www.udemy.com/course/communicating-with-confidence/
The Confidence Course (A Guide to Genuine Self-Discovery),184138,"Kain Ramsay, The School for Self-Improvement and Personal Growth, Academy of Applied Psychology","Confidence, Personal Development, Self-Esteem, Self Esteem & Confidence",Confidence,All Levels,12.5 hours,4.6,2575,21592,"Rp149,000",8/2025,3,0,46,https://www.udemy.com/course/the-ultimate-confidence-coaching-program/
10-Day Double Your Self-Confidence & Self-Esteem Challenge,4628216,"Jimmy Naraine • Official Udemy Partner, Jimmy Naraine Support","Confidence, Self Esteem & Confidence, Personal Development",Confidence,All Levels,5 hours,4.4,2280,9153,"Rp149,000",12/2023,0,0,22,https://www.udemy.com/course/10-day-double-your-self-confidence-self-esteem-challenge/
Confidence Blueprint: Develop Confidence & a Growth Mindset,1466514,"Joeel & Natalie of Transformation Services, Transformation Services","Growth Mindset, Confidence, Self Esteem & Confidence, Personal Development",Confidence,All Levels,4 hours,4.6,12138,26648,"Rp149,000",3/2026,6,0,22,https://www.udemy.com/course/develop-true-confidence-and-a-growth-mindset/
Confidence Mastery Course: Unleash Your Hidden Potential,3631290,"Media Training Worldwide Digital, Imran Afzal","Confidence, Personal Development, Self-Esteem, Communication Skills, Self Esteem & Confidence",Confidence,All Levels,15 hours,4.5,393,27500,"Rp149,000",1/2026,4,0,14,https://www.udemy.com/course/complete-confidence-building-course-exude-confidence-now/
Show Up Sure: Secrets to Embody Confidence for a Lifetime,6459113,Tricia Veldman,"Confidence, Self-Esteem, Presentation Skills, Mindset, Self Esteem & Confidence",Confidence,Beginner,4 hours,4.8,6,10,"Rp329,000",4/2025,0,0,7,https://www.udemy.com/course/show-up-sure/
Building Confidence And Self-Esteem,6461147,Breda and Scott Pickering,"Self Esteem & Confidence, Personal Development",Confidence,All Levels,1.5 hours,4.7,75,2525,"Rp149,000",3/2025,0,0,2,https://www.udemy.com/course/astec-building-confidence-and-self-esteem/
The 3X Confidence & Authenticity Masterclass,572912,Daniel Munro,"Confidence, Personal Transformation, Personal Development",Confidence,All Levels,5.5 hours,4.8,144,2923,"Rp149,000",3/2026,5,0,0,https://www.udemy.com/course/3x-confidence-and-authenticity-masterclass-programme/
"50 Productivity, Personal Development & Time Management Tips",924746,Alex Genadinik,"Personal Productivity, Office Productivity, Personal Development",Confidence,Beginner,26.5 hours,4.7,3299,26513,"Rp219,000",3/2026,0,0,184,https://www.udemy.com/course/productivity-for-entrepreneurs-and-professionals/
Speak With Confidence,5614532,Alexa Fischer,"On-Camera Confidence, Public Speaking, Communication, Business",Confidence,Beginner,4.5 hours,4.8,44,917,"Rp149,000",1/2024,8,0,9,https://www.udemy.com/course/learn-to-speak-with-confidence/
"Confidence, Self Esteem, Social Skills & Fear - TOP 9 Tools",2598022,"Jimmy Naraine • Official Udemy Partner, Jimmy Naraine Support","Self-Esteem, Social Skills, Confidence, Fear, Self Esteem & Confidence",Confidence,All Levels,1.5 hours,4.4,896,19157,"Rp149,000",10/2025,0,0,2,https://www.udemy.com/course/confidence-self-esteem-social-skills-fear-top-9-tools/
Social Skills Course: Become Introvert To Natural Extrovert,4380212,Author Nayan Chaudhary (Channe),"Social Skills, Personal Transformation, Personal Development",Confidence,All Levels,4.5 hours,4.5,63,1777,"Rp149,000",1/2026,0,0,0,https://www.udemy.com/course/master-social-skills-interact-with-charisma-confidence/
Assertiveness Basics: The 50-minute Communication Guide,792270,"Dr. Roy Naraine, Adam Naraine, Jimmy Naraine • Official Udemy Partner","Assertiveness, Communication Skills, Influence, Personal Development",Confidence,All Levels,1.5 hours,4.6,21256,74428,"Rp149,000",3/2023,3,0,2,https://www.udemy.com/course/assertiveness-basics-the-30-minute-communication-guide/
Authentic Confidence - Worthy and Confident w/The Formula,1147348,Michael Christopher,"Confidence, Self Esteem & Confidence, Personal Development",Confidence,All Levels,6 hours,4.6,88,628,"Rp149,000",1/2026,2,0,14,https://www.udemy.com/course/theformula/
Shameless Confidence: Overcome Self-Doubt & Thrive,4009600,Daniel Munro,"Confidence, Self Esteem & Confidence, Personal Development",Confidence,Intermediate,3 hours,4.9,109,7244,"Rp149,000",3/2026,9,0,0,https://www.udemy.com/course/shamelessness-social-confidence/
The Ultimate Confidence Course: claim your inner power,2639716,Steven Burns,"Confidence, Self-Esteem, Self Esteem & Confidence, Personal Development",Confidence,All Levels,6.5 hours,4.7,78,728,"Rp149,000",11/2019,0,0,10,https://www.udemy.com/course/the-ultimate-confidence-course-tap-into-your-colossal-power/
SELF CONFIDENCE: Boost Your Confidence & Self-Esteem,4128104,GB Voice Academy,"Communication Skills, Confidence, Self-Acceptance, Self-Esteem, Self Esteem & Confidence",Confidence,All Levels,1 hour,4.7,55,310,"Rp149,000",8/2021,0,0,2,https://www.udemy.com/course/self-confidence-boost-your-confidence-self-esteem/
Self-Confidence & Empowerment Coach| ACCREDITED,4820800,"Sufani Garza, Place of Bliss Academy","Positive Psychology, Self Esteem & Confidence, Personal Development",Confidence,All Levels,1.5 hours,4.8,235,903,"Rp149,000",8/2025,0,0,4,https://www.udemy.com/course/conquering-self-doubt-the-lizard-brain-accredited/
Fearless Living: Overcome Fear & Build Unshakable Confidence,6156309,Daniel Munro,"Confidence, Social Skills, Social Psychology, Psychology, Self Esteem & Confidence",Confidence,Intermediate,1.5 hours,5.0,9,68,"Rp149,000",3/2026,10,0,0,https://www.udemy.com/course/courage-bravery-overcome-your-fears/
Assertiveness - 8 Techniques for Difficult Conversations,4981142,Chris Croft,"Assertiveness, Communication Skills, Confidence, Communication, Business",Confidence,All Levels,1.5 hours,4.6,1655,4354,"Rp149,000",5/2025,0,0,7,https://www.udemy.com/course/assertiveness-calmly/
Overcome Nice Guy Syndrome & Build Social Confidence,3539386,Daniel Munro,"Confidence, Self Esteem & Confidence, Personal Development",Confidence,All Levels,5.5 hours,4.8,140,6234,"Rp149,000",3/2026,8,0,1,https://www.udemy.com/course/nice-guy-syndrome-recovery/
Unwavering Self Confidence: Creating 100% Confidence In You!,1463114,"Graham Nicholls, The Priority Academy Ltd","Confidence, General Health, Health & Fitness",Confidence,Beginner,4 hours,4.7,81,765,"Rp149,000",9/2024,1,0,22,https://www.udemy.com/course/unwavering-self-confidence-creating-confidence-in-you/
Leadership: You Can Speak Like a Leader,362548,"TJ Walker, Media Training Worldwide Digital","Leadership, Public Speaking, Career Development, Personal Development",Confidence,All Levels,34.5 hours,4.6,3686,66336,"Rp149,000",4/2025,11,0,106,https://www.udemy.com/course/how-to-speak-like-a-leader/
Mastering Self Confidence on Camera & Life by Paul Greene,6749063,Paul Greene,"Personal Transformation, Personal Development",Confidence,Beginner,1 hour,5.0,8,1005,"Rp149,000",8/2025,0,0,0,https://www.udemy.com/course/masteringselfconfidence/
60 Min To Self Esteem The Confidence Crashcourse: Confidence,1350060,Justin Quinton,"Self-Esteem, Confidence, Self Esteem & Confidence, Personal Development",Confidence,All Levels,2.5 hours,4.1,306,2738,"Rp149,000",5/2022,0,0,1,https://www.udemy.com/course/justin-quinton-self-esteem-confidence-course-how-to-build-confidence/
"Confidence On Camera: Make Amazing Videos, Easily.",441920,Alexa Fischer,"On-Camera Confidence, Presentation Skills, Videography, Teacher Training, Teaching & Academics",Confidence,All Levels,5.5 hours,4.8,7276,39427,"Rp149,000",3/2024,1,0,6,https://www.udemy.com/course/be-comfortable-and-confident-on-camera/
"Presenting with Confidence: Prepare, Practice and Perform!",1258722,Alexa Fischer,"Presentation Skills, Public Speaking, Career Development, Personal Development",Confidence,Beginner,2 hours,4.6,29730,64224,"Rp159,000",5/2020,1,0,12,https://www.udemy.com/course/1000-watt-presenting-how-to-prepare-practice-and-perform/
The Secrets of Confidence and Communication,2441138,TJ Guttormsen,"Confidence, Self Esteem & Confidence, Personal Development",Confidence,All Levels,3.5 hours,4.7,619,3356,"Rp149,000",2/2025,1,0,1,https://www.udemy.com/course/confidence-and-communication/
The Blueprint to Self-Confidence: Be Your Authentic Self,5381320,Cindy Grayson,"Self-Esteem, Personal Transformation, Personal Development",Confidence,Beginner,7 hours,5.0,1,12,"Rp149,000",7/2023,0,0,28,https://www.udemy.com/course/blueprint-to-self-confidence/
Master Your Mindset: Conquer Self-Doubt & Succeed,6297445,Daniel Munro,"Self-Awareness, Philosophy, Confidence, Psychology, Self Esteem & Confidence",Confidence,Beginner,1 hour,5.0,1,12,"Rp149,000",3/2026,7,0,0,https://www.udemy.com/course/overcoming-your-limiting-beliefs-for-greater-self-worth/
Positive Self Talk - Affirmations & Mindset,3805684,Chris Croft,"Mindset, Positive Thinking, Self-Esteem, Self-Hypnosis, Personal Transformation",Confidence,All Levels,37 mins,4.6,9146,22838,"Rp149,000",5/2025,0,0,0,https://www.udemy.com/course/positive-self-talk/
Master The Art of Body Language & Boost Your Confidence!,506266,"Dr. Roy Naraine, Adam Naraine","Body Language, Communication Skills, Nonverbal Communication, Confidence, Entrepreneurship",Confidence,All Levels,2 hours,4.5,711,8279,"Rp149,000",8/2023,3,0,1,https://www.udemy.com/course/the-art-of-body-language/
Confidence: Boost Your Confidence and Banish Your Fears!,2385458,"Voiceover Masterclass, Peter Baker","Confidence, Self Esteem & Confidence, Personal Development",Confidence,All Levels,2 hours,4.5,35,254,"Rp149,000",2/2026,2,0,1,https://www.udemy.com/course/confidence-boost-your-confidence-100-in-only-2-hours/
How to Build Unbreakable Self Confidence and Self Esteem,2710278,Peter Willis M.A.,"Confidence, Self-Acceptance, Self-Esteem, Self Esteem & Confidence, Personal Development",Confidence,All Levels,1.5 hours,4.5,42,214,"Rp149,000",10/2024,0,0,20,https://www.udemy.com/course/how-to-build-unbreakable-confidence-self-esteem/
Complete Media Training Master Class - Confidence on Camera,1630738,"TJ Walker, Media Training Worldwide Digital","Media Training, On-Camera Confidence, Communication, Business",Confidence,All Levels,33 hours,4.6,1276,39496,"Rp159,000",1/2026,21,0,144,https://www.udemy.com/course/complete-media-training-master-class-confidence-on-camera/
Gain Real Self Confidence = The Productive Confidence,2262888,Hamed Mardanpour,"Confidence, Personal Productivity, Personal Development",Confidence,All Levels,7 hours,4.7,52,1433,"Rp149,000",12/2021,6,0,3,https://www.udemy.com/course/the-productive-confidence/
SELF CONFIDENCE Build 100 X self confidence and self esteem,1454586,Mert Burian,"Confidence, Social Skills, Self-Esteem, Personal Transformation, Personal Development",Confidence,All Levels,5 hours,4.3,482,5585,"Rp149,000",5/2018,0,0,29,https://www.udemy.com/course/how-to-build-100-x-self-confidence/
Master your brain: Neuroscience for personal development,277654,Gregory Caremans - Brain Academy,"Neuroscience, Personal Development, Communication Skills, Brain Training, Personal Transformation",Confidence,All Levels,3.5 hours,4.7,12432,86466,"Rp149,000",8/2025,19,0,8,https://www.udemy.com/course/my-brain-and-i/
Unlock Your Inner Confidence Right Now...in Under 45 Minutes,5146504,Aaron Jarrels,"Confidence, Personal Transformation, Personal Development",Confidence,Beginner,1 hour,4.5,23,1185,"Rp149,000",2/2023,0,0,0,https://www.udemy.com/course/unlock-your-inner-confidence-right-nowin-under-45-minutes/
SELF CONFIDENCE New BSC Model to gain superior confidence,2226426,Mert Burian,"Confidence, Self-Esteem, Self Esteem & Confidence, Personal Development",Confidence,Beginner,1.5 hours,4.7,17,580,"Rp149,000",3/2019,14,0,10,https://www.udemy.com/course/selfconfidencenewbscmodel/
Self-confidence Masterclass,4840266,Christian Chua Hall of Fame Recipient,"Confidence, Self Esteem & Confidence, Personal Development",Confidence,All Levels,2 hours,5.0,14,127,"Rp149,000",8/2022,0,0,1,https://www.udemy.com/course/self-confidence-masterclass-e/
How To Master Your Inner Confidence & Self-Worth in No Time,3122896,"Jimmy Naraine • Official Udemy Partner, Jimmy Naraine Support","Confidence, Self-Acceptance, Self-Esteem, Mindset, Self Esteem & Confidence",Confidence,All Levels,3 hours,4.7,140,6014,"Rp149,000",12/2023,0,0,16,https://www.udemy.com/course/core-confidence-build-inner-confidence-and-self-esteem/
CPPD-Complete Professional & Personal life Skill Development,6196439,Human and Emotion: CHRMI,"Personal Development, Personal Transformation",Confidence,Intermediate,44.5 hours,4.8,9,2037,"Rp149,000",12/2024,0,0,0,https://www.udemy.com/course/cppd-complete-professional-personal-life-skill-development/
Unleashing Confidence: The Fear 2.0 - Mastering Self-Esteem,1237338,Justin Quinton,"Confidence, Self-Esteem, Anxiety Management, Self Esteem & Confidence, Personal Development",Confidence,All Levels,6.5 hours,4.7,474,3087,"Rp149,000",6/2023,1,0,9,https://www.udemy.com/course/thefear2/
Psychopathic Confidence: Unleashing Your Shadow's Power,6140985,Daniel Munro,"Confidence, Self Esteem & Confidence, Personal Development",Confidence,All Levels,2 hours,4.7,20,86,"Rp149,000",3/2026,6,0,0,https://www.udemy.com/course/psychopathic-self-confidence/
Emotional Intelligence: Tools for Career and Confidence,6583161,CRFT Productions,"Emotional Intelligence, Master Your Emotions, Difficult Conversations, Personal Transformation, Personal Development",Confidence,All Levels,3.5 hours,4.8,51,299,"Rp149,000",10/2025,0,0,9,https://www.udemy.com/course/emotional-intelligence-ei/
Presentation Skills & Public Speaking: Complete Masterclass,4561610,"Jimmy Naraine • Official Udemy Partner, Jimmy Naraine Support","Presentation Skills, Communication, Business",Confidence,All Levels,15 hours,4.6,2143,10753,"Rp149,000",11/2025,0,0,1,https://www.udemy.com/course/presentation-skills-public-speaking-complete-masterclass/
Transform Your Confidence and Self-Esteem - Complete Course,471952,"Joe Parys, Joe Parys Support","Confidence, Self-Esteem, Self Esteem & Confidence, Personal Development",Confidence,All Levels,6 hours,4.3,455,27044,"Rp149,000",12/2017,4,0,1,https://www.udemy.com/course/confident/
Assertiveness at Work - Accelerate Your Career,799812,"Dr. Roy Naraine, Adam Naraine","Assertiveness, Communication Skills, Nonverbal Communication, Body Language, Career Development",Confidence,All Levels,1.5 hours,4.4,1641,7237,"Rp149,000",3/2023,3,0,1,https://www.udemy.com/course/assertiveness-at-work-accelerate-your-career/
Frame Control Mastery: NLP for Confidence & Success,6094977,Daniel Munro,"Neuro-Linguistic Programming (NLP), Philosophy, Confidence, Positive Psychology, Self Esteem & Confidence",Confidence,Expert,1 hour,4.7,12,133,"Rp149,000",3/2026,8,0,0,https://www.udemy.com/course/frame-control-nlp-confident-mindset/
Superhuman Confidence: The Elite Confidence Training Course!,1529150,Nader Nadernejad,"Confidence, Personal Development, Personal Transformation, Charisma, Self Esteem & Confidence",Confidence,All Levels,40 mins,4.3,38,1417,"Rp149,000",3/2018,3,0,2,https://www.udemy.com/course/confidencetraining/
Master Rejection: How to Get Results,4432746,Robert Fitzpatrick,"Confidence, Self Esteem & Confidence, Personal Development",Confidence,All Levels,7 hours,5.0,2,25,"Rp149,000",7/2022,1,0,5,https://www.udemy.com/course/self-confidence-master-rejection/
Super Confidence | Why It's OK Not To Be Liked By Everyone,608236,Kain Ramsay,"Confidence, Life Coach Training, Emotional Intelligence, Self Esteem & Confidence, Personal Development",Confidence,All Levels,3.5 hours,4.7,285,4361,"Rp149,000",11/2016,0,0,25,https://www.udemy.com/course/why-its-ok-not-to-be-liked-by-everyone/
"Self Confidence & Self Esteem, Mindfulness Makeover",4157762,Julian Jenkins,"Confidence, Life Purpose, Mindfulness, Self-Esteem, Self Esteem & Confidence",Confidence,All Levels,2.5 hours,4.7,736,3300,"Rp149,000",12/2022,1,0,0,https://www.udemy.com/course/self-confidence-self-esteem-mindfulness-makeover/
Unstoppable Self Confidence - Your Key to Success!,2489358,"Scott Paton, Rachel Smets, Scott Alex, Cherub Santelices","Confidence, Motivation, Personal Development",Confidence,All Levels,1 hour,4.4,478,32450,"Rp149,000",1/2020,3,0,3,https://www.udemy.com/course/unstoppable-self-confidence-success/
21X SELF-CONFIDENCE: BUILDING Self-Confidence in 21 DAYS,5785560,Niyazi Harmanbaşı,"Self-Esteem, Personal Success, Personal Transformation, Self Esteem & Confidence, Personal Development",Confidence,All Levels,2 hours,4.5,1,312,"Rp149,000",1/2024,2,0,1,https://www.udemy.com/course/21x-self-confidence-building-self-confidence-in-21-days/
Confidence: Build Self-Confidence & Self-Esteem That Lasts,5643314,Bobby Dsouza,"Confidence, Self-Esteem, Fear, Resilience, Self Esteem & Confidence",Confidence,All Levels,1 hour,4.3,21,459,"Rp159,000",3/2026,0,0,2,https://www.udemy.com/course/confidence-booster-x/
Self Confidence & Assertiveness Training,790624,Libby Seery,"Assertiveness, Confidence, Personal Transformation, Personal Development",Confidence,All Levels,2.5 hours,4.3,928,5840,"Rp149,000",9/2017,26,0,56,https://www.udemy.com/course/self-confidence-reap-the-benefits-of-self-confidence/
Personal Communication-Introduce Yourself With Confidence,351142,"TJ Walker, Media Training Worldwide Digital","Communication Skills, Personal Branding, Confidence, Personal Brand Building, Personal Development",Confidence,All Levels,1 hour,4.4,605,50570,"Rp149,000",1/2026,7,0,3,https://www.udemy.com/course/how-to-introduce-yourself/
Self Confidence: The Ultimate Confidence Booster Formula,2440266,Bogdan Alex Raducanu,"Confidence, Self-Esteem, Personal Development, Self-Acceptance, Self Esteem & Confidence",Confidence,All Levels,5 hours,4.4,87,5217,"Rp149,000",10/2019,1,0,0,https://www.udemy.com/course/the-ultimate-confidence-booster-formula/
Overcoming Self Doubt With Self Love,5089754,"Kimmy Kay, My Personal Coaching Club","Self-Esteem, Self Esteem & Confidence, Personal Development",Confidence,All Levels,2 hours,4.9,11,45,"Rp149,000",3/2026,0,0,53,https://www.udemy.com/course/overcoming-self-doubt-with-self-love/
"How To Make Your Voice Heard, And Articulate Your Value",5445590,Alex Genadinik,"Communication Skills, Communication, Business",Confidence,Beginner,1 hour,4.6,3002,6170,"Rp149,000",4/2026,0,0,0,https://www.udemy.com/course/articulate-effective-and-persuasive-communication/
Double Your Social Skills and Instantly Connect With People,423092,"Jimmy Naraine • Official Udemy Partner, Jimmy Naraine Support","Social Skills, Self Esteem & Confidence, Personal Development",Confidence,All Levels,6.5 hours,4.4,1651,17778,"Rp149,000",12/2023,0,0,36,https://www.udemy.com/course/double-your-social-skills-and-instantly-connect-with-people/
The Power of Self Confidence: Unlocking your true potential,5468552,Varnessa Stephenson,"Confidence, Self Esteem & Confidence, Personal Development",Confidence,Beginner,1 hour,5.0,2,8,"Rp149,000",8/2023,0,0,0,https://www.udemy.com/course/the-power-of-self-confidence-unlocking-your-true-potential/
The Science of Self-Esteem: Learn to Build up Confidence,322008,Manuel Kraus,"Self-Esteem, Personal Success, Confidence, Self Esteem & Confidence, Personal Development",Confidence,All Levels,2 hours,4.4,61,1515,"Rp149,000",2/2018,4,0,1,https://www.udemy.com/course/science-of-self-confidence/
Public Speaking Training & Facilitator Certification,1280842,"Joeel & Natalie of Transformation Services, Patrick Howell, CiPP Master Coach and Trainer, Transformation Services","Public Speaking, Facilitation, Communication, Business",Confidence,All Levels,9 hours,4.6,2380,11701,"Rp149,000",3/2026,4,0,68,https://www.udemy.com/course/public-speaker-training-workshop-facilitator-certification/
Self-Discipline Hacks: Increase Productivity & Achieve Goals,620476,"Dr. Roy Naraine, Adam Naraine","Goal Achievement, Personal Productivity, Personal Success, Self-Discipline, Personal Development",Confidence,All Levels,1.5 hours,4.6,2796,10937,"Rp149,000",8/2023,2,0,1,https://www.udemy.com/course/self-discipline-hacks-increase-productivity-achieve-goals/
Public Speaking and Presenting at Work,1349000,"Joeel & Natalie of Transformation Services, Transformation Services","Public Speaking, Presentation Skills, Communication, Business",Confidence,All Levels,2 hours,4.5,9295,29029,"Rp149,000",3/2026,13,0,13,https://www.udemy.com/course/public-speaking-and-presenting-at-work/
Master Your Confidence: 12 Rules for Self Mastery,5481934,Veer Mahadevan,"Confidence, Self Esteem & Confidence, Personal Development",Confidence,All Levels,1.5 hours,4.1,10,760,"Rp149,000",6/2025,0,0,0,https://www.udemy.com/course/bulletproof-confidence-12-rules-for-becoming-unstoppable/
"Empowerment Life Coach Certification (Self-Care, Boundaries)",697440,"Joeel & Natalie of Transformation Services, Transformation Services, Iyémote, Tasha Church","Life Coach Training, Empowerment, Personal Transformation, Personal Development",Confidence,All Levels,5.5 hours,4.6,313,5661,"Rp149,000",3/2026,12,0,14,https://www.udemy.com/course/21-days-to-an-empowered-state-of-mind/
14 Day Confidence Mindset Challenge,4224220,"Graham Nicholls, The Priority Academy Ltd","Confidence, Self-Esteem, Personal Transformation, Personal Development",Confidence,All Levels,1.5 hours,4.7,34,338,"Rp149,000",9/2024,2,0,2,https://www.udemy.com/course/14-day-confidence-mindset-challenge/
Master 20 Practical Leadership Skills for Corporate Success,5041604,"Jimmy Naraine • Official Udemy Partner, Jimmy Naraine Support","Leadership, Management, Business",Confidence,All Levels,1.5 hours,4.8,27,1467,"Rp149,000",5/2024,0,0,20,https://www.udemy.com/course/master-20-practical-leadership-skills-for-corporate-success/
The Ultimate Confidence & Self-Esteem Masterclass,4554054,Jakob Manthei,"Confidence, Self-Esteem, Social Skills, Charisma, Self Esteem & Confidence",Confidence,All Levels,2.5 hours,4.7,29,193,"Rp149,000",8/2022,44,0,6,https://www.udemy.com/course/how-to-build-confidence-and-self-esteem/
Magnetic Masculine: Mastering Presence & Power,6704523,Liz Rose,"Confidence, Personal Transformation, Personal Development",Confidence,All Levels,2.5 hours,4.8,20,48,"Rp1,499,000",12/2025,0,0,57,https://www.udemy.com/course/magnetic-confidence-for-men/
Develop your Self Awareness with Emotional Intelligence,620616,Robin Hills,"Emotional Intelligence, Management, Business",Confidence,Intermediate,3 hours,4.6,5435,25139,"Rp149,000",1/2026,11,0,13,https://www.udemy.com/course/making-sense-of-who-you-are-in-the-world/
Stop Being Lonely: Build Friendships & Social Confidence,6716859,Melanie Du Preez,"Mental Health, Health & Fitness",Confidence,All Levels,2 hours,4.7,27,2055,"Rp149,000",9/2025,0,0,12,https://www.udemy.com/course/stop-being-lonely-build-friends-social-confidence-fast/
"Develop Positive Habits for Confidence, Health & Success",890686,"Jimmy Naraine • Official Udemy Partner, Anthony Metivier, Jimmy Naraine Support","Habits, Personal Success, Personal Transformation, Personal Development",Confidence,All Levels,5.5 hours,4.6,1049,7502,"Rp149,000",12/2023,0,0,2,https://www.udemy.com/course/the-habit-mastery-formula-develop-powerful-habits/
People Pleaser Life Coach Certification (Self-Care),5225574,"Joeel & Natalie of Transformation Services, Transformation Services, Stephanie D. McKenzie","Life Coach Training, Confidence, Self-Esteem, Self-Acceptance, Personal Transformation",Confidence,All Levels,4.5 hours,4.6,224,1151,"Rp149,000",3/2026,6,0,19,https://www.udemy.com/course/people-pleaser-life-coach-certification-self-care/
"Success Tips: Boosting Confidence, Wealth & Productivity",626202,"Jimmy Naraine • Official Udemy Partner, Jimmy Naraine Support","Personal Success, Personal Finance, Confidence, Personal Productivity, Personal Transformation",Confidence,All Levels,2 hours,4.3,2632,21611,"Rp149,000",12/2023,0,0,2,https://www.udemy.com/course/strategies-for-success-habits-of-successful-people/
Healthy Boundaries: Build Stronger Relationships,4608474,Daniel Munro,"Difficult Conversations, Assertiveness, Nonverbal Communication, Lie Detection, Parenting & Relationships",Confidence,All Levels,7 hours,4.8,47,222,"Rp149,000",3/2026,18,0,0,https://www.udemy.com/course/healthy-boundaries-in-relationships-friendships-and-work/
"Become an Imposter syndrome & Confidence Coach,",5814192,Cuddy Cudworth Priority Mind Management Training in Excellence,"Confidence, Personal Transformation, Personal Development",Confidence,Intermediate,3 hours,4.2,6,43,"Rp149,000",12/2024,1,0,8,https://www.udemy.com/course/overcoming-imposter-syndrome-and-increasing-confidence/
"Confidence - Build it, Enjoy it, Upgrade it.",3348638,Marina Kogan,"Confidence, Personal Transformation, Personal Development",Confidence,All Levels,40 mins,4.8,6,16,"Rp279,000",8/2022,0,0,5,https://www.udemy.com/course/confidence-recharge-it-and-upgrade/
The Complete Nonverbal Communication Course - Body Language,3196780,"TJ Walker, Media Training Worldwide Digital, Peter Alkema","Nonverbal Communication, Body Language, Confidence, Self-Esteem, Parenting & Relationships",Confidence,All Levels,4 hours,4.5,498,65419,"Rp149,000",1/2026,5,0,25,https://www.udemy.com/course/the-complete-nonverbal-communication-course-body-language/
Boost Self Confidence & Self Esteem With Scientific Research,2218098,Alex Genadinik,"Confidence, Self-Awareness, Self Esteem & Confidence, Personal Development",Confidence,Beginner,4 hours,4.3,529,40018,"Rp149,000",11/2025,0,0,28,https://www.udemy.com/course/more-confidence-and-self-esteem/
"Stop Self-Sabotage: Build Confidence, Take Action & Thrive",5752054,Carolina Santos,"Personal Success, Personal Development, Personal Productivity, Personal Transformation",Confidence,All Levels,1.5 hours,5.0,5,469,"Rp149,000",6/2025,1,0,7,https://www.udemy.com/course/overcome-self-sabotage-and-master-your-personal-strengths/
Virtual Meetings with Confidence: 90-minute Confidence Guide,4106444,"Jimmy Naraine • Official Udemy Partner, Jimmy Naraine Support","Confidence, Communication Skills, Online Presence, Self-Esteem, Self Esteem & Confidence",Confidence,All Levels,3 hours,4.0,1317,5095,"Rp149,000",12/2023,0,0,15,https://www.udemy.com/course/virtual-meetings-with-confidence-90-minute-confidence-guide/
Body Language in Business: Gain Confidence & Read Others,4415686,"Jimmy Naraine • Official Udemy Partner, Jimmy Naraine Support","Body Language, Business Communication, Nonverbal Communication, Communication, Business",Confidence,All Levels,2.5 hours,4.5,1312,5019,"Rp149,000",12/2023,0,0,28,https://www.udemy.com/course/body-language-in-business-gain-confidence-read-others/
Video Presentation & Public Speaking Skills: Complete Guide,965194,"Jimmy Naraine • Official Udemy Partner, Jimmy Naraine Support","Presentation Skills, Videography, Confidence, Digital Camera Functionality, Communication",Confidence,All Levels,2 hours,4.4,1398,5949,"Rp199,000",12/2023,0,0,3,https://www.udemy.com/course/video-presentation-skills-how-to-be-confident-on-camera/
"New Manager Toolkit: Habits, Confidence and Leadership",6604101,"CRFT Productions, Fiona Dewar","Management Skills, Leadership, Teamwork, Management, Business",Confidence,All Levels,2.5 hours,4.6,137,549,"Rp149,000",10/2025,0,0,7,https://www.udemy.com/course/new-manager-toolkit/
How to Overcome Shyness and Gain Self-Confidence?,4166424,Narmina Gasimova,"Confidence, Communication Skills, Self-Esteem, Social Skills, Self Esteem & Confidence",Confidence,All Levels,3.5 hours,4.0,32,116,"Rp149,000",3/2026,1,0,2,https://www.udemy.com/course/how-to-overcome-shyness/
The Art of Communications - Become A Master Communicator,408556,"Dr. Roy Naraine, Adam Naraine, Jimmy Naraine • Official Udemy Partner","Communication Skills, Communication, Business",Confidence,All Levels,3 hours,4.6,17869,47489,"Rp149,000",7/2023,2,0,1,https://www.udemy.com/course/the-art-of-communications/
The Power of Motivation - Shape and Control Your Destiny,541428,"Dr. Roy Naraine, Adam Naraine","Motivation, Personal Success, Entrepreneurship, Business",Confidence,All Levels,1.5 hours,4.5,1564,6227,"Rp149,000",4/2023,2,0,1,https://www.udemy.com/course/the-power-of-motivation/
Confidence: How to build a robust self-confidence for sport,3146294,Roberto Forzoni,"Confidence, Sports, Health & Fitness",Confidence,Intermediate,1 hour,4.8,8,47,"Rp149,000",7/2020,8,0,27,https://www.udemy.com/course/confidence-how-to-build-a-robust-self-confidence-for-sport/
Assertiveness: Assertive Communication & Social Skills,1347644,Alain W.,"Assertiveness, Communication Skills, Influence, Personal Development",Confidence,All Levels,4.5 hours,4.5,1564,27351,"Rp149,000",2/2026,0,0,6,https://www.udemy.com/course/double-your-communication-assertiveness-30-minute-guide/
SELF-CONFIDENCE | A Complete Guide to Building Self-Esteem.,3394020,Rose Tan,"Personal Development, Personal Transformation",Confidence,All Levels,2 hours,4.5,5,20,"Rp149,000",9/2023,0,0,0,https://www.udemy.com/course/self-confidence-rosetanlifestyle/
Unleash your Confidence,4859242,Robert Gruttke,"Confidence, Fear, Self-Esteem, Growth Mindset, Self Esteem & Confidence",Confidence,All Levels,2 hours,5.0,1,105,"Rp149,000",6/2023,3,0,20,https://www.udemy.com/course/unleash-your-confidence/
Charisma Mastery - Boost Your Charisma & Influence People,560720,"Dr. Roy Naraine, Adam Naraine","Influence Skills, Confidence, Body Language, Charisma, Communication",Confidence,All Levels,1.5 hours,4.2,113,2530,"Rp149,000",7/2020,3,0,1,https://www.udemy.com/course/charisma-mastery/
Self-Discipline & Focus: Achieve Your Goals Faster,6077371,Daniel Munro,"Self-Discipline, Motivation, Confidence, Personal Productivity, Personal Development",Confidence,Intermediate,1 hour,4.3,3,129,"Rp149,000",3/2026,10,0,0,https://www.udemy.com/course/advanced-discipline-and-self-control-techniques/
CONFIDENCE Mastery Course: Overcome Self-Doubt in 5 Hours,4050514,Salvatore Damiata M.Sc.,"Confidence, Self-Esteem, Self Esteem & Confidence, Personal Development",Confidence,All Levels,4.5 hours,4.8,65,195,"Rp1,299,000",6/2025,2,0,15,https://www.udemy.com/course/confidencecourse/
Personality Development: Confidence & Communication,4063720,Lavesh Vaswani,"Personal Development, Leadership, Motivation, Time Management, Personal Transformation",Confidence,All Levels,5 hours,4.4,144,561,"Rp149,000",1/2026,0,0,4,https://www.udemy.com/course/defineyourselfofficial/
Assertiveness : Master Assertive Communication,6516569,Jamal Lazaar,"Assertiveness, Confidence, Communication Skills, Communication, Business",Confidence,All Levels,2 hours,4.6,449,1790,"Rp159,000",2/2026,4,0,1,https://www.udemy.com/course/master-assertive-communication/
Confidence: Techniques for Personal Impact,5906554,"CRFT Productions, Zara Mandalia","Confidence, Personal Branding, Charisma, Personal Networking, Personal Brand Building",Confidence,All Levels,1 hour,4.6,29,193,"Rp149,000",5/2024,0,0,0,https://www.udemy.com/course/confidence-techniques/
Confidence Unleashed,2570402,Antti Niittyviita,"Confidence, Self Esteem & Confidence, Personal Development",Confidence,All Levels,1 hour,5.0,9,374,"Rp149,000",2/2023,0,0,26,https://www.udemy.com/course/confidence-from-within/
Keys for Unlocking Your Self-Confidence,3798376,April Crimbley,"Confidence, Personal Transformation, Personal Development",Confidence,Beginner,40 mins,5.0,2,8,"Rp159,000",3/2021,0,0,6,https://www.udemy.com/course/keys-for-unlocking-your-self-confidence/
Your Body Language in Business: 7-Day Practical Challenge,4823910,"Jimmy Naraine • Official Udemy Partner, Jimmy Naraine Support","Body Language, Influence, Personal Development",Confidence,All Levels,1.5 hours,4.6,164,1246,"Rp149,000",12/2023,0,0,1,https://www.udemy.com/course/7-day-body-language-challenge-adopt-confident-body-language/
Hypnosis- Increase Your Feeling Of Confidence & Self Esteem,558604,Pradeep Aggarwal,"Hypnosis, Confidence, Esoteric Practices, Lifestyle",Confidence,All Levels,37 mins,5.0,4,1228,"Rp149,000",7/2015,0,0,0,https://www.udemy.com/course/hypnosis-increase-your-feeling-of-confidence-self-esteem/
Maximum Confidence and Happiness in 30 Days,3388372,David Horwitz,"Confidence, Happiness, Self-Esteem, Psychology, Self Esteem & Confidence",Confidence,All Levels,2.5 hours,4.9,8,31,"Rp149,000",11/2020,0,0,0,https://www.udemy.com/course/maximum-confidence-and-happiness-in-30-days-psychology-of-self-esteem/
How to Build Confidence in Your Abilities,1116388,Martin Meadows,"Confidence, Motivation, Personal Development",Confidence,All Levels,1 hour,4.2,9778,56159,"Rp149,000",2/2017,1,0,0,https://www.udemy.com/course/how-to-build-confidence-in-your-abilities/
English Skills And Communication For Managers And Leaders,6246309,Alex Genadinik,"Business Communication, Leadership, Communication Skills, Other Teaching & Academics, Teaching & Academics",Confidence,All Levels,4 hours,4.5,371,1730,"Rp149,000",3/2026,0,0,4,https://www.udemy.com/course/english-for-managers-and-leaders/
60 Minutes To Confident And Comfortable Communication,3949196,Adele Louise de Caso,"Communication Skills, Confidence, Self Esteem & Confidence, Personal Development",Confidence,Beginner,1 hour,4.6,28,1046,"Rp149,000",3/2022,0,0,2,https://www.udemy.com/course/60-minutes-to-confident-and-comfortable-communication/
Assertive Communication: Complete Course Collection,5225690,"Lucia Grosaru, M.A. Psy.","Assertiveness, Communication Skills, Confidence, Social Skills, Personal Transformation",Confidence,All Levels,10 hours,4.5,88,3264,"Rp149,000",7/2025,0,0,0,https://www.udemy.com/course/assertive-communication-collection/
Male Confidence: Experience the Confidence of a Superhero,1793308,Alan Kirwan,"Confidence, Self-Esteem, Hypnosis, Esoteric Practices, Lifestyle",Confidence,All Levels,1 hour,4.0,28,11131,"Rp149,000",6/2025,0,0,17,https://www.udemy.com/course/super-hero-hypnosis/
Social Skills & People Success Masterclass,3897360,Alain W.,"Social Skills, Communication Skills, Career Development, Personal Development",Confidence,All Levels,3.5 hours,4.4,122,14707,"Rp149,000",11/2023,2,0,1,https://www.udemy.com/course/boost-your-social-skills-communicate-better-with-people/
Confidence and Self-Esteem 20X: The Complete Guide,5910330,Maddy Woolf,"Confidence, Self Esteem & Confidence, Personal Development",Confidence,All Levels,2 hours,4.7,2,7,"Rp149,000",4/2024,0,0,9,https://www.udemy.com/course/confidence-and-self-esteem-20x-the-complete-guide/
Self Confidence: Complete 60 Minute Guide,4532708,Alok Kumar,"Confidence, Self Esteem & Confidence, Personal Development",Confidence,All Levels,1.5 hours,4.7,7,17,"Rp149,000",1/2025,0,0,1,https://www.udemy.com/course/self-confidence-60-minute-guide-to-confidence-self-esteem/
"Confidence: How To Think, Feel, And Be Unstoppable",727244,Derek Franklin,"Confidence, Personal Success, Self Esteem & Confidence, Personal Development",Confidence,All Levels,2.5 hours,4.4,63,4444,"Rp149,000",8/2016,1,0,0,https://www.udemy.com/course/be-confident/
The Complete Confidence & Self-Esteem Master Class Course,778338,"Joe Parys, Joe Parys Support","Confidence, Self-Esteem, Self Esteem & Confidence, Personal Development",Confidence,All Levels,6 hours,4.3,184,10297,"Rp149,000",12/2017,2,0,1,https://www.udemy.com/course/confidence-course/
Assertive Communication: Build The Independent You,1188382,"Lucia Grosaru, M.A. Psy.","Assertiveness, Communication Skills, Personal Transformation, Personal Development",Confidence,All Levels,4 hours,4.6,142,4776,"Rp149,000",7/2025,0,0,1,https://www.udemy.com/course/assertive-communication-build-the-independent-you/
Confidence Skills for Entrepreneurs,3610466,Eloise Gagnon,"Confidence, Self Esteem & Confidence, Personal Development",Confidence,Beginner,4 hours,4.9,19,45,"Rp1,699,000",2/2021,0,0,8,https://www.udemy.com/course/confidence-building-skills-for-entrepreneurs/
Assertiveness Mastery - Boost Your Confidence & Self-Esteem,663978,"Dr. Roy Naraine, Adam Naraine","Assertiveness, Self-Esteem, Confidence, Influence, Personal Development",Confidence,All Levels,1.5 hours,4.2,69,1757,"Rp149,000",4/2020,3,0,1,https://www.udemy.com/course/assertiveness-mastery-boost-your-confidence-self-esteem/
Self-Confidence,2540624,Salma Ab,"Confidence, Self-Acceptance, Self-Esteem, Self Esteem & Confidence, Personal Development",Confidence,All Levels,34 mins,4.9,5,9,"Rp149,000",9/2019,2,0,3,https://www.udemy.com/course/self-confidence-s/
"The Growth Mindset Blueprint: Confidence, Impact & Success",6587441,"Zubin Rashid (Learning and Development Academy), Career Skills Coach","Growth Mindset, Personal Transformation, Personal Development",Confidence,All Levels,2.5 hours,4.4,87,471,"Rp149,000",6/2025,0,0,38,https://www.udemy.com/course/the-growth-mindset-blueprint-confidence-impact-success/
Confidence: Guide To Self-Esteem and a Tiny Waist (Beginner),5734692,Jessica Young,"Core Strength, Self-Esteem, Confidence, Fitness, Health & Fitness",Confidence,Beginner,1 hour,5.0,5,1110,"Rp149,000",1/2024,0,0,3,https://www.udemy.com/course/confidence-and-a-tiny-waist-for-beginners/
Self-Confidence Series: Overcoming Imposter Syndrome,5055386,Soufiane El Alaoui,"Self-Esteem, Confidence, Anxiety Management, Self Esteem & Confidence, Personal Development",Confidence,All Levels,1.5 hours,4.5,400,1620,"Rp149,000",3/2026,7,0,4,https://www.udemy.com/course/self-confidence-series-i/
Confidence and Visibility Coach| ACCREDITED,6215427,"Sufani Garza, Place of Bliss Academy","Life Coach Training, Personal Transformation, Personal Development",Confidence,All Levels,1.5 hours,4.5,300,4794,"Rp149,000",8/2025,0,0,1,https://www.udemy.com/course/life-coach-master-class-mastering-visibility-certificate/
Alpha Confidence Masterclass: Unleash Your True Potential,5233764,"Sergey Kasimov, Dean Gladwyn, MindQuest Academy","Self-Esteem, Personal Development, Confidence, Self Esteem & Confidence",Confidence,All Levels,2.5 hours,4.7,3,1027,"Rp149,000",6/2024,1,0,0,https://www.udemy.com/course/alphaconfidence/
OVERCOME SOCIAL ANXIETY: A 21-Day Journey to Confidence,5908324,Niyazi Harmanbaşı,"Personal Transformation, Personal Development, Confidence",Confidence,All Levels,2 hours,5.0,1,303,"Rp249,000",4/2024,2,0,1,https://www.udemy.com/course/the-journey-of-self-discovery-unlocking-your-full-potential/
Voice Training: You Can Speak With Confidence,342720,"TJ Walker, Media Training Worldwide Digital","Confidence, Other Personal Development, Personal Development",Confidence,All Levels,1 hour,4.1,456,39737,"Rp159,000",1/2026,6,0,3,https://www.udemy.com/course/how-to-improve-your-voice/
The Power Of Self-Confidence,4976132,Felicia Stepan,"Confidence, Personal Transformation, Personal Development",Confidence,All Levels,1 hour,4.8,17,2016,"Rp159,000",4/2023,0,0,0,https://www.udemy.com/course/the-power-of-self-confidence/
Boost Your Self-Confidence and Self-Esteem,5421290,Fabio Mattiussi,"Meditation, Self-Esteem, Neuro-Linguistic Programming (NLP), Self-Acceptance, Self Esteem & Confidence",Confidence,All Levels,3 hours,4.9,25,3400,"Rp149,000",7/2024,0,0,0,https://www.udemy.com/course/boost-your-self-confidence-and-self-esteem/
Overcome Self-Doubt To Build Confidence and High Self-Esteem,4643598,Louistas Nyuyse,"Confidence, Procrastination, Self-Esteem, Self Esteem & Confidence, Personal Development",Confidence,All Levels,2.5 hours,3.8,14,48,"Rp149,000",4/2022,0,0,40,https://www.udemy.com/course/overcome-self-doubt-to-build-confidence-and-high-self-esteem/
Learning To Love Yourself: Building Self-love & Self-Esteem,5706148,Kirsty Watson,"Personal Development, Self-Esteem, Mental Health, Self-Acceptance, Self Esteem & Confidence",Confidence,All Levels,5 hours,4.3,6,52,"Rp149,000",1/2026,11,0,46,https://www.udemy.com/course/learning-to-love-yourself/
Conquer Shyness & Social Fear: 4-in-1 Confidence Training,2742846,"Sergey Kasimov, MindQuest Academy","Confidence, Motivation, Self-Esteem, Anxiety Management, Self Esteem & Confidence",Confidence,Beginner,1 hour,3.9,61,9794,"Rp149,000",11/2025,1,0,0,https://www.udemy.com/course/overcomeshyness/
Women’s Confidence and Mindset,3174916,Professor Maja,"Confidence, Growth Mindset, Personal Transformation, Personal Development",Confidence,All Levels,2.5 hours,4.3,539,1894,"Rp149,000",9/2020,0,0,0,https://www.udemy.com/course/professormaja/
Student Career Confidence - THE must-have guide to success,5959612,Luki Danukarjanto,"Career Development, Personal Development",Confidence,All Levels,3.5 hours,5.0,4,30,N/A,6/2024,0,0,0,https://www.udemy.com/course/student-career-confidence/
A 30-Minute Solution To Double Your Confidence & Self-Esteem,1390632,"Joe Parys, Joe Parys Support","Confidence, Self-Esteem, Self Esteem & Confidence, Personal Development",Confidence,Beginner,32 mins,4.0,201,8441,"Rp149,000",12/2017,1,0,1,https://www.udemy.com/course/confidencesolution/
ConfidenceGiver,6366141,Elena Osokina,"Confidence, Self-Esteem, Self-Acceptance, Personal Transformation, Personal Development",Confidence,Intermediate,1 hour,5.0,33,621,"Rp149,000",12/2025,13,0,0,https://www.udemy.com/course/confidencegiver/
Gain CONFIDENCE & SELF-ESTEEM through EMOTIONAL INTELLIGENCE,4815890,Luciana Pierangeli,"Emotional Intelligence, Traditional Chinese Medicine (TCM), EFT (Emotional Freedom Techniques), Qigong, Other Health & Fitness",Confidence,All Levels,1 hour,4.8,8,46,"Rp149,000",12/2023,59,0,44,https://www.udemy.com/course/gain-confidence-self-esteem-through-emotional-intelligence/
"Powerful, Confident Body Language for Business Women",1284952,Kara Ronin,"Body Language, Personal Brand Building, Personal Development",Confidence,All Levels,1.5 hours,4.6,1692,5362,"Rp149,000",4/2026,2,0,25,https://www.udemy.com/course/powerful-confident-body-language-for-women/
Self-acceptance Self-esteem Coaching & Meditation Course,5812348,Shining Mind,"Self-Acceptance, Meditation, Love, Mental Health, Health & Fitness",Confidence,All Levels,2 hours,4.7,25,81,"Rp149,000",2/2024,0,0,0,https://www.udemy.com/course/self-acceptance-self-esteem-coaching-meditation-course/
15X SHAMELESSNESS: BOOST Social Confidence in 15 Days/Course,6141021,Niyazi Harmanbaşı,"Personal Transformation, Soft Skills, Communication Skills, Influence, Personal Development",Confidence,All Levels,1.5 hours,5.0,2,10,"Rp149,000",9/2024,1,0,1,https://www.udemy.com/course/holistic-training-mastery-strategies-for-success-and-growth/
"Life Skills: Become Assertive, Be YOU With Confidence",4909600,"Robert Brown, Ph.D.","Assertiveness, Communication Skills, Personal Transformation, Personal Development",Confidence,All Levels,2.5 hours,4.6,3,20,"Rp149,000",7/2025,0,0,1,https://www.udemy.com/course/life-skills-how-to-be-assertive-without-being-a-jerk/
Confidence & Leadership for Men: High Value Man Blueprint,6927525,K. V. Gautam,"Personal Transformation, Personal Development",Confidence,All Levels,1.5 hours,4.9,17,1031,"Rp149,000",11/2025,0,0,0,https://www.udemy.com/course/high-value-man-blueprint/
The Confidence Plan: How to be more Confident at Work,1789628,Sarah Archer,"Confidence, Self-Esteem, Positive Thinking, Career Development, Personal Development",Confidence,All Levels,2 hours,4.6,9,44,"Rp549,000",7/2018,0,0,21,https://www.udemy.com/course/the-confidence-plan-how-to-be-confident-at-work/
21X CHARISMA: 21-Day COURSE That Will BOOST Your Charisma,5650650,Niyazi Harmanbaşı,"Psychology, Personal Transformation, Personal Development",Confidence,All Levels,2.5 hours,4.3,50,4125,"Rp149,000",5/2024,21,0,1,https://www.udemy.com/course/21-day-crash-course-in-develop-charisma-fully-action-based/
Ultimate Personality Development and Soft Skills Guide 2026,6657391,"Talent loom, Swati Mathur","Personal Development, Personal Transformation",Confidence,All Levels,4 hours,4.0,18,141,"Rp149,000",1/2026,0,0,0,https://www.udemy.com/course/ultimate-personality-development-guide/
Discover Your Best Self: Leading with Strengths,7001011,Mary Hernandez,"Self-Awareness, Leadership, Personal Development",Confidence,Beginner,31 mins,5.0,3,4,"Rp149,000",1/2026,0,0,0,https://www.udemy.com/course/discover-your-best-self-leading-with-strengths/
Camera Confidence: Be Comfortable & Confident on Camera.,3661610,Author Nayan Chaudhary (Channe),"On-Camera Confidence, Communication Skills, Other Personal Development, Personal Development",Confidence,All Levels,1.5 hours,4.3,13,360,"Rp149,000",10/2021,0,0,0,https://www.udemy.com/course/camera-confidence-be-comfortable-confident-on-camera/
How to Overcome Imposter Syndrome and Self-Doubt,4923754,Gia Storms,"Confidence, Leadership, Self-Esteem, Career Development, Self Esteem & Confidence",Confidence,Beginner,2 hours,4.5,2251,8522,"Rp1,799,000",11/2022,0,0,5,https://www.udemy.com/course/how-to-overcome-imposter-syndrome-and-self-doubt/
Supercharge Your Self-Confidence in 30 Days!,200340,Scott Asai,"Confidence, Self Esteem & Confidence, Personal Development",Confidence,All Levels,35 mins,4.5,9,140,"Rp149,000",5/2014,1,0,0,https://www.udemy.com/course/selfconfidence/
The 6 steps to unlock your confidence,3377014,Rehab Ramzy,"Self-Esteem, Self Esteem & Confidence, Personal Development",Confidence,Beginner,37 mins,3.6,81,8047,"Rp447,000.00",11/2024,4,0,1,https://www.udemy.com/course/the-6-steps-to-unlock-your-confidence/
Confidence Hacks,479720,How to Beast,"Confidence, Self Esteem & Confidence, Personal Development",Confidence,All Levels,2 hours,4.5,13,95,"Rp149,000",5/2015,0,0,5,https://www.udemy.com/course/confidence-hacks/
Assertiveness and Confidence: personality development Course,6679155,icourse Academy,"Assertiveness, Confidence, Self Esteem & Confidence, Personal Development",Confidence,All Levels,5 hours,4.5,5,2934,"Rp149,000",7/2025,1,0,0,https://www.udemy.com/course/assertiveness-and-confidence-mastery-course/
Confidence Mastery: Become More Confident Fast,1211718,Leon Chaudhari,"Confidence, Self Esteem & Confidence, Personal Development",Confidence,All Levels,2.5 hours,4.4,114,5730,"Rp149,000",5/2017,0,0,1,https://www.udemy.com/course/confidence-mastery-become-more-confident-fast/
Mental Health Confidence: Transform Self-Doubt to Mastery,6834383,Ivy Zorvan,"Mental Health, Health & Fitness",Confidence,All Levels,1.5 hours,5.0,12,834,"Rp149,000",9/2025,4,0,0,https://www.udemy.com/course/mental-health-confidence/
Master Public Speaking & Presentation Skills with Confidence,1361318,Joseph Liu,"Presentation Skills, Public Speaking, Communication, Business",Confidence,Beginner,1.5 hours,4.6,16092,37655,"Rp159,000",8/2024,0,0,11,https://www.udemy.com/course/presentation-skills-public-speaking/
Unleash Your Inner Confidence: Crush Self-Doubt for Success,3568867,Magine Solutions Team,"Confidence, Soft Skills, Communication Skills, Personal Transformation, Personal Development",Confidence,All Levels,1.5 hours,4.4,171,1347,"Rp149,000",3/2025,0,0,0,https://www.udemy.com/course/maginesolutions005/
Self -Confidence Mastery Course - Become Unstoppable,2274853,Yogesh vermani,"Confidence, Self-Esteem, Personal Transformation, Personal Development",Confidence,All Levels,2 hours,4.1,57,1615,"Rp149,000",8/2025,6,0,0,https://www.udemy.com/course/boost-self-confidence/
"Unbreakable Self Confidence, Self Esteem & Self Acceptance",4861940,Scott Jansen,"Confidence, Personal Development, Personal Transformation",Confidence,Beginner,1 hour,4.6,52,335,"Rp149,000",2/2026,0,0,5,https://www.udemy.com/course/self-confidence-unbreakble-self-confidence-self-esteem/
"""Equation To Confidence: Unleash Your Inner Power!""",5769900,Adele Bradley,"Confidence, Personal Transformation, Personal Development",Confidence,All Levels,1 hour,4.7,7,487,"Rp159,000",2/2024,1,0,2,https://www.udemy.com/course/equation-to-confidence/
Management Skills Masterclass: Lead Teams with Confidence,6932663,Mind Stack,"Management Skills, Management, Business",Confidence,All Levels,12.5 hours,4.9,74,3257,"Rp149,000",12/2025,0,0,0,https://www.udemy.com/course/management-skills-masterclass/
Being Assertive with Emotional Intelligence,4066472,Robin Hills,"Assertiveness, Communication, Business",Confidence,Beginner,1 hour,4.5,23,140,"Rp149,000",8/2025,6,0,6,https://www.udemy.com/course/being-assertive-with-emotional-intelligence/
Maximum Confidence: Proven Scientific Techniques,629778,"Michele Poff, PhD, Sergey Kasimov","Confidence, Self Esteem & Confidence, Personal Development",Confidence,All Levels,1.5 hours,4.4,27,1837,"Rp149,000",3/2023,2,0,17,https://www.udemy.com/course/self-confidence-and-self-respect/
Confidence on Camera: Master Your Video Presentation Skills,1741374,"Voiceover Masterclass, Peter Baker","On-Camera Confidence, Presentation Skills, Other Personal Development, Personal Development",Confidence,All Levels,2.5 hours,4.5,251,1953,"Rp149,000",8/2022,1,0,1,https://www.udemy.com/course/confidence-on-camera-master-your-video-presentation-skills/
"Introvert Leadership | Confidence, Trust & Quiet Strength",2481694,Crystal Tummala,"Resilience, Emotional Intelligence, Confidence, Communication Skills, Management",Confidence,All Levels,1.5 hours,4.6,4,831,"Rp149,000",10/2025,2,0,2,https://www.udemy.com/course/build-confidence-self-esteem-quickly-free-yourself/
Confidence Master Class | Executive Coach & Professor,5605022,Anna Conrad,"Confidence, Business Communication, Leadership, Self Esteem & Confidence, Personal Development",Confidence,All Levels,2.5 hours,4.9,4,37,"Rp149,000",9/2024,3,0,2,https://www.udemy.com/course/confidence-master-class/
"Master Course in Assertiveness, Confidence, Body Language",5121784,Dr. José Prabhu J,"Assertiveness, Body Language, Confidence, Personal Transformation, Personal Development",Confidence,All Levels,1 hour,4.3,123,17013,"Rp149,000",7/2025,0,0,0,https://www.udemy.com/course/assertiveness-confidence-body-language-attraction-personal-development/
Building Unshakable Confidence,5872626,Shraddha Paunikar,"Confidence, Personal Transformation, Personal Productivity, Personal Development",Confidence,All Levels,40 mins,5.0,8,31,"Rp149,000",6/2024,0,0,0,https://www.udemy.com/course/building-unshakable-confidence/
Shift Your Confidence & Build Your Self-Esteem Today,623830,"Joe Parys, Joe Parys Support","Confidence, Self Esteem & Confidence, Personal Development",Confidence,All Levels,1.5 hours,4.0,76,9000,"Rp149,000",12/2017,2,0,1,https://www.udemy.com/course/unofficial-shift-your-confidence-and-self-esteem-complete-udemy-course/
Know Your Worth: Set Boundaries With Self-Confidence,2739644,Rena C,"Mindset, Personal Success, Personal Transformation, Personal Development",Confidence,Beginner,1 hour,5.0,3,18,"Rp149,000",2/2022,0,0,18,https://www.udemy.com/course/know-your-worth-set-boundaries-with-self-confidence/
Public Speaking for Women,362474,"TJ Walker, Media Training Worldwide Digital","Public Speaking, Influence, Personal Development",Confidence,All Levels,2 hours,4.3,133,18932,"Rp149,000",1/2026,7,0,3,https://www.udemy.com/course/public-speaking-for-women/
Instant Confidence Course,468454,The INSTANT-Series,"Confidence, Self Esteem & Confidence, Personal Development",Confidence,Beginner,31 mins,3.8,14,567,"Rp149,000",7/2015,0,0,0,https://www.udemy.com/course/instant-confidence/
Confidence Unleashed! - Mastering Self Esteem for Success,5886516,Shayo Imologome,"Self-Esteem, Personal Development, Personal Transformation",Confidence,Beginner,2.5 hours,4.9,30,2054,"Rp149,000",7/2024,0,0,22,https://www.udemy.com/course/confidence-unleashed-mastering-self-esteem-for-success/
Cultivating self confidence: Path to personal empowerment,5738922,Chigozie JohnBosco Ubozoh,"Confidence, Self Esteem & Confidence, Personal Development",Confidence,All Levels,1.5 hours,4.7,2,2,"Rp159,000",2/2024,0,0,0,https://www.udemy.com/course/cultivating-self-confidence-path-to-personal-empowerment/
Communicate with Confidence at Work,4298100,Matthew Davies,"Communication Skills, Confidence, Personal Development, Public Speaking, Self Esteem & Confidence",Confidence,All Levels,1 hour,4.5,78,198,"Rp349,000",10/2021,0,0,24,https://www.udemy.com/course/communicate-with-confidence-at-work/
"Glamour Magic: Radiate Confidence, Beauty & Personal Power",6351295,Beti Paunoska,"Witchcraft, Esoteric Practices, Lifestyle",Confidence,All Levels,1.5 hours,4.7,48,133,"Rp149,000",9/2025,3,0,6,https://www.udemy.com/course/healing-with-black-tourmaline-protection-grounding/
Personal Growth Course - Overcoming Imposter Syndrome,5967442,David Taylor,"Self Esteem & Confidence, Personal Development",Confidence,All Levels,39 mins,4.5,6,323,"Rp149,000",2/2025,0,0,1,https://www.udemy.com/course/imposter-syndrome-tips/
FORMULA TO BUILD PERMANENT SELF CONFIDENCE & SELF ESTEEM,3537104,Fanie TEMI,"Confidence, Self Esteem & Confidence, Personal Development",Confidence,All Levels,1.5 hours,4.2,10,538,"Rp149,000",11/2020,0,0,3,https://www.udemy.com/course/formula-to-build-permanent-self-confidence-self-esteem/
Unlock Your Inner Power: The Art of Reframing Your Mindset,4410550,Kim-adele Randall,"Confidence, Anxiety Management, Self Esteem & Confidence, Personal Development",Confidence,All Levels,1 hour,5.0,3,20,"Rp149,000",4/2023,0,0,6,https://www.udemy.com/course/how-to-reframe-your-thinking-to-become-truly-confident/
Personal and Professional Development Essentials,6070253,Simon Sez IT,"Growth Mindset, Personal Development, Confidence, Self Esteem & Confidence",Confidence,All Levels,38 mins,4.6,13,35,"Rp149,000",7/2024,4,0,4,https://www.udemy.com/course/personal-and-professional-development-essentials/
Confidence Mastery: Tap Into Unstoppable Self-Belief,341688,Alan Kirwan,"Confidence, EFT (Emotional Freedom Techniques), Hypnosis, Meditation, Happiness",Confidence,All Levels,1.5 hours,4.6,10,1749,"Rp159,000",6/2025,0,0,26,https://www.udemy.com/course/super-self-confidence-on-tap-with-eft-and-hypnosis/
The Real You - Success & Confidence Building Journey,958978,School of Leadership,"Confidence, Personal Success, Personal Productivity, Personal Development",Confidence,All Levels,1.5 hours,4.4,394,4955,"Rp149,000",10/2016,1,0,4,https://www.udemy.com/course/the-real-you-success-confidence/
SELF CONFIDENCE : 21 days challenge to become confident,2467264,le reve francais,"Confidence, Relationship Building, Social Skills, Anxiety Management, Self Esteem & Confidence",Confidence,Beginner,1 hour,4.3,58,6714,"Rp209,000",8/2019,0,0,0,https://www.udemy.com/course/self-confidence-21-days-challenge-to-become-more-confident/
Learn Affirmations To Achieve Success In Your Life,484382,Pradeep Aggarwal,"Personal Success, Personal Transformation, Personal Development",Confidence,All Levels,40 mins,4.0,6,1682,"Rp149,000",4/2015,0,0,0,https://www.udemy.com/course/learn-affirmations-to-achieve-success-in-your-life/
Increase your Confidence & Self Esteem easily & quickly now!,1364526,Nigel Heald,"Confidence, Self-Esteem, Self Esteem & Confidence, Personal Development",Confidence,All Levels,2 hours,4.2,36,942,"Rp149,000",10/2017,0,0,0,https://www.udemy.com/course/increase-your-confidence-self-esteem-easily-quickly-now/
Confidence For Women,1573856,Dina Robison,"Confidence, Self-Esteem, Personal Transformation, Personal Development",Confidence,All Levels,1 hour,4.4,27,656,"Rp149,000",2/2018,1,0,0,https://www.udemy.com/course/confidence-for-women-a/
Barefoot Doctor's Deep Confidence Training,1415426,Barefoot Doctor,"Confidence, Personal Transformation, Personal Development",Confidence,All Levels,3 hours,4.9,4,38,"Rp1,049,000",2/2018,0,0,0,https://www.udemy.com/course/barefoot-doctors-deep-confidence-training/
Transform Your Self-Confidence,6579347,Fonte Academy Cursos Online,"Mindset, Other Lifestyle, Lifestyle",Confidence,All Levels,32 mins,4.3,33,2625,"Rp149,000",4/2025,0,0,0,https://www.udemy.com/course/transform-your-self-confidence-v/
This Is Confidence,4563974,Tamara Pflug,"Confidence, Self Esteem & Confidence, Personal Development",Confidence,All Levels,4.5 hours,5.0,2,23,"Rp149,000",5/2023,2,0,10,https://www.udemy.com/course/this-is-confidence/
A journey to self-confidence,6442313,Jagoda Vitez,"Personal Transformation, Personal Development",Confidence,Intermediate,37 mins,4.9,27,1615,"Rp149,000",4/2025,0,0,2,https://www.udemy.com/course/a-journey-to-self-confidence/
"Master Self Talk: Mindset, Affirmations, Visualize & Action",6220685,Navin B,"Personal Development, Personal Transformation",Confidence,All Levels,1.5 hours,4.3,34,5879,"Rp149,000",10/2024,0,0,1,https://www.udemy.com/course/master-self-talk-transformation-personal-development/
The Introverts Guide to Mastering Social Skills & Confidence,5192702,Justin Wragg,"Social Skills, Self-Esteem, Confidence, Self Esteem & Confidence, Personal Development",Confidence,Beginner,36 mins,4.4,7,33,"Rp149,000",7/2024,0,0,0,https://www.udemy.com/course/shy-to-sociable-full-social-skills-self-confidence-guide/
How to BUILD CONFIDENCE and SELF-ESTEEM: Unleash a New You!,5428628,Wayne Hagerty,"Confidence, Personal Transformation, Personal Development",Confidence,All Levels,1.5 hours,4.3,64,11812,"Rp149,000",3/2024,29,0,0,https://www.udemy.com/course/boost-your-self-confidence-unleash-your-inner-potential/
Yoo: Develop Confidence; Build Relationships; Make Changes!,2339992,Andy Edwards,"Confidence, Personal Development, Resilience, Personal Transformation",Confidence,All Levels,2 hours,4.7,105,2459,"Rp149,000",12/2019,1,0,10,https://www.udemy.com/course/yoo-course/
The Power of SELF-CONFIDENCE: Redefine Your Presence,6030036,"Salvatore Princi Academy, Salvatore Princi | Official Udemy Partner","Confidence, Self-Esteem, Self-Awareness, Communication Skills, Self Esteem & Confidence",Confidence,All Levels,1.5 hours,4.7,N/A,9,"Rp149,000",2/2026,0,0,0,https://www.udemy.com/course/the-power-of-self-confidence-redefine-your-presence/
Social Anxiety Stress Mental Health Meditation Course,5630998,Shining Mind,"Social Skills, Stress Management, Anxiety Management, Self-Awareness, Religion & Spirituality",Confidence,All Levels,1.5 hours,5.0,20,175,"Rp149,000",4/2024,0,0,0,https://www.udemy.com/course/social-anxiety-stress-mental-health-meditation-course/
Communicating with Confidence & Impact - For Women,5146956,Jenni Burton,"Communication Skills, Confidence, Communication, Business",Confidence,Beginner,1 hour,4.6,620,2022,"Rp1,799,000",4/2023,0,0,15,https://www.udemy.com/course/communicating-with-confidence-impact-for-women/
Confidence & Self-Esteem: Unlock Your Personality Potential,2064173,Manos Filippou,"Self-Esteem, Self Esteem & Confidence, Personal Development",Confidence,All Levels,4 hours,3.7,53,2426,"Rp149,000",1/2025,0,0,6,https://www.udemy.com/course/how-do-you-build-raise-low-self-esteem-to-gain-confidence-be-confident/
Fearless Transformation: Empower Your Personal Growth,6171553,Romi Ochwani,"Self-Acceptance, Self-Esteem, Self-Awareness, Self Esteem & Confidence, Personal Development",Confidence,All Levels,1.5 hours,4.5,9,2305,"Rp149,000",3/2025,0,0,0,https://www.udemy.com/course/from-beliefs-to-breakthroughs-transform-fears-into-strength/
Discover Your Success-With All That You Are,3060554,Dr. Elisaveta Pavlova,"Personality, Self Esteem & Confidence, Personal Development",Confidence,All Levels,3 hours,5.0,85,2463,"Rp149,000",10/2024,1,0,22,https://www.udemy.com/course/first-key-to-ultimate-confidence-body-and-self-esteem/
"Boost your Self Confidence & Self Esteem , Master course",5867268,Mastercourse Academy .ca,"Self-Acceptance, Self-Esteem, Confidence, Self Esteem & Confidence, Personal Development",Confidence,All Levels,2.5 hours,4.0,3,5,"Rp149,000",5/2024,0,0,3,https://www.udemy.com/course/identify-your-weaknesses-boost-your-self-esteem/
Enhance Self Confidence and Self Esteem,3038392,Harrish Sairaman,"Self-Esteem, Self Esteem & Confidence, Personal Development",Confidence,All Levels,38 mins,4.6,17,61,"Rp149,000",1/2024,0,0,11,https://www.udemy.com/course/building-self-confidence-and-self-esteem/
The Social Anxiety Hypnotic Solution,5198410,The Positive Life Academy,"Hypnosis, Confidence, Relaxation, Relationship Building, Anxiety Management",Confidence,Beginner,2 hours,4.8,3,18,"Rp149,000",4/2023,1,0,2,https://www.udemy.com/course/the-social-anxiety-hypnotic-solution/
CONFIDENCE: Be the most confident women in the room!,432672,Larissa Swart,"Confidence, Sports Coaching, Personal Transformation, Personal Development",Confidence,All Levels,1.5 hours,4.0,33,1214,"Rp149,000",10/2018,0,0,0,https://www.udemy.com/course/confidence-coaching-for-women/
How to Stop Being a People Pleaser in the Workplace,5510940,Life Progression Project,"Personal Development, Personal Transformation",Confidence,Beginner,2 hours,4.7,15,70,"Rp159,000",1/2026,0,0,2,https://www.udemy.com/course/how-to-stop-being-a-people-pleaser-in-the-workplace/
Mastering Self Confidence & Self Discipline,5916220,Bhaskar Challa,"Confidence, Self-Discipline, Self Esteem & Confidence, Personal Development",Confidence,Intermediate,2 hours,4.6,2,105,"Rp149,000",4/2024,0,0,4,https://www.udemy.com/course/mastering-self-confidence-self-discipline/
Handle Difficult Conversations with Confidence and Empathy,6862571,Muhammad Usman Anwar,"Difficult Conversations, Other Personal Development, Personal Development",Confidence,All Levels,1 hour,5.0,54,169,"Rp149,000",10/2025,0,0,0,https://www.udemy.com/course/handle-difficult-conversations-with-confidence-and-empathy/
Self-Esteem Masterclass: Learn to Love Yourself,1319458,Leon Chaudhari,"Self-Esteem, Self Esteem & Confidence, Personal Development",Confidence,All Levels,3.5 hours,4.5,30,1105,"Rp149,000",8/2017,0,0,0,https://www.udemy.com/course/self-esteem-masterclass-learn-to-love-yourself/
Body language : master non-verbal communication,5985282,Jamal Lazaar,"Body Language, Communication, Business",Confidence,All Levels,2 hours,4.5,261,1016,"Rp149,000",2/2026,5,0,1,https://www.udemy.com/course/body-language-master-non-verbal-communication/
Resilience : how to overcome obstacles and reduce stress,5222850,Jamal Lazaar,"Resilience, Stress Management, Emotional Intelligence, Personal Development",Confidence,All Levels,2.5 hours,4.5,449,1586,"Rp149,000",2/2026,3,0,0,https://www.udemy.com/course/resilience-overcome-obstacle-and-reduce-stress/
Self-Confidence with AI: Coaching Tools That Work,6672679,Elena Osokina,"Confidence, Self Esteem & Confidence, Personal Development",Confidence,Intermediate,42 mins,4.9,36,2398,"Rp149,000",12/2025,4,0,2,https://www.udemy.com/course/self-confidence-with-ai-coaching-tools-tools-that-work/
Confidence & Social Anxiety Masterclass - Become Good Enough,2356268,Andrei Antoniu,"Anxiety Management, Positive Thinking, Self-Esteem, Confidence, Self Esteem & Confidence",Confidence,All Levels,2.5 hours,3.9,28,2124,"Rp249,000",5/2019,0,0,0,https://www.udemy.com/course/confidence-social-anxiety-masterclass-become-good-enough/
How to Build Confidence and a Positive Mindset for Success!,5181990,Ayana Labossiere Burks,"Confidence, Self Esteem & Confidence, Personal Development",Confidence,All Levels,3 hours,4.7,16,1981,"Rp149,000",5/2023,1,0,6,https://www.udemy.com/course/how-to-build-confidence-and-a-positive-mindset-for-success/
The Confidence Blueprint,999592,"Mary Jaksch, Mark Tong, Laura Tong","Confidence, Self-Esteem, Self Esteem & Confidence, Personal Development",Confidence,All Levels,2 hours,3.9,71,524,"Rp149,000",3/2017,2,0,11,https://www.udemy.com/course/the-confidence-blueprint/
How To Be Bulletproof From Criticism,3281908,"Paul Jenkins' Course Partners, Bill Lee-Emery","Self-Esteem, Master Your Emotions, Relaxation, Self-Acceptance, Self Esteem & Confidence",Confidence,All Levels,2.5 hours,4.6,60,395,"Rp149,000",7/2020,2,0,4,https://www.udemy.com/course/how-to-be-bulletproof-from-criticism/
The Confidence Code: Self-Esteem and Empathy w/ Palmer Jones,1011700,"Palmer Jones, Eazl.ai Courseware","Empathy, Soft Skills, Self-Esteem, Confidence, Self Esteem & Confidence",Confidence,All Levels,41 mins,4.3,33,1125,"Rp149,000",11/2019,1,0,0,https://www.udemy.com/course/the-confidence-code-self-esteem-and-empathy-w-palmer-jones/
Confidence Booster,208026,Earners Classroom,"Confidence, Psychology, Self Esteem & Confidence, Personal Development",Confidence,All Levels,1.5 hours,4.2,6,622,"Rp149,000",5/2014,0,0,0,https://www.udemy.com/course/confidence-booster/
Body Language Intelligence for Business Communication,5323082,"Dr. Dorothy Marcic, Columbia University, Institute for Leadership Excellence LLC","Body Language, Empathy, Communication, Business",Confidence,All Levels,1 hour,4.5,71,258,"Rp149,000",9/2023,1,0,3,https://www.udemy.com/course/body-language-intelligence-for-business-communication/
Step into Your Confidence by Breaking the Imposter Cycle,6447307,Jagoda Vitez,"Personal Transformation, Personal Development",Confidence,Intermediate,2 hours,4.8,19,1905,"Rp149,000",4/2025,1,0,5,https://www.udemy.com/course/step-into-your-confidence-by-breaking-the-imposter-cycle/
Motivation: Conquer Self-Sabotage and Stop Excuses,5437808,"Olga Nova | Coach, MBA","Confidence, Personal Development, Personal Success, Personal Productivity",Confidence,All Levels,2 hours,4.6,38,143,"Rp149,000",5/2025,8,0,0,https://www.udemy.com/course/breakthrough-conquer-self-sabotage-and-stop-excuses/
Neuro-Linguistic Programming NLP Confidence Coaching,286690,"Patrick Howell, CiPP Master Coach and Trainer","Neuro-Linguistic Programming (NLP), Self-Esteem, Confidence, Personal Development, Self Esteem & Confidence",Confidence,Beginner,2 hours,4.6,527,8038,"Rp149,000",9/2024,4,0,9,https://www.udemy.com/course/double-your-confidence-4-scientifically-proven-nlp-technique/
Build your confidence and get rid of guilt,5561766,Dr Mariette,"Confidence, Self Esteem & Confidence, Personal Development",Confidence,All Levels,1.5 hours,5.0,1,10,"Rp149,000",2/2024,0,0,49,https://www.udemy.com/course/build-confidence-lose-guilt/
Learn How To Acquire Self Confidence,5270716,Dr. Yasser Youssef,"Confidence, Self-Esteem, Self Esteem & Confidence, Personal Development",Confidence,All Levels,1.5 hours,4.4,27,1463,"Rp149,000",4/2026,0,0,0,https://www.udemy.com/course/learn-how-to-acquire-self-confidence/
Confidence: Self-Esteem Body Language & Communication Skills,1331410,Gab Jean,"Confidence, Body Language, Self-Esteem, Communication Skills, Self Esteem & Confidence",Confidence,All Levels,5 hours,3.5,87,5213,"Rp149,000",9/2017,0,0,0,https://www.udemy.com/course/confidence-self-esteem-body-language-communication-skills/
Self Management and Personality Development,2647888,Dr. Husni Almistarihi,"Personal Development, Personal Transformation",Confidence,Beginner,3 hours,4.4,51,193,"Rp149,000",11/2019,1,0,6,https://www.udemy.com/course/self-management-and-personality-development/
"Creat Strong, Fast and Deep Self-Confidence and Self-Esteem",5973880,hadi hosseinzadeh,"Self-Esteem, Self Esteem & Confidence, Personal Development",Confidence,All Levels,2.5 hours,4.3,6,2557,"Rp149,000",6/2024,0,0,0,https://www.udemy.com/course/creat-strong-fast-and-deep-self-confidence-and-self-esteem/
Telephone Confidence: Be Super Confident on the Telephone!,1518060,Nader Nadernejad,"Cold Calling, Confidence, Self Esteem & Confidence, Personal Development",Confidence,All Levels,43 mins,4.4,5286,12004,"Rp149,000",3/2018,0,0,0,https://www.udemy.com/course/phoneconfidence/
Confidence & Self-Love Course,956066,Jessamine Gibb,"Confidence, Self-Acceptance, Self-Awareness, Self-Esteem, Personal Transformation",Confidence,All Levels,1.5 hours,4.4,36,177,"Rp149,000",1/2018,1,0,7,https://www.udemy.com/course/confidence-self-love-course-with-coaching-cert/
Confidence & Clarity: Be Powerful without being OverPowering,6304979,Marsha Sewdass,"Confidence, Growth Mindset, Resilience, Self Esteem & Confidence, Personal Development",Confidence,All Levels,5.5 hours,4.8,17,1912,"Rp149,000",12/2024,0,0,21,https://www.udemy.com/course/confidence-clarity-be-powerful-without-being-overpowering/
Overcome Imposter Syndrome,5414888,"Expert Academy, Lahcen Bouya","Personal Development, Self-Esteem, Leadership, Personal Transformation, Human Resources",Confidence,All Levels,1 hour,4.7,39,1080,"Rp149,000",4/2026,0,0,7,https://www.udemy.com/course/overcome-imposter-syndrome/
Building a Stronger You: Developing Self-Confidence for Bus,5395384,Dr. Chris Wolf,"Confidence, Career Development, Personal Development",Confidence,All Levels,3 hours,4.5,22,2830,"Rp149,000",6/2023,0,0,2,https://www.udemy.com/course/building-a-stronger-you-developing-self-confidence-for-bus/
Body Language & Non-Verbal Communication Mastery in Business,5384380,GenZed Learning,"Body Language, Nonverbal Communication, Communication Skills, Communication, Business",Confidence,All Levels,2 hours,4.6,985,6191,"Rp149,000",8/2023,0,0,0,https://www.udemy.com/course/body-language-non-verbal-communication-mastery-in-business/
"Learn Social Skills, Unlock Charisma & Build Rapport",6686539,"Mark Stubbles, Evie Rose","Social Skills, Personal Transformation, Personal Development",Confidence,All Levels,3.5 hours,4.1,8,2984,"Rp149,000",8/2025,0,0,3,https://www.udemy.com/course/transform-your-social-skills-unlock-your-natural-charisma/
How to Protect Your Confidence in Tricky Times,6077593,David Stitt,"Confidence, Other Business, Business",Confidence,All Levels,40 mins,4.5,11,1562,"Rp149,000",7/2024,0,0,1,https://www.udemy.com/course/how-to-protect-your-confidence-in-tricky-times/
Tools to overcome fear and take control,1172910,Rachel Smets,"Fear, Personal Transformation, Personal Development",Confidence,All Levels,1 hour,4.6,21,104,"Rp149,000",11/2021,12,0,9,https://www.udemy.com/course/tools-to-overcome-fear-and-take-control/
"Boosting Confidence in Work, Life, and Home",6140111,Meg Online Courses,"Confidence, Self-Esteem, Other Lifestyle, Lifestyle",Confidence,All Levels,33 mins,4.3,21,731,"Rp149,000",8/2024,0,0,1,https://www.udemy.com/course/boosting-confidence-in-work-life-and-home/
Master Assertive Communication: 50 Real-Life Scenarios,5670948,"Lucia Grosaru, M.A. Psy.","Assertiveness, Social Skills, Confidence, Communication Skills, Personal Transformation",Confidence,All Levels,1.5 hours,4.5,18,159,"Rp149,000",5/2025,0,0,0,https://www.udemy.com/course/master-assertive-communication-25-real-life-scenarios/
Assertiveness: 17 Steps to “Rock Star” Confidence,1336752,Jason Teteak,"Confidence, Public Speaking, Career Development, Personal Development",Confidence,All Levels,1.5 hours,4.5,117,621,"Rp149,000",11/2021,0,0,8,https://www.udemy.com/course/show-confidence-and-credibility/
Learn How To Make Friends As an Introvert,4937300,Martin Semerad,"Communication Skills, Conversation Skills, Self Esteem & Confidence, Personal Development",Confidence,All Levels,1.5 hours,4.4,6,1050,"Rp149,000",10/2022,0,0,0,https://www.udemy.com/course/how-to-make-friends-as-introvert/
Empowerment & Growth: Personal and Professional Development,6237277,Freya Jones,"Personal Development, Growth Mindset, Leadership, Communication Skills",Confidence,All Levels,39 mins,4.4,3,4,"Rp149,000",10/2024,0,0,15,https://www.udemy.com/course/empowerment-growth-personal-and-professional-development/
The Ultimate Kids Self Confidence Course (Ages 2-14),6752899,Dominic Blake,"Parenting, Self Esteem & Confidence, Personal Development",Confidence,All Levels,1.5 hours,5.0,25,215,"Rp149,000",9/2025,0,0,0,https://www.udemy.com/course/self-confidence-for-kids-science-story-music-therapy/
The Success Formula: Unleash a Growth Mindset For Success,3785182,Neeraj Singhvi,"Growth Mindset, Personal Transformation, Personal Development",Confidence,Expert,1 hour,4.7,11,43,"Rp149,000",2/2021,0,0,1,https://www.udemy.com/course/the-success-formula-unleash-a-growth-mindset-for-success/
Smart Tips: Leadership,3813770,Gia Storms,"Leadership, Management, Business",Confidence,All Levels,3 hours,4.5,2118,8317,"Rp1,799,000",3/2021,0,0,22,https://www.udemy.com/course/smart-tips-leadership/
How To Become A Winner - Strategies For Killer Confidence,401126,"Joe Parys, Joe Parys Support","Confidence, Influence, Personal Development",Confidence,All Levels,2 hours,4.4,88,13783,"Rp149,000",8/2015,7,0,0,https://www.udemy.com/course/how-to-become-a-winner-strategies-for-killer-confidence/
The Self Confidence Mastery Course,2634438,Ibrahim Mustapha,"Confidence, Self Esteem & Confidence, Personal Development",Confidence,All Levels,1 hour,4.2,28,5261,"Rp249,000",11/2019,0,0,2,https://www.udemy.com/course/the-self-confidence-mastery-course/
"Women’s Leadership | Confidence, Presence & Influence",2424384,Crystal Tummala,"Communication Skills, Confidence, Body Language, Self-Esteem, Leadership",Confidence,All Levels,1.5 hours,4.5,4,589,"Rp149,000",9/2025,0,0,2,https://www.udemy.com/course/should-i-end-my-love-relationship-how-to-make-the-decision/
Personal Goal Setting,4486208,Management Study Guide,"Goal Setting, Personal Transformation, Personal Development",Confidence,All Levels,41 mins,4.3,8,888,"Rp149,000",10/2024,1,0,1,https://www.udemy.com/course/personal-goal-setting/
Overcoming Shyness and Social Anxiety,1396806,Randy Hyde PhD,"Anxiety Management, Personal Transformation, Personal Development",Confidence,All Levels,2.5 hours,4.1,144,1323,"Rp149,000",10/2017,0,0,0,https://www.udemy.com/course/overcoming-shyness-and-social-anxiety/
"Assertiveness: Build Respect, Boundaries & Self-Confidence",6204447,Fahad Virk,"Assertiveness, Communication, Business",Confidence,All Levels,1.5 hours,4.6,6,505,"Rp149,000",9/2024,0,0,0,https://www.udemy.com/course/assertiveness-build-respect-boundaries-self-confidence/
"Intro - 6 Keys to Ultimate Confidence, Body, and Self-Esteem",2824949,Dr. Elisaveta Pavlova,"Self-Esteem, Self Esteem & Confidence, Personal Development",Confidence,All Levels,4.5 hours,4.3,19,85,"Rp149,000",10/2024,1,0,28,https://www.udemy.com/course/intro-6-keys-to-ultimate-confidence-body-and-self-esteem/
The Best Truth About Low Self Esteem,1029868,Shoukathali O P,"Self-Esteem, Self Esteem & Confidence, Personal Development",Confidence,All Levels,39 mins,4.1,7,3370,"Rp149,000",5/2023,2,0,1,https://www.udemy.com/course/causes-of-low-self-confidence/
Neuroscience of Self-Belief: Brain-Powered Confidence,5522026,Stephan Wilder,"Confidence, Other Lifestyle, Lifestyle",Confidence,All Levels,1 hour,4.6,33,906,"Rp149,000",9/2023,0,0,3,https://www.udemy.com/course/brainpoweredconfidence/
Unleashing Your Inner Confidence,6520513,Brent Dalley,"Self Esteem & Confidence, Personal Development",Confidence,All Levels,1 hour,N/A,N/A,N/A,"Rp149,000",3/2025,0,0,7,https://www.udemy.com/course/unleashing-your-inner-confidence/
Anxiety Management Stress Relief Meditation Healing Course,5469064,Shining Mind,"Mental Health, Energy Healing, Happiness, Love, Health & Fitness",Confidence,Beginner,2 hours,5.0,4,263,"Rp149,000",9/2023,0,0,0,https://www.udemy.com/course/anxiety-management-stress-relief-meditation-healing-course/
Assertiveness and Personal Growth Mastery,6113985,Stone River eLearning,"Personal Productivity, Personal Development",Confidence,All Levels,35 mins,N/A,N/A,1,"Rp149,000",10/2024,0,0,0,https://www.udemy.com/course/assertiveness-and-self-confidence-g/
Executive Presence: Foundations of Confident Leadership,6529345,"MTF Institute of Management, Technology and Finance","Leadership, Management Skills, Manager Training, Coaching, Management",Confidence,All Levels,3 hours,4.5,126,7052,"Rp149,000",2/2026,23,0,2,https://www.udemy.com/course/executive-presence-foundations-of-confident-leadership/
How to Become a Thought Leader in Your Industry,6583865,"MTF Institute of Management, Technology and Finance","Leadership, Soft Skills, Management Skills, Manager Training, Other Office Productivity",Confidence,All Levels,1 hour,4.8,80,8045,"Rp149,000",10/2025,26,0,3,https://www.udemy.com/course/leadership-how-to-become-a-thought-leader-in-your-industry/
Developing Children's Self-Esteem & Self-Confidence,4319346,Stephanie Fitzgerald,"Confidence, Happiness, Self-Esteem, Self Esteem & Confidence, Personal Development",Confidence,Beginner,1 hour,4.6,63,2184,"Rp149,000",1/2023,0,0,6,https://www.udemy.com/course/developing-childrens-self-confidence-and-self-esteem/
"Empowering Women in Leadership: Confidence, Communication",5307500,"Crystal Tummala, Learn Business Skills Online","Leadership, Communication Skills, Negotiation, Gender Equality, Management",Confidence,All Levels,2.5 hours,4.4,16,155,"Rp149,000",12/2024,0,0,5,https://www.udemy.com/course/leadership-for-women-certificate-program/
Confidence Building: Strategies,5483662,Md Nazmul Hossain,"Confidence, Self Esteem & Confidence, Personal Development",Confidence,All Levels,37 mins,3.9,16,1496,"Rp149,000",8/2023,0,0,0,https://www.udemy.com/course/confidence-building-strategies/
So You Are Shy - Let's Change That Now And Forever,4371356,Brent Dalley,"Confidence, Self Esteem & Confidence, Personal Development",Confidence,All Levels,1.5 hours,5.0,7,143,"Rp149,000",11/2021,0,0,5,https://www.udemy.com/course/so-you-are-shy-lets-change-that-now-and-forever/
Hypnotic Confidence On Command,5159686,Pradeep Aggarwal,"Confidence, Career Development, Personal Development",Confidence,All Levels,1.5 hours,5.0,1,1006,"Rp149,000",2/2023,0,0,0,https://www.udemy.com/course/hypnotic-confidence-on-command/
Personality Development for a Successful Career and Life,5374588,"Arun Singhal B-Tech, MBA (IIM-B),Unilever, J&J, Danone, IIMU, Cello","Management Skills, Career Development, Personal Development",Confidence,All Levels,5 hours,4.2,207,29998,"Rp149,000",1/2026,0,0,38,https://www.udemy.com/course/personality-development-for-a-successful-management-career/
Your Secret Charisma: More Confidence and More Sales,2557278,Tom Marcoux,"Sales Skills, Influence Skills, Sales, Business",Confidence,All Levels,2 hours,4.8,5,41,"Rp149,000",2/2026,1,0,0,https://www.udemy.com/course/your-secret-charisma-more-confidence-and-more-sales/
Social Anxiety Mini-Course,4225350,Ana Aiacoboaie,"Anxiety Management, Personal Transformation, Personal Development",Confidence,All Levels,1 hour,4.4,22,717,"Rp149,000",8/2021,0,0,0,https://www.udemy.com/course/social-anxiety-mini-course-teens/
Boost Your Mind-Thoughts and Beliefs Power,3116168,Dr. Elisaveta Pavlova,"Confidence, Self-Esteem, Self Esteem & Confidence, Personal Development",Confidence,All Levels,3 hours,4.1,12,74,"Rp149,000",10/2024,1,0,20,https://www.udemy.com/course/boost-your-mind-thoughts-and-beliefs-power/
CRUSH Social Anxiety & Become Effortlessly Confident!,2831348,Vyas Professional Development Institute (VPDI),"Anxiety Management, Psychology, Social Skills, Mental Health, Health & Fitness",Confidence,All Levels,3.5 hours,4.1,42,7299,"Rp149,000",5/2025,6,0,11,https://www.udemy.com/course/acceptance-and-commitment-therapy-for-social-anxiety/
Success and Hidden Power: Confidence & Handle Toxic People,2474276,Tom Marcoux,"Confidence, Personal Success, Business Communication, Time Management, Motivation",Confidence,All Levels,2.5 hours,4.5,18,75,"Rp149,000",1/2026,3,0,0,https://www.udemy.com/course/success-secrets-confidence-skills-to-handle-toxic-people/
Emotional Intelligence 2 - Confidence and Career Mastery,3013676,"Scott Paton, Robert Jerus, Scott Alex, Cherub Santelices","Career Development, Personal Development",Confidence,All Levels,1.5 hours,4.4,163,26047,"Rp149,000",4/2020,4,0,0,https://www.udemy.com/course/emotional-intelligence-confidence/
Guided Mindfulness Meditation | Confidence & Self-Esteem,3609850,"Kevin Kockot, M.A. Prevention & Health Promotion","Confidence, Meditation, Mindfulness, Self-Esteem, Self Esteem & Confidence",Confidence,All Levels,7 hours,4.3,36,8597,"Rp149,000",2/2021,3,0,1,https://www.udemy.com/course/guided-mindfulness-meditation-confidence-self-esteem/
Personality Development & Communication Skills Masterclass,5762130,A2IT InternEdge,"Personal Development, Personal Transformation",Confidence,All Levels,2 hours,4.3,18,81,"Rp149,000",3/2026,0,0,1,https://www.udemy.com/course/fundamentals-of-personality-development/
Assertive Communication Skills: Lead More Confidently Today,6700199,Expert Academy,"Assertiveness, Leadership, Business Communication, Communication Skills, Management",Confidence,Intermediate,39 mins,4.3,2,2,"Rp159,000",8/2025,1,0,0,https://www.udemy.com/course/lead-more-confidently-using-assertive-communication-skills/
Build Amazing Social Confidence And Talk To Anyone,2027678,Alexander Lao,"Confidence, Social Skills, Body Language, Self-Esteem, Self Esteem & Confidence",Confidence,All Levels,2 hours,4.0,38,2478,"Rp149,000",11/2018,0,0,14,https://www.udemy.com/course/build-amazing-social-confidence-and-talk-to-anyone/
Empower your Self Love with confidence,4780344,Adriana Cabello,"Confidence, Self Esteem & Confidence, Personal Development",Confidence,All Levels,37 mins,4.4,50,6939,"Rp149,000",3/2024,1,0,2,https://www.udemy.com/course/boost-your-self-confidence-achieve-your-dreams-challenge/
From Social Anxiety to Social Confidence,2484742,Dayo Samuel,"Anxiety Management, Confidence, Happiness, Personal Development",Confidence,All Levels,2.5 hours,4.1,18,803,"Rp149,000",9/2019,1,0,0,https://www.udemy.com/course/social-anxiety-to-social-confidence/
Dealing With Criticism - Respond With Confidence,2019326,Sandy Dee,"Social Psychology, Interpersonal Feedback, Personality, Self Esteem & Confidence, Personal Development",Confidence,Beginner,4 hours,4.5,14,118,"Rp149,000",12/2019,0,0,1,https://www.udemy.com/course/dealing-with-criticism-for-artists-online-creators/
The Confidence Code | Speak with Presence & Influence,2993806,Crystal Tummala,"Confidence, Public Speaking, Emotional Intelligence, Communication Skills, Self Esteem & Confidence",Confidence,All Levels,N/A,4.2,125,17492,"Rp159,000",9/2025,0,0,0,https://www.udemy.com/course/mindfulness-for-depression-anxiety-ptsd-stress-sampler/
Learn How To Own Power And Courage,4943902,Brent Dalley,"Confidence, Self Esteem & Confidence, Personal Development",Confidence,All Levels,3.5 hours,4.7,N/A,2,"Rp149,000",2/2025,0,0,17,https://www.udemy.com/course/learn-how-to-own-power-and-courage/
Managing a Global Team with Confidence,5004222,Jessica Chen,"Management Skills, Business Communication, Leadership, Soft Skills, Management",Confidence,Beginner,35 mins,4.6,1030,2562,"Rp149,000",12/2022,0,0,1,https://www.udemy.com/course/managing-a-global-team-with-confidence/
Self Love and Self Confidence: A Course in Contentment,1657550,Robert Murphy,"Confidence, Love, Mental Health, Health & Fitness",Confidence,Beginner,4 hours,4.2,14,3253,"Rp149,000",6/2018,0,0,9,https://www.udemy.com/course/self-love-and-self-confidence-a-crash-course-in-contentment/
Master Effective Communication Skills: Speak with Confidence,6187399,Fahad Virk,"Communication Skills, Communication, Business",Confidence,All Levels,2 hours,4.0,10,407,"Rp149,000",7/2025,0,0,0,https://www.udemy.com/course/master-effective-communication-skills-speak-with-confidence/
Public Speaking Masterclass: Public Speaking with Confidence,1617198,Nader Nadernejad,"Public Speaking, Presentation Skills, Storytelling, Confidence, Personal Transformation",Confidence,All Levels,1 hour,4.3,48,1264,"Rp149,000",3/2018,1,0,1,https://www.udemy.com/course/public-speaking-confidence-masterclass/
Fully Accredited Hypnotherapy Course for Ultimate Confidence,1574518,Dr Karen E Wells,"Confidence, Self Esteem & Confidence, Personal Development",Confidence,All Levels,38 mins,4.4,41,303,"Rp149,000",11/2024,3,0,1,https://www.udemy.com/course/ultimate-confidence-self-esteem-quick-easy-techniques/
"The Complete Body Language, Lie Detection & Confidence Class",3080346,Stefan Devito,"Body Language, Nonverbal Communication, Business Etiquette, Business Communication, Communication",Confidence,All Levels,5.5 hours,4.2,111,7268,"Rp149,000",2/2022,6,0,15,https://www.udemy.com/course/body-language-for-entrepreneurs-presenting-influence-presentation/
Build Body Confidence-Improve Your Body Image,3111260,Dr. Elisaveta Pavlova,"Confidence, Self-Esteem, Self Esteem & Confidence, Personal Development",Confidence,All Levels,4 hours,4.2,27,131,"Rp149,000",10/2024,1,0,23,https://www.udemy.com/course/build-body-confidence-improve-your-body-image/
"3C Course: Master Communication, Confidence & Courage",6918457,Trupti Warjurkar,"Confidence, Communication Skills, Career Development, Personal Development",Confidence,Beginner,1 hour,3.0,28,1040,"Rp149,000",11/2025,0,0,0,https://www.udemy.com/course/3c-course-master-communication-confidence-courage/
Leadership Skills: Develop A Fearless Approach To Leadership,6426053,Expert Academy,"Leadership, Management Skills, Change Management, Resilience, Management",Confidence,Intermediate,35 mins,5.0,3,15,"Rp149,000",3/2025,1,0,6,https://www.udemy.com/course/leadership-skills-develop-a-fearless-approach-to-leadership/
Tackling sensitive workplace conversations with confidence,1185024,"Skill Boosters, Barry Winbolt","Management Skills, Human Resources, Business",Confidence,All Levels,1 hour,4.4,321,2547,"Rp149,000",10/2017,0,0,4,https://www.udemy.com/course/sensitive-issues/
Define Your Perfect Partner & Build Confidence in Dating,6608043,Polina M,"Dating, Confidence, Other Personal Development, Personal Development",Confidence,All Levels,1 hour,4.9,10,10,"Rp429,000",5/2025,0,0,6,https://www.udemy.com/course/perfectpartner/
Imposter Syndrome Cure | Rewire Subconscious for Confidence,6784367,Crystal Tummala,"Confidence, Stress Management, Self-Esteem, Emotional Intelligence, Self Esteem & Confidence",Confidence,All Levels,1.5 hours,4.7,N/A,1,"Rp159,000",8/2025,0,0,0,https://www.udemy.com/course/imposter-syndrome-cure-rewire-subconscious-for-confidence/
The Complete Confidence for Sales Blueprint,4478180,Stefan Devito,"Confidence, Business Development, Account Management, B2B Sales, Sales",Confidence,All Levels,1.5 hours,4.6,8,62,"Rp149,000",2/2022,5,0,6,https://www.udemy.com/course/confidence-and-charisma-for-sales-sales-skills-how-to-handle-rejection/
Gaining SELF-CONFIDENCE Thanks to MINIMALISM in 21 Days,5777458,Niyazi Harmanbaşı,"Minimalist Lifestyle, Self-Esteem, Personal Transformation, Self Esteem & Confidence, Personal Development",Confidence,All Levels,1 hour,4.5,3,625,"Rp447,000.00",1/2024,2,0,1,https://www.udemy.com/course/gaining-self-confidence-thanks-to-minimalism-in-21-days/
Confidence Intervals,6238007,Robert (Bob) Steele,"Science, Teaching & Academics",Confidence,Intermediate,4.5 hours,4.7,4,3148,N/A,10/2024,1,0,1,https://www.udemy.com/course/confidence-intervals/
Date With Confidence,4725946,Tamara Pflug,"Dating, Confidence, Love, Relationship Building, Parenting & Relationships",Confidence,All Levels,6 hours,4.4,19,158,"Rp149,000",5/2023,3,0,5,https://www.udemy.com/course/date-with-confidence/
Public Speaking for Beginners: Speak with Confidence,6530995,"Media Training Worldwide Digital, Peter Alkema","Public Speaking, Communication, Business",Confidence,All Levels,1 hour,4.3,11,1783,"Rp149,000",3/2025,0,0,0,https://www.udemy.com/course/public-speaking-for-beginners-speak-with-confidence/
Get ahead: Introduction to Workplace Etiquette,4084146,Hains Academy,"Business Etiquette, Career Development, Personal Development",Confidence,All Levels,32 mins,4.7,239,1255,"Rp149,000",6/2021,0,0,17,https://www.udemy.com/course/introduction-to-workplace-etiquette/
Sales Mastery: How to Sell with Complete Confidence,2455818,"Expert Academy, Gavin Presman","Sales Skills, Sales, Business",Confidence,Intermediate,41 mins,4.3,23,2112,"Rp149,000",9/2019,0,0,0,https://www.udemy.com/course/sales-mastery-how-to-sell-with-complete-confidence/
Confidence & Self-Acceptance Mastery with REBT Tools,6780601,Crystal Tummala,"Confidence, Self-Esteem, Rational Emotive Behavior Therapy (REBT), Self-Acceptance, Self Esteem & Confidence",Confidence,All Levels,1.5 hours,4.7,N/A,2,"Rp149,000",8/2025,0,0,2,https://www.udemy.com/course/confidence-self-acceptance-mastery-with-rebt-tools/
EFT - Public Speaking Confidence & Powerful Presentations,420548,Alan Kirwan,"Hypnosis, Public Speaking, Confidence, Esoteric Practices, Lifestyle",Confidence,All Levels,1.5 hours,3.9,8,2029,"Rp447,000.00",6/2025,0,0,14,https://www.udemy.com/course/master-public-speaking/
Psychology Of Business 3: Close Sales Deals With Confidence,6138991,Expert Academy,"Sales Skills, Business Strategy, Sales Management, Psychology, Sales",Confidence,All Levels,44 mins,5.0,2,26,"Rp149,000",3/2025,1,0,6,https://www.udemy.com/course/psychology-of-business-3-close-sales-deals-with-confidence/
Remove Fear Of Height Now Using NLP Techniques,462608,Pradeep Aggarwal,"Neuro-Linguistic Programming (NLP), Fear, Personal Transformation, Personal Development",Confidence,All Levels,40 mins,4.4,17,1635,"Rp149,000",3/2015,0,0,0,https://www.udemy.com/course/remove-fear-of-height-now-using-nlp-techniques/
Dating with Confidence | Body Language & REBT Tools,6786033,Crystal Tummala,"Confidence, Body Language, Communication Skills, Dating, Self Esteem & Confidence",Confidence,All Levels,1 hour,4.7,N/A,N/A,"Rp159,000",8/2025,0,0,2,https://www.udemy.com/course/dating-with-confidence-body-language-rebt-tools/
Dating Confidence Mastery: Overcome Anxiety Build Connection,2430226,Crystal Tummala,"Dating, Self Esteem & Confidence, Personal Development",Confidence,All Levels,1 hour,3.7,7,2260,"Rp149,000",10/2025,0,0,2,https://www.udemy.com/course/dating-success-self-esteem-and-confidence-mastery/
Cold Calling for Beginners: How to Cold Call with Confidence,6294709,Tareq Hajj,"Cold Calling, Sales Skills, Business Communication, Communication Skills, Sales",Confidence,Beginner,1 hour,3.5,27,4393,"Rp149,000",11/2024,0,0,0,https://www.udemy.com/course/cold-calling-for-beginners-how-to-cold-call-with-confidence-tareq-hajj/
Improving Project Success & Avoiding Its Common Pitfalls,6292011,Workplace Artificial Intelligence Skills Academy,"Project Risk Management, Project Management, Business",Confidence,All Levels,36 mins,4.7,30,237,"Rp149,000",11/2024,0,0,8,https://www.udemy.com/course/improving-project-success-avoiding-its-common-pitfalls/
Social Confidence & Charisma: Become More Likable,6944497,AROV Organization,"Social Skills, Charisma, Conversation Skills, Communication, Business",Confidence,All Levels,1 hour,4.8,6,276,Free,12/2025,0,0,0,https://www.udemy.com/course/become-more-likable/
Social Confidence for Introverts,2397668,TJ Guttormsen,"Confidence, Self Esteem & Confidence, Personal Development",Confidence,Beginner,1.5 hours,4.5,2112,30605,Free,5/2021,1,0,1,https://www.udemy.com/course/introvert-confidence/
Build Your Confidence: 6 Steps to Developing Your Confidence,5479232,Veer Mahadevan,"Confidence, Self Esteem & Confidence, Personal Development",Confidence,Beginner,1 hour,4.7,36,1154,Free,6/2025,1,0,0,https://www.udemy.com/course/bulletproof-confidence-blueprint/
Knockout Confidence: Build Self-Worth & Heal Rejection,3959178,D Grant Smith,"Confidence, Self Esteem & Confidence, Personal Development",Confidence,Beginner,1 hour,5.0,1,110,Free,4/2025,0,0,1,https://www.udemy.com/course/knock-out-power-confidence-transform-your-self-concept/
Confidence Building: HACKS+EXCERCISES for Solid Confidence,3645096,Author Nayan Chaudhary (Channe),"Confidence, Personal Transformation, Personal Development",Confidence,All Levels,1 hour,4.6,161,5930,Free,3/2022,0,0,1,https://www.udemy.com/course/confidence-building-create-unshakable-confidence/
The Real You: Live with Purpose & Confidence,5244994,Oli Anderson,"Personal Transformation, Personal Development",Confidence,All Levels,2 hours,5.0,10,971,Free,3/2025,1,0,2,https://www.udemy.com/course/personality-transplant/
Build Confidence & Self Esteem : Overcome Fear of Failure,1913646,Vinod Kj,"Self-Acceptance, Personal Transformation, Personal Development",Confidence,All Levels,2 hours,4.2,313,11315,Free,4/2020,0,0,27,https://www.udemy.com/course/punch-fear-in-the-face-and-win-your-life/
Double Your Confidence:HACKS+EXCERCISES for Solid Confidence,4613812,Author Nayan Chaudhary (Channe),"Confidence, Personal Transformation, Personal Development",Confidence,All Levels,1 hour,4.6,100,2879,Free,5/2023,0,0,0,https://www.udemy.com/course/double-your-confidence/
CONFIDENCE Masterclass Part 1 - with Dr. Roy & Jimmy Naraine,2654610,"Dr. Roy Naraine, Adam Naraine","Confidence, Communication Skills, Self-Esteem, Personal Transformation, Personal Development",Confidence,All Levels,1.5 hours,4.4,1139,18822,Free,11/2022,1,0,0,https://www.udemy.com/course/confidence-masterclass-part-1/
"The Art of Living: Mastering Confidence, Time & Happiness",5250138,Girl Power Talk,"Personal Productivity, Happiness, Confidence, Time Management, Parenting & Relationships",Confidence,Beginner,38 mins,4.5,2,361,Free,8/2023,3,0,0,https://www.udemy.com/course/the-art-of-living-mastering-confidence-time-happiness/
Confidence Masterclass Part 2 - with Dr. Roy Naraine,2656010,"Dr. Roy Naraine, Adam Naraine","Confidence, Communication Skills, Self-Esteem, Personal Transformation, Personal Development",Confidence,All Levels,40 mins,4.6,210,8963,Free,4/2020,1,0,0,https://www.udemy.com/course/confidence-masterclass-part-2/
"How To Gain More Confidence, Self Esteem and Passion in Life",483924,Adam Mortimer,"Confidence, Find Your Passion, Personal Transformation, Personal Development",Confidence,Beginner,2 hours,4.5,609,17489,Free,4/2020,1,0,9,https://www.udemy.com/course/awaken-the-untapped-potential-of-the-mind/
Beat Anxiety: Proven Strategies for Self-Power',738710,"Frank Nilsen, Joe Syversen","Anxiety Management, Confidence, Self Esteem & Confidence, Personal Development",Confidence,All Levels,4 hours,4.5,439,13994,Free,2/2024,0,0,4,https://www.udemy.com/course/brain-rewire-how-to-hack-social-anxiety/
SELF-CONFIDENCE & SELF ESTEEM - FEW MINUTES PRACTICAL GUIDE,1533894,"Baba Kamal - Author, Mentor, Speaker","Confidence, Other Health & Fitness, Health & Fitness",Confidence,Beginner,1.5 hours,4.5,446,14227,Free,2/2018,0,0,0,https://www.udemy.com/course/self-confidence-self-esteem-few-minutes-practical-guide/
How To Build Confidence,4129234,Stefanie and Chelsea Bowman,"Confidence, Self Esteem & Confidence, Personal Development",Confidence,All Levels,1 hour,4.2,84,7886,Free,6/2025,0,0,0,https://www.udemy.com/course/how-to-build-confidence/
From Chaos to Control - What to do when life gets hard,4614114,"Daniel Knecht, MBA","Confidence, Self Esteem & Confidence, Personal Development",Confidence,All Levels,1.5 hours,4.2,18,3725,Free,8/2022,0,0,0,https://www.udemy.com/course/how-to-conquer-fear-stress-and-worry-when-it-feels-hard/
"Personal Transformation Program:10 Courses In 1, 10X Results",6052155,Author Nayan Chaudhary (Channe),"Communication Skills, Public Speaking, Time Management, Presentation Skills, Personal Transformation",Confidence,All Levels,2 hours,4.4,25,689,Free,7/2024,0,0,0,https://www.udemy.com/course/personal-transformation-program10-courses-in-1-10x-results/
The Truth about Natural Confidence & Self-Esteem,1221622,Juan Campoo,"Confidence, Self-Esteem, Psychology, Neuro-Linguistic Programming (NLP), Self Esteem & Confidence",Confidence,All Levels,43 mins,4.2,268,8952,Free,4/2019,0,0,1,https://www.udemy.com/course/truth-and-foundations-of-confidence-and-self-esteem/
The Execution System for Introverted Men,6286315,Derrick Primm,"Personal Development, Personal Transformation",Confidence,All Levels,2 hours,4.5,4,656,Free,7/2025,0,0,0,https://www.udemy.com/course/become-a-20-introverted-version-of-yourself/
Social Confidence Ninja,4972274,Maisha Learning,"Confidence, Self Esteem & Confidence, Personal Development",Confidence,Beginner,1 hour,4.1,9,1231,Free,12/2022,0,0,1,https://www.udemy.com/course/social-confidence-ninja/
How to Increase the Confidence,6214787,Manvaasam Institute,"Personal Productivity, Personal Development",Confidence,Beginner,33 mins,4.1,8,530,Free,10/2024,0,0,0,https://www.udemy.com/course/how-to-increase-the-confidence/
Living with Confidence in a Chaotic World | Level 1,5047446,Dr. David Jeremiah,"Religious Studies, Religion & Spirituality, Personal Development",Confidence,All Levels,1.5 hours,5.0,4,710,Free,12/2022,0,0,0,https://www.udemy.com/course/living-with-confidence-in-a-chaotic-world-level-1/
BRAIN REWIRE: Installing 100% confidence and self-esteem,535970,"Frank Nilsen, Joe Syversen","Self-Esteem, Self Esteem & Confidence, Personal Development",Confidence,All Levels,2 hours,4.2,135,7435,Free,1/2016,0,0,1,https://www.udemy.com/course/how-to-selfh-hack-your-self-confidence-and-self-esteem/
Building Confidence In Self,2608820,Dr. Dheeraj Mehrotra,"Kaizen, Confidence, Personal Transformation, Personal Development",Confidence,Intermediate,41 mins,3.1,14,2802,Free,11/2023,0,0,0,https://www.udemy.com/course/building-self-confidence-z/
Charisma and Social Skills: Build Confidence and Character,5402468,Shaurya Dave,"Other Lifestyle, Lifestyle",Confidence,Beginner,31 mins,4.3,8,596,Free,10/2024,0,0,0,https://www.udemy.com/course/charisma_course/
Leadership Mindset - Confidence,5589076,Marlon Herft,"Confidence, Business Communication, Communication Skills, Leadership, Communication",Confidence,All Levels,31 mins,4.4,93,949,Free,1/2024,0,0,5,https://www.udemy.com/course/leadership-mindset-confidence/
Networking : Build Connections That Boost Your Career,6994075,Analytics Academy,"Business Communication, Communication Skills, Career Development, Personal Development",Confidence,All Levels,1 hour,4.7,22,299,Free,3/2026,1,0,0,https://www.udemy.com/course/networking-101-build-connections-that-boost-your-career/
Beat Bullying - Boost Your Confidence and Esteem In 2025,231730,Alan Kirwan,"Bullying Prevention, Hypnosis, Confidence, Self Esteem & Confidence, Personal Development",Confidence,Expert,1.5 hours,4.2,17,3959,Free,1/2025,0,0,14,https://www.udemy.com/course/let-go-feelings-of-being-bullied-program/
How to Maximize Your Confidence,3070868,Dr. Conor Hogan Ph.D.,"Confidence, Self Esteem & Confidence, Personal Development",Confidence,Beginner,1 hour,4.1,9,807,Free,11/2023,17,0,0,https://www.udemy.com/course/personal-confidence-mastery/
Self-Confidence Transformation: Empower Your Life,3275036,Pau Rodrigo Millan,"Confidence, Personal Transformation, Personal Development",Confidence,All Levels,1 hour,4.1,38,1954,Free,6/2020,0,0,2,https://www.udemy.com/course/self-confidence-transformation-how-to-be-more-confident/
"Ultimate Motivation Mastery: Achieve Success, Self-Coach",6311883,Okyanusi University,"Motivation, Meditation, Neuro-Linguistic Programming (NLP), Personal Development",Confidence,All Levels,34 mins,4.0,6,819,Free,2/2026,0,0,0,https://www.udemy.com/course/ultimate-motivation-mastery-achieve-success-self-coach-y/
Communicate with Confidence: Unmute,5584720,Kiran deep Sandhu,"Communication Skills, Personal Transformation, Personal Development",Confidence,Beginner,1 hour,4.1,65,1050,Free,9/2023,0,0,2,https://www.udemy.com/course/communicate-with-confidence-unmute/
Build Self Confidence: Understanding Nonverbal Communication,5516866,Jordan Dunning,"Nonverbal Communication, Body Language, Influence Skills, Communication Skills, Influence",Confidence,All Levels,37 mins,3.9,11,969,Free,8/2023,0,0,0,https://www.udemy.com/course/build-self-confidence-understanding-nonverbal-communication/
Improve your self-confidence with 5 techniques and hypnosis,1738050,Uwe Klenner,"Self-Acceptance, Self Esteem & Confidence, Personal Development",Confidence,Beginner,1 hour,3.4,83,6393,Free,2/2020,0,0,1,https://www.udemy.com/course/improve-your-self-confidence-with-5-techniques-and-hypnosis/
Creative Confidence- Unleashing the Creative Potential,3573685,Dr. Dheeraj Mehrotra,"Confidence, Creativity, Innovation, Motivation, Personal Development",Confidence,All Levels,41 mins,4.1,23,1289,Free,10/2020,0,0,0,https://www.udemy.com/course/creative-confidence-unleashing-the-creative-potential/
The Complete Personal Development Course - 22 Courses in 1,2888904,"Sandor Kiss, Prof. Paul Cline, Ed.D","Personal Development, Personal Productivity, Psychology, Personal Transformation",Confidence,All Levels,54 hours,4.7,6056,121090,"Rp249,000",12/2024,1,0,14,https://www.udemy.com/course/the-complete-personal-development-course/
Take Lessons from an Actor --Speech & Confidence Training,424486,"Gene Williams, Edmund Desiato","Confidence, Speech Therapy, Career Development, Personal Development",Confidence,Beginner,1.5 hours,4.5,1192,7053,"Rp149,000",7/2019,0,0,32,https://www.udemy.com/course/take-lessons-from-an-actor-speak-with-confidence-class/
Charisma: You Can Develop Charisma,351090,"TJ Walker, Media Training Worldwide Digital","Charisma, Leadership, Personal Development",Confidence,All Levels,22.5 hours,4.6,1730,33743,"Rp149,000",1/2026,10,0,106,https://www.udemy.com/course/how-to-develop-charisma/
16 Courses in 1 Personal Transformation Personal Development,5343228,"Joeel & Natalie of Transformation Services, Transformation Services","Personal Transformation, Personal Development",Confidence,All Levels,65 hours,4.7,365,4048,"Rp149,000",3/2026,21,0,379,https://www.udemy.com/course/personal-transformation-personal-development-16-in-1/
Assertiveness 101: Become More Assertive in Just 90 Minutes,4213350,"Jimmy Naraine • Official Udemy Partner, Jimmy Naraine Support","Assertiveness, Communication, Business",Confidence,All Levels,3 hours,4.7,2235,7279,"Rp149,000",12/2023,0,0,21,https://www.udemy.com/course/assertiveness-101-become-more-assertive-in-90-minutes/
Leadership Mastery | Self-Discipline & Influence Skills,5580430,LearnersCare LLC,"Leadership, Self-Discipline, Personal Success, Influence Skills, Personal Development",Confidence,All Levels,21 hours,4.7,319,1850,"Rp149,000",9/2025,89,0,420,https://www.udemy.com/course/leadership-mastery-self-discipline-influence-skills/
Complete Personal Development Personal Transformation Course,2378232,"TJ Walker, Media Training Worldwide Digital","Personal Transformation, Life Purpose, Personal Development",Confidence,All Levels,34 hours,4.5,2594,76966,"Rp229,000",1/2026,9,0,114,https://www.udemy.com/course/complete-personal-development-personal-transformation-course/
Personal Development: 19 Unique Courses. Real Experts!,5348774,"Expert Academy, Lahcen Bouya","Personal Development, Personal Transformation",Confidence,All Levels,19 hours,4.7,307,6393,"Rp149,000",4/2026,1,0,83,https://www.udemy.com/course/personal-development-and-transformation/
Gain 8 Essential Skills For Complete Personal Transformation,5041594,"Jimmy Naraine • Official Udemy Partner, Jimmy Naraine Support","Personal Transformation, Personal Success, Confidence, Career Development, Personal Development",Confidence,All Levels,6 hours,4.6,534,2121,"Rp149,000",1/2026,0,0,1,https://www.udemy.com/course/gain-8-essential-skills-for-complete-personal-transformation/
Re-Invent Yourself by Boosting Your Self-Esteem,4803594,Joanna Bieszczad,"Self-Esteem, Confidence, Self Esteem & Confidence, Personal Development",Confidence,All Levels,4.5 hours,4.8,24,4112,"Rp749,000",3/2023,0,0,10,https://www.udemy.com/course/improve-self-esteem/
Natural & Deep-Rooted Self-Esteem: A Transformational Course,1231644,Juan Campoo,"Self-Esteem, Personal Development, Confidence, Emotional Intelligence, Self Esteem & Confidence",Confidence,All Levels,3 hours,4.5,44,2262,"Rp149,000",2/2022,12,0,1,https://www.udemy.com/course/the-self-esteem-transformation/
17 in 1: Complete Personal Transformation Masterclass,5424218,Brandon Hakim,"Personal Transformation, Communication Skills, Personal Productivity, Psychology, Personal Development",Confidence,All Levels,61 hours,4.6,201,9060,"Rp159,000",3/2026,6,0,342,https://www.udemy.com/course/17-in-1-complete-personal-transformation-masterclass/
A Complete Guide to Communication Skills and Social Success,627016,"Kain Ramsay, The School for Self-Improvement and Personal Growth, Academy of Applied Psychology","Communication Skills, Relationship Building, Social Skills, Influence, Personal Development",Confidence,All Levels,16 hours,4.5,1340,9611,"Rp199,000",8/2025,3,0,53,https://www.udemy.com/course/communication-skills-become-a-superstar-communicator/
"Complete Personal Transformation Course, 100X Results",3972796,Author Nayan Chaudhary (Channe),"Personal Transformation, Personal Development",Confidence,All Levels,3 hours,4.7,10,66,"Rp149,000",7/2024,0,0,0,https://www.udemy.com/course/complete-personal-transformation-course-100x-results/
Public Speaking Memory Technique- Memorize Your Talks Easily,6745853,Sancy S,"Public Speaking, Personal Development, Memory, Communication Skills, Communication",Confidence,All Levels,3.5 hours,4.8,22,152,"Rp149,000",9/2025,12,0,0,https://www.udemy.com/course/public-speaking-memory-technique/
7 Steps To Overcome Fear And Win At Life,5481062,Fiona Lam,"Personal Development, Personal Transformation",Confidence,All Levels,1.5 hours,4.9,51,2142,"Rp449,000",8/2023,0,0,8,https://www.udemy.com/course/7-steps-to-overcome-fear-and-win-at-life/
NLP Practitioner Course (Neuro-Linguistic Programming) ®,7059013,School of Professional Psychology,"Neuro-Linguistic Programming (NLP), Personal Transformation, Personal Development",Confidence,All Levels,2 hours,4.9,63,159,"Rp149,000",4/2026,0,0,0,https://www.udemy.com/course/nlp-in-90-minutes-master-mindset-influence-focus-q/
Negotiation Skills Masterclass: Negotiate Like A Pro,6936141,Mind Stack,"Negotiation, Communication, Business",Confidence,All Levels,3.5 hours,4.9,55,2458,"Rp149,000",12/2025,0,0,0,https://www.udemy.com/course/negotiation-skills-mastery/
From Doubt to Dreams: Mastering Your Success Mindset,5595110,Fahad Khan,"Personal Transformation, Personal Development",Confidence,All Levels,1.5 hours,4.9,9,970,"Rp149,000",10/2023,0,0,0,https://www.udemy.com/course/from-doubt-to-dreams-mastering-your-success-mindset/
Public Speaking & Presentation Skills with AI Coaching,6582165,Todd McLeod,"Public Speaking, Communication, Business",Confidence,All Levels,7 hours,4.5,17,145,"Rp149,000",7/2025,30,0,2,https://www.udemy.com/course/learn-public-speaking/
Gain Practical Leadership Skills: Complete Leadership Course,4930846,"Jimmy Naraine • Official Udemy Partner, Jimmy Naraine Support","Leadership, Management Skills, Management, Business",Confidence,All Levels,4.5 hours,4.6,1758,4934,"Rp149,000",1/2026,0,0,45,https://www.udemy.com/course/complete-leadership-course-with-practical-leadership-skills/
Overcome Social Anxiety using Cognitive Behavioural Therapy,4590370,Aaron Lerch MSc.,"Cognitive Behavioral Therapy (CBT), Self Esteem & Confidence, Personal Development",Confidence,All Levels,3.5 hours,4.7,185,2857,"Rp149,000",4/2025,1,0,21,https://www.udemy.com/course/overcome-social-anxiety/
Confidence on Zoom: Tips and Tools to Look Like a Pro,3582293,Alexa Fischer,"Video Conferencing, Communication Skills, Confidence, Other Photography & Video, Photography & Video",Confidence,Beginner,3 hours,4.7,739,3106,"Rp149,000",10/2020,0,0,6,https://www.udemy.com/course/confidence-on-zoom-tips-and-tools-to-look-like-a-pro/
The Ultimate Guide to REAL Personal Development & Growth,6258033,"Sarah Michaels, Zein Michaels","Personal Development, Self-Awareness, Personal Transformation",Confidence,All Levels,4.5 hours,4.9,5,38,"Rp149,000",12/2024,6,0,0,https://www.udemy.com/course/the-ultimate-guide-to-real-personal-development-growth/
Communication Skills Masterclass: Become a Better Speaker,6932165,Mind Stack,"Communication Skills, Communication, Business",Confidence,All Levels,6.5 hours,4.8,38,1135,"Rp149,000",2/2026,0,0,0,https://www.udemy.com/course/communications-masterclass/
Ultimate Productivity & Personal Development Course- 35 in 1,6504897,Australian Institute of Training and Career Development Pty Ltd,"Personal Development, Personal Productivity, Personal Transformation",Confidence,All Levels,30 hours,4.7,92,255,"Rp149,000",4/2025,0,0,0,https://www.udemy.com/course/ultimate-productivity-personal-development-course-36-in-1/
Say YES! to Self-Belief!,5900758,Natalie O'Rourke,"Self-Esteem, Self Esteem & Confidence, Personal Development",Confidence,Beginner,1 hour,5.0,8,66,"Rp149,000",4/2026,0,0,8,https://www.udemy.com/course/how-to-free-yourself-from-self-doubt/
21-Day Self Love Course,4562174,Aarushi Tewari,"Positive Thinking, Mindfulness, Gratitude, Happiness, Personal Development",Confidence,All Levels,2.5 hours,4.6,27,278,"Rp149,000",2/2022,21,0,13,https://www.udemy.com/course/21-day-self-love-course/
Business Etiquette 101: Social Skills for Success,802818,Kara Ronin,"Business Etiquette, Social Skills, Personal Branding, Personal Networking, Career Development",Confidence,All Levels,4.5 hours,4.7,17655,45116,"Rp149,000",4/2026,2,0,18,https://www.udemy.com/course/business-etiquette-101-social-skills-for-success/
English for Job Interviews: Speak with Confidence,1378858,Terry Mc Gonigle,"Job Search, Interviewing Skills, English Language, Language Learning, Teaching & Academics",Confidence,Intermediate,18 hours,4.7,7148,32113,"Rp159,000",12/2025,8,0,72,https://www.udemy.com/course/job-interview-english/
Develop self empowerment,5006706,Maisha Learning,"Self-Esteem, Personal Transformation, Personal Development",Confidence,All Levels,2.5 hours,4.8,14,2014,"Rp149,000",4/2024,0,0,1,https://www.udemy.com/course/develop-self-empowerment/
Public Speaking & Presentation Skills: Speak with Confidence,7000589,"Bhanu Sri, Kavitha Kavitha","Presentation Skills, Public Speaking, Personal Development, Communication Skills, Communication",Confidence,Beginner,2 hours,4.5,46,112,"Rp149,000",2/2026,0,0,0,https://www.udemy.com/course/public-speaking-presentation-skills-speak-with-confidence/
Presentation Skills : The Complete Guide,4518120,Jamal Lazaar,"Presentation Skills, Communication Skills, Public Speaking, Communication, Business",Confidence,All Levels,1.5 hours,4.6,4168,16890,"Rp149,000",2/2026,13,0,2,https://www.udemy.com/course/presentation-skills-the-complete-guide/
SELF MASTERY - personal development transformation program,5021038,Veronica Kyriacou Marysia Szeklicka,"Personal Success, Self-Awareness, Confidence, Personal Transformation, Personal Development",Confidence,All Levels,4 hours,4.6,13,67,"Rp149,000",3/2023,1,0,8,https://www.udemy.com/course/self-mastery-personal-development-transformation-program/
Rewrite Your Life Story Script and Transform Your Life,1157732,"Joeel & Natalie of Transformation Services, Libby Seery, Transformation Services","Personal Development, Personal Transformation",Confidence,All Levels,6 hours,4.4,123,1168,"Rp149,000",3/2026,3,0,34,https://www.udemy.com/course/rewrite-your-life-story-script-and-transform-your-life/
Personal Development for Career Success: From A to Z,5981264,Diego Guevara,"Personal Development, Career Development",Confidence,All Levels,5 hours,4.8,4,1300,"Rp249,000",4/2025,0,0,18,https://www.udemy.com/course/personal-development-for-career-success-from-a-to-z/
Confidence Mastery: Unleash Your Potential,5943846,Nadia Themis,"Personal Success, Confidence, On-Camera Confidence, Self Esteem & Confidence, Personal Development",Confidence,All Levels,1.5 hours,5.0,1,3,"Rp149,000",6/2024,0,0,6,https://www.udemy.com/course/mastering-confidence-how-to-be-your-authentic-self/
Meaningful conversations: communicate what really matters,6378679,"CRFT Productions, Sarah ROZENTHULER","Communication Skills, Business Communication, Nonverbal Communication, Listening Skills, Communication",Confidence,All Levels,1.5 hours,4.7,21,188,"Rp149,000",1/2025,0,0,0,https://www.udemy.com/course/meaningful-conversations/
Empowered! - From Approval-Seeking to Self-Worth,6291065,Marie-Josee Borduas,"Personal Transformation, Personal Development",Confidence,Intermediate,2.5 hours,4.5,9,59,"Rp149,000",12/2024,19,0,7,https://www.udemy.com/course/empowered/
Fear of Public Speaking: Never Fear Public Speaking Again,281634,"TJ Walker, Media Training Worldwide Digital","Public Speaking, Communication, Business",Confidence,All Levels,1 hour,4.3,856,78425,"Rp149,000",1/2026,7,0,3,https://www.udemy.com/course/eliminate-your-fear-of-public-speaking/
Master Business Communication & Leadership Skills,2745692,Jason Hurley,"Communication Skills, Business Etiquette, Career Development, Business Communication, Communication",Confidence,All Levels,3.5 hours,4.8,638,12083,"Rp149,000",8/2025,0,0,13,https://www.udemy.com/course/business-communication-skills-eq-intelligent-interactions/
How To Set Boundaries: The Assertive Way,5906952,"Lucia Grosaru, M.A. Psy.","Assertiveness, Confidence, Communication Skills, Personal Transformation, Personal Development",Confidence,All Levels,1.5 hours,4.5,46,918,"Rp149,000",7/2025,0,0,0,https://www.udemy.com/course/how-to-set-boundaries-the-assertive-way/
Develop Daily Self-Discipline,1054452,Martin Meadows,"Self-Discipline, Personal Transformation, Personal Development",Confidence,All Levels,2 hours,4.4,2590,10508,"Rp149,000",1/2017,1,0,0,https://www.udemy.com/course/develop-daily-self-discipline/
Road To Your Success: Rewiring Your Mindset for Success,4978320,Justin Gerard & Cynthia Pinga,"Personal Success, Personal Transformation, Personal Development",Confidence,All Levels,2.5 hours,4.9,125,3273,"Rp149,000",11/2024,11,0,14,https://www.udemy.com/course/road-to-your-success/
Mastering Public Speaking (with AI Roleplays),6850423,LoopLearnX By Sudha,"Public Speaking, Communication Skills, Storytelling, Personal Transformation, Personal Development",Confidence,All Levels,1 hour,4.7,33,1778,"Rp149,000",11/2025,0,0,0,https://www.udemy.com/course/mastering-public-speaking-confidence/
"Leadership Masterclass: Build Confidence, Influence & Lead",6936147,Mind Stack,"Leadership, Management, Business",Confidence,All Levels,9.5 hours,4.9,23,2815,"Rp149,000",1/2026,0,0,0,https://www.udemy.com/course/leadership-course-mastery/
"Self Image, The Key To Personal Development & Transformation",6179977,Peter Paul Parker,"Personal Transformation, Personal Development, Personal Success",Confidence,Beginner,1.5 hours,4.6,4,20,"Rp149,000",11/2024,3,0,19,https://www.udemy.com/course/self-image-the-key-to-personal-development-transformation/
How to Think Positively: Positive Thinking Made Simple,1983664,Faith Hill,"Positive Thinking, Neuro-Linguistic Programming (NLP), Happiness, Mindset, Personal Development",Confidence,All Levels,1 hour,4.5,272,4496,"Rp149,000",10/2025,0,0,7,https://www.udemy.com/course/positivity-made-easy-how-to-think-live-positively/
The Complete Talking Head Video Production Masterclass,1995798,"TJ Walker, Media Training Worldwide Digital","Video Production, Video Design, Photography & Video",Confidence,All Levels,17.5 hours,4.7,315,45261,"Rp149,000",1/2026,6,0,7,https://www.udemy.com/course/the-complete-talking-head-video-production-masterclass/
"Embodied Confidence - Truly Feel It, Truly Live It!",5599746,"Jessika Jake, MS, PMP, CSM, PMI-ATP, ITIL-SL","Confidence, Personal Transformation, Personal Development",Confidence,Beginner,1.5 hours,5.0,1,29,"Rp149,000",10/2023,19,0,1,https://www.udemy.com/course/embodied-confidence/
Public Speaking: Speak Like a High-Powered Executive,363240,"TJ Walker, Media Training Worldwide Digital","Public Speaking, Communication, Business",Confidence,All Levels,1.5 hours,4.6,169,28411,"Rp149,000",7/2024,7,0,3,https://www.udemy.com/course/effective-executive-speaking-skills/
Dealing With Difficult People at Work and in Life.,816354,"Barry Winbolt, Skill Boosters","Communication Skills, Personal Transformation, Personal Development",Confidence,All Levels,1 hour,4.6,22227,55281,"Rp149,000",3/2026,0,0,7,https://www.udemy.com/course/tackling-difficult-people-with-barry-winbolt-msc/
Master Public Speaking: Build Confidence & Skills Fast!!,6227465,Nia Burnett,"Public Speaking, Self Esteem & Confidence, Personal Development",Confidence,Beginner,1 hour,4.7,2,3,"Rp149,000",10/2024,0,0,1,https://www.udemy.com/course/master-public-speaking-build-confidence-skills-fast/
Be Charismatic: Develop Amazing Charisma & Social Skills,4170028,Alain W.,"Charisma, Self Esteem & Confidence, Personal Development",Confidence,All Levels,1 hour,4.3,114,12200,"Rp149,000",2/2023,1,0,0,https://www.udemy.com/course/how-to-boost-your-charisma/
Managing Stress and Building Resilience Masterclass,5146328,"Roger Kay Allen, Ph.D.","Resilience, Stress Management, Personal Development",Confidence,All Levels,6 hours,4.6,1057,5483,"Rp149,000",2/2026,5,0,59,https://www.udemy.com/course/managing-stress-and-building-resilience-masterclass/
Growth mindset : The complete guide,4454620,Jamal Lazaar,"Growth Mindset, Confidence, Personal Success, Personal Transformation, Personal Development",Confidence,All Levels,1.5 hours,4.5,6593,18096,"Rp149,000",2/2026,8,0,0,https://www.udemy.com/course/growth-mindset-the-complete-guide/
Communication & Social Behavior Master Class | ACCREDITED,3569827,"Sufani Garza, Place of Bliss Academy","Communication Skills, Conversation Skills, Social Skills, Personal Transformation, Personal Development",Confidence,All Levels,2 hours,4.7,253,1405,"Rp149,000",8/2025,0,0,11,https://www.udemy.com/course/the-speak-easy-course-4-easy-steps-for-the-awkward-at-heart/
Speak Without Fear: Public Speaking Confidence Mastery,6900491,A. Joshua Adedeji,"Public Speaking, Confidence, Business Communication, Communication Skills, Communication",Confidence,All Levels,1.5 hours,4.6,5,21,"Rp149,000",2/2026,2,0,2,https://www.udemy.com/course/speak-without-fear-public-speaking-confidence-mastery/
"How to talk to camera with confidence, warmth and look good",447636,Ricky Vuckovic,"On-Camera Confidence, Media, Business",Confidence,All Levels,1.5 hours,4.8,260,1930,"Rp149,000",10/2015,1,0,0,https://www.udemy.com/course/how-to-talk-to-camera-with-confidence-warmth-and-look-good/
Complete Self-Help & Personal Development Course For Women,5650336,Sidra Jabeen,"Personal Transformation, Personal Development, Self-Awareness, Personal Success",Confidence,All Levels,8.5 hours,4.5,54,1326,"Rp149,000",1/2024,0,0,1,https://www.udemy.com/course/women-personal-development-transform-into-a-high-value-woman/
Unlock Your Inner Confidence,6664683,Tiffany & Yoana of impowr,"Confidence, Self Esteem & Confidence, Personal Development",Confidence,All Levels,32 mins,5.0,1,5,"Rp149,000",6/2025,0,0,24,https://www.udemy.com/course/unlock-your-inner-confidence/
NO Fear of Public Speaking! 30 Days to Confidence,5246076,Alessandro Principe,"Public Speaking, Communication Skills, Communication, Business",Confidence,All Levels,2.5 hours,4.6,244,3608,"Rp149,000",4/2025,0,0,5,https://www.udemy.com/course/overcoming-the-fear-of-public-speaking-confident-in-30-days/
Embody the confident woman - Embrace life,6654513,"The Growth Lab, Adrienne O'Brien","Personal Development, Growth Mindset, Confidence, Personal Success, Personal Transformation",Confidence,All Levels,3 hours,4.8,7,546,"Rp149,000",1/2026,2,0,13,https://www.udemy.com/course/the-confident-woman/
Making You Super Confident With Subconscious Reprogramming,3253746,Jennifer Schlueter,"Confidence, Personal Transformation, Personal Development",Confidence,All Levels,37 mins,4.9,6,54,"Rp149,000",12/2022,0,0,8,https://www.udemy.com/course/confident-af-so-you-can-make-stuff-happen/
Public Speaking 101: Master Public Speaking & Presentation,7052189,Mind Stack,"Public Speaking, Personal Transformation, Personal Development",Confidence,All Levels,5 hours,4.3,15,123,"Rp149,000",2/2026,0,0,0,https://www.udemy.com/course/public-speaking-masterclass-course/
Conscious Listening,139166,Julian Treasure,"Listening Skills, Communication, Business",Confidence,All Levels,1.5 hours,4.5,42156,91335,"Rp329,000",8/2017,0,0,1,https://www.udemy.com/course/conscious-listening/
How to Boost Your Self-Esteem in 15 Minutes,6199221,Nadya Mayer,"Self-Esteem, Confidence, Happiness, Self Esteem & Confidence, Personal Development",Confidence,All Levels,43 mins,4.8,43,1137,"Rp457,000.00",10/2024,0,0,0,https://www.udemy.com/course/how-to-boost-your-self-esteem-in-15-minutes/
Essential Leadership Skills for New Managers,6306085,"Salvatore Princi Academy, Salvatore Princi | Official Udemy Partner","Leadership, Management Skills, Communication Skills, Management, Business",Confidence,All Levels,3 hours,4.5,425,1666,"Rp149,000",1/2026,3,0,27,https://www.udemy.com/course/new-managers/
Master Stage Presence: Body Speech,6502139,Mayumi Ogata,"Communication, Business",Confidence,All Levels,2 hours,4.8,13,62,"Rp149,000",9/2025,0,0,0,https://www.udemy.com/course/master-stage-presence-like-a-professional-actor/
Overcoming Inferiority Complex: Unleash Your True Potential,6088869,Miriam Walker,"Self-Esteem, Self Esteem & Confidence, Personal Development",Confidence,All Levels,1 hour,4.5,2,9,"Rp149,000",7/2024,0,0,0,https://www.udemy.com/course/overcoming-inferiority-complex-unleash-your-true-potential/
Public Speaking Training To Become Magnetic Public Speaker,5132366,Author Nayan Chaudhary (Channe),"Public Speaking, Career Development, Personal Development",Confidence,All Levels,2.5 hours,4.6,7,864,"Rp149,000",10/2023,0,0,0,https://www.udemy.com/course/public-speaking-training-to-become-magnetic-public-speaker/
"Wellness, Self-Love and Life 'Style' Coach| ACCREDITED",5099632,"Sufani Garza, Place of Bliss Academy","Happiness, Fashion, Personal Development",Confidence,All Levels,3 hours,4.8,66,231,"Rp149,000",8/2025,0,0,4,https://www.udemy.com/course/certified-style-self-love-wellness-coach-accredited/
Improve Your Self-Esteem!,5294124,Michael Casola,"Self-Esteem, Self Esteem & Confidence, Personal Development",Confidence,Beginner,2 hours,4.7,13,1207,"Rp149,000",5/2023,0,0,0,https://www.udemy.com/course/improveyourselfesteembypiratemike/
Become More Confident At Workplace Now With NLP Techniques,485398,Pradeep Aggarwal,"Confidence, Neuro-Linguistic Programming (NLP), Personal Transformation, Personal Development",Confidence,All Levels,34 mins,3.7,4,1701,"Rp149,000",4/2015,0,0,0,https://www.udemy.com/course/become-more-confident-at-workplace-now-with-nlp-techniques/
Developing Assertive Personality,5454126,Eric Yeboah,"Assertiveness, Communication, Business",Confidence,All Levels,2.5 hours,4.2,5,16,"Rp149,000",7/2023,0,0,0,https://www.udemy.com/course/developing-assertive-personality/
The Complete One Hour Perfect Posture Habits Course,3272674,"TJ Walker, Media Training Worldwide Digital","Posture, Confidence, Health, Stretching Exercise, General Health",Confidence,All Levels,1 hour,4.4,392,49553,"Rp447,000.00",1/2026,5,0,1,https://www.udemy.com/course/the-complete-one-hour-perfect-posture-habits-course/
Make New Friends & Boost Your Social Skills,1362338,Alain W.,"Social Skills, Self Esteem & Confidence, Personal Development",Confidence,All Levels,2 hours,4.3,241,10219,"Rp149,000",2/2026,2,0,1,https://www.udemy.com/course/double-your-social-skills-make-new-friends/
Spanish Pronunciation for Business Professionals,6697065,"CRFT Productions, Melina Alto","Spanish Language, Communication Skills, Communication, Business",Confidence,All Levels,1.5 hours,4.7,85,245,"Rp149,000",8/2025,0,0,1,https://www.udemy.com/course/spanish-pronunciation-for-business-professionals/
Leadership and Relationship Development,6524535,Simon Sez IT,"Leadership, Relationship Building, Personal Development",Confidence,Beginner,40 mins,5.0,2,13,"Rp149,000",4/2025,5,0,4,https://www.udemy.com/course/leadership-and-relationship-development/
Overcoming Social Anxieties,2155196,Tracy Atkinson,"Anxiety Management, Mental Health, Health & Fitness",Confidence,Beginner,2 hours,4.6,9,41,"Rp149,000",11/2024,0,0,7,https://www.udemy.com/course/overcoming-social-anxieties/
Learn To Transform Guilt & Regret & Be Confident In yourself,2407990,Jonny John Liu,"Self-Acceptance, Confidence, Self-Esteem, Self Esteem & Confidence, Personal Development",Confidence,Intermediate,1.5 hours,4.6,16,874,"Rp149,000",10/2021,3,0,1,https://www.udemy.com/course/transform-regret-guilt-no-sorries/
Negotiation Fundamentals: Win-Win Strategies & Confidence,7020179,"Srinivas A, Kavitha Kavitha","Negotiation, Personal Development, Business Fundamentals, Communication Skills, Management",Confidence,Beginner,4 hours,5.0,31,38,"Rp149,000",3/2026,0,0,0,https://www.udemy.com/course/negotiation-fundamentals-course/
Personal Development: Overcoming Self-Doubt & Self-Sabotage,3868198,Stevenson Brooks,"Self-Esteem, Self Esteem & Confidence, Personal Development",Confidence,All Levels,1 hour,4.6,26,120,"Rp149,000",2/2021,1,0,3,https://www.udemy.com/course/personal-development-overcoming-self-doubt-self-sabotage/
Phase 9 Self Development Series (From The Awake Mind),2116632,Jayson Wiggins,"Happiness, Life Purpose, Personal Success, Personal Development",Confidence,All Levels,5.5 hours,4.8,13,3970,"Rp149,000",1/2022,3,0,14,https://www.udemy.com/course/the-phase-9-personal-enhancement-series/
Assertive Communication: 15 Rights and Principles Explained,6075693,"Lucia Grosaru, M.A. Psy.","Assertiveness, Self-Esteem, Confidence, Communication Skills, Personal Transformation",Confidence,All Levels,42 mins,4.9,25,448,"Rp149,000",7/2025,0,0,0,https://www.udemy.com/course/assertive-communication-15-rights-and-principles-explained/
Master Public Speaking: Speak with Confidence and Impact,6883199,Marouane Al Mandri,"Communication Skills, Public Speaking, Personal Transformation, Personal Development",Confidence,Beginner,1.5 hours,4.8,4,13,"Rp149,000",10/2025,15,0,0,https://www.udemy.com/course/master-public-speaking-speak-with-confidence-and-impact/
Impactful Communication: How to Be a Better Communicator,4773616,GB Voice Academy,"Communication Skills, Communication, Business",Confidence,All Levels,1 hour,4.4,33,202,"Rp149,000",9/2022,0,0,1,https://www.udemy.com/course/impactful-communication-how-to-be-a-better-communicator/
Self love - 100 days to loving yourself more,4875606,"Adriana Cabello, Vicki Chisholm, Sarika Sake, Lorraine Walker | Mind You Therapy, Melanie Cordall, Bevlyn Khoo, Sarah Rees-Evans - The Awakening Feminine","Self-Awareness, Self Esteem & Confidence, Personal Development",Confidence,Beginner,3.5 hours,4.4,18,4209,"Rp149,000",4/2023,1,0,9,https://www.udemy.com/course/self-love-100-days-to-loving-yourself-more/
How To Handle Criticism: The Assertive Way (Course Bundle),5917828,"Lucia Grosaru, M.A. Psy.","Confidence, Self-Esteem, Assertiveness, Communication Skills, Self Esteem & Confidence",Confidence,All Levels,3 hours,5.0,26,106,"Rp149,000",7/2025,0,0,0,https://www.udemy.com/course/how-to-handle-criticism-the-assertive-way-course-bundle/
Boost Your Self-Worth,4105544,Elitsa Holm,"Self-Esteem, Self Esteem & Confidence, Personal Development",Confidence,All Levels,41 mins,4.7,20,2813,"Rp149,000",7/2021,0,0,1,https://www.udemy.com/course/boost-your-self-worth/
Unchain Coaching's Confidence Crash Course,6228353,Anna-Li Zayas Danielsson,"Confidence, Personal Development, Intuition, Personal Transformation, Self Esteem & Confidence",Confidence,Beginner,1.5 hours,5.0,1,6,"Rp149,000",1/2025,0,0,10,https://www.udemy.com/course/uc-confidence-crash-course/
Public Speaking Course: Speak Confidently & Eliminate Stage,455146,Desmond Byram,"Public Speaking, Creativity, Personal Development",Confidence,Beginner,4 hours,4.6,930,5745,"Rp149,000",2/2026,1,0,23,https://www.udemy.com/course/creative-speaking-skills-challenge-typical-speeches-part-2/
"Succeed, Influence and Inspire as a Woman in Leadership",1304336,"Life Progression Project, Dr. Lorraine Wiseman, PhD","Leadership, Personal Development",Confidence,All Levels,1.5 hours,4.6,4140,13091,"Rp149,000",2/2026,0,0,6,https://www.udemy.com/course/how-to-succeed-as-a-woman-in-leadership/
Dating with Grace Feminine Energy&Style in Your Private Life,7031611,Derya Temur,"Personal Transformation, Personal Development",Confidence,Intermediate,1 hour,5.0,10,21,"Rp149,000",2/2026,0,0,14,https://www.udemy.com/course/dating-with-grace-feminine-energystyle-in-your-private-life/
Communication Skills: Be a Star Presenter on a Panels,363252,"TJ Walker, Media Training Worldwide Digital","Communication Skills, Influence, Personal Development",Confidence,All Levels,1 hour,4.3,444,49878,"Rp149,000",7/2024,7,0,3,https://www.udemy.com/course/how-to-present-on-a-panel/
"Life Skills: Become the Best You, Free & Independent",4361158,"Robert Brown, Ph.D.","Personal Success, Personal Transformation, Personal Development",Confidence,All Levels,2 hours,4.8,6,33,"Rp149,000",8/2025,0,0,5,https://www.udemy.com/course/personal-growth-step-1-becoming-free-independent/
How To Become An Unstoppable Action Taker,3359796,Brent Dalley,"Self-Esteem, Personal Transformation, Personal Development",Confidence,All Levels,4 hours,4.8,20,736,"Rp149,000",12/2021,0,0,22,https://www.udemy.com/course/how-to-become-an-unstoppable-action-taker/
A Hypnotherapists Guide To Boosting Your Self-Esteem,5191380,Kirsty Watson,"Self-Esteem, Confidence, Mental Health, Self-Hypnosis, Self Esteem & Confidence",Confidence,All Levels,2.5 hours,4.5,N/A,2,"Rp149,000",1/2025,0,0,24,https://www.udemy.com/course/a-hypnotherapists-guide-to-boosting-your-self-esteem/
Public Speaking & Presentation Skills: Speak with Confidence,6463011,Mariam Karapetyan,"Public Speaking, Presentation Skills, English Conversation, Communication Skills, Personal Productivity",Confidence,All Levels,1.5 hours,4.5,161,584,"Rp149,000",9/2025,0,0,28,https://www.udemy.com/course/nail-that-speech-tips-on-public-speaking-communication/
Positive Mindset Affirmations to Increase Confidence,6550867,Kris Klein,"Confidence, Happiness, Personal Development",Confidence,Beginner,1.5 hours,5.0,2,3,"Rp149,000",4/2025,0,0,1,https://www.udemy.com/course/positive-mindset-affirmations-to-increase-confidence/
The Confidence Switch,6105315,Anthony Hamilton,"Self Esteem & Confidence, Personal Development",Confidence,Beginner,37 mins,4.5,1,2,"Rp249,000",8/2024,0,0,0,https://www.udemy.com/course/the-confidence-switch/
Foundations of Self-Love: Breaking the Cycle of Self-Doubt,6921187,Olga Tsmokun,"Personal Transformation, Personal Development",Confidence,All Levels,1.5 hours,4.9,18,100,"Rp149,000",1/2026,0,0,9,https://www.udemy.com/course/foundations-of-self-love/
HAPPINESS and LIFE LESSONS (from your 101 year old self!),3675868,Andy Edwards,"Happiness, Personal Development",Confidence,All Levels,1.5 hours,4.9,73,2390,"Rp149,000",1/2025,0,0,9,https://www.udemy.com/course/happinesslessons101/
Act confident. Communicate like an actor.,5410074,Francis Kenn Cayunda,"Communication Skills, Confidence, Self Esteem & Confidence, Personal Development",Confidence,All Levels,38 mins,5.0,3,10,"Rp169,000",7/2024,0,0,0,https://www.udemy.com/course/act-confident-communicate-like-an-actor/
iGCLC™ - Certified Authentic Living Coach,2513964,"Matthew Barnett, HeadgearLabs™ Personal & Professional Development","Life Coach Training, Neuro-Linguistic Programming (NLP), Coaching, Personal Transformation, Personal Development",Confidence,All Levels,3.5 hours,4.4,92,7580,"Rp149,000",3/2023,1,0,0,https://www.udemy.com/course/certified-authentic-living-life-coach-certification-training-nlp/
Master the Art of Love and Self-Esteem - Rewiring The Brain,5920412,Magdalena Valentin MS MA CCC-SLP,"Self-Esteem, Self Esteem & Confidence, Personal Development",Confidence,All Levels,5 hours,5.0,1,5,"Rp149,000",4/2024,0,0,0,https://www.udemy.com/course/master-the-art-of-love-and-self-esteem-rewiring-the-brain/
Engaging Presentations | Speak with Clarity and Confidence,5079690,Luke Priddy,"Presentation Skills, Communication Skills, Public Speaking, Storytelling, Communication",Confidence,All Levels,5 hours,4.8,42,315,"Rp149,000",1/2023,0,0,16,https://www.udemy.com/course/engaging-presentations/
Mastering Adaptive Leadership,4532174,Christine Aykac,"Growth Mindset, Resilience, Leadership, Career Development, Personal Development",Confidence,All Levels,6 hours,4.6,1605,5364,"Rp149,000",4/2026,0,0,41,https://www.udemy.com/course/skills-for-success-learn-necessary-future-skills-to-survive/
From Doubt to Conviction: Nurturing Confidence & Self-belief,5463376,Paula Slinger,"Confidence, Self-Esteem, Personal Development, Self Esteem & Confidence",Confidence,All Levels,1.5 hours,5.0,1,2,"Rp249,000",7/2023,0,0,0,https://www.udemy.com/course/from-doubt-to-conviction-nurturing-confidence-self-belief/
Media Training: Have More Confidence on Camera,760814,"Phil Ebiner, Christian Hartnett, Video School","On-Camera Confidence, Video Production, YouTube Audience Growth, Media Training, Communication",Confidence,All Levels,2 hours,4.3,542,61341,"Rp149,000",4/2024,4,0,0,https://www.udemy.com/course/camera-confidence-media-training/
Camera Confidence: A guide for on-camera charm,4800772,Gabriele Rossi,"On-Camera Confidence, Self-Acceptance, Storytelling, Self Esteem & Confidence, Personal Development",Confidence,Intermediate,1 hour,5.0,1,8,"Rp149,000",8/2022,0,0,1,https://www.udemy.com/course/camera-confidence-for-charm/
Learn to overcome fear and be confident,4501182,Karishma Arora,"Personal Success, Personal Productivity, Personal Development",Confidence,All Levels,1 hour,3.0,11,784,"Rp447,000.00",7/2025,0,0,6,https://www.udemy.com/course/learn-to-overcome-fear-and-be-confident/
Mastering Writing: Secrets to Confidence & Creativity| ACRED,5731044,"Sufani Garza, Place of Bliss Academy","Writing, Creativity, Personal Development",Confidence,All Levels,2.5 hours,4.9,23,95,"Rp149,000",8/2025,0,0,1,https://www.udemy.com/course/accredited-writers-workshop-2-building-writing-confidence/
Camera Confidence Masterclass - Become Camera Confident,5671560,Tim Luck,"On-Camera Confidence, Self Esteem & Confidence, Personal Development",Confidence,Beginner,1 hour,5.0,8,17,"Rp149,000",11/2023,2,0,1,https://www.udemy.com/course/cameraconfidencemasterclass/
Communicate with Confidence at Work - Communication Skills,5780870,Alternatively Skilled,"Career Development, Personal Development",Confidence,All Levels,1.5 hours,4.3,4,133,"Rp149,000",8/2025,1,0,4,https://www.udemy.com/course/communicate-with-confidence-at-work-communication-skills/
People Skills. How people tick & how to read them instantly!,772744,Andy Edwards,"Sales Skills, Communication, Business",Confidence,All Levels,1.5 hours,4.6,6198,17928,"Rp149,000",9/2025,0,0,9,https://www.udemy.com/course/people-skills/
Overcome Social Phobia Using NLP Techniques,456888,Pradeep Aggarwal,"Neuro-Linguistic Programming (NLP), Personal Transformation, Personal Development",Confidence,All Levels,39 mins,4.2,15,1634,"Rp159,000",3/2015,0,0,0,https://www.udemy.com/course/overcome-social-phobia-using-nlp-techniques/
Speak with Confidence: Mastering the Art of Public Speaking,6147291,Migena Gjerazi,"Public Speaking, Project Management, Business",Confidence,All Levels,1 hour,4.8,29,367,"Rp149,000",8/2024,0,0,4,https://www.udemy.com/course/speak-with-confidence-mastering-the-art-of-public-speaking/
Speak Confidently and be from The Elite,2829942,Khaldoon M,"Personal Development, Public Speaking, Communication, Business",Confidence,All Levels,1 hour,4.2,572,22433,"Rp299,000",8/2021,0,0,3,https://www.udemy.com/course/in-1-hour-your-guide-to-speaking-strongly-and-confidently/
Manage social anxiety and create meaningful connections,2771648,Praising Nomad,"Anxiety Management, Communication Skills, Confidence, Personal Development, Personal Transformation",Confidence,All Levels,1.5 hours,4.9,9,38,"Rp149,000",12/2021,0,0,4,https://www.udemy.com/course/manage-social-anxiety-and-create-meaningful-connections/
Boost Your Confidence by Getting to Know Yourself in 5 DAYS,5813234,Julia Constantin,"Self Esteem & Confidence, Personal Development",Confidence,Intermediate,1 hour,4.4,5,376,"Rp149,000",2/2024,0,0,2,https://www.udemy.com/course/boostselfconfidence/
Teamwork and Communication Mastery,6524631,Simon Sez IT,"Communication Skills, Team Building, Communication, Business",Confidence,Beginner,38 mins,4.8,5,16,"Rp149,000",4/2025,4,0,3,https://www.udemy.com/course/teamwork-and-communication-mastery/
Guide of Mind Transformation for a Successful Entrepreneur,5944724,Olena Naumovska,"Personal Transformation, Personal Development",Confidence,Beginner,3.5 hours,5.0,1,2,"Rp149,000",10/2024,0,0,5,https://www.udemy.com/course/guide-of-mind-transformation-for-a-successful-entrepreneur/
Ready Kid 1&2: Boost confidence & School social skills 4-6y,6327391,Mina Waheeb Attia,"Personal Development, Communication Skills, Personal Transformation",Confidence,All Levels,1 hour,5.0,4,15,"Rp799,000",2/2026,0,0,0,https://www.udemy.com/course/ready-kid-program-1-2-communication-skills-for-kids-age-3-5/
30 Days Personality Development Challenge,2527450,Kashish Wadhwani,"Personal Development, Self-Discipline, Personal Transformation, Self-Acceptance",Confidence,All Levels,3 hours,4.1,166,4347,"Rp149,000",8/2019,0,0,2,https://www.udemy.com/course/30-days-personality-development-challenge/
Camera Confidence - How to get comfortable on camera,4324586,Nisha Burton,"On-Camera Confidence, Business Communication, Communication, Business",Confidence,Beginner,2 hours,4.8,11,59,"Rp149,000",10/2021,0,0,1,https://www.udemy.com/course/how-to-get-comfortable-on-camera/
"Management And Leadership Skills, Qualities, And Traits 2026",6915345,Alex Genadinik,"Leadership, Management, Business",Confidence,All Levels,6.5 hours,4.4,46,169,"Rp149,000",3/2026,0,0,0,https://www.udemy.com/course/management-and-leadership-skills/
The no comfort zone challenge - live life to the fullest,4770282,"Wholesome Wellness Center, Coach Jasmine, Lorraine Walker | Mind You Therapy, Lindsay Crowe, Adriana Cabello, Melanie Cordall","Personal Transformation, Personal Development",Confidence,All Levels,2.5 hours,4.6,18,6263,"Rp149,000",4/2023,1,0,3,https://www.udemy.com/course/the-no-comfort-zone-challenge-live-life-to-the-fullest/
Body Language & Nonverbal Communication in Business,5623972,"Video School, Viktoriya Maya, Phil Ebiner","Body Language, Nonverbal Communication, Business Communication, Communication Skills, Communication",Confidence,All Levels,2 hours,4.4,778,2783,"Rp149,000",4/2024,14,0,0,https://www.udemy.com/course/body-language-communication/
Self-love: The gateway to whole & complete life experience,3902176,Payal Mehta (Shakti Payal Goda),"Self-Acceptance, Childhood Trauma Healing, Personal Transformation, Personal Development",Confidence,All Levels,3 hours,4.9,15,68,"Rp449,000",11/2023,0,0,7,https://www.udemy.com/course/self-love-the-gateway-to-whole-complete-life-experience/
NLP- Let Go Of The Fear Of Rejection Using NLP,556184,Pradeep Aggarwal,"Neuro-Linguistic Programming (NLP), Fear, Go (programming language), Career Development, Personal Development",Confidence,All Levels,40 mins,4.5,25,1168,"Rp149,000",7/2015,0,0,0,https://www.udemy.com/course/nlp-let-go-of-the-fear-of-rejection-using-nlp/
Professional Accredited Hypnosis for Self Esteem Diploma,4335054,Dr Karen E Wells,"Self-Esteem, Mental Health, Health & Fitness",Confidence,All Levels,1 hour,4.8,6,75,"Rp149,000",7/2024,4,0,0,https://www.udemy.com/course/professional-accredited-hypnosis-for-self-esteem-diploma/
Stuck No More – Turning Dreams into Plans,5321648,Dave Letterfly Knoderer,"Self-Esteem, Self Esteem & Confidence, Personal Development",Confidence,Beginner,3 hours,4.8,89,5918,"Rp149,000",11/2023,4,0,4,https://www.udemy.com/course/stuck-no-more-turning-dreams-into-plans/
Presentation Skills: Master Presenting to Executives,6470083,Slim Rébii,"Business Communication, Presentation Skills, Personal Development, Influence Skills, Communication",Confidence,All Levels,33 mins,4.3,36,3316,"Rp149,000",4/2025,1,0,5,https://www.udemy.com/course/presentation-skills-master-presenting-to-executives/
"Diploma In Public Speaking, Communication & Presentation",6354097,Rahul Monga,"Public Speaking, Nonverbal Communication, Presentation Skills, Communication Skills, Communication",Confidence,All Levels,16 hours,4.4,30,2310,"Rp149,000",12/2025,12,0,100,https://www.udemy.com/course/public-speaking-communication-skills-presentation/
"On-Camera Confidence for YouTube, Courses, and Presentations",6440389,Luke Priddy,"On-Camera Confidence, Public Speaking, YouTube Marketing, YouTube Audience Growth, Video & Mobile Marketing",Confidence,All Levels,3 hours,4.6,4,40,"Rp149,000",2/2025,0,0,0,https://www.udemy.com/course/on-camera-confidence/
The Art of Managing Up: Own Your Career with Confidence,5319470,Nejat Abdurahman,"Career Development, Personal Development",Confidence,Intermediate,1.5 hours,4.7,16,52,"Rp149,000",6/2025,1,0,1,https://www.udemy.com/course/the-art-of-managing-up/
Your Brain is a Game-Changer: Optimise your learning,5705636,Tanya Rutherford,"Self-Awareness, Motivation, Learning Strategies, Brain Training, Memory & Study Skills",Confidence,All Levels,1 hour,5.0,2,11,"Rp149,000",12/2023,22,0,0,https://www.udemy.com/course/your-brain-is-a-game-changer/
Marc Wynn's Guided Meditation to be SUPER CONFIDENT,2389800,Marc Wynn,"Confidence, Self Esteem & Confidence, Personal Development",Confidence,Beginner,35 mins,4.9,21,137,"Rp149,000",6/2019,0,0,1,https://www.udemy.com/course/guided-meditation-confident/
Hypnotic Lounge: Augment Your Self-Confidence,1216428,Richard Heiney,"Confidence, Hypnosis, Hypnotherapy, Mental Health, Health & Fitness",Confidence,Intermediate,1 hour,4.7,14,936,"Rp149,000",6/2017,0,0,0,https://www.udemy.com/course/hypnotic-lounge-augment-your-self-confidence/
How to Overcome Shyness and Grow in Confidence,1078762,Corey Payton,"Confidence, Personal Transformation, Personal Development",Confidence,Beginner,2.5 hours,4.2,10,62,"Rp149,000",3/2017,0,0,0,https://www.udemy.com/course/how-to-overcome-shyness-and-grow-in-confidence/
Public Speaking for Parents - Teach Your Kids to Present 1Hr,2966802,"TJ Walker, Media Training Worldwide Digital","Public Speaking, Communication Skills, Presentation Skills, Social Skills, Parenting & Relationships",Confidence,All Levels,42 mins,4.2,168,39126,"Rp149,000",1/2026,5,0,5,https://www.udemy.com/course/public-speaking-for-parents-teach-your-kids-to-present-1hr/
Self-Hypnosis for Confidence: Beginner to Mastery,5857060,Self-Hypnosis Academy,"Self-Hypnosis, Hypnosis, Self Esteem & Confidence, Personal Development",Confidence,All Levels,3.5 hours,4.8,6,1019,"Rp799,000",3/2024,0,0,4,https://www.udemy.com/course/self-hypnosis-for-confidence/
Reclaim Your Self-Esteem and Confidence Easily,1789680,Robert Murphy,"Confidence, Mental Health, Health & Fitness",Confidence,All Levels,1.5 hours,4.7,N/A,1,"Rp149,000",10/2021,0,0,0,https://www.udemy.com/course/reclaim-your-self-esteem-and-confidence-easily/
Fearless Public Speaking: Break Free Into a Confident Life,7008225,Shijo Paul,"Public Speaking, Fear, Personal Transformation, Personal Development",Confidence,Intermediate,35 mins,5.0,9,10,"Rp149,000",1/2026,0,0,0,https://www.udemy.com/course/fearless-public-speaking-confident-life/
"CONFIDENCE, TOOLS, ACTIONABLE STEPS",4123746,Creating Ease Academy,"Confidence, Self Esteem & Confidence, Personal Development",Confidence,All Levels,4 hours,4.7,N/A,48,"Rp149,000",1/2025,3,0,7,https://www.udemy.com/course/creatingease-confidence-1/
Achieving Personal Success,2113334,Linda G Robert,"Personal Success, Personal Transformation, Personal Development",Confidence,Beginner,4 hours,4.0,4,1453,"Rp149,000",2/2025,0,0,35,https://www.udemy.com/course/achieving-personal-success/
The Ultimate Leadership & Personal Development Course,1328650,Franco Soldi,"Personal Development, Personal Branding, Leadership, Personal Transformation",Confidence,All Levels,6 hours,4.1,48,226,"Rp149,000",9/2017,10,0,14,https://www.udemy.com/course/the-ultimate-leadership-personal-development-course/
Introduction to Personal Development and The 8 Key Steps,4584562,Agnes Wanja,"Personal Development, Personal Productivity",Confidence,All Levels,2.5 hours,4.4,53,1313,"Rp149,000",4/2024,0,0,4,https://www.udemy.com/course/intro-to-personal-development/
Unlocking Self-Awareness & Clarity,6422909,Koans Coaching,"Motivation, Personal Development",Confidence,Beginner,1.5 hours,5.0,5,11,"Rp149,000",2/2025,0,0,0,https://www.udemy.com/course/unlocking-self-awareness-clarity/
Self-Confidence for the Multi-Passionate and Multi-talented,5384708,"Stephanie D. McKenzie, The College of Empowerment (The CoE)","Confidence, Self Esteem & Confidence, Personal Development",Confidence,All Levels,1 hour,4.6,7,1123,"Rp149,000",4/2024,1,0,5,https://www.udemy.com/course/mightymultipassionate/
The Practical Skills To Feeling Good Enough,3335096,Suzanne Zacharia,"Self-Esteem, Confidence, EFT (Emotional Freedom Techniques), Self-Acceptance, Self Esteem & Confidence",Confidence,All Levels,1.5 hours,4.5,2,18,"Rp149,000",10/2023,0,0,6,https://www.udemy.com/course/the-practical-skills-to-feeling-good-enough/
"PERSONAL DEVELOPMENT, SELF AWARENESS - Become SELF THERAPIST",6691531,Nishaant Shukla,"Stress Management, Happiness, Personal Productivity, Self Esteem & Confidence, Personal Development",Confidence,Beginner,7 hours,4.6,4,167,"Rp149,000",8/2025,4,0,0,https://www.udemy.com/course/mindfulness-self-awareness-be-your-own-therapist/
Rebuild Confidence After a Breakup,2454350,AC Miller,"Confidence, Happiness, Self Esteem & Confidence, Personal Development",Confidence,Beginner,44 mins,5.0,1,3,"Rp149,000",7/2025,4,0,2,https://www.udemy.com/course/heartbreak-cure-restore-confidence-and-rebuild-self-worth/
Assertiveness And Self-Confidence,6048835,"Graeme Sayer, Dhamaravelli Moodley","Personal Development, Personal Transformation",Confidence,All Levels,1.5 hours,4.7,N/A,1,"Rp149,000",12/2025,0,0,36,https://www.udemy.com/course/assertiveness-and-self-confidence-x/
Reinvent your self-image to be more confident and successful,1258612,Rohit Sethi,"Personal Transformation, Self-Esteem, Self-Awareness, Motivation, Self Esteem & Confidence",Confidence,All Levels,39 mins,4.2,253,1964,"Rp149,000",9/2017,0,0,1,https://www.udemy.com/course/reinvent-your-self-image-to-be-more-confident-and-successful/
The School of Self-Love,6129579,Shaft Uddin,"Personal Development, Tantra, Mental Health, Happiness",Confidence,All Levels,30 mins,4.9,21,134,"Rp149,000",8/2024,11,0,1,https://www.udemy.com/course/the-school-of-self-love/
Conversation Confidence: Never Run Out of Things to Say,486268,Khalid Hosni,"Conversation Skills, Confidence, Personal Transformation, Personal Development",Confidence,All Levels,1.5 hours,3.5,5,956,"Rp149,000",7/2015,0,0,0,https://www.udemy.com/course/mastering-the-heart-of-great-communication-and-conversation/
Lasting Self-Confidence,3621846,Kevin Farrugia,"Confidence, Self Esteem & Confidence, Personal Development",Confidence,All Levels,1 hour,4.7,N/A,N/A,"Rp149,000",11/2020,0,0,0,https://www.udemy.com/course/lasting-self-confidence/
Camera Presentation Masterclass: Build Confidence in 7 Days,6588367,Dwayne Riner,"Communication, Business",Confidence,Beginner,2.5 hours,4.7,10,97,"Rp1,049,000",5/2025,0,0,0,https://www.udemy.com/course/camera-presentation-masterclass-confident-on-camera/
Assertive Communication for Leadership,6384607,"Julie Blint, Persefone Coaching","Assertiveness, Leadership, Communication Skills, Communication, Business",Confidence,All Levels,1.5 hours,4.4,11,1064,"Rp149,000",8/2025,0,0,37,https://www.udemy.com/course/assertive-communication-for-leadership/
"Etiquette: become confident in any situation, 3 courses in 1",399040,Vincent Vermeulen,"Etiquette, Self Esteem & Confidence, Personal Development",Confidence,All Levels,3 hours,4.4,540,3364,"Rp149,000",12/2020,7,0,7,https://www.udemy.com/course/etiquette-in-the-21st-century/
"Public Speaking and Presentation Skills: The ""Impress Factor",1336058,Jason Teteak,"Public Speaking, Presentation Skills, Career Development, Personal Development",Confidence,Beginner,1.5 hours,4.8,24,188,"Rp149,000",11/2021,0,0,9,https://www.udemy.com/course/how-to-get-that-impress-factor/
How to Stop Being Nervous When Speaking in Public,5027974,"Diana Robertson, Skillsme Academy","Public Speaking, Self Esteem & Confidence, Personal Development",Confidence,All Levels,1 hour,4.4,39,237,"Rp149,000",12/2022,0,0,0,https://www.udemy.com/course/how-to-stop-being-nervous-when-speaking-in-public/
Growth Mindset Mastery: Boost Confidence & Resilience Fast,6561513,Justin Leigh,"Growth Mindset, Personal Development, Positive Psychology, Resilience, Sales",Confidence,Beginner,1.5 hours,4.5,18,105,"Rp149,000",7/2025,0,0,8,https://www.udemy.com/course/cultivate-a-growth-mindset-for-success/
Journaling for Mastering Self-Acceptance,5377076,Mansi Jain,"Self-Acceptance, Self-Esteem, Confidence, Journaling, Self Esteem & Confidence",Confidence,Beginner,1 hour,5.0,3,10,"Rp149,000",6/2023,0,0,14,https://www.udemy.com/course/journaling-for-self-acceptance/
Believe in Yourself: Build Self-Confidence and Resilience,5041562,Rabbi Yisroel Roll,"Cognitive Behavioral Therapy (CBT), Confidence, Self Esteem & Confidence, Personal Development",Confidence,All Levels,2 hours,5.0,3,17,"Rp149,000",1/2023,0,0,12,https://www.udemy.com/course/believe-in-yourself-build-self-confidence-and-resilience/
Leading Through the Strength of Self Awareness,6915769,"Ray Harkins, The Manufacturing Academy, Michael J. Vella","Leadership, Personal Development, Team Building, Organizational Behavior",Confidence,All Levels,2 hours,4.7,N/A,3,"Rp149,000",11/2025,0,0,6,https://www.udemy.com/course/leading-through-the-strength-of-self-awareness/
"How To Make Better, Faster Decisions At Work",3270418,Erik Larson,"Decision Making, Leadership, Management Skills, Problem Solving, Management",Confidence,All Levels,1 hour,4.3,10175,30482,"Rp149,000",10/2025,0,0,10,https://www.udemy.com/course/how-to-make-better-faster-decisions-at-work/
Sensual confidence,6928449,Meliana Solara,"Personal Development, Personal Transformation",Confidence,All Levels,33 mins,3.5,1,4,"Rp149,000",11/2025,15,0,2,https://www.udemy.com/course/sensual-confidence/
Learn Top Personal Development Skills,4492976,Alok Kumar,"Personal Development, Personal Transformation",Confidence,All Levels,1.5 hours,5.0,1,5,"Rp149,000",1/2025,0,0,3,https://www.udemy.com/course/transform-your-life-learn-top-personal-development-skills/
The Ultimate Course For Healing After Betrayal,6272453,Stephanie Madrid,"Personal Development, Personal Transformation, Self Esteem & Confidence",Confidence,All Levels,3.5 hours,4.3,13,101,"Rp149,000",12/2024,0,0,1,https://www.udemy.com/course/betrayal/
Managing Social Anxiety in the Workplace,6210279,"Baba Oyewole, Helen Hicks","Other Office Productivity, Office Productivity",Confidence,All Levels,1.5 hours,4.6,103,23873,"Rp149,000",11/2024,0,0,0,https://www.udemy.com/course/managing-social-anxiety-in-the-workplace/
Ultimate Couples Therapy Toolkit,6054321,Sam Garanzini,"Couples Counseling, Online Education, Teaching & Academics",Confidence,All Levels,2.5 hours,4.2,18,72,"Rp149,000",11/2025,14,0,2,https://www.udemy.com/course/ultimate-couples-therapy-toolkit/
Unlock Potential: Planning Organization Personal Development,5642676,Silva Fiedler,"Strategic Planning, Personal Productivity, Personal Development",Confidence,All Levels,1 hour,5.0,9,552,"Rp447,000.00",10/2024,0,0,0,https://www.udemy.com/course/workshops-on-planning/
Build 8 Types of Confidence for Success,6494491,Dr. Elisaveta Pavlova,"Confidence, Self-Esteem, Self-Awareness, Self-Acceptance, Self Esteem & Confidence",Confidence,All Levels,3.5 hours,4.7,N/A,N/A,"Rp149,000",3/2025,0,0,16,https://www.udemy.com/course/build-8-types-of-confidence-for-success/
Resilience - Overcoming Hardship by Forging an Iron Mind,6038308,Soufiane El Alaoui,"Resilience, Self-Acceptance, Confidence, Personal Transformation, Personal Development",Confidence,All Levels,1.5 hours,4.5,120,572,"Rp149,000",3/2026,9,0,6,https://www.udemy.com/course/resilience-mind/
NLP- Remove Your Fear Of Failure Using NLP Techniques,556176,Pradeep Aggarwal,"Neuro-Linguistic Programming (NLP), Fear, Career Development, Personal Development",Confidence,All Levels,44 mins,4.4,21,1322,"Rp149,000",7/2015,0,0,0,https://www.udemy.com/course/nlp-remove-your-fear-of-failure-using-nlp-techniques/
BODY LANGUAGE: Communication for Leaders,6825555,COMMUNICATION SKILLS: Communication Course (COMPLETE 2026) Màyara Farche,"Body Language, Nonverbal Communication, Communication, Business",Confidence,All Levels,1.5 hours,4.7,101,187,"Rp149,000",9/2025,0,0,1,https://www.udemy.com/course/body-language-and-non-verbal-communication-for-leaders-b/
"MASTERCLASS On Camera Confidence for COURSES, YOUTUBE & MORE",2174368,The Academy Program,"On-Camera Confidence, Communication, Business",Confidence,All Levels,1.5 hours,4.6,15,1510,"Rp149,000",1/2019,0,0,0,https://www.udemy.com/course/masterclass-camera-and-video-confidence/
Learn the Art of Dating from Scratch: A Guide for Men,6263013,Danyal Ali,"Dating, Self Esteem & Confidence, Personal Development",Confidence,Beginner,1 hour,4.3,5,355,"Rp149,000",11/2024,0,0,0,https://www.udemy.com/course/learn-the-art-of-dating-from-scratch-a-guide-for-men/
How to Love Yourself,6363215,"Kevin Martin, MS, CHC, CPT","Happiness, Personal Development",Confidence,Beginner,1.5 hours,5.0,1,7,"Rp149,000",12/2024,0,0,2,https://www.udemy.com/course/how-to-love-yourself-course/
Handling Difficult Customers with Confidence,6083007,Stone River eLearning,"Operations, Business",Confidence,All Levels,1 hour,4.8,10,25,"Rp149,000",10/2024,0,0,0,https://www.udemy.com/course/dealing-with-difficult-customers/
Build Social Confidence | Overcome Your Social Anxiety,3750350,Brianna Biddle,"Social Psychology, Personal Transformation, Personal Development",Confidence,All Levels,1 hour,4.5,19,96,"Rp149,000",1/2021,0,0,10,https://www.udemy.com/course/build-social-confidence-overcome-your-social-anxiety/
Professional Diploma in Team Leadership & Supervision,6623087,Professor Baria,"Leadership, Business Communication, Communication Skills, Team Building, Management",Confidence,All Levels,2 hours,4.5,59,130,"Rp149,000",5/2025,0,0,0,https://www.udemy.com/course/professional-diploma-in-team-leadership-and-supervision/
The Power of Self-Love for Queens,5479406,Dr. Angie Kearns,"Self-Acceptance, Self-Esteem, Self-Awareness, Self-Discipline, Personal Transformation",Confidence,Beginner,3 hours,4.9,112,154,"Rp149,000",3/2024,0,0,0,https://www.udemy.com/course/dear-self-love-please-find-me/
Coaching program - Become the Woman of Your Life!,6124327,"Bojana Marcetic, ACC","Personal Transformation, Empowerment, Life Coach Training, Personal Success, Personal Development",Confidence,All Levels,1.5 hours,4.6,56,651,"Rp149,000",4/2026,0,0,22,https://www.udemy.com/course/coaching-program-become-the-woman-of-your-life/
"Build Confidence, Through The Power of Affirmations",2199824,Ruth Wilson,"Meditation, Self-Awareness, Mindfulness, Self-Acceptance, Health & Fitness",Confidence,All Levels,1 hour,4.5,5,351,"Rp149,000",2/2019,0,0,0,https://www.udemy.com/course/improve-your-life-now-using-positive-affirmations/
How to Handle Manipulation and Control Tactics | Mindset,6663041,"Lucia Grosaru, M.A. Psy.","Toxic Relationship Coping, Social Skills, Confidence, Relationship Building, Self Esteem & Confidence",Confidence,All Levels,1 hour,4.7,7,360,"Rp149,000",7/2025,0,0,0,https://www.udemy.com/course/how-to-handle-manipulation-and-control-tactics-mindset/
Self-Love and Confidence Masterclass 2025,6401235,C Lauderdale,"Self-Esteem, Self-Awareness, Confidence, Self-Acceptance, Self Esteem & Confidence",Confidence,Beginner,5.5 hours,4.5,1,6,"Rp149,000",2/2025,0,0,3,https://www.udemy.com/course/self-love-and-confidence-masterclass-2025/
PERSONALITY DEVELOPMENT : Growing From Within !,347126,Hans Dholakia,"Personality, Personal Development, Personal Transformation",Confidence,All Levels,1 hour,4.4,19,100,"Rp299,000",12/2014,1,0,5,https://www.udemy.com/course/personality-development-holistic-all-round/
Transform Your Life: Emotional Balance & Inner Strength,6330923,Infinite Essence,"Personal Transformation, Personal Development",Confidence,All Levels,39 mins,5.0,5,432,"Rp149,000",12/2024,0,0,0,https://www.udemy.com/course/transform-your-life-emotional-balance-inner-strength/
New Managers: Build Leadership Skills Quickly,6340291,"Gustavo Escobar Henríquez, Digital Life Academy","Manager Training, Management, Business",Confidence,All Levels,40 mins,4.5,167,479,"Rp149,000",1/2026,1,0,1,https://www.udemy.com/course/new-managers-skills/
Public Speaking & Presentation Skills Mastery,6969619,K. V. Gautam,"Self Esteem & Confidence, Personal Development",Confidence,All Levels,2 hours,4.8,15,1025,"Rp149,000",12/2025,0,0,0,https://www.udemy.com/course/public-speaking-presentation-skills-mastery/
Assertive Communication Mastery: Confidence Without Conflict,3788810,Mark Paddock,"Assertiveness, Negotiation, Confidence, Resilience, Career Development",Confidence,All Levels,1 hour,4.5,1,7,"Rp149,000",9/2025,1,0,1,https://www.udemy.com/course/become-more-assertive-how-to-debate-and-negotiate-in-life/
21-Day Mental Mastery: Transform Your Mind and Heal Within,5363646,Dr Naveed Shaikh,"Meditation, Mind-Body Connection, Mindfulness, Health & Fitness",Confidence,All Levels,7 hours,4.9,25,1177,"Rp149,000",5/2025,0,0,2,https://www.udemy.com/course/journey-to-inner-peace-your-path-to-inner-calm/
Build confidence for dating,6259495,Adam Valentine,"Confidence, Self Esteem & Confidence, Personal Development",Confidence,All Levels,44 mins,4.7,N/A,N/A,"Rp149,000",10/2024,0,0,0,https://www.udemy.com/course/build-confidence-for-dating/
How To Handle Toxic Relationships and Manipulation | Bundle,6716839,"Lucia Grosaru, M.A. Psy.","Toxic Relationship Coping, Assertiveness, Confidence, Communication Skills, Personal Transformation",Confidence,All Levels,2.5 hours,4.2,8,636,"Rp149,000",7/2025,0,0,0,https://www.udemy.com/course/how-to-handle-toxic-relationships-and-manipulation-bundle/
Secrets of Confident Conversation,1770658,Bonnie Gross,"Confidence, Personal Networking, Personal Transformation, Personal Development",Confidence,All Levels,1 hour,4.4,7,23,"Rp149,000",7/2018,0,0,0,https://www.udemy.com/course/secrets-of-confident-conversation/
Building Video Confidence,4387334,Shamseddiin Nelson,"Video Creation, Video & Mobile Marketing, Marketing",Confidence,Beginner,1 hour,4.7,6,993,"Rp149,000",11/2021,0,0,0,https://www.udemy.com/course/building-video-confidence/
Captivate Audiences with Confidence,389616,Filipe Carrera,"Communication Skills, Influence, Personal Development",Confidence,All Levels,2 hours,4.6,8,654,"Rp149,000",8/2021,0,0,1,https://www.udemy.com/course/how-to-captivate-audiences-with-your-own-style/
Self belief challenge - build your confidence,4579014,Zoe Whitman,"Confidence, Self Esteem & Confidence, Personal Development",Confidence,Beginner,43 mins,4.7,N/A,N/A,"Rp149,000",4/2022,1,0,2,https://www.udemy.com/course/self-belief-challenge-build-your-confidence/
Dealing With Criticism: The Assertive Way,1359578,"Lucia Grosaru, M.A. Psy.","Assertiveness, Communication Skills, Social Skills, Emotional Intelligence, Self Esteem & Confidence",Confidence,All Levels,1 hour,4.3,61,4141,"Rp149,000",7/2025,0,0,1,https://www.udemy.com/course/dealing-with-criticism-the-assertive-way/
15X MASCULINITY: BOOST Your MASCULINE POWER in 15 Days,6176059,Niyazi Harmanbaşı,"Personal Development, Mysticism, Personal Transformation, Mental Health, Health & Fitness",Confidence,All Levels,1.5 hours,4.8,4,16,"Rp149,000",9/2024,1,0,1,https://www.udemy.com/course/life-skills-adaptability-growth-and-emotional-iq/
Coach through job loss and career resets,6517895,"The Growth Lab, Jeremy Farrell","Career Development, Job Search, Work Life Balance, Career Change, Personal Development",Confidence,All Levels,5 hours,4.5,N/A,369,"Rp149,000",1/2026,9,0,28,https://www.udemy.com/course/recover-career/
Key Social Skills and Building Relationships,3123940,Dr. Elisaveta Pavlova,"Relationship Building, Body Language, Confidence, Social Skills, Self Esteem & Confidence",Confidence,All Levels,5 hours,4.5,96,3580,"Rp149,000",10/2024,1,0,23,https://www.udemy.com/course/key-social-skills-and-building-relationships/
Writing With Confidence: Writing Beginner To Writing Pro,335610,Clare Lynch,"Writing, Business Writing, Business Communication, Copywriting, Communication",Confidence,All Levels,5.5 hours,4.5,8742,57543,"Rp219,000",2/2026,32,0,15,https://www.udemy.com/course/writing-for-business/
Power of You - Confidence Building,3935462,Sandra Barros,"Personal Development, Self Esteem & Confidence",Confidence,All Levels,1 hour,4.7,N/A,3,"Rp149,000",1/2025,9,0,0,https://www.udemy.com/course/power-of-you-confidence-building/
How to Conquer Imposter Syndrome,6533489,William Lloyd,"Personal Transformation, Personal Development",Confidence,Intermediate,1 hour,4.3,N/A,N/A,"Rp949,000",3/2025,0,0,9,https://www.udemy.com/course/how-to-conquer-imposter-syndrome/
Communication Essentials - Boost your Confidence & Influence,5044442,John Godoy,"Communication Skills, Communication, Business",Confidence,All Levels,1.5 hours,4.6,20,67,"Rp149,000",10/2023,0,0,22,https://www.udemy.com/course/communication-essentials-boost-your-confidence-influence/
Managing conflict with skill and confidence,1123688,"Skill Boosters, Barry Winbolt","Conflict Management, Leadership, Personal Development",Confidence,All Levels,1 hour,4.4,1544,5770,"Rp149,000",6/2024,0,0,6,https://www.udemy.com/course/conflict-management/
Speak with Impact: Communicate with Clarity and Confidence,6643383,Luke Hannan,"Public Speaking, Business Communication, Communication Skills, Communication, Business",Confidence,All Levels,3 hours,3.9,5,34,"Rp149,000",7/2025,0,0,6,https://www.udemy.com/course/speak_with_impact/
Discover and Succeed with Your Authentic Self,3132700,Dr. Elisaveta Pavlova,"Self-Acceptance, Forgiveness, Self-Awareness, Gratitude, Self Esteem & Confidence",Confidence,All Levels,4.5 hours,4.3,12,99,"Rp149,000",10/2024,1,0,23,https://www.udemy.com/course/discover-and-succeed-with-your-authentic-self/
Build Confidence in Your Abilities (Without procrastination),4925510,Diego Bianchi,"Confidence, Personal Productivity, Self Esteem & Confidence, Personal Development",Confidence,All Levels,1.5 hours,4.2,4,764,"Rp149,000",10/2022,0,0,0,https://www.udemy.com/course/build-confidence-in-your-abilities-without-procrastination/
Love 301: How to Love Yourself,769164,Shaun Roundy,"Self-Acceptance, Self-Esteem, Self-Awareness, Love, Personal Transformation",Confidence,All Levels,2 hours,4.2,14,117,"Rp149,000",3/2016,30,0,1,https://www.udemy.com/course/how-to-love-yourself/
Easily Master Unstoppable Calm & Confidence in Any Situation,6814219,Michael D. Milson,"Confidence, Self Esteem & Confidence, Personal Development",Confidence,Beginner,1 hour,4.7,N/A,3,"Rp149,000",9/2025,1,0,1,https://www.udemy.com/course/easily-master-unstoppable-calm-confidence-in-any-situation/
Exemplary Leader: Master Outstanding Leadership Qualities,4732636,Aditya Mishra (Ph.D.),"Leadership, Personal Development",Confidence,Beginner,2 hours,4.3,251,5558,"Rp149,000",7/2022,0,0,23,https://www.udemy.com/course/exemplary-leader-master-outstanding-leadership-qualities/
Advanced Spiritual Psychic Mediumship With Confidence,2366276,Julian Jenkins,"Mediumship, Psychic, Spirituality, Clairvoyance, Esoteric Practices",Confidence,All Levels,2 hours,4.8,684,4215,"Rp149,000",5/2023,1,0,1,https://www.udemy.com/course/learn-evidential-psychic-mediumship-with-confidence/
PMI-ACP Mock Exams: 6 Practice Tests for Agile Certification,7047655,AERP Engineering LLC,"PMI Agile Certified Practitioner (PMI-ACP), Project Management, Agile, Other IT & Software, IT & Software",Confidence,Intermediate,N/A,4.2,N/A,N/A,"Rp149,000",2/2026,0,0,0,https://www.udemy.com/course/pmi-acp-mock-exams-6-practice-tests-for-agile-certification/
Social Skills: Build Self Confidence & Quickly Make Friends,1274776,Winnie John,"Social Skills, Relationship Building, Attraction, Personal Networking, Parenting & Relationships",Confidence,Beginner,39 mins,4.3,31,1679,"Rp149,000",8/2020,0,0,1,https://www.udemy.com/course/how-to-attract-new-friends-like-a-magnet/
Confidence and Motivation Development and Maintenance - pt 3,6096827,Michael Wilkovesky,"Confidence, Self Esteem & Confidence, Personal Development",Confidence,All Levels,1 hour,4.7,N/A,N/A,"Rp799,000",7/2024,0,0,10,https://www.udemy.com/course/confidence-and-motivation-development-and-maintenance-pt-3/
Managing Your Workplace Anxiety With Confidence,6625057,Stage12 Training,"Anxiety Management, Stress Management, Emotional Intelligence, Mental Health, Personal Development",Confidence,All Levels,1.5 hours,4.5,6,205,"Rp149,000",6/2025,0,0,3,https://www.udemy.com/course/managing-your-workplace-anxiety-with-confidence/
NLP Training: Master Your Mind & Achieve Success Fast!,1690794,"Prof. Paul Cline, Ed.D, Sandor Kiss","Neuro-Linguistic Programming (NLP), Personal Transformation, Personal Development",Confidence,All Levels,2 hours,4.3,521,66224,"Rp149,000",10/2025,1,0,1,https://www.udemy.com/course/nlp-neuro-linguistic-programming/
How to Make Your Voice Heard | Speak Up with Confidence,6829833,Crystal Tummala,"Confidence, Leadership, Influence Skills, Relationship Building, Communication",Confidence,All Levels,44 mins,4.7,N/A,1,"Rp149,000",9/2025,0,0,1,https://www.udemy.com/course/how-to-make-your-voice-heard-speak-up-with-confidence/
Develop Your Sport Confidence Mindset,5234878,Stephen Renwick,"Growth Mindset, Sport Psychology, Sports, Health & Fitness",Confidence,Beginner,33 mins,5.0,2,12,"Rp149,000",6/2023,47,0,17,https://www.udemy.com/course/build-sporting-confidence/
Low Confidence Stop Here,4223838,Ana Aiacoboaie,"Personal Development, Mindset, Self Esteem & Confidence",Confidence,All Levels,2.5 hours,4.3,4,25,"Rp149,000",8/2021,1,0,12,https://www.udemy.com/course/low-confidence-stop-here/
Online marketing for introverts,4770290,"Sarah Rees-Evans - The Awakening Feminine, Bevlyn Khoo, Stefanie Finkelstein","Marketing Strategy, Digital Marketing, Marketing",Confidence,All Levels,1.5 hours,4.2,36,8998,"Rp149,000",4/2023,1,0,7,https://www.udemy.com/course/online-marketing-for-introverts/
Life Skills: Five Questions to Define Your Ideal Life Path,4753344,"Robert Brown, Ph.D.","Life Purpose, Personal Transformation, Personal Development",Confidence,All Levels,2.5 hours,4.5,4,20,"Rp149,000",8/2025,0,0,6,https://www.udemy.com/course/advanced-life-skills-5-questions-to-answer-before-you-die/
Fully Accredited Hypnotherapy For Children Diploma Course,1734534,Dr Karen E Wells,"Child Psychology, Hypnotherapy, Hypnosis, Mental Health, Health & Fitness",Confidence,All Levels,26 mins,4.1,162,951,"Rp149,000",7/2025,3,0,1,https://www.udemy.com/course/fully-accredited-hypnotherapy-for-children-diploma/
Positive Creative Thinking: Stop Doubt & Boost Self Esteem,1358492,Tatiana Ambrose,"Confidence, Self-Esteem, Mindset, Creativity, Personal Development",Confidence,Beginner,2 hours,4.1,39,4120,"Rp149,000",11/2025,1,0,3,https://www.udemy.com/course/creativity-mindset-boost-confidence-eliminate-creative-self-doubt/
Regain Your Self Confidence,4782706,Guaranteed Prosperity,"Confidence, Self Esteem & Confidence, Personal Development",Confidence,All Levels,3 hours,4.7,N/A,3,"Rp149,000",10/2022,0,0,0,https://www.udemy.com/course/regainconfidence/
"Overcome Rejection in 2 Hours: Stop the Pain, Anger & Fear",370762,David Fonvielle,"Anger Management, Pain Relief, Fear, Self Esteem & Confidence, Personal Development",Confidence,All Levels,3 hours,3.6,20,962,"Rp149,000",1/2015,4,0,1,https://www.udemy.com/course/how-to-deal-with-rejection/
Microsoft MS-900 Exam Prep Test,7092211,Asif Sideeq,"MS-900: Microsoft 365 Fundamentals, IT Certifications, IT & Software",Confidence,Beginner,N/A,5.0,N/A,N/A,"Rp849,000",4/2026,0,0,0,https://www.udemy.com/course/microsoft-ms-900-exam-prep-test/
Communication and Conflict Management Mastercourse,6515675,Peacemakers Consulting Services,"Communication Skills, Conflict Management, Communication, Business",Confidence,All Levels,6 hours,4.5,257,891,"Rp149,000",1/2026,0,0,2,https://www.udemy.com/course/communication-and-conflict-management-mastercourse/
Certified HR English Practitioner: Fluency & Confidence [EN],6628939,PapaHR ⇢ 1.6M+ Enrollments • 500+ HR Courses • 30 Languages AI in HR | Analytics | Talent | Comp&Ben | HRCI | SHRM-CP | PHRi,"English Language, Human Resources, Business",Confidence,All Levels,17 hours,4.6,13,3761,"Rp149,000",3/2026,1,0,32,https://www.udemy.com/course/english-for-hr-global-hr-terminology-communication-skills/
Assertiveness Skills: Speak Up with Confidence and Respect,2000174,"Dr. Ronél le Roux, Dr. Rina De Klerk-Weyer","Personal Development, Personal Transformation",Confidence,Intermediate,1 hour,4.3,14,48,"Rp149,000",1/2026,0,0,1,https://www.udemy.com/course/the-assertiveness-skill-discover-what-it-can-mean-to-you/
Power Guide to Motivate Yourself,2561916,Management Study Guide,"Career Development, Personal Development",Confidence,Beginner,43 mins,4.4,4,400,"Rp149,000",10/2024,0,0,0,https://www.udemy.com/course/self-motivation-l/
Public Speaking in a Flash,6317007,Ron Betta,"Public Speaking, Business Communication, Presentation Skills, Communication Skills, Communication",Confidence,All Levels,5 hours,4.6,28,1004,"Rp149,000",11/2025,0,0,1,https://www.udemy.com/course/public-speaking-in-a-flash/
Business English for Networking Success!!,6423793,Mana Dowlatshahi Yeganeh,"Business Communication, Personal Development, English Language, Business Fundamentals, Language Learning",Confidence,All Levels,10 hours,4.7,3,385,"Rp149,000",3/2026,5,0,0,https://www.udemy.com/course/business-english-for-networking-success/
Master Executive Skills To Transform From Manager To Leader,6551397,Expert Academy,"Leadership, Management Skills, Manager Training, Career Development, Management",Confidence,Intermediate,43 mins,4.9,8,41,"Rp149,000",4/2025,1,0,7,https://www.udemy.com/course/master-executive-skills-to-transform-from-manager-to-leader/
Assertive Communication: Award-Winning Assertiveness Course,2057665,Experts Zone,"Communication Skills, Assertiveness, Self Esteem & Confidence, Personal Development",Confidence,All Levels,40 mins,3.8,136,1739,"Rp149,000",1/2019,0,0,0,https://www.udemy.com/course/total-assertiveness-training-communication-skills-course/
Confidence and Motivation Development and Maintenance - pt 4,6096851,Michael Wilkovesky,"Confidence, Self Esteem & Confidence, Personal Development",Confidence,All Levels,1 hour,4.7,N/A,N/A,"Rp799,000",7/2024,0,0,8,https://www.udemy.com/course/confidence-and-motivation-development-and-maintenance-pt-4/
Five Core Meditations for Mediumship: Strengthen Your Link,6431299,Julian Jenkins,"Mediumship, Psychic, Energy Healing, Spirituality, Esoteric Practices",Confidence,All Levels,2 hours,4.8,56,343,"Rp149,000",1/2025,0,0,0,https://www.udemy.com/course/five-core-meditations-for-mediumship-strengthen-your-link/
Effective Communication for Introverted Professionals,6661865,Wassim Outo,"Communication Skills, Communication, Business",Confidence,All Levels,1 hour,4.5,1,215,"Rp149,000",6/2025,0,0,0,https://www.udemy.com/course/effective-communication-for-introverted-professionals/
Detoxifying Masculinity: Becoming Better Men,5133358,"Munib Rezaie, PhD","Personal Transformation, Gender Equality, Self-Esteem, Personal Development",Confidence,All Levels,1 hour,4.9,18,46,"Rp149,000",3/2023,0,0,4,https://www.udemy.com/course/detoxifying-masculinity/
How to Move Past Your Experiences with Anxiety,2302106,Ugochukwu Uche,"Anxiety Management, Confidence, Mental Health, Health & Fitness",Confidence,All Levels,1.5 hours,4.9,23,108,"Rp149,000",5/2019,0,0,8,https://www.udemy.com/course/how-to-move-past-your-experiences-with-anxiety/
IIBA-CCA Cybersecurity Analysis Certification: 3 Mock Exams,7083939,Tomasz Biernat,"Certified in Cybersecurity (CC), Network & Security, IT & Software",Confidence,Intermediate,N/A,5.0,4,5,"Rp149,000",4/2026,0,0,0,https://www.udemy.com/course/iiba-cca-cybersecurity-analysis-certification-3-mock-exams/
AI for People Managers,6708355,Deborah Grayson Riegel,"Management Skills, Management, Business",Confidence,All Levels,2 hours,4.5,1221,2681,"Rp1,799,000",8/2025,0,0,7,https://www.udemy.com/course/ai-for-people-managers/
Microsoft PowerPoint in 1 Hour : Introduction to PowerPoint,395700,365 Careers,"PowerPoint, Microsoft, Office Productivity",Confidence,All Levels,1.5 hours,4.5,9640,31862,"Rp149,000",1/2026,0,0,28,https://www.udemy.com/course/microsoft-powerpoint-in-2-hours-time-to-boost-your-career/
SELF-CONFIDENCE at SCHOOL: 10 day programme (4-10 years),4614964,Teacher Jessie,"Confidence, Self Esteem & Confidence, Personal Development",Confidence,Beginner,1 hour,4.7,N/A,N/A,"Rp149,000",3/2022,0,0,0,https://www.udemy.com/course/10-days-to-self-confidence-at-school-raise-self-esteem/
"CONFIDENCE: VALUES, Clarify, Prioritize, Align",3377064,Creating Ease Academy,"Soft Skills, Self Esteem & Confidence, Personal Development",Confidence,All Levels,4 hours,3.4,3,71,"Rp149,000",2/2025,12,0,12,https://www.udemy.com/course/thebest-soft-skills-certification-2-work-or-relationships/
AI-102: Azure AI Engineer Associate Practice Tests 2026,7114703,Kayla Morgan,"AI-102: Microsoft Azure AI Engineer Associate, IT Certifications, IT & Software",Confidence,Expert,N/A,N/A,N/A,100,"Rp1,959,000",3/2026,0,0,0,https://www.udemy.com/course/ai-102-azure-ai-engineer-associate-practice-tests-2026/
Get Out Of Your Comfort Zone,6281867,Dr. Elisaveta Pavlova,"Other Office Productivity, Office Productivity",Confidence,All Levels,1.5 hours,4.9,N/A,2,"Rp149,000",11/2024,0,0,8,https://www.udemy.com/course/get-out-of-your-comfort-zone/
Public Speaking with Confidence,68468,Peter Urey,"Public Speaking, Confidence, Personal Development, Communication, Business",Confidence,All Levels,1.5 hours,4.1,54,1005,"Rp149,000",9/2016,0,0,13,https://www.udemy.com/course/public-speaking-the-fearless-way/
My Clarity Compass: Finding & Following my Unique Purpose,4685644,Florence Habermann,"Life Purpose, Happiness, Personal Development",Confidence,All Levels,1 hour,4.9,13,2027,"Rp149,000",5/2022,0,0,1,https://www.udemy.com/course/my-clarity-compass-finding-and-following-my-unique-purpose/
Master Your Emotions and Their Management,3141216,Dr. Elisaveta Pavlova,"Master Your Emotions, Emotional Intelligence, Empathy, Self-Esteem, Self Esteem & Confidence",Confidence,All Levels,4 hours,4.9,7,80,"Rp149,000",10/2024,1,0,26,https://www.udemy.com/course/master-your-emotions-and-their-management/
Speak For Success: Public Speaking Made Easy and Fun,4663732,Rebecca Brizi,"Public Speaking, Personal Transformation, Personal Development",Confidence,Intermediate,2 hours,4.5,4,391,"Rp149,000",3/2026,0,0,15,https://www.udemy.com/course/public-speaking-made-simple-and-fun/
Confidence and Motivation Development and Maintenance,6086393,Michael Wilkovesky,"Confidence, Motivation, Goal Setting, Goal Achievement, Self Esteem & Confidence",Confidence,All Levels,1.5 hours,4.7,N/A,N/A,"Rp699,000",8/2024,0,0,24,https://www.udemy.com/course/confidence-and-motivation-development-and-maintenance/
Personal transformation/Leadership/Happiness/Self-Confidence,4189770,Sujit Kumar,"Personal Transformation, Self-Awareness, Self-Esteem, Stress Management, Personal Development",Confidence,All Levels,1 hour,4.2,3,6,"Rp799,000",8/2021,0,0,14,https://www.udemy.com/course/personal-transformationleadershiphappinessself-confidence/
Radiant Confidence,4723170,Adriana Cabello,"Confidence, Self Esteem & Confidence, Personal Development",Confidence,All Levels,38 mins,4.3,26,7435,"Rp149,000",3/2024,1,0,1,https://www.udemy.com/course/feel-confident-and-sexy-from-within/
Self -Confidence Booster Course,4495944,Regina Iren Dobai,"Confidence, Self-Acceptance, Self Esteem & Confidence, Personal Development",Confidence,Beginner,1 hour,4.7,N/A,N/A,"Rp149,000",1/2022,0,0,0,https://www.udemy.com/course/self-confidence-booster-course/
10x Your Social Skills & Connect With People,1771976,"Susmita Dutta, Ash Akshay Goel","Communication Skills, Soft Skills, Career Development, Personal Development",Confidence,All Levels,1.5 hours,3.8,613,66937,"Rp149,000",4/2026,5,0,21,https://www.udemy.com/course/master-your-social-skills/
"Speak on camera, teaching or presenting, with confidence,",1487596,"Serena Greenslade F.V.C.M. (Hons), A.N.E.A.","On-Camera Confidence, Voice Training, Other Business, Business",Confidence,All Levels,1.5 hours,4.7,29,205,"Rp149,000",10/2021,0,0,6,https://www.udemy.com/course/improve-your-voice-for-recording-online-video-lectures/
Camera Confidence: FAST Transformation (Shy to Confident),4515992,Ruba Eltigani,"Public Speaking, Influence, Personal Development",Confidence,Beginner,41 mins,4.2,8,2052,"Rp149,000",6/2025,16,0,1,https://www.udemy.com/course/findyourvoice/
Nonverbal Communication & Body Language: The Complete Course,3509568,Stefan Devito,"Nonverbal Communication, Body Language, Sales Skills, Business Etiquette, Sales",Confidence,All Levels,3 hours,4.3,193,5651,"Rp149,000",3/2022,4,0,15,https://www.udemy.com/course/which-body-language-to-use-sales-skills-tonality-body-language-sales/
WOW Parenting: Build confidence & self-esteem in children,2539180,Narendra Goidani,"Parenting, Self-Esteem, Parenting & Relationships, Personal Development",Confidence,Beginner,1 hour,4.4,41,5486,"Rp149,000",9/2019,0,0,0,https://www.udemy.com/course/wow-parenting-build-confidence-self-esteem-in-children/
Sales Skills for Beginners: Overcoming Rejections,5235662,Shantinique James,"Sales Skills, Sales, Business",Confidence,Beginner,1 hour,4.7,18,1021,"Rp149,000",4/2023,0,0,0,https://www.udemy.com/course/sales-skills-for-beginners-overcoming-rejections/
Use NLP to Master Your Emotions and double your confidence,500654,James - The Coaching Room,"Master Your Emotions, Personal Transformation, Personal Development",Confidence,All Levels,1 hour,4.3,83,1735,"Rp149,000",4/2021,0,0,0,https://www.udemy.com/course/masteryouremotions/
Don't Wait to Date - The Ultimate Relationship Guide,5730506,Jaiya Alexandria,"Dating, Toxic Relationship Coping, Love, Relationship Building, Parenting & Relationships",Confidence,Beginner,6 hours,4.4,40,320,"Rp149,000",7/2024,0,0,71,https://www.udemy.com/course/dont-wait-to-date/
"The Confident Mind - Change your beliefs, change your life!",1008356,Amitkumar Pathak,"Confidence, Psychology, Motivation, Personal Development",Confidence,Beginner,2 hours,4.4,19,117,"Rp149,000",12/2016,0,0,0,https://www.udemy.com/course/the-confident-mind-achieve-new-heights-banish-fears/
Crack Job Interviews with AI: Ace Interviews with Confidence,6372041,AI For All,"Interviewing Skills, Job Search, Coding Interview, Career Development, Personal Development",Confidence,All Levels,2.5 hours,5.0,2,18,"Rp149,000",4/2025,30,0,0,https://www.udemy.com/course/crack-job-interviews-with-ai-ace-interviews-with-confidence/
Cultivating a Growth Mindset,2056171,Dr. Dheeraj Mehrotra,"Growth Mindset, Personal Productivity, Personal Development",Confidence,All Levels,1 hour,2.5,4,2082,"Rp149,000",1/2025,0,0,0,https://www.udemy.com/course/cultivating-a-growth-mindset/
Self-Love Mastery,5600030,Kaden James,"Self-Esteem, Self Esteem & Confidence, Personal Development",Confidence,All Levels,1 hour,5.0,N/A,2,"Rp149,000",1/2025,0,0,28,https://www.udemy.com/course/self-love-master-course/
Fear management: Tips and exercises for dealing with fears,4438892,Dr. Husni Almistarihi,"Fear, Self Esteem & Confidence, Personal Development",Confidence,All Levels,1.5 hours,4.8,N/A,N/A,"Rp149,000",9/2022,0,0,0,https://www.udemy.com/course/dont-fear/
Kids and Youth Empowerment Blueprint 101,2223846,Jessica Dubiel,"Self-Esteem, Parenting & Relationships, Personal Development",Confidence,Beginner,4.5 hours,4.3,20,105,"Rp249,000",1/2025,0,0,71,https://www.udemy.com/course/kids-empowerment-blueprint-101/
Psychic Mediumship 101: Channeling Readings With Confidence,4606088,Julian Jenkins,"Mediumship, Psychic, Spirituality, Esoteric Practices, Lifestyle",Confidence,All Levels,2 hours,4.7,312,1514,"Rp149,000",1/2024,0,0,0,https://www.udemy.com/course/psychic-mediumship-101-channeling-readings-with-confidence/
Public Speaking For Startups! - Cure Stage Fright & Anxiety,2325158,Boomy Tokan,"Public Speaking, Personal Transformation, Personal Development",Confidence,Beginner,1.5 hours,4.4,194,35468,"Rp149,000",2/2021,0,0,11,https://www.udemy.com/course/public-speaking-for-startups-first-timers-guide/
"Manager’s Impact Advantage: Presence, Confidence, & Gravitas",7043285,Mike Clayton,"Confidence, Charisma, Assertiveness, Management, Business",Confidence,Beginner,3 hours,4.7,N/A,N/A,"Rp149,000",2/2026,1,0,1,https://www.udemy.com/course/managers-impact-advantage-presence-confidence-gravitas/
"""Transform Anxiety Into Confidence: Auditions & Meetings""",6375725,Natasha Rose Mills,"Public Speaking, Personal Development, Anxiety Management, Personal Transformation, General Health",Confidence,All Levels,1.5 hours,4.7,N/A,1,"Rp149,000",1/2025,0,0,5,https://www.udemy.com/course/transform-anxiety-into-confidence-auditions-meetings/
Calming the Storm: Step-by-Step Guide to Mastering Anxiety-3,5028126,Nivritti Yoga,"Anxiety Management, Meditation, Mindfulness, Mental Health, Health & Fitness",Confidence,All Levels,3.5 hours,4.5,N/A,2,"Rp149,000",12/2022,0,0,0,https://www.udemy.com/course/calming-the-storm-3/
Managing Difficult Conversations with skill and confidence,1279140,Skill Boosters,"Difficult Conversations, Communication Skills, Personal Productivity, Personal Development",Confidence,All Levels,1 hour,4.2,301,1713,"Rp149,000",10/2017,0,0,4,https://www.udemy.com/course/difficult-conversations/
Team Management and Communication Skills,5798544,Mihai Alexandru Gafar,"Difficult Conversations, Leadership, Communication Skills, Empathy, Personal Development",Confidence,Beginner,1 hour,4.7,24,1017,"Rp149,000",4/2024,0,0,0,https://www.udemy.com/course/difficult-conversations-team-management-with-confidence/
Become a World Class Performer & Own The Stage,663390,Christopher Greenwood,"Public Speaking, Music Theory, Vocal, Music",Confidence,All Levels,2.5 hours,4.4,126,2788,"Rp149,000",4/2016,0,0,1,https://www.udemy.com/course/owningthestage/
"New Manager Essentials | Delegation, Feedback & Team Trust",5175796,Crystal Tummala,"Management Skills, Delegation, Team Building, Management Coaching, Management",Confidence,All Levels,1 hour,5.0,1,102,"Rp149,000",9/2025,3,0,3,https://www.udemy.com/course/effective-delegation-soft-skills-for-lawyers/
Body Language for Leaders | Executive Presence & Influence,6775547,Crystal Tummala,"Communication Skills, Body Language, Leadership, Executive Coaching, Communication",Confidence,All Levels,2 hours,4.5,N/A,105,"Rp149,000",1/2026,2,0,4,https://www.udemy.com/course/relationship-building-communication-emotional-intelligence/
Healing Heartbreak eCourse: 23 Days Towards Your Healing,5695254,Andy Salgado,"Empowerment, Spiritual Healing, Toxic Relationship Coping, Confidence, Parenting & Relationships",Confidence,Beginner,2 hours,4.5,4,13,"Rp149,000",9/2024,0,0,17,https://www.udemy.com/course/moving-on-from-the-heartbreak-23-days-of-heartbreak-healing/
"Stand Up & Speak Out: Confront Bullying, Reclaim Confidence",6659523,Ronel Kraukamp,"Mental Health, Personal Transformation, Personal Development",Confidence,Beginner,1.5 hours,5.0,1,4,"Rp447,000.00",8/2025,0,0,10,https://www.udemy.com/course/how-to-confront-workplace-bullying/
"Mastering Leadership:Practical Strategies Inspire, Influence",6170501,Dinçer Aydın,"Interpersonal Feedback, Leadership, Management Skills, Business Strategy, Personal Transformation",Confidence,All Levels,4.5 hours,5.0,2,5,"Rp149,000",9/2024,1,0,0,https://www.udemy.com/course/mastering-leadershippractical-strategies-inspire-influence/
Cold Calling Guide: How to Be Confident While Cold Calling,6267713,Tareq Hajj,"Cold Calling, Sales Skills, Business Communication, Communication Skills, Sales",Confidence,All Levels,1.5 hours,4.4,26,5698,"Rp149,000",11/2024,0,0,0,https://www.udemy.com/course/cold-calling-guide-how-to-be-confident-while-cold-calling-tareq-hajj/
Personality Power:Master Self-Discovery Growth & Confidence,5638320,Elvina Raylon Pinto,"Self-Awareness, Time Management, Personal Branding, Emotional Intelligence, Personal Transformation",Confidence,Intermediate,1.5 hours,4.7,N/A,3,"Rp447,000.00",4/2025,0,0,1,https://www.udemy.com/course/personacraft/
STRESS BUSTER. 15 mins paintings. RELAX & gain CONFIDENCE,1685800,Nicola A Blakemore,"Watercolor Painting, Painting, Arts & Crafts, Lifestyle",Confidence,Beginner,1.5 hours,4.7,31,1223,"Rp149,000",8/2023,1,0,16,https://www.udemy.com/course/less-than-15-mins-each-to-paint-loosen-up-gain-confidence/
EXECUTIVE PRESENCE_ transform into an Inspiring Speaker,2450484,Harish Walavalkar,"Public Speaking, Personal Transformation, Personal Development",Confidence,All Levels,1 hour,3.9,10,30,"Rp159,000",12/2023,2,0,0,https://www.udemy.com/course/executive-presence_inspiring-speaker/
Break Free from Loneliness Anxiety,1853942,Diana Mikas,"Anxiety Management, Nutrition, Energy Healing, Personal Transformation, Personal Development",Confidence,All Levels,1 hour,4.4,9,43,"Rp149,000",9/2018,0,0,10,https://www.udemy.com/course/break-free-from-loneliness-anxiety/
Neuro-Linguistic-Programming (NLP) for Sales & Persuasion,2653564,Stefan Devito,"Neuro-Linguistic Programming (NLP), Sales Skills, B2B Sales, Business Development, Sales",Confidence,All Levels,2 hours,4.1,65,1929,"Rp149,000",2/2022,6,0,5,https://www.udemy.com/course/nlp-neuro-linguistic-programming-to-sales-skills-success-training/
Build Unshakable Confidence & Set Goals Like a Champion,2578222,"Inner Path Seekers, Jellis Vaes, Kristina Paltén","Goal Setting, Confidence, Personal Transformation, Personal Development",Confidence,All Levels,2 hours,4.3,46,6271,"Rp149,000",3/2025,3,0,6,https://www.udemy.com/course/master-confidence-goal-setting-from-a-world-record-holder/
"Transferable Skills: Boost your Confidence, Get a Better Job",506902,Waller Jamison,"Job Search, Confidence, Career Development, Personal Development",Confidence,Beginner,2.5 hours,4.3,9,775,"Rp149,000",8/2021,16,0,22,https://www.udemy.com/course/transferable-skills-boost-your-confidence-get-a-better-job/
Wedding Day Confidence Hypnosis: Eliminate Nerves,433994,Alan Kirwan,"Hypnosis, Anxiety Management, Confidence, Esoteric Practices, Lifestyle",Confidence,All Levels,1 hour,5.0,1,1003,"Rp149,000",6/2025,0,0,7,https://www.udemy.com/course/eliminate-wedding-day-nerves-and-anxiety/
Leadership Beyond Words: Mastering Non-Verbal Communication,6463429,Prince Patni,"Communication Skills, Leadership, Personal Development",Confidence,All Levels,1 hour,3.9,51,4025,"Rp149,000",8/2025,1,0,0,https://www.udemy.com/course/leadership-beyond-words-mastering-non-verbal-communication/
How To Easily and Confidently Start A Conversation,4322814,Steve Anthony,"Conversation Skills, Self Esteem & Confidence, Personal Development",Confidence,All Levels,38 mins,4.2,3,1339,"Rp149,000",10/2021,0,0,0,https://www.udemy.com/course/how-to-easily-and-confidently-start-a-conversation/
Learn The Power of Public Speaking For Any Occasion,799166,Christopher Greenwood,"Public Speaking, Influence, Personal Development",Confidence,All Levels,1.5 hours,4.4,43,7529,"Rp159,000",4/2016,0,0,0,https://www.udemy.com/course/powerofpublicspeaking/
Presenting: A Beginner's Course,1592076,Ray Kabir,"Presentation Skills, Confidence, Personal Productivity, Personal Development",Confidence,Beginner,1.5 hours,4.5,135,5386,"Rp149,000",9/2019,0,0,0,https://www.udemy.com/course/presenting-present-with-confidence/
Speak with Confidence: Master the Art of Public Speaking,6502887,Brent Dalley,"Public Speaking, Career Development, Personal Development",Confidence,All Levels,1 hour,4.7,N/A,N/A,"Rp149,000",3/2025,0,0,5,https://www.udemy.com/course/speak-with-confidence-master-the-art-of-public-speaking/
Flawless Webinar Hosting: Gain Confidence And Effectiveness!,414172,"Steve Ballinger, MBA","Webinar, Management Skills, Communication Skills, Business Communication, Communication",Confidence,All Levels,3.5 hours,4.6,48,1675,"Rp149,000",2/2026,1,0,0,https://www.udemy.com/course/flawless-webinar-hosting/
Reduce Stammering boost confidence with tapping therapy EFT,389856,Alan Kirwan,"EFT (Emotional Freedom Techniques), Self-Esteem, Hypnosis, Confidence, Self Esteem & Confidence",Confidence,Expert,1.5 hours,3.9,10,2757,"Rp149,000",8/2020,0,0,13,https://www.udemy.com/course/reduce-stammering-and-boost-your-social-confidence-with-eft/
On Becoming a Manager,6413187,Zenson Tran,"Management Skills, Management, Business",Confidence,All Levels,1 hour,4.9,10,1122,"Rp149,000",4/2025,0,0,13,https://www.udemy.com/course/on-becoming-a-manager/
Elite Effective Communication Skills & Confidence at Work,1862000,Andrew PM Tse,"Business Communication, Communication Skills, Confidence, Nonverbal Communication, Communication",Confidence,All Levels,1 hour,4.3,82,649,"Rp149,000",11/2018,0,0,12,https://www.udemy.com/course/elite-communication-skills-confidence-networking-in-the-workplace/
How To Get MMA Fighters Self Confidence Mindset & Motivation,3131288,Gallo Roberto,"Motivation, Self-Esteem, Mindset, Growth Mindset, Self Esteem & Confidence",Confidence,All Levels,1 hour,4.5,15,39,"Rp149,000",7/2020,0,0,0,https://www.udemy.com/course/how-to-get-mma-fighters-self-confidence-mindset-motivation/
"Red Flags in Dating: Early Signs, Patterns & Clarity Tools",7012205,Crystal Tummala,"Dating, Nonverbal Communication, Emotional Intelligence, Communication Skills, Parenting & Relationships",Confidence,All Levels,1 hour,5.0,1,1,"Rp149,000",1/2026,0,0,1,https://www.udemy.com/course/red-flags-in-dating-early-signs-patterns-clarity-tools/
"Nursing Motivation Mastery: Boost Confidence, Reduce Stress",2569966,Crystal Tummala,"Nursing, Motivation, Personal Development",Confidence,All Levels,1 hour,4.3,73,11908,"Rp149,000",12/2024,0,0,4,https://www.udemy.com/course/motivation-for-nurses-30-days-of-praise-for-nurses/
How to Create Your Message and Sell with Confidence,4257690,Ires Alliston,"Content Marketing, Social Media Marketing, Storytelling, Leadership, Personal Development",Confidence,All Levels,1 hour,4.2,N/A,N/A,"Rp149,000",8/2021,1,0,2,https://www.udemy.com/course/how-to-create-your-message-and-sell-with-confidence/
Negotiation: Use Collaborative Strategies To Maximise Sales,6523825,Expert Academy,"Negotiation, Sales Skills, Sales Management, Contract Negotiation, Sales",Confidence,All Levels,1 hour,4.9,10,34,"Rp149,000",5/2025,1,0,1,https://www.udemy.com/course/negotiation-use-collaborative-strategies-to-maximise-sales/
WordPress For Women: Master Your Site With Confidence,2126680,Jessica Stott,"Blogging, WordPress, Web Design, Design",Confidence,Beginner,3 hours,5.0,2,6,"Rp149,000",1/2019,3,0,1,https://www.udemy.com/course/wordpress-for-women/
Body Language In Business 1: The Fundamentals,5964606,Expert Academy,"Body Language, Meetings, Nonverbal Communication, Communication Skills, Communication",Confidence,All Levels,43 mins,4.7,N/A,17,"Rp149,000",5/2024,0,0,6,https://www.udemy.com/course/the-fundamentals-of-body-language-in-business/
Negotiation: Secure Exceptional Business Deals Confidently,6553185,Expert Academy,"Negotiation, Business Communication, Contract Negotiation, Relationship Building, Communication",Confidence,All Levels,44 mins,4.7,7,41,"Rp149,000",5/2025,1,0,1,https://www.udemy.com/course/negotiation-secure-exceptional-business-deals-confidently/
Mastering Communication & Social Skills : A 3 Weeks Journey,5949794,Dr. Himani Sharma,"Communication Skills, Personal Development, Nonverbal Communication, Career Development",Confidence,All Levels,6.5 hours,3.8,16,2759,"Rp169,000",8/2025,2,0,25,https://www.udemy.com/course/mastering-communication-social-skills-a-3-weeks-journey/
Feedback & Difficult Conversations,3861082,Expert Academy,"Difficult Conversations, Interpersonal Feedback, Human Resources, Business",Confidence,All Levels,1 hour,3.7,5,236,"Rp149,000",2/2021,0,0,8,https://www.udemy.com/course/feedback-difficult-conversations/
How to Use Generative AI at Work: Productivity Guide,6709785,Simon Sez IT,"Generative AI (GenAI), Office Productivity, Other IT & Software, IT & Software",Confidence,Beginner,1.5 hours,4.7,4,16,"Rp149,000",7/2025,1,0,0,https://www.udemy.com/course/how-to-use-generative-ai-at-work-productivity-guide/
"Get clients, results & confidence at networking events!",339538,Lirone Glikman,"Personal Networking, Confidence, Entrepreneurship, Business",Confidence,All Levels,2.5 hours,4.5,12,111,"Rp149,000",6/2015,0,0,5,https://www.udemy.com/course/become-an-events-networ-king/
Parenting Motivation Mastery Empower Your Family’s Happiness,2482192,Crystal Tummala,"Parenting, Parenting & Relationships, Personal Development",Confidence,Beginner,1.5 hours,4.1,37,13016,"Rp149,000",12/2024,0,0,2,https://www.udemy.com/course/children-and-parenting-confidence-course-motivation/
"Present to Executives | Confidence, Clarity & Impact",6831545,Crystal Tummala,"Business Communication, Persuasion, Leadership, Strategic Thinking, Communication",Confidence,All Levels,1.5 hours,4.7,N/A,N/A,"Rp149,000",9/2025,1,0,3,https://www.udemy.com/course/present-to-executives-confidence-clarity-impact/
"Manifest Love After Heartbreak: Heal, Rebuild, Attract",2489438,Crystal Tummala,"Manifestation and Law of Attraction, Personal Transformation, Personal Development",Confidence,Beginner,1.5 hours,4.0,4,562,"Rp447,000.00",12/2024,0,0,2,https://www.udemy.com/course/attract-women-or-men-using-law-of-attraction-mindset/
The 3C’s to Become an AI-Ready Project Manager,6132275,Anju Aggarwal,"Artificial Intelligence (AI), Management, Business",Confidence,All Levels,2 hours,4.3,15,5828,"Rp149,000",3/2025,5,0,3,https://www.udemy.com/course/the-3cs-to-become-an-ai-ready-project-manager/
Managing Conflict,4680452,Dr Neil Thompson,"Conflict Management, Personal Transformation, Personal Development",Confidence,Beginner,30 mins,4.4,31,762,"Rp149,000",1/2023,1,0,1,https://www.udemy.com/course/managing-conflict/
"Recovering from Job Loss | Resilience, Confidence & Growth",6787861,Crystal Tummala,"Resilience, Stress Management, Confidence, Career Development, Other Office Productivity",Confidence,All Levels,1 hour,4.6,N/A,N/A,"Rp149,000",8/2025,0,0,0,https://www.udemy.com/course/recovering-from-job-loss-resilience-confidence-growth/
Understand Plans and the Interface: MS Project for Beginners,6386857,Simon Sez IT,"Microsoft Project, Microsoft, Office Productivity",Confidence,Beginner,1 hour,2.0,1,2,"Rp159,000",4/2025,2,0,0,https://www.udemy.com/course/understand-plans-and-the-interface-project-for-beginners/
Microsoft Project 2010 Advanced Training,21660,Simon Sez IT,"Microsoft Project, Microsoft, Office Productivity",Confidence,All Levels,8 hours,4.5,51,693,"Rp149,000",9/2021,2,0,1,https://www.udemy.com/course/microsoft-project-2010-advanced-training/
"IPv6 Mastery: Deploy, Configure & Migrate with Confidence",6690299,Vitalii Shumylo,"Windows Services, Operating Systems & Servers, IT & Software",Confidence,All Levels,3 hours,4.1,25,7893,"Rp149,000",7/2025,0,0,0,https://www.udemy.com/course/ipv6-mastery/
CompTIA Network+ (N10-009) Exam Prep,6332089,Phillip Roos,"CompTIA Network+, IT Certifications, IT & Software",Confidence,Beginner,N/A,4.3,N/A,2,"Rp5,239,000",7/2025,0,0,0,https://www.udemy.com/course/comptia-network-n10-009-exam-prep-c/
"Command the Room: How to Speak, Lead, and Win People Over",6564409,Dean Batson,"Public Speaking, Leadership, Communication Skills, Confidence, Career Development",Confidence,All Levels,2 hours,5.0,2,84,Free,9/2025,0,0,2,https://www.udemy.com/course/command-the-room-how-to-speak-lead-and-win-people-over/
How Highly Sensitive & Empathic People Can Grow Confidence,4594626,D Grant Smith,"Confidence, Self Esteem & Confidence, Personal Development",Confidence,All Levels,1.5 hours,4.7,3,44,Free,12/2025,0,0,2,https://www.udemy.com/course/stepping-into-your-power/
Mastering the Mind: Cultivating Empowering Self-Talk,5325932,Liz Eli,"Positive Thinking, Meditation, Mindset, Self Esteem & Confidence, Personal Development",Confidence,Beginner,1.5 hours,4.3,12,1013,Free,5/2023,0,0,9,https://www.udemy.com/course/mastering-the-mind-cultivating-empowering-self-talk/
"Everyday Leadership: Building Trust, Respect & Confidence",6901029,Heather Pope,"Business Strategy, Business",Confidence,All Levels,1 hour,4.6,3,69,Free,10/2025,0,0,9,https://www.udemy.com/course/everyday-leadership-building-trust-respect-confidence/
How To Stop Worrying What Other People Think Of You,2990298,Captain F Harlock,"Self-Esteem, Self-Discipline, Personal Development, Self-Acceptance, Self Esteem & Confidence",Confidence,All Levels,1 hour,4.4,37,1299,Free,4/2020,0,0,0,https://www.udemy.com/course/how-to-stop-worrying-what-other-people-think-of-you-worrying/
HOW TO FIND YOUR PURPOSE,3524306,Trisha Nzau,"Personal Development, Confidence, Mental Health, Growth Mindset, Career Development",Confidence,Intermediate,1.5 hours,4.5,90,2288,Free,10/2020,0,0,0,https://www.udemy.com/course/how-to-find-your-purpose/
Be Confident. Be Real. Be You.,3406648,Janelle Anderson,"Confidence, Self-Acceptance, Self-Awareness, Self-Esteem, Self Esteem & Confidence",Confidence,All Levels,1.5 hours,4.5,114,3006,Free,8/2020,0,0,7,https://www.udemy.com/course/be-confident-be-real-be-you/
"Self Love Essentials: Stop People-Pleasing, Start Thriving",6745201,D Grant Smith,"Personal Development, Personal Transformation",Confidence,All Levels,1 hour,4.5,7,417,Free,7/2025,0,0,2,https://www.udemy.com/course/self-love-essentials/
Camera Confidence Mini-Course: Be Better On Camera,766626,"Phil Ebiner, Christian Hartnett, Video School","On-Camera Confidence, YouTube Audience Growth, Online Course Creation, Media Training, Personal Growth & Wellness",Confidence,Beginner,31 mins,4.2,1926,48797,Free,2/2021,3,0,0,https://www.udemy.com/course/camera-confidence-mini-course-be-better-on-camera/
Your Mindset Matters,4637054,Tanya Wilde,"Mindset, Mindfulness, Growth Mindset, Entrepreneurship, Business",Confidence,All Levels,1 hour,4.6,20,1541,Free,8/2022,0,0,5,https://www.udemy.com/course/the-essential-mindset-for-success-for-authorpreneurs/
Learn to stop criticizing and judging yourself!,2407848,Jonny John Liu,"Self-Acceptance, Self Esteem & Confidence, Personal Development",Confidence,Intermediate,1.5 hours,4.3,220,7542,Free,10/2021,2,0,0,https://www.udemy.com/course/self-blessings-self-acceptance/
The Confidence Magic Wand,3869880,Alexandra Cingi,"Confidence, Meditation, Mindfulness, Self-Esteem, Self Esteem & Confidence",Confidence,All Levels,1 hour,4.3,12,995,Free,3/2021,1,0,9,https://www.udemy.com/course/the-confidence-magic-wand/
Promote Yourself at Work: Advance Your Career VOLUME 1,5877114,Feliciano Mangueleze,"Personal Development, Career Development, Office Productivity, Confidence",Confidence,All Levels,1.5 hours,4.8,66,1049,Free,4/2024,0,0,1,https://www.udemy.com/course/10-steps-to-promote-yourself-at-work-volume-i/
10 Steps to Stop Living Someone Else's Dream:,581302,"Cody Michael Mann, Sarah Lambert","Life Purpose, Personal Transformation, Personal Development",Confidence,All Levels,4 hours,4.4,83,9414,Free,9/2015,0,0,20,https://www.udemy.com/course/10-steps-to-stop-living-someone-elses-dream/
How to Think for Yourself,606648,Steve Churchill,"Critical Thinking, Assertiveness, Learning Strategies, Personal Transformation, Personal Development",Confidence,All Levels,2 hours,4.4,75,3204,Free,5/2020,1,0,7,https://www.udemy.com/course/think-for-yourself/
NO Fear of Public Speaking! Fast Track to Confidence,6315507,Alessandro Principe,"Public Speaking, Business Communication, Communication Skills, Communication, Business",Confidence,All Levels,1 hour,4.8,85,1627,Free,2/2025,0,0,0,https://www.udemy.com/course/fast-track-to-overcoming-fear-of-public-speaking/
Public Speaking with Confidence,2996418,Ritu Sharma,"Public Speaking, Career Development, Personal Development",Confidence,Beginner,31 mins,4.1,158,5593,Free,4/2020,0,0,1,https://www.udemy.com/course/public-speaking-with-confidence/
Build Unshakable Confidence,7036063,Bishal Poudel,"Confidence, On-Camera Confidence, Personal Transformation, Personal Development",Confidence,Intermediate,41 mins,4.7,N/A,30,Free,1/2026,0,0,0,https://www.udemy.com/course/build-unshakable-confidence/
Body Language Secrets for Leaders: Build Trust and Influence,6297915,Melina Silva S.,"Body Language, Human Resources, Business",Confidence,All Levels,1 hour,4.2,7,590,Free,11/2024,0,0,1,https://www.udemy.com/course/body-language-secrets-for-leaders-build-trust-and-influence/
Align Magnetic: Unlock Your Full Potential,6542789,Jaxin Woodward,"Personal Transformation, Personal Development",Confidence,All Levels,43 mins,4.5,4,327,Free,3/2025,0,0,0,https://www.udemy.com/course/align-magnetic-success/
"Communication Skills to Attract, Impress & Convince Anyone",4107386,Skills On Demand,"Communication Skills, Business Communication, Public Speaking, Communication, Business",Confidence,Expert,2 hours,4.3,268,7904,Free,4/2022,0,0,0,https://www.udemy.com/course/communication-skills-to-attract-impress-convince-anyone/
3 Negotiation Strategies Designed Just for Women,536848,"Michelle, Motivate Me!","Salary Negotiation, Negotiation, Communication, Business",Confidence,All Levels,39 mins,4.2,22,1306,Free,6/2021,5,0,3,https://www.udemy.com/course/3-negotiation-strategies-designed-just-for-women/
M.A.G.I.C. Magic Academy; Grow Incredible Confidence,2425936,Laurens Weigand,"Self-Esteem, Self Esteem & Confidence, Personal Development",Confidence,Beginner,1 hour,4.4,20,2795,Free,6/2019,0,0,0,https://www.udemy.com/course/online-self-esteem-confidence-magic-academy/
99 Ways to get yourself Motivated,1931438,Artor Berisha,"Motivation, Personal Development",Confidence,All Levels,2 hours,4.3,113,2214,Free,3/2021,0,0,0,https://www.udemy.com/course/superhuman-motivation-100-ways-to-get-yourself-motivated/
Public Speaking For Beginners Wanting To Build Confidence,4355304,Matthew Maila,"Public Speaking, Self Esteem & Confidence, Personal Development",Confidence,Beginner,1.5 hours,4.4,33,2676,Free,7/2024,0,0,5,https://www.udemy.com/course/speak-with-confidence/
Conversational Selling - Boost natural confidence,3619410,Patrisha Palmer,"Sales Skills, Sales, Business",Confidence,Beginner,37 mins,4.1,47,1583,Free,11/2020,0,0,1,https://www.udemy.com/course/conversational-selling-boost-natural-confidence/
Non-Verbal Communication & Body Language Mastery for Leaders,6547715,Meg Online Courses,"Nonverbal Communication, Communication, Business",Confidence,All Levels,38 mins,4.2,12,455,Free,3/2025,0,0,1,https://www.udemy.com/course/non-verbal-communication-body-language-mastery-for-leaders/
Test Driven Development: Build software with confidence,6207279,Sumanthkumar Mora,"Test-Driven Development (TDD), Software Engineering, Development",Confidence,All Levels,1.5 hours,4.8,17,1415,Free,10/2024,0,0,0,https://www.udemy.com/course/test-driven-development-build-software-with-confidence/
Crack Your Interview with Confidence,1304492,Deepika Chhabra,"Confidence, Career Development, Interviewing Skills, Personal Development",Confidence,All Levels,1 hour,3.9,105,7190,Free,5/2020,2,0,0,https://www.udemy.com/course/crack-your-interview-with-confidence/
Laid Off to Lift Off: A Practical Career Reset Guide,6854355,Nisha More,"Other Office Productivity, Office Productivity",Confidence,All Levels,1 hour,3.5,1,276,Free,12/2025,0,0,0,https://www.udemy.com/course/laid-off-to-lift-off-rebuild-your-life-career-income/
Mudras for Mental Health: 20+ Hand Gestures for Confidence,6223101,Veer Mahadevan,"Yoga, Health & Fitness",Confidence,All Levels,31 mins,4.1,10,712,Free,4/2025,1,0,0,https://www.udemy.com/course/mudras-for-confidence-and-inner-power/
How to Build Healthy Self-Esteem,4225056,TJ Guttormsen,"Self-Esteem, Self Esteem & Confidence, Personal Development",Confidence,All Levels,2.5 hours,4.8,175,810,"Rp149,000",8/2022,1,0,0,https://www.udemy.com/course/healthy-self-esteem/
Powerfully Honest Communication: Speak Boldly & Build Trust,3259644,Daniel Munro,"Confidence, Relationship Building, Toxic Relationship Coping, Influence, Personal Development",Confidence,All Levels,3 hours,4.6,164,7056,"Rp149,000",3/2026,6,0,0,https://www.udemy.com/course/powerful-honesty-communication-relationships-skills/
Overcome Obstacles & Build Resilience: Practical Masterclass,5041598,"Jimmy Naraine • Official Udemy Partner, Jimmy Naraine Support","Resilience, Stress Management, Personal Development",Confidence,All Levels,3.5 hours,4.6,1720,4780,"Rp149,000",1/2026,0,0,1,https://www.udemy.com/course/overcome-obstacles-build-resilience-practical-masterclass/
How to Build Self-Discipline,720732,Martin Meadows,"Self-Discipline, Personal Transformation, Personal Development",Confidence,All Levels,1.5 hours,4.6,10827,36097,"Rp149,000",12/2016,2,0,1,https://www.udemy.com/course/how-to-build-self-discipline/
Bootcamp: Build Inner Strength and Self Assertion,6614659,Delia Schreiber Lic.phil.I (M.Sc.),"Confidence, Self Esteem & Confidence, Personal Development",Confidence,All Levels,1 hour,4.9,4,29,"Rp149,000",5/2025,0,0,0,https://www.udemy.com/course/bootcamp-self-empowerment/
Master Problem-Solving & Overcome Any Setback,6297435,Daniel Munro,"Problem Solving, Self-Discipline, Motivation, Resilience, Personal Development",Confidence,All Levels,1.5 hours,5.0,1,17,"Rp149,000",3/2026,8,0,0,https://www.udemy.com/course/blasting-through-setbacks-obstacles-and-failures-like-a-pro/
The Complete Self-Discipline Course - Control Your Own Life,2876442,"TJ Walker, Media Training Worldwide Digital","Self-Discipline, Personal Transformation, Personal Development",Confidence,All Levels,12.5 hours,4.4,577,50153,"Rp149,000",1/2026,8,0,103,https://www.udemy.com/course/the-complete-self-discipline-course-control-your-own-life/
Gain Practical Communication Skills with this Complete Guide,4637356,"Jimmy Naraine • Official Udemy Partner, Jimmy Naraine Support","Communication Skills, Business Communication, Communication, Business",Confidence,All Levels,4.5 hours,4.4,513,2325,"Rp149,000",10/2025,0,0,54,https://www.udemy.com/course/the-complete-communication-skills-masterclass-a-z-blueprint/
The French Eloquence Method -Speak with Confidence and Style,7092057,Gislain Prades,"Public Speaking, Persuasion, Presentation Skills, Communication Skills, Self Esteem & Confidence",Confidence,All Levels,3 hours,5.0,2,3,"Rp149,000",3/2026,0,0,15,https://www.udemy.com/course/dont-be-boring-speak-like-a-boss-speak-like-a-french/
Certified Self-Love Master Practitioner & Coach| ACCREDITED,4659534,"Sufani Garza, Place of Bliss Academy","Self-Awareness, Happiness, Personal Development",Confidence,All Levels,2 hours,4.7,257,992,"Rp149,000",8/2025,0,0,2,https://www.udemy.com/course/self-love-master-practitioner-mini-master-class-accredited/
Grief & Confidence: How To Rebuild Confidence After Loss,4696596,Jen Zwinck,"Confidence, Personal Transformation, Personal Development",Confidence,Beginner,1 hour,5.0,1,6,"Rp149,000",5/2022,0,0,9,https://www.udemy.com/course/confidenceafterloss/
Effective Communication Skills for Workplace Career Growth,6994017,"Santhosh S, Kavitha Kavitha","Business Communication, Personal Branding, Personal Development, Assertiveness, Communication",Confidence,Beginner,2 hours,4.8,53,133,"Rp149,000",2/2026,1,0,5,https://www.udemy.com/course/effective-communication-skills-for-workplace-career-growth/
The Complete Growth Mindset Course - The Mindset for Success,3179316,"TJ Walker, Media Training Worldwide Digital","Growth Mindset, Personal Success, Personal Development, Mindset, Leadership",Confidence,All Levels,3 hours,4.6,487,60328,"Rp149,000",1/2026,5,0,0,https://www.udemy.com/course/the-complete-growth-mindset-course-the-mindset-for-success/
"Gain Self Discipline, Willpower, Self-Control And Resilience",5282866,Alex Genadinik,"Self-Discipline, Resilience, Willpower, Self Esteem & Confidence, Personal Development",Confidence,Beginner,2 hours,4.5,669,4043,"Rp149,000",11/2025,0,0,8,https://www.udemy.com/course/more-self-discipline-willpower-self-control-resilience/
The Lifetime Confidence Formula,5888152,Ryan Smith,"Personal Success, Self Esteem & Confidence, Personal Development",Confidence,Beginner,44 mins,5.0,1,1,"Rp899,000",4/2024,0,0,2,https://www.udemy.com/course/the-lifetime-confidence-formula/
50 Career & Self Development Tips: Welcome to the New You!,734706,Chris Haroun | 1.7 Million Students | #1 Best Selling Business & Finance Prof.,"Personal Development, Personal Productivity, Career Coach Training, Career Development",Confidence,All Levels,1.5 hours,4.6,3209,25269,"Rp149,000",5/2025,4,0,0,https://www.udemy.com/course/50-career-self-development-tips-welcome-to-the-new-you-mba-business/
Charisma Mastery for Introverted Women - 24 instant hacks,5598334,"Business Academics, Fred Braun","Charisma, Self-Esteem, Confidence, Self Esteem & Confidence, Personal Development",Confidence,Beginner,1.5 hours,4.3,6,33,"Rp149,000",9/2024,0,0,9,https://www.udemy.com/course/charisma-mastery-for-women/
Procurement Negotiation: get maximum value,6604091,"CRFT Productions, Martin John","Procurement, Negotiation, Contract Negotiation, Management, Business",Confidence,All Levels,2.5 hours,4.7,30,191,"Rp149,000",9/2025,0,0,11,https://www.udemy.com/course/procurement-negotiation/
Charisma: Charisma Mastery: Charismatic Attraction 2026,6706943,"Brian Jackson, Writing a Book with ChatGPT AI, Creative Writing , Nonfiction, Amazon KDP Self-publishing. Moho 2D Animation, AI","Charisma, Personal Development, Influence Skills, Personal Success, Influence",Confidence,All Levels,5.5 hours,4.5,5,39,"Rp249,000",2/2026,12,0,0,https://www.udemy.com/course/charisma-charisma-mastery-how-to-be-charismatic/
Unleash Your Superpower: Courage,3473308,Cornelius Mosby,"Personal Development, Confidence, Self Esteem & Confidence",Confidence,All Levels,1 hour,4.8,46,2947,"Rp149,000",2/2023,3,0,0,https://www.udemy.com/course/courage-is-your-superpower-book-group/
Millionaire Speakers: Public Speaking for Introverts,6109155,"Milan Milosevic #1 Public Speaking Coach in South Africa, Head of Marketing","Public Speaking, On-Camera Confidence, Presentation Skills, Confidence, Self Esteem & Confidence",Confidence,All Levels,5 hours,4.5,16,93,"Rp149,000",8/2024,0,0,2,https://www.udemy.com/course/millionaire-speakers-public-speaking-for-introverts/
Accomplish More in Less Time: 50-minute Productivity Guide,4673444,"Jimmy Naraine • Official Udemy Partner, Jimmy Naraine Support","Personal Productivity, Personal Development",Confidence,All Levels,1 hour,4.6,487,4239,"Rp149,000",12/2023,0,0,1,https://www.udemy.com/course/accomplish-more-in-less-time-50-minute-productivity-guide/
On-Camera Confidence: Master Authentic & Engaging Speaking,6240693,Youee (Uwe) Peter,"On-Camera Confidence, Personal Brand Building, Personal Development",Confidence,Beginner,40 mins,4.7,17,141,"Rp149,000",10/2024,0,0,0,https://www.udemy.com/course/oncamera-confidence-masterclass/
Be Confident,3928684,John Britton,"Confidence, Self Esteem & Confidence, Personal Development",Confidence,All Levels,2 hours,4.7,9,35,"Rp149,000",4/2021,0,0,14,https://www.udemy.com/course/be-confident-be-empowered/
Dance with Fear: From Stuck to Stepping Forward,5290578,Anastasiia Bohush,"Personal Development, Fear, Confidence, Stress Management",Confidence,Beginner,2.5 hours,5.0,4,15,"Rp149,000",8/2025,0,0,10,https://www.udemy.com/course/dance-with-fear-from-stuck-to-stepping-forward/
How to live authentic; Mindset Building for Life/Life Guide,5751228,Sharon Gibson,"Confidence, Mindset, Growth Mindset, Self Esteem & Confidence, Personal Development",Confidence,Intermediate,31 mins,5.0,1,2,"Rp159,000",1/2024,0,0,3,https://www.udemy.com/course/coachsharongibson-authenticity-confidence/
Create a Strong Offline Brand for Career Success,6758897,"CRFT Productions, Panagiota Trom","Personal Networking, Personal Branding, Business Strategy, Business",Confidence,All Levels,1 hour,4.4,N/A,1,"Rp149,000",8/2025,0,0,1,https://www.udemy.com/course/create-a-strong-offline-brand/
Youth Well-being & Emotional Resilience,7073319,Isha Kapoor,"Mental Health, Health & Fitness",Confidence,Beginner,1 hour,5.0,1,1,"Rp149,000",4/2026,0,0,25,https://www.udemy.com/course/youth-well-being-emotional-resilience/
Mindful Stress Management: Master Emotional Control Today,5934310,"Jimmy Naraine • Official Udemy Partner, Jimmy Naraine Support","Stress Management, Emotional Intelligence, Resilience, Personal Development",Confidence,All Levels,2.5 hours,4.6,418,2399,"Rp149,000",1/2026,0,0,12,https://www.udemy.com/course/mindful-stress-management-master-emotional-control-today/
Unlock Your True Potential: The 7-Day Journey to Fulfilment,5600902,Kaine Stromberg,"Self-Esteem, Self Esteem & Confidence, Personal Development",Confidence,All Levels,3.5 hours,4.8,N/A,1003,"Rp149,000",10/2025,7,0,3,https://www.udemy.com/course/reconnect-to-your-true-worth-self-worth-full-activation/
Steps to more Confidence,3662414,Jessica Smyrl,"Confidence, Assertiveness, Communication Skills, Self Esteem & Confidence, Personal Development",Confidence,All Levels,1 hour,4.7,N/A,N/A,"Rp159,000",11/2020,0,0,1,https://www.udemy.com/course/steps-to-more-confidence/
Women Succeeding in Management and Leadership,5741292,"Dr. Dorothy Marcic, Columbia University, Institute for Leadership Excellence LLC","Management Skills, Leadership, Management, Business",Confidence,All Levels,2.5 hours,4.7,43,140,"Rp149,000",3/2024,20,0,21,https://www.udemy.com/course/women-in-management-and-leadership/
Public Speaking Skills- Deliver Powerful Speeches Every Time,5597392,"Voiceover Masterclass, Peter Baker","Public Speaking, Communication, Business",Confidence,All Levels,3 hours,4.7,25,149,"Rp149,000",4/2026,1,0,4,https://www.udemy.com/course/public-speaking-course/
Presentation Skills Training: Give a Great Boardroom Speech,362602,"TJ Walker, Media Training Worldwide Digital","Presentation Skills, Communication, Business",Confidence,All Levels,1.5 hours,4.5,140,27017,"Rp149,000",7/2024,7,0,2,https://www.udemy.com/course/how-to-give-a-boardroom-speech/
Friendship Bootcamp,6227439,Glen Brauer,"Social Skills, Other Personal Development, Personal Development",Confidence,All Levels,7 hours,4.9,21,175,"Rp249,000",9/2025,0,0,0,https://www.udemy.com/course/friendship-bootcamp/
Self-Esteem Masterclass: Rebuild Your Confidence,6852709,Gregory Long,"Self-Esteem, Personal Development, Confidence, Personal Transformation, Self Esteem & Confidence",Confidence,All Levels,1.5 hours,4.9,N/A,N/A,"Rp149,000",10/2025,0,0,12,https://www.udemy.com/course/self-esteem-masterclass-rebuild-your-confidence-in-60-min/
Build Confidence & Charisma in 30 days!,6778235,Alex Vidzup,"Communication Skills, Self Esteem & Confidence, Personal Development",Confidence,Intermediate,1.5 hours,4.5,N/A,2,"Rp149,000",11/2025,0,0,0,https://www.udemy.com/course/build-confidence-charisma-in-30-days/
BEING HAPPY! You can do it.,4602040,Andrew Matthews,"Happiness, Resilience, Goal Achievement, Personal Development",Confidence,All Levels,1 hour,4.7,60,219,"Rp149,000",6/2022,0,0,3,https://www.udemy.com/course/being-happy-you-can-do-it/
Business Networking for Introverts: Soft Skills Made Easy,3540178,Karlo Krznarić,"Soft Skills, Communication, Business",Confidence,Beginner,1.5 hours,4.7,421,6108,"Rp149,000",10/2020,0,0,0,https://www.udemy.com/course/business-networking-for-introverts/
From Stuck to Successful: The Ultimate System for Big Goals!,537750,"Jimmy Naraine • Official Udemy Partner, Jimmy Naraine Support","Goal Setting, Personal Transformation, Personal Development",Confidence,All Levels,2.5 hours,4.5,753,10969,"Rp149,000",11/2024,0,0,2,https://www.udemy.com/course/powerful-goal-setting-step-by-step-blueprint/
Self Esteem: Build an Unbreakable Positive Self-Image,4045820,David Barton,"Self-Esteem, Self-Acceptance, Self Esteem & Confidence, Personal Development",Confidence,Beginner,1.5 hours,4.3,28,4129,"Rp149,000",12/2022,0,0,2,https://www.udemy.com/course/build-a-better-self-esteem/
"Unlock Your Superpowers, Rewrite Your Life's Story",6362825,Ana Denis,"Self-Acceptance, Self-Esteem, Confidence, Career Change, Career Development",Confidence,Intermediate,2.5 hours,5.0,3,3,"Rp799,000",12/2024,0,0,3,https://www.udemy.com/course/superpowers-101/
How to Stop Worrying What Other People Think of You,6418893,Tony Clarke-Holland,"Personal Transformation, Self-Awareness, Self-Esteem, Personal Development, Self Esteem & Confidence",Confidence,All Levels,1 hour,4.6,N/A,2,"Rp249,000",2/2025,0,0,0,https://www.udemy.com/course/how-to-stop-worrying-what-other-people-think-of-you-r/
Be More Self-Confident: Stop Feeling Inferior,661730,"Steve Churchill, Roger Kay Allen, Ph.D.","Confidence, Self-Esteem, Self-Acceptance, Personal Transformation, Personal Development",Confidence,Beginner,1 hour,4.5,40,1515,"Rp149,000",1/2018,1,0,1,https://www.udemy.com/course/inferiority/
Basic to Advanced: Master English Grammar and Verb Tenses,3872974,Alex Genadinik,"English Grammar, Language Learning, Teaching & Academics",Confidence,Beginner,4 hours,4.8,1149,57434,"Rp149,000",11/2025,0,0,56,https://www.udemy.com/course/advanced-english-grammar-including-english-grammar-tenses/
Positive Self Talk Boost-By Improving Your Self Esteem,5093124,"Kimmy Kay, My Personal Coaching Club","Self-Esteem, Self Esteem & Confidence, Personal Development",Confidence,All Levels,1 hour,4.6,7,1016,"Rp149,000",3/2026,0,0,35,https://www.udemy.com/course/positive-self-talk-boost-by-improving-your-self-esteem/
Spelling Rules: to improve spelling & confidence,956488,Joanne Rudling,"English Grammar, English Language, Language Learning, Teaching & Academics",Confidence,All Levels,11 hours,4.4,712,4053,"Rp149,000",4/2025,0,0,82,https://www.udemy.com/course/spelling-rules-course/
Advanced Affirmations For Self-Healing | Certificate Course,4660532,Finally Detached Publishing,"Mental Health, Mindfulness, Motivation, Personal Development",Confidence,Intermediate,17 hours,4.5,5,2055,"Rp149,000",8/2025,0,0,10,https://www.udemy.com/course/affirmations-for-the-ultimate-life/
Embracing Paradoxes 2: the Hidden Sides of Personal Growth,5516956,"Olga Nova | Coach, MBA","Personal Development, Personal Success, Personal Transformation, Personality",Confidence,All Levels,1.5 hours,4.8,5,23,"Rp149,000",9/2023,8,0,0,https://www.udemy.com/course/embracing-paradoxes-2-the-hidden-sides-of-personal-growth/
Master Public Speaking: 23 Tips for Workplace Presentations,5041606,"Jimmy Naraine • Official Udemy Partner, Jimmy Naraine Support","Public Speaking, Presentation Skills, Communication, Business",Confidence,Beginner,2 hours,4.7,30,1481,"Rp149,000",9/2024,0,0,22,https://www.udemy.com/course/master-public-speaking-23-tips-for-workplace-presentations/
Personal Development Life Coaching Certification: Accredited,2692326,Felix Harder,"Personal Development, Life Coach Training, Personality, Personal Transformation",Confidence,All Levels,4 hours,4.5,266,969,"Rp149,000",6/2025,9,0,10,https://www.udemy.com/course/personal-development-life-coaching-certification/
Executive Presence: Moving From A Cubicle To A Corner Office,1428774,Blair Cook CPA MBA,"Career Development, Personal Transformation, Personal Development",Confidence,All Levels,3.5 hours,4.5,405,2888,"Rp149,000",12/2024,1,0,1,https://www.udemy.com/course/executive-presence/
Manager Training : The Complete Guide,6844195,Jamal Lazaar,"Manager Training, Management Skills, Leadership, Management, Business",Confidence,All Levels,13 hours,4.7,106,549,"Rp149,000",2/2026,41,0,6,https://www.udemy.com/course/manager-training-the-complete-guide/
Empowerment Coach Support Healing and Growth IPHM Accredit,6555341,Kirsty Watson,"Empowerment, Emotional Intelligence, Personal Transformation, Self-Acceptance, Motivation",Confidence,All Levels,4.5 hours,4.8,3,24,"Rp149,000",3/2026,41,0,47,https://www.udemy.com/course/empowerment-coaching/
A guide on how to REALLY Build self esteem,5044588,Joshua chisambo,"Self-Esteem, Self Esteem & Confidence, Personal Development",Confidence,All Levels,1 hour,4.8,4,11,"Rp149,000",4/2023,0,0,14,https://www.udemy.com/course/a-guide-on-how-to-really-to-build-self-esteem/
"How to Overcome Overthinking, Imposter Syndrome and Fear",5937092,Eric Jivraj,"Personal Development, Self-Esteem, Self-Awareness, Confidence, Personal Transformation",Confidence,All Levels,1 hour,4.7,N/A,N/A,"Rp999,000",1/2025,0,0,1,https://www.udemy.com/course/mindset-mastery-eric-jivraj/
Social Skills & Communication Skills for Introverts,4872886,Felipe Yanez,"Social Skills, Communication Skills, Confidence, Small Talk, Personal Transformation",Confidence,All Levels,3 hours,4.4,13,125,"Rp149,000",9/2022,0,0,0,https://www.udemy.com/course/social-skills-communication-skills/
Confident Me!,6059789,Carina Macmillan,"Confidence, Self-Esteem, Self Esteem & Confidence, Personal Development",Confidence,All Levels,1.5 hours,4.5,1,3,"Rp149,000",7/2024,7,0,1,https://www.udemy.com/course/confident-me/
A Class for Courage,3232725,Leslie Ralph,"Fear, Self-Acceptance, Self-Awareness, Personal Transformation, Personal Development",Confidence,Beginner,6.5 hours,4.4,3,15,"Rp149,000",6/2020,10,0,28,https://www.udemy.com/course/a-class-for-courage/
A Path To Positivity and Positive Mindset,5723750,Gwladys Ateba Ntsa,"Energy Healing, Confidence, Self Esteem & Confidence, Personal Development",Confidence,All Levels,3 hours,5.0,1,3,"Rp149,000",1/2024,1,0,14,https://www.udemy.com/course/positive-thinking-h/
How to Build Self-Discipline,4977202,Salil Chaudhary,"Self-Discipline, Self Esteem & Confidence, Personal Development",Confidence,All Levels,32 mins,4.4,82,2271,"Rp149,000",2/2023,0,0,0,https://www.udemy.com/course/how-to-build-self-discipline-/
The Path To True Inner Healing and Authenticity,5503546,Kirsty Watson,"Mental Health, Self-Esteem, Spirituality, Hypnotherapy, Health & Fitness",Confidence,All Levels,4 hours,4.8,N/A,8,"Rp149,000",1/2026,21,0,54,https://www.udemy.com/course/trauma-triumph-spirituality/
Introduction to self-awareness,4683584,"John Karume, Jacinta Njoki Njuguna","Self-Awareness, Personal Transformation, Personal Development",Confidence,All Levels,1.5 hours,4.5,11,33,"Rp149,000",5/2022,0,0,1,https://www.udemy.com/course/introduction-to-self-awareness/
Overcoming Self-Doubt: Reclaim Your Confidence,6776561,Peter Julius,"Hypnotherapy, Self-Awareness, Self-Esteem, Self-Acceptance, Personal Transformation",Confidence,All Levels,1 hour,4.7,N/A,N/A,"Rp149,000",8/2025,0,0,4,https://www.udemy.com/course/overcoming-self-doubt-reclaim-your-confidence/
How To Talk To People With AI Practice,7027237,Doug Armour,"Communication Skills, Social Skills, Creativity, Leadership, Personal Development",Confidence,All Levels,1.5 hours,5.0,4,10,"Rp149,000",3/2026,0,0,8,https://www.udemy.com/course/how-to-influence-people-and-win-friends/
The Power of Self Talk,4735534,Oumaima Louhamane,"Self-Awareness, Confidence, Self Esteem & Confidence, Personal Development",Confidence,All Levels,30 mins,4.9,7,20,"Rp149,000",6/2022,0,0,3,https://www.udemy.com/course/the-power-of-self-talk/
Complete CFA Level 1 Course 2025,6285105,Kuldeep Sharma,"Chartered Financial Analyst (CFA), Finance Cert & Exam Prep, Finance & Accounting",Confidence,All Levels,54.5 hours,4.4,191,2042,"Rp159,000",6/2025,1,0,0,https://www.udemy.com/course/complete-cfa-level-1-course/
Communication Skills: Personality and Behaviour in Business,1585738,Robin Hills,"Emotional Intelligence, Leadership, Social Psychology, Business Fundamentals, Human Resources",Confidence,Intermediate,3 hours,4.5,9520,27657,"Rp149,000",2/2026,7,0,12,https://www.udemy.com/course/behaviour-in-business/
GRAND JETÉ INTO YOUR SELF-ESTEEM AND CONFIDENCE,5277830,Raising a Ballet Dancer,"Confidence, Self-Esteem, Dance, Self Esteem & Confidence, Personal Development",Confidence,Beginner,2 hours,5.0,6,11,"Rp1,699,000",5/2023,3,0,5,https://www.udemy.com/course/grand-jete-into-your-self-esteem-and-confidence/
Difficult Conversations: Communication Skills at Work,7013027,"Bhanu Sri, Kavitha Kavitha","Difficult Conversations, Communication Skills, Interpersonal Feedback, Conflict Management, Communication",Confidence,Beginner,2.5 hours,4.9,34,41,"Rp149,000",4/2026,0,0,17,https://www.udemy.com/course/difficult-conversations-at-work/
Conquer Your Deepest Fears: 20 Powerful Guided Meditations,6161343,Marius Filip,"Personal Transformation, Personal Development",Confidence,All Levels,4 hours,5.0,3,29,N/A,9/2024,0,0,0,https://www.udemy.com/course/conquer-your-deepest-fears-20-powerful-guided-meditations/
Creating Personal Success,4687910,"Todd Dewett, Ph.D.","Personal Success, Office Productivity, Growth Mindset, Career Development, Other Business",Confidence,All Levels,38 mins,4.7,2792,6040,"Rp149,000",5/2022,0,0,3,https://www.udemy.com/course/creating-personal-success/
Break through Self-Limitations: LIVE UP TO YOUR POTENTIALS,5107616,Ope Adebayo,"Self-Esteem, Personal Transformation, Personal Development",Confidence,Expert,1 hour,4.3,2,5,"Rp149,000",4/2023,0,0,0,https://www.udemy.com/course/break-through-self-limitations-live-up-to-your-potentials/
The Complete Personal Development Masterclass For Success,2752270,Mayez Merhebi,"Personal Development, Memory, Speed Reading, Personal Transformation",Confidence,All Levels,24.5 hours,4.2,113,4643,"Rp149,000",5/2021,29,0,0,https://www.udemy.com/course/the-complete-personal-development-masterclass-for-success/
Personality Development and Communication Skills,4993664,"Chirag Sheth, CAPM","Personal Development, Communication Skills, Personal Transformation",Confidence,All Levels,2.5 hours,4.4,327,1056,"Rp149,000",4/2023,0,0,4,https://www.udemy.com/course/personality-development-and-communication-skills/
Overcome the fear of failure in 4 steps,5405256,"Enzo Giovinazzo, Antonella Chiodi","Fear, Motivation, Self Esteem & Confidence, Personal Development",Confidence,All Levels,3.5 hours,4.2,N/A,72,"Rp149,000",9/2024,0,0,23,https://www.udemy.com/course/how-to-overcome-the-fear-of-failure-in-4-steps/
30 Days Of Inspiration,5181802,Tobin Crenshaw,"Personal Development, Personal Transformation",Confidence,All Levels,1.5 hours,4.8,49,8994,"Rp149,000",3/2023,0,0,0,https://www.udemy.com/course/30-days-of-inspiration/
Build A High-Performing Legal Team For Growth And Success,6758891,"CRFT Productions, Robert Hanna","Law, Recruiting and Hiring, Team Building, Other Business, Business",Confidence,All Levels,1 hour,4.0,1,3,"Rp149,000",8/2025,0,0,4,https://www.udemy.com/course/build-a-high-performing-legal-team-for-growth-and-success/
Personal Growth: Self-Branding for Career Growth,5270712,Mark Grey,"Career Development, Personal Branding, Confidence, Personal Development",Confidence,All Levels,1 hour,4.8,7,3147,"Rp149,000",1/2024,1,0,0,https://www.udemy.com/course/using-self-branding-as-an-employee-to-climb-the-ladder/
"Positive Thinking for Self-Love, Worth, Healing & Happiness",4274732,Melissa Crowhurst,"Energy Healing, Mental Health, Personal Transformation, Personal Development",Confidence,All Levels,2.5 hours,4.7,253,1522,"Rp149,000",8/2025,20,0,0,https://www.udemy.com/course/positive-thought-healing/
Finding Inner Strength: Transform Fear into Confidence,6926401,Ana Sholin,"Self-Awareness, Personal Development, Personal Transformation, Self-Acceptance",Confidence,All Levels,1 hour,4.6,N/A,N/A,"Rp149,000",11/2025,1,0,5,https://www.udemy.com/course/finding-inner-strength-transform-fear-into-confidence/
Discover How the Power of Discipline Can Change Your Life,2998914,Brent Dalley,"Self-Discipline, Self-Acceptance, Personal Transformation, Personal Development",Confidence,Beginner,3.5 hours,4.7,16,622,"Rp149,000",8/2021,0,0,6,https://www.udemy.com/course/discover-how-the-power-of-discipline-can-change-your-life/
Margo's Mastermind Course,4481218,Margo Kemp,"Confidence, Self Esteem & Confidence, Personal Development",Confidence,All Levels,1 hour,4.7,N/A,N/A,"Rp149,000",1/2022,0,0,6,https://www.udemy.com/course/margos-mastermind-course/
Ace Finance Interviews by An Award Winning Finance Professor,6560459,Chris Haroun | 1.7 Million Students | #1 Best Selling Business & Finance Prof.,"Interviewing Skills, Corporate Finance, Finance, Finance & Accounting",Confidence,All Levels,18.5 hours,4.7,40,482,"Rp149,000",10/2025,3,0,65,https://www.udemy.com/course/ace-finance-interviews-by-an-award-winning-finance-professor/
Mindset – An Inner Journey of Personal Transformation,5544510,"Salvatore Princi Academy, Salvatore Princi | Official Udemy Partner","Growth Mindset, Mindset, Personal Development, Personal Transformation, Self Esteem & Confidence",Confidence,All Levels,2.5 hours,5.0,1,10,"Rp149,000",2/2026,8,0,5,https://www.udemy.com/course/growth-mindset-an-inner-journey-of-personal-transformation/
Leadership Through The Art Of Masterful Communication,1739952,Adam Piandes,"Communication Skills, Leadership, Influence Skills, Self-Awareness, Personal Development",Confidence,All Levels,2 hours,4.5,3995,10629,"Rp149,000",6/2018,0,0,12,https://www.udemy.com/course/the-art-of-masterful-communication/
Boost Confidence - Neophobia Approach,4929784,Nikoloz Tarielashvili,"Confidence, Self-Esteem, Fear, Self Esteem & Confidence, Personal Development",Confidence,Beginner,2.5 hours,5.0,1,3,"Rp149,000",6/2023,0,0,14,https://www.udemy.com/course/confidence-self-doubt-neophobia/
Mindset Of High Achievement,6808097,Jordan Edwards,"Growth Mindset, Entrepreneurship, Business",Confidence,Beginner,2 hours,5.0,6,1167,"Rp149,000",2/2026,1,0,8,https://www.udemy.com/course/mindset-of-high-achievement/
Microsoft Azure Fundamentals: AZ-900 Full Course & Exams,6874313,"Jason Dion • 3 Million+ Enrollments Worldwide, Brandon Spencer, Dion Training Solutions • ATO for ITIL & PRINCE2","AZ-900: Microsoft Azure Fundamentals, IT Certifications, IT & Software",Confidence,All Levels,7 hours,4.7,452,3030,"Rp849,000",4/2026,11,0,8,https://www.udemy.com/course/microsoft-az-900-fundamentals/
Embracing Courage: Transforming Your Mindset for Success,6452877,Brent Dalley,"Personal Transformation, Personal Development",Confidence,All Levels,1 hour,4.4,N/A,N/A,"Rp149,000",2/2025,0,0,0,https://www.udemy.com/course/embracing-courage-transforming-your-mindset-for-success/
Assert Yourself - Master the benefits of assertive behaviour,1129858,Skill Boosters,"Assertiveness, Communication, Business",Confidence,Beginner,32 mins,4.0,1165,4840,"Rp149,000",9/2017,0,0,4,https://www.udemy.com/course/assert-yourself/
Voice Training: Discover Your Confident and Powerful Voice,699162,Jason Teteak,"Presentation Skills, Communication, Business",Confidence,All Levels,2 hours,4.4,1487,8079,"Rp149,000",12/2024,0,0,8,https://www.udemy.com/course/eloquence-convince-with-your-voice/
Self-Improvement: Essential Skills For Your Life And Career,4303533,Soufiane El Alaoui,"Personal Development, Self-Discipline, Life Purpose, Procrastination, Personal Transformation",Confidence,All Levels,6.5 hours,4.4,751,3663,"Rp149,000",5/2025,18,0,16,https://www.udemy.com/course/selfimprovement/
Singing By Ear: Get Ready to Wow the World with Your Voice!,5599890,"Voiceover Masterclass, Jaren Cerf","Singing, Vocal, Music",Confidence,All Levels,1.5 hours,4.7,65,499,"Rp149,000",10/2023,0,0,1,https://www.udemy.com/course/singing-course-singing-by-ear/
"Learn to Love You, Only Then Can Others Learn to Love You",1632596,Brent Dalley,"Self-Awareness, Love, Parenting & Relationships, Personal Development",Confidence,All Levels,6.5 hours,4.4,10,1051,"Rp149,000",12/2025,0,0,19,https://www.udemy.com/course/learn-to-love-you-only-then-can-others-learn-to-love-you/
INFLUENCE SKILLS & PERSUASION: Ultimate Body Language Skills,6576391,FEIL Consulting and Resources,"Nonverbal Communication, Body Language, Confidence, Communication Skills, Career Development",Confidence,All Levels,1.5 hours,4.9,8,1230,"Rp149,000",7/2025,0,0,0,https://www.udemy.com/course/nonverbal-communication-the-ultimate-body-language-skills/
American English Pronunciation,854440,Luke Priddy,"English Pronunciation, American Accent, English Language, English Conversation, Language Learning",Confidence,All Levels,3 hours,4.6,10846,36488,"Rp149,000",11/2021,0,0,13,https://www.udemy.com/course/basic-american-pronunciation/
Discover and Implement the 10 Traits Great Leaders Have,1599568,Brent Dalley,"Leadership, Management, Business",Confidence,Intermediate,3 hours,4.8,6,847,"Rp149,000",9/2021,0,0,6,https://www.udemy.com/course/discover-and-implement-the-10-traits-great-leaders-have/
Mastering Public Speaking: From Fear to Fluency,5826174,Pranjall Agrawal,"Public Speaking, Confidence, Communication Skills, Self Esteem & Confidence, Personal Development",Confidence,Beginner,1.5 hours,4.5,175,4955,"Rp149,000",5/2024,0,0,0,https://www.udemy.com/course/mastering-public-speaking-from-fear-to-fluency/
Personality: Understanding Different People,1946226,Robin Hills,"Communication Skills, Teamwork, Emotional Intelligence, Communication, Business",Confidence,All Levels,2 hours,4.5,36,1285,"Rp149,000",11/2025,6,0,10,https://www.udemy.com/course/social-styles/
Self-Love And The Journey Of The Heart,4092582,Dale Darley,"Energy Healing, Personal Transformation, Personal Development",Confidence,All Levels,6 hours,5.0,13,202,"Rp149,000",3/2024,0,0,32,https://www.udemy.com/course/journey-of-the-heart/
Business English: Communicate With Confidence,6265387,Rupert Walsh (MA),"Business English, Communication, Business",Confidence,All Levels,10 hours,4.5,18,146,"Rp149,000",10/2025,0,0,1,https://www.udemy.com/course/business-english-speaking-skills/
2026 -ISTQB Certified Tester Foundation level -Crash Course,6455435,Rahul Shetty Academy,"ISTQB, ISTQB Certified Tester Foundation Level (CTFL), Software Testing, Development",Confidence,All Levels,6.5 hours,4.5,1032,6075,"Rp169,000",1/2026,13,0,8,https://www.udemy.com/course/istqb-certified-tester-foundation-level-ctfl/
People Skills Mastery: Psychology of Human Behavior,6636257,Fidya Furuhita,"Communication Skills, Sales Skills, Business Strategy, Communication, Business",Confidence,All Levels,2 hours,4.5,3,30,"Rp149,000",5/2025,0,0,0,https://www.udemy.com/course/people-skills-mastery-psychology-of-human-behavior/
Camera Confidence Mastery for YouTubers and Digital Creators,3388768,Lara Roxana Popa,"Media Training, Personal Finance, Media, Personal Development, Business",Confidence,All Levels,2.5 hours,5.0,10,44,"Rp149,000",1/2025,0,0,0,https://www.udemy.com/course/camera-confidence-how-to-be-comfortable-on-camera/
Bye-Bye Stage Fright: Overcome Your Public Speaking Anxiety,5257354,Alex Glod,"Public Speaking, Teacher Training, Presentation Skills, Anxiety Management, Communication",Confidence,All Levels,1.5 hours,4.4,29,940,"Rp149,000",8/2023,0,0,0,https://www.udemy.com/course/bye-bye-stage-fright-overcome-your-public-speaking-anxiety/
Strengthen your courage!,2571954,Bertold Ulsamer,"Self-Esteem, Positive Psychology, Psychology, Personal Transformation, Personal Development",Confidence,All Levels,1 hour,4.6,16,1411,"Rp329,000",10/2019,0,0,0,https://www.udemy.com/course/strengthen-your-courage/
Mastering Modern Leadership: A Complete and Practical Guide,6238545,Silvia Passoni,"Management, Business",Confidence,All Levels,1.5 hours,5.0,2,250,"Rp149,000",3/2025,0,0,4,https://www.udemy.com/course/mastering-modern-leadership-a-complete-and-practical-guide/
Stick Up for Yourself and Build Confidence,3788510,Adrienne Dillard,"Self-Awareness, Confidence, Self Esteem & Confidence, Personal Development",Confidence,Beginner,1 hour,4.7,N/A,N/A,"Rp149,000",5/2022,0,0,5,https://www.udemy.com/course/stick-up-for-yourself-build-confidence/
Assertive Communication Fundamentals,5448512,Eric Yeboah,"Assertiveness, Communication, Business",Confidence,All Levels,3 hours,4.7,5,7,"Rp149,000",7/2023,0,0,0,https://www.udemy.com/course/assertive-communication-fundamentals/
Public Speaking Essentials: Present With Confidence,6206875,Mariam Harutyunyan,"Presentation Skills, Communication, Business",Confidence,All Levels,2.5 hours,4.3,2,9,"Rp149,000",9/2024,0,0,0,https://www.udemy.com/course/public-speaking-essentials-present-with-confidence/
Self-improvement and stress relief,3571493,Vathani Ariyam,"Self-Esteem, Personal Transformation, Personal Development",Confidence,Intermediate,1.5 hours,4.4,N/A,N/A,"Rp149,000",1/2025,0,0,14,https://www.udemy.com/course/self-improvement-and-stress-relief/
Cross-Cultural Leadership Mastery for Global Teams,6238523,Alin Marin,"Cultural Awareness, Communication Skills, Communication, Business",Confidence,All Levels,2.5 hours,5.0,113,2304,"Rp149,000",2/2026,0,0,6,https://www.udemy.com/course/bridging-cultural-differences/
"Crush your Comfort Zone, Focus and Grow: 5 step Challenge",3143846,Christophe Ternay,"Focus Mastery, Time Management, Business Development, Project Management, Entrepreneurship",Confidence,All Levels,2.5 hours,4.7,9,46,"Rp149,000",7/2024,5,0,6,https://www.udemy.com/course/focus-challenge/
Transform Your Self Esteem,4668858,Rowene Johnston,"Self-Esteem, Self Esteem & Confidence, Personal Development",Confidence,All Levels,1 hour,4.8,12,33,"Rp149,000",6/2022,0,0,8,https://www.udemy.com/course/transform-your-self-esteem/
Life Coaching Client Attraction Method Masterclass (5 in 1),6590247,"Transformation Services, Joeel & Natalie of Transformation Services","Life Coach Training, Business Fundamentals, Coaching, Entrepreneurship Fundamentals, Personal Transformation",Confidence,All Levels,11.5 hours,5.0,2,118,"Rp149,000",12/2025,3,0,79,https://www.udemy.com/course/client-attraction-method-masterclass/
The Ultimate Communication Skills Course,6206511,NextGenaro -The Team with International Industry Expertise,"Communication, Business",Confidence,All Levels,5 hours,4.2,N/A,2,"Rp149,000",8/2025,0,0,28,https://www.udemy.com/course/communicate-with-impact/
Build Your Confidence with Journaling,6427599,Alexis Russell,"Confidence, Self-Esteem, Journaling, Self-Acceptance, Self Esteem & Confidence",Confidence,Beginner,4.5 hours,4.7,N/A,N/A,"Rp159,000",7/2025,2,0,31,https://www.udemy.com/course/build-your-confidence-with-journaling/
Self-Confidence and Your Worth,5883396,Samantha Coombs,"Self-Esteem, Self Esteem & Confidence, Personal Development",Confidence,Beginner,2 hours,4.8,N/A,4,"Rp149,000",2/2025,0,0,6,https://www.udemy.com/course/self-confidence-and-your-worth/
Self-Discipline: Build Habits & Develop a Growth Mindset,3735538,Claudia Simonetto,"Self-Discipline, Habits, Motivation, Procrastination, Personal Transformation",Confidence,All Levels,1 hour,4.3,654,62914,"Rp149,000",9/2024,1,0,2,https://www.udemy.com/course/self-discipline-build-habits/
Leading Self,5698850,Jan Rutherford,"Leadership, Management, Business",Confidence,All Levels,42 mins,4.6,2755,6768,"Rp249,000",12/2023,0,0,12,https://www.udemy.com/course/leading-self/
Overcoming Imposter Syndrome Masterclass,5477160,Sarah Brooks,"Self-Esteem, Confidence, Self Esteem & Confidence, Personal Development",Confidence,All Levels,1 hour,4.2,9,618,"Rp447,000.00",8/2023,0,0,0,https://www.udemy.com/course/overcoming-imposter-syndrome-masterclass/
Cracking the Imposter Code to Stop Self Sabotage,5361376,Winter Clark,"Success Visualization, Self Esteem & Confidence, Personal Development",Confidence,Beginner,1 hour,4.6,N/A,N/A,"Rp149,000",7/2023,0,0,0,https://www.udemy.com/course/cracking-the-imposter-code-to-stop-self-sabotage/
Retail Sales Excellence,7007439,The Ledger Life,"Sales Skills, Retail Business, Business Strategy, Sales, Business",Confidence,All Levels,40 mins,5.0,12,122,"Rp149,000",1/2026,0,0,0,https://www.udemy.com/course/retail-sales-excellence/
2026 - ISTQB AI Testing (CT-AI) Certification - Crash Course,6762833,Rahul Shetty Academy,"ISTQB Certified Tester AI Testing (CT-AI), ISTQB, Software Testing, Development",Confidence,All Levels,6.5 hours,4.5,225,2888,"Rp149,000",1/2026,57,0,0,https://www.udemy.com/course/isqtb-ai-testing-ct-ai/
Be Extraordinary: 7 Steps to Motivate & Empower your life!,382716,Darryl Ross,"Personal Success, Life Coach Training, Goal Setting, Motivation, Personal Development",Confidence,All Levels,2 hours,4.9,15,198,"Rp149,000",2/2015,0,0,8,https://www.udemy.com/course/be-extraordinary-7-steps-to-motivate-empower-your-life/
5E Leadership Masterclass: Unlocking Whole Leader Potential,6633189,Rusty Calloway,"Leadership, Management Skills, Personal Development, Business Development",Confidence,All Levels,4.5 hours,4.9,38,1725,"Rp149,000",10/2025,0,0,15,https://www.udemy.com/course/5eleadermasterclass/
Personality Development & Self improvement (Basic) -English,2057253,Kanan Tandi,"Personality, Personal Transformation, Personal Development",Confidence,All Levels,3 hours,4.2,55,273,"Rp1,499,000",12/2022,0,0,0,https://www.udemy.com/course/personality-development-india/
Activate Your Inner Resources for Lasting Self-Empowerment,6614689,Delia Schreiber Lic.phil.I (M.Sc.),"Motivation, Self Esteem & Confidence, Personal Development",Confidence,All Levels,1 hour,5.0,1,35,"Rp159,000",5/2025,0,0,0,https://www.udemy.com/course/activate-your-inner-resources/
Self Esteem for Success: Build Self-Confidence from Within,5125340,Rabbi Yisroel Roll,"Confidence, Positive Psychology, Self-Acceptance, Self-Esteem, Personal Transformation",Confidence,Beginner,6 hours,4.2,5,41,"Rp149,000",2/2023,0,0,0,https://www.udemy.com/course/dr-abraham-twerski-self-esteem-for-success/
Career & Self Development- For Beginners and Experts,4900050,Alok Kumar,"Personal Development, Career Development",Confidence,All Levels,1 hour,4.7,N/A,N/A,"Rp149,000",6/2025,0,0,0,https://www.udemy.com/course/career-self-development-top-20-growth-tips-for-2024/
Gaining a Warrior Mindset,5967322,David Taylor,"Goal Achievement, Self-Esteem, Self Esteem & Confidence, Personal Development",Confidence,All Levels,1 hour,4.9,14,714,Free,5/2024,0,0,4,https://www.udemy.com/course/gaining-a-warrior-mindset/
The Leadership Accelerator,6603847,Nate Dinet,"Other Office Productivity, Office Productivity",Confidence,All Levels,4.5 hours,5.0,48,5021,"Rp149,000",7/2025,0,0,0,https://www.udemy.com/course/the-leadership-accelerator/
AZ-500: Azure Security Engineer Practice Exam Jan' 2025,6102829,Pawan Chawla,"IT Certifications, IT & Software",Confidence,All Levels,N/A,N/A,N/A,2,"Rp149,000",1/2025,0,0,0,https://www.udemy.com/course/az-500-microsoft-azure-security-engineer-practice-exam-2024/
"Free Your Mind, Free Your Voice!",5752730,Anouska Taylor,"Public Speaking, Positive Psychology, Career Development, Personal Development",Confidence,All Levels,1 hour,4.6,15,60,"Rp149,000",1/2024,0,0,7,https://www.udemy.com/course/freeyourvoice/
"Enhance Mind & Body: Coordination, Confidence, Sex Appeal.",5792424,Milena Milosevic,"Fitness, Dance, Health & Fitness",Confidence,All Levels,1 hour,5.0,5,7,"Rp149,000",2/2024,0,0,0,https://www.udemy.com/course/enhance-mind-body-coordination-confidence-sex-appeal/
"Annihilate Anxiety, Stress, Fears & Habits!!",5685588,Sandy Ames,"Master Your Emotions, Anxiety Management, Stress Management, Personal Transformation, Personal Development",Confidence,Beginner,2 hours,4.8,N/A,4,"Rp149,000",12/2023,0,0,0,https://www.udemy.com/course/annihilate-anxiety-stress-fears-habits/
Successful Public Speaking Class; Full Guide to Pro Speech,2445534,Ma Barakat,"Public Speaking, Presentation Skills, Communication Skills, Career Development, Personal Development",Confidence,All Levels,1.5 hours,4.1,117,1260,"Rp149,000",7/2019,0,0,0,https://www.udemy.com/course/fear-of-public-speaking-class-improve-communication-skills/
Chill out: a guide to beating anxiety and finding your calm,6822169,Teodora Goloiu,"Anxiety Management, Stress Management, Mindfulness, Mental Health, Health & Fitness",Confidence,Intermediate,2 hours,5.0,4,5,"Rp149,000",9/2025,0,0,0,https://www.udemy.com/course/mind-body-guide-to-beating-anxiety-and-finding-your-calm/
How to Journal for Mental Health,5943982,Tracy Ann Wood,"Journaling, Self Esteem & Confidence, Personal Development",Confidence,Beginner,1.5 hours,4.7,32,1185,"Rp149,000",10/2024,1,0,4,https://www.udemy.com/course/how-to-journal-for-mentalhealth/
5 Days to Find Your True Confidence and Live Your Best Life,4427042,Nida Tanveer,"Confidence, Motivation, Personal Development",Confidence,All Levels,1 hour,4.7,N/A,N/A,"Rp149,000",12/2021,3,0,0,https://www.udemy.com/course/5-days-to-find-your-true-confidence-and-live-your-best-life/
Charismatic Voice - Blueprint For Amazing Vocal Persona,6653657,Darashikoh Hashmi,"Voice Training, Personal Transformation, Personal Development",Confidence,Intermediate,1.5 hours,4.5,15,153,"Rp149,000",6/2025,4,0,0,https://www.udemy.com/course/charismatic-voice-blueprint-for-amazing-vocal-persona/
Find Your Depth in a Shallow World,4670928,Shaun Roundy,"Self-Awareness, Self Esteem & Confidence, Personal Development",Confidence,All Levels,2 hours,5.0,1,5,"Rp149,000",5/2022,0,0,12,https://www.udemy.com/course/identity101/
Master English Vocabulary: Build Confidence and Fluency,6873645,Ivy Zorvan,"English Vocabulary, English Grammar, English Language, Language Learning, Teaching & Academics",Confidence,All Levels,1 hour,4.9,6,1003,"Rp149,000",10/2025,0,0,0,https://www.udemy.com/course/learn-english-vocabulary/
The Confident Speaker Blueprint - A Public Speaking Course,5169118,Kenneth Ogbebor,"Public Speaking, Communication, Business",Confidence,All Levels,9 hours,4.3,4,40,"Rp149,000",3/2023,0,0,3,https://www.udemy.com/course/the-confident-speaker-blueprint-a-public-speaking-course/
Reinvent Yourself : A Solar Plexus Chakra Healing Initiation,4824522,James Seriph,"Personal Transformation, Personal Productivity, Personal Development",Confidence,Intermediate,5 hours,4.9,41,469,"Rp149,000",5/2023,7,0,6,https://www.udemy.com/course/reinvent-yourself-a-solar-plexus-chakra-healing-initiation/
Inspiring Virtual Speaking,3632048,Julia Kraft,"Public Speaking, Career Development, Personal Development",Confidence,All Levels,44 mins,5.0,2,12,"Rp149,000",3/2021,0,0,1,https://www.udemy.com/course/inspiring-virtual-speaking/
The Expert in You! You Are Much More Than You Think You Are,1415004,Brent Dalley,"Personal Transformation, Personal Development",Confidence,All Levels,5 hours,4.4,11,1176,"Rp149,000",12/2017,0,0,18,https://www.udemy.com/course/the-expert-in-you-you-are-much-more-than-you-think-you-are/
Self-Esteem: Self-Discipline and Emotional Control at Work,614752,Robin Hills,"Emotional Intelligence, Communication, Business",Confidence,Intermediate,2.5 hours,4.4,38,1615,"Rp149,000",8/2025,9,0,11,https://www.udemy.com/course/expressing-yourself-with-impact/
Manage Anxiety: Evidence-Based Tools to Overcome Worry & Reg,3501988,Tonia Lloyd MSc LCADC CCS,"Resilience, Motivation, Self-Awareness, Parenting & Relationships, Personal Development",Confidence,Beginner,3 hours,5.0,7,30,"Rp149,000",9/2025,0,0,10,https://www.udemy.com/course/resilient-stars-program-modified/
Leadership & Communication Skills for Professionals,6684841,Benjamin Thompson,"Emotional Intelligence, Leadership, Communication Skills, Confidence, Self Esteem & Confidence",Confidence,All Levels,3 hours,4.9,7,16,"Rp149,000",2/2026,34,0,34,https://www.udemy.com/course/master-the-real-world-human-skills-for-life-leadership/
Hypnosis- Learn To Add Strong Points To Your Personality,560416,Pradeep Aggarwal,"Hypnosis, Esoteric Practices, Lifestyle",Confidence,All Levels,40 mins,4.6,6,1107,"Rp149,000",8/2022,0,0,0,https://www.udemy.com/course/hypnosis-learn-to-add-strong-points-to-your-personality/
Learn How To Develop Self-Awareness,2169780,Brent Dalley,"Personal Transformation, Personal Development",Confidence,All Levels,4 hours,4.8,9,1049,"Rp149,000",9/2020,0,0,5,https://www.udemy.com/course/learn-how-to-develop-self-awareness/
How to overcome Perfectionism and Fear of Failure?,2396494,Narmina Gasimova,"Happiness, Anxiety Management, Personal Development",Confidence,All Levels,4.5 hours,4.3,62,380,"Rp149,000",4/2026,1,0,1,https://www.udemy.com/course/how-to-stop-feeling-like-a-loser/
Walk Like a Gentleman 101: How Men Should Walk With Style,6344145,Ryson Fernandes,"Personal Transformation, Personal Development",Confidence,Beginner,1 hour,4.7,5,712,"Rp149,000",4/2025,0,0,0,https://www.udemy.com/course/walk-like-a-gentleman-101-how-men-should-walk-with-style/
From Nice Girl to Dream Girl,5754058,Saman Nasir,"Personal Transformation, Personal Development",Confidence,All Levels,6.5 hours,5.0,2,14,"Rp949,000",5/2025,0,0,0,https://www.udemy.com/course/from-nice-girl-to-dream-girl/
"Discovering You - After All, You Are Awesome",1432374,Brent Dalley,"Self-Esteem, Self-Acceptance, Self Esteem & Confidence, Personal Development",Confidence,Intermediate,5.5 hours,4.5,17,1292,"Rp149,000",11/2018,0,0,15,https://www.udemy.com/course/discovering-you-after-all-you-are-awesome/
Body & Mind Reading Masterclass,4445250,Martin Semerad,"Nonverbal Communication, Body Language, Communication Skills, Leadership, Personal Development",Confidence,All Levels,5.5 hours,4.1,55,1362,"Rp149,000",9/2022,0,0,28,https://www.udemy.com/course/body-mind-reading/
The Amazing Routine: A Daily Routine To Transform Your Life,1401002,Derek Franklin,"Personal Development, Morning Routine, Happiness, Habits, Personal Transformation",Confidence,Beginner,3.5 hours,4.4,71,2982,"Rp149,000",7/2021,0,0,21,https://www.udemy.com/course/create-a-daily-success-routine/
Supercharge Your Horse Riding Confidence,4051496,Nicky Pennie,"Horsemanship, Confidence, Personal Development, Mindset, Other Personal Development",Confidence,All Levels,1.5 hours,4.7,40,160,"Rp149,000",5/2021,0,0,1,https://www.udemy.com/course/supercharge-your-horse-riding-confidence/
Personality Development Course : Learn Practical tips,4487308,Aakaro Consulting,"Personality, Personal Transformation, Personal Development",Confidence,All Levels,2.5 hours,4.2,187,4886,"Rp149,000",4/2026,2,0,11,https://www.udemy.com/course/personality-development-course-new/
Investing For Beginners: The Complete Course,4053924,"Steve Ballinger, MBA","Investing, Personal Finance, Stock Trading, Fundamental Analysis, Investing & Trading",Confidence,Beginner,6 hours,4.7,1793,12846,"Rp149,000",2/2026,1,0,0,https://www.udemy.com/course/investing-for-beginners-the-complete-course-stocks-cryptocurrency-nft/
Develop A Winning Attitude Through Self Hypnosis,576280,Pradeep Aggarwal,"Self-Hypnosis, Hypnosis, Esoteric Practices, Lifestyle",Confidence,All Levels,37 mins,4.3,9,1044,"Rp149,000",8/2015,0,0,0,https://www.udemy.com/course/develop-a-winning-attitude-through-self-hypnosis/
Improve Your Personal Life With 15 Positive Techniques,690882,Pradeep Aggarwal,"Personal Branding, Happiness, Personal Development",Confidence,All Levels,1 hour,4.0,17,2086,"Rp149,000",12/2015,0,0,0,https://www.udemy.com/course/improve-your-personal-life-with-15-positive-techniques/
Up! 2: Personal Growth Plan (Intro to You 2.0),4185798,"John W. Tanner, J.D.|M.S.","Personal Development, Goal Achievement, Personal Transformation",Confidence,Beginner,43 mins,4.4,19,1826,"Rp149,000",7/2024,0,0,15,https://www.udemy.com/course/up_personal_growth_plan/
Reclaiming Your Positive Self-Esteem,143762,Terry Ledford,"Self-Esteem, Self Esteem & Confidence, Personal Development",Confidence,All Levels,4 hours,4.4,51,654,"Rp149,000",1/2014,0,0,16,https://www.udemy.com/course/reclaiming-your-positive-self-esteem/
The New You - Charismatic Personality Development,3215081,Cogeds Dr. Vijay Anand Sriram,"Personal Development, Leadership, Stress Management, Personal Transformation",Confidence,All Levels,1.5 hours,4.4,35,386,"Rp149,000",2/2022,0,0,8,https://www.udemy.com/course/the-new-you-charismatic-personality-development/
Master Multiple Choice Tarot Readings with Confidence,4902814,Sal Jade,"Tarot Reading, Spiritual Healing, Religion & Spirituality, Personal Development",Confidence,Intermediate,4.5 hours,4.9,132,995,"Rp149,000",3/2026,3,0,9,https://www.udemy.com/course/multiple-choice-tarot-readings/
Dance Floor Confidence | How to Dance at a Club - for Men,153554,Brian Bee,"Dance, Confidence, Health & Fitness",Confidence,Beginner,3.5 hours,4.6,298,5108,"Rp149,000",8/2016,0,0,0,https://www.udemy.com/course/how-to-dance-at-a-club/
Teen Personal Growth - Leadership Program,6451331,Naomi Nye,"Self Esteem & Confidence, Personal Development",Confidence,Beginner,1.5 hours,4.5,3,15,"Rp149,000",2/2025,0,0,11,https://www.udemy.com/course/teen-personal-growth-leadership-program/
Classy Alpha: The New Rules of Modern Masculinity,6395919,StreetSmart Labs,"Leadership, Etiquette, Personal Development",Confidence,All Levels,1 hour,5.0,1,6,"Rp149,000",11/2025,0,0,7,https://www.udemy.com/course/shortcut-to-alpha-male-with-chivalry/
Overcoming Perfectionism and People-Pleasing,3646533,"Emma McAdam, Carly LeBaron","Self-Acceptance, Mental Health, Health & Fitness",Confidence,All Levels,4 hours,4.5,64,429,"Rp1,099,000",6/2021,2,0,1,https://www.udemy.com/course/overcoming-perfectionism/
Leading a Data-Driven Culture with Confidence,5124886,"Justin Bateh, PhD, Projects Right","Decision Making, Business Analytics & Intelligence, Business",Confidence,Beginner,1 hour,4.5,1841,6900,"Rp149,000",4/2025,0,0,2,https://www.udemy.com/course/data-driven-decisions-for-leaders-data-science-business/
Unleash Your Inner Greatness (with Bonus materials),5991276,Krisztina Rudnay-Peters,"Personal Development, Self-Esteem, Confidence, Self Esteem & Confidence",Confidence,All Levels,3.5 hours,4.7,10,802,"Rp149,000",7/2024,1,0,2,https://www.udemy.com/course/unleash-your-inner-greatness/
YOU 2.0: How To Instantly Upgrade Your Life,1184030,Derek Franklin,"Personal Development, Habits, Personal Success, Personal Transformation",Confidence,All Levels,1 hour,4.5,91,3391,"Rp149,000",1/2020,0,0,1,https://www.udemy.com/course/how-to-instantly-upgrade-your-life/
Boosting Personal Growth & Personality Development-Certified,3342792,Karan Setia,"Personal Development, Personal Productivity, Personality, Personal Transformation",Confidence,All Levels,1 hour,4.5,62,2435,"Rp149,000",8/2020,0,0,5,https://www.udemy.com/course/boosting-personal-growth-personality-development-certified/
Helping Skills & Advising: Guide Students with Confidence,6776889,Dina Torkhani,"Other Personal Development, Personal Development",Confidence,Beginner,1.5 hours,4.6,5,604,"Rp149,000",11/2025,0,0,1,https://www.udemy.com/course/helping-skills-advising-guide-students-with-confidence/
Confidence and Motivation Development and Maintenance - pt 2,6096691,Michael Wilkovesky,"Confidence, Self Esteem & Confidence, Personal Development",Confidence,All Levels,1 hour,4.7,N/A,N/A,"Rp699,000",8/2024,0,0,14,https://www.udemy.com/course/confidence-and-motivation-development-and-maintenance-pt-2/
Master Personality Power For Influence And Success,312466,Silvia Wright-Davies,"Influence Skills, Personal Success, Personality, Communication, Business",Confidence,Intermediate,2.5 hours,4.4,1761,6195,"Rp149,000",1/2026,12,0,2,https://www.udemy.com/course/personalities-matter/
Transform Your Life: 30 Experiments in Personal Change,1390146,"Thomas Carroll, PhD","Personal Development, Personal Success, Personal Transformation",Confidence,All Levels,3 hours,4.2,23,1711,"Rp149,000",7/2025,1,0,3,https://www.udemy.com/course/transform-your-life-experiments-in-personal-change/
How to Stop People Pleasing Once and For All,1709376,Marcia Sirota,"Assertiveness, Relationship Building, Personal Development, Parenting & Relationships",Confidence,Beginner,2 hours,4.5,74,243,"Rp249,000",6/2018,0,0,0,https://www.udemy.com/course/how-to-stop-people-pleasing-once-and-for-all/
Promote Yourself at Work: Advance Your Career VOLUME 2,6297297,Feliciano Mangueleze,"Personal Brand Building, Personal Development",Confidence,All Levels,1 hour,4.6,23,696,"Rp149,000",11/2024,0,0,0,https://www.udemy.com/course/promote-yourself-at-work-advance-your-career-volume-2/
The Top 10 Power Skills you Need,4323528,Ahmed Elsamahi,"Soft Skills, Personal Networking, Communication Skills, Career Development, Personal Development",Confidence,Beginner,1.5 hours,4.5,23,1263,"Rp149,000",11/2021,0,0,0,https://www.udemy.com/course/the-top-10-soft-skills-you-need/
7 Days Self Love Self Acceptance Meditation Course,5231714,Shining Mind,"Meditation, Childhood Trauma Healing, Self-Awareness, Spiritual Healing, Health & Fitness",Confidence,All Levels,2 hours,4.6,25,309,"Rp149,000",6/2023,0,0,1,https://www.udemy.com/course/7-days-self-love-meditation-course/
"Confidence and Success, with Ancient-Egyptian Wisdom",2615728,Charles K,"Personal Development, Personal Transformation",Confidence,Beginner,1.5 hours,4.9,7,41,"Rp149,000",12/2019,0,0,0,https://www.udemy.com/course/confidence-and-success-with-ancient-egyptian-wisdom/
Communication & Public Speaking Skills For Beginners,4980492,Sumreen Mahmood,"Communication Skills, Communication, Business",Confidence,All Levels,4.5 hours,4.4,121,13330,"Rp149,000",5/2023,0,0,0,https://www.udemy.com/course/mastering-communication-skills-public-speaking-skills-course/
Fearless leadership: Become the leader you are meant to be,5274872,"Jeboria Scott, Lorraine Walker | Mind You Therapy, Vicki Chisholm, Adriana Cabello, Yasmin Vorajee, Vicky Valdes","Leadership, Personal Development",Confidence,All Levels,2 hours,3.9,28,7532,"Rp149,000",6/2023,1,0,1,https://www.udemy.com/course/fearless-leadership-become-the-leader-you-are-meant-to-be/
Know Yourself,2807907,James Hill,"Self-Awareness, Happiness, Personal Development",Confidence,Beginner,2 hours,4.5,137,4280,"Rp249,000",5/2020,0,0,3,https://www.udemy.com/course/know-yourself/
Transform Your Life through Personal Development,6069501,Vinay Kumar,"Personal Development, Personality, Personal Transformation",Confidence,All Levels,2 hours,5.0,6,27,"Rp149,000",1/2026,0,0,0,https://www.udemy.com/course/transform-your-life-through-personal-development/
Professional Communication for Managers & Leaders,7059181,"MTF Institute of Management, Technology and Finance","Communication Skills, Management Skills, Business Communication, Public Speaking, Management",Confidence,All Levels,2.5 hours,5.0,7,115,"Rp149,000",4/2026,1,0,0,https://www.udemy.com/course/communication-training/
Impactful Public Speaking for Intrepid Introverts,327742,Pablo F German,"Public Speaking, Communication, Business",Confidence,All Levels,2.5 hours,4.6,15,1103,"Rp149,000",12/2015,0,0,5,https://www.udemy.com/course/public-speaking-for-introverts/
"Managing Fear Of Failure, and Rejection Mindfully",5063648,Natasha Rose Mills,"Confidence, Personal Development, Self-Esteem, Stress Management, Personal Transformation",Confidence,All Levels,1 hour,4.5,9,824,"Rp149,000",1/2023,0,0,6,https://www.udemy.com/course/managing-fear-of-failure-and-rejection-judgements-mindfully/
Teach dance with confidence and fill your dance classes,6115385,Anika Wang,"Confidence, Dance, Charisma, Teaching Online, Teacher Training",Confidence,Beginner,1 hour,4.5,1,6,"Rp149,000",8/2024,0,0,0,https://www.udemy.com/course/teach-dance-with-confidence-and-fill-your-dance-classes/
LGBTQ+ Allyship at Work: Real Skills and Examples,6712353,"Ron Trucks, MBA, Explainer-In-Chief, Nikki Harrington","Diversity and Inclusion, Management, Business",Confidence,All Levels,1.5 hours,4.5,16,60,"Rp447,000.00",3/2026,0,0,28,https://www.udemy.com/course/lgbtqallyship/
Communication Skills Basics,6238165,Excel Mojo,"Communication Skills, Communication, Business",Confidence,All Levels,1 hour,4.6,11,114,"Rp149,000",10/2024,0,0,0,https://www.udemy.com/course/communication-skills-basics/
The Unstoppable Discipline Program - Masterclass,2324988,Andrei Antoniu,"Personal Transformation, Psychology, Neuro-Linguistic Programming (NLP), Personal Productivity, Personal Development",Confidence,All Levels,2.5 hours,4.5,399,5446,"Rp149,000",8/2019,2,0,18,https://www.udemy.com/course/the-unstoppable-discipline-program/
Overcome Shyness Now Using NLP Techniques,312162,Pradeep Aggarwal,"Neuro-Linguistic Programming (NLP), Motivation, Personal Development",Confidence,All Levels,35 mins,4.1,19,1591,"Rp149,000",10/2014,0,0,0,https://www.udemy.com/course/overcome-shyness-now-using-nlp-techniques/
Money Management Fundamentals,6937687,"David Barras-Baker, Medalid Blanco-Nieto","Personal Finance, Finance Fundamentals, Personal Transformation, Personal Development",Confidence,All Levels,2.5 hours,4.7,9,24,"Rp149,000",2/2026,0,0,54,https://www.udemy.com/course/money-management-fundamentals/
Public Speaking Success: IMPROMPTU public speaking,1199032,Shola Kaye,"Public Speaking, Communication, Business",Confidence,All Levels,1 hour,4.3,340,2697,"Rp149,000",1/2018,11,0,2,https://www.udemy.com/course/impromptu-public-speaking-success-in-7-days/
Crucial Public Speaking Skills,297254,Ramakrishna Reddy,"Public Speaking, Communication, Business",Confidence,Beginner,1.5 hours,4.4,28,2003,"Rp149,000",8/2016,0,0,4,https://www.udemy.com/course/speak-as-smooth-as-silk/
Job Interview & GD Mastery : Step-by-Step Success Blueprint,4548602,Ashish G,"Interviewing Skills, Resume and CV Writing, Career Development, Personal Development",Confidence,All Levels,3 hours,4.9,86,469,"Rp149,000",8/2025,5,0,99,https://www.udemy.com/course/3-in-1-interview-gd-resume-eng/
Reskilling Your Organization: Build a Future-Ready Workforce,6303859,GenMan Solutions,"Career Development, Management, Business",Confidence,All Levels,2 hours,4.5,55,4137,"Rp149,000",12/2024,1,0,0,https://www.udemy.com/course/reskilling-organization/
"Feel Good about YOU, Right NOW! Practical Guide",320540,Amanda Bennetts,"Self-Acceptance, Self Esteem & Confidence, Personal Development",Confidence,All Levels,1 hour,4.9,6,1324,"Rp149,000",2/2025,6,0,0,https://www.udemy.com/course/how-to-feel-good-about-you-right-now-practical-guide/
Mindfulness for Social Anxiety,1423276,Chris Worfolk,"Mindfulness, Anxiety Management, Meditation, Health & Fitness",Confidence,Intermediate,1 hour,4.6,17,116,"Rp149,000",1/2026,5,0,8,https://www.udemy.com/course/mindfulness-for-social-anxiety/
Have The MENTALITY OF A PERSON With Nothing To LOSE (21-Day),5696932,Niyazi Harmanbaşı,"Self-Esteem, Happiness, Personal Transformation, Self Esteem & Confidence, Personal Development",Confidence,All Levels,1 hour,5.0,2,225,"Rp447,000.00",4/2024,3,0,1,https://www.udemy.com/course/have-the-mentality-of-a-person-with-nothing-to-lose-21-day/
Spending with Confidence,5934948,"Joe Conklin Shure, CFP®","Money Management Tools, Finance & Accounting",Confidence,Beginner,1.5 hours,5.0,1,3,"Rp149,000",1/2025,0,0,0,https://www.udemy.com/course/spending-with-confidence/
Empowerment Training for Success and Business Leadership,3667010,Rebbie Straubing,"Empowerment, Career Development, Happiness, Personal Success, Personal Development",Confidence,All Levels,2 hours,4.3,25,4475,"Rp149,000",12/2020,17,0,19,https://www.udemy.com/course/empowerment-success-leadership/
Effective Emceeing (Basic) The Shy Speakers' Guide,661028,"Gary Guwe, Joshua Sim","Public Speaking, Influence, Personal Development",Confidence,Beginner,1.5 hours,3.8,18,428,"Rp149,000",11/2015,1,0,0,https://www.udemy.com/course/effective-emceeing-basic/
Phone Sales Training Course: Master Selling on the Phone,2363046,Nader Nadernejad,"Cold Calling, Sales Skills, Confidence, Sales, Business",Confidence,All Levels,1.5 hours,4.5,567,2739,"Rp149,000",1/2024,3,0,2,https://www.udemy.com/course/phone-sales/
Magically overcome your fear of Failure and Rejection,661000,Jordan Ovejas,"Magic Tricks, Confidence, Personal Transformation, Personal Development",Confidence,All Levels,1.5 hours,4.2,32,3423,"Rp149,000",8/2022,6,0,0,https://www.udemy.com/course/iammagicsecrets/
Certified: Solar Plexus Chakra: The Ideal You,4105470,Elena the Greek,"Energy Healing, Chakra, Spiritual Healing, Coaching, Esoteric Practices",Confidence,All Levels,7 hours,4.8,32,247,"Rp149,000",1/2022,4,0,8,https://www.udemy.com/course/solar-plexus-chakra-the-ideal-you-energy-healing/
Professional Diploma in Office Reception & Client Handling,7044851,KHADIJA BENYACH,"Customer Service, Office Productivity, Customer Success Management (CSM), Office Administration, Management",Confidence,All Levels,2.5 hours,5.0,2,3,"Rp149,000",2/2026,0,0,0,https://www.udemy.com/course/professional-diploma-in-office-reception-client-handling/
Become The Man Women Want: From Average to Amazing,6296115,King Coaching Academy,"Dating, Other Lifestyle, Lifestyle",Confidence,All Levels,1.5 hours,4.0,1,24,"Rp149,000",12/2024,0,0,0,https://www.udemy.com/course/become-the-man-women-want-from-average-to-amazing/
Mastering Sales Negotiation for High-Value Deals,6014546,YouAccel Training,"Negotiation, Sales Skills, Business Communication, Sales, Business",Confidence,All Levels,21 hours,4.2,28,7280,"Rp149,000",1/2025,1,0,75,https://www.udemy.com/course/mastering-sales-negotiation-for-high-value-deals/
Presentation Skills: Communications Skills & Public Speaking,1400808,Gab Jean,"Communication Skills, Presentation Skills, Storytelling, Public Speaking, Communication",Confidence,All Levels,4 hours,3.5,100,6203,"Rp149,000",10/2017,0,0,0,https://www.udemy.com/course/presentation-skills-communications-skills-public-speaking/
Learning to Say No,1397710,E-cademy by HR Footprints,"Assertiveness, Personal Transformation, Personal Development",Confidence,All Levels,37 mins,4.2,23,98,"Rp449,000",10/2017,0,0,0,https://www.udemy.com/course/learning-to-say-no/
Understanding Anxious Attachment,6481267,Barchi Fojkar,"Relationship Building, Anxiety Management, Toxic Relationship Coping, Parenting & Relationships, Personal Development",Confidence,All Levels,1 hour,3.8,7,14,"Rp149,000",2/2025,0,0,5,https://www.udemy.com/course/understanding-anxious-attachment/
Dads guide to re-discovering your Mojo in two easy steps,4814260,Tim Wagner,"Personal Transformation, Personal Development",Confidence,Beginner,3 hours,4.6,N/A,6,"Rp149,000",10/2022,0,0,0,https://www.udemy.com/course/create-a-new-personal-reality/
Heal your breakup Divorce recovery Meditation Healing Course,5469136,Shining Mind,"Grief Healing, Divorce, Toxic Relationship Coping, Parenting & Relationships, Personal Development",Confidence,Beginner,3 hours,4.8,20,50,"Rp149,000",9/2023,0,0,0,https://www.udemy.com/course/heal-your-breakup-divorce-recovery-meditation-healing-course/
Business Development Executive Coaching 4 Cold Calling Sales,452240,John Colley,"Business Development, Sales Skills, Business Fundamentals, Business Strategy, Sales",Confidence,All Levels,7.5 hours,4.5,138,4605,"Rp149,000",6/2024,1,0,76,https://www.udemy.com/course/business-development-sales/
The AI Playbook for Making Decisions - Smarter and Faster,6353299,Idan Gabrieli,"Decision Making, Personal Productivity, Personal Development",Confidence,Beginner,2 hours,5.0,3,318,"Rp149,000",9/2025,1,0,0,https://www.udemy.com/course/the-ai-playbook-for-making-decisions-smarter-and-faster/
Self Discipline Mastery,6033278,David Taylor,"Self-Discipline, Personal Transformation, Personal Development",Confidence,All Levels,32 mins,4.5,17,465,"Rp149,000",7/2024,0,0,3,https://www.udemy.com/course/self-discipline-mastery/
Concepts in Personality Development,1444006,Anshuman Sharma,"Personality, Personal Development, Personal Transformation",Confidence,Beginner,3 hours,4.2,32,1977,"Rp447,000.00",6/2018,0,0,7,https://www.udemy.com/course/concepts-in-personality-development/
Interview Skills with an Impact,3834734,Krzysztof Kolodzinski,"Interviewing Skills, Career Development, Personal Development",Confidence,All Levels,1 hour,4.5,5,8,"Rp149,000",6/2024,0,0,2,https://www.udemy.com/course/interview-skills-with-an-impact/
AI For Leaders,6612197,"Steve Ballinger, MBA","Leadership, Artificial Intelligence (AI), Management Skills, Generative AI (GenAI), Human Resources",Confidence,All Levels,1 hour,4.2,448,1842,"Rp149,000",2/2026,1,0,0,https://www.udemy.com/course/ai-for-leaders-course/
Communication Skills and Personality Development,4580156,Fredrick Ezeh (PMP Certified),"Communication Skills, Personal Transformation, Personal Development",Confidence,All Levels,1.5 hours,4.4,37,388,"Rp229,000",3/2022,0,0,0,https://www.udemy.com/course/communication-skills-and-personality-development/
Effective and Powerful English with Confidence,2835294,Federico von Borstel,"English Grammar, Language Learning, Teaching & Academics",Confidence,All Levels,4 hours,5.0,2,17,"Rp149,000",9/2023,0,0,0,https://www.udemy.com/course/effective-and-powerful-english-with-confidence/
ITIL Foundation Version 5 Uncovered,7113637,Arno Esterhuizen,"Management, Business",Confidence,All Levels,4 hours,5.0,8,27,"Rp149,000",4/2026,1,0,1,https://www.udemy.com/course/itil-5-foundation/
From Idea to Impact: Plan Your Community Project,6382383,Rachel Ireland,"Creative Thinking, Social Impact, Creativity, Personal Development",Confidence,Beginner,1.5 hours,5.0,N/A,3,"Rp149,000",2/2026,0,0,1,https://www.udemy.com/course/creativejourney/
AI for Communication Skills: Verbal & Nonverbal (Non Verbal),6742017,"Arun Singhal B-Tech, MBA (IIM-B),Unilever, J&J, Danone, IIMU, Cello","Communication Skills, Nonverbal Communication, Business Communication, Communication, Business",Confidence,All Levels,4.5 hours,3.8,7,5047,"Rp149,000",3/2026,0,0,34,https://www.udemy.com/course/ai-for-verbal-non-verbal-communication-excellence/
Personality development for success - Boundaries!,3914794,Megan Warren,"Mental Health, Personal Transformation, Personal Development",Confidence,All Levels,41 mins,4.2,12,37,"Rp149,000",5/2021,0,0,5,https://www.udemy.com/course/make-life-work-for-you-boundaries/
Master Your Inner Peace – Remain Positive and Unaffected,639852,"Global Harmony Crew, Vegard Havre Paulsen, Vegard Gjerde","Mindfulness, Stress Management, Meditation, Positive Thinking, Personal Development",Confidence,All Levels,1.5 hours,4.1,87,2579,"Rp149,000",2/2016,2,0,3,https://www.udemy.com/course/5-steps-to-inner-peace/
True Leadership: Lead with Confidence and Clarity,6997025,Jaret Grossman,"Leadership, Management Skills, Personal Development, Manager Training",Confidence,All Levels,1 hour,2.5,1,3,"Rp149,000",1/2026,0,0,0,https://www.udemy.com/course/true-leadership-lead-with-confidence-and-clarity/
Feminine Energy & Confidence: Explore your femininity,3925796,Eden Conrad,"Confidence, Self Esteem & Confidence, Personal Development",Confidence,All Levels,1.5 hours,4.1,22,104,"Rp149,000",3/2021,0,0,0,https://www.udemy.com/course/explore-your-femininity-in-7-days/
Raise your vibrations - by developing self awareness,2580964,Tara Khanom,"Personal Transformation, Emotional Intelligence, Self-Awareness, Personal Development",Confidence,All Levels,1.5 hours,4.5,22,4908,"Rp249,000",8/2022,1,0,7,https://www.udemy.com/course/raise-your-vibrations-1/
Motivation & Engagement: Practical Tools for Leaders,6814185,Eduard Pchelkin,"Leadership, Management, Business",Confidence,Beginner,1 hour,5.0,4,104,"Rp149,000",9/2025,0,0,4,https://www.udemy.com/course/motivation-engagement-practical-tools-for-leaders/
How to Unleash Your Growth Potential?,5163642,AZIZ ULLAH,"Personal Transformation, Growth Mindset, Career Development, Leadership, Personal Development",Confidence,Intermediate,1 hour,4.4,53,2204,"Rp149,000",7/2023,13,0,1,https://www.udemy.com/course/unleash-your-potential/
English for Telephoning: How To Make and Take Phone Calls,389772,Jacqueline Seidel,"Business English, English Language, Language Learning, Teaching & Academics",Confidence,Beginner,1.5 hours,4.2,45,393,"Rp149,000",5/2017,6,0,4,https://www.udemy.com/course/english-telephone-skills/
Mastering Logic: 13 Critical Thinking Techniques Explained,6415153,"Lucia Grosaru, M.A. Psy.","Critical Thinking, Philosophy, Logic, Humanities, Teaching & Academics",Confidence,All Levels,1.5 hours,4.6,14,708,"Rp149,000",12/2025,0,0,0,https://www.udemy.com/course/mastering-logic-13-critical-thinking-techniques-explained/
Women of Power,6123645,Larraine Segil,"Leadership, Personal Development",Confidence,Intermediate,2 hours,4.4,2,7,"Rp1,799,000",10/2024,0,0,26,https://www.udemy.com/course/women-of-power/
Self-Discipline & Self-Control: Think Like a Warrior!,1885994,Federico Fort,"Self-Discipline, Personal Transformation, Personal Development",Confidence,All Levels,2.5 hours,4.0,54,4638,"Rp149,000",2/2019,0,0,2,https://www.udemy.com/course/self-discipline-self-control/
REBT - Development and Transformation with Psychotherapy,1917196,Colegio de Vida / College of Life,"Rational Emotive Behavior Therapy (REBT), Psychotherapy, Cognitive Behavioral Therapy (CBT), Psychology, Personal Transformation",Confidence,All Levels,2.5 hours,4.3,11,135,"Rp547,000.00",9/2018,6,0,28,https://www.udemy.com/course/rebt-development-and-personal-transformation-with-psychotherapy/
Diploma in Growth Mindset & Leadership for Success (UK),6014114,"HeartbeatsZ Academy, UK","Growth Mindset, Self-Esteem, Personal Success, Personal Productivity, Personal Development",Confidence,All Levels,3.5 hours,4.5,3,394,"Rp149,000",3/2026,1,0,0,https://www.udemy.com/course/master-growth-mindset-for-success-certification-course/
The Powerful Performance of Speaking And Presenting,2378328,The Elite Team,"Public Speaking, Communication, Business",Confidence,All Levels,1 hour,4.2,4,760,"Rp149,000",9/2025,8,0,0,https://www.udemy.com/course/the-powerful-performance-of-speaking-and-presenting/
Design and Run Effective Meetings That Get Results,6687813,The Mind Lab,"Meetings, Other Office Productivity, Office Productivity",Confidence,All Levels,1 hour,4.9,4,59,"Rp149,000",7/2025,0,0,1,https://www.udemy.com/course/design-and-run-effective-meetings-that-get-results/
The Secrets of Personality,95676,Bogdan Vaida,"Personality, Personal Development, Communication Skills, Test Taking Skills, Personal Transformation",Confidence,All Levels,1.5 hours,3.9,26,1975,"Rp149,000",4/2017,4,0,9,https://www.udemy.com/course/the-secrets-of-personality/
Success vs Failure - Attitude matters (increase your focus),3369436,Rajesh C R (Productivity Coach),"Personality, Personal Development, Teamwork, Influence",Confidence,All Levels,1 hour,4.5,16,2553,"Rp149,000",8/2021,0,0,0,https://www.udemy.com/course/attitudeisaltitude-excel-in-personal-professional-life/
The Search For Self - Being Authentic,1811028,"Richard Butler, Scott Paton","Personal Development, Personal Transformation",Confidence,Beginner,2 hours,4.3,89,15481,"Rp149,000",8/2018,7,0,11,https://www.udemy.com/course/be-authentic/
Be a master in Communication Skills,2628366,Roshmi Roy,"Communication Skills, Career Development, Personal Development",Confidence,Intermediate,1.5 hours,4.0,8,28,"Rp149,000",1/2020,0,0,20,https://www.udemy.com/course/be-a-master-in-communication-skills/
Interpersonal Skills and Personality Development,3890538,Anuj Khanijau,"Communication Skills, Career Development, Personal Development",Confidence,All Levels,31 mins,4.2,32,873,"Rp149,000",4/2021,0,0,0,https://www.udemy.com/course/interpersonal-skills-and-personality-development/
Meeting Smarter: The Art of Leading Groups Well,6731733,Riva Stewart,"Operations, Business",Confidence,Beginner,37 mins,5.0,12,339,"Rp149,000",7/2025,0,0,7,https://www.udemy.com/course/meeting-smarter/
Mastering Interview Skills | Skills to Crack the Interview,4388638,B Yadgiri,"Interviewing Skills, Professional Portfolio, Resume and CV Writing, Career Development, Personal Development",Confidence,All Levels,1.5 hours,4.3,103,3183,Free,12/2023,0,0,0,https://www.udemy.com/course/how-to-answer-most-commonly-asked-interview-questions-r/
Be Confident in Your New Leadership/Senior Management Role,1277830,Ben Green,"Confidence, Management Skills, Management, Business",Confidence,Beginner,2 hours,4.3,28,157,"Rp149,000",7/2017,0,0,28,https://www.udemy.com/course/confident-in-your-new-role/
A Complete Guide to Self-Awareness,5972498,Adele Bradley,"Self-Awareness, Emotional Intelligence, Other Personal Development, Personal Development",Confidence,All Levels,42 mins,4.2,18,659,"Rp149,000",5/2024,0,0,3,https://www.udemy.com/course/a-complete-guide-to-self-awareness/
Dining Etiquette,3079628,Novika Vij,"Business Etiquette, Body Language, Social Skills, Personal Transformation, Personal Development",Confidence,All Levels,1 hour,4.1,30,361,"Rp149,000",3/2021,0,0,9,https://www.udemy.com/course/international-etiquette-by-novika-vij/
Parenting Teens with Confidence: Certified Practitioner,1386916,"Braco Pobric, Life Success Academy Marketplace Division","Parenting, College Admissions, Parenting & Relationships, Personal Development",Confidence,Beginner,3.5 hours,4.5,399,3379,"Rp149,000",3/2023,1,0,4,https://www.udemy.com/course/parentingteens/
English for Beginners: Learn in Hindi & Speak Confidently,6502683,Dr Arvinder Singh,"Other Teaching & Academics, Teaching & Academics",Confidence,Beginner,5 hours,4.5,17,118,"Rp149,000",5/2025,9,0,9,https://www.udemy.com/course/english-for-beginners-learn-in-hindi-speak-confidently/
Executive Communication for Engineers & Analysts,2424382,Crystal Tummala,"Business Communication, Conflict Management, Presentation Skills, Communication Skills, Communication",Confidence,All Levels,1.5 hours,4.2,14,904,"Rp149,000",9/2025,0,0,4,https://www.udemy.com/course/relationship-coaching-increase-love-sex-and-seduction/
DORA Compliance Course - Lead Implementation with Confidence,6087389,"Cyvitrix Learning | CISSP, CISM, CISA, GRC, Security+, SecAI+, Security+ Courses","EU Digital Operational Resilience Act (DORA), IT Certifications, IT & Software",Confidence,All Levels,9 hours,4.4,249,1275,"Rp149,000",3/2026,6,0,46,https://www.udemy.com/course/dora-training-digital-operational-resiliency-act/
Gain Confidence speaking with Native English Speakers,6097775,Steve Mac,"English Language, Language Learning, Teaching & Academics",Confidence,Intermediate,1.5 hours,4.5,5,564,"Rp149,000",9/2024,0,0,0,https://www.udemy.com/course/real-life-british-english-conversation-practice/
How to develop self compassion - Practical Plan,3715346,Vyas Professional Development Institute (VPDI),"Compassion, Love, Mindfulness, Depression Relief, Happiness",Confidence,All Levels,2 hours,4.2,18,6730,"Rp149,000",12/2025,0,0,4,https://www.udemy.com/course/developing-self-compassion-with-psychology-spirituality-self-love/
"Unlock Career Confidence: EFT, Hypnosis, and Affirmations",6170217,Alan Kirwan,"Career Change, Self-Esteem, Confidence, Motivation, Personal Development",Confidence,All Levels,2.5 hours,4.1,N/A,587,"Rp149,000",12/2024,0,0,30,https://www.udemy.com/course/unlock-career-confidence/
"Negotiating Work Flexibility: Remote, Hybrid & Flextime",6879405,PracticalGrowth Inc.,"Working Remotely, Negotiation, Other Office Productivity, Office Productivity",Confidence,All Levels,1.5 hours,4.2,7,32,"Rp149,000",2/2026,1,0,40,https://www.udemy.com/course/negotiating-work-flexibility-remote-hybrid-flextime/
Hypnotherapy And Hypnosis Certification Course: Mind Mastery,6772889,icourse Academy,"Hypnotherapy, Esoteric Practices, Lifestyle",Confidence,All Levels,4 hours,5.0,2,2298,"Rp149,000",8/2025,0,0,0,https://www.udemy.com/course/hypnotherapy-course-heal-minds-and-transform-lives/
DiSC Personality Types Leadership Training For Career Change,599208,Algernon A. Tucker,"Personality, Job Search, Leadership, Personal Development",Confidence,All Levels,5 hours,4.2,5,1655,"Rp299,000",2/2016,2,0,9,https://www.udemy.com/course/personal-power-goals-success-system-find-and-achieve-purpose/
