course_title,course_id,lecturer_name,related_topics,subject,level,durations,ratings,num_ratings,student,price,last_update,articles,exercise,downloadable_resources,url
3D Printing from Zero to Hero in Blender – FDM & MSLA,839134,Thomas McDonald,"3D Printing, Blender, 3D Modeling, 3D & Animation, Design",3D Printing,Beginner,10 hours,4.6,2069,17913,"Rp159,000",2/2026,4,0,119,https://www.udemy.com/course/learn-3d-printing/
3D Printing Masterclass: Beginner to Pro with Complete Start,6922187,NextGen 3D,"3D Printing, 3D & Animation, Design",3D Printing,All Levels,6.5 hours,4.4,40,1482,"Rp149,000",3/2026,0,0,50,https://www.udemy.com/course/3d-printing-masterclass-beginner-to-pro-with-complete-start/
Designing for 3D Printing with Fusion 360,958668,Vladimir Mariano,"Autodesk Fusion, 3D Modeling, 3D Printing, 3D & Animation, Design",3D Printing,Beginner,4 hours,4.6,9904,38336,"Rp159,000",7/2021,7,0,0,https://www.udemy.com/course/designing-for-3d-printing-with-fusion-360/
Autodesk Fusion 360 (2026) - Complete Beginners Guide,6439263,Christopher Richardson,"Autodesk Fusion, Mechanical Engineering, CAD Software, 3D & Animation, Design",3D Printing,Beginner,10.5 hours,4.7,1935,8477,"Rp159,000",3/2026,0,0,43,https://www.udemy.com/course/autodesk-fusion-360-year-2025-complete-beginners-guide/
3D Printing: From Start to Finish,1680146,Kevin Volo,"3D Printing, 3D & Animation, Design",3D Printing,Beginner,5.5 hours,4.5,1265,7612,"Rp159,000",7/2020,3,0,0,https://www.udemy.com/course/3d-printing-from-start-to-finish/
Bambu Rundown (Bambu Lab Studio & Printer Course),5307510,Gregg Cerenzio,"3D Printing, Other IT & Software, IT & Software",3D Printing,Beginner,13.5 hours,4.3,209,1321,"Rp149,000",3/2026,0,0,0,https://www.udemy.com/course/bambu-rundown/
How to Make Money With Your 3D Printer,2251910,Kevin Volo,"3D Printing, 3D & Animation, Design",3D Printing,Intermediate,3.5 hours,4.6,193,1455,"Rp149,000",2/2021,4,0,5,https://www.udemy.com/course/how-to-make-money-with-your-3d-printer/
Design For 3D Printing | Fusion 360 Masterclass,3991118,Steven Wolfe,"3D Printing, Autodesk Fusion, Other Design, Design",3D Printing,Beginner,9.5 hours,4.4,904,6087,"Rp149,000",12/2022,1,0,0,https://www.udemy.com/course/design-for-3d-printing-fusion-360-masterclass/
Complete Blender Creator: 3D Modelling (Compatible with 4.3),438522,"GameDev.tv Team, Rick Davidson, Grant Abbitt","3D Modeling, Game Development Fundamentals, 3D Animation, Blender, 3D & Animation",3D Printing,All Levels,14 hours,4.8,68391,345007,"Rp169,000",2/2026,4,0,85,https://www.udemy.com/course/blendertutorial/
Complete Blender Megacourse: Beginner to Expert,4651924,Skillademia Academy,"Blender, 3D Animation, 3D Modeling, 3D Texturing, 3D & Animation",3D Printing,All Levels,131 hours,4.5,10544,70439,"Rp169,000",3/2026,0,0,16,https://www.udemy.com/course/complete-blender-megacourse-beginner-to-expert/
TinkerCAD for Beginners with final Certificate,5259342,Jean Lambert Salvatori,"Tinkercad, 3D & Animation, Design",3D Printing,All Levels,3.5 hours,4.5,116,400,"Rp149,000",1/2025,1,0,1,https://www.udemy.com/course/tinkercad-3d-software-with-final-certificate/
Ultimate 3D Printing Course (FDM & Resin),2723354,Steven Mosbrucker,"3D Printing, Design Tools, Design",3D Printing,All Levels,22 hours,4.4,194,1393,"Rp149,000",6/2025,0,0,1,https://www.udemy.com/course/intro-to-3d-printing/
Application of 3D Printing Technology in Dentistry (2030),7078243,NextGen 3D,"3D Printing, 3D & Animation, Design",3D Printing,All Levels,2.5 hours,4.6,N/A,103,"Rp149,000",3/2026,0,0,33,https://www.udemy.com/course/application-of-3d-printing-technology-in-dentistry/
3D Printing for Entrepreneurs & Business Owners,7078253,NextGen 3D,"3D Modeling, 3D & Animation, Design",3D Printing,Beginner,2.5 hours,4.8,N/A,101,"Rp149,000",N/A,0,0,47,https://www.udemy.com/course/3d-printing-for-entrepreneurs-business-owners/
3D Printing Standards & Certification (Global 3D Standards),7078255,NextGen 3D,"3D Modeling, 3D & Animation, Design",3D Printing,Beginner,3 hours,4.8,N/A,101,"Rp149,000",3/2026,0,0,46,https://www.udemy.com/course/3d-printing-standards-certification-global-3d-standards/
3D Printing Fundamentals: Complete Beginner Theory Course,7078245,NextGen 3D,"3D Rendering, 3D & Animation, Design",3D Printing,Beginner,3.5 hours,4.8,N/A,113,"Rp149,000",3/2026,0,0,45,https://www.udemy.com/course/3d-printing-fundamentals-complete-beginner-theory-course/
3D Printing & Additive Manufacturing Theory Complete Course,7078247,NextGen 3D,"3D Modeling, 3D & Animation, Design",3D Printing,Beginner,3 hours,4.8,N/A,110,"Rp149,000",3/2026,0,0,41,https://www.udemy.com/course/3d-printing-additive-manufacturing-theory-complete-course/
AutoCAD 3D Modeling Essentials,6924725,Manal Abdullal,"3D & Animation, Design",3D Printing,All Levels,8.5 hours,5.0,59,1367,"Rp149,000",2/2026,1,0,3,https://www.udemy.com/course/autocad-3d-modeling-essentials/
3D Printing for Oil & Gas Industry – Complete Theory Course,7078257,NextGen 3D,"3D Modeling, 3D & Animation, Design",3D Printing,Beginner,5 hours,4.8,N/A,100,"Rp149,000",N/A,0,0,62,https://www.udemy.com/course/3d-printing-for-oil-gas-industry-complete-theory-course/
Robotic Design & Digital Fabrication in Architecture,7039493,Ahmed Khairadeen Ali,"Architectural Design, Design",3D Printing,All Levels,3 hours,4.5,N/A,N/A,"Rp149,000",2/2026,0,0,8,https://www.udemy.com/course/robotic-design/
AI-Powered 3D Modeling for 3D Printing,6876465,Dovydas Kersys,"Artificial Intelligence (AI), 3D Modeling, 3D Printing, 3D & Animation, Design",3D Printing,Beginner,33 mins,4.5,17,204,"Rp149,000",10/2025,0,0,0,https://www.udemy.com/course/ai-powered-3d-modeling-for-3d-printing/
Blender for 3D Printing - Beginner Basics & Effects (101),2291885,Jayson Wall,"3D Printing, Prototyping, Blender, 3D & Animation, Design",3D Printing,Beginner,4.5 hours,4.6,294,2822,"Rp149,000",1/2025,0,0,10,https://www.udemy.com/course/blender-for-3d-printing/
Beginners Guide to 3D Printing - Bootcamp with Fusion 360,5215802,Philip Cotton,"3D Printing, Autodesk Fusion, CAD Software, 3D & Animation, Design",3D Printing,Beginner,4 hours,4.6,193,1168,"Rp149,000",5/2024,0,0,13,https://www.udemy.com/course/beginners-ultimate-guide-to-3d-printing-fusion-360/
The Fundamentals of 3D Printing,5223568,Colin Meltzer,"3D Printing, Tinkercad, 3D & Animation, Design",3D Printing,Beginner,2 hours,4.7,33,175,"Rp149,000",3/2023,0,0,1,https://www.udemy.com/course/the-fundamentals-of-3d-printing/
3D Printing Business & Side Hustle Masterclass,6981121,NextGen 3D,"3D Printing, Entrepreneurship, Business",3D Printing,All Levels,4 hours,4.2,9,1359,"Rp149,000",3/2026,0,0,48,https://www.udemy.com/course/3d-printing-business-side-hustle-masterclass/
3D RUNDOWN (3D Printer Course),4514758,Gregg Cerenzio,"3D Printing, Hardware, IT & Software",3D Printing,Beginner,17 hours,4.6,212,1270,"Rp149,000",12/2025,0,0,7,https://www.udemy.com/course/3d-rundown/
3D Printing & Additive Manufacturing with Tinkercad & Cura,4346776,Naman kumar Gandhi,"3D Printing, Design Thinking, Engineering, Teaching & Academics",3D Printing,All Levels,5.5 hours,4.5,1004,8537,"Rp149,000",12/2025,0,0,3,https://www.udemy.com/course/additive-manuf-design-of-3d-printing-with-tinkercad-cura/
The Complete 3D-Printing Course - Masterclass,1605958,Manuel Stange,"3D Printing, 3D & Animation, Design",3D Printing,Beginner,2 hours,4.4,357,1711,"Rp149,000",6/2020,0,0,2,https://www.udemy.com/course/the-complete-3d-printing-course-masterclass/
Create and 3D Print Your First Character in Blender,6281973,Samuel Briskar,"3D Modeling, 3D & Animation, Design",3D Printing,Beginner,3.5 hours,4.9,6,98,"Rp149,000",11/2024,0,0,2,https://www.udemy.com/course/create-and-3d-print-your-first-character-in-blender/
Printing 3D - Fundamentals and advanced course - AulaGEO,3162350,"AulaGEO Academy, Golgi Alvarez","Mechanical Engineering, 3D Printing, CAD Software, SOLIDWORKS, 3D & Animation",3D Printing,All Levels,7 hours,4.5,148,4632,"Rp149,000",8/2024,0,0,7,https://www.udemy.com/course/solidworks-and-printing-3d-using-cura/
Master SOLIDWORKS 3D CAD using real-world examples,3898204,Johno Ellison,"SOLIDWORKS, Design Tools, Design",3D Printing,Beginner,19 hours,4.8,2308,18092,"Rp169,000",4/2022,0,0,12,https://www.udemy.com/course/solidworks2021/
Complete Fusion 360 All-in-One Course for Beginners (2025),6688295,CADArtifex LLC,"Autodesk Fusion, 3D Modeling, Design Tools, Design",3D Printing,All Levels,15 hours,4.4,118,1894,"Rp149,000",4/2026,1,0,126,https://www.udemy.com/course/complete-fusion-360-all-in-one-course-for-beginners/
TinkerCAD for 3D Models and Printing Zero to Hero in hours,4667164,Naman kumar Gandhi,"3D Modeling, Design Tools, Design",3D Printing,All Levels,1.5 hours,4.7,339,3764,"Rp149,000",3/2024,0,0,0,https://www.udemy.com/course/ultimate-design-course-on-tinkercad-zero-to-hero-in-hours/
Bambu Studio: Design Suitable for Manufacturing,6595009,Emincan Kutlu,"3D Printing, 3D Modeling, 3D & Animation, Design",3D Printing,All Levels,1.5 hours,4.1,43,241,"Rp149,000",6/2025,0,0,3,https://www.udemy.com/course/bambu-studio-design-suitable-for-manufacturing/
Design for 3D Printing Using Blender,4293762,Steven Wolfe,"3D Modeling, 3D Printing, Design Tools, Design",3D Printing,All Levels,1.5 hours,4.4,50,251,"Rp149,000",9/2021,0,0,4,https://www.udemy.com/course/design-for-3d-printing-using-blender/
Blender for 3D Printing - Learn All Blender Tools (201),5106864,Jayson Wall,"Blender, 3D Printing, 3D & Animation, Design",3D Printing,Intermediate,5 hours,4.5,70,581,"Rp149,000",1/2024,1,0,2,https://www.udemy.com/course/blender-tools-201/
Design for 3D Printing with Blender - 2023,4166920,Steven Wolfe,"3D Printing, 3D & Animation, Design",3D Printing,Beginner,2 hours,4.4,173,1073,"Rp149,000",1/2023,0,0,0,https://www.udemy.com/course/design-for-3d-printing-blender/
Creality Rundown (3D Printer Course),5686962,Gregg Cerenzio,"3D Printing, Hardware, IT & Software",3D Printing,Beginner,13 hours,4.4,26,174,"Rp149,000",1/2026,0,0,0,https://www.udemy.com/course/creality-rundown/
Zbrush to 3d Printing: Bring your 3d Models to Life,4644750,Nexttut Education Pvt.Ltd.,"zBrush, 3D Printing, 3D & Animation, Design",3D Printing,Intermediate,14 hours,4.6,149,1485,"Rp149,000",5/2022,0,0,0,https://www.udemy.com/course/zbrush-to-3d-printing/
"Think it, make it, sell it! 3D Printing for Fun and Profit!",302500,"Jonathan Jarc, M.Ed","3D Printing, 3D Animation, Sales Skills, 3D & Animation, Design",3D Printing,All Levels,2 hours,4.1,45,731,"Rp149,000",1/2015,2,0,4,https://www.udemy.com/course/think-it-make-it-sell-it/
3D Resin Printing: From Start to Finish,3245812,Kevin Volo,"3D Printing, 3D & Animation, Design",3D Printing,Beginner,3 hours,4.8,447,2558,"Rp149,000",6/2020,2,0,0,https://www.udemy.com/course/3d-resin-printing-from-start-to-finish/
Basics of 3D printing,6066205,Isaac Porter,"3D Printing, Design Tools, Design",3D Printing,Beginner,1 hour,4.2,9,23,"Rp149,000",7/2024,0,0,0,https://www.udemy.com/course/basics-of-3d-printing-for-kids/
Blender for 3D Printing - Intro to Flexible Design (102),3154232,Jayson Wall,"3D Printing, CAD Software, Product Design, Product Manufacturing, 3D & Animation",3D Printing,Beginner,2 hours,4.5,49,343,"Rp149,000",1/2024,1,0,11,https://www.udemy.com/course/blender-28-for-3d-printing-intro-to-flexible-design/
TinkerCAD for Complete Beginners,2837430,Mike Freeman,"3D Printing, 3D Sculpting, CAD Software, 3D & Animation, Design",3D Printing,Beginner,3 hours,4.4,216,846,"Rp149,000",9/2021,0,0,0,https://www.udemy.com/course/tinkercad-for-complete-beginners/
3D Modeling for 3D Printing and Laser Cutting on Fusion 360,3730862,Larno Visser,"Autodesk Fusion, 3D Modeling, 3D Printing, Prototyping, 3D & Animation",3D Printing,Beginner,4 hours,4.6,254,1855,"Rp149,000",8/2021,0,0,17,https://www.udemy.com/course/3d-modeling-for-3d-printing-and-laser-cutting-on-fusion-360/
FreeCAD v1.0 2025 Ultimate Beginners Course Extended Version,6431967,MJ Solutions,"FreeCAD, 3D Modeling, CAD Software, 3D & Animation, Design",3D Printing,Beginner,1.5 hours,4.7,570,1810,"Rp249,000",5/2025,0,0,0,https://www.udemy.com/course/freecad-ultimate-beginners-extended-version/
Blender: Precise Modeling,6175957,Allan Brito,"3D Modeling, 3D Printing, Blender, 3D & Animation, Design",3D Printing,Beginner,10 hours,4.5,124,740,"Rp149,000",3/2026,0,0,14,https://www.udemy.com/course/blender-precise-modeling-architecture-engineering-3d-printing/
"Autodesk Inventor, a complete guide from beginner to expert",3899754,Marius Brink,"Autodesk Inventor, Design Thinking, Technical Drawing, Engineering Instruction, Design Tools",3D Printing,All Levels,26 hours,4.6,1244,6712,"Rp149,000",4/2021,0,0,30,https://www.udemy.com/course/complete-guide-to-autodesk-inventor-from-beginner-to-expert/
Comprehensive Guide & Walkthrough of 3D Printing,97336,Michael Golubev,"3D Printing, 3D Animation, 3D & Animation, Design",3D Printing,All Levels,6 hours,3.5,46,6000,"Rp149,000",4/2016,0,0,19,https://www.udemy.com/course/start-a-3d-printing-business/
Fusion 360 Beginners Course,2668390,Jaiprakash Pandey,"Autodesk Fusion, 3D & Animation, Design",3D Printing,Beginner,15.5 hours,4.7,6297,28393,"Rp149,000",2/2023,0,0,2,https://www.udemy.com/course/fusion-360-beginners-course/
3D Printing Through To Painting,3090014,Tyson Washburn,"3D Printing, Arts & Crafts, Lifestyle",3D Printing,All Levels,2 hours,4.5,48,327,"Rp149,000",6/2020,0,0,4,https://www.udemy.com/course/3d-printing-through-to-painting/
3D Printing 101 | The Ultimate Beginner's Guide,3244118,M.Eng. Johannes Wild,"3D Printing, 3D & Animation, Design",3D Printing,All Levels,1.5 hours,4.3,64,239,"Rp149,000",1/2022,0,0,2,https://www.udemy.com/course/3d-printing-101-the-ultimate-beginners-guide/
Complete FreeCAD for Beginners – No Experience Needed,6728503,CADArtifex LLC,"FreeCAD, Design Tools, Design",3D Printing,All Levels,5.5 hours,4.3,180,857,"Rp159,000",9/2025,1,0,81,https://www.udemy.com/course/complete-freecad-for-beginners-no-experience-needed/
Integrate A.I. Into Your 3D Workflow!,6653713,Arrimus 3D,"AI Art Generation, AI Content Generation, 3D Modeling, 3D Rendering, 3D & Animation",3D Printing,All Levels,8.5 hours,4.5,14,82,"Rp149,000",3/2026,0,0,1,https://www.udemy.com/course/arrimusai/
The Ultimate Blender 3D Sculpting Course,3471226,Alex Cordebard,"3D Sculpting, Blender, Digital Character Sculpting, 3D & Animation, Design",3D Printing,All Levels,37.5 hours,4.7,3815,27902,"Rp159,000",3/2026,0,0,10,https://www.udemy.com/course/blender-3d-sculpting-course/
Fusion 360 Complete Course,3181440,Mike Freeman,"Autodesk Fusion, 3D Printing, CAD Software, 3D & Animation, Design",3D Printing,All Levels,9.5 hours,4.6,1667,7170,"Rp159,000",5/2023,0,0,0,https://www.udemy.com/course/fusion-360-complete-course/
"3D Printing with "" Ultimaker CURA Slicer- Start to finish""",4408814,Naman kumar Gandhi,"3D Printing, Engineering, Teaching & Academics",3D Printing,All Levels,1 hour,4.8,179,5875,"Rp149,000",1/2025,0,0,0,https://www.udemy.com/course/ultimaker-cura-slicing-software-3d-printing-start-to-finish/
Fusion 360 Design for 3D Printing,4681946,Mike Freeman,"Autodesk Fusion, Design Tools, Design",3D Printing,Intermediate,5.5 hours,4.3,115,937,"Rp159,000",7/2022,0,0,1,https://www.udemy.com/course/fusion-360-design-for-3d-printing/
3D Printing and Tinkercad Crash Course,2646096,Michael Andrew,"Tinkercad, 3D Printing, Other Design, Design",3D Printing,Beginner,2 hours,4.5,87,1785,"Rp249,000",2/2020,0,0,0,https://www.udemy.com/course/3d-printing-and-tinkercad-crash-course/
Fusion 360 for 3D Printing - Design Fidget Spinners,1188148,Vladimir Mariano,"Autodesk Fusion, User Experience (UX) Design, 3D Animation, 3D & Animation, Design",3D Printing,Intermediate,2 hours,4.6,661,3527,"Rp149,000",11/2019,0,0,0,https://www.udemy.com/course/fusion-360-for-3d-printing-design-fidget-spinners/
Learn Onshape for Beginners,3814702,Philip Cotton,"Onshape, 3D & Animation, Design",3D Printing,Beginner,2 hours,4.7,412,1557,"Rp149,000",5/2024,0,0,2,https://www.udemy.com/course/onshape-for-beginners/
Blender for 3D Printing - Sculpting & Product Design (104),3158440,Jayson Wall,"3D Printing, 3D Sculpting, Blender, Product Design, Design Tools",3D Printing,Beginner,2.5 hours,4.6,16,230,"Rp149,000",1/2024,1,0,2,https://www.udemy.com/course/blender-28-for-3d-printing-pro-design-sculpting-eevee/
Design and Introduction to Applications in 3D Printing,4396060,Juan Carlos Munguia Castañeda,"3D Printing, 3D & Animation, Design",3D Printing,Beginner,4.5 hours,4.9,6,45,"Rp149,000",11/2021,0,0,9,https://www.udemy.com/course/design-and-introduction-to-applications-in-3d-printing/
Tinkercad the complete course,4452744,Nicolas Forgue,"Tinkercad, 3D Modeling, 3D & Animation, Design",3D Printing,All Levels,9.5 hours,4.5,34,206,"Rp149,000",1/2026,0,0,0,https://www.udemy.com/course/3d-modeling-with-tinkercad/
Designing On iPad For 3D Printing - Shapr3D,3488768,CAM MENTOR,"3D Printing, 3D Modeling, 3D & Animation, Design",3D Printing,Beginner,1.5 hours,4.2,65,423,"Rp149,000",2/2026,1,0,1,https://www.udemy.com/course/designing-on-ipad-for-3d-printing-shapr3d-app/
Fusion: Start To Finish Course (2026 Edition),2711086,Steven Mosbrucker,"Autodesk Fusion, 3D & Animation, Design",3D Printing,All Levels,12.5 hours,4.2,1151,7495,"Rp149,000",2/2026,1,0,10,https://www.udemy.com/course/beginning-fusion-360/
Blender for 3D Printing - Design a Pet Product (203),5124554,Jayson Wall,"3D Sculpting, Blender, 3D & Animation, Design",3D Printing,Intermediate,3 hours,5.0,4,108,"Rp149,000",1/2024,1,0,3,https://www.udemy.com/course/blender-product-design-dog/
Fusion 360 Surface Design & T-Spline Sculpting,6636321,CADArtifex LLC,"Autodesk Fusion, Engineering, Teaching & Academics",3D Printing,Beginner,3 hours,4.5,39,218,"Rp149,000",6/2025,1,0,69,https://www.udemy.com/course/fusion-360-surface-design-t-spline-sculpting/
TinkerCAD codeblocks and 3D printing for beginners.,3067768,Philip Cotton,"Programming Fundamentals, 3D Printing, Scratch Programming, Other IT & Software, IT & Software",3D Printing,Beginner,2.5 hours,4.7,25,221,"Rp149,000",12/2023,0,0,7,https://www.udemy.com/course/coding-and-3d-printing-for-kids-beginners-masterclass/
Dragon rider 3D Cartoon character in Blender course,7035675,NIkolay Naydenov,"3D Sculpting, Digital Character Sculpting, 3D & Animation, Design",3D Printing,Intermediate,19.5 hours,4.9,8,172,"Rp149,000",1/2026,0,0,1,https://www.udemy.com/course/dragon-rider-3d-cartoon-character-in-blender-course/
Advanced 3D Printing With Fusion 360: Design Your Phone Case,4200394,Larno Visser,"Autodesk Fusion, 3D Modeling, 3D Printing, Prototyping, 3D & Animation",3D Printing,Beginner,3 hours,4.8,18,245,"Rp149,000",8/2022,0,0,15,https://www.udemy.com/course/fusion-360-create-a-3d-print-phone-case-attachments/
Blender for 3D Printing - Intro to Pro Techniques (103),3158024,Jayson Wall,"3D Printing, Blender, CAD Software, Product Design, 3D & Animation",3D Printing,Beginner,2.5 hours,4.5,34,288,"Rp149,000",1/2024,1,0,11,https://www.udemy.com/course/blender-28-for-3d-printing-intro-to-pro-techniques/
"CURA Rundown (Slicer Program, for 3D Printing)",5152110,Gregg Cerenzio,"3D Printing, 3D & Animation, Design",3D Printing,Beginner,2 hours,4.6,46,290,"Rp149,000",8/2025,0,0,2,https://www.udemy.com/course/cura-rundown/
Learn 3D printing (Additive Manufacturing),2334320,Dr. Rauf Tailony,"3D Printing, Engineering, Teaching & Academics",3D Printing,All Levels,7.5 hours,4.3,105,465,"Rp149,000",4/2019,0,0,19,https://www.udemy.com/course/learn-3d-printing-additive-manufacturing/
Blender - Jewelry creation,5620740,Julien Deville,"3D Modeling, 3D Rendering, 3D Printing, Jewelry Design, Other IT & Software",3D Printing,Intermediate,13 hours,4.7,265,1429,"Rp149,000",2/2024,0,0,41,https://www.udemy.com/course/blender-jewelry-creation/
Fusion 360 for 3D Printing - Creating Curved Bodies,1251104,Vladimir Mariano,"3D Printing, CAD Software, 3D Sculpting, Autodesk Fusion, 3D & Animation",3D Printing,Intermediate,1.5 hours,4.6,535,3115,"Rp149,000",11/2019,0,0,0,https://www.udemy.com/course/fusion-360-for-3d-printing-creating-curved-bodies/
Fusion 360 for 3D Printing - Designing with Components,1145520,Vladimir Mariano,"3D Animation, User Experience (UX) Design, Autodesk Fusion, 3D & Animation, Design",3D Printing,Intermediate,1.5 hours,4.7,675,4144,"Rp149,000",11/2019,0,0,0,https://www.udemy.com/course/fusion-360-for-3d-printing-design-an-led-tea-light/
"Blender: 3D Game Assets, Texturing & 3D Printing Models",6934257,Nested Mango Private Limited,"Blender, 3D & Animation, Design",3D Printing,All Levels,4 hours,5.0,1,21,"Rp149,000",3/2026,0,0,0,https://www.udemy.com/course/blender-3d-game-assets-texturing-3d-printing-models/
Blender Skill Builder: Modelling Challenges,6969141,"GameDev.tv Team, Grant Abbitt","3D Modeling, Blender, Game Development, Development",3D Printing,Beginner,6.5 hours,4.8,53,557,"Rp149,000",2/2026,0,0,36,https://www.udemy.com/course/blender-skill-builder-modelling-challenges/
Sculpt Characters for Collectibles using Zbrush,3477280,"Digital Art HQ School, Alex Zaragoza","3D Modeling, Character Design, zBrush, Digital Character Sculpting, 3D & Animation",3D Printing,Beginner,18.5 hours,4.4,83,1215,"Rp149,000",11/2020,0,0,3,https://www.udemy.com/course/sculpt-characters-for-collectibles-using-zbrush/
The Complete Practical Guide to FDM 3D Printing,5194876,Tayseer Almattar,"3D Printing, 3D & Animation, Design",3D Printing,Beginner,1.5 hours,4.2,9,39,"Rp149,000",2/2024,5,0,4,https://www.udemy.com/course/fdm-3d-printing/
3D Printing(Additive Manufacturing) in Industry 4.0,5842220,IndustryX.ai Smart Manufacturing,"3D Printing, Industry 4.0, Engineering, Teaching & Academics",3D Printing,Beginner,7 hours,4.7,21,253,"Rp149,000",12/2025,1,0,0,https://www.udemy.com/course/3d-printing-industry4/
Blender Character Creator for Video Games,1356020,"GameDev.tv Team, Rick Davidson, Grant Abbitt","3D Animation, Blender, 3D Game Development, 3D Rigging, Game Development",3D Printing,Beginner,34.5 hours,4.8,8947,60605,"Rp169,000",3/2026,4,0,118,https://www.udemy.com/course/blendercharacters/
Blender 3D for Beginners Complete Modeling & Texturing guide,6276849,"The Parabox 3D, 3d production house","Blender, 3D Rendering, 3D Texturing, 3D Modeling, 3D & Animation",3D Printing,All Levels,11.5 hours,4.5,808,10602,"Rp169,000",11/2025,3,0,5,https://www.udemy.com/course/blender-3d-for-beginners-complete-modeling-and-texturing-guide/
Shapr 3D the complete course,4965214,Nicolas Forgue,"CAD Software, 3D Sketching, FreeCAD, Design Tools, Design",3D Printing,All Levels,10 hours,4.3,180,948,"Rp149,000",11/2022,0,0,0,https://www.udemy.com/course/shapr-3d-le-cours-complet/
3D Printing For Beginners,1364168,Nikko Mendoza,"3D Printing, Arts & Crafts, Lifestyle",3D Printing,Beginner,1 hour,4.0,138,684,"Rp149,000",9/2017,0,0,0,https://www.udemy.com/course/3d-printing-for-beginners/
Blender for 3D Printing - Sculpting Brushes Explained (202),5114494,Jayson Wall,"3D Sculpting, Blender, 3D & Animation, Design",3D Printing,Intermediate,4.5 hours,4.4,22,267,"Rp149,000",1/2024,1,0,3,https://www.udemy.com/course/blender-sculpting-brushes-202/
"3D Printing Design for Autism, Dyslexic (Neurodiverse)",4316822,Infinite Minds Academy,"3D Printing, Autism, Dyslexia, Special Education, 3D & Animation",3D Printing,Beginner,5.5 hours,4.8,163,16762,"Rp149,000",4/2024,0,0,0,https://www.udemy.com/course/3d-printing-design-skills-for-people-with-autism-dyslexia/
Complete FreeCAD Course : From Zero to Expert !,5512522,Amar Patel,"FreeCAD, 3D Modeling, Design Tools, Design",3D Printing,All Levels,35.5 hours,4.3,600,3191,"Rp249,000",1/2026,0,0,98,https://www.udemy.com/course/freecad-course-for-beginner/
Blender 5 & UE5.7: Stylized Haunted Street Kit,7068543,3D Tudor,"3D Environment Modeling, Blender, Unreal Engine, 3D Game Development, 3D & Animation",3D Printing,Intermediate,31 hours,4.8,9,217,"Rp149,000",2/2026,0,0,2,https://www.udemy.com/course/blender-5-ue57-stylized-haunted-street-kit/
Blender Fundamentals - Modeling,4862004,Stephen Ulibarri,"Blender, 3D & Animation, Design",3D Printing,Beginner,9.5 hours,4.8,734,3934,"Rp159,000",2/2026,2,0,3,https://www.udemy.com/course/blender-fundamentals-modeling/
ZBrush Preparing 3D Scans for 3D printing!,1632534,David Newton,"3D Printing, zBrush, 3D & Animation, Design",3D Printing,All Levels,3.5 hours,4.9,6,161,"Rp149,000",4/2018,1,0,1,https://www.udemy.com/course/zbrush-preparing-3d-scans-for-3d-printing/
CAD for Kids - Intro to 3D Design & 3D Printing,2556906,Kids Can CAD Academy,"CAD Software, 3D Printing, 3D & Animation, Design",3D Printing,Beginner,2.5 hours,4.4,203,1003,"Rp149,000",5/2020,4,0,13,https://www.udemy.com/course/3d-design-and-3d-printing-for-kids/
Complete Onshape for Beginners: Project-Based Approach,6719623,CADArtifex LLC,"Onshape, Design Tools, Design",3D Printing,All Levels,8 hours,4.4,59,1300,"Rp149,000",10/2025,1,0,92,https://www.udemy.com/course/complete-onshape-for-beginners-project-based-approach/
Introduction To 3d Modelling in Plasticity,5929322,Nexttut Education Pvt.Ltd.,"3D Modeling, 3D & Animation, Design",3D Printing,Beginner,19.5 hours,4.2,90,701,"Rp159,000",6/2024,0,0,1,https://www.udemy.com/course/introduction-to-3d-modelling-in-plasticity/
Practical Sci-Fi Design,5553588,Arrimus 3D,"3D Modeling, 3D & Animation, Design",3D Printing,Beginner,45.5 hours,4.9,10,254,"Rp149,000",2/2026,0,0,1,https://www.udemy.com/course/practical-sci-fi-design/
3D Printing from Zero to Hero with TINKERCAD & CURA (Hindi),4215680,Naman kumar Gandhi,"Tinkercad, Engineering, Teaching & Academics",3D Printing,All Levels,5.5 hours,4.5,61,1519,"Rp149,000",3/2024,0,0,1,https://www.udemy.com/course/design-of-3d-printing-with-tinkercad/
"Arduino coding with 3D-Printing, Product Design, Fabrication",2698222,Brennen Pak,"3D Printing, Arduino, Autodesk Fusion, Hardware, IT & Software",3D Printing,All Levels,5.5 hours,4.6,14,127,"Rp149,000",1/2020,1,0,0,https://www.udemy.com/course/product-design-fabrication-3d-printing-arduino-coding/
3D Printing - Everything You Need To Know,4514718,Zia Arzoo,"3D Printing, 3D Modeling, SOLIDWORKS, Design Tools, Design",3D Printing,Intermediate,2.5 hours,4.1,22,76,"Rp149,000",2/2022,0,0,10,https://www.udemy.com/course/3d-printing-everything-you-need-to-know/
Blender Essentials - 3D Modelling Training Course,6662041,Daniel Walter Scott,"Blender, 3D Modeling, 3D & Animation, Design",3D Printing,Beginner,8.5 hours,4.7,320,1816,"Rp159,000",7/2025,0,0,1,https://www.udemy.com/course/blender-essentials-3d-modelling-training-course/
Getting Started with TinkerCAD,4052728,Nathan Nagele,"3D Modeling, 3D & Animation, Design",3D Printing,Beginner,1.5 hours,4.6,40,4098,"Rp149,000",5/2021,0,0,5,https://www.udemy.com/course/getting-started-with-tinkercad/
Start 3D Printing at Home - Even Without a 3D Printer!,848220,Jason King,"3D Printing, 3D Animation, Other IT & Software, IT & Software",3D Printing,Beginner,1 hour,4.4,83,1404,"Rp149,000",12/2017,0,0,1,https://www.udemy.com/course/introduction-to-3d-printing-at-home/
Fusion 360 For Hobbyists and Woodworkers,1183846,Michael Moyer,"Autodesk Fusion, 3D & Animation, Design",3D Printing,Beginner,9 hours,4.3,3472,16437,"Rp149,000",4/2020,16,0,0,https://www.udemy.com/course/fusion360/
Sculpt 3D Printable Skeleton Warriors in Zbrush,2863514,"Christian McNachtan, Joshua O'Hala","3D Modeling, 3D Printing, 3D Sculpting, 3D & Animation, Design",3D Printing,All Levels,11.5 hours,4.8,63,546,"Rp149,000",3/2020,0,0,2,https://www.udemy.com/course/sculpt-3d-printable-skeleton-warriors/
Blender 2.79 Discover 3D printing,2086816,Julien Deville,"Blender, 3D Printing, 3D & Animation, Design",3D Printing,Intermediate,11 hours,4.6,50,628,"Rp149,000",12/2018,0,0,24,https://www.udemy.com/course/blender-279-discover-3d-printing/
3D Print MasterCourse,5669360,David Augustine,"3D Printing, 3D Modeling, Entrepreneurship, Business",3D Printing,All Levels,3 hours,4.6,4,18,"Rp149,000",2/2024,0,0,5,https://www.udemy.com/course/3d-print-mastercourse/
Repaint 2d comic style figure online Course,6033646,Lyk repaint,"ArtStudio, Arts & Crafts, Lifestyle",3D Printing,Beginner,33 mins,4.3,32,148,"Rp149,000",7/2024,0,0,0,https://www.udemy.com/course/repaint-2d-comic-style-figure-online-course/
Learn Fusion 360 with Real-World Mechanical Projects,6571209,CADArtifex LLC,"Autodesk Fusion, Design Tools, Design",3D Printing,All Levels,8 hours,4.3,34,274,"Rp149,000",8/2025,1,0,54,https://www.udemy.com/course/learn-fusion-360-with-real-world-mechanical-projects/
Blender 4: The Modular and Kitbash Environment Guide,6132921,3D Tudor,"Blender, 3D Environment Modeling, 3D Modeling, 3D Rendering, 3D & Animation",3D Printing,All Levels,34.5 hours,4.7,96,1463,"Rp159,000",1/2026,0,0,2,https://www.udemy.com/course/blender-4-the-modular-and-kitbash-environment-guide/
The Complete FreeCAD Bootcamp 2025,5941056,The Tech Courses,"FreeCAD, 3D Modeling, CAD Software, Engineering, Teaching & Academics",3D Printing,All Levels,7 hours,3.6,77,278,"Rp149,000",1/2025,0,0,0,https://www.udemy.com/course/course-freecad/
Blender 3D: Hard Surface Modelling,6781809,"GameDev.tv Team, Grant Abbitt","3D Game Development, Game Development Fundamentals, 3D Modeling, Blender, Game Development",3D Printing,Intermediate,7 hours,4.7,109,953,"Rp159,000",10/2025,0,0,45,https://www.udemy.com/course/blender-3d-hard-surface-modelling/
Fusion 360 For Woodworking,5417258,Mike Freeman,"Autodesk Fusion, Other Design, Design",3D Printing,Beginner,5 hours,4.1,93,447,"Rp149,000",9/2025,0,0,0,https://www.udemy.com/course/fusion-360-for-woodworking/
3D Printing Using Ultimaker Cura,4604646,Scholarsight Learning,"3D Printing, 3D Modeling, 3D & Animation, Design",3D Printing,All Levels,5 hours,4.2,41,179,"Rp149,000",4/2022,1,0,0,https://www.udemy.com/course/3d-printing-using-ultimaker-cura/
Plasticity Modeling Guide by Arrimus 3D,5256126,Arrimus 3D,"3D Modeling, 3D & Animation, Design",3D Printing,All Levels,47.5 hours,4.4,436,3171,"Rp149,000",7/2024,0,0,15,https://www.udemy.com/course/plasticity-modeling-guide-by-arrimus-3d/
Blender Beginners Masterclass: The Cookie Factory,6303857,3D Tudor,"Blender, 3D Animation, 3D Modeling, 3D Rendering, 3D & Animation",3D Printing,All Levels,19 hours,4.6,73,834,"Rp149,000",3/2026,0,0,3,https://www.udemy.com/course/blender-beginners-masterclass-the-cookie-factory/
3D Printing Quickstart with SketchUp Make,765782,Jared Murphy,"3D Printing, 3D Animation, SketchUp, 3D & Animation, Design",3D Printing,Beginner,2 hours,4.7,96,404,"Rp149,000",4/2016,0,0,3,https://www.udemy.com/course/3d-printing-quickstart-with-sketchup-make/
Skeleton Luffy - Character Creation for Beginners in Blender,5538184,Bharat Sharma,"Digital Character Sculpting, 3D & Animation, Design",3D Printing,Beginner,12 hours,4.7,3,52,"Rp149,000",9/2023,0,0,1,https://www.udemy.com/course/skeleton-luffy-beginner-character-creation-in-blender/
Creative Sci-Fi Vehicle Design,6736369,Arrimus 3D,"Concept Art, 3D Modeling, 3D & Animation, Design",3D Printing,All Levels,24 hours,4.7,8,95,"Rp149,000",9/2025,0,0,4,https://www.udemy.com/course/vehicles/
Master 3D Printing: Transforming the Future of Manufacturing,5196242,Tayseer Almattar,"3D Printing, Business Strategy, Business",3D Printing,Beginner,2.5 hours,4.6,4,34,"Rp149,000",11/2024,3,0,6,https://www.udemy.com/course/3d-printing-am/
"Architectural 3D Modeling & Rendering: FreeCAD, Blender 2025",2973770,Thomas McDonald,"CAD Software, Architectural Design, Design",3D Printing,Beginner,6 hours,4.5,197,1885,"Rp149,000",7/2025,2,0,27,https://www.udemy.com/course/architectural-cad-modelling-and-rendering-for-beginners/
The Complete Guide to PTC Onshape (CAD),3590552,"Learn-Ed Online, Mathew Alexander MEng CEng MIMechE, Morgan Brown","Onshape, Design Tools, Design",3D Printing,Beginner,10 hours,4.5,538,2255,"Rp149,000",10/2023,0,0,63,https://www.udemy.com/course/the-complete-guide-to-ptc-onshape-cad/
The Fundamentals Of 3D Printing,618618,Jeffrey Ito,"3D Printing, Entrepreneurship, Business",3D Printing,All Levels,1.5 hours,3.9,41,1528,"Rp149,000",1/2016,2,0,9,https://www.udemy.com/course/fundamentals-of-3d-printing/
Design a Working Light Bulb - Fusion 360 for 3D Printing,1818726,Vladimir Mariano,"3D Printing, 3D Modeling, CAD Software, Autodesk Fusion, 3D & Animation",3D Printing,Intermediate,1.5 hours,4.7,67,442,"Rp149,000",11/2019,0,0,0,https://www.udemy.com/course/lightbulb/
PTC Onshape Course (CAD and PDM System),5119560,Paulo Villarreal,"Onshape, CAD Software, Other Design, Design",3D Printing,Intermediate,23 hours,4.7,134,780,"Rp149,000",3/2026,0,0,43,https://www.udemy.com/course/onshape-course/
FreeCAD: A Practical Guide to 3D Modeling,7000521,Giovanni Pisani,"FreeCAD, Design Tools, Design",3D Printing,All Levels,2 hours,3.9,12,57,"Rp149,000",1/2026,0,0,18,https://www.udemy.com/course/learn-freecad-3d-modeling/
Sculpting Characters for 3D Printing in Zbrush,3454874,Digital Art HQ School,"zBrush, 3D Printing, Character Design, 3D & Animation, Design",3D Printing,Intermediate,16 hours,4.1,34,5756,"Rp149,000",11/2020,0,0,1,https://www.udemy.com/course/sculpting-characters-for-3d-printing-in-zbrush/
Blender 4: The Ultimate Environment Artist's Guide,5834858,3D Tudor,"Blender, 3D Environment Modeling, 3D Rendering, 3D Modeling, Game Design",3D Printing,All Levels,41 hours,4.7,225,3104,"Rp149,000",1/2026,0,0,1,https://www.udemy.com/course/blender-4-the-ultimate-environment-artists-guide/
Lobo - 3D character in Blender course,4916146,NIkolay Naydenov,"Blender, 3D Printing, 3D Sculpting, 3D & Animation, Design",3D Printing,Intermediate,24 hours,4.9,266,2090,"Rp149,000",10/2022,0,0,2,https://www.udemy.com/course/lobo-3d-character-in-blender-course/
"Learn modeling for 3D Printing using Blender 3D, Netfabb",255614,Abhishek Singh,"3D Printing, 3D Animation, Blender, Financial Modeling, 3D & Animation",3D Printing,All Levels,1.5 hours,3.4,20,1163,"Rp149,000",5/2016,0,0,5,https://www.udemy.com/course/learn-modeling-tactics-and-tools-for-3d-printing/
Arrimus Ultimate 3D Modeling Course,4824896,Arrimus 3D,"3D Animation, 3D & Animation, Design",3D Printing,All Levels,74.5 hours,4.7,692,4975,"Rp149,000",11/2025,0,0,19,https://www.udemy.com/course/arrimus3d/
Additive Manufacturing-Foundation,3876656,BIZM Consulting Pvt.Ltd,"3D Printing, Engineering, Teaching & Academics",3D Printing,Beginner,1 hour,4.2,263,587,"Rp149,000",3/2021,3,0,5,https://www.udemy.com/course/bizmaddmfgfoundation/
Building a RepRap 3D Printer,351774,Packt Publishing,"3D Printing, 3D Animation, Hardware, IT & Software",3D Printing,All Levels,2 hours,4.3,111,686,"Rp149,000",11/2014,0,0,1,https://www.udemy.com/course/building-a-reprap-3d-printer/
3D Designing and Printing,6167911,Ed-En.Pro [Education Enhanced Program],"3D Printing, Other Design, Design",3D Printing,Beginner,2 hours,5.0,1,6,"Rp149,000",9/2024,0,0,1,https://www.udemy.com/course/3d-designing-and-printing/
Introduction to Processes & Best Practices Of 3D Printing,4265282,J Aatish Rao,"3D Printing, Engineering, Teaching & Academics",3D Printing,Beginner,41 mins,4.3,20,220,"Rp149,000",10/2023,5,0,1,https://www.udemy.com/course/a-z-3d-printing/
Getting Started with 3D Printing,292966,Justin Mitchel,"3D Printing, 3D Modeling, 3D & Animation, Design",3D Printing,All Levels,44 mins,3.8,324,18956,"Rp149,000",9/2014,0,0,0,https://www.udemy.com/course/getting-started-with-3d-printing/
Fusion 360 Component Assembly and Joint Design,4541680,J Aatish Rao,"Autodesk Fusion, Assembly Modeling, Mechanical Engineering, Autodesk, 3D & Animation",3D Printing,Intermediate,4.5 hours,4.6,57,707,"Rp149,000",6/2025,1,0,6,https://www.udemy.com/course/fusion-360-component-assembly/
Design a Gift Box in Fusion 360,1614628,Vladimir Mariano,"Autodesk Fusion, 3D & Animation, Design",3D Printing,Intermediate,1.5 hours,4.7,90,484,"Rp149,000",11/2019,0,0,0,https://www.udemy.com/course/design-a-gift-box-in-fusion-360/
FreeCAD the complete course,4784068,Nicolas Forgue,"FreeCAD, 3D Modeling, 3D & Animation, Design",3D Printing,All Levels,18 hours,3.9,167,1109,"Rp149,000",3/2026,0,0,0,https://www.udemy.com/course/freecad-3d-modeling/
Meshy AI: 3D and Artificial Intelligence for Everyone.,6139085,Marcello Pattarin,"Generative AI (GenAI), AI Art Generation, 3D & Animation, Design",3D Printing,All Levels,14 hours,2.5,10,65,"Rp149,000",4/2026,0,0,17,https://www.udemy.com/course/meshy-ai-3d-and-artificial-intelligence-for-everyone/
Foundations of Reverse Engineering,6169789,CNC Tech,"Reverse Engineering, CAD Software, Design Tools, Design",3D Printing,All Levels,1 hour,4.6,11,387,"Rp149,000",1/2026,0,0,1,https://www.udemy.com/course/foundations-of-reverse-engineering/
Master Solidworks 2019 - 3D CAD using real-world examples,2668814,Johno Ellison,"SOLIDWORKS, Design Tools, Design",3D Printing,Beginner,12 hours,4.7,746,3544,"Rp149,000",5/2020,0,0,13,https://www.udemy.com/course/solidworks-2019/
3D Printing Design Skills for Special Needs / Neurodiverse,4128770,Atar Singh,"3D Printing, 3D & Animation, Design",3D Printing,Beginner,5.5 hours,4.7,12,5067,"Rp149,000",4/2024,0,0,0,https://www.udemy.com/course/special-needs-people-digital-tech-training/
Autodesk Fusion 360 - 3D Modeling and CNC Basics,5844088,Tai Fiebig,"3D Modeling, Manufacturing, Computer Numerical Control (CNC), 3D & Animation, Design",3D Printing,Beginner,7.5 hours,4.7,175,905,"Rp149,000",1/2025,2,0,6,https://www.udemy.com/course/autodesk_fusion_cnc/
Learn Circuits with Tinkercad: Arduino based Robots Design,3243932,"Sandeep Saini, Manpreet Kaur","Robotics, Arduino, PCB Design, Hardware, IT & Software",3D Printing,All Levels,4.5 hours,4.5,134,3110,"Rp249,000",10/2023,0,0,10,https://www.udemy.com/course/learn-circuits-with-tinkercad/
FreeCAD 1.0 in 25 Days: Complete CAD Course,6026114,Umair Ahmad Khan,"FreeCAD, 3D Modeling, CAD Software, Design Tools, Design",3D Printing,Beginner,12 hours,4.3,96,527,"Rp159,000",7/2025,0,0,5,https://www.udemy.com/course/freecadcompletecourse/
Creating a 3D printed miniature using zBrush - for beginners,4362138,Jamie Korte,"zBrush, 3D Printing, 3D & Animation, Design",3D Printing,Beginner,5.5 hours,4.8,75,237,"Rp149,000",7/2023,0,0,6,https://www.udemy.com/course/creating-a-3d-printed-miniature-using-zbrush-for-beginners/
3D Printing Technology,6437853,Samanwita Bagg,"3D Printing, Test Prep, Teaching & Academics",3D Printing,All Levels,N/A,4.6,N/A,N/A,"Rp149,000",2/2025,0,0,0,https://www.udemy.com/course/3d-printing-technology/
Master Solidworks 2018 - 3D CAD using real-world examples,2008010,Johno Ellison,"SOLIDWORKS, CAD Software, 3D Sketching, Design Tools, Design",3D Printing,All Levels,11.5 hours,4.7,1657,6254,"Rp149,000",6/2020,0,0,13,https://www.udemy.com/course/solidworks-2018/
Complete Nomad Sculpt Course: Beginner to Expert,7010737,Skillademia Academy,"3D Texturing, 3D Animation, 3D Modeling, 3D & Animation, Design",3D Printing,All Levels,6 hours,3.7,4,35,"Rp149,000",3/2026,0,0,1,https://www.udemy.com/course/complete-nomad-sculpt-course-beginner-to-expert/
3d printing and designing with Fusion 360: Beginner to Pro,2861666,Alexey Naturyev,"Autodesk Fusion, 3D & Animation, Design",3D Printing,Beginner,4.5 hours,4.0,206,1998,"Rp149,000",4/2020,0,0,6,https://www.udemy.com/course/alexey-naturyev-fusion-360/
Blender Environment Artist: Create 3D Worlds,1788810,"GameDev.tv Team, Rick Davidson, Grant Abbitt","Blender, Game Development Fundamentals, 3D Texturing, 3D Rendering, 3D & Animation",3D Printing,Beginner,12 hours,4.8,4357,46097,"Rp159,000",1/2026,2,0,64,https://www.udemy.com/course/blenderenvironment/
Learn 3D Printing and also how to build a 3d printer,3419978,Akilesh K,"3D Printing, 3D & Animation, Design",3D Printing,Beginner,3 hours,4.3,6,66,"Rp149,000",8/2020,0,0,0,https://www.udemy.com/course/learn-3d-printing-and-also-how-to-build-a-3d-printer/
Introduction to 3D Modeling with OpenSCAD,378172,"Sukhada Fadnavis, Arunanshu Roy","3D Modeling, 3D Animation, Financial Modeling, 3D & Animation, Design",3D Printing,Beginner,30 mins,3.7,74,1282,"Rp149,000",1/2015,0,0,8,https://www.udemy.com/course/introduction-to-openscad/
Fusion 360 : Learn CAD and Earn Money Online.,4956036,Yash Mokashi,"Autodesk Fusion, 3D & Animation, Design",3D Printing,Beginner,2.5 hours,4.8,34,110,"Rp149,000",1/2023,0,0,5,https://www.udemy.com/course/fusion-360-learn-and-earn-money-online-beginners-course/
Autocad for 3d Printing,3828496,Marcelo Gomez,"3D Modeling, Design Tools, Design",3D Printing,All Levels,6 hours,3.9,8,49,"Rp149,000",2/2021,0,0,2,https://www.udemy.com/course/autocad-for-3d-printing/
3D Printing for Engineers & Makers with Practical approach,6596471,Dr. Santhosh Kumar Kamarapu,"CAD Software, Mechanical Engineering, 3D Printing, Design Tools, Design",3D Printing,Beginner,5 hours,4.6,N/A,N/A,"Rp149,000",5/2025,1,0,5,https://www.udemy.com/course/3d-printing-for-engineers-makers-with-practical-approach/
Introduction to Fusion 360,5469772,Messgerat Labs (GaugeHow),"Autodesk Fusion, Engineering, Teaching & Academics",3D Printing,Beginner,4.5 hours,4.5,12,158,"Rp149,000",12/2025,1,0,0,https://www.udemy.com/course/learn-fusion-360/
Learn Generative Design: A Complete Guide for Beginners,4195158,"Design Wagoon, Cengiz Kurtoğlu","Autodesk Fusion, Artificial Intelligence (AI), Mechanical Engineering, 3D Modeling, 3D & Animation",3D Printing,Beginner,1 hour,1.0,1,20,"Rp149,000",4/2025,0,0,1,https://www.udemy.com/course/mastering-generative-design-a-complete-guide-for-engineers/
Create Custom 3D Designs With Tinkercad,2113416,Andrew O'Neill,"Tinkercad, 3D & Animation, Design",3D Printing,Beginner,1 hour,4.7,68,289,"Rp149,000",8/2019,0,0,0,https://www.udemy.com/course/create-3d/
Create 3D Design Model for 3D Printing in 2 Minutes,6984587,Ayman Khoshouey,"Substance 3D Designer, 3D & Animation, Design",3D Printing,All Levels,1.5 hours,5.0,2,4,"Rp149,000",1/2026,0,0,0,https://www.udemy.com/course/create-3d-design-model-for-3d-printing-in-2-minutes/
Blender 3 Beginners Step by Step Guide to Isometric Rooms,5182822,3D Tudor,"Blender, 3D Modeling, 3D Rendering, 3D & Animation, Design",3D Printing,Beginner,11 hours,4.9,22,646,"Rp149,000",4/2025,0,0,1,https://www.udemy.com/course/blender-3-beginners-step-by-step-guide-to-isometric-rooms/
3D for Medicine and Orthopedic Surgery,1509992,Bruno Borralho Gobbato Gobbato,"3D Animation, General Health, Health & Fitness",3D Printing,Intermediate,5 hours,4.0,135,4366,"Rp149,000",1/2019,1,0,0,https://www.udemy.com/course/3d_medicine_orthopedic/
The Ultimate Blender 3D Modeling Guide,2167314,Alex Cordebard,"3D Modeling, Blender, 3D & Animation, Design",3D Printing,All Levels,10 hours,4.6,571,3799,"Rp149,000",8/2025,0,0,0,https://www.udemy.com/course/blender3dmodelingguide/
"Medical Imaging, 3D Modelling and 3D Printing - Beginners",3548900,Firoza Kothari,"Medical Imaging, 3D & Animation, Design",3D Printing,Beginner,8.5 hours,4.7,189,640,"Rp1,799,000",5/2024,0,0,11,https://www.udemy.com/course/medical-imaging-3d-modelling-and-3d-printing-beginners/
Fusion 360: 1 Hour Quick-Start,3848996,Larno Visser,"Autodesk Fusion, 3D Modeling, 3D & Animation, Design",3D Printing,Beginner,1.5 hours,4.6,28,103,"Rp149,000",8/2021,0,0,5,https://www.udemy.com/course/fusion-360-1-hour-quick-start/
Blender and Substance Painter - Game Asset Creation,6886541,3D Tudor,"3D Modeling, Substance Painter, Blender, 3D Game Development, 3D & Animation",3D Printing,All Levels,8 hours,4.3,28,250,"Rp149,000",1/2026,0,0,1,https://www.udemy.com/course/blender-and-substance-painter-game-asset-creation/
Jewelery Design in ZBrush 2018 - Complete Jewelery Course,1926846,mojomojo design,"zBrush, Jewelry Design, 3D & Animation, Design",3D Printing,All Levels,10 hours,4.4,501,2762,"Rp149,000",3/2019,0,0,6,https://www.udemy.com/course/jewelery-design-in-zbrush-2018-complete-jewelery-course/
Sculpt a 3D printable Skeleton model in Zbrush,2756880,"Christian McNachtan, Joshua O'Hala","3D Sculpting, 3D Modeling, 3D & Animation, Design",3D Printing,All Levels,12 hours,4.8,84,412,"Rp149,000",5/2020,0,0,29,https://www.udemy.com/course/sculpt-a-3d-printable-skeleton-model-in-zbrush/
Sculpt 3D Printable Rogues with Zbrush and Autodesk Maya,3201456,"Christian McNachtan, Joshua O'Hala","3D Modeling, 3D Sculpting, Autodesk Maya, zBrush, 3D & Animation",3D Printing,Beginner,18.5 hours,4.8,28,329,"Rp149,000",6/2020,0,0,1,https://www.udemy.com/course/sculpt-3d-printable-rogues-with-zbrush-and-autodesk-maya/
The Art of product design in blender [10 Projects],4404614,Kamel Altohamy,"3D Modeling, Blender, 3D & Animation, Design",3D Printing,All Levels,35.5 hours,3.6,16,265,"Rp149,000",6/2025,0,0,0,https://www.udemy.com/course/the-art-of-product-design-in-blender/
Sculpting a Caricature Character for 3D Printing in ZBrush,1563666,Victory3D LLC,"zBrush, 3D Animation, Caricature, 3D & Animation, Design",3D Printing,Intermediate,5.5 hours,4.7,47,474,"Rp149,000",3/2018,0,0,6,https://www.udemy.com/course/sculptingfor3dprinting/
3D Mechanical Design & 3D Printing Prototypes part using AI,6820845,Ayman Khoshouey,"Mechanical Engineering, 3D Printing, Industry, Business",3D Printing,All Levels,1 hour,4.4,N/A,2,"Rp149,000",12/2025,0,0,0,https://www.udemy.com/course/3d-mechanical-design-3d-printing-prototypes-part-using-ai/
3D printer programming using G-Code,1890630,Marc Cronin,"3D Printing, Hardware, IT & Software",3D Printing,Beginner,1 hour,4.4,228,937,"Rp149,000",10/2018,0,0,2,https://www.udemy.com/course/3d-printer-programming-using-g-code/
Generative Design with Autodesk Fusion 360,4475152,Penta Teknoloji,"Autodesk Fusion, 3D Modeling, Design Tools, Design",3D Printing,All Levels,5.5 hours,3.9,26,198,"Rp149,000",2/2022,0,0,0,https://www.udemy.com/course/generative-design-with-fusion-360/
Additive Manufacturing Applications,6644065,Dr. Pankaj Kumar,"Engineering, Teaching & Academics",3D Printing,Intermediate,4.5 hours,N/A,N/A,1,"Rp149,000",5/2025,0,0,0,https://www.udemy.com/course/additive-manufacturing-applications/
Blender 4 Creator Course Stylized 3D Models,5668564,3D Tudor,"3D Modeling, 3D Game Development, Blender, 3D & Animation, Design",3D Printing,All Levels,20 hours,4.4,230,2507,"Rp149,000",3/2026,0,0,2,https://www.udemy.com/course/blender-4-creator-course-stylized-3d-models/
Blender Beginner’s Bootcamp,5304476,3D Tudor,"Blender, 3D & Animation, Design",3D Printing,All Levels,13 hours,4.4,157,1527,"Rp159,000",4/2025,0,0,1,https://www.udemy.com/course/blender-beginners-bootcamp/
Mastering OpenSCAD in 10 Projects - Learn by Practicing,5981078,Xiaoqi Zhao,"3D Modeling, Other IT & Software, IT & Software",3D Printing,Beginner,12.5 hours,4.9,4,78,"Rp149,000",5/2024,0,0,0,https://www.udemy.com/course/mastering-openscad-in-10-projects-learn-by-practicing/
The Complete Course of FreeCAD 2025,5059750,The Tech Courses,"3D Sketching, CAD Software, FreeCAD, 3D & Animation, Design",3D Printing,All Levels,6.5 hours,3.4,122,628,"Rp159,000",1/2025,0,0,0,https://www.udemy.com/course/freecad-course/
Fusion 360 - Robot Design,4267770,Yash Mokashi,"Autodesk Fusion, Robotics, 3D & Animation, Design",3D Printing,Beginner,6.5 hours,4.2,66,344,"Rp149,000",8/2021,0,0,3,https://www.udemy.com/course/fusion-360-robot-design/
Mechanical concept design : Stress simulation in Fusion 360,5480554,Mufaddal Rasheed,"Mechanical Engineering, Autodesk Fusion, Engineering, Teaching & Academics",3D Printing,Intermediate,4 hours,4.4,22,148,"Rp159,000",10/2023,0,0,0,https://www.udemy.com/course/mechanical-concept-design-stress-simulation-in-fusion-360/
Microsoft Paint 3D Beginners Course,1452030,iVito .,"Microsoft Paint, 3D Modeling, Drawing, Graphic Design & Illustration, Design",3D Printing,All Levels,1 hour,4.3,67,220,"Rp149,000",4/2024,2,0,1,https://www.udemy.com/course/microsoft-paint-3d-beginners-course/
Meshmixer the complete course,6797945,Nicolas Forgue,"Sculpting, Digital Character Sculpting, 3D Modeling, 3D Sculpting, 3D & Animation",3D Printing,All Levels,7.5 hours,3.5,2,9,"Rp149,000",1/2026,0,0,0,https://www.udemy.com/course/meshmixer-the-complete-course/
SelfCAD 3D the complete course 3D modeling,4730420,Nicolas Forgue,"SelfCAD, 3D Modeling, 3D & Animation, Design",3D Printing,All Levels,10 hours,4.2,17,70,"Rp149,000",11/2023,0,0,0,https://www.udemy.com/course/selfcad-3d-modeling/
Introduction to Blender and 3D Modeling for Beginners,6058841,Monica 3D,"3D Modeling, 3D & Animation, Design",3D Printing,Beginner,6.5 hours,4.6,38,251,"Rp149,000",8/2024,0,0,1,https://www.udemy.com/course/introduction-to-blender-and-3d-modeling-for-beginners/
Creation of 3D model with Autodesk fusion 360,3882956,Febrian Ramadani,"Autodesk Fusion, Software Engineering, Other Design, Design",3D Printing,Intermediate,3.5 hours,4.3,21,120,"Rp149,000",4/2021,0,0,0,https://www.udemy.com/course/creation-of-3d-model-with-autodesk-fusion-360/
CAD Design 101 | 3D modelling for beginners (by an engineer),3942004,M.Eng. Johannes Wild,"CAD Software, Engineering Instruction, 3D Modeling, 3D & Animation, Design",3D Printing,All Levels,1.5 hours,4.2,67,329,"Rp149,000",8/2021,0,0,7,https://www.udemy.com/course/cad-design-101-3d-modelling-for-beginners/
Best Fusion 360 Mastery Course | Certificate Preparation,5403980,sarvesh Malakolikar,"Autodesk Fusion, 3D Modeling, CAD Software, Mechanical Engineering, Other Design",3D Printing,Beginner,6 hours,4.6,28,201,"Rp149,000",4/2025,0,0,15,https://www.udemy.com/course/fusion-360-mastery-certificate-preparation-course/
Onshape Complete Course For Beginners (2026),7039261,Alen Oletic,"Onshape, Engineering, Teaching & Academics",3D Printing,Beginner,5 hours,4.5,7,214,"Rp149,000",3/2026,2,0,6,https://www.udemy.com/course/onshape-fundamentals-2026/
Tinkercad 3D Modeling for Beginners: Create Your Designs!,6315935,Basheer Ahamed Mohamed Nishad,"Tinkercad, 3D Modeling, 3D Printing, 3D & Animation, Design",3D Printing,All Levels,1.5 hours,4.0,1,42,"Rp149,000",4/2025,0,0,0,https://www.udemy.com/course/tinkercad-3d-modeling-for-beginners-create-your-designs/
Blender 4 Modeling and Geometry Node Workshop,5941010,3D Tudor,"Blender, 3D Rendering, 3D Modeling, Game Art, 3D & Animation",3D Printing,All Levels,29 hours,4.7,78,1177,"Rp149,000",1/2026,0,0,1,https://www.udemy.com/course/blender-4-modeling/
Autodesk Fusion For Complete Beginners,5999970,Martin Lennernäs,"Autodesk Fusion, Other IT & Software, IT & Software",3D Printing,Beginner,3 hours,4.2,4,15,"Rp149,000",2/2025,0,0,0,https://www.udemy.com/course/autodesk-fusion-for-beginners/
Fusion 360 for CNC - The best guide for beginners,3986136,Mathieu Dorion,"Autodesk Fusion, Computer Numerical Control (CNC), 3D & Animation, Design",3D Printing,All Levels,2 hours,4.6,378,2109,"Rp149,000",8/2023,1,0,5,https://www.udemy.com/course/fusion-360-for-cnc-a-cam-masterclass/
Designing for Laser Cutting with Fusion 360,3815736,Larno Visser,"Autodesk Fusion, 3D Modeling, Prototyping, Laser Cutting, 3D & Animation",3D Printing,All Levels,4 hours,4.7,351,2298,"Rp149,000",8/2022,0,0,10,https://www.udemy.com/course/designing-for-laser-cutting-with-fusion-360/
The Blender 4 Ultimate Guide,5720430,3D Tudor,"Blender, 3D & Animation, Design",3D Printing,All Levels,21.5 hours,4.3,157,1658,"Rp149,000",1/2026,0,0,1,https://www.udemy.com/course/the-blender-4-ultimate-guide/
Assemble Parts and Components in Fusion 360,2858304,Jomarc Baquiran,"Autodesk Fusion, Design Tools, Design",3D Printing,Intermediate,3 hours,4.7,128,784,"Rp149,000",4/2020,0,0,23,https://www.udemy.com/course/assemble-parts-and-components-in-fusion-360-d/
Sculpting Props for 3D Printing Using zBrush 2020 & Blender,3374374,Digital Art HQ School,"3D Sculpting, 3D Modeling, 3D Printing, 3D & Animation, Design",3D Printing,Beginner,11.5 hours,4.1,16,6772,"Rp149,000",10/2020,0,0,1,https://www.udemy.com/course/sculpting-props-for-3d-printing-using-zbrush-2020-blender/
Introduction To Additive Manufacturing,5651038,ATMASUTRA INSTITUTE OF CAREER DEVELOPMENT AND TRAINING (AICDT),"3D Printing, Engineering, Teaching & Academics",3D Printing,Beginner,1.5 hours,4.1,9,237,"Rp149,000",11/2025,10,0,0,https://www.udemy.com/course/introduction-to-additive-manufacturing-s/
CAD and 3D Printing for Jewellery Designing (Beginner),4772964,Hamed Arab,"Jewelry Design, CAD Software, Fashion Design, Design",3D Printing,Beginner,3.5 hours,4.0,7,64,"Rp149,000",7/2022,0,0,1,https://www.udemy.com/course/cad-and-3d-printing-for-jewellery-designing-beginner/
Design 3D Printed Enclosure for Arduino Boards Fusion 360,3208477,"Educational Engineering Team, Ashraf Said AlMadhoun, Educational Engineering","Autodesk Fusion, 3D & Animation, Design",3D Printing,All Levels,2.5 hours,4.2,49,10490,"Rp149,000",2/2026,29,0,2,https://www.udemy.com/course/fusion360-design-3d-printed-enclosure-for-arduino-boards-fusion-360/
[New] Convert any 2D Drawing or image to 3D Model design,7005005,Ayman Khoshouey,"Blender, FreeCAD, Other IT & Software, IT & Software",3D Printing,All Levels,1.5 hours,5.0,2,3,"Rp149,000",1/2026,0,0,0,https://www.udemy.com/course/new-convert-any-2d-drawing-or-image-to-3d-model-design/
Mastering FreeCAD with AI: Hands-On 3D Modelling Projects,6121203,Shashvat Rastogi,"FreeCAD, 3D & Animation, Design",3D Printing,All Levels,3 hours,4.2,11,70,"Rp149,000",8/2024,0,0,0,https://www.udemy.com/course/mastering-freecad-with-ai/
Blender 3: Stylized Scene The Ultimate Guide,4660088,3D Tudor,"Blender, 3D Modeling, Game Art, 3D & Animation, Design",3D Printing,Beginner,24.5 hours,4.6,25,626,"Rp149,000",4/2025,0,0,1,https://www.udemy.com/course/blender-3-stylized-scene-the-ultimate-guide/
Fusion 360 Design Concept: Spacecraft,1773146,Jomarc Baquiran,"Autodesk Fusion, Product Design, Design Tools, Design",3D Printing,Beginner,2.5 hours,4.5,57,2193,"Rp149,000",7/2018,0,0,22,https://www.udemy.com/course/fusion-360-design-concept-spacecraft/
OpenSCAD the complete course,6030072,Nicolas Forgue,"3D Rendering, 3D Modeling, 3D Printing, Programming Languages, Development",3D Printing,All Levels,6.5 hours,3.9,12,89,"Rp149,000",7/2024,0,0,0,https://www.udemy.com/course/openscad-the-complete-course/
Master Productivity Tools in FreeCAD,6614067,Amar Patel,"FreeCAD, 3D & Animation, Design",3D Printing,Beginner,3.5 hours,3.5,1,8,"Rp159,000",1/2026,0,0,1,https://www.udemy.com/course/mastering-productivity-tools-in-freecad-10/
Designing Apple Charging Stands On iPad For 3D Printing,3517578,CAM MENTOR,"3D Printing, 3D Modeling, Apple Products Basics, 3D & Animation, Design",3D Printing,Beginner,1 hour,3.5,1,3,"Rp149,000",9/2020,1,0,2,https://www.udemy.com/course/designing-apple-charging-stands-on-ipad-for-3d-printing/
"Fusion 360 Step by Step | CAD, FEM & CAM for Beginners",4244208,M.Eng. Johannes Wild,"Autodesk Fusion, CAD Software, Design Theory, Engineering, Teaching & Academics",3D Printing,Beginner,3.5 hours,4.4,77,439,"Rp149,000",8/2021,0,0,16,https://www.udemy.com/course/fusion-360-step-by-step-cad-fem-cam-for-beginners/
Learning OpenSCAD for 3D Modelling,5928420,Xiaoqi Zhao,"3D Modeling, CAD Software, Other IT & Software, IT & Software",3D Printing,Beginner,11 hours,4.4,3,236,"Rp149,000",2/2026,0,0,0,https://www.udemy.com/course/learning-openscad-for-3d-modelling/
Beginner's Guide to Fusion 360: Learn 3D Design the Easy Way,3634844,Philip Cotton,"Autodesk Fusion, 3D Modeling, 3D & Animation, Design",3D Printing,Beginner,1.5 hours,4.5,72,625,"Rp149,000",8/2023,0,0,2,https://www.udemy.com/course/learn-the-basics-of-fusion-360/
3D Figurine Printing,6507609,Jon Holland,"3D Modeling, 3D & Animation, Design",3D Printing,Beginner,6 hours,4.8,N/A,1,"Rp149,000",4/2025,0,0,14,https://www.udemy.com/course/3d-figurine-printing/
NURBS Modeling with Autodesk Maya,3923194,Maximilian Schönherr,"Autodesk Maya, 3D Modeling, 3D & Animation, Design",3D Printing,Intermediate,4 hours,4.3,15,81,"Rp149,000",3/2021,0,0,0,https://www.udemy.com/course/nurbs-modeling-with-autodesk-maya/
Blender Geometry Nodes - Boats,6425785,"3D Tudor, Vladan Trhlík","Blender, 3D Modeling, Game Design, 3D & Animation, Design",3D Printing,All Levels,2.5 hours,4.6,18,209,"Rp149,000",1/2026,0,0,1,https://www.udemy.com/course/blender-geometry-nodes-boats/
Autodesk Inventor 2020 Complete Beginners Course,2656110,Mike Freeman,"3D Modeling, 3D Printing, Autodesk Inventor, CAD Software, 3D & Animation",3D Printing,Beginner,6.5 hours,4.5,330,2874,"Rp149,000",9/2021,0,0,1,https://www.udemy.com/course/autodesk-inventor-2020-for-beginners/
Autodesk Fusion 360: A Beginners Guide,6976589,Stephen Cunningham,"3D Modeling, 3D & Animation, Design",3D Printing,Beginner,9.5 hours,4.8,N/A,7,"Rp149,000",1/2026,0,0,23,https://www.udemy.com/course/autodesk-fusion-360-a-beginners-guide/
Master Solidworks 2015 - 3D CAD using real-world examples,1406484,Johno Ellison,"SOLIDWORKS, 3D Animation, CAD Software, Design Tools, Design",3D Printing,All Levels,11.5 hours,4.5,396,1792,"Rp149,000",11/2018,0,0,13,https://www.udemy.com/course/master-solidworks/
RISA 3D - Learn from scratch,6089339,BIKI KUMAR DAS,"Other Design, Design",3D Printing,All Levels,4 hours,3.8,16,77,"Rp149,000",8/2024,0,0,0,https://www.udemy.com/course/risa-3d-learn-from-scratch/
"Designing in 3D: A Beginner's Journey with SketchUp, VR, AR,",6423687,Tilanka Chandrasekera,"Interior Design, Design",3D Printing,Beginner,1 hour,3.3,4,298,"Rp149,000",1/2025,0,0,0,https://www.udemy.com/course/designing-in-3d-a-beginners-journey-with-sketchup-vr-ar/
3D Designs with TinkerCad for kids,5260784,IoT KIDS,"3D Sketching, 3D & Animation, Design",3D Printing,Beginner,1 hour,4.2,2,20,"Rp149,000",4/2023,0,0,0,https://www.udemy.com/course/3d-modeling-designs-and-basics-with-tinkercad/
(10) Ten 2D Drawings to Master 2D Sketching in Fusion 360,989604,Jomarc Baquiran,"Autodesk Fusion, Design Tools, Design",3D Printing,Beginner,2 hours,4.4,395,1888,"Rp149,000",5/2019,0,0,20,https://www.udemy.com/course/10-ten-2d-drawings-to-master-2d-sketching-in-fusion-360-d/
Fusion 360 Practice Questions,6779963,sarvesh Malakolikar,"Engineering, Teaching & Academics",3D Printing,Intermediate,N/A,4.8,2,6,"Rp149,000",8/2025,0,0,0,https://www.udemy.com/course/fusion-360-practice-questions/
FreeCAD 1.0 Easy Parametric Modeling: Spreadsheets & VarSets,6580529,MJ Solutions,"FreeCAD, 3D Modeling, CAD Software, 3D & Animation, Design",3D Printing,All Levels,2.5 hours,4.8,44,220,"Rp249,000",6/2025,0,0,0,https://www.udemy.com/course/freecad-easy-parametric-modeling-with-spreadsheets-varsets/
Sculpting Male Characters in Zbrush,3034214,"Christian McNachtan, Joshua O'Hala","zBrush, 3D Modeling, 3D Printing, Digital Character Sculpting, 3D & Animation",3D Printing,All Levels,19.5 hours,4.6,27,282,"Rp149,000",9/2020,0,0,1,https://www.udemy.com/course/sculpting-male-characters-in-zbrush/
Dental Course : Prepare your STL Teeth Model for 3D Printer,4091366,Ahmed metwalli,"Dentistry, Other Teaching & Academics, Teaching & Academics",3D Printing,Beginner,30 mins,4.3,10,877,"Rp149,000",6/2021,0,0,0,https://www.udemy.com/course/dental-course-prepare-your-stl-teeth-model-for-3d-printer/
Upskill yourself CAD - Tinkercad and FreeCAD For Students,3848940,Khaja Mohamed,"CAD Software, Tinkercad, Design Tools, Design",3D Printing,All Levels,4.5 hours,4.3,8,754,"Rp149,000",11/2025,5,0,1,https://www.udemy.com/course/tinkercad-q/
Blender: Creating elegant and realistic headphone,5818706,Mrawan Hussain,"Blender, Hard Surface Modeling, Product Design, 3D & Animation, Design",3D Printing,Intermediate,5 hours,4.8,3,40,"Rp149,000",2/2024,0,0,1,https://www.udemy.com/course/blender-creating-elegant-and-realistic-headphone/
Autodesk Fusion 360 Basic Modelling Techniques,4162456,Penta Teknoloji,"Autodesk Fusion, Autodesk, Design Tools, Design",3D Printing,Beginner,3.5 hours,3.5,2,16,"Rp149,000",8/2021,0,0,38,https://www.udemy.com/course/autodesk-fusion-360-basic-modelling-techniques/
How to Create High Quality 3D Scanned Model,2871742,Stefan Ivanov,"3D Modeling, 3D & Animation, Design",3D Printing,Intermediate,31 mins,4.2,20,125,"Rp149,000",3/2020,0,0,22,https://www.udemy.com/course/how-to-create-high-quality-3d-scanned-model/
3D modeling for beginners using ZBrush Core Mini,4312470,3DRI 金子,"3D Modeling, 3D Printing, zBrush, 3D & Animation, Design",3D Printing,Beginner,2.5 hours,5.0,1,18,"Rp149,000",9/2021,0,0,0,https://www.udemy.com/course/3d-modeling-for-beginners-using-zbrush-core-mini/
Fusion 360 the complete course,4831284,Nicolas Forgue,"Autodesk Fusion, CAD Software, 3D & Animation, Design",3D Printing,All Levels,18 hours,4.0,15,157,"Rp149,000",12/2022,0,0,0,https://www.udemy.com/course/fusion-360-the-complete-course/
Fusion360 and Eagle integration to design PCB,4017616,Mohannad Rawashdeh,"CAD Software, Autodesk Fusion, Design Tools, Design",3D Printing,Intermediate,4.5 hours,4.4,29,299,"Rp149,000",4/2022,1,0,17,https://www.udemy.com/course/fusion360-and-eagle-integration-to-design-pcb/
Mechanical Part Modeling & Technical Drawing in FreeCAD,6614081,Amar Patel,"FreeCAD, 3D & Animation, Design",3D Printing,Intermediate,37.5 hours,4.5,2,42,"Rp149,000",3/2026,0,0,82,https://www.udemy.com/course/mastering-advanced-modeling-detailing-in-freecad/
Fusion 360 | CAD Design Projects – Part 1,4446392,M.Eng. Johannes Wild,"Autodesk Fusion, CAD Software, 3D & Animation, Design",3D Printing,Intermediate,2 hours,4.3,11,58,"Rp149,000",12/2021,0,0,10,https://www.udemy.com/course/fusion-360-advanced-cad-design-projects-part-1/
Fusion 360 Pro: Design Smarter & Faster part -1,6503643,Gaddam Ashok,"Design Tools, Design",3D Printing,Beginner,6 hours,5.0,4,11,"Rp149,000",4/2025,4,0,0,https://www.udemy.com/course/fusion-360-pro-design-smarter-faster-part-1/
"Fusion 360, Solidworks & CATIA - CAD Mastery Workshop",4397792,Roy Academy,"SOLIDWORKS, CATIA, Autodesk Fusion, CAD Software, 3D & Animation",3D Printing,Beginner,7.5 hours,4.5,23,115,"Rp149,000",3/2022,0,0,0,https://www.udemy.com/course/fusion-360-solidworks-catia-cad-mastery-workshop/
AutoCAD + Fusion 360: A Complete Designer's Guide,1289594,Roy Academy,"AutoCAD, Design Tools, Design",3D Printing,Beginner,13 hours,4.5,337,9285,"Rp149,000",6/2024,16,0,52,https://www.udemy.com/course/autocad-2018-refreshers-crash-course-program-for-pros/
Master Autodesk Fusion 360 - Engineering Model and Assembly,5031948,Sabyasachi Majumder,"Assembly Modeling, Other Design, Design",3D Printing,Beginner,8.5 hours,4.3,52,278,"Rp149,000",10/2024,0,0,75,https://www.udemy.com/course/modeling-assembly-with-autodesk-fusion-360/
Jewellery Design Blender 4 Parametric Smart Objects,3974880,Paul Summers,"Jewelry Design, Other Design, Design",3D Printing,Beginner,7.5 hours,4.0,10,94,"Rp249,000",11/2023,0,0,13,https://www.udemy.com/course/jewellery-design-using-blender-29-parametric-smart-objects/
Fusion 360 Product Concepts: Footwear,1356290,Jomarc Baquiran,"Autodesk Fusion, 3D & Animation, Design",3D Printing,Expert,3 hours,4.5,124,722,"Rp149,000",10/2017,0,0,17,https://www.udemy.com/course/jomarc-fusion-360-product-concepts-footwear/
Autodesk Fusion 360 Basic Course,4480596,Pjotrs Vartminskis,"Autodesk Fusion, Autodesk, 3D & Animation, Design",3D Printing,Beginner,8.5 hours,4.5,13,80,"Rp149,000",4/2022,0,0,19,https://www.udemy.com/course/autodesk-fusion-basic-course/
Fusion 360 Absolute Beginner Course,5190968,Devasis Samantry,"Autodesk Fusion, 3D & Animation, Design",3D Printing,Beginner,3 hours,4.0,3,20,"Rp149,000",3/2023,1,0,1,https://www.udemy.com/course/learn-fusion-360-in-4-simple-projects/
Vectary the complete course,4555436,Nicolas Forgue,"3D Rendering, 3D Modeling, 3D Texturing, 3D & Animation, Design",3D Printing,All Levels,10 hours,4.1,16,88,"Rp149,000",10/2025,0,0,6,https://www.udemy.com/course/3d-modeling-with-vectary/
Fusion 360 Circuit Design and PCB Manufacturing,2958432,"Educational Engineering Team, Educational Engineering, Ashraf Said AlMadhoun","Autodesk Fusion, PCB Design, Hardware, IT & Software",3D Printing,All Levels,2 hours,3.7,199,18018,"Rp149,000",2/2026,2,0,0,https://www.udemy.com/course/fusion-360-crash-course/
Transportation Design with Tinkercad,3242152,Kids Can CAD Academy,"3D Modeling, Tinkercad, 3D & Animation, Design",3D Printing,Beginner,1.5 hours,4.7,6,63,"Rp149,000",9/2020,1,0,7,https://www.udemy.com/course/all-about-transportation/
The complete beginners guide to Fusion 360,5582458,Michael-Jason Doliveira,"3D Modeling, Other IT & Software, IT & Software",3D Printing,Beginner,2.5 hours,4.4,9,43,"Rp149,000",1/2025,0,0,11,https://www.udemy.com/course/the-complete-beginners-guide-to-fusion-360/
Fusion 360 tutorial for CNC machinists,2143190,Marc Cronin,"Computer Numerical Control (CNC), Other IT & Software, IT & Software",3D Printing,Beginner,2.5 hours,4.4,694,3614,"Rp149,000",8/2022,0,0,0,https://www.udemy.com/course/fusion-360-tutorial-for-cnc-machinists/
Learn 10 Key Design Concepts with Fusion 360,4660130,J Aatish Rao,"Autodesk Fusion, 3D Modeling, 3D Sketching, Autodesk, 3D & Animation",3D Printing,All Levels,2 hours,4.2,26,1610,"Rp149,000",6/2025,1,0,9,https://www.udemy.com/course/fusion-360-design-concepts/
Fusion 360 Assemblies & Motion: Learn from Scratch to Expert,6955947,Gaddam Ashok,"3D & Animation, Design",3D Printing,Expert,20 hours,5.0,N/A,2,"Rp149,000",12/2025,0,0,0,https://www.udemy.com/course/fusion-360-assemblies-motion-learn-from-scratch-to-expert/
Fusion 360 3D Modeling Course,3667736,Kendale Jones,"Autodesk Fusion, 3D & Animation, Design",3D Printing,All Levels,3 hours,4.6,114,505,"Rp149,000",12/2020,0,0,1,https://www.udemy.com/course/fusion-360-modeling-course/
Fusion 360 - Geometry Modelling Course,3926384,Swaylen CAD I CAM I CAE Expert,"Autodesk Fusion, Design Tools, Design",3D Printing,Intermediate,4.5 hours,4.0,4,28,"Rp149,000",3/2021,0,0,0,https://www.udemy.com/course/fusion-360-geometry-modelling-course/
Blender 3 The Ultimate Medieval Scene Course,4525234,3D Tudor,"Blender, 3D Animation, 3D Modeling, Game Art, 3D & Animation",3D Printing,All Levels,17 hours,4.6,191,2964,"Rp149,000",4/2025,0,0,1,https://www.udemy.com/course/blender-3-course/
Ultimate Guide to Product Design - Fusion 360 for Beginners,4364080,Eshaan Kothari,"Product Design, 3D Modeling, 3D Rendering, Autodesk Fusion, 3D & Animation",3D Printing,Beginner,5 hours,4.3,16,77,"Rp149,000",1/2022,3,0,0,https://www.udemy.com/course/the-ultimate-guide-to-product-design/
Additive Manufacturing Process( Advance Manufacturing),3960648,Mugdha Vikas Bhadak,"Manufacturing, Engineering, Teaching & Academics",3D Printing,Beginner,1.5 hours,3.9,88,496,"Rp149,000",4/2021,0,0,0,https://www.udemy.com/course/additive-manufacturing-process-advance-manufacturing/
Fundamentals of Autodesk Fusion 360 and Learn Metal Design,999692,CAD Kraft,"Autodesk Fusion, 3D & Animation, Design",3D Printing,All Levels,3 hours,4.1,185,1496,"Rp149,000",11/2023,0,0,2,https://www.udemy.com/course/autodesk-fushion-360/
Fusion 360 Professional: Learn from Scratch to Expert,6838641,Gaddam Ashok,"3D & Animation, Design",3D Printing,Intermediate,20 hours,5.0,N/A,1,"Rp149,000",12/2025,0,0,0,https://www.udemy.com/course/fusion-360-professional-learn-from-scratch-to-expert/
Design a Kinetic Sculpture using Fusion 360,1438564,Mahmoud Shehata,"Autodesk Fusion, Design Tools, Design",3D Printing,Beginner,3.5 hours,4.7,112,667,"Rp149,000",2/2019,0,0,3,https://www.udemy.com/course/kinetic-sculpture-vol1/
Onshape the complete course,4870246,Nicolas Forgue,"CAD Software, Onshape, 3D & Animation, Design",3D Printing,All Levels,14 hours,4.2,50,237,"Rp149,000",3/2026,0,0,0,https://www.udemy.com/course/onshape-the-complete-course/
"Fusion 360, Master Sketches, Components & Rendering",2972362,Alexey Naturyev,"Autodesk Fusion, 3D & Animation, Design",3D Printing,All Levels,1.5 hours,4.2,15,86,"Rp149,000",4/2020,0,0,2,https://www.udemy.com/course/alexey-naturyev-fusion360-sketches-components/
Fusion 360 Modeling Course - Power Drill,3755894,Kendale Jones,"Autodesk Fusion, 3D Modeling, Product Design, 3D & Animation, Design",3D Printing,All Levels,2.5 hours,4.6,46,193,"Rp149,000",1/2021,0,0,5,https://www.udemy.com/course/fusion-360-modeling-course-power-drill/
CAD for Kids,4206094,Kids Can CAD Academy,"CAD Software, 3D Modeling, 3D & Animation, Design",3D Printing,Beginner,1.5 hours,4.4,16,80,"Rp149,000",7/2021,0,0,5,https://www.udemy.com/course/cad-for-kids/
The Complete Course of Onshape CAD: From zero to hero!,5334506,The Tech Courses,"Onshape, 3D Sketching, 3D Modeling, CAD Software, Engineering",3D Printing,All Levels,8 hours,3.2,28,140,"Rp149,000",1/2025,0,0,0,https://www.udemy.com/course/course-onshape/
FreeCAD For Beginner : Learn 3D Modeling from Scratch !,5818652,Amar Patel,"FreeCAD, Design Tools, Design",3D Printing,All Levels,24.5 hours,3.9,35,190,"Rp159,000",12/2025,0,0,45,https://www.udemy.com/course/freecad-for-beginner-learn-3d-modeling-from-scratch/
Learn Arduino Using Tinkercad for Beginners,5814022,Ameh Abraham,"Tinkercad, Arduino, Other IT & Software, IT & Software",3D Printing,All Levels,2.5 hours,5.0,4,14,"Rp149,000",2/2024,0,0,0,https://www.udemy.com/course/learn-arduino-using-tinkercad-for-beginners/
3D Jewelry,4074248,Shweta Thapa,"3D Printing, CAD Software, Jewelry Design, Design Thinking, Other Design",3D Printing,Beginner,31 mins,4.1,11,56,"Rp149,000",5/2021,0,0,1,https://www.udemy.com/course/3d-jewelry/
Parametric Part Modeling in Onshape,1261328,Jomarc Baquiran,"Onshape, Design Tools, Design",3D Printing,Beginner,3.5 hours,4.4,103,451,"Rp149,000",8/2017,0,0,13,https://www.udemy.com/course/parametric-part-modeling-in-onshape/
Fusion 360 Product Concepts: Headphone,1211170,Jomarc Baquiran,"Autodesk Fusion, Product Design, Design Tools, Design",3D Printing,Intermediate,2 hours,4.4,31,234,"Rp149,000",5/2017,0,0,17,https://www.udemy.com/course/fusion-360-product-concepts-headphones-jomarc-instructor/
Stylized 3D Environments with Blender 4 Geometry Nodes,5917494,3D Tudor,"Blender, 3D Environment Modeling, 3D Modeling, 3D & Animation, Design",3D Printing,All Levels,10 hours,4.4,43,496,"Rp149,000",1/2026,0,0,1,https://www.udemy.com/course/stylized-3d-environments-with-blender-4-geometry-nodes/
Designing Mechanisms using Fusion 360,1345134,Mahmoud Shehata,"Autodesk Fusion, Product Design, Design Tools, Design",3D Printing,Intermediate,2 hours,4.4,243,1444,"Rp149,000",11/2017,0,0,0,https://www.udemy.com/course/mechanism-design-using-fusion-360/
Architecture Design with Tinkercad,3235563,Kids Can CAD Academy,"Architecture Fundamentals, Tinkercad, 3D & Animation, Design",3D Printing,Beginner,1 hour,4.5,20,96,"Rp149,000",9/2020,1,0,7,https://www.udemy.com/course/all-about-architecture/
Fusion 360: Assembly from Scratch,3007042,Jomarc Baquiran,"Autodesk Fusion, Assembly Modeling, Design Tools, Design",3D Printing,Expert,1 hour,4.5,58,296,"Rp149,000",4/2020,0,0,14,https://www.udemy.com/course/fusion-360-assembly-from-scratch/
Fusion 360 CAD/CAM for CNC routers,2617118,Marc Cronin,"Autodesk Fusion, CAD Software, Computer Numerical Control (CNC), Hardware, IT & Software",3D Printing,Beginner,2.5 hours,4.4,489,2806,"Rp149,000",8/2022,0,0,0,https://www.udemy.com/course/fusion-360-cad-cam-for-cnc-routers/
Fusion 360 to Unreal Engine - pipeline,3740798,Kendale Jones,"Unreal Engine, Blender, Autodesk Fusion, Substance Painter, Game Design",3D Printing,All Levels,5.5 hours,4.7,22,108,"Rp149,000",1/2021,0,0,1,https://www.udemy.com/course/fusion-360-to-unreal-engine-pipeline/
Concept Design of a Double Wishbone Suspension in Fusion 360,3950534,Mufaddal Rasheed,"Automotive Engineering, Engineering, Teaching & Academics",3D Printing,Expert,4 hours,4.5,189,1046,"Rp149,000",5/2023,0,0,6,https://www.udemy.com/course/concept-design-of-a-double-wishbone-suspension-system/
AUTODESK TINKERCAD: 3D DESIGN FROM ZERO TO HERO,3565531,Penta Teknoloji,"Tinkercad, Design Tools, Design",3D Printing,Beginner,7 hours,3.7,9,81,"Rp149,000",10/2020,0,0,0,https://www.udemy.com/course/autodesk-tinkercad-3d-design-from-zero-to-hero/
Fusion 360: Create a slide and pop mechanism,1239194,Mahmoud Shehata,"Autodesk Fusion, CAD Software, 3D & Animation, Design",3D Printing,Beginner,2 hours,4.4,49,1503,"Rp149,000",8/2017,0,0,1,https://www.udemy.com/course/create-mechanism-fusion-360/
FREECAD BASIC COURSE,5900132,Paulo Villarreal,"FreeCAD, CAD Software, Other Design, Design",3D Printing,Beginner,5 hours,4.5,6,71,"Rp149,000",4/2024,0,0,0,https://www.udemy.com/course/freecad-course-s/
"Fusion 360 for Beginners, 3D Design, Modeling, Assembly",4459260,J Aatish Rao,"Autodesk Fusion, 3D Modeling, 3D Rendering, Sketching, 3D & Animation",3D Printing,Beginner,5 hours,4.1,82,2657,"Rp149,000",6/2025,1,0,8,https://www.udemy.com/course/autodesk-fusion-360-beginners/
Makers' Guide to Fusion 360,3736904,"Vedansh Goenka, Vishal Goenka","Autodesk Fusion, 3D Modeling, CAD Software, 3D & Animation, Design",3D Printing,All Levels,1 hour,4.4,11,66,"Rp149,000",6/2021,0,0,0,https://www.udemy.com/course/fusion-360-makers/
Automation and Applications of Industry 4.0 Technologies,4050336,J Aatish Rao,"Industry 4.0, 3D Printing, Computer Numerical Control (CNC), Robotics, Engineering",3D Printing,All Levels,2.5 hours,4.1,39,124,"Rp149,000",6/2025,1,0,1,https://www.udemy.com/course/industry4/
Master Sheet Metal Design in FreeCAD: From Zero to Expert !,6986639,Amar Patel,"FreeCAD, Sheet Metal, Design Tools, Design",3D Printing,Beginner,5 hours,2.0,1,10,"Rp149,000",1/2026,0,0,0,https://www.udemy.com/course/master-sheet-metal-design-freecad/
How To Use a 3D Printer,3424886,HowExpert,"3D Printing, 3D & Animation, Design",3D Printing,All Levels,33 mins,1.5,1,1,"Rp349,000",8/2020,0,0,0,https://www.udemy.com/course/how-to-use-a-3d-printer/
SolidWorks Fundamentals,59331,Brian Benjamin,"SOLIDWORKS, Certified SOLIDWORKS Associate (CSWA), Design Tools, Design",3D Printing,Beginner,2 hours,4.1,15,430,"Rp149,000",9/2013,2,0,1,https://www.udemy.com/course/solidworks-fundamentals/
Surface Modeling in Onshape,5038334,Jomarc Baquiran,"Onshape, CAD Software, Design Tools, Design",3D Printing,Intermediate,44 mins,4.3,13,57,"Rp149,000",12/2022,0,0,1,https://www.udemy.com/course/surface-modeling-in-onshape/
"Fusion 360 for Woodworkers, Designing an Adirondack Chair",2409540,Benjamin Tuttle,"Autodesk Fusion, Woodworking and Carpentry, 3D & Animation, Design",3D Printing,Intermediate,3.5 hours,3.8,16,104,"Rp149,000",2/2020,0,0,0,https://www.udemy.com/course/fusion-360-for-woodworkers-designing-an-adirondack-chair/
3D Builder the complete course,5409990,Nicolas Forgue,"3D Rendering, 3D Printing, 3D Modeling, 3D & Animation, Design",3D Printing,All Levels,6 hours,3.0,4,8,"Rp149,000",8/2023,0,0,0,https://www.udemy.com/course/3d-builder-the-complete-course/
Carton Design Using Sheet Metal in Autodesk Fusion,2633978,Jomarc Baquiran,"Autodesk Fusion, Sheet Metal, Design Tools, Design",3D Printing,All Levels,44 mins,4.1,19,223,"Rp149,000",2/2026,0,0,8,https://www.udemy.com/course/carton-design-using-sheetmetal-with-fusion-360/
TinkerCAD - For Engineering Graphics,5200632,Amit Nichat,"Tinkercad, Other Design, Design",3D Printing,Beginner,1 hour,4.3,54,631,"Rp149,000",6/2025,1,0,0,https://www.udemy.com/course/tinkercad-for-engineering-graphics/
Learning Autodesk 123D Design,858722,Infinite Skills,"Autodesk Inventor, 3D Printing, User Experience (UX) Design, 3D & Animation, Design",3D Printing,All Levels,1.5 hours,4.5,35,130,"Rp149,000",1/2017,1,0,1,https://www.udemy.com/course/learning-autodesk-123d-design/
3D Modeling with Fusion 360 (Tutorial Videos),6281331,CADCIM Technologies,"Sketching, Design Tools, Design",3D Printing,Intermediate,8.5 hours,4.3,43,9680,"Rp149,000",7/2025,0,0,1,https://www.udemy.com/course/3d-modeling-with-fusion-360tutorial-videos/
Onshape CAD Complete Fundamentals: Make Your 1st Design Now!,5057108,Vishal Vira,"CAD Software, Design Tools, Design",3D Printing,Beginner,1 hour,5.0,3,13,"Rp149,000",1/2023,0,0,0,https://www.udemy.com/course/onshape-free-cad-complete-fundamentals-make-your-1st-design-now/
Photoshop CC Basic Tools for Beginners,3771652,Penta Teknoloji,"Adobe Photoshop, Design Tools, Design",3D Printing,All Levels,4 hours,4.8,N/A,13,"Rp149,000",5/2023,0,0,0,https://www.udemy.com/course/adobe-photoshop-cc-basic-tools-and-techniques/
Autodesk Fusion CAD & CAM & SolidWorks CAD Basics (Crash),6533421,Mohamed Gamal,"Autodesk Fusion, SOLIDWORKS, Design Tools, Design",3D Printing,Beginner,5.5 hours,4.6,7,146,"Rp149,000",4/2025,0,0,3,https://www.udemy.com/course/autodesk-fusion-solidworks-cad-basics-cad-crash-courses/
Arduino Programming for Kids and Beginners with Tinkercad,3389600,Eshgin Guluzade,"Arduino, Electronics, Robotics, Programming Fundamentals, Engineering",3D Printing,Beginner,6.5 hours,4.1,305,5167,"Rp149,000",5/2024,22,0,2,https://www.udemy.com/course/arduino-programming-for-kids-and-beginners-with-tinkercad/
HYPER-REALISTIC 3D KID GIRL DESIGN,6634837,kelechi John,"3D Modeling, 3D Rendering, 3D & Animation, Design",3D Printing,All Levels,17 hours,4.7,10,22,"Rp149,000",7/2025,0,0,0,https://www.udemy.com/course/hyper-realistic-3d-kid-girl-design/
Learning Paint 3D from Scratch,3713450,Pratik Pradhan,"3D Modeling, 3D & Animation, Design",3D Printing,Beginner,1.5 hours,4.4,12,383,"Rp149,000",12/2020,0,0,0,https://www.udemy.com/course/learningpaint3dfromscratch/
3d modelling - a Modo modeling guide,797952,Daniel Cremers,"3D Modeling, 3D Sculpting, 3D & Animation, Design",3D Printing,Beginner,19 hours,4.1,98,734,"Rp149,000",9/2022,0,0,1,https://www.udemy.com/course/3d-modeling-in-modo/
OnShape CAD Tutorials - UpSkill Your self with Learning CAD,5309040,Khaja Mohamed,"Onshape, Other IT & Software, IT & Software",3D Printing,Beginner,2 hours,3.5,7,652,"Rp149,000",3/2026,12,0,0,https://www.udemy.com/course/onshape-cad-tutorials-upskill-your-self-with-learning-cad/
OrthoMesh3D. Plan orthopaedic surgery in 3D using Blender,2786694,"Anastasios Papadonikolakis, MD, PhD, Pavlos Papadonikolakis","3D Modeling, Engineering, Teaching & Academics",3D Printing,Beginner,9.5 hours,4.6,74,290,"Rp1,799,000",3/2026,0,0,33,https://www.udemy.com/course/orthomesh3d/
Learning Tinkercad from Scratch,4015206,Pratik Pradhan,"Tinkercad, 3D Modeling, Other IT & Software, IT & Software",3D Printing,Beginner,2 hours,3.8,6,23,"Rp149,000",6/2025,0,0,0,https://www.udemy.com/course/learning-tinkercad-from-scratch/
Learn Product Design and Modelling with Photoshop 3D,4300783,Harshit Srivastava,"Adobe Photoshop, 3D Modeling, Graphic Design & Illustration, Design",3D Printing,All Levels,1 hour,4.3,34,7501,"Rp149,000",9/2021,0,0,0,https://www.udemy.com/course/learn-product-design-and-modelling-with-photoshop-3d/
Autodesk VRED Basic Tools And Techniques,4163206,Penta Teknoloji,"3D Rendering, Autodesk, Design Tools, Design",3D Printing,Beginner,5.5 hours,3.7,20,123,"Rp149,000",8/2022,0,0,1,https://www.udemy.com/course/autodesk-vred-basic-tools-and-techniques/
OpenSCAD A-Z,4310130,Syed-Mohammad Raza,"CAD Software, Other IT & Software, IT & Software",3D Printing,All Levels,3 hours,3.9,20,163,"Rp149,000",10/2021,0,0,29,https://www.udemy.com/course/openscad-a-z/
Build & Sell Blender 3D Models,5249804,Christ Raharja,"Blender, 3D Rendering, Animation, Digital Product, 3D & Animation",3D Printing,Beginner,3.5 hours,4.2,9,1177,"Rp149,000",4/2023,0,0,6,https://www.udemy.com/course/build-sell-blender-3d-models/
3D modelling from Scratch to Advance,4190468,Ishank Popli,"Blender, 3D Sculpting, 3D & Animation, Design",3D Printing,Beginner,2 hours,4.2,7,22,"Rp149,000",8/2021,0,0,0,https://www.udemy.com/course/3d-modelling-from-scratch-to-advance/
[New] How to 3D redesign the industrial Oil & Gas platforms,7117025,Ayman Khoshouey,"3D Modeling, Design Tools, Design",3D Printing,All Levels,1 hour,4.8,N/A,N/A,"Rp447,000.00",N/A,0,0,0,https://www.udemy.com/course/new-how-to-3d-redesign-the-industrial-oil-gas-platforms/
Adobe Illustrator CC Basic Tools for Beginner,3771780,Penta Teknoloji,"Adobe Illustrator, Design Tools, Design",3D Printing,Beginner,2.5 hours,4.7,N/A,13,"Rp149,000",9/2023,0,0,0,https://www.udemy.com/course/adobe-illustrator-cc-basic-tools-and-techniques/
Blender Modelling and Animation Project workshop masterclass,3637260,Sio Vaspa,"3D Animation, 3D Modeling, 3D Texturing, Blender, 3D & Animation",3D Printing,All Levels,4.5 hours,4.8,N/A,4,"Rp149,000",9/2023,0,0,4,https://www.udemy.com/course/blender-modelling-and-animation-project-workshop-masterclass/
Learn 3D modeling in blender in 1 hour,96290,John Bura,"3D Modeling, 3D Animation, Financial Modeling, Blender, Design Tools",3D Printing,Beginner,1 hour,4.1,77,1406,"Rp149,000",9/2013,0,0,0,https://www.udemy.com/course/learn-3d-modeling-in-blender-in-1-hour/
Customising the Interface of ZBrush 4 R8,1568292,UK Online Training Centre,"zBrush, 3D & Animation, Design",3D Printing,All Levels,1.5 hours,4.7,15,116,"Rp149,000",3/2018,1,0,1,https://www.udemy.com/course/customising-the-interface-of-zbrush-4-r8/
"3D Shapes Unveiled: Sphere, Hemisphere, Cone, Cuboid, & Cube",5637460,Prabh Kirpa Classes,"Math, Teaching & Academics",3D Printing,Intermediate,6 hours,4.2,6,4074,"Rp149,000",10/2023,0,0,0,https://www.udemy.com/course/3d-shapes-unveiled-sphere-hemisphere-cone-cuboid-cube/
FreeCAD for Mechanical Engineers : Technical 2D Drawing,3266664,Mohamed Fathi,"FreeCAD, 3D Modeling, 3D & Animation, Design",3D Printing,Beginner,4.5 hours,4.1,20,139,"Rp149,000",3/2023,0,0,12,https://www.udemy.com/course/freecad-sketcher/
Mastering Arduino based automation system using Tinkercad,6005336,R. Gangadevi,"Arduino, Tinkercad, Engineering, Teaching & Academics",3D Printing,All Levels,2.5 hours,4.7,30,398,"Rp149,000",6/2024,0,0,0,https://www.udemy.com/course/mastering-arduino-based-automation-system-using-tinkercad/
iOS iPad Game Development 3D Character Sculpting & Modeling,2618248,Class Creatives,"iOS Development, 3D Sculpting, Character Modeling, Productivity Apps, Game Development",3D Printing,Beginner,1.5 hours,3.9,40,183,"Rp149,000",11/2025,1,0,0,https://www.udemy.com/course/ios-ipad-game-development-3d-character-sculpting-modeling/
Autodesk AutoCAD 2016 : Ultimate Guide to 3D / 2D Modelling,682508,Veer Tutorial,"AutoCAD, 3D Modeling, 3D Animation, Architectural Design, Design",3D Printing,All Levels,8 hours,4.4,44,437,"Rp149,000",5/2016,0,0,1,https://www.udemy.com/course/autocad-2016-2d-fundamentals-veertutorial/
Double Dragon Arcade Walkthrough Gameplay,6957397,Zeeshan Arshad,"Gaming, Games & Gaming, Lifestyle",3D Printing,All Levels,30 mins,5.0,1,18,"Rp249,000",3/2026,1,0,0,https://www.udemy.com/course/double-dragon-arcade/
3D Printing Workshop. How to use and maintain a 3D Printer.,1166456,Core Electronics,"3D Printing, Creativity, Personal Development",3D Printing,Beginner,2 hours,4.7,786,19096,Free,6/2017,0,0,0,https://www.udemy.com/course/3d-printing-ultimate-workshop-and-full-step-by-step-guide/
Learn 3D printing - Material Jetting (MJ),6389169,Danish Technological Institute,"3D Printing, Manufacturing, Product Development, Engineering, Teaching & Academics",3D Printing,Beginner,36 mins,4.6,23,534,Free,1/2025,0,0,0,https://www.udemy.com/course/learn-3d-printing-material-jetting-mj/
Learn 3D printing - Vat Photopolymerization (VPP),6389131,Danish Technological Institute,"3D Printing, Manufacturing, Product Development, Engineering, Teaching & Academics",3D Printing,Beginner,32 mins,4.5,18,438,Free,1/2025,0,0,0,https://www.udemy.com/course/learn-3d-printing-vat-photopolymerization-vpp/
Learn 3D printing - Fused Deposition Modeling (FDM),5011782,Danish Technological Institute,"3D Printing, Manufacturing, Product Design, Product Development, Engineering",3D Printing,Beginner,31 mins,4.7,39,443,Free,12/2022,0,0,1,https://www.udemy.com/course/learn-3d-printing-fused-deposition-modeling-fdm/
An introduction to 3D printing,5002944,Danish Technological Institute,"3D Printing, 3D & Animation, Design",3D Printing,Beginner,1.5 hours,4.5,81,2251,Free,11/2022,0,0,1,https://www.udemy.com/course/an-introduction-to-3d-printing/
3D Printing - in a Nutshell,1246148,Anant Bhat,"3D Printing, Other IT & Software, IT & Software",3D Printing,Beginner,1 hour,4.1,245,9015,Free,11/2017,0,0,2,https://www.udemy.com/course/3d-printing-in-a-nutshell/
Design for 3D printing using Autodesk Fusion 360,5497036,Prashant Kumar,"3D Modeling, Product Design, 3D Printing, Autodesk Fusion, Design Tools",3D Printing,Beginner,1.5 hours,4.4,175,2563,Free,8/2023,0,0,2,https://www.udemy.com/course/design-for-3d-printing-using-autodesk-fusion-360/
Learn 3D printing - Quality assurance,6389115,Danish Technological Institute,"3D Printing, Manufacturing, Product Design, Product Development, Engineering",3D Printing,Intermediate,32 mins,4.6,12,410,Free,1/2025,0,0,0,https://www.udemy.com/course/learn-3d-printing-quality-assurance/
3D Printing Basics,346876,Assembl Academy,"3D Printing, 3D Animation, 3D & Animation, Design",3D Printing,Beginner,38 mins,4.1,910,12675,"Rp159,000",7/2015,0,0,0,https://www.udemy.com/course/3d-printing-basics/
Fusion 360 3d printing learn by building projects (Demo),5610488,Atulya Modi,"Autodesk Fusion, 3D Printing, Engineering, Teaching & Academics",3D Printing,Beginner,1.5 hours,4.3,72,2023,"Rp159,000",10/2023,0,0,2,https://www.udemy.com/course/learn-fusion-360-3d-printing-by-building-projects-demo/
Tinkercad - Design & 3D Print A Custom Keyring,3142698,Ruan Lotter,"3D Printing, 3D Modeling, 3D & Animation, Design",3D Printing,All Levels,44 mins,4.7,53,892,Free,9/2023,0,0,0,https://www.udemy.com/course/tinkercadkeyring/
Learn 3D printing - Economy,6389123,Danish Technological Institute,"3D Printing, Manufacturing, Product Development, Engineering, Teaching & Academics",3D Printing,Intermediate,30 mins,3.9,14,529,Free,1/2025,0,0,0,https://www.udemy.com/course/learn-3d-printing-economy/
"Fusion 360 course for Beginner, 3D Printable Soapbox Design",6242341,Prashant Kumar,"3D & Animation, Design",3D Printing,Beginner,1 hour,4.5,106,1450,Free,10/2024,0,0,1,https://www.udemy.com/course/fusion-360-course-for-beginner-3d-printable-soapbox-design/
Getting Started with Onshape,4835438,Nathan Nagele,"Onshape, Other IT & Software, IT & Software",3D Printing,Beginner,1.5 hours,4.7,253,1920,Free,8/2022,0,0,0,https://www.udemy.com/course/onshapecourse/
Learn 3D printing - Directed Energy Deposition (DED),4995032,Danish Technological Institute,"3D Printing, Engineering, Teaching & Academics",3D Printing,Beginner,30 mins,4.6,9,226,Free,11/2022,0,0,0,https://www.udemy.com/course/learn-3d-printing-directed-energy-deposition-ded/
"3D Printing with Makerbot Replicator 2, 2X, 5th Generation",124862,Michael Golubev,"3D Printing, 3D Animation, 3D & Animation, Design",3D Printing,All Levels,1 hour,3.6,83,6494,"Rp159,000",7/2014,0,0,0,https://www.udemy.com/course/makerbot-replicator/
Digital Tech Skills for Neurodiverse people to Self-Sustain,4289312,Atar Singh,"Special Education, Autism, Digital Art, Dyslexia, Personal Transformation",3D Printing,All Levels,30 mins,4.3,15,712,Free,4/2024,0,0,6,https://www.udemy.com/course/digital-tech-skills-for-special-needs-people-to-self-sustain/
"Learn 3D printing - Laser Powder Bed Fusion (LPBF), plastic",6386707,Danish Technological Institute,"Product Development, Product Design, 3D Printing, Manufacturing, Engineering",3D Printing,Beginner,1 hour,4.6,8,461,Free,1/2025,0,0,0,https://www.udemy.com/course/learn-3d-printing-laser-powder-bed-fusion-lpbf-plastic/
TinkerCad for Beginners,1673542,Brian Relay,"Tinkercad, 3D Modeling, 3D Sculpting, 3D Animation, 3D & Animation",3D Printing,Beginner,1 hour,4.7,1027,10832,Free,5/2018,0,0,0,https://www.udemy.com/course/tinkercad-for-beginners/
Learn 3D printing - Binder Jetting and Multi Jet Fusion,6389207,Danish Technological Institute,"3D Printing, Manufacturing, Product Design, Product Development, Engineering",3D Printing,Beginner,40 mins,4.4,8,423,Free,1/2025,0,0,0,https://www.udemy.com/course/learn-3d-printing-binder-jetting-and-multi-jet-fusion/
The Role of Materials in 3D Printing/Additive Manufacturing,2965652,Brando Okolo,"3D Printing, Engineering, Teaching & Academics",3D Printing,Intermediate,1 hour,4.4,155,2726,Free,9/2020,0,0,0,https://www.udemy.com/course/the-role-of-materials-in-3d-printing-additive-manufacturing/
Free Blender Crash Course!,2657572,Gustavo Rosa,"Blender, Essential Tech Skills, 3D & Animation, Udemy Free Resource Center, Vodafone",3D Printing,Beginner,2.5 hours,4.5,5784,118879,Free,9/2020,0,0,0,https://www.udemy.com/course/blender-crash-course/
Shapr3D Fundamentals (Part 2): Modeling to Documentation,7046301,Shapr3D Official,"CAD Software, Other IT & Software, IT & Software",3D Printing,Intermediate,1.5 hours,4.9,10,436,Free,2/2026,0,0,4,https://www.udemy.com/course/shapr3d-fundamentals-complex-modeling-to-documentation/
Shapr3D Fundamentals (Part 1): From Setup to 3D Modeling,7045877,Shapr3D Official,"CAD Software, Other IT & Software, IT & Software",3D Printing,Beginner,1.5 hours,4.5,120,1844,Free,2/2026,0,0,21,https://www.udemy.com/course/shapr3d-fundamentals-from-setup-to-3d-modeling/
SO YOU HAVE A GREAT IDEA - NOW WHAT?,2532572,John Devitry,"Intellectual Property, Engineering, Teaching & Academics",3D Printing,All Levels,1.5 hours,4.4,111,5090,Free,8/2019,0,0,0,https://www.udemy.com/course/new-idea/
Blender jumpstart: Beginners Guide to Profitable 3D Designs,5950890,Ahmad Raza,"Blender, 3D & Animation, Design",3D Printing,Beginner,42 mins,4.5,23,1028,"Rp169,000",5/2024,0,0,1,https://www.udemy.com/course/blender-jumpstart-beginners-guide-to-profitable-3d-designs/
3D Modeling with TinkerCAD,4926354,Meu Labs,"Tinkercad, 3D Modeling, Design Tools, Design",3D Printing,Beginner,32 mins,4.6,95,2760,Free,10/2022,0,0,0,https://www.udemy.com/course/tinkercad-for-kids/
"Learn 3D printing - Laser Powder Bed Fusion (LPBF), metal",6386597,Danish Technological Institute,"3D Printing, Manufacturing, Product Design, Product Development, Engineering",3D Printing,Beginner,30 mins,4.2,20,398,Free,1/2025,0,0,0,https://www.udemy.com/course/learn-3d-printing-laser-powder-bed-fusion-lpbf-metal/
Introduction to 3D Clay Printing,4629962,Hendrien Horn,"3D Printing, Pottery, 3D & Animation, Design",3D Printing,Beginner,30 mins,4.4,63,1770,Free,4/2022,0,0,0,https://www.udemy.com/course/introduction-to-3d-clay-printing/
Free Course: Mini Truck,6796179,Arrimus 3D,"3D Modeling, CAD Software, 3D & Animation, Design",3D Printing,Beginner,2 hours,5.0,8,400,Free,8/2025,0,0,0,https://www.udemy.com/course/free-course-mini-truck/
Fundamentals of Additive Manufacturing,4554522,Davit Ayvazyan,"Manufacturing, Engineering, Teaching & Academics",3D Printing,Beginner,33 mins,4.5,109,1815,Free,3/2022,0,0,0,https://www.udemy.com/course/fundamentals-of-additive-manufacturing-d/
Create a Rowboat Mechanism Using Siemens Solid Edge,985218,John Devitry,"Solid Edge, 3D & Animation, Design",3D Printing,Expert,37 mins,4.6,320,9972,Free,10/2016,11,0,2,https://www.udemy.com/course/rowboatmechanism/
Introduction to Basic 3D Modeling with Microsoft Paint 3D,5528210,VISHAL SAHU,"3D Modeling, 3D & Animation, Design",3D Printing,Beginner,1 hour,4.7,76,1990,Free,3/2025,0,0,0,https://www.udemy.com/course/introduction-to-basic-3d-modeling-with-microsoft-paint-3d/
Model a Product in Maya to Sell on Shapeways 3D Print Store,2728440,Young Lee,"Autodesk Maya, 3D Modeling, 3D Printing, 3D & Animation, Design",3D Printing,All Levels,1.5 hours,4.3,40,4153,Free,1/2020,0,0,0,https://www.udemy.com/course/model-a-product-in-maya-to-sell-on-shapeways-3d-print-store/
Advanced Product Design Techniques with Siemens Solid Edge,3875216,John Devitry,"Solid Edge, Engineering, Teaching & Academics",3D Printing,Intermediate,1.5 hours,4.3,32,1580,Free,2/2021,0,0,2,https://www.udemy.com/course/subdivision/
Create 3D Models of Furniture and Books in Paint 3D,5805932,VISHAL SAHU,"3D & Animation, Design",3D Printing,Beginner,43 mins,4.6,8,787,Free,3/2025,0,0,2,https://www.udemy.com/course/microsoft-paint-3d-create-3d-furniture-and-books/
The 3D Printer Hardware Guide,2509732,Robin John,"3D Printing, Electronics, Engineering, Teaching & Academics",3D Printing,Intermediate,38 mins,4.1,151,6370,Free,8/2019,0,0,0,https://www.udemy.com/course/the-3d-printer-hardware-guide/
Fabricating 3D printed assistive equipment with ChildServe,6570569,Young Jang,"Occupational Therapy, No-Code Development, Development",3D Printing,Beginner,30 mins,3.8,4,283,Free,4/2025,0,0,0,https://www.udemy.com/course/fabricating-3d-printed-assistive-equipment-with-childserve/
Free Furniture Modeling Mini-Course,6914377,Arrimus 3D,"3D Modeling, 3D Rendering, 3D Texturing, Autodesk 3ds Max, 3D & Animation",3D Printing,All Levels,1 hour,4.8,12,419,Free,11/2025,0,0,1,https://www.udemy.com/course/free-chair/
Fusion 360 with VEX Robotics,5040692,Dhruv Gupta,"Autodesk Fusion, VEX Robotics, 3D & Animation, Design",3D Printing,Beginner,37 mins,4.0,18,1082,Free,12/2022,2,0,0,https://www.udemy.com/course/fusion-360-with-vex-robotics/
Learn CAD with Fusion 360 and FreeCAD,5418576,Khaja Mohamed,"Autodesk Fusion, CAD Software, Other IT & Software, IT & Software",3D Printing,All Levels,2 hours,3.9,28,1394,Free,3/2026,1,0,0,https://www.udemy.com/course/learn-cad-with-freecad-and-fusion-360/
Create Your Own Chess in Fusion 360,869540,Jakob Andersson,"Autodesk Fusion, 3D Modeling, CAD Software, 3D & Animation, Design",3D Printing,Beginner,2 hours,4.0,66,4620,Free,6/2016,0,0,15,https://www.udemy.com/course/create-your-own-chess-in-fusion-360/
Upskill yourself by learning Electronics Tinkercad,5137544,Khaja Mohamed,"Tinkercad, Electronics, Design Tools, Design",3D Printing,All Levels,1.5 hours,4.1,15,1486,Free,11/2025,1,0,0,https://www.udemy.com/course/tinkercad-tutorial-2/
Fusion 360 Circuit Design,4786514,"Educational Engineering Team, Educational Engineering, Ashraf Said AlMadhoun","Autodesk Fusion, PCB Design, Hardware, IT & Software",3D Printing,All Levels,2 hours,4.3,72,2628,"Rp159,000",5/2025,2,0,0,https://www.udemy.com/course/fusion-360-circuit-design/
3D CAD Fundamentals with SIEMENS Solid Edge,984594,John Devitry,"CAD Software, Solid Edge, 3D & Animation, Design",3D Printing,Beginner,1.5 hours,4.5,860,16379,Free,10/2016,9,0,1,https://www.udemy.com/course/3dcadbasics/
Onshape CAD Essential Training Course,5224656,Wasif Ullah,"3D Modeling, Sketching, Assembly Modeling, Technical Drawing, Other Design",3D Printing,All Levels,2 hours,3.8,5,180,Free,4/2023,0,0,0,https://www.udemy.com/course/onshape-cad-essential-training-course/
The Ultimate Blender Course from Beginner to Pro & Get Paid,7072167,Bodhi The Blenderender,"3D Animation, Video Editing, Generative AI (GenAI), Digital Marketing, Marketing",3D Printing,Beginner,47 hours,4.5,21,184,"Rp349,000",3/2026,1,0,71,https://www.udemy.com/course/the-ultimate-blender-course/
Clothes and Folds exercises course,6925779,NIkolay Naydenov,"3D Sculpting, 3D & Animation, Design",3D Printing,Intermediate,16.5 hours,4.8,50,859,"Rp159,000",11/2025,0,0,1,https://www.udemy.com/course/clothes-and-folds-exercises-course/
Autodesk Inventor (Year 25/2026) - Complete Beginners Guide,6316513,Christopher Richardson,"Autodesk Inventor, CAD Software, Mechanical Engineering, 3D & Animation, Design",3D Printing,Beginner,8.5 hours,4.7,346,1103,"Rp159,000",2/2026,0,0,29,https://www.udemy.com/course/autodesk-inventor-2025-complete-beginners-guide/
"The Ultimate Blender 3D Simulations, Physics & Particles",6148541,Alex Cordebard,"Blender, 3D & Animation, Design",3D Printing,All Levels,37.5 hours,4.8,534,5647,"Rp159,000",3/2026,1,0,16,https://www.udemy.com/course/blender-simulations-physics-particles/
BLENDER: Creating Jeep Gladiator Rubicon from A to Z,5144224,Mrawan Hussain,"3D Modeling, Blender, Hard Surface Modeling, 3D & Animation, Design",3D Printing,Intermediate,90 hours,4.6,107,1165,"Rp499,000",9/2025,1,0,13,https://www.udemy.com/course/blender-creating-jeep-gladiator-rubicon-from-a-to-z/
The Ultimate Blender 3D Nodes Course,4962342,Alex Cordebard,"Blender, 3D & Animation, Design",3D Printing,All Levels,46.5 hours,4.9,762,7120,"Rp159,000",3/2026,1,0,26,https://www.udemy.com/course/blender-3d-nodes-course/
Head anatomy and sculpting exercises course,5012940,NIkolay Naydenov,"3D Sketching, Anatomy, 3D & Animation, Design",3D Printing,Beginner,13.5 hours,4.9,949,5656,"Rp159,000",12/2022,0,0,1,https://www.udemy.com/course/head-anatomy-and-sculpting-exercises-course/
Full game character in Blender course - Moth Girl,6686537,NIkolay Naydenov,"Blender, Game Design, Design",3D Printing,Intermediate,50 hours,4.8,243,2308,"Rp159,000",6/2025,0,0,1,https://www.udemy.com/course/full-game-character-in-blender-course-moth-girl/
Ultimate Blender 3D Character Creation & Animation Course,2915650,Alex Cordebard,"3D Animation, Animation, Blender, Character Animation, 3D & Animation",3D Printing,All Levels,35.5 hours,4.7,3498,25238,"Rp159,000",3/2026,1,0,11,https://www.udemy.com/course/blender3dcharacteranimation/
Blender 3D Minecraft Animation Course - Ultimate A-Z Guide,7014659,Temur Aptsiauri,"3D Animation, Video Editing, Minecraft, Blender, 3D & Animation",3D Printing,Beginner,12.5 hours,4.7,30,157,"Rp149,000",3/2026,2,0,3,https://www.udemy.com/course/blender-minecraft-animation-course/
The Ultimate Blender 3D Geometry Nodes Course,5280062,Alex Cordebard,"Blender, 3D & Animation, Design",3D Printing,All Levels,54.5 hours,4.7,1624,14842,"Rp159,000",3/2026,1,0,29,https://www.udemy.com/course/geometry-nodes/
Blender Animation & Rigging: Bring Your Creations To Life,5602736,"GameDev.tv Team, Grant Abbitt","Blender, Character Rigging, 3D Animation, Character Animation, Game Development",3D Printing,All Levels,8 hours,4.7,1629,14026,"Rp159,000",7/2025,0,0,70,https://www.udemy.com/course/blender-animation-rigging/
Blender: Stylized character creation for videogames,6249789,The Parabox 3D,"Blender, Character Modeling, 3D Modeling, 3D Sculpting, 3D & Animation",3D Printing,All Levels,26 hours,4.4,99,1587,"Rp159,000",6/2025,4,0,4,https://www.udemy.com/course/blender-stylized-character-creation-for-games/
Interior 3D Modelling & Rendering - Blender 3D,1256760,Thomas McDonald,"Blender, Architectural Design, Design",3D Printing,All Levels,13.5 hours,4.5,764,6769,"Rp149,000",6/2025,1,0,24,https://www.udemy.com/course/architectural-visualization/
Architectural Design & Animation in Blender,1548788,Thomas McDonald,"Blender, Architectural Design, 3D Animation, Design",3D Printing,Beginner,8 hours,4.6,1186,8825,"Rp249,000",11/2025,13,0,123,https://www.udemy.com/course/architectural-design-animation-in-blender-3d-graphics/
Substance Designer 2024: Stylized material creation.,3549462,"The Parabox 3D, 3d production house","Substance 3D Designer, 3D Texturing, Game Art, Unreal Engine, Game Design",3D Printing,All Levels,7 hours,4.8,730,5024,"Rp159,000",7/2025,5,0,7,https://www.udemy.com/course/substance-designer-stylized-material-creation/
Blender Building Masterclass from Concept to Final Render,6637743,3D Tudor,"Blender, 3D Environment Modeling, 3D Modeling, 3D Rendering, 3D & Animation",3D Printing,All Levels,40.5 hours,4.6,48,623,"Rp149,000",1/2026,0,0,2,https://www.udemy.com/course/blender-building-masterclass-from-concept-to-final-render/
Blender Total! From Basic to Advanced 3D!,2401230,Gustavo Rosa,"Blender, 3D Rendering, 3D Modeling, 3D Animation, 3D & Animation",3D Printing,All Levels,21.5 hours,4.8,2392,9761,"Rp149,000",3/2025,0,0,64,https://www.udemy.com/course/learn-blender-28/
Low Poly Characters: Blender Bitesize Course,4353258,"GameDev.tv Team, Grant Abbitt, Rick Davidson","Blender, Game Development Fundamentals, 3D & Animation, Design",3D Printing,Beginner,5 hours,4.8,1403,9100,"Rp159,000",7/2025,1,0,36,https://www.udemy.com/course/blender-low-poly-characters/
Blender Grease Pencil: Draw & Animate 2D Art in a 3D World,6876311,"GameDev.tv Team, Grant Abbitt","Blender, 2D Animation, Game Art, Game Development, Development",3D Printing,Beginner,5.5 hours,4.7,145,1233,"Rp159,000",11/2025,0,0,0,https://www.udemy.com/course/blender-grease-pencil/
Low Poly Landscapes: Blender Bite Sized Course,4258538,"GameDev.tv Team, Grant Abbitt, Rick Davidson","Blender, 3D & Animation, Design",3D Printing,Beginner,6 hours,4.9,1676,10495,"Rp159,000",7/2025,1,0,2,https://www.udemy.com/course/blender-low-poly-landscapes/
3D Cars: Inside and Out in Blender,5456768,"CG Masters, Chris Plush","Blender, Hard Surface Modeling, 3D Modeling, 3D & Animation, Design",3D Printing,Intermediate,45 hours,4.9,229,829,"Rp499,000",9/2025,0,0,1,https://www.udemy.com/course/3d-cars-inside-and-out-in-blender/
UV Mapping Bootcamp: Unwrapping & Texturing in Blender,6744673,"3D Tudor, Luke PolyGoods 3D","Blender, UV Mapping, 3D Texturing, 3D Game Development, 3D & Animation",3D Printing,Beginner,11.5 hours,4.5,43,618,"Rp159,000",1/2026,0,0,1,https://www.udemy.com/course/uv-mapping-bootcamp-unwrapping-texturing-in-blender/
Anime Character Creator: Make 3D Anime Characters in Blender,4983852,"Grant Abbitt, GameDev.tv Team","Blender, 3D Animation, 3D Game Development, 3D Rigging, Game Development",3D Printing,Intermediate,10.5 hours,4.5,741,7364,"Rp169,000",12/2024,1,0,62,https://www.udemy.com/course/blender-anime-character/
Substance Painter and Blender Mastery Bundle —4 Courses in 1,6711581,Aniket Rawat,"Blender, Substance Painter, 3D Texturing, 3D Modeling, 3D & Animation",3D Printing,All Levels,40.5 hours,4.7,16,189,"Rp149,000",7/2025,0,0,1,https://www.udemy.com/course/substance-painter-and-blender-mastery-bundle-4-in-1/
Creating 3D environments in Blender,683198,"Rob Tuytel, CG Obaid (Obaidur Rahman)","3D Modeling, 3D Environment Modeling, 3D Lighting, Blender, 3D & Animation",3D Printing,All Levels,38 hours,4.7,14290,114787,"Rp159,000",11/2025,0,0,18,https://www.udemy.com/course/blender-environments/
Python in Blender: 3D Scripting & Automation for 2025,2716668,Thomas McDonald,"Python, Blender, Programming Languages, Development",3D Printing,Beginner,3 hours,4.2,747,4044,"Rp149,000",11/2025,12,1,38,https://www.udemy.com/course/python-scripting-in-blender-with-practical-projects/
Master 3D Scene Creation with Blender: The Complete Course,5871330,Alex Cordebard,"Blender, 3D & Animation, Design",3D Printing,All Levels,25.5 hours,4.7,121,1484,"Rp159,000",3/2026,0,0,8,https://www.udemy.com/course/blender-3d-scenes-course/
"Master Interior 3D Design, Modelling & Rendering In Blender",6792345,Edward Harding,"Blender, 3D Rendering, Interior Design, 3D Modeling, Design",3D Printing,All Levels,22 hours,4.9,57,451,"Rp149,000",8/2025,0,0,3,https://www.udemy.com/course/master-interior-3d-design-modelling-rendering-in-blender/
Dragon girl in Blender course,5936038,NIkolay Naydenov,"Digital Character Sculpting, 3D & Animation, Design",3D Printing,Intermediate,21.5 hours,4.8,302,3214,"Rp159,000",4/2024,0,0,1,https://www.udemy.com/course/dragon-girl-in-blender-course/
Ultimate Sci-Fi Suit Modeling Tutorial,5252198,Arrimus 3D,"3D Modeling, 3D & Animation, Design",3D Printing,Beginner,74.5 hours,4.9,23,417,"Rp149,000",7/2025,0,0,4,https://www.udemy.com/course/ultimate-sci-fi-soldier/
Blender Sci-fi Scenes with Eevee,2791410,3D Tudor,"3D Modeling, 3D Animation, 3D Rendering, 3D Texturing, 3D & Animation",3D Printing,Beginner,18.5 hours,4.8,223,35569,"Rp149,000",8/2024,0,0,1,https://www.udemy.com/course/blender-28-beginners-guide-to-3d-modeling-a-sci-fi-scene/
Maya for Beginners: Complete Guide to 3D Animation in Maya,1556128,"Video School, Lucas Ridley, Phil Ebiner","Autodesk Maya, 3D Animation, Animation, Motion Graphics, 3D & Animation",3D Printing,All Levels,30 hours,4.6,8566,43456,"Rp159,000",3/2026,2,0,1,https://www.udemy.com/course/autodesk-maya-3d-animation-course/
Blender Texture Painting: Create Stunning Stylised Models,5625248,"GameDev.tv Team, Grant Abbitt","Blender, 3D Texturing, 3D Modeling, Game Development, Development",3D Printing,All Levels,6.5 hours,4.9,319,2263,"Rp159,000",12/2024,0,0,0,https://www.udemy.com/course/blender-texture-painting/
Blender Vintage Car Creation,4443436,Darrin Lile,"Blender, 3D & Animation, Design",3D Printing,Beginner,18.5 hours,4.7,707,3839,"Rp149,000",8/2025,0,0,2,https://www.udemy.com/course/blender-3_0-vintage-car-creation/
Cyborg Hard Surface Character Creation in Blender,6784337,Victory3D LLC,"Game Design, Design",3D Printing,Intermediate,59.5 hours,4.9,20,426,"Rp149,000",1/2026,0,0,5,https://www.udemy.com/course/cyborg-hard-surface-character-creation-in-blender/
Blender 3D for Beginners Complete 3d Modelling Guide,6303911,Pradeep Durai,"3D Modeling, 3D & Animation, Design",3D Printing,Beginner,10 hours,4.7,20,175,"Rp149,000",8/2025,0,0,3,https://www.udemy.com/course/blender-3d-for-beginners-complete-3d-modelling-guide/
Blender for Complete and Total Beginners,3660944,"Chris Plush, CG Masters","Blender, 3D Texturing, 3D Modeling, 3D Rendering, 3D & Animation",3D Printing,Beginner,5.5 hours,4.9,1828,6246,"Rp149,000",3/2023,0,0,84,https://www.udemy.com/course/blender-3d-for-complete-and-total-beginners/
Redesign and Remake Game Assets,5553622,Arrimus 3D,"3D Modeling, 3D & Animation, Design",3D Printing,All Levels,72.5 hours,4.9,4,138,"Rp149,000",11/2024,0,0,0,https://www.udemy.com/course/redesign/
The Ultimate Blender Low Poly Guide,2244796,Alex Cordebard,"Blender, 3D Animation, Character Modeling, 3D & Animation, Design",3D Printing,Beginner,10.5 hours,4.8,968,7077,"Rp149,000",3/2026,0,0,2,https://www.udemy.com/course/blenderlowpoly/
Blender : 3D Modelling - Every day objects,4354752,Harshavardhan Saravanan,"3D Modeling, Blender, Hard Surface Modeling, Product Design, 3D & Animation",3D Printing,All Levels,6 hours,4.7,81,1456,"Rp149,000",12/2022,0,0,1,https://www.udemy.com/course/3d-modelling-every-day-objects-in-blender/
Blender & Substance: Modeling and texturing videogame props,1642266,The Parabox 3D,"3D Modeling, Game Texturing, Blender, Substance Painter, 3D & Animation",3D Printing,All Levels,14.5 hours,4.6,518,2791,"Rp149,000",2/2021,1,0,8,https://www.udemy.com/course/next-gene-assets-for-videogames/
Blender 5 Hair & Fur: Complete Workflow,6953075,Artem Academy,"Blender, 3D & Animation, Design",3D Printing,Intermediate,3.5 hours,4.0,4,45,"Rp159,000",2/2026,0,0,13,https://www.udemy.com/course/blender-hair-fur-/
Complete Blender 2026: Beginner to Studio Ready,6775439,Artem Academy,"3D Modeling, 3D Animation, Blender, 3D Rendering, 3D & Animation",3D Printing,Beginner,9 hours,4.6,114,738,"Rp149,000",1/2026,0,0,51,https://www.udemy.com/course/blender-start/
Blender to Unreal Engine 3D Plants and Vegetation,4969302,3D Tudor,"3D Modeling, 3D Animation, Blender, Unreal Engine, 3D & Animation",3D Printing,Beginner,15.5 hours,4.3,31,3157,"Rp149,000",4/2025,0,0,1,https://www.udemy.com/course/blender-to-unreal-engine-3d-plants-and-vegetation/
Graphic Design Theory - Print Design,4626872,Martin Perhiniak,"Graphic Design, Design Theory, Graphic Design & Illustration, Design",3D Printing,All Levels,7 hours,4.4,56,336,"Rp149,000",5/2022,3,0,1,https://www.udemy.com/course/graphic-design-theory-print-design/
Blender to Unreal Engine Become a Dungeon Prop Artist,4911324,3D Tudor,"Blender, 3D Modeling, Game Art, Unreal Engine, 3D & Animation",3D Printing,All Levels,29.5 hours,4.7,172,3098,"Rp149,000",4/2025,0,0,1,https://www.udemy.com/course/blender-to-unreal-engine-become-a-dungeon-prop-artist/
Stylized texturing for video games with Blender,4375990,"The Parabox 3D, Sebastian Narvaez","Blender, 3D Texturing, Game Texturing, Marmoset Toolbag, 3D & Animation",3D Printing,All Levels,10.5 hours,4.5,118,1759,"Rp159,000",10/2024,3,0,5,https://www.udemy.com/course/stylized-texturing-for-videogames-with-blender/
"From Photo to Realistic 3d model in Blender, step-by-step",5394848,Sime Bugarija,"Blender, 3D & Animation, Design",3D Printing,Beginner,2.5 hours,4.7,29,190,"Rp159,000",6/2023,0,0,2,https://www.udemy.com/course/from-photo-to-realistic-3d-model-in-blender-step-by-step/
Creating Sci-Fi 3D Environments for Games,5974894,FastTrack Tutorials,"Unreal Engine, 3D Environment Modeling, 3D Modeling, Game Texturing, 3D & Animation",3D Printing,Intermediate,24.5 hours,4.9,5,98,"Rp149,000",11/2025,0,0,0,https://www.udemy.com/course/creating-sci-fi-3d-environments-for-games/
Stylized 3D character creation in Blender (2025),6873481,Bevel Studio,"Character Design, Character Rigging, Digital Character Sculpting, Character Modeling, 3D & Animation",3D Printing,All Levels,13 hours,4.4,40,537,"Rp159,000",1/2026,0,0,4,https://www.udemy.com/course/stylized-3d-character-creation-in-blender-45/
"Build Games with Unreal Engine, Unity® and Blender!",2041952,"Mammoth Interactive, John Bura","Game Development Fundamentals, Unity, Unreal Engine, Blender, Game Development",3D Printing,All Levels,110.5 hours,4.4,24,338,"Rp149,000",1/2023,56,0,49,https://www.udemy.com/course/build-games-with-unreal-engine-unity-and-blender/
Maya for Absolute Beginners: Complete Course,3928002,Nexttut Education Pvt.Ltd.,"Autodesk Maya, 3D & Animation, Design",3D Printing,Beginner,16 hours,4.8,507,2445,"Rp149,000",6/2023,0,0,0,https://www.udemy.com/course/maya-2020-for-absolute-beginners/
The Ultimate Guide to Blender 3D Rigging & Animation,5009098,3D Tudor,"3D Rigging, 3D Animation, Blender, Character Animation, 3D & Animation",3D Printing,All Levels,8 hours,4.6,374,4614,"Rp149,000",4/2025,0,0,2,https://www.udemy.com/course/blender-3d-rigging-animation/
Architectural 3D Design: Blender Hands-On,2162366,Thomas McDonald,"Blender, Architectural Design, Design",3D Printing,All Levels,4.5 hours,4.6,359,2521,"Rp149,000",11/2025,1,0,2,https://www.udemy.com/course/blender-2_8-architectural-course-beginner-to-intermediate/
Creating a Modular Kitbash in Blender,3893940,3D Tudor,"3D Modeling, Game Art, Game Design, Blender, Game Development",3D Printing,All Levels,32 hours,4.6,161,2204,"Rp447,000.00",4/2025,0,0,1,https://www.udemy.com/course/modular-kitbash-in-blender/
Blender 3D – Model a Medieval Researcher’s Desk,7030351,"3D Tudor, Luke PolyGoods 3D","Blender, 3D Environment Modeling, 3D Modeling, 3D Texturing, 3D & Animation",3D Printing,All Levels,9.5 hours,4.5,6,62,"Rp149,000",1/2026,0,0,1,https://www.udemy.com/course/blender-3d-model-a-medieval-researchers-desk/
Blender Essentials: 3D Modeling and Animation for Beginner,6232421,"Bevel Studio, Barzu Ibrohimov","Blender, 3D Modeling, 3D Animation, 3D & Animation, Design",3D Printing,Beginner,15 hours,4.4,274,1588,"Rp159,000",1/2026,0,0,33,https://www.udemy.com/course/blender-4-essentials-3d-modeling-and-animation-for-beginner/
Blender to Unreal Engine 5,4164138,3D Tudor,"3D Modeling, 3D Animation, Blender, Unreal Engine, 3D & Animation",3D Printing,Beginner,21 hours,4.7,382,5412,"Rp149,000",4/2025,0,0,0,https://www.udemy.com/course/blender-to-unreal-engine-5/
Mastering the Art of Isometric Room Design in Blender 3,5092152,3D Tudor,"Blender, 3D Modeling, 3D & Animation, Design",3D Printing,Beginner,9 hours,4.7,28,1285,"Rp149,000",4/2025,0,0,1,https://www.udemy.com/course/blender-3-mastering-the-art-of-isometric-room-design-in/
The Ultimate Blender 3D Environments Course,4018258,Alex Cordebard,"Blender, 3D Modeling, 3D Environment Modeling, 3D & Animation, Design",3D Printing,All Levels,12 hours,4.7,472,5109,"Rp149,000",8/2025,0,0,37,https://www.udemy.com/course/blender-3d-environments-course/
Modelling 3D Printable Screw Threads in Solidworks CAD,1581002,Johno Ellison,"SOLIDWORKS, 3D Animation, CAD Software, Other IT & Software, IT & Software",3D Printing,All Levels,1.5 hours,4.7,39,164,"Rp159,000",3/2018,0,0,1,https://www.udemy.com/course/screw-threads/
Learn Architectural Design & Animation With Blender,6454981,Edward Harding,"Blender, Interior Design, Architectural Design, Design",3D Printing,All Levels,20 hours,4.7,178,1015,"Rp249,000",9/2025,0,0,3,https://www.udemy.com/course/learn-architectural-design-animation-with-blender/
BLENDER FROM GROUND UP,4360720,Mrawan Hussain,"Blender, 3D Lighting, 3D Modeling, 3D Rendering, 3D & Animation",3D Printing,All Levels,48.5 hours,4.4,232,1704,"Rp149,000",9/2025,2,0,80,https://www.udemy.com/course/blender-from-ground-up/
Blender Complete PBR Art Creation : Sci-fi Crate and Turret,3545540,Victor Deno,"3D Modeling, 3D & Animation, Design",3D Printing,All Levels,17.5 hours,4.5,241,1939,"Rp159,000",10/2020,0,0,1,https://www.udemy.com/course/learn-pbr-blender-art-creation-sci-fi-crate-and-turret/
Blender Character Creation Megacourse: Beginner to Expert,5078738,Skillademia Academy,"Blender, 3D Modeling, 3D Animation, 3D Texturing, 3D & Animation",3D Printing,All Levels,81.5 hours,4.3,118,5174,"Rp149,000",3/2026,0,0,4,https://www.udemy.com/course/blender-character-creation-megacourse-beginner-to-expert/
Introduction to Plasticity: A Beginner's Guide,6533799,Stephen Cunningham,"3D Modeling, CAD Software, 3D & Animation, Design",3D Printing,Beginner,3 hours,4.3,24,99,"Rp149,000",6/2025,0,0,3,https://www.udemy.com/course/introduction-to-plasticity-a-beginners-guide/
Blender 5 Project Based Bootcamp: 40+ Hands On Mini Projects,7045933,"Codestars • over 2.5 million students worldwide!, Raja Biswas","Blender, 3D Rendering, 3D Animation, 3D Modeling, 3D & Animation",3D Printing,Beginner,11 hours,4.6,8,181,"Rp149,000",3/2026,41,0,75,https://www.udemy.com/course/blender-project-based-bootcamp/
Fixed-Wing Drone Design & Manufacturing,6985803,Micheal Bolzon,"Drone, Engineering, Teaching & Academics",3D Printing,Beginner,6.5 hours,5.0,2,32,"Rp149,000",1/2026,0,0,1,https://www.udemy.com/course/fixed-wing-drone-design/
Blender Geometry Nodes for Beginners - Foliage Scatter,6177711,"3D Tudor, Vladan Trhlík","Blender, 3D Modeling, 3D Game Development, 3D & Animation, Design",3D Printing,Beginner,2.5 hours,4.6,16,407,"Rp149,000",1/2026,0,0,1,https://www.udemy.com/course/blender-geometry-nodes-for-beginners-foliage-scatter/
Learn 3d with Blender - Fundamentals to Advanced,5736690,3d illusions,"Blender, 3D & Animation, Design",3D Printing,All Levels,19 hours,4.7,53,537,"Rp149,000",8/2024,1,0,0,https://www.udemy.com/course/learn-3d-with-blender-fundamentals-to-advanced/
Blender Mastery: A Complete Project-Based Course,6372025,My 3D Class,"Blender, 3D Rendering, 3D Modeling, 3D & Animation, Design",3D Printing,Beginner,11 hours,4.4,21,133,"Rp149,000",2/2026,0,0,25,https://www.udemy.com/course/blender-mastery-a-complete-project-based-course/
Character sculpting with blender: Create a stylized warrior,3602544,The Parabox 3D,"Blender, 3D Sculpting, Character Modeling, Digital Character Sculpting, 3D & Animation",3D Printing,All Levels,11.5 hours,4.7,646,4562,"Rp149,000",11/2021,2,0,11,https://www.udemy.com/course/character-sculpting-with-blender/
Microsoft Paint 3D (MS Paint 3D) for Beginners,3176758,"Brian Jackson, Writing a Book with ChatGPT AI, Creative Writing , Nonfiction, Amazon KDP Self-publishing. Moho 2D Animation, AI","Microsoft Paint, Digital Art, Digital Painting, 3D & Animation, Design",3D Printing,Beginner,2 hours,4.2,18,464,"Rp249,000",N/A,3,0,0,https://www.udemy.com/course/microsoft-paint-3d-ms-paint-3d-for-beginners/
Learn Blender In 3.5 Hours - Beginner Friendly,4756452,Ruan Lotter,"3D Animation, 3D Modeling, 3D & Animation, Design",3D Printing,All Levels,3.5 hours,4.8,41,312,"Rp149,000",6/2022,0,0,0,https://www.udemy.com/course/blenderbeginner/
Create Realistic 3D Forest Scene in Blender for Beginners,6891763,My 3D Class,"Blender, 3D Rendering, 3D Animation, 3D Modeling, 3D & Animation",3D Printing,Beginner,3 hours,5.0,1,18,"Rp149,000",2/2026,0,0,12,https://www.udemy.com/course/create-realistic-3d-forest-scene-in-blender-for-beginners/
Blender 4.5 for beginners - Robot creation,6802427,Julien Deville,"3D Modeling, 3D Rendering, 3D Texturing, 3D Animation, 3D & Animation",3D Printing,Beginner,10 hours,4.8,22,238,"Rp159,000",9/2025,0,0,27,https://www.udemy.com/course/blender-45-for-beginners-robot-creation/
"Spline Course: 3D Modelling, Animating and Web Integration",6114881,its David,"3D Animation, Web Design, 3D Modeling, User Experience (UX) Design, 3D & Animation",3D Printing,All Levels,9.5 hours,4.5,65,301,"Rp549,000",9/2024,0,0,2,https://www.udemy.com/course/spline-course-3d-modelling-animating-and-web-integration/
Kitchen Design in Blender 3D & Real-Time Rendering,5680720,Thomas McDonald,"Architectural Design, Design",3D Printing,Beginner,2.5 hours,4.9,22,270,"Rp149,000",11/2025,1,0,29,https://www.udemy.com/course/architectural-design-accelerated-blender-4-swift-design/
Complete course in AutoCAD : 2D and 3D,2563480,CADCIM Technologies,"AutoCAD, Design Tools, Design",3D Printing,All Levels,16.5 hours,4.3,5639,184857,"Rp149,000",7/2025,0,0,59,https://www.udemy.com/course/autocad-2020-for-designers-a-problem-solving-approach/
Blender: Create Jeep Willys MB 1942 From Start To Finish,3867682,Mrawan Hussain,"Blender, Hard Surface Modeling, 3D & Animation, Design",3D Printing,All Levels,41.5 hours,4.7,176,1378,"Rp149,000",5/2022,1,0,2,https://www.udemy.com/course/create-jeep-willys-1942-with-blender/
Quick and Easy 60+ Blender Projects For Beginners,6137723,My 3D Class,"Blender, 3D & Animation, Design",3D Printing,Beginner,7 hours,4.3,19,160,"Rp149,000",1/2026,0,0,2,https://www.udemy.com/course/quick-and-easy-60-blender-projects-for-beginners/
Introduction to 3D Characters Modeling in Blender,7018859,Cisco Raya,"Blender, 3D Rendering, Character Design, 3D Modeling, 3D & Animation",3D Printing,Beginner,25 hours,4.5,3,62,"Rp149,000",2/2026,0,0,1,https://www.udemy.com/course/introduction-to-3d-characters-modeling-in-blender/
Blender Environments Megacourse: Create 3D Environments,4968982,Skillademia Academy,"Blender, 3D Animation, 3D Modeling, 3D Texturing, 3D & Animation",3D Printing,All Levels,50 hours,4.4,155,8199,"Rp149,000",3/2026,0,0,9,https://www.udemy.com/course/blender-environments-megacourse-create-3d-environments/
Create a 3d NFT Character in Blender 3d - Blender Basics,4618086,Haider Studio,"Blender, 3D & Animation, Design",3D Printing,Beginner,36 mins,5.0,1,5,"Rp149,000",4/2022,0,0,0,https://www.udemy.com/course/create-a-3d-nft-character-in-blender-3d-for-free-blender/
3D Architectural Design Mastery with Blender,860778,Thomas McDonald,"Blender, Architectural Design, 3D Modeling, 3D Rendering, Design",3D Printing,Beginner,7.5 hours,4.4,582,4971,"Rp149,000",11/2025,1,0,4,https://www.udemy.com/course/house-design-in-blender/
Complete Blender beginner workflow for Cinematic Art 2025,6882985,Sime Bugarija,"Blender, 3D Environment Modeling, 3D Modeling, 3D & Animation, Design",3D Printing,Beginner,4.5 hours,5.0,3,79,"Rp149,000",10/2025,0,0,4,https://www.udemy.com/course/complete-blender-beginner-workflow-for-cinematic-art-2025/
Getting Started With Blender (Beginners to Pro Level Guide),6925973,RENDERLINX STUDIO,"Blender, Digital Character Sculpting, 3D Texturing, 3D Modeling, 3D & Animation",3D Printing,Beginner,7 hours,4.7,19,59,"Rp149,000",2/2026,0,0,1,https://www.udemy.com/course/getting-started-with-blender_p/
Substance Painter to Unreal Engine 5 Masterclass,4712136,3D Tudor,"Unreal Engine, Game Design, Game Texturing, Substance Painter, 3D & Animation",3D Printing,All Levels,15 hours,4.5,57,853,"Rp149,000",4/2025,0,0,2,https://www.udemy.com/course/substance-painter-to-unreal-engine-5-masterclass/
Create a Stylized Anime Room in Blender,6591647,Aniket Rawat,"Blender, Anime, 3D Texturing, 3D Modeling, 3D & Animation",3D Printing,All Levels,5.5 hours,4.9,26,192,"Rp159,000",5/2025,0,0,1,https://www.udemy.com/course/create-a-stylized-anime-room-in-blender/
3D Female Armored Assassin in Blender course,5388644,NIkolay Naydenov,"Character Modeling, Blender, 3D & Animation, Design",3D Printing,Intermediate,28.5 hours,4.4,353,3542,"Rp159,000",6/2023,0,0,1,https://www.udemy.com/course/3d-female-armored-assassin-in-blender-course/
Complete 3D Blender Course: Sketch to 3D Art for Beginners,4317626,"Yasser Mahmood, Zahra Yasser, Juwairiyeh Yasser","3D Modeling, 3D & Animation, Design",3D Printing,Beginner,2 hours,4.6,14,52,"Rp149,000",2/2022,0,0,29,https://www.udemy.com/course/complete-3d-blender-course-sketch-to-3d-art-for-beginners/
Blender Course - Advanced Interior Visualization Training,6807781,CGwisdom Online courses,"Blender, 3D Rendering, 3D Modeling, 3D Animation, 3D & Animation",3D Printing,Intermediate,6 hours,4.5,10,99,"Rp149,000",10/2025,0,0,3,https://www.udemy.com/course/blender-course-advanced-interior-visualization-training/
BLENDER: Learn how to create utility knife from A to Z,5077198,Mrawan Hussain,"Blender, Hard Surface Modeling, Design Tools, Design",3D Printing,All Levels,8.5 hours,5.0,6,109,"Rp149,000",1/2023,1,0,1,https://www.udemy.com/course/blender-learn-how-to-create-utility-knife-from-a-to-z/
3D Trees with Blender Geometry Nodes,6484495,"3D Tudor, Vladan Trhlík","Blender, 3D Modeling, Game Design, 3D & Animation, Design",3D Printing,All Levels,2.5 hours,4.8,18,295,"Rp149,000",1/2026,0,0,2,https://www.udemy.com/course/3d-trees-with-blender-geometry-nodes/
The Blender 2.8 Encyclopedia,2302354,"Lee Salvemini, Chris Plush, CG Masters","3D Animation, 3D Modeling, 3D Texturing, Blender, 3D & Animation",3D Printing,All Levels,53 hours,4.7,8133,41125,"Rp149,000",7/2023,0,0,731,https://www.udemy.com/course/the-blender-encyclopedia/
Blender 4 Geometry Nodes Workshop: Jungle Vines,5862560,3D Tudor,"Blender, 3D Animation, 3D & Animation, Design",3D Printing,All Levels,3.5 hours,4.9,10,170,"Rp149,000",1/2026,0,0,1,https://www.udemy.com/course/blender-4-geometry-nodes-workshop-jungle-vines/
"Master Every Step: Modeling, Painting, Animation & Lighting",4642246,Artstudio 313,"Blender, 3D Texturing, Game Design, Process Modeling, 3D & Animation",3D Printing,All Levels,38 hours,4.3,125,2150,"Rp149,000",3/2026,0,0,7,https://www.udemy.com/course/complete-blender-creator-modelling-to-render-total-beginners/
Blender to Unreal Engine 5 The Complete Beginners Guide,5623250,3D Tudor,"3D Modeling, Blender, Unreal Engine, 3D Game Development, Game Design",3D Printing,All Levels,18 hours,4.5,85,1331,"Rp149,000",4/2025,0,0,1,https://www.udemy.com/course/blender-to-unreal-engine-5-the-complete-beginners-guide/
Absolute Beginners 3D character in Blender course,4542508,NIkolay Naydenov,"Blender, 3D & Animation, Design",3D Printing,Beginner,14.5 hours,4.6,1108,5865,"Rp149,000",2/2022,0,0,2,https://www.udemy.com/course/absolute-beginners-3d-character-in-blender-course/
"3D Blender Full character sculpting, cute female / woman",6529179,Just Tis,"Blender, Anatomy, 3D & Animation, Design",3D Printing,All Levels,11.5 hours,4.8,10,178,"Rp159,000",3/2025,0,0,2,https://www.udemy.com/course/3d-blender-full-character-sculpting-cute-female-woman/
Blender Geometry Node Fire Animation,6012064,3D Tudor,"3D Animation, Blender, 3D & Animation, Design",3D Printing,All Levels,5 hours,5.0,5,119,"Rp149,000",1/2026,0,0,2,https://www.udemy.com/course/blender-geometry-node-fire-animation/
Learn Blender 3D - Become a 3D artist today,644614,Joe Baily,"Blender, 3D Animation, 3D & Animation, Design",3D Printing,All Levels,21 hours,4.5,100,827,"Rp149,000",6/2021,1,0,3,https://www.udemy.com/course/blender-3d-for-beginners-becoming-a-3d-artist/
Making Production ready 3D AI Assets,6953625,3DRedBox Studio,"Unreal Engine, zBrush, Marmoset Toolbag, Autodesk 3ds Max, 3D & Animation",3D Printing,All Levels,6.5 hours,5.0,1,12,"Rp149,000",1/2026,0,0,0,https://www.udemy.com/course/making-production-ready-3d-ai-assets/
BLENDER: Creating the Dune Ornithopter from start to finish,4756068,Mrawan Hussain,"Blender, Hard Surface Modeling, 3D & Animation, Design",3D Printing,Intermediate,49 hours,4.8,119,1145,"Rp149,000",6/2024,5,0,9,https://www.udemy.com/course/blender-creating-the-dune-ornithopter-from-start-to-finish/
Create Product Animations In blender.,4724186,david Jaasma,"Blender, 3D & Animation, Design",3D Printing,Intermediate,3 hours,4.7,90,507,"Rp149,000",1/2023,0,0,2,https://www.udemy.com/course/create-product-animations-in-blender/
3D Modelling Mastery: Blender For Rendering for 2025,5779504,Thomas McDonald,"Blender, Other Design, Design",3D Printing,Beginner,3 hours,4.5,24,228,"Rp149,000",11/2025,1,0,36,https://www.udemy.com/course/blender-4-mastery-techniques-for-model-assembly/
Blender and Gaea Masterclass – Procedural Ice World,6973175,"3D Tudor, Josh/ DragonLaser","Blender, 3D Environment Modeling, 3D Modeling, 3D & Animation, Design",3D Printing,All Levels,7 hours,4.5,2,72,"Rp149,000",1/2026,0,0,1,https://www.udemy.com/course/blender-and-gaea-masterclass-procedural-ice-world/
Design Validation Made Simple using FUSION 360 – SIMULATION,6754923,Manekshaw A C,"Autodesk Fusion, Product Design, 3D & Animation, Design",3D Printing,Intermediate,5.5 hours,4.7,N/A,13,"Rp149,000",8/2025,0,0,10,https://www.udemy.com/course/design-validation-using-fusion-360-simulation/
Blender 3 to Unreal Engine 5 Dungeon Modular Kitbash,4805880,3D Tudor,"Blender, 3D Modeling, Game Design, Unreal Engine, 3D & Animation",3D Printing,Beginner,26.5 hours,4.3,102,2453,"Rp149,000",4/2025,0,0,1,https://www.udemy.com/course/blender-3-to-unreal-engine-5-kitbash/
3D Architectural Visualization in Blender – Design Tools,1038728,Thomas McDonald,"Blender, Interior Design, User Experience (UX) Design, Architectural Design, Design",3D Printing,All Levels,7 hours,4.6,479,5444,"Rp159,000",5/2025,4,0,5,https://www.udemy.com/course/architectural-design-tools-in-blender/
Creating a Stylized House and Props in Blender 2026,4791226,Artstudio 313,"3D Modeling, 3D & Animation, Design",3D Printing,Beginner,10 hours,4.4,101,5463,"Rp149,000",3/2026,0,0,29,https://www.udemy.com/course/learn-blender-for-beginners-for-free/
Master Blender 3D with Wild West Environments,6538473,"3D Tudor, Luke PolyGoods 3D","Blender, 3D Rendering, 3D Modeling, 3D Game Development, 3D & Animation",3D Printing,All Levels,21 hours,4.7,26,387,"Rp149,000",1/2026,0,0,1,https://www.udemy.com/course/master-blender-3d-with-wild-west-environments/
"Blender for product Designers [3D Modeling, Texturing]",6143283,Kamel Altohamy,"Blender, 3D Rendering, 3D Modeling, 3D Animation, 3D & Animation",3D Printing,All Levels,15.5 hours,4.5,N/A,13,"Rp149,000",8/2025,2,0,0,https://www.udemy.com/course/blender4products/
Blender 4.4 The complete training,6613131,Julien Deville,"3D Modeling, 3D Texturing, 3D Animation, 3D Sculpting, 3D & Animation",3D Printing,Beginner,26 hours,4.6,123,782,"Rp149,000",5/2025,0,0,55,https://www.udemy.com/course/blender-44-the-complete-training/
Spline 3D the complete course,6765653,Nicolas Forgue,"3D Rendering, 3D Animation, 3D Modeling, 3D & Animation, Design",3D Printing,All Levels,11 hours,4.6,N/A,11,"Rp149,000",9/2025,0,0,0,https://www.udemy.com/course/spline-3d-the-complete-course/
Designing an Eternity Wedding Band in 3D,5168638,Hamed Arab,"Jewelry Design, CAD Software, 3D Printing, 3D & Animation, Design",3D Printing,Beginner,2 hours,5.0,1,2,"Rp149,000",2/2023,0,0,4,https://www.udemy.com/course/jewelry-design-eternity-wedding-band-in-3d/
Blender Basics Geometry Node Brick Walls Workshop,5993580,3D Tudor,"Blender, 3D Modeling, 3D & Animation, Design",3D Printing,All Levels,4.5 hours,4.6,12,134,"Rp149,000",1/2026,0,0,0,https://www.udemy.com/course/blender-geometry-node-workshop/
Learn Blender 3D - Master the art of 3D modelling,705180,Joe Baily,"3D Modeling, 3D Animation, Art History, Blender, 3D & Animation",3D Printing,All Levels,6 hours,4.6,41,380,"Rp149,000",2/2019,1,0,1,https://www.udemy.com/course/learn-blender-3d-the-complete-modelling-course/
Intermediate Game Asset Creation - 3D Modeling in Blender,1428764,"Concept Courses ⁯⁯⁯⁯⁯, Timothy Trankle","Blender, Game Texturing, 3D Modeling, Game Asset Creation, 3D & Animation",3D Printing,Intermediate,4 hours,4.5,235,4903,Free,11/2017,1,0,1,https://www.udemy.com/course/intermediate-game-asset-creation-3d-modeling-in-blender/
Blender 3D Modeling: Basics to Advanced - Ultimate Course,5313502,Muhammad Junaid Alam,"Blender, 3D Texturing, 3D Modeling, 3D & Animation, Design",3D Printing,All Levels,4.5 hours,4.2,84,817,"Rp149,000",6/2023,0,0,4,https://www.udemy.com/course/blender-3d-modeling-basics-to-advanced-ultimate-course-for-beginners/
2D to 3D Zbrush and 3D for Beginners,4550046,David Clabaugh,"3D Modeling, 3D & Animation, Design",3D Printing,Beginner,11.5 hours,4.6,28,238,"Rp149,000",8/2023,36,0,15,https://www.udemy.com/course/2d-to-3d-zbrush/
Blender to Unreal Engine 5: Fantasy River 3D Diorama Scene,6101077,3D Tudor,"Blender, 3D Modeling, Unreal Engine, 3D & Animation, Design",3D Printing,All Levels,17 hours,4.7,16,424,"Rp159,000",1/2026,0,0,1,https://www.udemy.com/course/blender-unreal-engine-5/
Create Your First 3D Animated Short Film in Blender,6900167,My 3D Class,"3D Animation, Character Animation, 3D Modeling, Blender, 3D & Animation",3D Printing,Beginner,17.5 hours,4.6,5,50,"Rp149,000",2/2026,0,0,26,https://www.udemy.com/course/create-your-first-3d-animated-short-film-in-blender/
Blender Architecture: Create 3D Buildings from CAD,4227866,Raymond Gabriel,"Blender, 3D Modeling, Photorealistic Rendering, Architectural Design, Design",3D Printing,All Levels,3 hours,5.0,20,1100,"Rp149,000",3/2026,1,0,6,https://www.udemy.com/course/modern-house-blender/
Blender Modelling Course for Beginners,4476174,Nexttut Education Pvt.Ltd.,"Blender, 3D & Animation, Design",3D Printing,Beginner,17.5 hours,4.3,32,406,"Rp149,000",6/2023,0,0,3,https://www.udemy.com/course/blender-30-modelling-course-for-beginners/
Master Interior Visualization in Blender - Complete Course,6827695,CGwisdom Online courses,"3D Rendering, 3D Texturing, 3D Modeling, Blender, 3D & Animation",3D Printing,Beginner,10.5 hours,4.1,3,48,"Rp149,000",9/2025,0,0,2,https://www.udemy.com/course/master-interior-visualization-in-blender-complete-course/
Geometry Nodes in Blender 4: Create Complex 3D Models,5765234,"GameDev.tv Team, Stephen Woods","Blender, 3D Animation, 3D Modeling, 3D & Animation, Design",3D Printing,Intermediate,10.5 hours,4.7,111,1708,"Rp149,000",5/2024,0,0,44,https://www.udemy.com/course/geometry-nodes-in-blender-4/
Blender 3D Model a Ghibli Art Stylized Scene,4036136,3D Tudor,"Blender, 3D Modeling, Game Art, Game Design, Game Development",3D Printing,All Levels,24 hours,4.7,108,13732,"Rp149,000",8/2024,0,0,7,https://www.udemy.com/course/blender-ghibli-beginners-3d-model-guide-oriental-stylized-scene/
3D Illustration on Blender 2.8 -3D for Aspiring Illustrators,3381920,Hector Carrasquilla,"Blender, 3D & Animation, Design",3D Printing,Beginner,2.5 hours,4.8,28,133,"Rp149,000",8/2020,0,0,0,https://www.udemy.com/course/3d-illustration-on-blender-28-3d-for-aspiring-illustrators/
"Build a Motion Sensor with ESP32, MQTT and 3D Printing",6119727,Yago Caetano,"Microcontroller, Product Development, 3D Modeling, MQTT, Hardware",3D Printing,Beginner,3 hours,4.6,N/A,6,"Rp149,000",4/2025,0,0,5,https://www.udemy.com/course/secure-your-space/
Learn Blender 3D sculpting as a beginner,6484369,Just Tis,"3D Modeling, 3D Sculpting, 3D & Animation, Design",3D Printing,Beginner,12 hours,4.7,20,177,"Rp149,000",2/2025,0,0,7,https://www.udemy.com/course/learn-blender-3d-sculpting-as-a-beginner/
"Blender 4 Essentials: 3D Modeling, Texturing, and Rendering",6678231,"Widhi Muttaqien, S.Kom, MMSI","Blender, 3D Rendering, 3D Modeling, UV Mapping, 3D & Animation",3D Printing,Beginner,14.5 hours,4.6,60,1012,"Rp159,000",6/2025,0,0,3,https://www.udemy.com/course/blender-4-essentials-3d-modeling-texturing-and-rendering/
Blender Express: Learn 3D Modeling Fast,4958984,"Marius Worch, Vincent Koehler","Blender, 3D Sculpting, 3D & Animation, Design",3D Printing,Intermediate,9 hours,4.6,59,483,"Rp149,000",11/2023,0,0,10,https://www.udemy.com/course/blendermasterclass/
Blender 3D for Beginners - Complete Modeling & Rendering,6826403,CGwisdom Online courses,"Blender, 3D Rendering, 3D Texturing, 3D Modeling, 3D & Animation",3D Printing,Beginner,11.5 hours,4.6,4,38,"Rp149,000",9/2025,0,0,2,https://www.udemy.com/course/blender-3d-for-beginners-complete-modeling-rendering/
SolveSpace the complete course,5589330,Nicolas Forgue,"CAD Software, 3D Sketching, 3D Modeling, 3D & Animation, Design",3D Printing,All Levels,6.5 hours,4.1,6,24,"Rp159,000",7/2025,0,0,0,https://www.udemy.com/course/solvespace-the-complete-course/
Blender UV Mapping Made Easy: Step-by-Step for Beginners,6203559,My 3D Class,"Blender, UV Mapping, 3D & Animation, Design",3D Printing,Beginner,4 hours,4.1,13,64,"Rp149,000",1/2026,0,0,2,https://www.udemy.com/course/blender-uv-mapping-made-easy-step-by-step-for-beginners/
Master Viral 3D Short Form Content in Blender,6785535,Vlad Sateev,"Blender, 3D & Animation, Design",3D Printing,All Levels,5 hours,4.4,25,2893,"Rp149,000",3/2026,0,0,9,https://www.udemy.com/course/3d-blender-animation/
Create a Classic Speedster with Blender,5475410,Darrin Lile,"Blender, 3D & Animation, Design",3D Printing,Beginner,13.5 hours,4.8,53,427,"Rp149,000",8/2023,0,0,1,https://www.udemy.com/course/create-a-classic-speedster-with-blender/
"Complete Blender beginner workflow for Cinematic art,step-by",5275608,Sime Bugarija,"Blender, 3D & Animation, Design",3D Printing,Beginner,5.5 hours,4.4,78,608,"Rp149,000",5/2023,0,0,2,https://www.udemy.com/course/complete-blender-beginner-workflow-for-cinematic-art/
Fusion and Blender VFX Masterclass,5860302,Ruan Lotter,"VFX Visual Effects, 3D Animation, Video Design, Photography & Video",3D Printing,All Levels,2 hours,4.8,57,379,"Rp149,000",3/2024,0,0,2,https://www.udemy.com/course/fusion_blender_vfx/
Blender 3D Animation: Make Stunning Shorts & Cinematic Reels,6841089,My 3D Class,"Blender, Character Animation, 3D Animation, Animation, 3D & Animation",3D Printing,All Levels,5 hours,5.0,6,37,"Rp149,000",2/2026,0,0,7,https://www.udemy.com/course/blender-animation-make-stunning-shorts-cinematic-reels/
Create a Stunning House in 3D Using Blender,6940033,"Widhi Muttaqien, S.Kom, MMSI","Blender, 3D Rendering, 3D Modeling, Architectural Design, Design",3D Printing,Intermediate,5 hours,4.8,6,88,"Rp149,000",11/2025,0,0,1,https://www.udemy.com/course/create-a-stunning-house-in-3d-using-blender/
Blender + AI Stylized Environment Creation - 2026,6794983,Artstudio 313,"3D & Animation, Design",3D Printing,All Levels,5 hours,4.7,12,447,"Rp149,000",3/2026,0,0,17,https://www.udemy.com/course/build-a-complete-stylized-world-in-blender-45/
Blender 4 Geometry Nodes for Beginners,5778750,3D Tudor,"Blender, 3D Modeling, 3D & Animation, Design",3D Printing,All Levels,4.5 hours,4.3,8,244,"Rp149,000",1/2026,0,0,0,https://www.udemy.com/course/blender-4-geometry-nodes-for-beginners/
SOLIDWORKS SECRETS Course - From Beginner To Advanced,3983950,Alen Oletic,"SOLIDWORKS, 3D & Animation, Design",3D Printing,Beginner,12.5 hours,4.6,388,14073,"Rp149,000",3/2026,9,0,138,https://www.udemy.com/course/ultimate-hands-on-3d-cad-modelling-solidworks-course/
Achieve 3D Photorealism in Blender: Subway Challenge,2163504,Abdelilah Hamdani,"Photorealistic Rendering, 3D & Animation, Design",3D Printing,Beginner,7 hours,4.7,370,2769,"Rp149,000",6/2024,0,0,6,https://www.udemy.com/course/subwaychallenge/
Blender to Unreal Engine 5 | 3D Props | Medieval Market,4398220,3D Tudor,"3D Modeling, Blender, Unreal Engine, 3D & Animation, Design",3D Printing,Beginner,6.5 hours,4.7,32,668,"Rp149,000",8/2024,0,0,2,https://www.udemy.com/course/blender-to-unreal-engine-5-3d-props/
"Robot Modeling with Plasticity, Rendering with Blender",6405413,Onur Erbay,"3D Modeling, 3D & Animation, Design",3D Printing,Beginner,5 hours,4.8,18,92,"Rp149,000",1/2025,0,0,1,https://www.udemy.com/course/robot-modeling-with-plasticity-rendering-with-blender/
Additive Manufacturing,6926339,Dr. Vikram Kedambadi Vasu,"Engineering, Teaching & Academics",3D Printing,Beginner,N/A,N/A,N/A,1,"Rp149,000",11/2025,0,0,0,https://www.udemy.com/course/additive-manufacturing/
Blender 3D Full Course (Project Based),5417668,Nafay Sheikh,"Blender, 3D & Animation, Design",3D Printing,All Levels,16 hours,4.3,519,2577,"Rp149,000",7/2023,0,0,0,https://www.udemy.com/course/blender-3d-full-course-project-based/
Blender Geometry Nodes – Procedural Bridge Generator,6259065,"3D Tudor, Vladan Trhlík","Blender, 3D Game Development, 3D Modeling, 3D & Animation, Design",3D Printing,Beginner,2.5 hours,4.6,12,212,"Rp149,000",1/2026,0,0,0,https://www.udemy.com/course/blender-geometry-nodes-procedural-bridge-generator/
Learn Blender Compositor!,4563088,Gustavo Rosa,"Blender, VFX Visual Effects, 3D & Animation, Design",3D Printing,Intermediate,5 hours,4.7,144,903,"Rp149,000",4/2023,0,0,39,https://www.udemy.com/course/blender-compositor/
3D Modeling in Blender,3580127,"Chris Plush, CG Masters","3D Modeling, Blender, 3D & Animation, Design",3D Printing,All Levels,7 hours,4.8,814,3578,"Rp149,000",8/2022,0,0,40,https://www.udemy.com/course/3d-modeling-in-blender/
Blender 3D Complete Volume One,501290,3D BUZZ Programming and Digital Art training,"Blender, 3D Animation, 3D & Animation, Design",3D Printing,Beginner,7 hours,4.3,264,2491,"Rp149,000",5/2015,0,0,1,https://www.udemy.com/course/blender-3d-complete-vol-one/
Learn 3D Animation - The Ultimate Blender A-Z Guide,7060815,My 3D Class,"3D Animation, Character Animation, 3D Modeling, Blender, 3D & Animation",3D Printing,All Levels,13 hours,5.0,3,11,"Rp149,000",3/2026,0,0,26,https://www.udemy.com/course/learn-3d-animation-the-ultimate-blender-a-z-guide/
MatrixGold Essentials for Jewelers - Video Training Course,3350878,Rik Juod,"Jewelry Design, Other Design, Design",3D Printing,All Levels,13.5 hours,4.6,151,404,"Rp799,000",8/2022,0,0,21,https://www.udemy.com/course/matrixgold-essentials-for-jewelers-video-training-course/
Blender 2.79 Nature environment creation,1919288,Julien Deville,"Blender, 3D & Animation, Design",3D Printing,Intermediate,20 hours,4.6,477,4375,"Rp149,000",9/2018,0,0,60,https://www.udemy.com/course/blender-279-nature-environment-creation/
BLENDER: How to create realistic BedRoom with Cycle & Eevee,3214419,Mrawan Hussain,"Interior Design, Design",3D Printing,All Levels,16 hours,4.6,39,491,"Rp149,000",7/2020,3,0,3,https://www.udemy.com/course/create-realistic-bedroom-with-blender/
Stylized Blender 3D Environment: Greek Temple Workshop,6911209,"3D Tudor, Marcus Rosefield","Blender, 3D Environment Modeling, 3D Game Development, 3D Modeling, 3D & Animation",3D Printing,All Levels,10 hours,3.8,10,121,"Rp149,000",1/2026,0,0,1,https://www.udemy.com/course/stylized-blender-3d-environment-greek-temple-workshop/
Blender – EXPERT in Hard Surface Modeling,6598023,Alfonso Alcaide,"Blender, 3D & Animation, Design",3D Printing,Beginner,11.5 hours,4.1,34,413,"Rp149,000",6/2025,0,0,5,https://www.udemy.com/course/blender-expert-in-hard-surface-modeling/
Blender for Complete Beginners,6225057,Allan Brito,"3D Modeling, 3D Rendering, 3D Texturing, 3D Animation, 3D & Animation",3D Printing,Beginner,14 hours,4.3,45,236,"Rp149,000",3/2026,0,0,17,https://www.udemy.com/course/blender-43-for-beginners/
Direct Modeling In Plasticity - Upper Body,6303269,Edward Boateng,"Character Design, AI Art Generation, 3D Modeling, 3D & Animation, Design",3D Printing,All Levels,8.5 hours,4.6,6,35,"Rp149,000",12/2024,0,0,1,https://www.udemy.com/course/direct-modeling-in-plasticity-upper-body/
3D Printed Electronics Enclosure Design: CAD to Prototype,6983551,"Naeem Rahman, Arwa Habib","SOLIDWORKS, 3D Printing, Design Tools, Design",3D Printing,All Levels,3.5 hours,5.0,2,5,"Rp149,000",12/2025,0,0,0,https://www.udemy.com/course/3d-printed-electronics-enclosure-design-cad-to-prototype/
Blender 2.8 The complete guide from beginner to pro,2427460,Julien Deville,"3D Modeling, 3D & Animation, Design",3D Printing,Beginner,34 hours,4.3,2795,14000,"Rp149,000",6/2020,0,0,58,https://www.udemy.com/course/blender-28-the-complete-guide-from-beginner-to-pro/
"Blender for Beginners: 3D Modeling, Animation & Rendering",6787691,Kubilay Altındiş,"Blender, Design Thinking, 3D Modeling, 3D & Animation, Design",3D Printing,All Levels,10.5 hours,4.8,6,35,"Rp149,000",12/2025,0,0,3,https://www.udemy.com/course/blender-course-for-beginners/
Blender 3D Modeling Masterclass: From Beginner to Advanced,6672467,Master Devs,"Blender, 3D Rendering, 3D Modeling, 3D & Animation, Design",3D Printing,Beginner,12 hours,4.9,9,1032,"Rp149,000",8/2025,7,0,6,https://www.udemy.com/course/blender-expert-in-3d-modeling-from-zero-to-advanced/
Blender 3D from zero to hero,1312870,"Widhi Muttaqien, S.Kom, MMSI","Blender, 3D Modeling, 3D Texturing, UV Mapping, 3D & Animation",3D Printing,All Levels,29.5 hours,4.6,904,4851,"Rp149,000",11/2024,2,0,82,https://www.udemy.com/course/blender-3d-from-zero-to-hero/
Create & Design a Modern Architecture House in Blender 3D,1160132,Stephen Pearson,"Blender, Photorealistic Rendering, 3D Rendering, Architectural Design, Design",3D Printing,All Levels,5 hours,4.6,1650,9616,"Rp159,000",9/2025,2,0,1,https://www.udemy.com/course/blendermadeeasy-modernhouse/
Blender 3D: Product Visualization Animations,5814196,Nafay Sheikh,"Blender, 3D & Animation, Design",3D Printing,All Levels,3.5 hours,4.4,81,571,"Rp159,000",2/2024,0,0,0,https://www.udemy.com/course/blender-3d-product-visualization-animations/
Blender for Beginners: Learn to Model a Gnome With Real Hair,4746992,Harry Jones,"Blender, 3D Modeling, 3D Rendering, 3D Texturing, 3D & Animation",3D Printing,Beginner,4 hours,4.8,21,78,"Rp149,000",6/2022,0,0,9,https://www.udemy.com/course/blender-for-beginners-learn-to-model-a-gnome-with-real-hair/
Blender 3D: Product Visualization Animations,6152969,Nafay Sheikh,"Blender, 3D & Animation, Design",3D Printing,All Levels,3.5 hours,4.3,42,296,"Rp149,000",9/2024,0,0,0,https://www.udemy.com/course/blender-3d-product-visualization-animations-h/
Blender for Beginners: 3D Modelling (Compatible with 4.4),6746915,"3D College, Konstantine Logan Arnaoutoglou","Blender, 3D & Animation, Design",3D Printing,Beginner,8 hours,4.5,19,130,"Rp149,000",12/2025,2,0,8,https://www.udemy.com/course/blender-3d-for-beginners-3d-modelling-compatible-with-44/
Nomad & ZBrush : GSC Modeling Tutorial | Beginner to Pro,6980493,Qing Ouyang,"3D & Animation, Design",3D Printing,Beginner,16 hours,3.5,1,8,"Rp149,000",1/2026,0,0,5,https://www.udemy.com/course/bjd-doll-modeling-nomad-zbrush/
Blender Mastery: From First Click to Final Render,6615047,Lionel VICIDOMINI,"Blender, 3D & Animation, Design",3D Printing,Beginner,15.5 hours,4.6,15,115,"Rp149,000",6/2025,1,0,1,https://www.udemy.com/course/blender-mastery/
Blender: Create Realistic BMW 507 From Start to Finish,3936044,Mrawan Hussain,"Blender, Photorealistic Rendering, Automotive Design, 3D & Animation, Design",3D Printing,Intermediate,19.5 hours,4.6,147,871,"Rp149,000",5/2022,1,0,3,https://www.udemy.com/course/blender-create-realistic-bmw-507-from-start-to-finish/
Learn Blender 3D Character Animation – Create a Short Film,6459079,My 3D Class,"3D Animation, Animation, Blender, 3D & Animation, Design",3D Printing,Beginner,9 hours,4.5,42,236,"Rp149,000",2/2026,0,0,18,https://www.udemy.com/course/learn-blender-3d-character-animation-in-8-hours-short-film/
CAD Surface Sculpting Iron Mike with Plasticity & Blender,5746974,Onur Erbay,"3D Modeling, 3D & Animation, Design",3D Printing,All Levels,12 hours,4.3,15,74,"Rp149,000",5/2024,0,0,1,https://www.udemy.com/course/cad-surface-sculpting-iron-mike-with-plasticity-blender/
Sweet Home 3D the complete course,4481340,Nicolas Forgue,"3D Rendering, Architectural Design, Interior Design, 3D & Animation, Design",3D Printing,All Levels,6.5 hours,4.1,11,53,"Rp149,000",1/2022,0,0,0,https://www.udemy.com/course/sweet-home-3d-the-complete-course/
Blender for Architecture - Create a house from scratch,6870629,Julien Deville,"Architectural Design, 3D Rendering, 3D Texturing, 3D Modeling, Design",3D Printing,Beginner,8 hours,4.4,6,85,"Rp457,000.00",12/2025,0,0,23,https://www.udemy.com/course/blender-for-architecture-create-a-house-from-scratch/
Prop Creation for Games: Medieval Well,6069157,Nexttut Education Pvt.Ltd.,"3D Modeling, 3D & Animation, Design",3D Printing,Beginner,16.5 hours,4.5,7,88,"Rp149,000",7/2024,0,0,1,https://www.udemy.com/course/prop-creation-for-games-medieval-well/
Blender to Unreal Engine 5 | 3D Props | Medieval Gallows,4380946,3D Tudor,"Blender, 3D Animation, 3D Modeling, Unreal Engine, 3D & Animation",3D Printing,Beginner,7 hours,4.7,33,1439,"Rp149,000",8/2024,0,0,0,https://www.udemy.com/course/blender-to-unreal-engine-5-props/
Blender VFX Liquid Smoke & Fire,4352066,3D Tudor,"Blender, 3D Animation, 3D Modeling, VFX Visual Effects, 3D & Animation",3D Printing,Beginner,8 hours,4.6,35,2627,"Rp149,000",8/2024,0,0,2,https://www.udemy.com/course/blender-vfx-liquid-smoke-fire/
Blender 4 for Complete Beginners,6278181,Aniket Rawat,"Blender, 3D Rendering, 3D Texturing, 3D Modeling, 3D & Animation",3D Printing,All Levels,21 hours,4.1,4,89,"Rp149,000",11/2024,0,0,1,https://www.udemy.com/course/blender-4-for-complete-beginners/
Blender 3D Modeling for Games - COMPLETE WORKFLOW,6664911,Master Devs,"Blender, 3D Game Development, 3D Modeling, 3D & Animation, Design",3D Printing,Beginner,13 hours,4.5,13,1069,"Rp149,000",8/2025,5,0,6,https://www.udemy.com/course/blender-3d-modeling-for-games-complete-workflow/
Easy Blender Course for Beginners,6397225,Artstudio 313,"3D Modeling, 3D & Animation, Design",3D Printing,Beginner,1.5 hours,4.1,125,3904,"Rp169,000",2/2026,0,0,1,https://www.udemy.com/course/complete-free-blender-course-for-beginners-2025/
Sweet Home 3D,2360544,Sean Bradley,"Architectural Design, Design",3D Printing,All Levels,3 hours,4.4,74,347,"Rp149,000",4/2022,0,0,24,https://www.udemy.com/course/sweet-home-3d-for-beginners/
Blender Particles Masterclass,5454150,Ruan Lotter,"Blender, 3D & Animation, Design",3D Printing,All Levels,4 hours,4.6,75,557,"Rp149,000",7/2023,0,0,0,https://www.udemy.com/course/blender-particles/
Ultimate Prop Art Bundle II (4 Courses in 1),6278987,Aniket Rawat,"Blender, Substance Painter, 3D Texturing, 3D Modeling, 3D & Animation",3D Printing,All Levels,15.5 hours,4.2,19,120,"Rp149,000",11/2024,0,0,1,https://www.udemy.com/course/ultimate-prop-art-bundle-volume-2-4-courses-in-1/
Autodesk Inventor: The Basics,862480,Gabe Bentz,"Autodesk Inventor, 3D & Animation, Design",3D Printing,Beginner,1.5 hours,4.4,104,294,"Rp149,000",7/2016,0,0,0,https://www.udemy.com/course/autodesk-inventor-the-basics/
Blender 3D Exhibition Booth Design: Create Real-World Event,6689803,Karan Rathore,"3D Rendering, 3D Modeling, 3D & Animation, Design",3D Printing,Intermediate,1 hour,4.5,2,10,"Rp149,000",6/2025,0,0,1,https://www.udemy.com/course/blender-3d-exhibition-booth-design-create-real-world-event/
Master Character Sculpting in ZBrush from Model to 3D Print,6585409,Brown Bear Animation,"3D Sculpting, 3D Rendering, 3D Modeling, 3D Printing, 3D & Animation",3D Printing,Beginner,5.5 hours,4.6,N/A,7,"Rp149,000",4/2025,0,0,0,https://www.udemy.com/course/master-character-sculpting-in-zbrush-from-model-to-3d-print/
3D Topographical Earth in Blender,2679846,Sean Bradley,"Blender, 3D Modeling, 3D & Animation, Design",3D Printing,All Levels,1 hour,4.5,57,255,"Rp149,000",2/2025,0,0,4,https://www.udemy.com/course/blender-earth/
BLENDER: Learn how to create old realistic cannon,4664096,Mrawan Hussain,"Blender, Hard Surface Modeling, 3D & Animation, Design",3D Printing,Intermediate,7.5 hours,4.8,19,129,"Rp149,000",5/2022,1,0,2,https://www.udemy.com/course/blender-learn-how-to-create-old-realistic-cannon/
"Dark Alley, Full Blender Cinematic Workflow + 300 assets",6043312,Sime Bugarija,"Blender, 3D & Animation, Design",3D Printing,Beginner,4.5 hours,4.5,17,312,"Rp159,000",8/2024,0,0,2,https://www.udemy.com/course/dark-alley-full-blender-cinematic-workflow-300-assets/
"Virtual Reality Visualisation ( VRED , Blender ) and Coding",6162231,Khaja Mohamed,"3D Rendering, 3D Texturing, 3D Modeling, Other IT & Software, IT & Software",3D Printing,Beginner,1.5 hours,3.9,8,779,"Rp149,000",3/2026,66,0,0,https://www.udemy.com/course/vred-high-end-3d-visualization-and-design-software-course/
Create a Stylized Fantasy Environment in Blender,6731575,Aniket Rawat,"Blender, 3D Texturing, 3D Modeling, 3D Animation, 3D & Animation",3D Printing,All Levels,4.5 hours,4.0,1,41,"Rp149,000",8/2025,0,0,1,https://www.udemy.com/course/create-a-stylized-fantasy-environment-in-blender/
Substance Painter Beginner's Guide to Game Texturing,4989844,3D Tudor,"3D Texturing, Game Art, Game Texturing, Substance Painter, Game Design",3D Printing,Beginner,10.5 hours,4.3,29,2314,"Rp149,000",4/2025,0,0,1,https://www.udemy.com/course/substance-painter-beginners-guide-to-game-texturing/
Blender 3D For Absolute Complete Beginners,4313764,Rich Graysonn,"Blender, 3D & Animation, Design",3D Printing,Beginner,10 hours,4.4,57,1646,"Rp149,000",7/2024,0,0,3,https://www.udemy.com/course/blender-for-absolute-complete-beginner/
Ring Design Using Blender 4 Parametric Smart Objects,4068874,Paul Summers,"Jewelry Design, Other Design, Design",3D Printing,Beginner,9 hours,4.5,8,78,"Rp249,000",11/2023,0,0,1,https://www.udemy.com/course/ring-design-using-blender-29-parametric-smart-objects/
HardSurface Modeling Foundation Tutorial,6057571,3DRedBox Studio,"3D Modeling, Design Tools, Design",3D Printing,All Levels,3.5 hours,2.5,2,16,"Rp149,000",7/2024,0,0,0,https://www.udemy.com/course/hardsurface-modeling-foundation-tutorial/
Blender 3D: Product Animation Masterclass,6100489,Nafay Sheikh,"Blender, 3D & Animation, Design",3D Printing,All Levels,2.5 hours,4.5,27,218,"Rp149,000",8/2024,0,0,0,https://www.udemy.com/course/blender-3d-product-animation-masterclass/
Blender 3D Animation: Full Modeling to Animation Workflow,6372715,Artstudio 313,"3D Animation, 3D & Animation, Design",3D Printing,All Levels,14.5 hours,4.4,38,2922,"Rp149,000",3/2026,0,0,3,https://www.udemy.com/course/blender-43-essentials-free-3d-to-animation-crash-course/
Blender Masterclass: Learn Blender in only 6 Hours,3352372,Ruan Lotter,"Blender, 3D & Animation, Design",3D Printing,All Levels,6 hours,4.6,158,768,"Rp149,000",7/2022,0,0,0,https://www.udemy.com/course/learnblender/
Blender Render Program,5116646,Çimensu Altınay,"3D Modeling, Blender, 3D Rendering, 3D & Animation, Design",3D Printing,Beginner,1.5 hours,5.0,6,102,"Rp149,000",2/2023,0,0,1,https://www.udemy.com/course/blender-render/
Master Photorealistic Bathroom Visualization in Blender,6821369,CGwisdom Online courses,"3D Rendering, 3D Modeling, Blender, 3D & Animation, Design",3D Printing,Beginner,4 hours,5.0,1,23,"Rp149,000",9/2025,0,0,1,https://www.udemy.com/course/master-photorealistic-bathroom-visualization-in-blender/
3D Prop Creation in Blender 3D and Substance Painter,4296874,Aniket Rawat,"3D Modeling, 3D Texturing, Game Texturing, Hard Surface Modeling, 3D & Animation",3D Printing,All Levels,3 hours,4.5,22,119,"Rp149,000",5/2024,0,0,1,https://www.udemy.com/course/creating-pokedex-in-blender-and-substance-painter/
Blender: Create and rig realistic Batmobile from A to Z,3753342,Mrawan Hussain,"3D Rigging, Blender, 3D Modeling, 3D Rendering, 3D & Animation",3D Printing,All Levels,20.5 hours,4.6,80,747,"Rp149,000",5/2022,1,0,1,https://www.udemy.com/course/hwo-to-create-the-batmobile-with-blender/
Blender 3.0: Product Animation MasterClass,4242376,Smeaf ‎,"3D Animation, 3D & Animation, Design",3D Printing,All Levels,2 hours,4.3,366,2282,"Rp149,000",5/2022,0,0,2,https://www.udemy.com/course/blender-3-product-animation-masterclass/
Complete Blender 3D Texturing and Animation Megacourse,6283247,Skillademia Academy,"Blender, 3D Texturing, 3D Animation, 3D Modeling, 3D & Animation",3D Printing,Intermediate,8 hours,3.8,7,3350,"Rp149,000",3/2026,0,0,4,https://www.udemy.com/course/complete-blender-3d-texturing-and-animation-megacourse/
Blender 4.0 Beginner Workflow For Cinematic Art - Step-By-S.,5698782,Sime Bugarija,"Blender, 3D & Animation, Design",3D Printing,Beginner,2.5 hours,4.7,19,195,"Rp149,000",12/2023,0,0,4,https://www.udemy.com/course/blender-40-beginner-workflow-for-cinematic-art-step-by-s/
Blender 3D Product Visualization Masterclass,5006184,Nafay Sheikh,"Blender, 3D & Animation, Design",3D Printing,All Levels,6.5 hours,4.3,110,799,"Rp149,000",12/2022,0,0,0,https://www.udemy.com/course/blender-3d-easy-product-visualizationdesign/
Jewelry design with Rhino,4571738,Aya Ibrahim,"Jewelry Design, 3D & Animation, Design",3D Printing,Beginner,4 hours,4.2,31,204,"Rp449,000",7/2022,1,0,5,https://www.udemy.com/course/jewelry-design-with-rhino/
Blender 3D Character Animation Masterclass: Zero to Hero,6845835,My 3D Class,"3D Animation, Character Animation, 3D Rendering, Blender, 3D & Animation",3D Printing,All Levels,8.5 hours,4.6,12,90,"Rp149,000",2/2026,0,0,15,https://www.udemy.com/course/blender-3d-character-animation-masterclass-zero-to-hero/
"Master 3D Scanning The Pro Workflow - Blender, Maya & Unreal",6896371,PolyCG Studio,"Photogrammetry, 3D Environment Modeling, 3D Modeling, 3D & Animation, Design",3D Printing,All Levels,1 hour,4.5,1,11,"Rp149,000",10/2025,0,0,0,https://www.udemy.com/course/master-3d-scanning/
I use Blender: 3D Modeling,4441750,Mitchell Nickerson,"3D Modeling, 3D & Animation, Design",3D Printing,Beginner,3.5 hours,3.7,4,23,"Rp149,000",3/2022,0,0,1,https://www.udemy.com/course/i-use-blender-3d-modeling/
Learn How to Create Simple 3D Models in Blender,6123003,VISHAL SAHU,"3D Modeling, Blender, 3D & Animation, Design",3D Printing,All Levels,5 hours,4.3,33,1023,"Rp149,000",3/2025,0,0,0,https://www.udemy.com/course/learn-how-to-create-simple-3d-objects-in-blender/
Keying for modular 3d printable miniatures in zbrush,5295928,Christian McNachtan,"zBrush, 3D & Animation, Design",3D Printing,Intermediate,2 hours,4.5,10,68,"Rp149,000",4/2023,7,0,2,https://www.udemy.com/course/keying-for-modular-3d-printable-miniatures-in-zbrush/
Advanced Prop Modeling - 3D Modeling in Blender,1867412,"Concept Courses ⁯⁯⁯⁯⁯, Timothy Trankle","Blender, 3D Modeling, 3D Sculpting, UV Mapping, 3D & Animation",3D Printing,Expert,6 hours,4.5,103,1536,"Rp149,000",9/2018,1,0,2,https://www.udemy.com/course/advanced-3d-prop-modeling-in-blender/
BLENDER : Realistic Vehicle Creation From Start To Finish,3136298,Mrawan Hussain,"Photorealistic Rendering, Substance Painter, 3D & Animation, Design",3D Printing,All Levels,18 hours,4.6,253,11429,"Rp149,000",6/2021,2,0,4,https://www.udemy.com/course/create-super-vehicles-with-blender-28x-and-substance-painter/
Blender 3D Modeling Class : Design Stunning Fantasy World,4582396,Muhammed Kosek,"3D Modeling, Blender, NFT (Non-Fungible Tokens), Metaverse, 3D & Animation",3D Printing,All Levels,6.5 hours,4.7,14,2049,"Rp149,000",11/2024,0,0,12,https://www.udemy.com/course/the-complete-epic-3d-metaverse-and-nft-designing/
Beginner's Guide to 3D Graphic Design in Microsoft Paint 3D,5915906,VISHAL SAHU,"Graphic Design, 3D Modeling, Graphic Design & Illustration, Design",3D Printing,All Levels,2.5 hours,4.5,6,442,"Rp149,000",3/2025,0,0,0,https://www.udemy.com/course/beginners-guide-to-3d-graphic-design-in-microsoft-paint-3d/
Mastering ZBrush: Comprehensive 3D Digital Sculpting Course,6027750,EDUCBA Bridging the Gap,"zBrush, Design Tools, Design",3D Printing,All Levels,17 hours,5.0,10,1064,"Rp149,000",6/2024,0,0,0,https://www.udemy.com/course/mastering-zbrush-comprehensive-3d-digital-sculpting-course/
"Make models & graphs with Python, Blender and Matplotlib",1673042,"Mammoth Interactive, John Bura","Data Visualization, Blender, Python, Data Science, Software Development Tools",3D Printing,All Levels,35.5 hours,4.0,14,170,"Rp149,000",2/2019,7,0,6,https://www.udemy.com/course/make-models-graphs-with-python-blender-and-matplotlib/
A quick way to build a realistic scene in Blender,5598214,Sime Bugarija,"Blender, 3D & Animation, Design",3D Printing,Beginner,2.5 hours,4.8,7,118,"Rp149,000",10/2023,0,0,3,https://www.udemy.com/course/a-quick-way-to-build-a-realistic-scene-in-blender/
AI-Powered Interior Design in Blender 5,7028151,Mrawan Hussain,"Interior Design, Design",3D Printing,Intermediate,12.5 hours,4.4,N/A,13,"Rp149,000",2/2026,1,0,3,https://www.udemy.com/course/ai-powered-interior-design-in-blender-5/
Finite Element Analysis in FreeCAD: From Zero to Expert !,6984349,Amar Patel,"FreeCAD, Finite Element Analysis (FEA), Design Tools, Design",3D Printing,Beginner,3.5 hours,2.0,N/A,9,"Rp149,000",12/2025,0,0,0,https://www.udemy.com/course/finite-element-analysis-in-freecad/
Blender the complete guide,2544529,Nicolas Forgue,"Blender, 3D & Animation, Design",3D Printing,All Levels,36 hours,3.9,9,37,"Rp149,000",6/2024,0,0,0,https://www.udemy.com/course/blender-beginner-to-intermediate-basics-and-training/
Design a minimal geometric scene in Blender,4446904,Rany Bechara,"Blender, 3D Lighting, 3D Rendering, 3D & Animation, Design",3D Printing,Beginner,1.5 hours,4.9,9,60,"Rp149,000",12/2021,0,0,0,https://www.udemy.com/course/design-a-minimal-geometric-scene-in-blender/
Complete Guide to the Fire & Smoke Simulation in Blender 3D,1309048,Stephen Pearson,"Blender, 3D Animation, 3D Rendering, 3D & Animation, Design",3D Printing,All Levels,5 hours,4.7,404,3481,"Rp149,000",9/2025,1,0,2,https://www.udemy.com/course/blender3d-fire-smoke-simulation/
Blender 2.8 for beginners - Sword creation,2200744,Julien Deville,"Game Asset Creation, 3D & Animation, Design",3D Printing,Beginner,8 hours,4.7,73,375,"Rp149,000",2/2019,0,0,27,https://www.udemy.com/course/blender-28-for-beginners-sword-creation/
Beginner’s Guide to Blender 4.0,6064595,Anass Cherkaoui,"Blender, 3D Modeling, 3D & Animation, Design",3D Printing,Beginner,1.5 hours,4.5,1,2,"Rp149,000",7/2024,1,0,1,https://www.udemy.com/course/beginners-guide-to-blender/
Blender Mastery: From Basics to Advanced Modeling,6035180,EDUCBA Bridging the Gap,"Blender, Design Tools, Design",3D Printing,All Levels,10.5 hours,4.5,2,1143,"Rp149,000",6/2024,0,0,0,https://www.udemy.com/course/blender-mastery-from-basics-to-advanced-modeling/
The Ultimate Blender Masterclass!,2122828,"Mammoth Interactive, John Bura","Blender, Character Modeling, 3D Modeling, Unity, Game Development",3D Printing,All Levels,45 hours,3.9,29,402,"Rp149,000",1/2019,66,0,63,https://www.udemy.com/course/the-ultimate-blender-masterclass/
"Modeling Buzz Lightyear from ""Toy Story"" with Blender !",4736574,Render Craft,"Blender, 3D Modeling, Character Modeling, 3D & Animation, Design",3D Printing,Intermediate,4.5 hours,3.9,5,36,"Rp149,000",6/2022,1,0,6,https://www.udemy.com/course/modeling-buzz-lightyear-from-toy-story-with-blender/
The Complete Guide to the Fluid Simulation in Blender,1265056,Stephen Pearson,"Blender, 3D Animation, 3D Rendering, 3D & Animation, Design",3D Printing,All Levels,3.5 hours,4.5,702,5515,"Rp149,000",10/2024,3,0,2,https://www.udemy.com/course/blender-fluid-simulation/
Organic Procedural Texturing In Blender,4285248,Harshavardhan Saravanan,"Blender, 3D & Animation, Design",3D Printing,All Levels,2.5 hours,4.8,19,139,"Rp149,000",9/2021,0,0,1,https://www.udemy.com/course/organic-procedural-texturing-in-blender/
Complete Guide to Soft Body Physics Simulation in Blender 3D,1517604,Stephen Pearson,"Blender, 3D Animation, Physics, 3D & Animation, Design",3D Printing,All Levels,2.5 hours,4.6,215,1643,"Rp149,000",9/2025,1,0,4,https://www.udemy.com/course/blender3dsoftbodysimulation/
Blender UV Mapping - Complete Guide to UV Mapping in Blender,1873802,"Marko Matosevic, Concept Courses ⁯⁯⁯⁯⁯","Blender, UV Mapping, 3D Rendering, 3D Texturing, 3D & Animation",3D Printing,Intermediate,3 hours,3.4,9,161,"Rp149,000",8/2018,3,0,0,https://www.udemy.com/course/blender-uv-unwrapping-and-mapping-course/
Blender 2.8.x-4.5.x Easy Manual: Getting started,2613204,Emanuele Mulas,"Blender, 3D Modeling, 3D & Animation, Design",3D Printing,All Levels,1 hour,4.6,16,1060,"Rp149,000",10/2025,0,0,3,https://www.udemy.com/course/blender-easy-manual-getting-started/
Photoshop for Non-Artists: Texture Libraries,699266,3D BUZZ Programming and Digital Art training,"Adobe Photoshop, Other Design, Design",3D Printing,Beginner,4.5 hours,4.7,23,277,"Rp149,000",12/2015,0,0,1,https://www.udemy.com/course/photoshop-for-non-artists-texture-libraries/
Blender 2.8 UV Mapping,2376364,Darrin Lile,"Blender, 3D & Animation, Design",3D Printing,Beginner,6 hours,4.6,513,2626,"Rp149,000",6/2019,0,0,3,https://www.udemy.com/course/blender-28-uv-mapping/
Unity Asset Store: Run an Art Business with Maya & zBrush,620896,Alan Balodi,"Unity, Game Art, zBrush, Game Design, Design",3D Printing,All Levels,8.5 hours,4.5,58,620,"Rp149,000",4/2016,0,0,5,https://www.udemy.com/course/unity-asset-store-run-an-art-business-with-maya-and-zbrush/
Blender 4.x Beginners Course,5726178,iVito .,"Blender, 3D & Animation, Design",3D Printing,Beginner,6 hours,4.6,47,304,"Rp149,000",2/2025,1,0,0,https://www.udemy.com/course/blender-beginners-course/
3D Modeling In Mudbox - A Definitive Mudbox Tutorial,107552,Infinite Skills,"Mudbox, 3D Animation, Financial Modeling, 3D & Animation, Design",3D Printing,All Levels,9.5 hours,4.4,60,564,"Rp149,000",1/2017,1,0,2,https://www.udemy.com/course/3d-modeling-in-mudbox/
Complete Guide to the Dynamic Paint Simulation in Blender 3D,3811580,Stephen Pearson,"Blender, 3D & Animation, Design",3D Printing,All Levels,2.5 hours,4.8,100,797,"Rp149,000",9/2025,1,0,1,https://www.udemy.com/course/dynamicpaintblender/
3D Classroom Environment Creation in Blender,4335058,Aniket Rawat,"Blender, 3D Modeling, 3D Texturing, Photorealistic Rendering, 3D & Animation",3D Printing,All Levels,4 hours,4.4,41,257,"Rp149,000",5/2024,0,0,1,https://www.udemy.com/course/creating-a-complete-classroom-scene-in-blender/
Blender 101: LEARN 3D Modeling for Complete Beginners 2025,2068949,Anass Cherkaoui,"3D Modeling, 3D & Animation, Design",3D Printing,Beginner,10.5 hours,4.1,13,125,"Rp149,000",3/2026,2,0,2,https://www.udemy.com/course/introduction-to-modeling-in-blender-z/
Blender Materials and Texture Series - Volume two,770652,Joe Baily,"Blender, 3D & Animation, Design",3D Printing,Beginner,3 hours,5.0,4,119,"Rp149,000",7/2018,1,0,0,https://www.udemy.com/course/blender-materials-and-texture-series-volume-two/
The Complete Guide to Rigid Body Simulations in Blender 3D,1219734,Stephen Pearson,"Blender, 3D Animation, 3D Modeling, 3D & Animation, Design",3D Printing,All Levels,2.5 hours,4.7,198,1481,"Rp149,000",9/2025,1,0,3,https://www.udemy.com/course/blender3d-rigidbodysimulation/
3D Character Creation : From Modeling to Rigging,6188683,Muhammad Junaid Alam,"3D Modeling, Character Modeling, 3D & Animation, Design",3D Printing,Beginner,3 hours,4.5,4,118,"Rp149,000",9/2024,0,0,11,https://www.udemy.com/course/3d-character-creation-for-beginner-from-modeling-to-rigging/
Blender : Essential 3D for UI and Visual Designers,4838290,Harshavardhan Saravanan,"Blender, 3D Modeling, 3D Rendering, 3D & Animation, Design",3D Printing,All Levels,3.5 hours,4.4,18,203,"Rp149,000",12/2023,0,0,1,https://www.udemy.com/course/blender-essential-3d-for-ui-and-visual-designers/
Blender 3D: Product Visualization Animation Masterclass,5412594,Nafay Sheikh,"Blender, 3D & Animation, Design",3D Printing,All Levels,3 hours,4.7,17,222,"Rp149,000",6/2023,0,0,0,https://www.udemy.com/course/blender-3d-product-visualization-animation-masterclass/
Mastering 3D Modeling With Blender For Beginners,2538246,Danan Thilakanathan,"3D Modeling, Blender, 3D & Animation, Design",3D Printing,Beginner,9.5 hours,4.2,243,7360,"Rp149,000",12/2019,0,0,7,https://www.udemy.com/course/mastering-3d-modeling-with-blender-for-beginners/
Blender 2.8: Your first step - Get the basics right,1946314,VFX 3D Pro,"Blender, 3D Modeling, 3D & Animation, Design",3D Printing,Beginner,2 hours,4.1,74,220,"Rp169,000",12/2018,0,0,0,https://www.udemy.com/course/blender-28/
Introduction to Topogun for Modeling and Retopologizing 3d,86632,3dmotive LLC,"3D Modeling, Game Art, Design Tools, Design",3D Printing,Intermediate,3.5 hours,4.2,21,178,"Rp149,000",4/2017,0,0,2,https://www.udemy.com/course/3dmotive-introduction-to-topogun/
Blender Unleashed: Mastering Subdivision Surface Modeling,570204,Brandon Hix,"Blender, 3D Modeling, 3D & Animation, Design",3D Printing,Intermediate,5.5 hours,4.5,104,963,"Rp149,000",6/2018,2,0,1,https://www.udemy.com/course/blender-unleashed-mastering-subdivision-surface-modeling/
Blender 3D - Model and texture a stylised shield!,4551720,Harshavardhan Saravanan,"3D Modeling, Animation, 3D Rendering, 3D Texturing, 3D & Animation",3D Printing,All Levels,2.5 hours,4.5,4,23,"Rp149,000",8/2022,0,0,1,https://www.udemy.com/course/blender-3d-model-and-texture-a-stylised-shield/
Blender 2.8 The Basics Of Blender,2279672,Joe Baily,"Blender, 3D & Animation, Design",3D Printing,Beginner,5 hours,4.5,49,188,"Rp149,000",9/2019,0,0,0,https://www.udemy.com/course/blender-28-the-basics-of-blender/
Cinematic look with Blender 3.0 - 8+ hours MASTER tutorial,4521862,Sime Bugarija,"Blender, 3D Modeling, Adobe After Effects, Filmmaking, 3D & Animation",3D Printing,Beginner,8.5 hours,4.7,15,256,"Rp149,000",2/2022,0,0,6,https://www.udemy.com/course/cinematic-look-with-blender-30-8-hours-master-tutorial/
Learning Autodesk Maya 2015 - A Practical Hands On Course,222094,Infinite Skills,"Autodesk Maya, 3D & Animation, Design",3D Printing,All Levels,7 hours,4.5,53,620,"Rp149,000",1/2017,1,0,1,https://www.udemy.com/course/maya-2015/
Beginners Guide to the Particle System in Blender 3D,1342586,Stephen Pearson,"Blender, 3D Animation, 3D & Animation, Design",3D Printing,All Levels,5 hours,4.7,438,4046,"Rp149,000",9/2025,0,0,0,https://www.udemy.com/course/blenderparticlesystemcourse/
Zbrush Character Modeling and Sculpting: Zbrush Course,2621930,"Video School, Phil Ebiner, Class Creatives","Character Design, Character Modeling, zBrush, Digital Character Sculpting, 3D & Animation",3D Printing,Beginner,4 hours,4.4,139,1247,"Rp149,000",11/2025,4,0,2,https://www.udemy.com/course/character-modeling-and-character-sculpting-in-zbrush-course/
Learn UV Mapping with Blender for Game Development,1023388,3dmotive LLC,"UV Mapping, 3D Texturing, Blender, 3D & Animation, Design",3D Printing,Beginner,2.5 hours,4.5,81,530,"Rp149,000",4/2017,2,0,2,https://www.udemy.com/course/3dmotive-learn-uv-mapping-with-blender/
Blender: create Thor's Stormbreaker from start to finish,3508556,Mrawan Hussain,"Blender, 3D & Animation, Design",3D Printing,All Levels,4.5 hours,4.6,28,226,"Rp149,000",5/2022,1,0,1,https://www.udemy.com/course/create-stormbreaker-with-blender/
Blender Beginners Course | Make Stylized House in Blender,6129775,iVito .,"Blender, 3D & Animation, Design",3D Printing,Beginner,1.5 hours,4.6,7,42,"Rp149,000",2/2025,1,0,0,https://www.udemy.com/course/your-first-day-in-blender-h/
Blender Masters: Guia Completo para Modelagem 3D e Animação,5612128,Wiliam Nascimento,"3D Modeling, Blender, 3D & Animation, Design",3D Printing,All Levels,19 hours,4.6,12,155,"Rp149,000",3/2026,0,0,0,https://www.udemy.com/course/blender-masters-arte-3d-descomplicada/
Digital Circuits Simplified with Tinkercad,6643969,Dr.Leo Joseph,"Tinkercad, Engineering, Teaching & Academics",3D Printing,All Levels,2.5 hours,4.2,N/A,3,"Rp149,000",5/2025,0,0,0,https://www.udemy.com/course/digital-circuits-simplified-with-tinkercad/
Intro to 3d Modeling Using Blender,349078,3dmotive LLC,"3D Modeling, 3D Animation, Blender, Game Development, Development",3D Printing,Beginner,5.5 hours,4.2,142,1719,"Rp149,000",9/2016,2,0,5,https://www.udemy.com/course/3dmotive-intro-to-3d-modeling-using-blender/
Concepting a Futuristic Vehicle using Maya and Keyshot,1851082,Victory3D LLC,"3D Modeling, Autodesk Maya, KeyShot, 3D & Animation, Design",3D Printing,Intermediate,4.5 hours,4.6,6,81,"Rp149,000",11/2018,0,0,2,https://www.udemy.com/course/futuristicvehicle/
Maya Practical - 3D Animal and Character Modeling Mastery,6048937,EDUCBA Bridging the Gap,"Autodesk Maya, Design Tools, Design",3D Printing,All Levels,6 hours,4.6,7,1077,"Rp149,000",7/2024,0,0,0,https://www.udemy.com/course/maya-practical-3d-animal-and-character-modeling-mastery/
3D Reference Modeling Using Blender 2.8,3376642,"Mammoth Interactive, John Bura","Blender, Character Modeling, 3D Modeling, 3D Sculpting, 3D & Animation",3D Printing,Beginner,9 hours,4.5,1,86,"Rp149,000",8/2020,0,0,0,https://www.udemy.com/course/3d-reference-modeling-using-blender-28/
3ds Max Fundamentals: 3D Modeling and Look Development,4125436,"Widhi Muttaqien, S.Kom, MMSI","Autodesk 3ds Max, 3D Modeling, 3D Texturing, 3D & Animation, Design",3D Printing,Beginner,15.5 hours,4.6,263,931,"Rp149,000",6/2021,1,0,1,https://www.udemy.com/course/3ds-max-fundamentals-3d-modeling-and-look-development/
Model a complex 3d SciFi Ship with Maya and ZBrush,2060467,3dmotive LLC,"3D Modeling, 3D Sculpting, 3D & Animation, Design",3D Printing,Intermediate,7 hours,4.3,14,164,"Rp149,000",2/2019,2,0,5,https://www.udemy.com/course/3dmotive-model-a-complex-3d-scifi-ship-with-maya-and-zbrush/
Digital Sculpting for Interior Decor with ZBrush and 3ds Max,955212,3dmotive LLC,"3D Sculpting, Autodesk 3ds Max, zBrush, 3D & Animation, Design",3D Printing,Intermediate,3.5 hours,4.1,13,145,"Rp149,000",9/2016,2,0,3,https://www.udemy.com/course/3dmotive-digital-sculpting-for-interior-decor-with-zbrush-and-3ds-max/
Ultimate Blender guide: Make low poly characters in 3D!,1330728,"Mammoth Interactive, John Bura","Blender, 3D & Animation, Design",3D Printing,Beginner,16.5 hours,4.3,93,4949,"Rp149,000",6/2019,6,0,2,https://www.udemy.com/course/create-low-poly-game-characters-in-blender3d/
Blender 3d For Newcomers: Using Cycles Render Engine,1169910,Zaigham Abbas,"Blender, 3D Animation, Design Tools, Design",3D Printing,Beginner,17.5 hours,3.9,31,1043,"Rp149,000",5/2017,0,0,2,https://www.udemy.com/course/blender-3d-for-new-comers-using-cycles-render-engine/
Create a Camera in Blender 3D and Substance Painter,4302287,Aniket Rawat,"Blender, 3D Modeling, Game Texturing, Substance Painter, 3D & Animation",3D Printing,All Levels,2.5 hours,4.7,50,169,"Rp149,000",5/2024,0,0,1,https://www.udemy.com/course/vintage-camera-creation-in-blender-3d-and-substance-painter/
BlendMasters Vol. 1: Model a Concept Car for Film in Blender,369262,Brandon Hix,"Blender, 3D Modeling, VFX Visual Effects, 3D & Animation, Design",3D Printing,Expert,9 hours,3.9,292,2770,"Rp149,000",6/2018,1,0,1,https://www.udemy.com/course/blendmasters-vol-1-model-a-concept-car-for-film-in-blender/
Blender Asset Modeling Basics,735732,Mark Masters,"Blender, 3D Animation, 3D & Animation, Design",3D Printing,All Levels,2 hours,4.3,483,7215,"Rp149,000",7/2019,0,0,16,https://www.udemy.com/course/creating-a-3d-soda-can-in-blender/
From Concept to Game: Creating Stunning Asset in Blender 3D,2301360,Peter Blender 3D Modeling Company,"Game Asset Creation, 3D Texturing, 3D Modeling, Blender, Design Tools",3D Printing,All Levels,3 hours,3.7,199,16562,"Rp149,000",1/2025,0,0,0,https://www.udemy.com/course/-learn-3d-modeling-with-blender/
Blender - EXPERT in 3D Character Rigging and Animation,6628343,Alfonso Alcaide,"Blender, 3D & Animation, Design",3D Printing,Beginner,5 hours,4.7,14,1072,"Rp149,000",6/2025,4,0,5,https://www.udemy.com/course/blender-expert-in-3d-character-rigging-and-animation/
Creating a Realistic 3D Backyard In Blender,1057700,Danan Thilakanathan,"3D Modeling, 3D Rendering, Blender, 3D & Animation, Design",3D Printing,All Levels,8 hours,4.6,38,2664,"Rp149,000",3/2017,1,0,2,https://www.udemy.com/course/creating-a-realistic-3d-backyard-in-blender/
Blender Essential: From Beginner to 3D Masterclass,5950120,Learnify IT,"Blender, 3D & Animation, Design",3D Printing,All Levels,4 hours,4.0,277,36424,"Rp149,000",6/2024,0,0,0,https://www.udemy.com/course/blender-essential-from-beginner-to-3d-masterclass/
Creating Textures Procedurally In Blender With Nodes,3848528,Joe Baily,"3D Texturing, Blender, Google Material Design, 3D & Animation, Design",3D Printing,All Levels,2.5 hours,4.5,23,164,"Rp149,000",2/2021,0,0,0,https://www.udemy.com/course/creating-textures-procedurally-in-blender-with-nodes/
Blender 3D Low Poly Character Modeling for Beginners,6186339,Amit kumar deb,"Character Modeling, 3D & Animation, Design",3D Printing,Beginner,2 hours,4.5,14,1002,"Rp149,000",3/2025,0,0,2,https://www.udemy.com/course/blender-3d-low-poly-character-modeling-for-beginners/
Using Cycles Render Engine in Blender 3D,1382894,Packt Publishing,"Blender, 3D Animation, Web Development, Development",3D Printing,Beginner,3 hours,4.3,22,199,"Rp149,000",10/2017,0,0,1,https://www.udemy.com/course/using-cycles-render-engine-in-blender-3d/
Model and Sculpt Stylized 3d Creatures in Maya and ZBrush,630028,3dmotive LLC,"Autodesk Maya, 3D Animation, zBrush, Creature Design, 3D & Animation",3D Printing,Intermediate,5 hours,4.3,107,1119,"Rp149,000",9/2016,2,0,3,https://www.udemy.com/course/3dmotive-model-and-sculpt-stylized-3d-creatures-in-maya-and-zbrush/
Blender 2.8: Mastering hard surface modeling,3179400,dean walcott,"Hard Surface Modeling, 3D & Animation, Design",3D Printing,All Levels,3.5 hours,3.8,14,120,"Rp149,000",6/2020,0,0,12,https://www.udemy.com/course/blender-28-mastering-hard-surface-modeling/
Create Objects Procedurally With Geometry Nodes In Blender,3813568,Joe Baily,"Blender, 3D Modeling, 3D & Animation, Design",3D Printing,All Levels,9.5 hours,4.5,142,809,"Rp149,000",8/2022,2,0,1,https://www.udemy.com/course/create-objects-procedurally-with-geometry-nodes-in-blender/
Master Realistic 3d Model from Scratch With Blender 2.9,3567501,Lanre Kolawole,"Blender, 3D Modeling, Architectural Design, 3D & Animation, Design",3D Printing,Beginner,4 hours,4.4,92,13842,"Rp149,000",1/2022,0,0,1,https://www.udemy.com/course/create-a-simple-interior-scene-with-blender-29/
Learn Photorealism: Create a Maldive Island in Blender,2473528,Abdelilah Hamdani,"Photorealistic Rendering, 3D Modeling, Blender, 3D & Animation, Design",3D Printing,Intermediate,6 hours,4.3,69,599,"Rp149,000",9/2025,0,0,13,https://www.udemy.com/course/photorealism/
Learning Maya after knowing 3ds Max : Modeling,109876,Bradley Wascher,"Autodesk 3ds Max, Financial Modeling, Autodesk Maya, 3D & Animation, Design",3D Printing,All Levels,1.5 hours,4.3,280,1781,"Rp149,000",7/2017,0,0,0,https://www.udemy.com/course/3dsmax-to-maya/
Learning Autodesk Maya 2016,809536,Infinite Skills,"Autodesk Maya, 3D & Animation, Design",3D Printing,All Levels,6.5 hours,4.3,260,1396,"Rp149,000",1/2017,1,0,1,https://www.udemy.com/course/learning-autodesk-maya-2016/
Blender Strategies for Modeling and Texturing,5068666,Darrin Lile,"Blender, 3D & Animation, Design",3D Printing,Beginner,3 hours,4.5,52,305,"Rp149,000",1/2023,0,0,1,https://www.udemy.com/course/blender-strategies-for-modeling-and-texturing/
Learn to Digitally Paint and Texture a Stylized Creature,630034,3dmotive LLC,"Creature Design, Digital Painting, 3D Texturing, 3D & Animation, Design",3D Printing,Intermediate,3.5 hours,4.5,34,744,"Rp149,000",9/2016,2,0,3,https://www.udemy.com/course/3dmotive-learn-to-digitally-paint-and-texture-a-stylized-creature/
Learn to Unwrap and Texture a Stylized Character for Games,371876,3dmotive LLC,"Game Texturing, Autodesk Maya, 3D Modeling, 3D Texturing, 3D & Animation",3D Printing,Intermediate,4 hours,4.5,19,673,"Rp149,000",9/2016,1,0,3,https://www.udemy.com/course/3dmotive-learn-to-unwrap-and-texture-a-stylized-character-for-games/
Sculpting CG Creatures in ZBrush: Cthulhu,390194,3dmotive LLC,"Creature Design, 3D Sculpting, zBrush, 3D & Animation, Design",3D Printing,Expert,4.5 hours,4.6,78,806,"Rp149,000",9/2016,1,0,3,https://www.udemy.com/course/3dmotive-sculpting-cg-creatures-in-zbrush-cthulhu/
Sculpting CG Creatures in ZBrush: Tsathoggua,400782,3dmotive LLC,"Creature Design, 3D Sculpting, zBrush, 3D & Animation, Design",3D Printing,Expert,5.5 hours,4.7,12,268,"Rp149,000",2/2015,0,0,4,https://www.udemy.com/course/3dmotive-sculpting-cg-creatures-in-zbrush-tsathoggua/
3D Architecture with Maya and 3Ds Max,4736952,EDUCBA Bridging the Gap,"Architectural Design, Autodesk 3ds Max, Autodesk Maya, Design",3D Printing,All Levels,13.5 hours,4.4,37,18658,"Rp149,000",6/2022,0,0,0,https://www.udemy.com/course/3d-architecture-with-maya-and-3ds-max/
Blender Materials and Texture Series - Volume one,1056900,Joe Baily,"Blender, Materials Science, 3D & Animation, Design",3D Printing,Beginner,2.5 hours,4.2,17,132,"Rp149,000",7/2018,1,0,0,https://www.udemy.com/course/blender-materials-and-texture-series-volume-one/
Learn Blender Modeling and Texturing,469898,Stone River eLearning,"Blender, Financial Modeling, 3D & Animation, Design",3D Printing,Beginner,1.5 hours,4.0,31,270,"Rp149,000",2/2017,1,0,2,https://www.udemy.com/course/learn-blender-modeling-and-texturing/
Learn Blender 3D - The application of materials and textures,866796,Joe Baily,"Blender, 3D Animation, Google Material Design, Graphic Design & Illustration, Design",3D Printing,All Levels,13 hours,4.2,141,1382,"Rp149,000",9/2019,1,0,6,https://www.udemy.com/course/learn-blender-3d-the-materials-and-texture-course/
Blender Quickstart - Create a Low poly scene for Beginners,1237158,Bhaumik Patel,"Blender, 3D & Animation, Design",3D Printing,Beginner,2.5 hours,4.4,158,1619,"Rp149,000",6/2017,0,0,0,https://www.udemy.com/course/blender-quickstart/
"Earn passive Money Online , Create & Sell 3D Models",1984936,Maamir Houssam Eddine,"Passive Income, 3D Modeling, 3D & Animation, Design",3D Printing,All Levels,2 hours,3.7,18,117,"Rp149,000",6/2025,1,0,1,https://www.udemy.com/course/make-money-online-passive-income-selling-3d-models/
Mastering Python: 0/1 -> 1/0 | Beginner to Advanced,1833400,Sai Charan J,"Python, Programming Languages, Development",3D Printing,All Levels,11 hours,4.6,10,552,"Rp149,000",6/2023,14,0,2,https://www.udemy.com/course/mastering-python-beginner-to-advanced/
Learning Autodesk Maya 2014 - A Practical Hands On Course,81872,Infinite Skills,"Autodesk Maya, Design Tools, Design",3D Printing,All Levels,10.5 hours,4.3,20,299,"Rp149,000",1/2017,1,0,1,https://www.udemy.com/course/autodesk-maya-2014/
Advanced Techniques for Portrait Lighting in Blender,5912618,"Mammoth Interactive, John Bura","Blender, 3D & Animation, Design",3D Printing,Beginner,36 mins,4.5,N/A,N/A,"Rp149,000",4/2024,1,0,2,https://www.udemy.com/course/advanced-techniques-for-portrait-lighting-in-blender/
Learn Blender 3D - The introduction course,927186,Joe Baily,"Blender, 3D Animation, Graphic Design & Illustration, Design",3D Printing,Beginner,1.5 hours,4.3,32,826,"Rp149,000",7/2018,2,0,0,https://www.udemy.com/course/learn-blender-3d-in-under-2-hours-the-intro-course/
3d Animation course,1842550,Daniel Conrad,"3D Animation, 3D & Animation, Design",3D Printing,Intermediate,1 hour,3.9,2,1989,"Rp149,000",9/2022,0,0,36,https://www.udemy.com/course/3d-modeling-course/
Learning Autodesk AutoCAD 3D 2016,851968,Infinite Skills,"AutoCAD, 3D Animation, 3D & Animation, Design",3D Printing,All Levels,6 hours,4.4,70,350,"Rp149,000",1/2017,1,0,1,https://www.udemy.com/course/learning-autodesk-autocad-3d-2016/
Learn Maya - Intro to 3D Box Modeling Techniques with Maya,737242,"Kyle Pew • 2,000,000+ Students","Autodesk Maya, 3D Animation, 3D Modeling, 3D & Animation, Design",3D Printing,Beginner,2 hours,4.3,211,3323,"Rp149,000",12/2016,2,0,1,https://www.udemy.com/course/intro-to-mastering-3d-box-modeling-techniques-with-maya-2014/
Hard Surface 3d Vehicle Detailing and Texturing for Games,260312,3dmotive LLC,"3D Texturing, Autodesk 3ds Max, 3D Modeling, Game Texturing, 3D & Animation",3D Printing,Intermediate,10.5 hours,4.5,15,446,"Rp149,000",4/2017,1,0,5,https://www.udemy.com/course/3dmotive-hard-surface-vehicle-detailing-and-texturing/
"Surfboard shaping, the 10 step method to pro results.",2688730,Matthew Kinoshita,"Surfing, Online Education, Teaching & Academics",3D Printing,All Levels,1 hour,4.7,75,183,"Rp599,000",12/2019,0,0,0,https://www.udemy.com/course/surfboard-shaping-the-10-step-method-to-pro-results/
Learn to Sculpt a Stylized Character for Games with ZBrush,359660,3dmotive LLC,"zBrush, 3D Sculpting, 3D Modeling, Character Modeling, 3D & Animation",3D Printing,Intermediate,4 hours,4.2,41,610,"Rp149,000",9/2016,1,0,3,https://www.udemy.com/course/3dmotive-learn-to-sculpt-a-stylized-character-for-games-with-zbrush/
Hard Surface 3d Vehicle Modeling in Maya for Games,208392,3dmotive LLC,"Autodesk Maya, 3D Modeling, Design Tools, Design",3D Printing,Intermediate,8.5 hours,4.4,40,485,"Rp149,000",4/2017,1,0,5,https://www.udemy.com/course/3dmotive-hard-surface-vehicle-modeling-in-maya/
SketchUp : Become Master in Designing,3245334,Ajay Kumar,"3D Modeling, 3D Printing, SketchUp, Interior Design, Design",3D Printing,All Levels,7.5 hours,4.4,8,92,"Rp169,000",6/2023,0,0,20,https://www.udemy.com/course/sketchup-interior-design-of-living-room/
Sculpt a Mech Head with ZBrush and Present it in Keyshot,491070,3dmotive LLC,"KeyShot, 3D Modeling, 3D Sculpting, zBrush, 3D & Animation",3D Printing,Intermediate,4.5 hours,3.8,17,175,"Rp149,000",5/2015,0,0,3,https://www.udemy.com/course/3dmotive-sculpt-a-mech-head-with-zbrush-and-present-it-in-keyshot/
AutoCAD 2016 Beyond the Basics,859992,Infinite Skills,"AutoCAD, Design Tools, Design",3D Printing,Intermediate,10.5 hours,4.5,151,1114,"Rp149,000",1/2017,1,0,1,https://www.udemy.com/course/autocad-2016-beyond-the-basics/
Learning Autodesk AutoCAD 2016,845054,Infinite Skills,"AutoCAD, Architectural Design, Design",3D Printing,All Levels,11 hours,4.6,211,997,"Rp149,000",1/2017,1,0,1,https://www.udemy.com/course/learning-autodesk-autocad-2016/
Learn Maya 2017 for Game Development,1181312,3dmotive LLC,"Autodesk Maya, 3D Modeling, Game Art, Game Development Fundamentals, 3D & Animation",3D Printing,Beginner,6 hours,4.3,58,526,"Rp149,000",4/2017,2,0,4,https://www.udemy.com/course/3dmotive-learn-maya-2017-for-game-development/
Master Maya - A Guide to 3D Modeling With Maya,227786,Infinite Skills,"Autodesk Maya, 3D Animation, Financial Modeling, 3D Modeling, 3D & Animation",3D Printing,All Levels,12.5 hours,3.9,76,1404,"Rp149,000",1/2017,1,0,1,https://www.udemy.com/course/maya-a-guide-to-3d-modeling/
Project Management Professional (PMP) - Practice Exams (2),6464191,Sagar Joshi,"Project Management, PMI Project Management Professional (PMP), Business",3D Printing,Expert,N/A,4.6,N/A,2,"Rp449,000",6/2025,0,0,0,https://www.udemy.com/course/project-management-professional-pmp-practice-exams-new/
Create Your Own Character in Blender,783802,Thomas McDonald,"Character Design, Blender, 3D Modeling, 3D Animation, 3D & Animation",3D Printing,Beginner,4 hours,4.5,1496,61621,Free,8/2025,2,0,1,https://www.udemy.com/course/create-your-own-character/
Creating a Guitar in Blender and Substance Painter,5559752,Aniket Rawat,"Blender, Substance Painter, 3D Texturing, 3D Modeling, 3D & Animation",3D Printing,All Levels,2 hours,4.7,81,2483,Free,5/2024,0,0,1,https://www.udemy.com/course/creating-a-guitar-in-blender-and-substance-painter/
Introduction to Blender For Beginners,898718,Danan Thilakanathan,"Blender, 3D Modeling, 3D Rendering, 3D & Animation, Design",3D Printing,Beginner,5 hours,4.4,3703,100347,Free,12/2016,12,0,0,https://www.udemy.com/course/introduction-to-blender-for-beginners/
A Practical Introduction - Modeling & Animation in Blender,1120462,Thomas McDonald,"Blender, 3D Animation, 3D & Animation, Design",3D Printing,Beginner,1.5 hours,4.6,657,22521,Free,8/2024,2,0,0,https://www.udemy.com/course/a-practical-introduction-to-blender-3d/
Blender 5 - Create Your First Character,6944365,Muhammad Umer Najeeb,"3D & Animation, Design",3D Printing,Beginner,N/A,5.0,1,178,Free,11/2025,0,0,0,https://www.udemy.com/course/blender-5-create-your-first-character/
Blender 2.8 for Creative Professionals (An Overview),3452634,"Harshavardhan Saravanan, Cloudia David","Blender, 3D Modeling, 3D Rendering, 3D Texturing, Design Tools",3D Printing,Beginner,1 hour,4.6,140,7213,Free,8/2020,0,0,5,https://www.udemy.com/course/blender-28-for-creative-professionals-an-overview/
Blender Basics: A Complete Beginner's Guide to 3D Modeling,6522485,VISHAL SAHU,"3D Modeling, Blender, 3D & Animation, Design",3D Printing,All Levels,1 hour,4.5,76,1326,Free,4/2025,0,0,1,https://www.udemy.com/course/blender-basics-a-complete-beginners-guide-to-3d-modeling/
Complete IK/FK Rigging Setup in Maya – Step-by-Step Guide,6870355,Jhankar Singh,"Other Teaching & Academics, Teaching & Academics",3D Printing,Beginner,1.5 hours,5.0,6,163,Free,10/2025,0,0,0,https://www.udemy.com/course/complete-ikfk-rigging-setup-in-maya-step-by-step-guide/
First Day in Blender 4,6079533,Aniket Rawat,"Blender, 3D Rendering, 3D Modeling, 3D & Animation, Design",3D Printing,All Levels,2 hours,4.5,107,2194,Free,7/2024,0,0,0,https://www.udemy.com/course/first-day-in-blender-4-j/
3D modelling projects,4254884,Ishank Popli,"3D Modeling, 3D Animation, 3D & Animation, Design",3D Printing,Beginner,44 mins,3.4,46,2661,Free,8/2021,0,0,0,https://www.udemy.com/course/3d-modelling-projects/
"Blender Crash Course: Modeling, Texture and Rendering",6306693,Muhammad Junaid Alam,"3D & Animation, Design",3D Printing,Beginner,2 hours,4.5,23,2025,Free,12/2024,0,0,0,https://www.udemy.com/course/blender-crash-course-modeling-texture-and-rendering/
Making a Laptop | Blender 3D Modeling,4135206,Abhijit Kapoor,"3D Modeling, 3D & Animation, Design",3D Printing,Beginner,41 mins,4.7,23,1089,Free,6/2021,0,0,5,https://www.udemy.com/course/making-a-laptop-blender-3d-modeling-level-2/
Blender: Learn how to create realistic furniture unit,4596780,Mrawan Hussain,"Blender, 3D Modeling, Interior Design, Design",3D Printing,All Levels,1.5 hours,4.4,51,3734,Free,3/2022,1,0,1,https://www.udemy.com/course/blender-learn-how-to-create-realistic-furniture-unit/
How To Create A 3D House In 3D Maya,6327923,Maya Rigging School,"Autodesk Maya, IT Certifications, IT & Software",3D Printing,Beginner,2 hours,5.0,N/A,245,Free,1/2025,0,0,0,https://www.udemy.com/course/how-to-create-a-3d-house-in-3d-maya/
Structural Frame Design & Weldments Using Solid Edge 3D CAD,2266746,John Devitry,"Siemens, 3D & Animation, Design",3D Printing,Beginner,4 hours,4.7,219,11182,Free,5/2019,0,0,1,https://www.udemy.com/course/framedesign/
"3D Modeling Fundamentals: Extrude, Revolve, and Loft",7108321,Shapr3D Official,"CAD Software, Other IT & Software, IT & Software",3D Printing,Beginner,1.5 hours,4.8,2,72,Free,N/A,0,0,5,https://www.udemy.com/course/3d-modeling-fundamentals/
Create a 3D Asset in Blender and Substance Painter,4320272,Aniket Rawat,"Blender, 3D Modeling, 3D Texturing, Substance Painter, 3D & Animation",3D Printing,All Levels,2 hours,4.5,175,6446,Free,5/2024,0,0,1,https://www.udemy.com/course/create-a-3d-asset-in-blender-and-substance-painter/
Create a Ketchup Sauce Bottle in Blender,6078707,Lee Salvemini,"3D Modeling, 3D & Animation, Design",3D Printing,All Levels,31 mins,4.0,10,893,Free,11/2024,0,0,11,https://www.udemy.com/course/create-a-ketchup-sauce-bottle-in-blender/
Free Blender Course: 3D Rendering with Cycles for Beginners,6862089,CGwisdom Online courses,"Blender, 3D Rendering, 3D Texturing, 3D Modeling, 3D & Animation",3D Printing,Beginner,2 hours,4.6,24,879,Free,10/2025,0,0,1,https://www.udemy.com/course/free-blender-course-3d-rendering-with-cycles-for-beginners/
Creation of the City,1196196,The Grand Bahama Port Authority,"Organizational Skills, Industry, Business",3D Printing,All Levels,2 hours,4.6,923,3259,Free,4/2020,0,0,10,https://www.udemy.com/course/creationofthecity/
Combat Knife 3D Game Asset in Blender and Substance Painter,2122746,"Chris Plush, CG Masters","3D Modeling, Game Texturing, 3D & Animation, Design",3D Printing,Beginner,2 hours,4.6,1077,26080,Free,1/2019,0,0,1,https://www.udemy.com/course/combat-knife-3d-game-model-asset-in-blender-and-substance-painter/
Explore Multiple UV Unwrapping Options for Games and Film,441770,3dmotive LLC,"UV Mapping, Game Texturing, Game Development Fundamentals, 3D Texturing, 3D & Animation",3D Printing,Intermediate,2 hours,4.3,86,6731,Free,5/2015,0,0,1,https://www.udemy.com/course/3dmotive-explore-multiple-uv-unwrapping-options-for-games-and-film/
Blender: Create a Jack-o'-Lantern Scene (Beginner Course),4951352,Ruan Lotter,"Blender, 3D Modeling, 3D & Animation, Design",3D Printing,All Levels,1 hour,4.5,81,1350,Free,9/2023,0,0,1,https://www.udemy.com/course/blenderjack/
Basics of 3D Graphics with Blender 2.7x,1226674,Brian Ericson,"Graphic Design, 3D Modeling, 3D Texturing, Blender, Game Development",3D Printing,Beginner,36 mins,4.3,124,10984,Free,1/2020,2,0,2,https://www.udemy.com/course/basics-of-3d-graphics-with-blender/
Create a 3D character in Blender from scratch,3319164,Raymond Gabriel,"Blender, 3D & Animation, Design",3D Printing,Beginner,1.5 hours,4.4,419,19891,Free,12/2025,1,0,3,https://www.udemy.com/course/create-a-3d-character-in-blender/
blender 3d modeling For Furniture object Practice,3805964,sunny kumar,"3D Modeling, Blender, 3D & Animation, Design",3D Printing,All Levels,2 hours,4.3,114,4475,Free,8/2021,0,0,15,https://www.udemy.com/course/blender-3d-modeling-for-furniture-object-practice/
Earn by creating 3D model house.,4395240,Rishi Bhakat,"Blender, 3D Modeling, 3D & Animation, Design",3D Printing,Beginner,1 hour,3.9,14,1433,Free,12/2021,1,0,0,https://www.udemy.com/course/creating-3d-house-in-blender/
Blender 3d basics: an intuitive approach,2007258,Shaishav Vashi,"Blender, 3D Texturing, 3D Modeling, 3D & Animation, Design",3D Printing,Beginner,2.5 hours,4.5,92,11450,Free,11/2018,0,0,0,https://www.udemy.com/course/blender-3d-basics-an-intuitive-approach/
Mouse ‘n Cheese - Learning to 3D Model in Blender,1667728,Cody Gaines,"Blender, 3D Modeling, 3D Texturing, 3D Rendering, 3D & Animation",3D Printing,Beginner,2 hours,4.5,80,3835,Free,10/2020,0,0,11,https://www.udemy.com/course/mouse-n-cheese/
Introduction Hard Surface with Blender,5679052,Alfonso Alcaide,"Blender, 3D & Animation, Design",3D Printing,Beginner,2 hours,4.1,13,506,Free,6/2025,0,0,0,https://www.udemy.com/course/introduction-hard-surface-with-blender/
Create an Immersive 3D PowerPoint with Figma & Blender,6194539,Andrew Woan,"PowerPoint, 3D & Animation, Design",3D Printing,All Levels,43 mins,4.7,18,1002,Free,5/2025,0,0,1,https://www.udemy.com/course/create-an-immersive-3d-powerpoint-with-figma-and-blender/
Making a Piano | Blender 3D Modeling,4022270,Abhijit Kapoor,"3D Modeling, 3D & Animation, Design",3D Printing,Beginner,2 hours,4.3,7,445,Free,2/2025,0,0,11,https://www.udemy.com/course/making-a-piano-blender-3d-modeling-level-1/
Making a Phone | Blender 3D Modeling,4559136,Abhijit Kapoor,"Blender, 3D & Animation, Design",3D Printing,Beginner,37 mins,4.1,23,1242,Free,2/2022,0,0,3,https://www.udemy.com/course/blenderphone/
Hand-Painted Tiled Textures in Blender 2.7x,1317064,Brian Ericson,"3D Texturing, Painting, Blender, 3D & Animation, Design",3D Printing,Intermediate,2 hours,4.3,105,7876,Free,1/2020,0,0,4,https://www.udemy.com/course/learn-to-create-hand-painted-re-usable-textures/
Complete Guide to Zbrush,4456938,Nexttut Education Pvt.Ltd.,"zBrush, 3D & Animation, Design",3D Printing,Beginner,12 hours,4.8,1115,6030,"Rp159,000",6/2023,0,0,0,https://www.udemy.com/course/complete-guide-to-zbrush-2022/
Nomad Sculpt: Solid Foundations,6789867,Simon Foster,"3D Sculpting, 3D & Animation, Design",3D Printing,Beginner,11.5 hours,4.8,149,884,"Rp149,000",10/2025,0,0,22,https://www.udemy.com/course/nomad-sculpt-solid-foundations/
Torso anatomy exercises course,7049283,NIkolay Naydenov,"Anatomy, 3D & Animation, Design",3D Printing,Beginner,6.5 hours,4.9,33,437,"Rp149,000",2/2026,0,0,1,https://www.udemy.com/course/torso-anatomy-exercises-course/
Introduction to Laser-Cutting,3048000,Ben Gatien,"Inkscape, Laser Cutting, Other Design, Design",3D Printing,Beginner,3 hours,4.8,414,1975,"Rp149,000",2/2021,0,0,0,https://www.udemy.com/course/introduction-to-laser-cutting/
Low-Poly Anime Character Creation in Blender,7005391,Ivan Julio,"Character Modeling, Blender, 3D & Animation, Design",3D Printing,Beginner,3 hours,4.5,11,239,"Rp149,000",3/2026,0,0,1,https://www.udemy.com/course/low-poly-anime-character-creation-in-blender/
Complete Guide to Realistic Character Creation in Blender,3610670,Victory3D LLC,"Character Design, Blender, 3D & Animation, Design",3D Printing,Intermediate,53.5 hours,4.4,1584,17200,"Rp159,000",1/2026,0,0,4,https://www.udemy.com/course/realistic-character-creation-in-blender/
Complete Guide to Maya 2024,5429130,Nexttut Education Pvt.Ltd.,"Autodesk Maya, 3D Modeling, 3D & Animation, Design",3D Printing,Beginner,17 hours,4.6,599,3271,"Rp149,000",7/2023,0,0,0,https://www.udemy.com/course/complete-guide-to-maya-2024/
Dynamic Male Anatomy for Artists in Zbrush,3867362,Nexttut Education Pvt.Ltd.,"zBrush, Anatomy, 3D & Animation, Design",3D Printing,Intermediate,27.5 hours,4.7,131,1053,"Rp149,000",3/2021,1,0,0,https://www.udemy.com/course/dynamic-male-anatomy-for-artists-in-zbrush/
Blender: Product rendering for beginners.,3581785,david Jaasma,"3D Rendering, 3D & Animation, Design",3D Printing,Beginner,2.5 hours,4.5,255,1405,"Rp149,000",12/2021,0,0,7,https://www.udemy.com/course/blender-product-rendering-for-beginners/
Advance Zbrush Character Creation,4981858,Nexttut Education Pvt.Ltd.,"zBrush, 3D & Animation, Design",3D Printing,Intermediate,23 hours,4.9,503,3864,"Rp149,000",11/2022,0,0,1,https://www.udemy.com/course/advance-zbrush-character-creation/
The Ultimate Environment Art Bundle - 4 Courses in 1,5081572,Aniket Rawat,"Unreal Engine, Substance Painter, Blender, Game Design, 3D & Animation",3D Printing,All Levels,38 hours,4.7,61,810,"Rp159,000",5/2024,0,0,1,https://www.udemy.com/course/the-ultimate-environment-art-bundle-4-courses-in-1/
Legs and feet anatomy exercises course,6418075,NIkolay Naydenov,"Anatomy, Graphic Design & Illustration, Design",3D Printing,Beginner,8.5 hours,4.9,85,988,"Rp149,000",1/2025,0,0,1,https://www.udemy.com/course/legs-and-feet-anatomy-exercises-course/
Arm and hand anatomy exercises course,5884710,NIkolay Naydenov,"Anatomy, Graphic Design & Illustration, Design",3D Printing,All Levels,8 hours,4.9,200,1587,"Rp159,000",3/2024,0,0,1,https://www.udemy.com/course/arm-and-hand-anatomy-exercises-course/
Anatomy and Character Creation in Blender,5137170,Victory3D LLC,"Character Design, 3D & Animation, Design",3D Printing,Intermediate,75 hours,4.8,181,2200,"Rp149,000",1/2026,0,0,7,https://www.udemy.com/course/anatomy-and-character-creation-in-blender/
Female Assassin Game Character Creation in Blender,6195189,Victory3D LLC,"Game Design, Design",3D Printing,Intermediate,72 hours,4.7,119,1945,"Rp159,000",1/2026,0,0,6,https://www.udemy.com/course/female-assassin-game-character-creation-in-blender/
BLENDER: Full interior scene creation,6188335,Mrawan Hussain,"Blender, Interior Design, 3D Modeling, Design",3D Printing,Intermediate,12 hours,4.6,82,731,"Rp159,000",2/2026,1,0,4,https://www.udemy.com/course/full-interior-scene-creation-with-blender/
Female Anatomy Sculpting in Zbrush,2502538,Nexttut Education Pvt.Ltd.,"zBrush, Anatomy, 3D & Animation, Design",3D Printing,Intermediate,38.5 hours,4.0,47,805,"Rp149,000",11/2019,1,0,0,https://www.udemy.com/course/female-anatomy-sculpting-in-zbrush/
Fusion 360 To URDF,4819162,Hrithik Verma,"Robotics, Other IT & Software, IT & Software",3D Printing,Beginner,2.5 hours,4.6,18,121,"Rp159,000",8/2022,2,0,11,https://www.udemy.com/course/fusion-360-to-urdf/
The Art of Blender,6243237,Kevin Oxland,"Blender, Game Design, Design",3D Printing,Beginner,13 hours,4.9,10,125,"Rp149,000",12/2025,0,0,8,https://www.udemy.com/course/the-art-of-blender/
Material Fundamentals: Procedural Textures in Blender 4,4139336,"Canopy Games, Erindale Woodford, Michael Bridges","Blender, 3D & Animation, Design",3D Printing,Beginner,7.5 hours,4.7,163,931,"Rp149,000",3/2025,0,0,38,https://www.udemy.com/course/procedural-materials-in-blender/
Realistic Character Making in Blender,4787744,Nexttut Education Pvt.Ltd.,"Blender, Character Modeling, 3D & Animation, Design",3D Printing,Intermediate,27 hours,3.6,6,285,"Rp149,000",7/2022,1,0,1,https://www.udemy.com/course/realistic-character-making-in-blender/
The Complete Intro to Mudbox for Games and Film,330158,3dmotive LLC,"Mudbox, 3D Modeling, 3D Sculpting, Digital Character Sculpting, 3D & Animation",3D Printing,Beginner,3.5 hours,4.4,61,458,"Rp149,000",9/2016,2,0,3,https://www.udemy.com/course/3dmotive-the-complete-intro-to-mudbox-for-games-and-film/
Become a Material Guru in Blender,1882998,Joakim Tornhill,"Blender, 3D & Animation, Design",3D Printing,All Levels,13 hours,4.7,1492,9083,"Rp159,000",6/2021,0,0,32,https://www.udemy.com/course/become-a-material-guru-in-blender-cycles/
Advanced Scene Creation for Games,5027204,Nexttut Education Pvt.Ltd.,"3D Environment Modeling, 3D & Animation, Design",3D Printing,Intermediate,34 hours,4.6,23,442,"Rp149,000",12/2022,0,0,0,https://www.udemy.com/course/advanced-scene-creation-for-games/
Stylized Cyberpunk girl in Zbrush course,3893786,NIkolay Naydenov,"Character Modeling, zBrush, 3D & Animation, Design",3D Printing,Intermediate,30.5 hours,4.8,537,3386,"Rp159,000",3/2021,0,0,2,https://www.udemy.com/course/stylized-cyberpunk-girl-in-zbrush-course/
Learn 3D Animation - The Ultimate Blender A-Z Guide,922654,Alex Cordebard,"3D Animation, 3D Modeling, Animation, Blender, 3D & Animation",3D Printing,All Levels,28.5 hours,4.7,2385,19835,"Rp149,000",3/2026,0,0,11,https://www.udemy.com/course/blendercourse/
Advance Creature Texturing for Production,6844273,Nexttut Education Pvt.Ltd.,"3D & Animation, Design",3D Printing,Intermediate,60 hours,4.6,10,252,"Rp159,000",9/2025,0,0,0,https://www.udemy.com/course/advance-creature-texturing-for-production/
Hard Surface Modelling in Maya,4488876,Nexttut Education Pvt.Ltd.,"Hard Surface Modeling, 3D & Animation, Design",3D Printing,Beginner,16.5 hours,4.7,466,2563,"Rp149,000",6/2023,0,0,0,https://www.udemy.com/course/hard-surface-modelling-in-maya-2022/
Learners Guide to 3D Character Creation Volume 1,3200566,Sean Fowler,"zBrush, 3D Sculpting, Character Modeling, Digital Character Sculpting, 3D & Animation",3D Printing,All Levels,47 hours,4.7,87,1011,"Rp149,000",7/2023,0,0,24,https://www.udemy.com/course/learners-guide-to-3d-character-creation-vol-1-zbrush-2021/
3D Modular Modelling Game Assets: Blender to Unreal Engine 5,3793432,Thomas McDonald,"Blender, Level Design, Unreal Engine, Game Design, Design",3D Printing,Intermediate,6.5 hours,4.7,145,1405,"Rp149,000",5/2025,1,0,24,https://www.udemy.com/course/modular-3d-building-mastery-in-blender-unreal-engine/
Sculpting Hand Anatomy in ZBrush,1394418,3dmotive LLC,"zBrush, Digital Character Sculpting, 3D & Animation, Design",3D Printing,Intermediate,3.5 hours,4.7,9,125,"Rp149,000",12/2017,2,0,6,https://www.udemy.com/course/3dmotive-sculpting-hand-anatomy-in-zbrush/
Stylised Character Sculpting in Zbrush,5194222,Nexttut Education Pvt.Ltd.,"zBrush, Character Modeling, 3D & Animation, Design",3D Printing,Intermediate,43 hours,4.0,108,1203,"Rp149,000",3/2023,0,0,0,https://www.udemy.com/course/stylised-character-sculpting-in-zbrush/
Zbrush Character Likeness Sculpting Tutorial,4130962,Nexttut Education Pvt.Ltd.,"zBrush, 3D & Animation, Design",3D Printing,Intermediate,32 hours,4.6,386,4077,"Rp159,000",5/2022,0,0,0,https://www.udemy.com/course/zbrush-2021-character-likeness-sculpting-tutorial/
3D Game Character Creature - Full Complete Pipeline,1835718,Victory3D LLC,"Creature Design, zBrush, Game Design, Design",3D Printing,Intermediate,14.5 hours,4.8,322,2739,"Rp149,000",3/2019,0,0,4,https://www.udemy.com/course/game-character-pipeline/
4 Fun Projects in Blender 5 for Absolute Beginners,6955033,Reka Vass,"Blender, Other IT & Software, IT & Software",3D Printing,Beginner,8.5 hours,5.0,2,10,"Rp149,000",3/2026,0,0,3,https://www.udemy.com/course/4-fun-projects-in-blender-5-for-absolute-beginners/
Facial Anatomy & Character Portrait for Blender Artists,4740834,Victory3D LLC,"Character Design, 3D & Animation, Design",3D Printing,Intermediate,40.5 hours,4.7,98,1435,"Rp149,000",1/2026,0,0,7,https://www.udemy.com/course/facial-anatomy-for-blender-artists/
Male Character Creation in Zbrush,2423992,Nexttut Education Pvt.Ltd.,"Digital Character Sculpting, 3D & Animation, Design",3D Printing,Intermediate,30 hours,4.8,647,4683,"Rp149,000",1/2021,2,0,0,https://www.udemy.com/course/male-character-creation-in-zbrush/
Zbrush Advance Creature Sculpting for Production,6585701,Nexttut Education Pvt.Ltd.,"Digital Character Sculpting, 3D & Animation, Design",3D Printing,Intermediate,41 hours,4.7,36,422,"Rp149,000",5/2025,0,0,1,https://www.udemy.com/course/zbrush-advance-creature-sculpting-for-production/
Jewellery Design in Rhino,1510110,Hamed Arab,"Jewelry Design, CAD Software, 3D Printing, Rhino 3D, 3D & Animation",3D Printing,Beginner,5 hours,4.1,441,2548,"Rp149,000",3/2022,1,0,22,https://www.udemy.com/course/modelling-jewellery-in-rhino/
The Ultimate Prop Art Bundle - 4 courses in 1,5077310,Aniket Rawat,"Blender, 3D Modeling, 3D Texturing, Substance Painter, 3D & Animation",3D Printing,All Levels,10 hours,4.4,91,788,"Rp159,000",5/2024,0,0,1,https://www.udemy.com/course/the-ultimate-prop-art-bundle-4-courses-in-1/
Landscape In Blender step-by-ste + Smart (And Low-Poly) Tree,6410189,Sime Bugarija,"Blender, 3D & Animation, Design",3D Printing,Beginner,4.5 hours,4.8,9,95,"Rp149,000",1/2025,0,0,3,https://www.udemy.com/course/landscape-in-blender-step-by-ste-smart-and-low-poly-tree/
Blender Character Creation Masterclass - Orc Warrior,4091506,Victory3D LLC,"Character Design, 3D & Animation, Design",3D Printing,Intermediate,74 hours,4.6,640,6253,"Rp149,000",1/2026,0,0,2,https://www.udemy.com/course/character-creation-in-blender/
Blender Complete Beginner Fast Track in 5.0,6963479,Eduard Lautenschläger,"Blender, No-Code Development, Development",3D Printing,Beginner,6.5 hours,4.6,7,41,"Rp149,000",1/2026,0,0,3,https://www.udemy.com/course/blender-complete-beginner-fast-track/
HashiCorp Nomad: The Ultimate Beginner's Guide,5021570,"Bryan Krausen • 200,000+ Enrollments Worldwide","Containerization (software), Operating Systems & Servers, IT & Software",3D Printing,Beginner,6.5 hours,4.8,429,2373,"Rp159,000",7/2025,2,0,13,https://www.udemy.com/course/hashicorp-nomad/
Blender Sculpting - Rune Sword,4947804,Stephen Ulibarri,"Blender, 3D & Animation, Design",3D Printing,All Levels,5 hours,4.9,169,1174,"Rp149,000",2/2026,1,0,2,https://www.udemy.com/course/blender-sculpting-rune-sword/
Game Environments Art Masterclass,4924322,Nexttut Education Pvt.Ltd.,"3D Environment Modeling, 3D Rendering, 3D & Animation, Design",3D Printing,Intermediate,30.5 hours,4.7,49,795,"Rp149,000",10/2022,1,0,0,https://www.udemy.com/course/game-environments-art-masterclass/
Creating A Cyberpunk Scene In Blender step-by-step,6569457,Sime Bugarija,"Blender, 3D & Animation, Design",3D Printing,Beginner,4 hours,5.0,2,69,"Rp149,000",2/2026,0,0,2,https://www.udemy.com/course/creating-a-cyberpunk-scene-in-blender-step-by-step/
Blender: 3D Modelling & Rigging for Beginners 2025,783800,Thomas McDonald,"Blender, 3D Animation, 3D Modeling, 3D & Animation, Design",3D Printing,Beginner,7 hours,4.5,88,1759,"Rp149,000",11/2025,1,0,4,https://www.udemy.com/course/learn-3d-modelling-rigging/
Advanced Texture Character Creation,5108284,Nexttut Education Pvt.Ltd.,"3D Texturing, 3D & Animation, Design",3D Printing,Intermediate,23 hours,4.8,180,1602,"Rp149,000",1/2023,0,0,0,https://www.udemy.com/course/advanced-texture-character-creation/
Mastering Geometry Nodes in Blender,6225147,Businge Ismail,"Blender, 3D & Animation, Design",3D Printing,All Levels,12 hours,4.2,178,1530,"Rp149,000",3/2025,0,0,71,https://www.udemy.com/course/mastering-geometry-nodes-in-blender/
Learn to Make Stylised Environments in Blender & UE5,5457822,Nexttut Education Pvt.Ltd.,"3D Environment Modeling, 3D & Animation, Design",3D Printing,Intermediate,27 hours,4.6,90,1301,"Rp159,000",7/2023,0,0,0,https://www.udemy.com/course/learn-to-make-stylised-environments-for-3d-films/
Prototyping & 3D printer,6218977,Ian Juby,"Robotics, Hardware, IT & Software",3D Printing,Beginner,1.5 hours,4.1,10,151,"Rp149,000",12/2024,0,0,4,https://www.udemy.com/course/prototyping-3d-printer/
Sci fi Character Sculpting in Zbrush,5307714,Nexttut Education Pvt.Ltd.,"Digital Character Sculpting, 3D & Animation, Design",3D Printing,Intermediate,21.5 hours,4.8,60,721,"Rp149,000",7/2023,0,0,0,https://www.udemy.com/course/sci-fi-character-creation-volume-1/
Learn 3D Animation - The Ultimate Blender A-Z Guide,1961224,Alex Cordebard,"Blender, Animation, 3D Animation, 3D & Animation, Design",3D Printing,Beginner,28.5 hours,4.6,1938,9925,"Rp149,000",3/2026,0,0,11,https://www.udemy.com/course/ultimateblendercourse/
Complete Modular Environments in Unreal Engine,4784282,Nexttut Education Pvt.Ltd.,"Unreal Engine, 3D Environment Modeling, Game Design, Design",3D Printing,Intermediate,38.5 hours,4.4,62,982,"Rp149,000",6/2023,1,0,0,https://www.udemy.com/course/complete-modular-environments-in-unreal-engine-5/
Beginner's Guide to Stylized Character Creation for Games,3556503,Nexttut Education Pvt.Ltd.,"Character Modeling, 3D & Animation, Design",3D Printing,Beginner,33 hours,4.7,227,1613,"Rp149,000",10/2020,1,0,0,https://www.udemy.com/course/beginners-guide-to-stylized-character-creation-for-games/
Character creation for Unreal Engine,6672309,Julien Deville,"3D Modeling, 3D Texturing, 3D Animation, 3D Sculpting, 3D & Animation",3D Printing,Beginner,7.5 hours,4.7,33,323,"Rp149,000",6/2025,0,0,13,https://www.udemy.com/course/character-creation-for-unreal-engine/
Anime in Blender - Create 2 Stylized Scenes,6498177,Aniket Rawat,"Blender, Anime, 3D Modeling, 3D Texturing, 3D & Animation",3D Printing,All Levels,6 hours,4.8,18,219,"Rp159,000",3/2025,0,0,1,https://www.udemy.com/course/anime-in-blender-create-2-stylized-scenes/
3D Low Poly Car Modeling In Blender,6869617,Eduard Lautenschläger,"Blender, 3D & Animation, Design",3D Printing,Beginner,2.5 hours,4.8,39,164,"Rp159,000",3/2026,0,0,37,https://www.udemy.com/course/3d-low-poly-car-modeling-in-blender/
Learn Object Animation in Blender - The Ultimate Guide,2365992,Alex Cordebard,"3D Animation, Animation, 3D & Animation, Design",3D Printing,All Levels,6.5 hours,4.8,124,1101,"Rp149,000",8/2025,0,0,0,https://www.udemy.com/course/object-animation/
Creating Autonomous Living Creatures in Blender!,5890816,3d illusions,"Blender, 3D & Animation, Design",3D Printing,All Levels,2.5 hours,4.8,31,205,"Rp149,000",4/2025,2,0,0,https://www.udemy.com/course/creating-autonomous-living-creatures-in-blender/
Your First Beauty Product Animation in Blender,6702339,david Jaasma,"Blender, 3D Rendering, 3D Animation, 3D Modeling, 3D & Animation",3D Printing,Intermediate,3 hours,4.6,9,48,"Rp149,000",7/2025,0,0,7,https://www.udemy.com/course/your-first-beauty-product-animation-in-blender/
Complete Guide to 3D Coat,4947066,Nexttut Education Pvt.Ltd.,"3D Coat, 3D & Animation, Design",3D Printing,Beginner,25.5 hours,3.7,90,644,"Rp149,000",10/2022,0,0,1,https://www.udemy.com/course/complete-guide-to-3d-coat/
Introduction to Rigging in Maya,4289376,Nexttut Education Pvt.Ltd.,"Autodesk Maya, 3D & Animation, Design",3D Printing,Beginner,10.5 hours,4.6,666,4207,"Rp149,000",6/2023,0,0,0,https://www.udemy.com/course/introduction-to-rigging-in-maya-2022/
Model and Texture a Stylized Dungeon for Games,881810,3dmotive LLC,"3D Texturing, Autodesk Maya, 3D Modeling, Game Texturing, Game Development",3D Printing,Intermediate,6.5 hours,4.7,483,2834,"Rp149,000",9/2016,2,0,4,https://www.udemy.com/course/3dmotive-model-and-texture-a-stylized-dungeon-for-games/
Character Crafting with Blender for Absolute Newbies,5171830,NIkolay Naydenov,"Blender, 3D & Animation, Design",3D Printing,Beginner,10 hours,4.8,258,1299,"Rp149,000",2/2023,0,0,1,https://www.udemy.com/course/character-crafting-with-blender-for-absolute-newbies/
Zbrush Course for Absolute Beginners,3754876,Nexttut Education Pvt.Ltd.,"zBrush, 3D & Animation, Design",3D Printing,Beginner,20 hours,4.6,790,4201,"Rp149,000",5/2022,0,0,0,https://www.udemy.com/course/zbrush-2021-for-absolute-beginners/
Low Poly Car Interior Modeling In Blender,6939755,Eduard Lautenschläger,"3D Modeling, Interior Design, Blender, Game Development, Development",3D Printing,Beginner,1 hour,5.0,1,29,"Rp149,000",11/2025,0,0,17,https://www.udemy.com/course/basic-low-poly-interior-modeling-in-blender/
Blender 3D : The Ultimate Guide to 3D Modelling,2177400,Team Augmeticc,"3D Modeling, Blender, Game Development, Development",3D Printing,Beginner,3 hours,4.3,17,1350,"Rp149,000",11/2025,0,0,3,https://www.udemy.com/course/theultimateblendercourse/
Creating a fir and pine forest in Blender,5385910,"Rob Tuytel, CG Obaid (Obaidur Rahman)","3D Environment Modeling, 3D & Animation, Design",3D Printing,Intermediate,19 hours,4.8,134,1250,"Rp149,000",6/2023,0,0,6,https://www.udemy.com/course/creating-a-fir-and-pine-forest-in-blender/
Blender Character Creation for Absolute Beginners,4886260,Nexttut Education Pvt.Ltd.,"Blender, 3D & Animation, Design",3D Printing,Beginner,22 hours,4.7,58,663,"Rp149,000",10/2022,1,0,3,https://www.udemy.com/course/blender-character-creation-for-absolute-beginners/
Master Character Modelling in Zbrush,3226635,Nexttut Education Pvt.Ltd.,"Character Modeling, 3D & Animation, Design",3D Printing,Intermediate,79 hours,4.5,192,2048,"Rp149,000",6/2023,1,0,0,https://www.udemy.com/course/master-character-modeling-with-victor-yamakado/
Blender 3D - From Zero to Your First Character!,5582562,Gustavo Rosa,"Blender, 3D Modeling, Character Design, Character Modeling, 3D & Animation",3D Printing,Beginner,10 hours,4.8,139,696,"Rp159,000",3/2025,0,0,4,https://www.udemy.com/course/blender-characters/
Female anatomy for artists,3335594,NIkolay Naydenov,"Anatomy, 3D & Animation, Design",3D Printing,Beginner,13 hours,4.7,1068,6674,"Rp159,000",7/2020,0,0,1,https://www.udemy.com/course/female-anatomy-for-artists/
Mechanical Creature Modelling in Maya,5120646,Nexttut Education Pvt.Ltd.,"3D Modeling, 3D & Animation, Design",3D Printing,Intermediate,20 hours,4.8,40,251,"Rp149,000",11/2025,0,0,0,https://www.udemy.com/course/mechanical-creature-making-for-production/
"Blender Complete Bootcamp Model, Animate & Render Like a Pro",3313682,Sebastián Vargas Molano,"Blender, 3D & Animation, Design",3D Printing,All Levels,19 hours,4.7,2083,11111,"Rp149,000",3/2026,0,0,11,https://www.udemy.com/course/the-complete-blender-course/
Ultimate character creation in Blender: From beginner to pro,4192388,Monica 3D,"Character Modeling, Character Rigging, 3D Modeling, Blender, 3D & Animation",3D Printing,All Levels,31 hours,4.6,514,3415,"Rp149,000",9/2021,0,0,24,https://www.udemy.com/course/ultimate-character-creation-in-blender/
Maya 3D Masterclass - Modeling a 3D Sci-Fi Vehicle in Maya,3722808,Digital Saucer Studios,"3D Lighting, 3D Modeling, 3D Rendering, Autodesk, 3D & Animation",3D Printing,All Levels,23 hours,4.7,67,13103,"Rp149,000",12/2020,0,0,17,https://www.udemy.com/course/maya-3d-masterclass-modeling-a-3d-sci-fi-vehicle-in-maya/
Making a Cartoon Character in Zbrush course,4456564,NIkolay Naydenov,"zBrush, 3D & Animation, Design",3D Printing,Intermediate,18.5 hours,4.9,141,1076,"Rp149,000",12/2021,0,0,1,https://www.udemy.com/course/making-a-cartoon-character-in-zbrush-course/
In-House Aligners - the Complete Workflow,6757581,"Mohammedreza Sefidroodi, Stratos Vassis, Beatrice Nöldeke","Orthodontics, Dentistry, 3D Printing, Other Teaching & Academics, Teaching & Academics",3D Printing,All Levels,4 hours,4.6,9,18,"Rp249,000",3/2026,0,0,0,https://www.udemy.com/course/orthodontic-aligners-part-1-basics-and-examples/
Beginner's Guide to Creature Creation for Games,3320706,Nexttut Education Pvt.Ltd.,"Game Development Fundamentals, 3D & Animation, Design",3D Printing,Beginner,32 hours,4.7,103,928,"Rp159,000",8/2020,0,0,0,https://www.udemy.com/course/beginners-guide-to-creature-creation-for-games/
"Blender 3D: Model, Rig, Texture for Unreal & Unity",2425878,Thomas McDonald,"Blender, Game Design, Design",3D Printing,Beginner,8.5 hours,4.6,210,2140,"Rp149,000",5/2025,1,0,28,https://www.udemy.com/course/game-asset-bootcamp-blender-28-unreal-engine-unity/
3D character sculpting in Blender - Viking edition,5325508,NIkolay Naydenov,"Digital Character Sculpting, Character Modeling, 3D & Animation, Design",3D Printing,Intermediate,17 hours,4.8,172,1275,"Rp149,000",5/2023,0,0,1,https://www.udemy.com/course/3d-character-sculpting-in-blender-viking-edition/
Realistic Animal Creation in Blender,4846018,Nexttut Education Pvt.Ltd.,"Blender, 3D & Animation, Design",3D Printing,Beginner,23 hours,4.2,16,303,"Rp149,000",8/2022,1,0,1,https://www.udemy.com/course/realistic-animal-creation-in-blender/
Learn to Sculpt Creatures in Zbrush for Beginners,5471356,Nexttut Education Pvt.Ltd.,"zBrush, 3D & Animation, Design",3D Printing,Intermediate,24.5 hours,4.2,28,609,"Rp149,000",8/2023,0,0,0,https://www.udemy.com/course/learn-to-sculpt-creatures-in-zbrush-for-beginners/
Procedural Materials In Blender Course,5906750,Eldamar Studio,"Blender, 3D & Animation, Design",3D Printing,All Levels,5 hours,4.5,8,84,"Rp149,000",4/2024,0,0,0,https://www.udemy.com/course/procedural-materials-in-blender-course/
Orc Rider and Bull Creature Creation in Zbrush,2508898,Nexttut Education Pvt.Ltd.,"zBrush, Character Design, 3D & Animation, Design",3D Printing,Intermediate,35.5 hours,4.9,528,3770,"Rp159,000",1/2021,1,0,0,https://www.udemy.com/course/orc-rider-and-bull-creature-creation-in-zbrush/
Female Game Character Creation in Blender Tutorial,4440750,Victory3D LLC,"Blender, Character Design, 3D & Animation, Design",3D Printing,Intermediate,40 hours,4.7,213,2463,"Rp149,000",1/2026,0,0,3,https://www.udemy.com/course/female-game-character-creation-in-blender-complete-worklow/
Demon Huntress in Blender course,4714018,NIkolay Naydenov,"Blender, Anatomy, 3D & Animation, Design",3D Printing,Intermediate,23 hours,4.8,569,4491,"Rp159,000",6/2022,0,0,1,https://www.udemy.com/course/demon-huntress-in-blender-course/
Substance Painter - Rune Sword,4992376,Stephen Ulibarri,"Substance Painter, Game Development, Development",3D Printing,Beginner,3 hours,5.0,108,909,"Rp149,000",2/2026,1,0,2,https://www.udemy.com/course/substance-painter-rune-sword/
Absolute Beginners Retopology and UV unwrapping in 3dsMax,3600888,NIkolay Naydenov,"UV Mapping, Autodesk 3ds Max, 3D & Animation, Design",3D Printing,Beginner,9 hours,4.9,61,586,"Rp149,000",10/2020,0,0,1,https://www.udemy.com/course/absolute-beginners-retopology-and-uv-unwrapping-in-3dsmax/
Maya Environment Creation for Film,2820153,Nexttut Education Pvt.Ltd.,"Environment Lighting, 3D Environment Modeling, 3D & Animation, Design",3D Printing,Intermediate,23.5 hours,4.7,191,2014,"Rp149,000",9/2021,0,0,0,https://www.udemy.com/course/environment-creation-for-film/
Introduction to Animation in Maya,4227144,Nexttut Education Pvt.Ltd.,"3D Animation, 3D & Animation, Design",3D Printing,Beginner,10 hours,4.7,293,2302,"Rp149,000",6/2023,0,0,0,https://www.udemy.com/course/introduction-to-animation-in-maya-2022/
3D Character Modelling Rigging & Animation Blender to Unreal,2587792,Thomas McDonald,"Character Rigging, 3D & Animation, Design",3D Printing,Intermediate,8.5 hours,4.3,212,2424,"Rp149,000",5/2025,1,0,27,https://www.udemy.com/course/character-modelling-rigging-in-blender-28-unreal-engine/
Realistic 3D Prop for Films in Blender,5415204,Victory3D LLC,"Digital Art, Game Design, Design",3D Printing,Intermediate,17.5 hours,4.1,19,371,"Rp149,000",11/2024,0,0,3,https://www.udemy.com/course/realistic-prop-for-films-in-blender/
Complete Guide to Marmoset Toolbag 4,4353432,Nexttut Education Pvt.Ltd.,"Marmoset Toolbag, 3D & Animation, Design",3D Printing,Beginner,6 hours,4.7,210,1195,"Rp149,000",10/2021,1,0,0,https://www.udemy.com/course/complete-guide-to-marmoset-toolbag-4/
Learn Game Props Modelling in Blender,5264810,Nexttut Education Pvt.Ltd.,"3D Modeling, 3D & Animation, Design",3D Printing,Intermediate,22 hours,4.6,22,335,"Rp149,000",7/2023,0,0,1,https://www.udemy.com/course/aaa-game-props-making-for-beginners-radio-headphone/
Blender 3D Animation: Beginner to Pro,764088,Thomas McDonald,"3D Animation, Animation, Blender, 3D & Animation, Design",3D Printing,Beginner,4 hours,4.5,67,1717,"Rp149,000",5/2025,1,0,4,https://www.udemy.com/course/3d-animation-with-blender/
Texture Lab the complete course material creation,6399403,Nicolas Forgue,"3D Rendering, 3D Texturing, 3D Modeling, 3D & Animation, Design",3D Printing,All Levels,8 hours,5.0,1,2,"Rp149,000",1/2025,0,0,0,https://www.udemy.com/course/texture-lab-the-complete-course-material-creation/
Girl and the Dog Creation in Zbrush for Intermediate Level,3155780,Nexttut Education Pvt.Ltd.,"Character Modeling, 3D & Animation, Design",3D Printing,Intermediate,49 hours,4.9,170,1463,"Rp149,000",6/2020,0,0,0,https://www.udemy.com/course/girl-and-the-dog-creation-in-zbrush-for-intermediate-level/
Blender Anatomy Course : Learn Male Human Anatomy,4895686,Nexttut Education Pvt.Ltd.,"Blender, 3D & Animation, Design",3D Printing,Intermediate,34.5 hours,4.4,16,330,"Rp149,000",9/2022,1,0,1,https://www.udemy.com/course/anatomy-masterclass-in-blender-learn-male-human-anatomy/
Introduction to Blender,4488888,Nexttut Education Pvt.Ltd.,"Blender, 3D & Animation, Design",3D Printing,Beginner,19 hours,3.9,21,350,"Rp149,000",6/2023,0,0,0,https://www.udemy.com/course/introduction-to-blender-30/
Zbrush Hard Surface Sculpting for Beginners,4418300,Nexttut Education Pvt.Ltd.,"zBrush, 3D & Animation, Design",3D Printing,Beginner,9.5 hours,4.6,244,2203,"Rp149,000",6/2023,1,0,0,https://www.udemy.com/course/zbrush-2022-hard-surface-sculpting-for-beginners/
Diorama Workshop - Beginner Level,6913699,Melih Şentürk,"Art Therapy, Other Design, Design",3D Printing,Beginner,6 hours,5.0,1,6,"Rp279,000",11/2025,0,0,1,https://www.udemy.com/course/diorama-workshop-beginner-level/
Blender Sci fi Game Asset Creation with Emiel Sleegers,3547766,Nexttut Education Pvt.Ltd.,"Game Asset Creation, Blender, 3D & Animation, Design",3D Printing,Beginner,13.5 hours,4.2,87,737,"Rp149,000",10/2020,1,0,0,https://www.udemy.com/course/blender-sci-fi-game-asset-creation-with-emiel-sleegers/
Creating a Nintendo GameBoy in Blender and Substance Painter,5507786,Aniket Rawat,"Blender, Substance Painter, 3D Texturing, 3D Modeling, 3D & Animation",3D Printing,All Levels,5.5 hours,4.5,26,132,"Rp149,000",5/2024,0,0,1,https://www.udemy.com/course/creating-a-nintendo-gameboy-in-blender-and-substance-painter/
Become a Pro at 3D Character Modeling & Animation in Blender,6468885,Abdelilah Hamdani,"Blender, 3D & Animation, Design",3D Printing,Beginner,12 hours,4.5,124,1592,"Rp159,000",12/2025,0,0,40,https://www.udemy.com/course/blender-3d-character/
Parametric building forms with Blender,5886018,Dimitar Pouchnikov,"3D Modeling, 3D & Animation, Design",3D Printing,Intermediate,3 hours,5.0,2,27,"Rp499,000",3/2024,0,0,0,https://www.udemy.com/course/parametric-staggered-building-forms-blender/
Blender from Zero to 3D Artist: A Beginner-Friendly Course,7110517,Artstudio 313,"3D Modeling, 3D Animation, Blender, 3D & Animation, Design",3D Printing,Beginner,2 hours,4.8,N/A,8,"Rp149,000",4/2026,0,0,0,https://www.udemy.com/course/blender-from-zero-to-3d-artist-a-beginner-friendly-course/
Blender Architectural Visualization - Complete House Project,6827451,CGwisdom Online courses,"3D Rendering, 3D Texturing, 3D Modeling, Blender, 3D & Animation",3D Printing,Beginner,16 hours,5.0,1,24,"Rp149,000",10/2025,0,0,2,https://www.udemy.com/course/blender-architectural-visualization-complete-house-project/
Maya Lighting Masterclass: Become Pro at Rendering,4792696,Nexttut Education Pvt.Ltd.,"Autodesk Maya, 3D Lighting, Autodesk Arnold, 3D & Animation, Design",3D Printing,Intermediate,9 hours,4.7,217,1649,"Rp149,000",8/2022,1,0,0,https://www.udemy.com/course/cinematic-lighting-in-maya/
Old House Creation for Game in Blender & Substance Designer,3697684,Nexttut Education Pvt.Ltd.,"zBrush, Game Design, Design",3D Printing,Intermediate,30.5 hours,4.7,34,454,"Rp149,000",12/2020,0,0,0,https://www.udemy.com/course/old-house-creation-for-game-in-blender-substance-designer/
Create & Design a Modern Interior in Blender 3D,1693914,Stephen Pearson,"Blender, Software Architecture, Interior Design, 3D & Animation, Design",3D Printing,All Levels,4 hours,4.6,946,6271,"Rp149,000",9/2025,1,0,1,https://www.udemy.com/course/modern-interior-blender/
"Blender, Twinmotion: 3D Modelling, VR & Arch Viz",2480230,Thomas McDonald,"Architectural Design, Blender, Twinmotion, Design",3D Printing,Beginner,5.5 hours,4.4,59,534,"Rp149,000",9/2025,1,0,24,https://www.udemy.com/course/blender-twinmotion-real-time-architectural-visualization/
Zbrush Core Mini Tutorial: Learn Sculpting From Scratch,4094782,Nexttut Education Pvt.Ltd.,"zBrush, 3D & Animation, Design",3D Printing,Beginner,4.5 hours,4.6,60,284,"Rp149,000",6/2021,0,0,0,https://www.udemy.com/course/zbrush-core-mini-tutorial-learn-sculpting-from-scratch/
Getting Started With Animation In Blender (ENTRY LEVEL),6839237,Alex Tumyang,"3D & Animation, Design",3D Printing,Beginner,3.5 hours,4.7,2,19,"Rp149,000",10/2025,0,0,1,https://www.udemy.com/course/getting-started-with-animation-in-blender/
3D Medical Animation in Autodesk Maya,1550686,Lucas Ridley,"3D Animation, Animation, Autodesk, 3D & Animation, Design",3D Printing,All Levels,9.5 hours,4.5,127,996,"Rp149,000",8/2021,0,0,6,https://www.udemy.com/course/3d-medical-animation-in-autodesk-maya/
Learn Blender 3D: Get started with 3D Illustration,4901470,Hunter Wearne,"Blender, 3D & Animation, Design",3D Printing,All Levels,4 hours,4.7,4,32,"Rp149,000",10/2022,2,0,2,https://www.udemy.com/course/learn-blender-3d-get-started-with-3d-illustration/
Blender 5.x for Beginners: The Complete Modeling Guide,7017379,Ümit Kaya,"Blender, 3D & Animation, Design",3D Printing,Beginner,3 hours,5.0,1,1,"Rp479,000",3/2026,0,0,2,https://www.udemy.com/course/blender-5x-for-beginners-the-complete-modeling-guide/
Submarine Interior Game Environment Creation in Blender,2762568,Victory3D LLC,"Game Design, Design",3D Printing,Intermediate,23.5 hours,4.4,125,1077,"Rp149,000",1/2020,0,0,5,https://www.udemy.com/course/submarine-interior-creation/
Female Anatomy Sculpting in Blender Course,4967926,Nexttut Education Pvt.Ltd.,"Digital Character Sculpting, Blender, 3D & Animation, Design",3D Printing,Intermediate,21.5 hours,3.6,14,303,"Rp149,000",11/2022,0,0,1,https://www.udemy.com/course/female-anatomy-sculpting-in-blender-course/
Blender 3D Modeling & Animation : 20+ 3D Projects in Blender,1150682,"Raja Biswas, Charger Games","Blender, Debugging, Game Development Fundamentals, 3D Modeling, 3D & Animation",3D Printing,Beginner,17.5 hours,4.4,169,1388,"Rp149,000",3/2026,2,0,1,https://www.udemy.com/course/blender-3d-modelling-for-unity-game-development/
Hard Surface Creature Creation in Zbrush | Intermediate User,3104048,Nexttut Education Pvt.Ltd.,"zBrush, 3D & Animation, Design",3D Printing,Intermediate,10 hours,4.2,38,553,"Rp149,000",5/2020,0,0,0,https://www.udemy.com/course/hard-surface-creature-creation-in-zbrush-intermediate-user/
Creating a Hall Clock in Blender and Substance Painter,5726124,Aniket Rawat,"Blender, Substance Painter, 3D Texturing, 3D Modeling, 3D & Animation",3D Printing,All Levels,4 hours,4.1,5,44,"Rp149,000",12/2023,0,0,1,https://www.udemy.com/course/creating-a-hall-clock-in-blender-and-substance-painter/
Creating Stunning Environments in UE5 A Game Artist Bootcamp,5236238,3D Tudor,"Unreal Engine, 3D Texturing, 3D Rendering, 3D & Animation, Design",3D Printing,All Levels,10 hours,4.6,44,718,"Rp149,000",4/2025,0,0,4,https://www.udemy.com/course/creating-stunning-environments-in-ue5-a-game-artist-bootcamp/
Advanced AutoCAD 2025: Interactive Learning,6483727,CADCIM Technologies,"AutoCAD, 3D Modeling, Other IT & Software, IT & Software",3D Printing,Intermediate,4.5 hours,4.5,41,7709,"Rp149,000",3/2025,16,0,15,https://www.udemy.com/course/advanced-autocad-2025-interactive-learning/
Substance Painter & Maya Course: Low Poly Character Making,4075436,Nexttut Education Pvt.Ltd.,"Character Modeling, Substance Painter, 3D & Animation, Design",3D Printing,Beginner,13 hours,4.8,49,524,"Rp149,000",5/2021,0,0,0,https://www.udemy.com/course/substance-painter-maya-course-low-poly-character-making/
Rhino 3D : Jewelry Design In Action,1526958,Hamed Arab,"Jewelry Design, 3D & Animation, Design",3D Printing,Intermediate,3 hours,3.8,53,403,"Rp149,000",1/2020,0,0,4,https://www.udemy.com/course/rhino-3d-jewelry-design-in-action-series-one/
Complete Guide to Zbrush 2023 for Beginners,5568696,Nexttut Education Pvt.Ltd.,"zBrush, Digital Character Sculpting, 3D & Animation, Design",3D Printing,Beginner,50.5 hours,4.0,40,438,"Rp149,000",9/2023,1,0,0,https://www.udemy.com/course/complete-guide-to-zbrush-2023-for-beginners/
Blender 2.8 Character Creation,2021980,Darrin Lile,"Blender, 3D & Animation, Design",3D Printing,Beginner,16.5 hours,4.7,1182,5787,"Rp149,000",3/2019,0,0,97,https://www.udemy.com/course/blender-2_8-character-creation/
Absolute Beginners Substance Painter course,3640998,NIkolay Naydenov,"3D Texturing, Game Texturing, 3D & Animation, Design",3D Printing,Beginner,7 hours,4.6,103,1188,"Rp149,000",12/2020,0,0,1,https://www.udemy.com/course/absolute-beginners-substance-painter-course/
How To Make A To Z Diorama And Material Information,5026160,Mustafa Erbir,"Creativity, Personal Development",3D Printing,All Levels,10.5 hours,4.0,8,111,"Rp149,000",3/2024,0,0,9,https://www.udemy.com/course/how-to-make-a-to-z-diorama/
Hair Creation for Game Characters: Maya Xgen,4592520,Nexttut Education Pvt.Ltd.,"Autodesk Maya, Digital Character Sculpting, 3D & Animation, Design",3D Printing,Intermediate,11.5 hours,4.8,91,947,"Rp149,000",8/2022,0,0,0,https://www.udemy.com/course/hair-creation-for-game-characters/
Super Hero Anatomy Course for Artists -The Hulk,3557681,Nexttut Education Pvt.Ltd.,"Digital Character Sculpting, zBrush, 3D & Animation, Design",3D Printing,Intermediate,26.5 hours,4.7,36,420,"Rp149,000",11/2020,0,0,0,https://www.udemy.com/course/male-super-hero-anatomy-course-for-artists-the-hulk/
Blender Geometry Nodes Masterclass For Beginners,5887414,PANKAJ KUMAR,"3D & Animation, Design",3D Printing,All Levels,6 hours,4.7,35,224,"Rp149,000",12/2024,0,0,8,https://www.udemy.com/course/geometry-nodes-make-procedural-buildings-in-blender/
Male Character Creation - Complete Game Pipeline,3166872,Victory3D LLC,"Game Design, Design",3D Printing,Intermediate,31.5 hours,4.4,136,965,"Rp149,000",5/2020,0,0,5,https://www.udemy.com/course/male-character-creation/
3D Texture Painting: Create Stunning Art from Scratch,6332213,Inna Bertero,"Acrylic Painting, Mixed Media Art, Art Therapy, Resin Art, Other Design",3D Printing,All Levels,1 hour,4.6,14,98,"Rp149,000",1/2026,1,0,7,https://www.udemy.com/course/3d-textured-painting-tutorial/
Hard Surface Character Sculpting in ZBrush,2697238,Nexttut Education Pvt.Ltd.,"zBrush, 3D & Animation, Design",3D Printing,Intermediate,7.5 hours,4.5,180,1601,"Rp149,000",12/2019,1,0,0,https://www.udemy.com/course/hard-surface-character-sculpting-in-zbrush/
Blender 2.79 Dinosaur creation from scratch,1609664,Julien Deville,"Blender, Dinosaur, 3D & Animation, Design",3D Printing,Intermediate,13.5 hours,4.6,458,3708,"Rp149,000",3/2018,0,0,46,https://www.udemy.com/course/blender-279-dinosaur-creation-from-scratch/
Making a Fantasy Axe in Blender,4636590,Nexttut Education Pvt.Ltd.,"Blender, 3D & Animation, Design",3D Printing,Intermediate,8 hours,4.1,17,150,"Rp149,000",4/2022,0,0,1,https://www.udemy.com/course/making-a-fantasy-axe-in-blender/
Realistic Animal Creation for Film in Maya & Zbrush,4784126,Nexttut Education Pvt.Ltd.,"zBrush, 3D & Animation, Design",3D Printing,Beginner,20 hours,3.7,13,299,"Rp149,000",9/2022,1,0,5,https://www.udemy.com/course/animal-creation-for-film-tiger/
"Modeling and Texturing Decoration in Blender, step-by-step",6511205,Sime Bugarija,"3D Modeling, Blender, 3D & Animation, Design",3D Printing,Beginner,3.5 hours,4.8,7,73,"Rp149,000",3/2025,0,0,2,https://www.udemy.com/course/modeling-and-texturing-decoration-in-blender-asset-pack/
Create a high quality model on your first day in Blender.,3592854,Auripher Dreams,"3D Modeling, Blender, Creativity, Hard Surface Modeling, 3D & Animation",3D Printing,Beginner,3 hours,5.0,3,23,"Rp149,000",10/2020,0,0,0,https://www.udemy.com/course/blender-beginner-course/
Female Character Portrait Creation - Complete Film Pipeline,3006734,Victory3D LLC,"Character Design, 3D & Animation, Design",3D Printing,Intermediate,54 hours,4.7,99,1103,"Rp149,000",6/2020,0,0,6,https://www.udemy.com/course/female-character-film-pipeline/
Texturing a Complete Scene in Substance 3D Painter,4644740,Nexttut Education Pvt.Ltd.,"Substance Painter, 3D & Animation, Design",3D Printing,Intermediate,14 hours,4.4,32,473,"Rp149,000",12/2025,1,0,0,https://www.udemy.com/course/texturing-a-complete-scene-in-substance-3d-painter/
Blender 3D for AR VR: Modeling and Animation Masterclass,6994401,IEM Learning,"Blender, SketchUp, Figma, Canva, 3D & Animation",3D Printing,Beginner,5 hours,4.7,432,860,"Rp149,000",2/2026,0,0,0,https://www.udemy.com/course/ar-vr-for-professionals-series-1/
Blender 2.81 - Substance painter - Sci fi asset creation,2668106,Julien Deville,"3D Modeling, 3D & Animation, Design",3D Printing,Beginner,10 hours,4.6,541,3664,"Rp149,000",11/2019,0,0,31,https://www.udemy.com/course/blender-281-substance-painter-sci-fi-asset-creation/
Become a pro at 3D product modeling with blender.,5192968,david Jaasma,"Blender, 3D & Animation, Design",3D Printing,Beginner,2.5 hours,4.4,48,249,"Rp149,000",3/2023,1,0,4,https://www.udemy.com/course/become-a-pro-at-3d-product-modeling-with-blender/
Stylized Knight for Cinematics in Blender,5813122,Victory3D LLC,"Game Design, 3D & Animation, Design",3D Printing,Intermediate,48 hours,4.4,8,264,"Rp149,000",2/2024,0,0,9,https://www.udemy.com/course/stylized-knight-for-cinematics/
Substance 3D Designer for Beginners,4582462,Nexttut Education Pvt.Ltd.,"Substance 3D Designer, 3D & Animation, Design",3D Printing,Beginner,15 hours,4.1,139,1826,"Rp149,000",4/2022,0,0,0,https://www.udemy.com/course/substance-3d-designer-for-beginners/
Creating a Realistic Cabin House for Game in Blender,3218561,Nexttut Education Pvt.Ltd.,"Blender, Game Design, Design",3D Printing,Intermediate,20.5 hours,3.8,60,552,"Rp149,000",2/2021,0,0,0,https://www.udemy.com/course/creating-a-realistic-cabin-house-for-game-in-blender/
Blender city and landscape modeling - AulaGEO,4027494,AulaGEO Academy,"Blender, 3D Game Development, 3D Modeling, Virtual Reality, 3D & Animation",3D Printing,All Levels,2.5 hours,3.8,8,117,"Rp149,000",12/2024,0,0,9,https://www.udemy.com/course/blender-city-and-landscape-modeling/
Poolrooms in Blender - step by step - (beginner friendly),4986716,Sime Bugarija,"Blender, 3D & Animation, Design",3D Printing,Beginner,5 hours,4.7,32,223,"Rp149,000",12/2022,0,0,10,https://www.udemy.com/course/poorooms-backrooms-in-blender-step-by-step-beginner-friendly-tutorial/
Blender Foundations - Fundamental Blender Knowledge,6505475,Michael Bridges,"Blender, 3D & Animation, Design",3D Printing,Beginner,10 hours,5.0,2,31,"Rp159,000",4/2025,0,0,35,https://www.udemy.com/course/blender-foundations/
Hard Surface Vehicles - The Complete 3D Production Pipeline,3393502,David Bittorf,"Hard Surface Modeling, Autodesk Maya, Substance Painter, 3D Modeling, Game Design",3D Printing,All Levels,23.5 hours,4.5,109,849,"Rp149,000",10/2020,0,0,9,https://www.udemy.com/course/hard-surface-vehicles-the-complete-3d-production-pipeline/
Complete Guide to Maya,4743994,Nexttut Education Pvt.Ltd.,"Autodesk Maya, 3D & Animation, Design",3D Printing,Beginner,18 hours,4.6,234,1356,"Rp149,000",6/2023,1,0,0,https://www.udemy.com/course/complete-guide-to-maya-2023/
Substance Painter Texturing for Beginners,4544536,Nexttut Education Pvt.Ltd.,"Substance Painter, 3D & Animation, Design",3D Printing,Beginner,17.5 hours,4.0,147,1462,"Rp149,000",9/2022,0,0,1,https://www.udemy.com/course/substance-painter-texturing-for-beginners/
Complete Guide to Texturing in Mari,4750872,Nexttut Education Pvt.Ltd.,"3D Texturing, 3D & Animation, Design",3D Printing,Beginner,11.5 hours,4.4,18,196,"Rp149,000",7/2022,1,0,0,https://www.udemy.com/course/complete-guide-to-mari/
Blender for Complete Beginners Course,4600130,Victory3D LLC,"Blender, 3D & Animation, Design",3D Printing,Beginner,12.5 hours,4.1,18,244,"Rp149,000",4/2022,0,0,2,https://www.udemy.com/course/blender-for-complete-beginners/
Designing a Room with Cyberpunk Themes,5914270,"Mammoth Interactive, John Bura","Blender, 3D & Animation, Design",3D Printing,Beginner,1.5 hours,5.0,1,6,"Rp149,000",4/2024,1,0,1,https://www.udemy.com/course/designing-a-room-with-cyberpunk-themes/
Learn to Model a Cartoon Car in Maya,1074612,Alan Balodi,"Autodesk Maya, Game Art, 3D & Animation, Design",3D Printing,All Levels,5.5 hours,4.6,29,249,"Rp149,000",2/2017,1,0,5,https://www.udemy.com/course/learn-to-model-a-cartoon-car-in-maya/
Substance Painter to UE5,7035347,"3D College, Konstantine Logan Arnaoutoglou","Substance Painter, Unreal Engine, 3D & Animation, Design",3D Printing,Beginner,4 hours,5.0,3,17,"Rp149,000",2/2026,0,0,0,https://www.udemy.com/course/substance-painter-to-ue5/
Blender Basics: A Quick Intro to 3D Modeling and Rendering,5249204,"La Boite Pingouin, Frank O. Meloche","Blender, 3D & Animation, Design",3D Printing,All Levels,2 hours,4.5,4,23,"Rp149,000",4/2023,1,0,7,https://www.udemy.com/course/blender-basics-a-quick-intro-to-3d-modeling-and-rendering/
Character Sculpting for Games with ZBrush,5863058,Nexttut Education Pvt.Ltd.,"Digital Character Sculpting, 3D & Animation, Design",3D Printing,Intermediate,13 hours,4.8,4,62,"Rp149,000",3/2024,0,0,3,https://www.udemy.com/course/realistic-character-for-games-with-zbrush/
Master Procedural Texturing in Blender,4404105,"CG Masters, Chris Plush, Erindale Woodford","Blender, 3D Animation, 3D Texturing, 3D & Animation, Design",3D Printing,Intermediate,8 hours,4.8,73,333,"Rp499,000",6/2022,0,0,47,https://www.udemy.com/course/master-procedural-texturing-in-blender/
Create a High Quality Asset in Blender and Substance Painter,4313464,Aniket Rawat,"Blender, 3D Modeling, 3D Texturing, Substance Painter, 3D & Animation",3D Printing,All Levels,3 hours,4.6,18,146,"Rp149,000",6/2025,0,0,1,https://www.udemy.com/course/create-high-quality-asset-in-blender-and-substance-painter/
Character Creation for Game: Complete Pipeline,2427192,Nexttut Education Pvt.Ltd.,"Game Texturing, 3D & Animation, Design",3D Printing,Intermediate,15.5 hours,4.0,47,642,"Rp149,000",6/2023,2,0,0,https://www.udemy.com/course/character-texturing-for-game/
Blender 3D: Create a Realistic Sci-Fi Movie Scene,6434363,Daren Perincic,"Blender, 3D Rendering, 3D Animation, 3D Modeling, 3D & Animation",3D Printing,Beginner,5.5 hours,4.6,30,217,"Rp149,000",2/2025,0,0,0,https://www.udemy.com/course/blender-3d-create-a-realistic-sci-fi-movie-scene/
"Zbrush, Blender, Substance Painter 3D game character course",4011234,NIkolay Naydenov,"Character Modeling, Blender, zBrush, Substance Painter, 3D & Animation",3D Printing,Beginner,20 hours,4.7,394,2338,"Rp149,000",5/2021,0,0,2,https://www.udemy.com/course/zbrush-blender-substance-painter-full-3d-character-course/
Victorian Era 3D Game Environment,2295363,Victory3D LLC,"Game Design, Design",3D Printing,Intermediate,43.5 hours,4.4,97,829,"Rp149,000",7/2019,0,0,9,https://www.udemy.com/course/victorian-game-environment/
Build 20+ House Models: The Complete Low Poly 3D Tutorial,1959168,"Mammoth Interactive, John Bura","Blender, 3D Modeling, 3D Game Development, Unity, 3D & Animation",3D Printing,All Levels,77 hours,4.6,5,110,"Rp149,000",10/2018,80,0,72,https://www.udemy.com/course/build-20-house-models-the-complete-low-poly-3d-tutorial/
Substance 3D Painter Advance Course,4823452,Nexttut Education Pvt.Ltd.,"Substance Painter, Game Design, Design",3D Printing,Intermediate,20.5 hours,3.8,21,471,"Rp149,000",8/2022,1,0,1,https://www.udemy.com/course/substance-painter-advance-course/
Ultimate Blender Bootcamp,6752907,"立派 汪, FRM,CIA,CCSA","Blender, 3D Modeling, 3D & Animation, Design",3D Printing,All Levels,8 hours,4.5,N/A,N/A,"Rp149,000",1/2026,0,0,0,https://www.udemy.com/course/ultimate-blender-bootcamp/
The Shining - Learn Blender for Production,997680,Vertex Twin,"Blender, 3D Modeling, 3D Lighting, 3D & Animation, Design",3D Printing,Beginner,9 hours,4.7,79,466,"Rp249,000",11/2016,0,0,1,https://www.udemy.com/course/the-shining-learn-blender-for-production/
Creating a Cartoon Monster in Maya 2020,3567857,Digital Saucer Studios,"3D Lighting, 3D Modeling, 3D Rendering, 3D Texturing, 3D & Animation",3D Printing,All Levels,13 hours,4.9,14,6298,"Rp149,000",11/2020,0,0,3,https://www.udemy.com/course/creating-a-cartoon-monster-in-maya-2020/
Character Creation for Games Vol. 2: Production Workflow,2150424,Victory3D LLC,"Game Design, Design",3D Printing,Beginner,18 hours,4.8,45,507,"Rp149,000",2/2020,0,0,9,https://www.udemy.com/course/character-creation-for-games-vol2/
Character Modeling: Master the Anatomy of 3D Characters,2344370,Abdelilah Hamdani,"Character Design, Character Modeling, 3D & Animation, Design",3D Printing,Beginner,1.5 hours,4.3,284,18311,"Rp149,000",7/2022,0,0,2,https://www.udemy.com/course/character-modeling/
Create Cinematics Scene in Blender for Beginners,6889903,My 3D Class,"Blender, 3D Environment Modeling, 3D Animation, 3D Modeling, 3D & Animation",3D Printing,Beginner,3.5 hours,4.5,N/A,6,"Rp149,000",2/2026,0,0,13,https://www.udemy.com/course/create-cinematics-scene-in-blender-for-beginners/
Futuristic Sci-Fi Game Environment in Blender,2936638,Victory3D LLC,"Game Design, Blender, Design",3D Printing,Intermediate,19 hours,4.5,59,710,"Rp149,000",4/2020,0,0,4,https://www.udemy.com/course/futuristic-game-environment/
Jewelry Design Video Course: 23 Step-by-Step Lessons,1583584,Aleksander Chuly,"Jewelry Design, Jewelry Making, Fashion Design, Design",3D Printing,All Levels,4.5 hours,4.2,98,582,"Rp399,000",11/2022,0,0,2,https://www.udemy.com/course/jewelry-design-mentor/
"Weapon Modelling and Texturing in Blender, Zbrush & Painter",6331999,Nexttut Education Pvt.Ltd.,"3D Modeling, 3D & Animation, Design",3D Printing,Intermediate,10.5 hours,4.0,1,25,"Rp149,000",12/2024,0,0,1,https://www.udemy.com/course/weapon-modelling-and-texturing-in-blender-zbrush-painter/
Blender - Geometry Nodes Encyclopedia,6529233,"Kubilay Altındiş, Sefa Konuk","Blender, Animation, 3D Modeling, Algorithms, 3D & Animation",3D Printing,All Levels,15 hours,4.5,45,417,"Rp149,000",8/2025,0,0,1,https://www.udemy.com/course/blender-geometry-nodes-encyclopedia/
Modeling and Rendering a Robot in Maya 2020,3511010,Digital Saucer Studios,"3D Modeling, 3D Lighting, 3D Rendering, 3D & Animation, Design",3D Printing,All Levels,6.5 hours,4.3,16,6981,"Rp149,000",10/2020,0,0,2,https://www.udemy.com/course/modeling-and-rendering-a-robot-in-maya-2020/
CrazyTalk 8.1 3D Avatar Talking Head/Lip Sync Video Creation,1824802,"Brian Jackson, Writing a Book with ChatGPT AI, Creative Writing , Nonfiction, Amazon KDP Self-publishing. Moho 2D Animation, AI","3D Animation, 3D & Animation, Design",3D Printing,Beginner,2 hours,4.2,21,3653,"Rp249,000",N/A,4,0,0,https://www.udemy.com/course/crazytalk-81-easy-3d-avatar-creation-and-lip-synching/
Learn Geometry Nodes Animation in Blender,5768386,Eldamar Studio,"Blender, 3D & Animation, Design",3D Printing,All Levels,6.5 hours,4.6,36,311,"Rp149,000",2/2024,0,0,0,https://www.udemy.com/course/learn-geometry-nodes-animation-in-blender/
Cyber Reptile Game Character Creation Volume 2,2247850,Victory3D LLC,"Game Design, Design",3D Printing,Intermediate,14.5 hours,4.8,19,274,"Rp149,000",1/2020,0,0,3,https://www.udemy.com/course/cyber-reptile-volume2/
3D Game Environment Cathedral Creation,2516262,Victory3D LLC,"Game Design, Design",3D Printing,Intermediate,52 hours,4.6,84,877,"Rp149,000",8/2019,0,0,6,https://www.udemy.com/course/cathedral-creation/
Character Creation for Games Vol. 1: Sculpting in Zbrush,1675118,Victory3D LLC,"zBrush, Game Design, Design",3D Printing,All Levels,11.5 hours,4.6,224,1450,"Rp149,000",9/2019,0,0,11,https://www.udemy.com/course/realistic-character/
Realistic Fantasy Game Environment in Maya & Unreal Engine,3895628,Victory3D LLC,"Game Design, Design",3D Printing,Intermediate,30 hours,4.6,137,1681,"Rp149,000",3/2021,0,0,4,https://www.udemy.com/course/fantasy-game-environment-in-maya/
A Beginner's Guide to Low Poly Models in Blender!,1317444,"Mammoth Interactive, John Bura","3D Modeling, Blender, 3D & Animation, Design",3D Printing,Beginner,3 hours,4.4,13,84,"Rp169,000",3/2018,3,0,1,https://www.udemy.com/course/blenderbuildings/
Guide to quickly creating Blender art: High poly jet plane!,1607816,"Mammoth Interactive, John Bura","Adobe Photoshop, Blender, 3D & Animation, Design",3D Printing,Beginner,4 hours,4.2,11,77,"Rp149,000",4/2018,7,0,1,https://www.udemy.com/course/blendertutorials/
Creating a Modern House In Blender Course,5784084,Eldamar Studio,"Blender, 3D & Animation, Design",3D Printing,All Levels,13.5 hours,4.0,2,60,"Rp149,000",3/2024,0,0,3,https://www.udemy.com/course/creating-a-modern-house-in-blender-course/
Game Designer Briefcase: Virtual Reality & Character Sculpt,1587576,"Mammoth Interactive, John Bura","Unity, Blender, Character Modeling, Digital Character Sculpting, Game Development",3D Printing,Beginner,78 hours,3.8,10,234,"Rp149,000",4/2018,13,0,2,https://www.udemy.com/course/mammothinteractive-vr-charactersculpting/
ZBrush: Beginner to Advanced Course on Three Miniatures,6216777,Leartes Studios,"3D Modeling, Game Design, Design",3D Printing,All Levels,23.5 hours,2.8,4,26,"Rp149,000",6/2025,0,0,0,https://www.udemy.com/course/leartes-zbrush-miniatures/
Building Modular Levels for Games with Unity and Blender,208394,3dmotive LLC,"Unity, Level Design, Game Development Fundamentals, Blender, Game Design",3D Printing,Beginner,3.5 hours,4.3,267,4120,"Rp149,000",9/2016,2,0,3,https://www.udemy.com/course/3dmotive-building-modular-levels-for-games-with-unity-and-blender/
