course_title,course_id,lecturer_name,related_topics,subject,level,durations,ratings,num_ratings,student,price,last_update,articles,exercise,downloadable_resources,url
MBA in a Box: Business Lessons from a CEO,1269254,365 Careers,"Business Fundamentals, MBA, Marketing Management, Business Strategy, Entrepreneurship",Business Fundamentals,All Levels,11.5 hours,4.6,23198,126812,"Rp159,000",1/2026,1,0,40,https://www.udemy.com/course/mba-in-a-box-business-lessons-from-a-ceo/
Business Fundamentals: Corporate Strategy,1300254,365 Careers,"Business Strategy, Business",Business Fundamentals,All Levels,3 hours,4.5,32796,85486,"Rp249,000",1/2026,1,0,5,https://www.udemy.com/course/business-fundamentals-corporate-strategy/
Business Fundamentals: Marketing Strategy,1333914,365 Careers,"Marketing Strategy, Marketing Management, Marketing Fundamentals, Marketing",Business Fundamentals,All Levels,2 hours,4.5,14044,44074,"Rp329,000",1/2026,1,0,5,https://www.udemy.com/course/business-fundamentals-marketing-strategy/
An Entire MBA in 1 Course:Award Winning Business School Prof,637930,Chris Haroun | 1.5 Million Students | #1 Best Selling Business & Finance Prof.,"Business Fundamentals, MBA, Entrepreneurship, Business",Business Fundamentals,All Levels,8 hours,4.6,63263,509091,"Rp159,000",5/2025,36,0,31,https://www.udemy.com/course/an-entire-mba-in-1-courseaward-winning-business-school-prof/
Business Fundamentals : Build Your Business Foundation,6558415,Levent Ertunalılar,"Business Fundamentals, Business Strategy, Business Development, Entrepreneurship Fundamentals, Entrepreneurship",Business Fundamentals,All Levels,2 hours,4.6,588,3440,"Rp149,000",2/2026,2,0,0,https://www.udemy.com/course/business-fundamentals-build-your-business-foundation/
Business Analysis Fundamentals - IIBA endorsed,751792,The BA Guide | Jeremy Aschenbrenner,"Business Analysis, Business Fundamentals, Business Analytics, Business Analytics & Intelligence, Business",Business Fundamentals,Beginner,8 hours,4.5,70896,256567,"Rp169,000",9/2025,10,0,15,https://www.udemy.com/course/business-analysis-ba/
Fundamentals of Business Analysis,214008,Don Hussey,"Business Analysis, Business Analytics & Intelligence, Business",Business Fundamentals,All Levels,6 hours,4.6,30633,100957,"Rp149,000",3/2018,6,0,2,https://www.udemy.com/course/businessanalysis/
MBA -The Business fundamentals + 30 hrs of business concepts,1551386,Learning Curve,"Business Fundamentals, MBA, Management, Business",Business Fundamentals,All Levels,31.5 hours,4.4,883,6441,"Rp159,000",2/2024,0,0,1,https://www.udemy.com/course/the-business-fundamentals/
Business Fundamentals,6361993,J. Xie,"Business Plan, Entrepreneurship, Business",Business Fundamentals,Beginner,1 hour,4.7,16,109,"Rp149,000",1/2025,1,0,0,https://www.udemy.com/course/your-business-plan-step-by-step-k/
The Complete Business Plan Course (Includes 50 Templates),1787702,Chris Haroun | 1.5 Million Students | #1 Best Selling Business & Finance Prof.,"Business Plan, Entrepreneurship, Business",Business Fundamentals,All Levels,9 hours,4.6,24387,215813,"Rp329,000",5/2025,5,0,76,https://www.udemy.com/course/the-complete-business-plan-course/
The Complete Online MBA (2025),6217585,Nexus Business Academy,"Business Fundamentals, Business Strategy, Business Development, Management, Business",Business Fundamentals,All Levels,37.5 hours,4.5,877,4809,"Rp159,000",12/2024,0,0,20,https://www.udemy.com/course/the-complete-online-mba-2025/
Business Fundamentals & Questions to Answer Before Launching,4180124,"TJ Walker, Media Training Worldwide Digital","Business Fundamentals, Entrepreneurship Fundamentals, Business Communication, Business Strategy, Business",Business Fundamentals,Beginner,1 hour,4.6,146,28205,"Rp149,000",1/2026,4,0,0,https://www.udemy.com/course/business-fundamentals-questions-to-answer-before-launching/
Business Fundamentals: Go-To-Market Strategy | GTM Strategy,6803243,Boris Jovanovic,"Business Fundamentals, Business Strategy, Marketing Strategy, Entrepreneurship Fundamentals, Business",Business Fundamentals,All Levels,5.5 hours,4.5,N/A,101,"Rp149,000",4/2026,0,0,0,https://www.udemy.com/course/business-fundamentals-go-to-market-strategy-gtm-strategy/
Business Analysis Fundamentals + CERT,7106569,Kennedy schools,"Business Analysis, Other Business, Business",Business Fundamentals,All Levels,2.5 hours,4.5,N/A,1,"Rp149,000",4/2026,0,0,0,https://www.udemy.com/course/business-analysis-fundamentals-cert/
Entrepreneurship Certification Business fundamentals Mastery,7115199,icourse Academy,"Entrepreneurship Fundamentals, Entrepreneurship, Business",Business Fundamentals,All Levels,4 hours,4.7,N/A,200,"Rp149,000",3/2026,0,0,0,https://www.udemy.com/course/entrepreneurship-masterclass-build-and-grow-your-business/
ESG Fundamentals for Business Professionals,7112799,Kavitha Kavitha,"Environmental, Social and Governance (ESG), Sustainable Development, Business Strategy, Corporate Governance, Management",Business Fundamentals,Beginner,12.5 hours,5.0,40,62,"Rp149,000",3/2026,0,0,11,https://www.udemy.com/course/esg-fundamentals-business-professionals/
The Weekend MBA: Ivy League Business Fundamentals in 9 hours,7102957,The Compact MBA,"Business Strategy, Strategic Planning, Business",Business Fundamentals,Beginner,9 hours,4.6,N/A,1,"Rp149,000",4/2026,0,0,0,https://www.udemy.com/course/compact-mba-mini-strategy-fundamentals-mastery-in-2-hours/
AI Agents Fundamentals for Business Strategy & Use Cases,7087773,"Data Universe, DCDG Partners","Artificial Intelligence (AI), Business Analytics & Intelligence, Business",Business Fundamentals,All Levels,2 hours,4.7,39,156,"Rp149,000",3/2026,1,0,1,https://www.udemy.com/course/ai-agents-fundamentals-for-business-strategy-use-cases/
Agentic AI Fundamentals for Business Solutions Architects,7103411,Mana Dowlatshahi Yeganeh,"AB-100: Microsoft Agentic AI Business Solutions Architect, Artificial Intelligence (AI), Cloud Computing, AI Agents & Agentic AI, IT Certifications",Business Fundamentals,All Levels,N/A,N/A,N/A,5,"Rp149,000",3/2026,0,0,0,https://www.udemy.com/course/agentic-ai-fundamentals-for-business-solutions-architects-j/
Sustainable Business in the 21st Century,7085115,Green Courses,"Business Strategy, Sustainable Development, Business",Business Fundamentals,All Levels,4 hours,4.9,3,121,"Rp149,000",3/2026,0,0,0,https://www.udemy.com/course/sustainable-business/
Business Fundamentals: Management and HR Management,1917428,365 Careers,"Management Skills, Management, Business",Business Fundamentals,Beginner,1.5 hours,4.6,514,3847,"Rp149,000",10/2018,0,0,3,https://www.udemy.com/course/business-fundamentals-management-and-hr-management/
Entrepreneurship: How To Start A Business From An Idea,176758,Alex Genadinik,"Business Idea Generation, Business Fundamentals, Business Strategy, Startup, Entrepreneurship",Business Fundamentals,Intermediate,14 hours,4.4,4191,47415,"Rp149,000",12/2025,1,0,85,https://www.udemy.com/course/how-to-start-a-business-go-from-business-idea-to-a-business/
Intro to Entrepreneurship: Get started as an Entrepreneur,662354,Evan Kimbrell,"Entrepreneurship Fundamentals, Business Fundamentals, Idea Validation, Business Idea Generation, Entrepreneurship",Business Fundamentals,Beginner,7 hours,4.7,26207,147923,"Rp149,000",12/2025,4,0,4,https://www.udemy.com/course/intro-to-entrepreneurship-get-started-as-an-entrepreneur/
The Complete Business Analysis Fundamentals Course + CERT,1638006,"YESI EDUCATION, Mauricio Rubio - Agile Guru & Founder of YESI EDUCATION, AgileKB & Grabdl","Business Analysis, Project Management, Business",Business Fundamentals,Beginner,15 hours,4.5,9096,45764,"Rp289,000",10/2025,19,0,94,https://www.udemy.com/course/business-analysis-certification/
(Oxford) Diploma : Business Fundamentals,1341594,"Chris Sivewright, Oxford School of Learning","Business Fundamentals, Business Strategy, Management, Business",Business Fundamentals,All Levels,7.5 hours,4.5,206,29708,"Rp149,000",4/2026,24,0,50,https://www.udemy.com/course/egg-timer-igcse-business-studies/
Business Boot Camp: A Crash Course in Fundamentals,1804408,Nour Boustani,"Startup, Business Fundamentals, Entrepreneurship, Business",Business Fundamentals,Beginner,2 hours,4.8,224,36847,"Rp149,000",10/2025,11,0,16,https://www.udemy.com/course/practical-guide-to-business-planning-for-small-businesses/
Business Coaching Certification FECBC Business Fundamentals,1137700,"Fearless Entrepreneur Academy, Louise Anne Maurice Leadership Mentor","Business Fundamentals, Coaching, Industry, Business",Business Fundamentals,All Levels,23 hours,4.3,1221,5215,"Rp159,000",4/2026,1,0,319,https://www.udemy.com/course/business-coaching-certification/
(Oxford) MBA: The 26+ Hour MBA (Master Course),842964,"Chris Sivewright, Oxford School of Learning","Business Fundamentals, MBA, Management, Business",Business Fundamentals,All Levels,29.5 hours,4.6,464,22270,"Rp159,000",4/2026,181,0,100,https://www.udemy.com/course/egg-timer-business-studies/
Business Bundle: 6 Instant Guides to the top business skills,2860280,Chris Croft,"Business Fundamentals, Leadership, Project Management, Management Skills, Entrepreneurship",Business Fundamentals,All Levels,2.5 hours,4.7,748,3245,"Rp149,000",5/2025,0,0,21,https://www.udemy.com/course/speed-learn/
Entrepreneurship Fundamentals: Business fundamentals Startup,4073238,RJ Austria,"Entrepreneurship Fundamentals, Entrepreneurship, Business",Business Fundamentals,Beginner,1 hour,4.4,30,8791,"Rp149,000",8/2022,0,0,13,https://www.udemy.com/course/how-to-earn-through-online-business-10k-200k-monthly-tagalog/
Intro to Business • The Basics,5243680,"Ron Trucks, MBA, Explainer-In-Chief","Business Fundamentals, Operations, Business",Business Fundamentals,All Levels,3 hours,4.6,66,1464,"Rp149,000",3/2026,0,0,6,https://www.udemy.com/course/intro-to-business-1-the-basics/
Introduction to Business: Foundations and Practices,6140875,Mohamed AL ashram,"Other Business, Business",Business Fundamentals,All Levels,1.5 hours,4.3,7,2045,"Rp149,000",11/2025,0,0,10,https://www.udemy.com/course/introduction-to-business-foundations-and-practices/
The Complete Introduction to Business,6582333,"Codestars • over 2.5 million students worldwide!, Ron Trucks, MBA, Explainer-In-Chief","Business Fundamentals, Management, Business",Business Fundamentals,All Levels,5 hours,4.6,10,85,"Rp149,000",5/2025,3,0,1,https://www.udemy.com/course/complete-intro-to-business/
7 courses in 1 - Diploma in Business Management,2703302,Syed Bilal Hassan Shah,"Business Analysis, Business Communication, Business Strategy, Management, Business",Business Fundamentals,All Levels,10 hours,3.9,467,1842,"Rp149,000",11/2020,0,0,23,https://www.udemy.com/course/diploma-in-business-management/
Business Strategy and Management Fundamentals,2391740,Avik Munshi,"Business Strategy, Business Branding, Organizational Design, Business Model, Management",Business Fundamentals,Beginner,6 hours,4.3,126,4830,"Rp149,000",3/2026,0,0,10,https://www.udemy.com/course/business-essentials/
Business Model Canvas Masterclass: How Business Models Work,1760680,Dan Casas-Murray,"Business Model, Entrepreneurship Fundamentals, Business Model Canvas, Entrepreneurship, Business",Business Fundamentals,All Levels,2 hours,4.3,2156,7147,"Rp159,000",12/2018,0,0,1,https://www.udemy.com/course/business-model-canvas-masterclass-how-business-models-work/
How To Turnaround A Failing Business - Business Turnaround,4453584,Haroon Rashid,"Business Strategy, Business",Business Fundamentals,All Levels,1 hour,4.5,35,143,"Rp149,000",1/2022,0,0,2,https://www.udemy.com/course/how-to-turnaround-a-failing-business/
Mini MBA: Business Strategy 2 Business Plan,2866982,"Joe Parys, John Colley, Joe Parys Support","Business Strategy, Business Fundamentals, Business Plan, Marketing Strategy, Business",Business Fundamentals,All Levels,14.5 hours,4.7,303,2279,"Rp149,000",6/2024,1,0,174,https://www.udemy.com/course/business-fundamentals-business-strategy-to-business-plan/
Business Plan And Business Model For A 7-FIGURE Business,179174,Alex Genadinik,"Business Plan, Business Writing, Business Fundamentals, Business Strategy, Business",Business Fundamentals,All Levels,9 hours,4.5,2989,32564,"Rp149,000",10/2025,2,0,74,https://www.udemy.com/course/how-to-write-a-business-plan/
Business Fundamentals: Enterprise,4633450,"Chris Sivewright, Oxford School of Learning","Entrepreneurship Fundamentals, Economics, Business Collaboration, Entrepreneurship, Business",Business Fundamentals,All Levels,6 hours,4.6,32,10743,Free,10/2025,0,0,7,https://www.udemy.com/course/entrepreneurial-business-and-economics/
Business Fundamentals: How to Start a Business,4975070,Baba Oyewole,"Startup, Entrepreneurship, Business",Business Fundamentals,All Levels,1.5 hours,4.2,199,21715,"Rp149,000",5/2023,0,0,0,https://www.udemy.com/course/business-fundamentals-how-to-start-a-business/
Financial Modeling for Startups & Small Businesses,1154754,"Evan Kimbrell, Symon He","Financial Modeling, Business Strategy, Entrepreneurship Fundamentals, Business Fundamentals, Financial Modeling & Analysis",Business Fundamentals,Beginner,11.5 hours,4.6,3722,67685,"Rp149,000",12/2025,13,0,92,https://www.udemy.com/course/financial-modeling-for-startups-small-businesses/
Business Analysis: Developing Irresistible Business Cases,1435776,Don Hussey,"Business Case, Business Analysis, Project Management, Business",Business Fundamentals,Intermediate,2 hours,4.4,4529,15722,"Rp149,000",12/2017,1,0,0,https://www.udemy.com/course/business-cases/
Business Model Innovation: Differentiate & Grow Your Company,1030316,"Paul Nekh. | Business | Innovation | Video, Olena T. (FR)","Innovation, Startup, Business Model, Business Strategy, Business",Business Fundamentals,All Levels,5.5 hours,4.7,34434,135750,"Rp159,000",2/2026,9,0,9,https://www.udemy.com/course/disruptive-innovation-business-model-startup/
Strategic Business Development & Financial Mastery,6013078,"YouAccel Training, Silver Light Psychotherapy","Business Strategy, Finance Fundamentals, Entrepreneurship Fundamentals, Business",Business Fundamentals,All Levels,22.5 hours,4.1,79,7902,"Rp149,000",1/2025,1,0,75,https://www.udemy.com/course/strategic-business-development-financial-mastery/
Master Course in Business Fundamentals and Development,5049470,Dr. José Prabhu J,"Business Fundamentals, Business Development, Business Collaboration, Management, Business",Business Fundamentals,All Levels,1 hour,4.3,236,21250,"Rp149,000",7/2025,0,0,0,https://www.udemy.com/course/business-fundamentals-business-development-business-management/
"Business Administration: Management, Marketing & Finance",6841113,Konstantinos Karanikolas,"Business Fundamentals, Business Strategy, Business Development, Management, Business",Business Fundamentals,Beginner,2 hours,5.0,2,4,"Rp149,000",10/2025,0,0,7,https://www.udemy.com/course/business-administration-management-marketing-finance/
MBA 2026: Complete Business Mastery & Leadership Program,3449088,Navdeep Yadav,"MBA, Business Strategy, Marketing Strategy, Marketing Management, Marketing Fundamentals",Business Fundamentals,All Levels,20.5 hours,4.8,3150,157775,"Rp159,000",3/2026,0,0,3,https://www.udemy.com/course/mba-course-marketing-strategy/
The Intrapreneur's Guidebook: Business Strategy for Careers,6717925,"David Morris, Andrew OHagan","Business Strategy, Career Development, Business Fundamentals, Leadership, Business",Business Fundamentals,All Levels,14.5 hours,5.0,24,1979,"Rp149,000",3/2026,0,0,15,https://www.udemy.com/course/the-intrapreneurs-guidebook/
Startup Fundamentals! Become a Successful Business Owner!,1859168,Landon Rowinski,"Business Fundamentals, Entrepreneurship Fundamentals, Entrepreneurship, Business",Business Fundamentals,All Levels,1 hour,4.2,94,638,"Rp149,000",11/2018,0,0,0,https://www.udemy.com/course/learn-business-terminology/
Business Management - Basic to Advanced,1161294,Syed Bilal Hassan Shah,"Business Fundamentals, Other Business, Business",Business Fundamentals,Beginner,6 hours,3.9,156,8249,Free,1/2023,0,0,40,https://www.udemy.com/course/business-for-as-level-9609/
"Business Partnerships: Strategy, Negotiation & Management",7002969,PracticalGrowth Inc.,"Business Development, Management, Business",Business Fundamentals,All Levels,1.5 hours,4.5,N/A,N/A,"Rp149,000",4/2026,0,0,10,https://www.udemy.com/course/business-partnerships-strategy-negotiation-management/
PMI-PBA Business Analysis: From Fundamentals to Requirements,6984863,Muhammad Hakeem,"PMI Professional in Business Analysis (PMI-PBA), Other Business, Business",Business Fundamentals,All Levels,1.5 hours,4.9,55,164,"Rp149,000",12/2025,0,0,0,https://www.udemy.com/course/pmi-pba-business-analysis-from-fundamentals-to-requirements/
The Fundamentals of Entrepreneurship,6226203,Hains Academy,"Business Fundamentals, Entrepreneurship Fundamentals, Business Development, Entrepreneurship, Business",Business Fundamentals,All Levels,1 hour,5.0,5,1129,"Rp149,000",10/2024,0,0,0,https://www.udemy.com/course/entrepreneurial-series-part-1-the-fundamentals/
Business Strategy Masterclass - Master Business Strategy,6063675,Salil Dhawan,"Business Strategy, Business Fundamentals, Business Analysis, Business",Business Fundamentals,All Levels,6 hours,4.4,627,3112,"Rp149,000",1/2026,2,0,3,https://www.udemy.com/course/business-strategy-masterclass/
Mastering Business Fundamentals Essential Skills for Success,6132457,Fahad Virk,"Business Fundamentals, Entrepreneurship, Business",Business Fundamentals,All Levels,1 hour,4.6,4,169,"Rp149,000",8/2024,0,0,0,https://www.udemy.com/course/mastering-business-fundamentals-essential-skills-for-success-z/
101 Crucial Lessons They Don't Teach You In Business School,637932,Chris Haroun | 1.5 Million Students | #1 Best Selling Business & Finance Prof.,"Business Fundamentals, Business Strategy, Entrepreneurship Fundamentals, Personal Success, Entrepreneurship",Business Fundamentals,All Levels,1.5 hours,4.6,4122,76349,"Rp149,000",5/2025,4,0,0,https://www.udemy.com/course/101-crucial-lessons-they-dont-teach-you-in-business-mba-school/
(Oxford) Diploma in Basic Business Fundamentals,4536670,"Chris Sivewright, Oxford School of Learning","Business Fundamentals, Operations Management, Entrepreneurship, Business",Business Fundamentals,Beginner,8.5 hours,4.3,71,15338,"Rp149,000",4/2026,23,0,7,https://www.udemy.com/course/basic-business-fundamentals-operations-management/
Business Analysis Fundamentals for Management Consultants,1322900,Asen Gyczew,"Business Analysis, Management Skills, Business Analytics, Financial Modeling & Analysis, Finance & Accounting",Business Fundamentals,Intermediate,7.5 hours,4.4,786,7540,"Rp149,000",4/2026,9,0,67,https://www.udemy.com/course/business-analysis-fundamentals-for-management-consultants/
Entrepreneurship: Vital MBA-level tips for business leaders,4921574,Chris Croft,"MBA, Management Skills, Business Strategy, Business Fundamentals, Management",Business Fundamentals,All Levels,4 hours,4.5,401,3882,"Rp149,000",5/2025,0,0,15,https://www.udemy.com/course/three-hour-practical-mba/
The 7 Fundamentals of a Successful Business,6022522,Tania Bartolini,"Business Fundamentals, Entrepreneurship, Business",Business Fundamentals,Beginner,3 hours,5.0,2,1006,"Rp149,000",7/2024,4,0,2,https://www.udemy.com/course/the-7-fundamentals-of-a-successful-business/
Business Fundamentals : Management by...cartoons,5114858,"Chris Sivewright, Oxford School of Learning","Manager Training, Management, Business",Business Fundamentals,All Levels,1 hour,4.7,13,6045,"Rp149,000",6/2025,0,0,5,https://www.udemy.com/course/management-bycartoons/
One-Year Executive MBA: Strategy and Execution,6874379,School of AI,"MBA, Management, Business",Business Fundamentals,All Levels,31.5 hours,4.6,111,8649,Free,2/2026,52,0,0,https://www.udemy.com/course/one-year-executive-mba-strategy-and-execution/
How to Start a Business - Business Entity Selection,1571834,Todd McLeod,"Business Fundamentals, Business Strategy, Entrepreneurship, Business",Business Fundamentals,Beginner,3.5 hours,4.7,473,10626,"Rp149,000",3/2025,1,0,9,https://www.udemy.com/course/small-business-ideas/
Master Entrepreneurship With 8 Essential Courses,5597680,"Expert Academy, Lahcen Bouya","Entrepreneurship Fundamentals, Entrepreneurship, Business",Business Fundamentals,All Levels,9 hours,4.5,161,6672,"Rp149,000",4/2026,10,0,50,https://www.udemy.com/course/entrepreneurship-startup-bundle/
The Mind Of An Entrepreneur - How To Create Residual Income,3157388,Mark Timberlake,"Entrepreneurship Fundamentals, Entrepreneurship, Business",Business Fundamentals,Beginner,8.5 hours,4.9,190,1449,"Rp149,000",11/2024,0,0,3,https://www.udemy.com/course/the-mind-of-an-entrepreneur-think-your-way-to-wealth/
Intro to Business • Starting A Business • Entrepreneurship,5580296,"Ron Trucks, MBA, Explainer-In-Chief","Entrepreneurship Fundamentals, Entrepreneurship, Business",Business Fundamentals,All Levels,2.5 hours,4.6,29,1568,"Rp149,000",10/2023,0,0,13,https://www.udemy.com/course/intro-to-business-5-starting-a-business-entrepreneurship/
Business Conundrums for MBA,5794382,"Chris Sivewright, Oxford School of Learning","Business Fundamentals, Business Strategy, Management, Business",Business Fundamentals,All Levels,3 hours,4.8,30,5453,"Rp149,000",7/2025,24,0,25,https://www.udemy.com/course/business-conundrums-for-mba/
Business Development: Grow With Strategic Relationships,4600196,Alex Genadinik,"Business Development, Business Strategy, Business",Business Fundamentals,Beginner,4 hours,4.6,789,10133,"Rp149,000",11/2025,0,0,13,https://www.udemy.com/course/business-development-course/
"Business Startup Fundamentals: Launch, Grow & Scale",6546569,Valentine Ifenna Okolo,"Business Strategy, Lead Generation, Operations Management, Entrepreneurship Fundamentals, Business",Business Fundamentals,Beginner,6.5 hours,5.0,58,1542,"Rp149,000",3/2026,0,0,0,https://www.udemy.com/course/start-up-growth-lead-generation-business-strategy-course/
Create Startups And Innovation With Lean Startup Methodology,3523954,Alex Genadinik,"Startup, Lean Startup, IT Startup, Other Business, Business",Business Fundamentals,Beginner,14 hours,4.6,258,37413,"Rp149,000",11/2025,6,0,66,https://www.udemy.com/course/startups-with-data-and-kpi/
Small Business Management & Business Negotiation Skills 2.0,5819872,Dr. José Prabhu J,"Negotiation, Management, Business",Business Fundamentals,All Levels,1.5 hours,4.1,60,7883,"Rp149,000",6/2025,0,0,0,https://www.udemy.com/course/small-business-management-business-negotiation-skills/
Masterclass in Entrepreneurship & Strategic Management,4799502,Candi Carrera,"Entrepreneurship Fundamentals, Strategic Thinking, Entrepreneurship, Business",Business Fundamentals,Intermediate,12 hours,4.7,69,476,"Rp149,000",7/2024,0,0,3,https://www.udemy.com/course/masterclass-in-entrepreneurship-strategic-management/
Business Startup Blueprint & Business Intelligence,1935824,Nasser Lukmani,"Entrepreneurship Fundamentals, Entrepreneurship, Business",Business Fundamentals,All Levels,3 hours,4.6,92,2378,"Rp149,000",2/2021,0,0,2,https://www.udemy.com/course/complete-guide-and-secrets-to-starting-a-successful-business/
Diploma Course in Business Management and Entrepreneurship,3837246,Aakaro Consulting,"Management Skills, Entrepreneurship, Business",Business Fundamentals,All Levels,8 hours,4.3,617,3026,"Rp149,000",4/2026,30,0,3,https://www.udemy.com/course/diploma-in-management-and-entrepreneurship/
Business Case: Writing Effective Business Cases!,5058554,"Steve Ballinger, MBA","Business Case, Business Communication, Leadership, Project Planning, Entrepreneurship",Business Fundamentals,All Levels,1 hour,4.5,1624,4536,"Rp149,000",2/2026,1,0,0,https://www.udemy.com/course/business-case-writing-effective-business-cases-course/
Business Fundamentals : Principles of Marketing,3293516,Samina Haque,"Marketing Strategy, Business Strategy, Business",Business Fundamentals,Beginner,2 hours,4.5,27,529,"Rp149,000",5/2021,0,0,3,https://www.udemy.com/course/business-fundamentals-principles-of-marketing/
Entrepreneurship Mastery: Building and Scaling Your Business,6837176,"Alin Marin, Patrick Snow","Entrepreneurship Fundamentals, Business Strategy, Business Fundamentals, Business Development, Entrepreneurship",Business Fundamentals,All Levels,6 hours,4.7,215,2799,"Rp149,000",9/2025,0,0,17,https://www.udemy.com/course/entrepreneurship-mastery/
"Entrepreneurship, Business, And Marketing For Engineers",1779732,Alex Genadinik,"Software Engineering, Software Development, Business Fundamentals, Entrepreneurship Fundamentals, Web Development",Business Fundamentals,Beginner,13.5 hours,4.7,73,748,"Rp149,000",10/2025,1,0,32,https://www.udemy.com/course/entrepreneurship-business-and-marketing-for-engineers/
Business Idea Generation: How To Come Up With Business Ideas,1123560,Alex Genadinik's Teaching Assistant,"Business Idea Generation, Startup, Idea Validation, Entrepreneurship, Business",Business Fundamentals,Beginner,3.5 hours,4.3,33,304,"Rp149,000",10/2025,0,0,40,https://www.udemy.com/course/business-idea-generation-how-to-come-up-with-business-ideas/
Conduct a Strategy Analysis using Business Analysis,1596446,The BA Guide | Jeremy Aschenbrenner,"Business Strategy, Business Analysis, Business Analytics & Intelligence, Business",Business Fundamentals,All Levels,8 hours,4.6,8988,34700,"Rp339,000",7/2023,12,0,44,https://www.udemy.com/course/business-analysis-conduct-a-strategy-analysis/
AWS Business Essentials - The Business Value of AWS [2026],3556979,"Neal Davis | AWS Certified Solutions Architect & Developer, Digital Cloud Training | AWS Certified Cloud Practitioner AWS Certified Solutions Architect, AWS Developer Associate","Amazon AWS, Cloud Computing, Other IT & Software, IT & Software",Business Fundamentals,Beginner,2.5 hours,4.5,8506,42787,"Rp149,000",4/2026,2,0,0,https://www.udemy.com/course/aws-business-essentials/
Business Development & B2B Sales Masterclass,5524962,Salil Dhawan,"Business Development, B2B Sales, Lead Generation, Sales Skills, Entrepreneurship",Business Fundamentals,All Levels,5.5 hours,4.5,864,3622,"Rp149,000",1/2026,1,0,5,https://www.udemy.com/course/business-development-b2b/
Business Fundamentals and Startup Coach Certification,2157844,"Sanda Kruger, Joeel & Natalie of Transformation Services, Transformation Services","Life Coach Training, Business Fundamentals, Entrepreneurship Fundamentals, Startup, Entrepreneurship",Business Fundamentals,All Levels,20.5 hours,4.3,170,1341,"Rp149,000",3/2026,3,0,131,https://www.udemy.com/course/business-fundamentals-and-startup-life-coach-certification/
Business Strategy Development: The Art of Differentiation,1684752,Tony Prouse,"Business Strategy, Business Development, Strategic Planning, Business",Business Fundamentals,All Levels,1.5 hours,4.6,5406,16097,"Rp159,000",4/2020,0,0,3,https://www.udemy.com/course/the-art-of-differentiation/
Foundations of Business Strategy: Gain Competitive Advantage,6129227,YouAccel Training,"Business Strategy, Business",Business Fundamentals,All Levels,2.5 hours,4.5,3,3240,"Rp149,000",8/2024,1,0,9,https://www.udemy.com/course/foundations-of-business-strategy-gain-competitive-advantage/
Gain 14 Years of Expertise in Building & Scaling Businesses,6275125,Robert Indries,"Business Development, Business Process Management (BPM), Business Strategy, Business Communication, Entrepreneurship",Business Fundamentals,All Levels,8 hours,4.7,269,11688,"Rp149,000",6/2025,0,0,36,https://www.udemy.com/course/business-mastery-guide/
Effective Business Planning and Execution,4442488,Sorin Dumitrascu,"Business Fundamentals, Management, Business",Business Fundamentals,Beginner,11.5 hours,4.2,130,2590,"Rp149,000",11/2025,26,0,280,https://www.udemy.com/course/effective-business-planning-and-execution/
Entrepreneurship Playbook: Strategies for Boss-Level Success,5754552,The Table Of Bosses,"Entrepreneurship Fundamentals, Freelancing, Social Media Marketing, Business Development, Personal Transformation",Business Fundamentals,Beginner,34 hours,5.0,1,76,"Rp649,000",1/2024,0,0,26,https://www.udemy.com/course/entrepreneurship-playbook-strategies-for-boss-level-success/
Business Model Innovation For Business Growth,3521548,"Expert Academy, Lahcen Bouya","Innovation, Business Intelligence (BI), Strategic Thinking, Business Strategy, Business",Business Fundamentals,Intermediate,4 hours,4.4,75,11110,"Rp149,000",4/2026,0,0,10,https://www.udemy.com/course/part-1-business-innovation-for-brand-growth/
Business Analysis Fundamentals: Requirements & Stakeholders,7003297,PracticalGrowth Inc.,"Business Analysis, Business Analytics & Intelligence, Business",Business Fundamentals,All Levels,1.5 hours,4.5,N/A,2,"Rp149,000",3/2026,0,0,24,https://www.udemy.com/course/business-analysis-fundamentals-requirements-stakeholders/
Business Fundamentals Preparation Practice Tests,6228409,Practice Exams Analyst,"Business Fundamentals, IT Certifications, IT & Software",Business Fundamentals,All Levels,N/A,4.5,N/A,N/A,"Rp149,000",10/2024,0,0,0,https://www.udemy.com/course/business-fundamentals-preparation-practice-tests/
Entrepreneurship Fundamentals: Learn How To Start a Business,3886708,Orlando Rene Chavez,"Entrepreneurship Fundamentals, Business Branding, Business Fundamentals, Financial Statement, Entrepreneurship",Business Fundamentals,Beginner,1 hour,4.7,87,765,"Rp299,000",6/2021,0,0,1,https://www.udemy.com/course/entrepreneurship-bootcamp/
Business Bootcamp: 7 Weeks to Start Your Own Business,792598,"Phil Ebiner, Video School","Business Fundamentals, Online Course Creation, Online Business, Business Strategy, Entrepreneurship",Business Fundamentals,All Levels,6.5 hours,4.3,1305,96087,"Rp149,000",4/2024,4,0,7,https://www.udemy.com/course/business-bootcamp/
7-step Business Jumpstart for Knowledge Businesses,6079923,Krisztina Rudnay-Peters,"Business Fundamentals, Entrepreneurship Fundamentals, Business Strategy, Business",Business Fundamentals,Beginner,1.5 hours,4.9,31,211,"Rp149,000",2/2025,1,0,0,https://www.udemy.com/course/7-step-business-jumpstart-for-knowledge-businesses/
Business Strategy Execution-Agile Organization System Design,240450,"Lawrence M. Miller, Institute for Leadership Excellence LLC","Business Strategy, Agile, Business",Business Fundamentals,All Levels,11 hours,4.6,4485,25528,"Rp149,000",5/2022,0,0,10,https://www.udemy.com/course/agile-strategy-execution/
AI for business - AI 101 fundamentals for managers & leaders,5402192,Axel Rittershaus,"Artificial Intelligence (AI), Management, Business",Business Fundamentals,Beginner,2.5 hours,4.5,13433,51320,"Rp149,000",2/2026,6,0,13,https://www.udemy.com/course/ai-for-managers/
Business acumen,4136466,Aakaro Consulting,"Business Fundamentals, Business Analytics & Intelligence, Business",Business Fundamentals,Beginner,21 mins,3.8,187,2590,"Rp149,000",6/2021,0,0,0,https://www.udemy.com/course/business-acumen-for-all/
Business Accelerator Course,4707494,Toyin Umesiri,"Entrepreneurship Fundamentals, Entrepreneurship, Business",Business Fundamentals,Intermediate,1 hour,4.6,5,8,"Rp149,000",5/2022,0,0,0,https://www.udemy.com/course/business-accelerator-course/
StartUp School - Launch Your Business Idea!,1958272,"Expert Academy, Lahcen Bouya","Startup, Nonprofit Startup, Entrepreneurship Fundamentals, Business Fundamentals, Entrepreneurship",Business Fundamentals,All Levels,1 hour,4.8,24,4084,"Rp149,000",4/2026,16,0,24,https://www.udemy.com/course/escape-the-city-start-up-school-entrepreneurship/
MasterClass: Innovation Management & Digital Business Models,6025906,Prof. Dr. Mario Bosslau,"Innovation, Business Strategy, Business",Business Fundamentals,Expert,6 hours,4.3,18,121,"Rp149,000",3/2025,0,0,11,https://www.udemy.com/course/digital-innovation-masterclass/
Entrepreneurship: From Idea To A Million-Dollar Business,1331348,"Expert Academy, Lahcen Bouya","Startup, Entrepreneurship Fundamentals, Social Entrepreneurship, Business Fundamentals, Entrepreneurship",Business Fundamentals,Beginner,1.5 hours,4.7,324,17041,"Rp149,000",4/2026,0,0,7,https://www.udemy.com/course/entrepreneur-junior-ogunyemi-how-to-start-a-business-in-90-days/
How to build a business case: Certification,3643240,Business Improvement & Transformation Courses,"Business Case, Business Strategy, Business",Business Fundamentals,All Levels,3 hours,4.6,581,7217,"Rp149,000",11/2025,0,0,4,https://www.udemy.com/course/create-an-effective-business-case/
Entrepreneurship from Scratch: Launch Your Business by Doing,6353165,Skill Revolt,"Entrepreneurship Fundamentals, Entrepreneurship, Business",Business Fundamentals,All Levels,3 hours,4.9,6,1252,"Rp149,000",1/2025,8,0,8,https://www.udemy.com/course/entrepreneurship-from-scratch-launch-your-business-by-doing/
Entrepreneurship and Business Essentials,5831904,"MTF Institute of Management, Technology and Finance","Entrepreneurship Fundamentals, Startup, Business Fundamentals, Manager Training, Entrepreneurship",Business Fundamentals,All Levels,2.5 hours,4.6,90,21213,Free,9/2024,22,0,3,https://www.udemy.com/course/entrepreneurship-and-business-essentials/
Strategic Business Growth: Key Development Insights,6129225,YouAccel Training,"Business Strategy, Business",Business Fundamentals,All Levels,2.5 hours,3.7,2,2691,Free,8/2024,1,0,9,https://www.udemy.com/course/strategic-business-growth-key-development-insights/
Business Essentials - Watch before you Launch your Business,1199684,Andrew PM Tse,"Business Fundamentals, Business Strategy, Startup, Online Business, Entrepreneurship",Business Fundamentals,Beginner,32 mins,4.1,97,1782,"Rp149,000",8/2017,1,0,0,https://www.udemy.com/course/business-growth-essentials-read-before-you-launch-your-business/
International Business Fundamentals,3154140,Samina Haque,"International Expansion, Business Fundamentals, Business Strategy, Business",Business Fundamentals,All Levels,2.5 hours,4.4,185,654,Free,2/2025,0,0,1,https://www.udemy.com/course/introductiontointernational-business/
"Business, Competitive, Digital, Innovation & Growth Strategy",5819912,Dr. José Prabhu J,"Business Strategy, Innovation, Business",Business Fundamentals,All Levels,1.5 hours,4.6,48,6141,"Rp149,000",6/2025,0,0,0,https://www.udemy.com/course/business-competitive-digital-innovation-growth-strategy/
How to come up with killer business ideas: complete workshop,616958,Evan Kimbrell,"Business Idea Generation, Business Fundamentals, Business Strategy, Market Research, Entrepreneurship",Business Fundamentals,All Levels,7 hours,4.4,3316,77139,"Rp149,000",12/2025,13,0,62,https://www.udemy.com/course/idea-generation-coming-up-with-killer-business-deas/
How To Write A Simple And Successful Business Plan,4312976,Claudiu Ivan Academy,"Business Plan, Financial Planning, Marketing Plan, Entrepreneurship, Business",Business Fundamentals,All Levels,1.5 hours,4.7,1518,8381,"Rp159,000",7/2025,1,0,15,https://www.udemy.com/course/how-to-write-a-simple-and-successful-business-plan/
Professional Business Management Certificate,6599913,"MTF Institute of Management, Technology and Finance","Management Skills, MBA, Leadership, Management, Business",Business Fundamentals,All Levels,2 hours,4.4,147,8041,Free,2/2026,13,0,2,https://www.udemy.com/course/professional-business-management-certificate/
Entrepreneurship 101: The Complete Entrepreneurship Course,391750,Wealthy Education,"Entrepreneurship Fundamentals, Startup, Business Fundamentals, Business Strategy, Entrepreneurship",Business Fundamentals,All Levels,N/A,4.5,369,3787,N/A,3/2026,0,0,0,https://www.udemy.com/course/entrepreneurship-start-a-business-from-scratch/
The Complete Start-Up Guide to Launching Your Own Business,2953690,"Kain Ramsay, Russell Dalgleish","Entrepreneurship Fundamentals, Business Development, Personal Transformation, Personal Development",Business Fundamentals,All Levels,16.5 hours,4.5,455,3404,"Rp149,000",6/2025,2,0,51,https://www.udemy.com/course/the-business-innovation-and-entrepreneurship-masterclass/
Entrepreneurship Fundamentals - How to Start a Business,1692286,L.D. Sewell Publications and Training,"Entrepreneurship Fundamentals, Business Fundamentals, Management Skills, Business Strategy, Entrepreneurship",Business Fundamentals,All Levels,1.5 hours,4.8,9,264,"Rp149,000",8/2025,5,0,0,https://www.udemy.com/course/entrepreneurship-k/
How to be an Entrepreneur,7095803,Kevin Burns | Side Hustles | Business | Education,"Business Strategy, Business Development, Social Entrepreneurship, Entrepreneurship Fundamentals, Business",Business Fundamentals,All Levels,5 hours,4.9,6,106,"Rp149,000",4/2026,0,0,0,https://www.udemy.com/course/how-to-be-an-entrepreneur-p/
Entrepreneurship - From Business Idea to Business Model,1852188,Saad T. Hameed (STH) • 0.9+ Million Enrollments Worldwide,"Business Model, Business Fundamentals, Business Strategy, Financial Modeling, Entrepreneurship",Business Fundamentals,All Levels,2.5 hours,4.3,88,10756,"Rp149,000",4/2026,2,0,0,https://www.udemy.com/course/entrepreneur99/
Marketing Fundamentals - Small Business Marketing Success,301746,Alexandra Krieger,"Marketing Strategy, Business Fundamentals, Business Strategy, Marketing Fundamentals, Marketing",Business Fundamentals,All Levels,2 hours,4.4,6677,15341,"Rp149,000",8/2015,0,0,0,https://www.udemy.com/course/smart-marketing-for-small-business-owners/
Strategic Planning & Strategic Thinking | Business Strategy,6039866,Salil Dhawan,"Strategic Planning, Strategic Thinking, Business Strategy, Business",Business Fundamentals,All Levels,1.5 hours,4.6,2451,7419,"Rp159,000",1/2026,0,0,4,https://www.udemy.com/course/strategic-planning-strategic-thinking/
Startup 101: Fundamentals for Starting a New Business,4366952,"Sanda Kruger, Transformation Services, Joeel & Natalie of Transformation Services","Business Fundamentals, Startup, Entrepreneurship, Business",Business Fundamentals,Beginner,9 hours,4.2,30,359,"Rp149,000",3/2026,2,0,70,https://www.udemy.com/course/startup-101-fundamentals-for-starting-a-new-business/
"Zero to One: Master Business, Innovation & Entrepreneurship",5695934,Akhtar Shareef,"Business Strategy, Startup, Business Model, Innovation, Entrepreneurship",Business Fundamentals,Beginner,1 hour,4.7,20,50,"Rp149,000",12/2023,0,0,0,https://www.udemy.com/course/zero-to-one-master-innovation-business-startup-success/
Business Development Masterclass: Learn To Build Businesses,1050700,Leon Chaudhari,"Business Development, Business Fundamentals, Business Strategy, Entrepreneurship Fundamentals, Entrepreneurship",Business Fundamentals,All Levels,13.5 hours,4.0,494,4723,"Rp149,000",6/2020,7,0,2,https://www.udemy.com/course/business-development-masterclass-learn-to-build-businesses/
Business Strategy And Business Model Innovation - 2026,738288,"Alex Genadinik's Teaching Assistant, Alex Genadinik","Business Model Canvas, Business Strategy, Business",Business Fundamentals,Beginner,2 hours,3.9,60,4410,"Rp149,000",12/2025,1,0,4,https://www.udemy.com/course/business-model-generation-modeling-business-model-canvas/
"Validate, Fund, Build In 2026 [Bonus Exercise]: Startup 101",6752039,Eli Villicana,"Entrepreneurship Fundamentals, Startup, Business Strategy, Business Fundamentals, Entrepreneurship",Business Fundamentals,All Levels,3 hours,5.0,56,84,"Rp149,000",1/2026,0,0,1,https://www.udemy.com/course/startup-101-conceptmap/
Business Execution: Understanding the Fundamentals,4383622,Sorin Dumitrascu,"Business Fundamentals, Operations, Business",Business Fundamentals,Beginner,2.5 hours,4.5,74,278,Free,11/2025,7,0,46,https://www.udemy.com/course/business-execution-understanding-the-fundamentals/
Master Course in Business Writing and Business Strategy 2.0,5049490,Dr. José Prabhu J,"Business Writing, Business Strategy, Business Communication, Business",Business Fundamentals,All Levels,1 hour,4.2,88,15210,"Rp149,000",7/2025,0,0,0,https://www.udemy.com/course/business-writing-business-strategy-email-writing-editing-proof-reading/
Business Development Blueprint: Business Strategy 101,5688284,"Bernard Martin, WAMM Marketing","Business Development, Business Strategy, Business Fundamentals, Marketing Strategy, Marketing Fundamentals",Business Fundamentals,All Levels,16.5 hours,4.3,186,425,"Rp149,000",11/2024,0,0,22,https://www.udemy.com/course/business-development-blueprint-business-strategy-101/
Product: Business Fundamentals,3468166,Dr. Muhammad Tahir Jan,"Product Management, Brand Management, Branding, Marketing",Business Fundamentals,All Levels,1 hour,4.6,184,1160,"Rp149,000",3/2026,1,0,0,https://www.udemy.com/course/product-business-fundamentals/
Business Plan Breakthroughs - 9 Critical Business Segments,591860,"Ian DiNovo, CPA, CGA","Business Plan, Business Fundamentals, Business Strategy, Business",Business Fundamentals,Beginner,N/A,4.2,20,603,N/A,8/2016,0,0,0,https://www.udemy.com/course/business-model-blueprint-transform-your-business/
How to Write a Business Plan with a Winning Business Model,6182593,Fahad Virk,"Business Plan, Entrepreneurship, Business",Business Fundamentals,All Levels,N/A,4.5,3,183,N/A,9/2024,0,0,0,https://www.udemy.com/course/how-to-write-a-business-plan-with-a-winning-business-model/
Escape the City: StartUp School - Launch Your Business Idea!,2649632,Expert Academy,"Startup, Business Fundamentals, Entrepreneurship Fundamentals, Lean Startup, Entrepreneurship",Business Fundamentals,All Levels,1 hour,4.4,31,9892,"Rp149,000",4/2025,16,0,23,https://www.udemy.com/course/escape-the-city-startup-school-launch-your-business-idea/
Marketing Strategy Mastery: Business Fundamentals 101,5461272,"Bernard Martin, WAMM Marketing","Business Fundamentals, Business Strategy, Marketing Strategy, Digital Marketing, Marketing Fundamentals",Business Fundamentals,All Levels,14 hours,4.1,245,6550,"Rp149,000",11/2024,0,0,5,https://www.udemy.com/course/marketing-strategy-mastery-business-fundamentals-101/
CEO Academy: The Chief Executive Officer Playbook [EN],6571235,PapaHR ⇢ 1.6M+ Enrollments • 500+ HR Courses • 30 Languages AI in HR | Analytics | Talent | Comp&Ben | HRCI | SHRM-CP | PHRi,"Business Fundamentals, Entrepreneurship, Business",Business Fundamentals,All Levels,N/A,4.6,21,7947,N/A,3/2026,0,0,0,https://www.udemy.com/course/the-ceo-guide-playbook-for-chief-executive-officers/
Start a Business: Design Thinking & Entrepreneurship [2025],833782,"Davis Jones, Eazl.ai Courseware","Entrepreneurship Fundamentals, Business Fundamentals, Business Strategy, Entrepreneurship, Business",Business Fundamentals,All Levels,7.5 hours,4.4,2346,25577,"Rp149,000",11/2025,2,0,0,https://www.udemy.com/course/entrepreneurship-the-8-step-business-launch-program-from-eazl/
Small or new business? Want to grow by 46%?,546882,"CRFT Productions, Andy Edwards","Business Strategy, Business Fundamentals, Growth Hacking, Entrepreneurship, Business",Business Fundamentals,All Levels,1.5 hours,4.5,384,2248,Free,11/2024,0,0,3,https://www.udemy.com/course/grow-your-turnover-by-46/
30 Day Challenge to a More Productive and Much Happier You!,982724,Chris Haroun | 1.5 Million Students | #1 Best Selling Business & Finance Prof.,"Personal Productivity, Personal Development, Happiness",Business Fundamentals,All Levels,N/A,4.5,4232,84310,N/A,5/2025,0,0,0,https://www.udemy.com/course/30-day-challenge-to-a-more-productive-and-much-happier-you/
Startup Growth Hacking: Business Strategy & Fundamentals,1410044,Gab Jean,"Startup, Growth Hacking, Business Strategy, Business Fundamentals, Entrepreneurship",Business Fundamentals,All Levels,N/A,2.6,24,4040,Free,11/2017,0,0,0,https://www.udemy.com/course/startup-growth-hacking-business-strategy-fundamentals/
MBA Business Skills Masterclass for Entrepreneurs & Managers,2421966,"Skillay Academy, Ardian Jashari","Business Strategy, Business Fundamentals, Entrepreneurship, Business",Business Fundamentals,Beginner,16 hours,4.2,46,1014,"Rp159,000",7/2019,0,0,0,https://www.udemy.com/course/mba-business-skills-masterclass/
Business Planning: A Strategic Roadmap to Business Success,2076996,MD Factory - Business Coach,"Business Plan, Business Strategy, Marketing Plan, Entrepreneurship Fundamentals, Branding",Business Fundamentals,Beginner,32 mins,3.3,123,9147,"Rp149,000",12/2018,0,0,0,https://www.udemy.com/course/business-planning-blueprint/
Fundamentals in Strategic Business Planning and Execution,4458028,Pramod Kesav N,"Business Strategy, Business",Business Fundamentals,Beginner,1 hour,4.0,2,3,"Rp159,000",1/2022,10,0,0,https://www.udemy.com/course/corporate-strategic-planning/
The 10 Irrefutable Laws To Entrepreneurial And Life Success,5025760,Stephen Odhiambo Ogweno,"Entrepreneurship Fundamentals, Business Intelligence (BI), Entrepreneurship, Business",Business Fundamentals,All Levels,1 hour,5.0,6,1018,"Rp149,000",12/2022,0,0,0,https://www.udemy.com/course/the-10-irrefutable-laws-to-entrepreneurial-and-life-success/
MBA: Full MBA Course : Complete Strategy & Management,3501478,Mirza Erfan,"Business Fundamentals, Finance Fundamentals, Innovation, Marketing Management, Business Strategy",Business Fundamentals,All Levels,3.5 hours,4.1,115,393,"Rp149,000",11/2024,0,0,0,https://www.udemy.com/course/full-mba-program/
Google Entrepreneurship Fundamentals,2371482,Seth van Rooyen,"Entrepreneurship Fundamentals, Google Drive, Google Calendar, Gmail Productivity, Google",Business Fundamentals,Beginner,1 hour,4.6,7,21,"Rp149,000",5/2019,0,0,1,https://www.udemy.com/course/google-entrepreneurship-fundamentals/
Strategic Planning Skills,1638994,Stone River eLearning,"Strategic Planning, Management, Business",Business Fundamentals,All Levels,2 hours,4.5,3924,12364,"Rp149,000",4/2021,0,0,0,https://www.udemy.com/course/strategic-planning-skills/
Business Improvement Plan,4910972,Business Improvement & Transformation Courses,"Business Plan, Project Management, Business",Business Fundamentals,All Levels,4 hours,4.8,119,6198,"Rp149,000",11/2025,0,0,4,https://www.udemy.com/course/business-improvement-plan/
Personal Success & Business Development Strategies in 30-Day,5693304,LearnersCare LLC,"Personal Development, Business Development, Business Strategy, Personal Success, Other Personal Development",Business Fundamentals,All Levels,18.5 hours,4.8,26,1400,"Rp149,000",5/2025,81,0,428,https://www.udemy.com/course/30-day-challenge-personal-development-business-strategy/
Startup Growth Strategies: Grow the Most Important Startup,848924,"YESI EDUCATION, Mauricio Rubio - Agile Guru & Founder of YESI EDUCATION, AgileKB & Grabdl","Personal Development, Mindfulness, Startup, Personal Transformation",Business Fundamentals,All Levels,1 hour,4.2,39,4035,"Rp149,000",7/2024,8,0,0,https://www.udemy.com/course/startupmetoday/
Designing Business Models,1125404,SJ van der Westhuizen,"Business Model, Innovation, Business Strategy, Business Analysis, Entrepreneurship",Business Fundamentals,Beginner,1.5 hours,4.1,22,157,"Rp149,000",2/2017,3,0,2,https://www.udemy.com/course/designing-business-models/
Entrepreneurship: Becoming A Successful Entrepreneur,1151916,"Steve Ballinger, MBA, Libby Seery","Entrepreneurship Fundamentals, Personal Success, Home Business, Motivation, Entrepreneurship",Business Fundamentals,All Levels,3 hours,4.7,46,433,"Rp149,000",4/2017,3,0,4,https://www.udemy.com/course/entrepreneurship-successful-entrepreneur-course/
Legal Essentials for Entrepreneurs,6568857,ISO Horizon,"Business Law, Entrepreneurship, Business",Business Fundamentals,Beginner,5.5 hours,5.0,3,4,"Rp149,000",4/2026,0,0,0,https://www.udemy.com/course/legal-essentials-4-entrepreneurs-building-a-strong-business/
Leadership Skills and Tools for Business Management,5839452,Human and Emotion: CHRMI,"Leadership, Management, Business",Business Fundamentals,Intermediate,4.5 hours,4.6,18,1030,"Rp149,000",2/2024,3,0,0,https://www.udemy.com/course/leadership-skills-and-tools-for-business-management/
Master Course in Business Idea Generation and Business Case,5049478,Dr. José Prabhu J,"Business Idea Generation, Business Case, Business Fundamentals, Business Strategy, Business",Business Fundamentals,All Levels,1 hour,4.2,64,18028,"Rp149,000",7/2025,2,0,2,https://www.udemy.com/course/business-idea-generation-business-case-entrepreneurship/
Entrepreneurship: From Idea to Open for Business,2181160,Rowan Malherbe,"Entrepreneurship Fundamentals, Startup, Entrepreneurship, Business",Business Fundamentals,Beginner,4 hours,4.8,5,26,"Rp149,000",6/2020,1,0,6,https://www.udemy.com/course/entrepreneurship-from-idea-to-open-for-business/
"Start Your Own Business, Be Your Own Boss",655222,"Guthrie Weinschenk, Susan Weinschenk, Ph.D.","Startup, Business Idea Generation, Business Fundamentals, Business Strategy, Entrepreneurship",Business Fundamentals,All Levels,4.5 hours,4.5,83,746,"Rp149,000",1/2016,0,0,2,https://www.udemy.com/course/beyourownboss/
Fire the Boss! The Course on Entrepreneurship Fundamentals,6298505,Kevin Burns | Side Hustles | Business | Education,"Entrepreneurship Fundamentals, Entrepreneurship, Business",Business Fundamentals,Beginner,6.5 hours,4.9,40,4585,"Rp149,000",4/2026,0,0,0,https://www.udemy.com/course/have-you-ever-dreamed-of-being-an-entrepreneur/
Start Up - Learn from a Former Dragons' Den Investor,6069737,Piers Linney,"Entrepreneurship Fundamentals, Business Fundamentals, Business Strategy, Entrepreneurship, Business",Business Fundamentals,All Levels,9.5 hours,4.4,23,300,"Rp149,000",12/2024,0,0,0,https://www.udemy.com/course/practical-business-advice/
(Oxford Diploma) Business Fundamentals : Tantra leadership,5145096,"Chris Sivewright, Oxford School of Learning","Tantra, Leadership, Personal Development",Business Fundamentals,All Levels,4.5 hours,4.3,18,8148,"Rp149,000",6/2025,0,0,8,https://www.udemy.com/course/tantra-leadership-and-more/
BECOME A PAT TESTER - THE FUNDAMENTALS OF PAT TESTING,6370873,Julie Marshall,"Other Business, Business",Business Fundamentals,Beginner,1.5 hours,3.7,14,29,"Rp149,000",12/2025,1,0,7,https://www.udemy.com/course/pat-testing-the-fundamentals-of-pat-testing/
Financial Budgeting for Non-finance professionals,1611012,Ashish Agarwal,"Entrepreneurship Fundamentals, Finance Fundamentals, Startup, Entrepreneurship, Business",Business Fundamentals,All Levels,3 hours,4.5,377,4962,"Rp149,000",3/2026,14,0,2,https://www.udemy.com/course/finance-for-entrepreneurs-and-business-founders/
Entrepreneurship : Quit Your Boring 9-to-5 Job & Do Business,453760,Wealthy Education,"Entrepreneurship Fundamentals, Startup, Business Fundamentals, Business Strategy, Entrepreneurship",Business Fundamentals,All Levels,4 hours,4.2,116,2651,"Rp149,000",3/2026,2,0,20,https://www.udemy.com/course/startup-business-how-to-start-a-business-from-scratch/
Business Case Fundamentals: For Product & Project Managers,6638707,Adnan Ghayas,"Business Case, Product Management, Project Management, Management, Business",Business Fundamentals,Intermediate,1 hour,5.0,4,7,"Rp899,000",5/2025,0,0,1,https://www.udemy.com/course/business-case-fundamentals-for-product-project-managers/
Risky Business: Beginners' Guide to Planning a New Business,1459280,AROV Organization,"Business Fundamentals, Business Strategy, Entrepreneurship, Business",Business Fundamentals,Beginner,1.5 hours,4.4,8,354,"Rp149,000",4/2023,0,0,2,https://www.udemy.com/course/arov-start-a-business/
micro MBA covers an entire MBA in less than five hours!,3476074,John Cousins,"Business Development, Finance Fundamentals, Strategic Planning, Marketing Plan, Management",Business Fundamentals,Beginner,6 hours,3.8,11,57,"Rp249,000",8/2024,181,0,254,https://www.udemy.com/course/micro-mba/
Leadership: Implement Growth Strategies That Drive Results,6451969,Expert Academy,"Business Strategy, Growth Mindset, Leadership, Agile, Management",Business Fundamentals,All Levels,41 mins,4.9,6,32,"Rp149,000",2/2025,1,0,6,https://www.udemy.com/course/leadership-implement-growth-strategies-that-drive-results/
Business Start Up Course — A Clear Strategy For Success,3763126,Billijs Cirvelis,"Lean Startup, Business Fundamentals, Business Strategy, Marketing Strategy, Business",Business Fundamentals,Beginner,39 mins,4.4,6,178,Free,4/2023,0,0,0,https://www.udemy.com/course/start-up-business-course-the-lean-startup-strategy/
Scaling Business for Management Consultants & Managers,4269848,Asen Gyczew,"Business Strategy, Business",Business Fundamentals,Intermediate,5.5 hours,4.6,108,1791,"Rp149,000",1/2026,2,0,17,https://www.udemy.com/course/scaling-business-for-management-consultants-managers/
Introduction to Business/Entrepreneurship,3517624,Moonshot Jr,"Entrepreneurship Fundamentals, Online Education, Teaching & Academics",Business Fundamentals,Beginner,36 mins,4.7,8,9,"Rp149,000",9/2020,0,0,0,https://www.udemy.com/course/introduction-to-businessentrepreneurship/
Master in Business Administration / Management (MBA),5235874,"Arun Singhal B-Tech, MBA (IIM-B),Unilever, J&J, Danone, IIMU, Cello","Management Skills, Management, Business",Business Fundamentals,All Levels,10 hours,4.7,766,42889,"Rp149,000",3/2026,0,0,66,https://www.udemy.com/course/pre-mba-for-undergraduates/
Creative Business Agile,3787596,Eric Yeboah,"Agile, Business Strategy, Business",Business Fundamentals,All Levels,2.5 hours,5.0,4,15,"Rp149,000",3/2026,0,0,0,https://www.udemy.com/course/creative-business-agile/
Achieving Success with Innovative Business Strategy,6247597,Harry S,"Business Strategy, Business Analysis, Business Fundamentals, Marketing Strategy, Business",Business Fundamentals,All Levels,2 hours,4.7,15,658,"Rp149,000",10/2024,0,0,0,https://www.udemy.com/course/achieving-success-with-innovative-business-strategy/
7 steps to entrepreneurship: A complete business plan (PRO),6008172,"Matthieu Bout, Daan Hannon, Maarten Goedemé, Joppe Ballet","Business Development, Business Strategy, Business Fundamentals, Entrepreneurship Fundamentals, Entrepreneurship",Business Fundamentals,All Levels,10 hours,4.1,39,12598,"Rp149,000",3/2026,11,0,20,https://www.udemy.com/course/7-steps-for-entrepreneurs-to-turn-a-business-idea-to-reality/
"Next Level Business Growth: Insights, Secrets, Strategies",4213706,Vandana Mehrotra,"Business Fundamentals, Entrepreneurship, Business",Business Fundamentals,All Levels,9 hours,4.8,9,3176,"Rp149,000",11/2023,0,0,0,https://www.udemy.com/course/start-your-own-business-from-scratch/
Ultimate Entrepreneurship Guide - Entrepreneurship Explained,973400,Creative Hero,"Entrepreneurship Fundamentals, Entrepreneurship, Business",Business Fundamentals,All Levels,8 hours,4.5,33,3244,"Rp149,000",3/2017,7,0,2,https://www.udemy.com/course/ultimate-entrepreneurship-guide/
Entrepreneurs: Building a profitable business begins here...,393614,Brice Holmes,"Entrepreneurship Fundamentals, Business Fundamentals, Business Strategy, Business",Business Fundamentals,All Levels,1.5 hours,4.2,96,4440,"Rp149,000",5/2016,0,0,2,https://www.udemy.com/course/business-model-design/
How To Succeed As A Solo Entrepreneur with Sramana Mitra,3982114,Sramana Mitra,"Entrepreneurship Fundamentals, Entrepreneurship, Business",Business Fundamentals,All Levels,14 hours,4.8,124,1030,"Rp149,000",3/2025,0,0,7,https://www.udemy.com/course/solo-entrepreneur/
Business Development Certification Examination,6071789,Chinonyerem Favour Okorie,"Business Development, Entrepreneurship Fundamentals, Entrepreneurship, Business",Business Fundamentals,All Levels,N/A,4.5,8,22,"Rp149,000",4/2025,0,0,0,https://www.udemy.com/course/business-development-practice-exam-test-2024/
Absolute Entrepreneurship Part 3: Your Best Business Plan,1394412,J. Anthony Allen,"Entrepreneurship Fundamentals, Business Fundamentals, Business Strategy, Entrepreneurship, Business",Business Fundamentals,Beginner,3 hours,4.8,6,144,"Rp149,000",2/2023,8,0,3,https://www.udemy.com/course/best-business-plan/
Photo Booth Business Fundamentals - Best Side Hustle,4459606,Jazmine Pather,"Business Fundamentals, Sales Management, Entrepreneurship, Business",Business Fundamentals,Beginner,3 hours,4.5,18,96,"Rp149,000",12/2021,0,0,1,https://www.udemy.com/course/photo-booth-business-fundamentals-best-side-hustle/
Entrepreneurship Fundamentals for Beginners,6293617,Tareq Hajj,"Entrepreneurship Fundamentals, Business Fundamentals, Business Strategy, Social Entrepreneurship, Entrepreneurship",Business Fundamentals,Beginner,1.5 hours,4.0,22,4612,"Rp149,000",11/2024,0,0,0,https://www.udemy.com/course/entrepreneurship-fundamentals-for-beginners-tareq-hajj/
Grow Your Business the Right Way,993880,Christopher Briggs,"Business Development, Strategic Planning, Business Fundamentals, Business Strategy, Business",Business Fundamentals,All Levels,3.5 hours,4.2,17,83,"Rp149,000",3/2017,0,0,9,https://www.udemy.com/course/plan-to-succeed/
How To Write A Business Plan with Complete Business Strategy,1732202,Ali Haider,"Business Plan, Writing, Business Strategy, Business Fundamentals, Business",Business Fundamentals,All Levels,1 hour,4.1,36,113,"Rp149,000",7/2021,11,0,22,https://www.udemy.com/course/business-plan-creative-and-easy-way-to-plan-fast/
"Master in Business Strategy, Policy, Modeling & Planning",4587280,"Arun Singhal B-Tech, MBA (IIM-B),Unilever, J&J, Danone, IIMU, Cello","Business Strategy, Business",Business Fundamentals,All Levels,10 hours,4.6,426,36132,"Rp149,000",2/2026,0,0,65,https://www.udemy.com/course/excellence-in-business-strategy-modelling-planning/
Absolute Entrepreneurship Part 1: Starting a Business,1394408,J. Anthony Allen,"Entrepreneurship Fundamentals, Business Fundamentals, Business Strategy, Entrepreneurship, Business",Business Fundamentals,Beginner,3.5 hours,4.7,17,157,"Rp149,000",2/2023,3,0,2,https://www.udemy.com/course/entrepreneurship-starting-a-business/
How To Write A Business Plan To Attract Finance,478988,Sheila Elliott,"Business Plan, Writing, Finance Fundamentals, Business Fundamentals, Management",Business Fundamentals,All Levels,3 hours,4.5,13,80,"Rp149,000",5/2015,2,0,0,https://www.udemy.com/course/how-to-write-a-business-plan-to-attract-finance/
Learn Business Strategy Planning For Competitive Advantage,4275896,"Peter Alkema, James Robertson","Business Strategy, Strategic Planning, Strategic Thinking, Business",Business Fundamentals,All Levels,1.5 hours,3.7,121,674,"Rp149,000",1/2022,2,0,44,https://www.udemy.com/course/business-strategy-planning/
Business Planning and Startup Launch for Beginners,1540302,M Mobeen Ayub,"Business Plan, Business Analysis, Business Budgeting, Entrepreneurship, Business",Business Fundamentals,Beginner,5 hours,4.3,32,110,"Rp249,000",3/2020,1,0,0,https://www.udemy.com/course/business-startup-fundamentals/
Small Business Guide for Everyone,4581976,"Money Makers Academy, Money Makers Academy Support, Ashraf Said AlMadhoun","Business Fundamentals, Other Business, Business",Business Fundamentals,All Levels,1.5 hours,3.5,10,2196,"Rp149,000",3/2026,6,0,0,https://www.udemy.com/course/small-business-guide-for-everyone/
Master Course in Business Plan and Business Proposal,5049482,Dr. José Prabhu J,"Business Plan, Business Proposal, Business Model, Management, Business",Business Fundamentals,All Levels,1 hour,4.5,161,19148,"Rp149,000",7/2025,0,0,0,https://www.udemy.com/course/business-plan-business-proposal-writing-startup-business-development/
Future Fundamentals of Entrepreneurship (TM),4331688,"Dr. Noble Arya Full-Stack Data Scientist, AI/ML/DL Researcher","Entrepreneurship Fundamentals, Online Business, Entrepreneurship, Business",Business Fundamentals,All Levels,1 hour,4.7,28,943,"Rp149,000",11/2022,0,0,0,https://www.udemy.com/course/fundamentals-of-entrepreneurship-digital-masterclass-design/
Executive Program in Management and Business Administration,5912266,"MTF School of Business and Management Institute of Management, Technology and Finance","MBA, Leadership, Management, Business",Business Fundamentals,All Levels,37.5 hours,4.7,48,116,"Rp1,799,000",2/2026,222,0,118,https://www.udemy.com/course/european-certificate-mba-management-and-business-administration/
Business Development Mastery: Accelerate Business Growth,1818978,GabyI. Business Coach,"Business Development, Business Strategy, Business",Business Fundamentals,All Levels,1 hour,3.9,113,4424,"Rp149,000",3/2019,0,0,0,https://www.udemy.com/course/business-development-blueprint/
Business Consulting Masterclass - Key Fundamentals & Skills,4888060,Thibault Dubois,"Business Consulting, Other Business, Business",Business Fundamentals,Beginner,4 hours,4.4,33,535,"Rp149,000",10/2023,3,0,12,https://www.udemy.com/course/business-consulting-core-skills-and-how-to-land-the-job/
"Business Plan : Outlines , Templates & Case Study",844028,Sedan Kureshi,"Business Plan, Study Skills, Business Fundamentals, Business Strategy, Entrepreneurship",Business Fundamentals,All Levels,6 hours,4.5,1616,13876,"Rp149,000",6/2018,6,0,12,https://www.udemy.com/course/quality_business_plan/
Foundations of Business Strategy & Cash Flow Management,6129339,YouAccel Training,"Business Strategy, Financial Management, Business",Business Fundamentals,All Levels,2.5 hours,4.0,1,1381,"Rp149,000",10/2024,1,0,9,https://www.udemy.com/course/foundations-of-business-strategy-cash-flow-management/
Startup 101: Building a Scalable Business from scratch,6219769,Ayat Khidr,"IT Startup, Business Strategy, Business",Business Fundamentals,All Levels,1 hour,4.4,5,404,Free,6/2025,0,0,0,https://www.udemy.com/course/startup-101-building-a-scalable-business-from-scratch/
Business Strategy & Innovation Frameworks,6627259,"MTF Institute of Management, Technology and Finance","Business Strategy, Innovation, Lean Startup, Business",Business Fundamentals,All Levels,7.5 hours,4.8,37,7623,"Rp149,000",2/2026,6,0,15,https://www.udemy.com/course/business-strategy-and-innovation-frameworks/
Entrepreneurship Accelerator Program [From 0 to Successful],2280748,Bryan Guerra,"Entrepreneurship Fundamentals, Business Fundamentals, Home Business, Entrepreneurship, Business",Business Fundamentals,All Levels,10 hours,4.2,173,22746,"Rp149,000",1/2021,1,0,18,https://www.udemy.com/course/entrepreneurship-accelerator-program/
Small Business MBA: Mindsets for Entrepreneurial Success,2315218,Bryan Guerra,"Entrepreneurship Fundamentals, Mindset, Business Fundamentals, Business Strategy, Entrepreneurship",Business Fundamentals,All Levels,1.5 hours,4.3,180,12816,"Rp149,000",7/2023,0,0,0,https://www.udemy.com/course/entrepreneurship-small-business-mindsets-for-success/
Body Language In Business 1: The Fundamentals,5964606,Expert Academy,"Body Language, Meetings, Nonverbal Communication, Communication Skills, Communication",Business Fundamentals,All Levels,43 mins,4.3,N/A,17,"Rp149,000",5/2024,0,0,6,https://www.udemy.com/course/the-fundamentals-of-body-language-in-business/
Practical Business To Business Selling,3802118,Eric Yeboah,"B2B Sales, Sales, Business",Business Fundamentals,All Levels,1.5 hours,4.6,7,23,"Rp149,000",3/2026,0,0,0,https://www.udemy.com/course/practical-business-to-business-selling/
Grow Your Business & Maximise Your Profits,3827546,Expert Academy,"Business Fundamentals, Business Strategy, Business",Business Fundamentals,All Levels,1 hour,4.7,19,5488,"Rp149,000",2/2021,0,0,9,https://www.udemy.com/course/grow-your-business-maximise-your-profits/
Create a Business Plan: From A to Z with Templates,4811364,Wayne Bowden,"Business Plan, Business Strategy, Business",Business Fundamentals,All Levels,3 hours,4.4,69,6396,"Rp149,000",6/2023,2,0,3,https://www.udemy.com/course/2022-create-a-business-plan-from-a-to-z-with-templates/
Start-up Masterclass 2018: 15 Business Courses in 1,1572470,"BIZCOOL, Entreprenuership and Business Fundamentals","Business Fundamentals, Startup, Entrepreneurship Fundamentals, Business Idea Generation, Entrepreneurship",Business Fundamentals,Beginner,7 hours,4.0,56,2755,"Rp149,000",5/2018,0,0,49,https://www.udemy.com/course/start-up-masterclass-2018-15-business-courses-in-1/
Business Plan Development,4342530,Sorin Dumitrascu,"Business Plan, Business Fundamentals, Business Strategy, Business",Business Fundamentals,Beginner,4.5 hours,4.6,120,443,"Rp149,000",11/2025,13,0,115,https://www.udemy.com/course/business-planning-f/
"Generative AI for Beginners: Fundamentals, Tools & Prompts",6982427,"Data Universe, DCDG Partners","Artificial Intelligence (AI), ChatGPT, Claude AI, Prompt Engineering, Business Analytics & Intelligence",Business Fundamentals,All Levels,2 hours,4.5,1744,8284,"Rp149,000",3/2026,1,0,1,https://www.udemy.com/course/generative-ai-for-beginners-fundamentals-tools-prompts/
Entrepreneurship & Innovation,302466,Lisa Newton,"Innovation, Entrepreneurship Fundamentals, Entrepreneurship, Business",Business Fundamentals,Expert,1 hour,4.2,41,113,N/A,12/2021,1,0,4,https://www.udemy.com/course/innovation-entrepreneurship/
Executive Certificate in Business Management,6028692,"MTF Institute of Management, Technology and Finance","Business Fundamentals, Management Skills, MBA, Leadership, Management",Business Fundamentals,All Levels,1 hour,4.4,288,14314,"Rp149,000",9/2024,12,0,2,https://www.udemy.com/course/executive-certificate-in-business-management/
Business Model Canvas (BMC): Step-by-Step with Templates,6273543,Dr. Amar Massoud,"Business Model Canvas, Entrepreneurship, Business",Business Fundamentals,All Levels,2 hours,4.0,7,2625,"Rp149,000",3/2026,1,0,0,https://www.udemy.com/course/create-business-model-canvas-step-by-step-with-templates/
AI & GenAI Primer: Fundamentals for All Employees Everyone!!,6973489,Mana Dowlatshahi Yeganeh,"Artificial Intelligence (AI), Recommendation Engine, Sentiment Analysis, Text Mining, Business Strategy",Business Fundamentals,All Levels,13.5 hours,4.0,9,610,"Rp149,000",3/2026,0,0,0,https://www.udemy.com/course/ai-genai-primer-fundamentals-for-all-employees-everyone/
Business Administration,5697982,"MTF Institute of Management, Technology and Finance","Management Skills, Leadership, MBA, Management, Business",Business Fundamentals,All Levels,1.5 hours,4.3,329,20236,"Rp149,000",9/2024,15,0,3,https://www.udemy.com/course/micro-mba-in-business-administration/
Business Development Certification Practice Exams,4598846,Growth Central,"Business Development, Sales, Business",Business Fundamentals,All Levels,N/A,4.1,2,3,"Rp149,000",3/2022,0,0,0,https://www.udemy.com/course/business-development-certification-practice-exams-v/
Executive Diploma in Business Management and Administration,5799108,"MTF Institute of Management, Technology and Finance","Leadership, Project Management, Management Skills, Business Fundamentals, Management",Business Fundamentals,All Levels,3 hours,4.4,636,23424,"Rp149,000",9/2024,20,0,12,https://www.udemy.com/course/executive-diploma-in-business-management-and-administration/
How to Write the Ultimate 1 Page Strategic Business Plan,170840,"William U. Peña, MBA","Business Strategy, Business Fundamentals, Writing, Business Plan, Business",Business Fundamentals,All Levels,42 mins,4.5,4082,65252,"Rp149,000",12/2023,1,0,22,https://www.udemy.com/course/how-to-write-the-ultimate-strategic-business-plan/
Business Plan through investors' eyes,702528,Yoram Solomon,"Business Plan, Business Strategy, Investor Pitching, Business Idea Generation, Business",Business Fundamentals,All Levels,4.5 hours,4.3,28,342,"Rp149,000",2/2016,0,0,21,https://www.udemy.com/course/business-plan-through-investors-eyes/
31 Startup Business Model : Best Course for Entrepreneurs,3909642,Navdeep Yadav,"Business Model, Business Fundamentals, Business Strategy, Business",Business Fundamentals,All Levels,8 hours,4.2,1426,117576,"Rp149,000",2/2026,7,0,9,https://www.udemy.com/course/start-business-model-course/
Preparing a Business Plan,4344340,Sorin Dumitrascu,"Business Plan, Business Strategy, Business",Business Fundamentals,Beginner,2 hours,4.4,15,186,"Rp149,000",11/2025,5,0,40,https://www.udemy.com/course/preparing-a-business-plan/
Entrepreneurship : how to start and manage a business?,1840900,Aurelien Millot,"Business Strategy, Business Fundamentals, Entrepreneurship, Business",Business Fundamentals,Beginner,4 hours,4.7,12,50,"Rp149,000",5/2025,2,0,6,https://www.udemy.com/course/launching-your-own-business/
Entrepreneurship and Innovation - Start your own business,4520864,Dr. José Prabhu J,"Entrepreneurship Fundamentals, Social Entrepreneurship, Entrepreneurship, Business",Business Fundamentals,All Levels,1.5 hours,4.2,226,25609,"Rp149,000",7/2025,0,0,0,https://www.udemy.com/course/entrepreneruship-and-innovation-start-your-own-business/
Case Studies of Entrepreneur Mistakes with Sramana Mitra,5433574,Sramana Mitra,"Entrepreneurship Fundamentals, Entrepreneurship, Business",Business Fundamentals,All Levels,11.5 hours,4.8,7,73,"Rp149,000",11/2025,0,0,2,https://www.udemy.com/course/entrepreneurmistakes/
Business Idea Generation for Management Consultants,3149914,Asen Gyczew,"Business Idea Generation, Business Strategy, Business",Business Fundamentals,Intermediate,5 hours,4.6,298,2628,"Rp149,000",4/2026,2,0,9,https://www.udemy.com/course/business-idea-generation-for-management-consultants/
The Complete Guide to Writing Your Business Plan,3548790,Driven By... Co.,"Business Plan, Business Fundamentals, Entrepreneurship, Business",Business Fundamentals,All Levels,4.5 hours,4.4,36,6066,"Rp149,000",9/2024,0,0,7,https://www.udemy.com/course/writing-your-business-plan/
"Entrepreneurship: Launch, Grow, Succeed Your Business",6137313,Fahad Virk,"Entrepreneurship Fundamentals, Entrepreneurship, Business",Business Fundamentals,All Levels,3.5 hours,4.9,N/A,3,"Rp149,000",7/2025,0,0,0,https://www.udemy.com/course/entrepreneurship-launch-grow-and-succeed-your-business/
The Ultimate Guide To Starting a Business,1678678,Ioannis Antypas,"Entrepreneurship Fundamentals, Business Budgeting, Business Fundamentals, Business Strategy, Entrepreneurship",Business Fundamentals,Beginner,1 hour,4.2,67,19061,"Rp149,000",8/2021,1,0,0,https://www.udemy.com/course/the-ultimate-guide-to-starting-a-business-in-90-days/
Executive Program in Management & Business Administration,5419966,"MTF School of Business and Management Institute of Management, Technology and Finance","MBA, Management Skills, Business Fundamentals, Leadership, Management",Business Fundamentals,All Levels,72 hours,4.5,386,2840,"Rp1,799,000",2/2026,374,0,237,https://www.udemy.com/course/mba_mtfi/
10 Essential Numbers Every Business Owner Should Know,302450,Lisa Newton,"Business Fundamentals, Business Strategy, Finance, Finance & Accounting",Business Fundamentals,All Levels,1 hour,4.6,6,45,"Rp149,000",7/2023,1,0,4,https://www.udemy.com/course/10-numbers-every-business-owner-should-know/
The Business Plan Blueprint [ Including Template ],5231924,Marc Hamill,"Business Plan, Entrepreneurship, Business",Business Fundamentals,All Levels,36 mins,4.6,9,3003,"Rp149,000",3/2023,0,0,2,https://www.udemy.com/course/the-business-plan-blueprint-including-template/
Low Cost Business Models,1056952,Asen Gyczew,"Business Model, Business Fundamentals, Business Strategy, Entrepreneurship, Business",Business Fundamentals,Intermediate,2 hours,4.6,491,5585,"Rp149,000",1/2026,4,0,6,https://www.udemy.com/course/low-cost-business-models/
Executive Program in Business and Entrepreneurship,5837550,"MTF School of Business and Management Institute of Management, Technology and Finance","Startup, Business Fundamentals, Entrepreneurship Fundamentals, Entrepreneurship, Business",Business Fundamentals,All Levels,7 hours,5.0,19,81,"Rp1,799,000",5/2025,60,0,5,https://www.udemy.com/course/entrepreneurship-and-business/
Create a long-term successful Software Company,2672230,"Dan Prodi, Pipi Rahayu","Business Development, Business Strategy, Business",Business Fundamentals,All Levels,16 hours,4.5,107,1585,"Rp149,000",1/2020,1,0,176,https://www.udemy.com/course/create-a-long-term-successful-software-company/
Business Planning: Performing Key Analyses,4352032,Sorin Dumitrascu,"Business Plan, Business Strategy, Business",Business Fundamentals,Beginner,2 hours,4.9,12,156,"Rp149,000",11/2025,7,0,46,https://www.udemy.com/course/performing-key-analyses/
Mastery of International Business Practices,3866974,Sentinel | 9,"Business Strategy, International Relations, Other Business, Business",Business Fundamentals,All Levels,2 hours,4.6,10,51,"Rp149,000",9/2022,2,0,5,https://www.udemy.com/course/international-business-applied-fundamentals/
Executive Diploma in Business Strategy,5488012,"MTF Institute of Management, Technology and Finance","Business Strategy, Management Skills, Business Fundamentals, Leadership, Business",Business Fundamentals,All Levels,1.5 hours,4.4,654,31601,"Rp149,000",9/2024,9,0,9,https://www.udemy.com/course/diploma-business-strategy/
Master in New Business Development and Entrepreneurship,6282555,"Arun Singhal B-Tech, MBA (IIM-B),Unilever, J&J, Danone, IIMU, Cello","Entrepreneurship Fundamentals, Entrepreneurship, Business",Business Fundamentals,All Levels,8 hours,4.3,37,9098,"Rp149,000",3/2026,0,0,54,https://www.udemy.com/course/master-in-new-business-development-and-entrepreneurship/
Chief Business Development Officer Executive Certification,5452902,"MTF Institute of Management, Technology and Finance","Business Development, Sales Skills, Leadership, Sales Management, Sales",Business Fundamentals,All Levels,N/A,4.7,168,14398,"Rp149,000",8/2023,0,0,0,https://www.udemy.com/course/chief-business-development-officer-cbdo/
Economics: Macroeconomic Fundamentals for Managers,511852,"Davis Jones, Eazl.ai Courseware, Emma Jeffers","Macroeconomics, Management, Business",Business Fundamentals,All Levels,1 hour,4.2,998,12997,"Rp149,000",7/2024,2,0,0,https://www.udemy.com/course/advanced-management-training-macroeconomics-mba-udemy/
"Discover, Validate & Launch New Business Ideas with ChatGPT",823902,"Paul Nekh. | Business | Innovation | Video, Olena T. (FR)","Startup, Business Idea Generation, ChatGPT, Entrepreneurship, Business",Business Fundamentals,All Levels,5 hours,4.6,3900,36647,"Rp159,000",2/2026,11,0,4,https://www.udemy.com/course/find-and-evaluate-new-startup-ideas/
Become a Master of Business Management,1055110,Greg Vanderford,"Management Skills, Business Fundamentals, Business Strategy, Management, Business",Business Fundamentals,Beginner,2 hours,4.3,108,855,"Rp149,000",7/2017,0,0,1,https://www.udemy.com/course/business-management/
Business Leadership & Team Management (Prof.Cert.),3479654,David Swinfen,"Leadership, Management, Business",Business Fundamentals,Intermediate,1 hour,4.2,195,18223,"Rp149,000",1/2024,0,0,1,https://www.udemy.com/course/business-leadership-team-management-masterclass-2020/
UNPUB Business Model Innovation For Brand Growth | Module 4,4083888,Expert Academy,"Innovation, Business Strategy, Strategic Thinking, Business",Business Fundamentals,Intermediate,1 hour,2.1,3,2318,"Rp149,000",1/2024,0,0,2,https://www.udemy.com/course/business-innovation-for-brand-growth-module-4/
SD-WAN or MPLS? Software-Defined WAN: Fundamental Concepts!!,6982401,Mana Dowlatshahi Yeganeh,"SD-WAN, High Availability, VMware NSX, CompTIA Cloud+, IT Certifications",Business Fundamentals,All Levels,17.5 hours,4.9,14,561,"Rp149,000",3/2026,0,0,0,https://www.udemy.com/course/sd-wan-or-mpls-software-defined-wan-fundamental-concepts/
Startup With No Money | Power Tactics for Entrepreneur,3742512,Chang Liu,"Lean Startup, Entrepreneurship Fundamentals, IT Startup, Entrepreneurship, Business",Business Fundamentals,Expert,5 hours,4.2,11,76,"Rp149,000",9/2025,0,0,19,https://www.udemy.com/course/lean-startup-execution/
Entrepreneurship Management,5498664,Human and Emotion: CHRMI,"Entrepreneurship Fundamentals, Business Strategy, Business",Business Fundamentals,Intermediate,7.5 hours,4.6,34,4039,"Rp149,000",10/2023,2,0,0,https://www.udemy.com/course/entrepreneurship-management/
Sustainable Development: Business Fundamentals,3299412,Mike L,"Sustainable Development, Other Business, Business",Business Fundamentals,Beginner,3.5 hours,4.2,288,13944,"Rp149,000",7/2020,0,0,0,https://www.udemy.com/course/sustainable-development-business-fundamentals/
Business Growth Acceleration,1817556,Nisandeh Neta,"Marketing Strategy, Business Strategy, Marketing Fundamentals, Marketing",Business Fundamentals,All Levels,2 hours,4.3,26,1569,"Rp149,000",9/2018,1,0,0,https://www.udemy.com/course/business-growth-acceleration/
The Psychology Of The Ultimate Entrepreneur,1500464,Vladimir Raykov,"Entrepreneurship Fundamentals, Psychology, Entrepreneurship, Business",Business Fundamentals,All Levels,3 hours,4.5,1056,8123,"Rp149,000",1/2026,3,0,36,https://www.udemy.com/course/the-psychology-of-the-ultimate-entrepreneur/
The 30 Minute Business Plan,1704740,"Steve Burnside, M.B.A.","Business Strategy, Business Fundamentals, Entrepreneurship, Business",Business Fundamentals,Beginner,29 mins,4.5,322,5285,"Rp149,000",2/2019,0,0,1,https://www.udemy.com/course/30-minute-business-plan/
Business Administration Executive Certification,5282060,"MTF Institute of Management, Technology and Finance","Business Fundamentals, Leadership, Management, Business",Business Fundamentals,All Levels,N/A,4.6,267,19426,"Rp149,000",12/2025,0,0,0,https://www.udemy.com/course/businessadministration/
Startup Growth Strategies: Simple Approaches for Fast Growth,1109078,Ian Bednowitz,"Growth Hacking, Business Strategy, Startup, Entrepreneurship, Business",Business Fundamentals,All Levels,2 hours,4.6,1161,8390,"Rp149,000",5/2017,4,0,0,https://www.udemy.com/course/startup-growth-strategies-simple-approaches-for-fast-growth/
Startup Exit Strategy Case Studies with Sramana Mitra,4447206,Sramana Mitra,"Entrepreneurship Fundamentals, Entrepreneurship, Business",Business Fundamentals,All Levels,3.5 hours,4.2,12,938,"Rp149,000",10/2024,0,0,2,https://www.udemy.com/course/startupexitstrategy/
Advanced Competitive Strategy: Market Analysis & Innovation,7071915,"MTF Institute of Management, Technology and Finance","Marketing Strategy, Management Skills, Business Strategy, Marketing Analytics, Marketing Fundamentals",Business Fundamentals,All Levels,2 hours,5.0,1,208,"Rp149,000",3/2026,1,0,5,https://www.udemy.com/course/advanced-competitive-strategy-market-analysis-innovation/
Entrepreneurship Case Studies from India with Sramana Mitra,4079364,Sramana Mitra,"Entrepreneurship Fundamentals, Entrepreneurship, Business",Business Fundamentals,All Levels,19 hours,4.4,31,208,"Rp149,000",12/2023,0,0,7,https://www.udemy.com/course/indiacasestudies1/
Advanced Program in Entrepreneurship,5560460,"MTF Institute of Management, Technology and Finance","Management Skills, Leadership, MBA, Entrepreneurship Fundamentals, Entrepreneurship",Business Fundamentals,All Levels,10.5 hours,4.2,467,42200,"Rp149,000",9/2024,0,0,50,https://www.udemy.com/course/minimba-in-business-management-and-entrepreneurship/
Executive Diploma in Business Management,5517586,"MTF Institute of Management, Technology and Finance","Business Fundamentals, Management Skills, MBA, Leadership, Management",Business Fundamentals,All Levels,1 hour,4.3,744,31031,"Rp149,000",9/2024,14,0,4,https://www.udemy.com/course/executive-diploma-in-business-management/
How to Start and Grow a Family Business,1455034,Skillay Academy,"Corporate Governance, Startup, Business Strategy, Entrepreneurship, Business",Business Fundamentals,All Levels,1 hour,4.3,62,292,"Rp149,000",5/2020,0,0,1,https://www.udemy.com/course/how-to-start-and-grow-a-family-business/
Entrepreneurship 101: Explore Validate Launch Your Business,4656204,"Aaishwarya Chandra, Aclaran Academy","Management Skills, Entrepreneurship Fundamentals, Business Development, Entrepreneurship, Business",Business Fundamentals,All Levels,8 hours,4.4,32,102,"Rp149,000",2/2025,9,0,1,https://www.udemy.com/course/entrepreneurship-the-art-of-building-you-and-your-business/
90 Days To Freedom Business Training Programme,1204488,Amanda C. Watts,"Business Fundamentals, Business Strategy, Marketing Strategy, Entrepreneurship, Business",Business Fundamentals,All Levels,6 hours,4.8,13,2213,Free,5/2017,0,0,25,https://www.udemy.com/course/90-days-to-freedom/
Executive Diploma in Business Administration,5382218,"MTF Institute of Management, Technology and Finance","Leadership, Project Management, Management Skills, Business Fundamentals, Management",Business Fundamentals,All Levels,2 hours,4.5,877,27426,"Rp149,000",9/2024,5,0,9,https://www.udemy.com/course/business_administration/
Entrepreneurship Qualities For First-Time Entrepreneurs,447178,Alex Genadinik's Teaching Assistant,"Business Fundamentals, Social Entrepreneurship, Personal Success, Entrepreneurship Fundamentals, Leadership",Business Fundamentals,Beginner,3 hours,4.2,27,2927,"Rp149,000",1/2022,1,0,14,https://www.udemy.com/course/entrepreneurship-skills-psychology-to-be-an-entrepreneur/
How to Write a Business Plan,1462472,Skillay Academy,"Business Plan, Business Fundamentals, Business Strategy, Management, Business",Business Fundamentals,All Levels,44 mins,4.4,180,863,"Rp149,000",3/2019,0,0,9,https://www.udemy.com/course/how-to-write-a-business-plan-course/
Master Course in Digital Innovation & Intrapreneurship 2.0,5546996,Dr. José Prabhu J,"Innovation, Entrepreneurship Fundamentals, Entrepreneurship, Business",Business Fundamentals,All Levels,1 hour,4.7,69,12978,"Rp149,000",7/2025,0,0,0,https://www.udemy.com/course/digital-innovation-intrapreneurship/
Career Development & Own Business,5597262,Grigor Yovov,"Career Development, Entrepreneurship Fundamentals, Startup, Business Fundamentals, Personal Development",Business Fundamentals,All Levels,1 hour,5.0,53,112,"Rp249,000",9/2025,2,0,0,https://www.udemy.com/course/red-pills-for-business-success/
How to Start a Business,9521,"Bplans School of Business, Tim Berry","Entrepreneurship Fundamentals, Entrepreneurship, Business",Business Fundamentals,All Levels,7 hours,4.1,77,1071,"Rp149,000",9/2015,29,0,3,https://www.udemy.com/course/how-to-start-a-business/
Executive Diploma in Corporate Entrepreneurship,5488004,"MTF Institute of Management, Technology and Finance","Entrepreneurship Fundamentals, Startup, Management Skills, Leadership, Entrepreneurship",Business Fundamentals,All Levels,2 hours,4.4,314,25038,"Rp149,000",9/2024,5,0,9,https://www.udemy.com/course/corporate-entrepreneurship/
Food Truck Business Fundamental,5985612,Eric Yeboah,"Food Truck, Industry, Business",Business Fundamentals,All Levels,1.5 hours,3.8,2,6,"Rp149,000",5/2024,0,0,0,https://www.udemy.com/course/food-truck-business-fundamental/
Emerging Markets and Business in Developing Countries,5819936,Dr. José Prabhu J,"Entrepreneurship Fundamentals, Entrepreneurship, Business",Business Fundamentals,All Levels,1 hour,4.1,20,5208,"Rp149,000",6/2025,0,0,0,https://www.udemy.com/course/emerging-markets-and-business-in-developing-countries/
Professional Diploma in Business Models Development,5844848,"MTF Institute of Management, Technology and Finance","Business Model, Business Fundamentals, Business Strategy, Entrepreneurship Fundamentals, Entrepreneurship",Business Fundamentals,All Levels,1 hour,4.4,87,19748,"Rp149,000",9/2024,12,0,1,https://www.udemy.com/course/professional-diploma-in-business-models-development/
MBA Business Tools That Get Results--Free Workbooks Included,1091736,"Warren Chalklen, PhD","Personal Success, Business Fundamentals, Business Strategy, Leadership, Entrepreneurship",Business Fundamentals,All Levels,4 hours,4.2,103,23162,"Rp149,000",4/2018,4,0,4,https://www.udemy.com/course/mba-business-tools-that-get-results-free-workbooks-included/
C-level management: 20 models for business operations (4/5),5901248,"Matthieu Bout, Joppe Ballet","Management Skills, Management, Business",Business Fundamentals,All Levels,4 hours,4.5,20,10200,"Rp149,000",8/2024,0,0,15,https://www.udemy.com/course/c-level-management-100-models-for-business-success-part-4/
Jesus Teaches YOU How to Build a WorldClass Business Company,994242,Stan Hustad,"Christianity, Business Fundamentals, Entrepreneurship, Business",Business Fundamentals,All Levels,1.5 hours,4.8,30,1059,"Rp149,000",1/2017,0,0,0,https://www.udemy.com/course/the-jesus-secret-how-to-build-a-world-class-company/
Craft a Captivating Business Plan: Unconventional Strategies,5555242,Rebecca Brizi,"Business Plan, Business Strategy, Business",Business Fundamentals,Intermediate,2 hours,4.8,8,178,"Rp149,000",3/2026,0,0,21,https://www.udemy.com/course/3-creative-ways-to-write-a-business-plan/
"Growth Hacking, Business Development: Marketing Fundamentals",1222500,Gab Jean,"Business Development, Growth Hacking, Marketing",Business Fundamentals,All Levels,6 hours,3.5,126,3028,"Rp149,000",10/2017,0,0,0,https://www.udemy.com/course/growth-hacking-business-development-marketing-fundamentals/
Business Ideas Generation & Selection for successful startup,4440204,"Arun Singhal B-Tech, MBA (IIM-B),Unilever, J&J, Danone, IIMU, Cello","Business Intelligence (BI), Entrepreneurship, Business",Business Fundamentals,All Levels,2.5 hours,4.6,79,30316,"Rp149,000",3/2026,0,0,18,https://www.udemy.com/course/learn-and-generate-select-right-business-ideas/
Entrepreneurship: Build the Mindset and Start Your Business,4525260,"Col (Dr) Shabbar Shahid. M-Tech, MBA(Fin), CE, FIE(I), PhD, M M","Entrepreneurship Fundamentals, Entrepreneurship, Business",Business Fundamentals,All Levels,2.5 hours,4.6,149,1679,"Rp149,000",4/2026,0,0,2,https://www.udemy.com/course/the-essence-of-entrepreneurship-can-i-startup/
Business Model Innovation for Management Consultants,4254192,Asen Gyczew,"Innovation, Business Strategy, Business",Business Fundamentals,Intermediate,5 hours,4.5,332,2750,"Rp149,000",4/2026,2,0,12,https://www.udemy.com/course/business-model-innovation-for-management-consultants/
Introduction to Entrepreneurial Skills,2315694,Management Study Guide,"Entrepreneurship Fundamentals, Entrepreneurship, Business",Business Fundamentals,Beginner,39 mins,4.7,6,259,"Rp149,000",10/2024,1,0,1,https://www.udemy.com/course/introduction-to-entrepreneurial-skills/
The 2022 Complete Masterclass On Writing A Business Plan,153846,"Chris Benjamin, MBA & CFO","Business Plan, Business Fundamentals, Business Strategy, Entrepreneurship, Business",Business Fundamentals,All Levels,3 hours,4.4,76,1511,"Rp149,000",10/2022,1,0,16,https://www.udemy.com/course/how-to-write-a-business-plan-for-raising-investor-capital/
Business Planning,721040,Debi Peverill,"Business Plan, Goal Setting, Business Strategy, Business",Business Fundamentals,All Levels,34 mins,4.4,16,77,"Rp149,000",2/2017,5,0,26,https://www.udemy.com/course/goal-keeping-2016/
Entrepreneurship Effectuation Theory Ninja: Pro's DIY Method,1854284,Saad T. Hameed (STH) • 0.9+ Million Enrollments Worldwide,"Entrepreneurship Fundamentals, Social Entrepreneurship, Startup, Entrepreneurship, Business",Business Fundamentals,All Levels,1.5 hours,4.7,55,10940,"Rp149,000",4/2026,2,0,0,https://www.udemy.com/course/effectuation/
Sales and Business Case Development,613786,Sorin Dumitrascu,"Business Case, Business Development, Business Strategy, Sales Skills, Business",Business Fundamentals,Intermediate,3.5 hours,4.4,137,9049,"Rp149,000",11/2025,4,0,60,https://www.udemy.com/course/business-basic-learn-sales-and-business-case-development/
Preparing Business Plan Implementation,4361824,Sorin Dumitrascu,"Business Plan, Business Strategy, Business",Business Fundamentals,Beginner,2 hours,4.7,15,167,"Rp149,000",11/2025,3,0,44,https://www.udemy.com/course/preparing-for-implementation/
Starting your business: Guide for Turning Ideas into Reality,6018844,"Matthieu Bout, Daan Hannon, Joppe Ballet","Business Idea Generation, Business Fundamentals, Entrepreneurship, Business",Business Fundamentals,Beginner,5 hours,4.6,53,13423,"Rp149,000",8/2025,10,0,29,https://www.udemy.com/course/craft-a-compelling-business-idea-from-scratch/
Entrepreneurship Case Studies from Europe with Sramana Mitra,4084538,Sramana Mitra,"Entrepreneurship Fundamentals, Entrepreneurship, Business",Business Fundamentals,All Levels,13.5 hours,5.0,6,41,"Rp149,000",4/2023,0,0,15,https://www.udemy.com/course/europecasestudies/
"Entrepreneurial Orientation, Intention, Behavior & Culture",5819858,Dr. José Prabhu J,"Social Entrepreneurship, Entrepreneurship Fundamentals, Entrepreneurship, Business",Business Fundamentals,All Levels,1.5 hours,4.6,18,5876,"Rp149,000",6/2025,0,0,0,https://www.udemy.com/course/entrepreneurial-orientation-intention-behavior-culture/
Create a Damn Good Business Plan !?,37061,Timmermans Laurent,"Business Plan, Business Strategy, Business Fundamentals, Business",Business Fundamentals,All Levels,3 hours,4.1,115,2571,"Rp149,000",6/2014,3,0,7,https://www.udemy.com/course/create-a-damn-good-business-plan/
How to Start and Grow Your Business,1430576,Skillay Academy,"Business Fundamentals, Business Strategy, Entrepreneurship, Business",Business Fundamentals,Beginner,1 hour,4.2,91,2415,"Rp149,000",5/2020,0,0,1,https://www.udemy.com/course/how-to-start-and-grow-your-business/
Start Your Own Business: From Startup Idea to Product Launch,6170099,Fahad Virk,"Startup, Entrepreneurship, Business",Business Fundamentals,All Levels,1.5 hours,4.1,6,604,"Rp149,000",9/2024,0,0,0,https://www.udemy.com/course/start-your-own-business-from-startup-idea-to-product-launch/
Business Plan Success ( Including Template ),3912654,Marc Hamill,"Business Plan, Business Strategy, Business",Business Fundamentals,All Levels,32 mins,4.5,220,21441,"Rp149,000",8/2022,0,0,3,https://www.udemy.com/course/business-plan-success/
The Successful Entrepreneurial Mindset,1341620,"Scott Paton, Erik Stafford, Scott Alex","Entrepreneurship Fundamentals, Mindset, Entrepreneurship, Business",Business Fundamentals,All Levels,2 hours,4.2,343,37952,"Rp149,000",10/2017,2,0,0,https://www.udemy.com/course/entrepreneurial-mindset/
C-level management: 20 models for business operations (2/5),5820876,"Matthieu Bout, Joppe Ballet","Business Model, Business Strategy, Business",Business Fundamentals,All Levels,3 hours,4.3,24,11965,"Rp149,000",8/2024,0,0,29,https://www.udemy.com/course/c-level-management-100-models-for-business-success-part-2/
Idea to Ideal Business: 11-Step System for Every Founder,6715649,Boomy Tokan,"Entrepreneurship, Business",Business Fundamentals,Beginner,1 hour,4.5,12,2657,Free,7/2025,0,0,0,https://www.udemy.com/course/idea-to-ideal-business-11-step-system-for-every-founder/
Mindfulness for Entrepreneurs and Startup Founders,4123664,Vasco Patrício,"Mindfulness, Entrepreneurship Fundamentals, Stress Management, Personal Development",Business Fundamentals,All Levels,1 hour,4.6,42,2522,"Rp149,000",11/2022,1,0,15,https://www.udemy.com/course/mindfulness-entrepreneurs/
Quantum Computing Fundamentals for Professionals,5586630,"Learnsector LLP, Rajnish Tandon","Quantum Computing, Quantum Mechanics (physics), Other IT & Software, IT & Software",Business Fundamentals,All Levels,2 hours,4.8,17,1067,"Rp149,000",11/2025,0,0,0,https://www.udemy.com/course/quantum-computing-fundamentals-for-professionals/
Entrepreneurship: How To Start Your Own Business,614950,Boomy Tokan,"Entrepreneurship Fundamentals, Startup, Business Fundamentals, Business Strategy, Entrepreneurship",Business Fundamentals,Beginner,2 hours,4.3,110,31300,"Rp149,000",4/2025,0,0,1,https://www.udemy.com/course/entrepreneurship-startup-quickly/
High-Tech Entrepreneurship & Strategic Entrepreneurship 2.0,5549532,Dr. José Prabhu J,"Entrepreneurship Fundamentals, IT Startup, Entrepreneurship, Business",Business Fundamentals,All Levels,1 hour,4.1,40,9854,"Rp149,000",7/2025,0,0,0,https://www.udemy.com/course/high-tech-entrepreneurship-strategic-entrepreneurship/
Master Course of Lean Startup and IT Startup,4859974,Dr. José Prabhu J,"Lean Startup, Startup, IT Startup, Entrepreneurship, Business",Business Fundamentals,All Levels,1.5 hours,4.2,86,27520,"Rp149,000",7/2025,0,0,0,https://www.udemy.com/course/the-lean-startup-it-startup-master-course/
The Startup Strategy Fundamentals,5013808,Stephen Odhiambo Ogweno,"Business Strategy, Entrepreneurship, Business",Business Fundamentals,All Levels,2 hours,4.7,9,1026,"Rp149,000",12/2022,0,0,0,https://www.udemy.com/course/the-startup-strategy-fundamentals/
Startups: Incorporation Pros and Cons for Entrepreneurs,2479388,Crystal Tummala,"Business Law, Entrepreneurship, Business",Business Fundamentals,Beginner,32 mins,4.0,8,516,"Rp149,000",11/2024,0,0,0,https://www.udemy.com/course/should-you-start-up-your-business-as-a-sole-proprietorship/
The Business Plan,171018,Three Sixty Academy,"Business Idea Generation, Business Fundamentals, Business Strategy, Entrepreneurship, Business",Business Fundamentals,All Levels,1 hour,4.1,19,3269,"Rp149,000",6/2014,0,0,0,https://www.udemy.com/course/the-business-plan/
How to Get More Clients for Your Consulting Business,131892,Lenard Martini,"Coaching and Consulting Business, Marketing Fundamentals, Marketing",Business Fundamentals,All Levels,1.5 hours,4.4,44,539,Free,5/2020,0,0,0,https://www.udemy.com/course/how-to-start-as-a-consultant-attract-and-retain-customers/
Masterclass: Start your Coffee Shop Business!,1162168,"BIZCOOL, Entreprenuership and Business Fundamentals","Entrepreneurship Fundamentals, Startup, Entrepreneurship, Business",Business Fundamentals,Beginner,3.5 hours,3.8,320,2206,"Rp149,000",5/2018,0,0,49,https://www.udemy.com/course/start-your-coffee-shop-business/
Business Writing & Listening Skills [2 Course Bundle],5820202,Intellezy Trainers,"Business Writing, Writing, Email Writing and Etiquette, Other Office Productivity, Office Productivity",Business Fundamentals,All Levels,37 mins,3.1,4,4,Free,5/2024,0,0,0,https://www.udemy.com/course/business-writing-listening-skills-2-course-bundle/
Applying the Business Model Canvas,1775700,Steven Imke,"Business Model Canvas, Business Strategy, Entrepreneurship, Business",Business Fundamentals,Beginner,2 hours,4.3,32,134,"Rp149,000",2/2019,0,0,5,https://www.udemy.com/course/applying-the-business-model-canvas/
Starting your own business - where to begin!,5012066,Kelly Perrin,"Entrepreneurship Fundamentals, Entrepreneurship, Business",Business Fundamentals,Beginner,32 mins,4.5,27,1766,"Rp149,000",12/2022,0,0,1,https://www.udemy.com/course/starting-your-own-business-where-to-begin/
Write Your Business Plan (in ONE DAY) use ChatGPT! & ELSA,5548374,Boomy Tokan,"Business Plan, ChatGPT, Entrepreneurship, Business",Business Fundamentals,Beginner,3 hours,4.4,129,26523,"Rp149,000",4/2025,0,0,2,https://www.udemy.com/course/business-planning-simplified-write-your-plan-with-chatgpt/
Masterclass: Start Your Food Business 7 courses in 1,1592950,"BIZCOOL, Entreprenuership and Business Fundamentals","Business Fundamentals, Entrepreneurship, Business",Business Fundamentals,Beginner,5 hours,4.4,68,1678,"Rp149,000",5/2018,0,0,48,https://www.udemy.com/course/masterclass-start-your-food-business-7-courses-in-1/
Strategic Business Planning,6228371,Hains Academy,"Strategic Planning, Business Plan, Business Development, Entrepreneurship, Business",Business Fundamentals,All Levels,1 hour,3.6,5,1000,"Rp149,000",10/2024,0,0,0,https://www.udemy.com/course/entrepreneurial-series-part-3-strategic-business-planning/
Growing Your Business Exponentially,302792,Lisa Newton,"Business Strategy, Business Fundamentals, Business",Business Fundamentals,All Levels,2.5 hours,4.0,1,14,"Rp339,000",5/2025,0,0,6,https://www.udemy.com/course/growing-your-business/
Sales for Beginners: Sales Fundamentals for Entrepreneurs,6290341,Tareq Hajj,"Sales Skills, Business Communication, Sales Funnel, Entrepreneurship Fundamentals, Sales",Business Fundamentals,Beginner,1.5 hours,4.0,18,5016,"Rp149,000",11/2024,0,0,0,https://www.udemy.com/course/sales-for-beginners-sales-fundamentals-for-entrepreneurs-tareq-hajj/
Business Goal-Setting Masterclass: The Complete Course,1465942,Business Hero,"Business Strategy, Business Fundamentals, Goal Setting, Business",Business Fundamentals,All Levels,2 hours,4.3,57,3713,"Rp149,000",1/2018,0,0,1,https://www.udemy.com/course/business-goal-setting-masterclass-the-complete-course/
Business Plan Mastery: Write Yours Fast with AI & Templates,729646,Boomy Tokan,"Business Plan, Business Fundamentals, Business Strategy, Business",Business Fundamentals,All Levels,2 hours,4.4,427,41476,"Rp149,000",4/2025,2,0,3,https://www.udemy.com/course/business-plan-learn-how-to-create-it-in-1hr/
Finding and Reviewing High-Potential Business Ideas,1976338,GabyI. Business Coach,"Business Idea Generation, Startup, Business Plan, Entrepreneurship Fundamentals, Business Strategy",Business Fundamentals,Beginner,1 hour,4.0,41,6539,Free,1/2025,0,0,1,https://www.udemy.com/course/business-idea-generation/
How to Market Your Business,10967,"Bplans School of Business, Tim Berry","Business Strategy, Business Fundamentals, Market Research, Marketing Fundamentals, Marketing",Business Fundamentals,All Levels,1.5 hours,4.4,22,378,Free,5/2018,5,0,0,https://www.udemy.com/course/how-to-market-your-business/
Masterclass: How to Start your Bakeshop Business!,1585930,"BIZCOOL, Entreprenuership and Business Fundamentals","Business Fundamentals, Business Strategy, Entrepreneurship, Business",Business Fundamentals,Beginner,3 hours,3.6,15,1000,"Rp149,000",5/2018,0,0,36,https://www.udemy.com/course/masterclass-how-to-start-your-bakeshop-business/
Incorporate A Business: A Complete Startup Guide,1876486,Frazer Law,"Startup, Business Fundamentals, Business Law, Business",Business Fundamentals,All Levels,1 hour,4.4,15,435,"Rp149,000",4/2026,0,0,0,https://www.udemy.com/course/how-to-incorporate-business/
"Bootstrapping, Business Without Money, Investments Getting",5845088,"MTF Institute of Management, Technology and Finance","Business Fundamentals, Entrepreneurship Fundamentals, Investing, Entrepreneurship, Business",Business Fundamentals,All Levels,1 hour,4.3,34,18959,"Rp149,000",10/2025,7,0,1,https://www.udemy.com/course/bootstrapping-business-without-money-investments-getting/
The Complete Actionable Business Plan Project Schedule,1766650,"Chris Benjamin, MBA & CFO","Business Fundamentals, Business Strategy, Entrepreneurship, Business",Business Fundamentals,Beginner,1.5 hours,4.8,7,87,"Rp149,000",6/2023,1,0,3,https://www.udemy.com/course/build-an-actionable-business-plan-schedule/
Masterclass: Start a Profitable Restaurant Business,1169912,"BIZCOOL, Entreprenuership and Business Fundamentals","Restaurant Management, Business Fundamentals, Entrepreneurship, Business",Business Fundamentals,Beginner,3 hours,4.1,63,1650,"Rp149,000",5/2018,0,0,47,https://www.udemy.com/course/how-to-start-your-restaurant-business/
Masterclass: How to Start a Make-up Artistry Business,1592964,"BIZCOOL, Entreprenuership and Business Fundamentals, Nix X Abby Makeup Artistry Co.","Business Fundamentals, Business Strategy, Entrepreneurship, Business",Business Fundamentals,Beginner,3.5 hours,4.2,15,896,"Rp149,000",5/2018,0,0,42,https://www.udemy.com/course/masterclass-how-to-start-a-make-up-artistry-business/
"FREE COURSE: Business, Management & Leadership Fundamentals",2899504,Expert Academy,"Leadership, Business Strategy, Entrepreneurship Fundamentals, Management Coaching, Management",Business Fundamentals,All Levels,2 hours,4.4,2896,56489,Free,11/2025,1,0,0,https://www.udemy.com/course/free-course-business-management-leadership-fundamentals/
Business Finance Essentials,3523768,Chinmay Ananda,"Finance Fundamentals, Corporate Finance, Finance, Finance & Accounting",Business Fundamentals,Beginner,1 hour,4.7,749,7051,Free,9/2020,0,0,0,https://www.udemy.com/course/bfessentials/
Startup Business Fundamentals: Introduction to Entrepreneurs,6646687,"Pianalytix • 75,000+ Students Worldwide","Entrepreneurship Fundamentals, Startup, Business Fundamentals, IT Startup, Entrepreneurship",Business Fundamentals,All Levels,1.5 hours,4.5,36,1713,Free,5/2025,0,0,0,https://www.udemy.com/course/startup-business-entrepreneurship-course/
"Free Mini MBA: Strategy, Marketing and Project Management",7094771,Ahmed Bakr,"MBA, Business Fundamentals, Management, Business",Business Fundamentals,All Levels,2 hours,5.0,3,1150,Free,4/2026,7,0,6,https://www.udemy.com/course/mini-mba-crash-course/
Business Fundamentals: A Beginner's Guide,5018976,Galton College,"Business Fundamentals, Economics, Marketing Management, Accounting, Management",Business Fundamentals,All Levels,2 hours,4.2,32,969,Free,5/2024,0,0,8,https://www.udemy.com/course/business-fundamentals-a-beginners-guide/
Free Business Analysis Fundamentals for IT Professionals,6565907,Michael Nasonov,"Business Analysis, Business Analytics, Business Fundamentals, Project Management, Business Analytics & Intelligence",Business Fundamentals,Beginner,2 hours,4.3,134,2145,Free,11/2025,0,0,0,https://www.udemy.com/course/free-business-analysis-fundamentals-for-it-professionals/
1-Hour Entrepreneur | Quickly Experience Business Basics,5273272,Mathew Georghiou,"Entrepreneurship Fundamentals, Entrepreneurship, Business",Business Fundamentals,Beginner,2 hours,4.7,76,1793,Free,2/2024,4,0,3,https://www.udemy.com/course/1entrepreneur/
FUNDAMENTALS OF BUSINESS ORGANISATION AND MANAGEMENT,6724297,Dr Geddada Arun Kumar,"Business Fundamentals, Online Education, Teaching & Academics",Business Fundamentals,Intermediate,43 mins,4.6,39,800,Free,7/2025,3,0,0,https://www.udemy.com/course/fundamentals-of-business-organisation-and-management/
Evolution and Fundamentals of Business,4762878,Prabh Kirpa Classes,"Business Fundamentals, Management, Business",Business Fundamentals,All Levels,1 hour,4.5,17,1131,Free,7/2022,0,0,0,https://www.udemy.com/course/evolution-and-fundamentals-of-business/
Transforming your Idea into an Enterprise,3009146,Skills Outside School Foundation,"Business Idea Generation, Business Plan, Entrepreneurship, Business",Business Fundamentals,All Levels,39 mins,4.3,15,611,Free,2/2026,0,0,15,https://www.udemy.com/course/transforming-your-idea-into-an-enterprise/
Lean Strategies for Startups & innovative Business,2457600,"Manish Gupta, Paul Siegel","Entrepreneurship Fundamentals, Lean Startup, Business Strategy, Agile, Entrepreneurship",Business Fundamentals,Beginner,1.5 hours,4.6,119,5125,Free,12/2019,1,0,0,https://www.udemy.com/course/lean-strategies-for-business/
Introduction To Business Modeling,6409371,Rian Chapman,"Business Model Canvas, Business Strategy, Digital Transformation, Business",Business Fundamentals,Beginner,1.5 hours,4.4,29,1056,Free,1/2026,0,0,13,https://www.udemy.com/course/introduction-to-business-modeling/
Introduction to Business Ownership,44090,America's Small Business Development Center at West Texas A&M University,"Business Fundamentals, Business Strategy, Business",Business Fundamentals,Beginner,1 hour,4.4,1693,34373,Free,7/2021,0,0,0,https://www.udemy.com/course/introduction-to-business-ownership/
20 Colossal Business Mistakes - Startup or Ongoing Business,2137688,Nasser Lukmani,"Business Fundamentals, Business Strategy, Entrepreneurship, Business",Business Fundamentals,All Levels,1.5 hours,4.6,48,4448,Free,4/2024,0,0,0,https://www.udemy.com/course/20-colossal-business-mistakes/
3 Fatal mistakes every entrepreneur needs to avoid,1332088,Adrian Nantchev,"Entrepreneurship Fundamentals, Business Fundamentals, Entrepreneurship, Business",Business Fundamentals,Beginner,4 hours,4.1,39,6326,Free,8/2017,0,0,1,https://www.udemy.com/course/3-fcking-mistakes-every-entrepreneur-needs-to-avoid/
Essential Elements of A Good Business Plan,1676484,Karlene Sinclair-Robinson,"Business Plan, Business Fundamentals, Business Strategy, Entrepreneurship, Business",Business Fundamentals,Beginner,2 hours,4.4,47,3401,Free,5/2018,2,0,2,https://www.udemy.com/course/essential-elements-of-a-good-business-plan/
Entrepreneurship Essentials - A Beginner's Road to Success,6280921,Harry S,"Entrepreneurship Fundamentals, Startup, Business Fundamentals, Business Development, Entrepreneurship",Business Fundamentals,All Levels,2 hours,4.5,8,897,Free,11/2024,0,0,0,https://www.udemy.com/course/entrepreneurship-essentials-a-beginners-road-to-success/
Business Planning Foundations,2795286,"Suppachok Nitsoonkit, PhD","Business Plan, Entrepreneurship, Business",Business Fundamentals,All Levels,32 mins,4.1,25,1057,Free,2/2023,0,0,0,https://www.udemy.com/course/business-planning-foundations/
JOIN the Fundamentals of Home-Based Business Blueprint - HB3,4945402,Shaba Shams,"Business Strategy, Entrepreneurship, Business",Business Fundamentals,Beginner,2 hours,4.3,2,506,Free,3/2023,0,0,19,https://www.udemy.com/course/the-fundamentals-of-home-based-business-blueprint-hb3/
Build Your Business | Transition from Work to Business,3903788,Aadhesh Institute of Inner Studies AIIS,"Entrepreneurship Fundamentals, Business Fundamentals, Career Change, Career Coach Training, Entrepreneurship",Business Fundamentals,All Levels,1.5 hours,4.1,32,2689,Free,3/2021,0,0,0,https://www.udemy.com/course/build-your-business/
How To Start a Home Catering Business Fundamentals Free,5019732,William Morin,"Restaurant Management, Hospitality Marketing, Food Truck, Entrepreneurship, Business",Business Fundamentals,Beginner,1 hour,4.4,61,1532,Free,1/2025,0,0,0,https://www.udemy.com/course/how-to-start-a-home-catering-business-fundamentals-part-1/
30-minute Business Plan,3506740,Damiano Raspollini,"Business Plan, Project Management, Business",Business Fundamentals,Beginner,33 mins,3.9,37,2232,Free,10/2020,0,0,5,https://www.udemy.com/course/30-minute_business_plan/
Entrepreneurship for small business.,5177538,Melina Silva S.,"Entrepreneurship Fundamentals, Entrepreneurship, Business",Business Fundamentals,Beginner,2 hours,4.3,13,1339,Free,12/2023,0,0,1,https://www.udemy.com/course/entrepreneurship-for-small-business/
Quick Start Guide to Launching Your Small Business,6002656,Marc Kenyon,"Entrepreneurship, Business",Business Fundamentals,Beginner,1 hour,4.5,13,675,Free,6/2024,0,0,1,https://www.udemy.com/course/quick-start-guide-to-launching-your-small-business/
What to expect when you want to become an entrepreneur,1345114,Adrian Nantchev,"Entrepreneurship Fundamentals, Business Strategy, Entrepreneurship, Business",Business Fundamentals,Beginner,1.5 hours,4.2,25,4559,Free,9/2017,0,0,0,https://www.udemy.com/course/what-to-expect-when-you-want-to-become-an-entrepreneur/
Plan your Business,2630580,Avik Munshi,"Business Plan, Business Model, Leadership, Team Building, Entrepreneurship",Business Fundamentals,Beginner,1 hour,4.0,180,10289,Free,2/2026,0,0,3,https://www.udemy.com/course/plan-your-business/
The Ansoff Matrix,5599146,Richard Aragon,"Business Process Management (BPM), Management, Business",Business Fundamentals,All Levels,30 mins,4.3,20,609,Free,11/2023,0,0,1,https://www.udemy.com/course/the-ansoff-matrix/
10 Skills required to succeed as an Entrepreneur,4213424,Prabh Kirpa Classes,"Entrepreneurship Fundamentals, Other Teaching & Academics, Teaching & Academics",Business Fundamentals,All Levels,1 hour,5.0,1,735,Free,8/2022,0,0,0,https://www.udemy.com/course/entrepreneurial-skills-class-10-it-ncert/
Forms of Business Organizations,4806314,Prabh Kirpa Classes,"Business Fundamentals, Business Communication, Other Business, Business",Business Fundamentals,All Levels,1 hour,4.7,4,692,Free,10/2023,0,0,0,https://www.udemy.com/course/forms-of-business-organizations-class-xi-business-studies/
Business development in e-Business Era for Beginner,1924756,"Bina Nusantara University, Yusvin Olivia","Online Business, E-Commerce, Business",Business Fundamentals,Beginner,42 mins,4.1,267,9125,Free,12/2018,0,0,0,https://www.udemy.com/course/business-development-in-e-business-era/
Launch Your Dream Business,6254703,Harry S,"Startup, Business Strategy, Business Idea Generation, Business Fundamentals, Entrepreneurship",Business Fundamentals,All Levels,2 hours,4.2,3,862,Free,10/2024,0,0,0,https://www.udemy.com/course/launch-your-dream-business/
Online Business Strategies for Total Beginners,647954,Doru Catana,"Business Strategy, Business Fundamentals, E-Commerce, Business",Business Fundamentals,Beginner,1 hour,4.1,175,21371,Free,4/2016,0,0,0,https://www.udemy.com/course/online-business-strategies-for-total-beginners/
Business strategy and effective monetization models,5445662,Alex Genadinik,"Business Strategy, Entrepreneurship, Business",Business Fundamentals,Beginner,1 hour,4.5,4,683,Free,5/2025,1,0,0,https://www.udemy.com/course/business-strategy-for-effective-monetizatiom/
Cashflow Management For Your Business,6731571,Wenta Business,"Financial Management, Entrepreneurship, Business",Business Fundamentals,Beginner,2 hours,5.0,3,422,Free,7/2025,4,0,0,https://www.udemy.com/course/cashflow-management-for-your-business/
Management Consulting Essential Training 2026,3726964,John Burress,"Management Consulting, Case Interview, Business Analysis, Business Consulting, Business Strategy",Business Fundamentals,All Levels,12 hours,4.6,19486,134395,"Rp199,000",3/2026,28,0,15,https://www.udemy.com/course/management-consulting-problem-solving/
Fundamentals of Business Analysis,5281056,"Banza Academy, Maryna Kiper","IIBA Entry Certificate in Business Analysis (ECBA), IIBA Certification of Capability in Business Analysis (CCBA), IIBA Certified Business Analysis Professional (CBAP), Business Analytics & Intelligence, Business",Business Fundamentals,All Levels,9.5 hours,4.6,244,849,"Rp149,000",4/2026,1,0,4,https://www.udemy.com/course/fundamentals-of-business-analysis-y/
The Complete Business & Entrepreneurship Course for Everyone,5804796,Gerald Konwea,"Business Fundamentals, Entrepreneurship Fundamentals, Strategic Planning, Business Strategy, Entrepreneurship",Business Fundamentals,Beginner,4 hours,4.7,45,1181,"Rp149,000",9/2024,0,0,3,https://www.udemy.com/course/complete-business-entrepreneurship-course-for-everyone/
Business Development Principles for Small Businesses,3316802,Keegan Edwards,"Business Strategy, Business Development, Business Fundamentals, Entrepreneurship Fundamentals, Business",Business Fundamentals,All Levels,2 hours,4.5,96,7426,"Rp149,000",8/2020,0,0,8,https://www.udemy.com/course/business-development-principles-for-small-businesses/
THE BUSINESS MANAGEMENT COURSE: BEGINNER TO PROFESSIONAL,6186215,Joseph Asangaeneng,"Business Strategy, Business",Business Fundamentals,All Levels,5 hours,4.4,38,106,"Rp149,000",9/2024,0,0,0,https://www.udemy.com/course/the-business-management-course-beginner-to-professional/
Business Process Management: Certification,5982696,Business Improvement & Transformation Courses,"Business Process Management (BPM), Project Management, Business",Business Fundamentals,All Levels,4.5 hours,4.6,612,8683,"Rp159,000",11/2025,0,0,9,https://www.udemy.com/course/business-process-management-p/
Business Management 1A - Business Basics,5926938,Markos Kolatsis,"Management, Business",Business Fundamentals,Beginner,5 hours,4.6,4,22,"Rp149,000",2/2025,0,0,10,https://www.udemy.com/course/buiness-management-1a-business-basics/
Ecademy - The Entrepreneurship Course,3276658,Ryan Allis,"Entrepreneurship Fundamentals, Digital Marketing, Growth Hacking, Venture Capital, Entrepreneurship",Business Fundamentals,Intermediate,12 hours,4.6,25,241,"Rp149,000",7/2020,3,0,2,https://www.udemy.com/course/ecademycourse/
How to build business systems and processes,4775522,Herman Veitch,"Process Modeling, Management, Business",Business Fundamentals,Intermediate,4.5 hours,4.4,15,127,"Rp149,000",8/2025,1,0,7,https://www.udemy.com/course/how-to-build-business-systems-and-processes/
Down To Business: Business Management From the First Step,422400,Global Finance School,"Business Fundamentals, Business Strategy, Management, Business",Business Fundamentals,Beginner,2.5 hours,4.2,54,538,"Rp149,000",6/2015,20,0,1,https://www.udemy.com/course/gfs-intro-to-management/
MBA in ONE Hour!,6457319,Chris Sivewright,"Business Fundamentals, Management Skills, Management, Business",Business Fundamentals,All Levels,2 hours,5.0,3,22,"Rp149,000",2/2026,19,0,2,https://www.udemy.com/course/mba-in-one-hour/
C-level management: 100 models for business - 5 courses in 1,5947060,"Matthieu Bout, Joppe Ballet","Business Strategy, Management, Business",Business Fundamentals,All Levels,14.5 hours,4.6,110,12716,"Rp149,000",3/2026,15,0,65,https://www.udemy.com/course/c-level-management-100-models-for-business-success/
"10+ Fundraising Ideas: Business Loans, Crowdfunding, More",178242,Alex Genadinik,"Investor Pitching, Crowdfunding, Fundraising, Other Business, Business",Business Fundamentals,Beginner,3 hours,4.6,344,17971,"Rp149,000",6/2025,2,0,16,https://www.udemy.com/course/fundraising-tips-and-strategies-for-raising-capital/
Practical Business Management: Strategy Business Game,1226830,Ricardo Spinelli,"Business Strategy, Business",Business Fundamentals,Intermediate,1 hour,4.4,32,134,"Rp149,000",8/2020,0,0,11,https://www.udemy.com/course/strategy-business-game/
Learn to be a Startup CEO,1932214,Tom Duening,"Entrepreneurship Fundamentals, Entrepreneurship, Business",Business Fundamentals,Beginner,18.5 hours,4.3,43,369,"Rp149,000",8/2019,0,0,24,https://www.udemy.com/course/learn-to-be-a-startup-ceo/
Part time Entrepreneur How To Start A Business From An Idea,5654318,John Masud Parvez,"Entrepreneurship Fundamentals, Personal Development, Business Strategy, Leadership",Business Fundamentals,Intermediate,7.5 hours,4.9,117,816,"Rp149,000",4/2026,0,0,33,https://www.udemy.com/course/part-time-entrepreneurs-toolbox/
Intro to Business • Ownership,5243736,"Ron Trucks, MBA, Explainer-In-Chief","Business Fundamentals, Management, Business",Business Fundamentals,All Levels,2 hours,4.7,19,1093,"Rp149,000",9/2023,0,0,3,https://www.udemy.com/course/intro-to-business-2-ownership/
1 day MVP 2.0 | Go from idea to MVP in just 1 day,472704,Evan Kimbrell,"Minimum Viable Product (MVP), Idea Validation, Entrepreneurship Fundamentals, Entrepreneurship, Business",Business Fundamentals,All Levels,13.5 hours,4.6,5373,49939,"Rp209,000",12/2025,5,0,2,https://www.udemy.com/course/1-day-mvp-find-the-right-idea-and-build-a-demo-in-1-day/
Business Bootcamp: 5 Days to Start Your Own Business,5318016,Russ Ward,"Startup, Business Fundamentals, Entrepreneurship, Business",Business Fundamentals,All Levels,5 hours,5.0,4,122,"Rp149,000",6/2023,5,0,7,https://www.udemy.com/course/business-bootcamp-5-days-to-start-your-own-business/
Business Case Specialist: Create Captivating Business Cases,4990108,Advanced Innovation Group Pro Excellence (AIGPE),"Business Case, Business Plan, Project Management, Business Proposal, Business Strategy",Business Fundamentals,Beginner,4 hours,4.4,413,2078,"Rp149,000",3/2026,4,0,107,https://www.udemy.com/course/business-case-specialist/
Business Management and Enterprise Business Software,4858876,Rao Korrapati,"Enterprise Architecture, Business Model, Key Performance Indicators (KPIs), Management, Business",Business Fundamentals,All Levels,3.5 hours,4.4,11,1050,"Rp159,000",12/2022,0,0,0,https://www.udemy.com/course/business-management-software/
"Business Strategy Mastery: Build, Plan, Execute & Scale Fast",6466569,Radmyr Growth,"Business Strategy, Business",Business Fundamentals,All Levels,13.5 hours,4.8,20,2212,"Rp149,000",9/2025,10,0,10,https://www.udemy.com/course/business-strategy-mastery-build-execute-and-win/
THE 8 FACTORS: Gain Clarity & Grow Your Business,80938,Michael C. Bush,"Business Strategy, Business Fundamentals, Business",Business Fundamentals,All Levels,9 hours,4.8,504,3470,"Rp199,000",2/2017,0,0,10,https://www.udemy.com/course/the-8-factors-gain-clarity-grow-your-business/
Strategy for Management Consultants & Business Analysts,1647046,Asen Gyczew,"Business Strategy, Business Fundamentals, Management Skills, Business",Business Fundamentals,Intermediate,6 hours,4.6,14003,44911,"Rp169,000",4/2026,9,0,31,https://www.udemy.com/course/strategy-for-management-consultants-business-analysts/
Small Business Management and Marketing Essentials,387818,Alvaro Santizo,"Marketing Strategy, Business Strategy, Management, Business",Business Fundamentals,All Levels,11 hours,4.1,125,765,"Rp149,000",3/2015,0,0,1,https://www.udemy.com/course/small-business-management/
Business Winners - Learn how to grow your small business,1949680,Andy Sleet,"Business Development, Business Strategy, Business",Business Fundamentals,All Levels,7.5 hours,4.7,30,216,"Rp149,000",10/2018,0,0,2,https://www.udemy.com/course/business-winners-learn-how-to-grow-your-small-business/
Business Success: Growing and Scaling a Business,5398482,Frank Buonanotte,"Growth Mindset, Business Strategy, Business Development, International Expansion, Business",Business Fundamentals,Intermediate,1 hour,4.5,5,29,"Rp149,000",6/2024,49,0,83,https://www.udemy.com/course/business-success-proven-business-strategies-for-growth-and-success/
Practical Business Development Strategies for Small Business,4332212,Phil Duncan,"Business Fundamentals, Business Strategy, Business",Business Fundamentals,All Levels,2 hours,4.8,30,69,"Rp699,000",6/2022,0,0,13,https://www.udemy.com/course/practical-business-development-strategies-for-small-business/
Business Fundamentals: Forms of Value,6765639,Abhay Patel,"Business Fundamentals, Entrepreneurship, Business",Business Fundamentals,Beginner,1.5 hours,4.3,N/A,15,"Rp149,000",11/2025,3,0,4,https://www.udemy.com/course/business-fundamentals-forms-of-value/
Fundamentals of Business Continuity & ISO 22301 Essentials,6718703,Fortivance Academy,"Business Continuity Management, Other IT & Software, IT & Software",Business Fundamentals,All Levels,11 hours,4.4,16,77,"Rp149,000",3/2026,0,0,11,https://www.udemy.com/course/fundamentals-of-business-continuity/
Fundamentals of Business Process Improvement (BPI),4630236,Edward Davila,"Business Process Management (BPM), Management, Business",Business Fundamentals,All Levels,1 hour,4.6,48,864,"Rp149,000",3/2026,0,0,0,https://www.udemy.com/course/business-process-improvement/
How to Manage by Delegating (So You Can Achieve Your Goals)!,1329846,Chris Haroun | 1.5 Million Students | #1 Best Selling Business & Finance Prof.,"Delegation, Management Skills, Personal Productivity, Management, Business",Business Fundamentals,All Levels,1 hour,4.7,2256,68324,"Rp149,000",5/2025,6,0,15,https://www.udemy.com/course/how-to-manage-by-delegating-so-you-can-achieve-your-goals/
Startup Fast Track: Confident Launch in 90 Days or Less,1183372,Donatas Jonikas (PhD),"Startup, Entrepreneurship Fundamentals, Marketing Strategy, Sales Funnel, Entrepreneurship",Business Fundamentals,All Levels,14 hours,4.7,743,19775,"Rp159,000",11/2025,10,0,37,https://www.udemy.com/course/startup-fast-track-confident-launch-in-90-days-or-less/
Modern Business Essentials,6239677,Danny Ballan,"Business Fundamentals, Other Business, Business",Business Fundamentals,All Levels,5 hours,5.0,1,12,"Rp149,000",10/2024,1,0,54,https://www.udemy.com/course/modern-business-essentials/
How to start a business any business and business plan,5351232,Gabriel Barrandeguy,"Startup, Entrepreneurship, Business",Business Fundamentals,Beginner,3 hours,4.6,11,107,"Rp329,000",10/2023,0,0,0,https://www.udemy.com/course/course-how-to-start-a-business/
International Business 101: Learn Global Business Strategy,1620306,"Chris Benjamin, MBA & CFO","Business Strategy, International Expansion, Management, Business",Business Fundamentals,All Levels,1.5 hours,4.1,79,574,"Rp149,000",10/2022,1,0,2,https://www.udemy.com/course/learn-how-to-establish-a-global-financial-business-strategy/
How to Build a Successful Business: Real Life Principles.,2267208,David Vega,"Business Fundamentals, Startup, Entrepreneurship Fundamentals, Entrepreneurship, Business",Business Fundamentals,All Levels,29.5 hours,4.6,23,254,"Rp149,000",5/2020,0,0,104,https://www.udemy.com/course/how-to-build-a-successful-business/
Business Management: Global Business Strategies,6262291,Edukite Online,"Business Strategy, Business Fundamentals, Entrepreneurship, Business",Business Fundamentals,Beginner,2.5 hours,4.5,19,1150,"Rp149,000",10/2024,0,0,0,https://www.udemy.com/course/business-management-global-business-strategies/
Strategic planning using ancient wisdom and visual mapping,5535714,"CRFT Productions, Anthony Willoughby","Strategic Planning, Business Strategy, Goal Setting, Business",Business Fundamentals,All Levels,1 hour,4.6,28,206,"Rp149,000",3/2024,0,0,0,https://www.udemy.com/course/strategic-planning-mapping/
Idea Validation: From Idea to Paying Customer in One Day,428174,Evan Kimbrell,"Idea Validation, Entrepreneurship Fundamentals, Business Idea Generation, Business Strategy, Business",Business Fundamentals,All Levels,5 hours,4.3,547,13653,"Rp149,000",12/2025,6,0,2,https://www.udemy.com/course/idea-validation-from-idea-to-paying-customer-in-2-hours/
Business Mind - Mastering Business Development,3858394,Sobair Barak,"Business Development, Sales Management, Marketing Strategy, Product Development, Business Strategy",Business Fundamentals,All Levels,4.5 hours,4.2,400,1446,"Rp149,000",5/2021,0,0,13,https://www.udemy.com/course/business-mind-mastering-business-development/
The Certified Global CEO Masterclass: Leading at the Top,6718177,School of AI,"Business Strategy, Business",Business Fundamentals,All Levels,10 hours,4.4,26,8864,"Rp149,000",2/2026,0,0,0,https://www.udemy.com/course/ceo-masterclass/
Business Strategy: Market Analysis & Competitive Advantage,6895727,Valentine Ifenna Okolo,"Business Strategy, Strategic Planning, Strategic Thinking, Management, Business",Business Fundamentals,All Levels,4 hours,5.0,40,1376,"Rp149,000",3/2026,0,0,0,https://www.udemy.com/course/business-competitive-strategy-market-domination-mastery-course/
Business Strategy Playbook for Management Consultants,5602614,"Julia Lettinger, 1001Skills by Responsive Strategy, Videokurs Manufaktur","Business Strategy, Business Analysis, Leadership, Product Management, Project Management",Business Fundamentals,Beginner,4.5 hours,4.7,236,4305,"Rp149,000",11/2025,5,0,14,https://www.udemy.com/course/business-product-strategy-creation/
Turning Profit: The Masterplan for Small Business Success,4276280,Nour Boustani,"Business Strategy, Entrepreneurship Fundamentals, Marketing Strategy, Cost Accounting, Entrepreneurship",Business Fundamentals,All Levels,3 hours,4.7,50,6033,"Rp149,000",10/2025,8,0,9,https://www.udemy.com/course/profitable-business-models-for-small-business-entrepreneurs/
20 Startup failure CaseStudies:Best Course for Entrepreneurs,4633806,Vitrag Vasa,"Startup, Entrepreneurship Fundamentals, Entrepreneurship, Business",Business Fundamentals,All Levels,6.5 hours,4.8,20,2111,"Rp149,000",7/2022,4,0,2,https://www.udemy.com/course/20-startup-failure-case-studies-best-course-for-entrepreneurs/
Business Canvas & Feasibility Research: Startup 101,6516767,Eli Villicana,"Entrepreneurship Fundamentals, Startup, Business Strategy, Business Fundamentals, Entrepreneurship",Business Fundamentals,All Levels,3.5 hours,4.9,41,59,"Rp149,000",10/2025,0,0,1,https://www.udemy.com/course/businesscanvasfeasibilityresearch/
Master Business Success: Your unique business guide,4063524,Nesrine BELDI,"Entrepreneurship Fundamentals, Leadership, Entrepreneurship, Business",Business Fundamentals,All Levels,2.5 hours,4.3,10,613,"Rp149,000",6/2024,4,0,12,https://www.udemy.com/course/the-ultimate-leadership-guide-for-startups-founders-ceos/
Certificate in Business & Operations Management Excellence,6248035,"MTF Institute of Management, Technology and Finance","Operations Management, Management Skills, Business Fundamentals, Manager Training, Operations",Business Fundamentals,All Levels,4 hours,4.3,1045,18235,"Rp159,000",2/2025,28,0,7,https://www.udemy.com/course/certificate-in-business-and-operations-management-excellence/
Business Development: 11 Steps to Start your First Business,1939640,Miha Matlievski,"Business Development, Business Plan, Startup, Entrepreneurship, Business",Business Fundamentals,Beginner,3 hours,4.2,44,3316,"Rp149,000",10/2018,0,0,1,https://www.udemy.com/course/11-steps-to-jumpstart-your-first-business/
U.S Startup & Small Business Registration And Business Law,478580,"Alex Genadinik, Steve Pipenger","Startup, Business Law, Business",Business Fundamentals,Beginner,2 hours,4.4,208,3608,"Rp149,000",8/2024,1,0,17,https://www.udemy.com/course/startup-small-business-law-business-registration/
Business Development: Grow Profitable Businesses & Clients,6274657,Fahad Virk,"Business Development, Sales, Business",Business Fundamentals,All Levels,1.5 hours,4.7,12,171,"Rp149,000",11/2024,0,0,0,https://www.udemy.com/course/business-development-grow-profitable-businesses-clients/
Social Enterprise Launch Kit: 12 Weeks From Idea To Impact,5253006,"Tom Brushwood, Ewan Newton","Social Entrepreneurship, Business Fundamentals, Business Plan, Social Impact, Entrepreneurship",Business Fundamentals,All Levels,12.5 hours,4.6,25,95,"Rp149,000",4/2023,85,0,64,https://www.udemy.com/course/social-enterprise-launch-kit/
Business Strategy: 8 Best Strategies For Business Growth,1254588,Gab Jean,"Business Strategy, Business",Business Fundamentals,All Levels,5 hours,3.9,295,6762,"Rp149,000",7/2017,0,0,0,https://www.udemy.com/course/business-strategy-8-best-strategies-for-business-growth/
Interview Better than Anyone: by An Award Winning MBA Prof.,951090,Chris Haroun | 1.5 Million Students | #1 Best Selling Business & Finance Prof.,"Interviewing Skills, Career Development, Personal Development",Business Fundamentals,All Levels,5.5 hours,4.5,517,14999,"Rp149,000",5/2025,12,0,11,https://www.udemy.com/course/interview-better-than-anyone-by-an-award-winning-mba-prof-r/
Executive Business Plan Writing: Fill-in-the-Blanks Template,1189234,Elijah Clark,"Business Plan, Management, Business",Business Fundamentals,All Levels,1 hour,4.7,38,200,"Rp149,000",7/2020,2,0,54,https://www.udemy.com/course/executive-business-plan-writing-fill-in-the-blanks-template/
20 Life Hacks to Inspire You to Excel in Business & Life,1907142,Chris Haroun | 1.5 Million Students | #1 Best Selling Business & Finance Prof.,"Career Development, Personal Development, Productivity & Professional Skills, Personal Transformation, Udemy Free Resource Center",Business Fundamentals,All Levels,2 hours,4.5,2935,69451,"Rp149,000",5/2025,4,0,0,https://www.udemy.com/course/20-life-hacks-to-inspire-you-to-excel-in-business-life/
Startup Your Own Business Today,3643924,Adonis Anastasiou,"Entrepreneurship Fundamentals, Startup, Lean Startup, Entrepreneurship, Business",Business Fundamentals,All Levels,4 hours,4.9,12,77,"Rp149,000",3/2025,0,0,0,https://www.udemy.com/course/startup-your-own-business-b/
"Write an Investor-Ready Business Plan Fast, with Templates!",5813566,Nonprofit Institute,"Business Plan, Entrepreneurship, Business",Business Fundamentals,Beginner,40 mins,4.9,5,1026,"Rp149,000",7/2025,3,0,0,https://www.udemy.com/course/write-an-investor-ready-business-plan-fast/
A 3-Step Strategy to Start Organizing Your Business Finances,840852,Jeremie Miller,"Financial Planning, Business Fundamentals, Business Strategy, Entrepreneurship, Business",Business Fundamentals,Beginner,2.5 hours,4.7,47,370,Free,5/2017,0,0,18,https://www.udemy.com/course/roller-coaster-income/
Fundamentals of Intelligent Sustainable Business,500178,Matthew Tueth,"Business Strategy, Other Business, Business",Business Fundamentals,All Levels,4 hours,4.6,4770,9369,"Rp149,000",12/2024,0,0,2,https://www.udemy.com/course/fundamentals-of-intelligent-sustainable-business/
"Finance, Investment and Business: Fundamentals and Concepts",3627088,"Col (Dr) Shabbar Shahid. M-Tech, MBA(Fin), CE, FIE(I), PhD, M M","Personal Finance, Investing, Investing & Trading, Finance & Accounting",Business Fundamentals,All Levels,6.5 hours,4.5,420,2416,"Rp149,000",4/2026,0,0,36,https://www.udemy.com/course/the-basics-of-finance-and-investment/
Rapid Business Improvement,3698400,Business Improvement & Transformation Courses,"Business Intelligence (BI), Project Management, Business",Business Fundamentals,Beginner,1.5 hours,4.5,204,1964,"Rp149,000",11/2025,0,0,10,https://www.udemy.com/course/rapid-business-improvement/
Business Strategy Consulting Mastery: Mini MBA Course,3888574,John Colley,"Business Strategy, Business Fundamentals, Entrepreneurship Fundamentals, MBA, Business",Business Fundamentals,All Levels,6.5 hours,4.8,385,2548,"Rp149,000",6/2024,1,0,92,https://www.udemy.com/course/mini-mba-foundations-of-business-strategy-consulting/
Exploit opportunities in times of crisis,4929632,SelfX Academy,"Business Idea Generation, Other Personal Development, Personal Development",Business Fundamentals,Beginner,30 mins,4.9,8,16,"Rp149,000",3/2023,0,0,1,https://www.udemy.com/course/exploit-opportunities-in-times-of-crisis/
How To Make Your Business Profitable - Guide & Secrets,4341876,Nasser Lukmani,"Business Fundamentals, Entrepreneurship, Business",Business Fundamentals,All Levels,4.5 hours,4.6,5,1029,"Rp149,000",10/2021,0,0,0,https://www.udemy.com/course/how-to-make-your-business-profitable/
MasterClass: Becoming a Successful Tech Startup Founder,5765022,The Entrepreneurship MasterClass,"Startup, Business Strategy, IT Startup, Entrepreneurship Fundamentals, Entrepreneurship",Business Fundamentals,All Levels,4 hours,4.5,57,355,"Rp149,000",3/2025,0,0,10,https://www.udemy.com/course/masterclass-becoming-a-successful-tech-startup-founder/
How to become a badass manager and CEO,2037316,Asen Gyczew,"Management Skills, Management, Business",Business Fundamentals,All Levels,5 hours,4.5,489,5028,"Rp149,000",1/2026,3,0,16,https://www.udemy.com/course/how-to-become-a-great-boss-and-ceo/
One Day Business Administration for Growth Hack,1400020,AnimateU Academy,"Finance Fundamentals, Management Skills, Accounting, Marketing Management, Management",Business Fundamentals,Beginner,9 hours,4.4,750,8738,"Rp149,000",5/2022,0,0,1,https://www.udemy.com/course/micro-mba-program-for-everyone-learn-with-erik-and-susan/
How to Exit YOUR Business on YOUR Terms,1367810,Kevin Brent,"Business Strategy, Entrepreneurship, Business",Business Fundamentals,Intermediate,2 hours,4.7,36,118,"Rp149,000",10/2017,1,0,2,https://www.udemy.com/course/how-to-exit-your-business-on-your-terms/
Business Development & B2B Sales for Startups- Sales Valley,1449746,Patrick Dang,"Business Development, B2B Sales, Sales, Business",Business Fundamentals,All Levels,6 hours,4.4,8112,35695,"Rp159,000",6/2021,0,0,14,https://www.udemy.com/course/businessdevelopment-b2b-sales-for-startups-sales-valley/
How to grow and systemize your business to run without you,1502486,Joel Gerschman,"Business Development, Business Fundamentals, Entrepreneurship Fundamentals, Mindfulness, Entrepreneurship",Business Fundamentals,All Levels,9.5 hours,4.7,91,597,"Rp899,000",12/2024,0,0,10,https://www.udemy.com/course/the-growth-system/
Business Development Masterclass™ - Business Growth Secrets,1975226,VSight - Business Development & Branding,"B2B Sales, Business Development, Business Strategy, Business Plan, Sales",Business Fundamentals,All Levels,2.5 hours,3.5,123,3825,"Rp149,000",1/2025,0,0,0,https://www.udemy.com/course/business-development-masterclass/
Entrepreneurship and Innovation,5393932,Rekha Kumari,"Entrepreneurship Fundamentals, Innovation, Entrepreneurship, Business",Business Fundamentals,All Levels,37 mins,4.3,10,1010,"Rp149,000",6/2023,0,0,0,https://www.udemy.com/course/entrepreneurship-and-innovation/
Startup Survival Guide: Thriving as a Business Manager,5199618,Benjamin Garrett,"Startup, Entrepreneurship, Business",Business Fundamentals,All Levels,1 hour,4.9,4,6,"Rp149,000",3/2023,2,0,0,https://www.udemy.com/course/the-essentials-of-business-management-for-startups/
Management (Business Management & Leadership),6240653,Business Administration Academy,"Management Skills, Leadership, Management, Business",Business Fundamentals,All Levels,2.5 hours,4.5,42,109,"Rp329,000",1/2026,0,0,2,https://www.udemy.com/course/management-business-management-leadership/
Starting Your Business from Scratch,2679874,Jeff Schuster,"Business Plan, Business Development, Finance Fundamentals, Marketing Strategy, Entrepreneurship",Business Fundamentals,Intermediate,9 hours,4.7,17,121,"Rp399,000",4/2020,0,0,17,https://www.udemy.com/course/starting-your-business-from-scratch/
MINI MBA: Complete 22 Courses of MBA in one,5963690,Human and Emotion: CHRMI,"MBA, Management, Business",Business Fundamentals,Expert,55.5 hours,3.9,93,1470,"Rp149,000",5/2024,12,0,21,https://www.udemy.com/course/mini-mba-complete-22-courses-of-mba-in-one/
Business Development and Entrepreneurship Course,5203602,Stefan Graunke,"Business Development, Entrepreneurship, Business",Business Fundamentals,Beginner,1 hour,4.2,4,13,"Rp149,000",4/2023,10,0,0,https://www.udemy.com/course/business-development-and-entrepreneurship-course/
Startup Marketing: Dekker's 0-1 Million Startup Entrepreneur,4041278,"Dekker the Marketer, Jyra Galosmo, Neelisha Singhal","Startup, Entrepreneurship, Business",Business Fundamentals,All Levels,17 hours,4.7,340,46730,"Rp149,000",4/2026,17,0,14,https://www.udemy.com/course/startup-marketing/
Leadership Skills: Learn Vigilant Leadership & Conquer Today,5103656,Peter Alkema,"Leadership, Management, Business",Business Fundamentals,Beginner,20 hours,4.5,538,1686,"Rp149,000",11/2025,9,0,82,https://www.udemy.com/course/vigilant-leadership-skills/
Entrepreneurship 101: Startup Roadmap 2026 [Bonus Exercises],6531801,Eli Villicana,"Entrepreneurship Fundamentals, Startup, Business Fundamentals, Business Strategy, Entrepreneurship",Business Fundamentals,All Levels,1.5 hours,4.9,72,209,"Rp149,000",1/2026,0,0,0,https://www.udemy.com/course/entrepreneur-101/
Chief Executive Officer (CEO) Program,5937098,"MTF Institute of Management, Technology and Finance","Management Skills, Business Fundamentals, Leadership, Management, Business",Business Fundamentals,All Levels,1.5 hours,4.4,189,16284,"Rp149,000",9/2024,15,0,2,https://www.udemy.com/course/ceo-chief-executive-officer-program/
Business Fundamentals 2020 Accounting Excel & Stock Research,3464312,Luis Romero,"Finance Fundamentals, Accounting, Microsoft Excel, Financial Modeling & Analysis, Finance & Accounting",Business Fundamentals,Beginner,4 hours,4.5,63,250,"Rp149,000",9/2020,0,0,2,https://www.udemy.com/course/business-fundamentals-2020-accounting-excel-stock-research/
Business Management Basics,3992094,"Top-BOSS 特波國際, KW Ching","Business Strategy, Management, Business",Business Fundamentals,All Levels,1.5 hours,4.4,33,935,"Rp149,000",4/2021,0,0,3,https://www.udemy.com/course/business-management-basics/
Foundations of Entrepreneurship for Engineers [Entrepreneur],5080482,Chang Liu,"IT Startup, Business Fundamentals, Engineering Instruction, Entrepreneurship, Business",Business Fundamentals,Intermediate,7 hours,4.7,15,197,"Rp149,000",8/2025,0,0,102,https://www.udemy.com/course/foundations-of-entrepreneurship-for-engineers/
Writing a business plan for your business,2509720,Vathani Ariyam,"Business Plan, Entrepreneurship, Business",Business Fundamentals,Intermediate,1.5 hours,3.5,1,6,"Rp149,000",10/2025,0,0,14,https://www.udemy.com/course/writing-a-business-plan-for-your-business/
The Modern MBA - Build Your Business Using Modern Methods,5531320,Andrei Roncea,"Business Fundamentals, Web Design, Entrepreneurship, Business",Business Fundamentals,All Levels,18.5 hours,4.8,12,167,"Rp699,000",2/2024,1,0,0,https://www.udemy.com/course/the-modern-mba/
"How To Open A Gym, Boxing, Fitness Franchise As A Franchisee",5046822,Alex Genadinik,"Franchising, Entrepreneurship, Business",Business Fundamentals,Beginner,1 hour,4.8,2,924,"Rp149,000",12/2022,2,0,0,https://www.udemy.com/course/how-to-open-a-franchise-as-a-franchisee/
Build Your Dream Business & Creative Career,6707973,Marc Barnacle,"Business Strategy, Online Business, Business Fundamentals, Entrepreneurship, Business",Business Fundamentals,Beginner,42 mins,4.9,19,1729,"Rp149,000",2/2026,0,0,10,https://www.udemy.com/course/launch-your-dream-business-creative-career/
Build A Business Case 101: Learn All Business Case Stages,5066446,"Peter Alkema, Louistas Nyuyse","Business Case, Business Analysis, Data Analysis, Business Communication, Business Strategy",Business Fundamentals,All Levels,1 hour,3.9,221,1173,"Rp149,000",11/2024,2,0,27,https://www.udemy.com/course/business-case-101/
"How to Systematize, Fix and Grow Your Business Fast",378064,Bogdan G. Ilie,"Business Strategy, Business Fundamentals, Entrepreneurship, Business",Business Fundamentals,All Levels,4 hours,4.5,126,922,"Rp149,000",3/2015,0,0,13,https://www.udemy.com/course/how-to-create-business-systems-and-business-growth-fast/
Mastering Business Case Development_From Strategy to approve,6843063,Chartered Engineers,"Business Case, Business Analytics & Intelligence, Business",Business Fundamentals,All Levels,3.5 hours,5.0,6,969,"Rp149,000",2/2026,1,0,0,https://www.udemy.com/course/mastering-business-case-development_from-strategy-to-approve/
Business Strategy A-Z (With Case Studies),1625482,"Robert Barcik, Jana Gecelovska","Business Strategy, Business Fundamentals, Business Analysis, Business",Business Fundamentals,Intermediate,4 hours,4.5,146,4117,"Rp149,000",7/2018,0,0,28,https://www.udemy.com/course/business-strategy-a-z-with-case-studies/
Entrepreneurship Academy: Strategize & Start A Business,4476680,Orlando Rene Chavez,"Entrepreneurship Fundamentals, Business Model, Business Strategy, Startup, Entrepreneurship",Business Fundamentals,Beginner,11.5 hours,4.9,42,54,"Rp3,647,000.00",2/2022,11,0,16,https://www.udemy.com/course/entrepreneurship-academy/
Entrepreneurship: Basics To Building A Solid Foundation,5280774,Aclaran Academy,"Entrepreneurship Fundamentals, Social Entrepreneurship, Business Development, Entrepreneurship, Business",Business Fundamentals,All Levels,2 hours,4.8,29,1497,"Rp149,000",9/2023,0,0,0,https://www.udemy.com/course/entrepreneurship-basics/
Dummies guide to starting your own business.,4407718,Vathani Ariyam,"Entrepreneurship Fundamentals, Entrepreneurship, Business",Business Fundamentals,Intermediate,2 hours,4.4,9,1048,"Rp149,000",4/2025,0,0,18,https://www.udemy.com/course/dummies-guide-to-starting-your-own-business/
Growing Beyond the Core: Advanced Strategies for Companies,6133937,Monica Ioannidou Polemitis,"Business Strategy, Business",Business Fundamentals,Intermediate,3 hours,4.8,7,21,"Rp149,000",12/2024,0,0,27,https://www.udemy.com/course/growing-beyond-the-core-advanced-strategies-for-companies/
Business Development For Startups and Tech Companies,200994,Scott Britton,"Business Development, Business Strategy, Startup, Sales, Business",Business Fundamentals,All Levels,9 hours,4.1,2447,37572,"Rp249,000",7/2015,0,0,0,https://www.udemy.com/course/business-development-strategy-startups/
Leadership & Management Bootcamp: Practical Skills & Tools,4245742,Michael Wakefield PgDip MCIM GCGI,"Leadership, Management Skills, Management, Business",Business Fundamentals,All Levels,4 hours,4.9,17,35,"Rp149,000",4/2024,0,0,15,https://www.udemy.com/course/leadership-management-bootcamp/
How to Start a Small Business in Your Local Community,772318,Tammy Adams,"Startup, Business Fundamentals, Business Strategy, Entrepreneurship, Business",Business Fundamentals,Beginner,4 hours,4.2,34,232,"Rp149,000",1/2021,11,0,17,https://www.udemy.com/course/start-a-local-small-business/
"Business Leadership Management, Time and Project Management",5738878,LearnersCare LLC,"Project Management, Leadership, Time Management, Management, Business",Business Fundamentals,All Levels,18.5 hours,4.3,159,1940,"Rp149,000",5/2025,94,0,428,https://www.udemy.com/course/comprehensive-business-leadership-management-mastery/
An MBA in 30 Minutes,6504545,Helmut Hauke,"Business Strategy, Management, Business",Business Fundamentals,All Levels,30 mins,4.4,3,3,"Rp149,000",3/2025,0,0,5,https://www.udemy.com/course/an-mba-in-30-minutes/
Entrepreneurship 101: Learn To Manage & Grow Your Business,4699754,"Aaishwarya Chandra, Aclaran Academy","Management Skills, Startup, Business Strategy, Business Fundamentals, Management",Business Fundamentals,All Levels,6 hours,4.3,48,1412,"Rp149,000",2/2025,0,0,0,https://www.udemy.com/course/personality-developmentkey-to-personal-and-business-success/
Business development and sales processes - a bird's eye view,5251216,"Matthieu Bout, Joppe Ballet","Sales Management, Sales, Business",Business Fundamentals,All Levels,19.5 hours,4.5,375,37029,"Rp149,000",3/2026,23,0,70,https://www.udemy.com/course/birds-eye-view-business-development-and-sales-processes/
Certification in International Business Management,5571936,Human and Emotion: CHRMI,"Business Strategy, Management, Business",Business Fundamentals,Intermediate,4.5 hours,4.2,51,2100,"Rp159,000",9/2023,1,0,0,https://www.udemy.com/course/certification-in-international-business-management/
How To Start A Small Business,2978516,Kenneth Fisher,"Entrepreneurship Fundamentals, Entrepreneurship, Business",Business Fundamentals,All Levels,5 hours,4.5,63,339,"Rp149,000",8/2021,0,0,23,https://www.udemy.com/course/how-to-start-a-small-business/
Joint Venture Partnerships,1409014,"Joeel & Natalie of Transformation Services, Transformation Services","Entrepreneurship Fundamentals, Business Fundamentals, Entrepreneurship, Business",Business Fundamentals,All Levels,2 hours,4.3,51,529,"Rp149,000",3/2026,4,0,20,https://www.udemy.com/course/joint-venture-partnerships/
The Advanced Diploma in Business Development Techniques,5991928,Sameh Elsayed,"Business Development, Business Analysis, Business Strategy, Business",Business Fundamentals,All Levels,3 hours,4.2,14,4345,"Rp149,000",3/2026,1,0,1,https://www.udemy.com/course/the-complete-strategic-business-development-bootcamp/
Business Process Simplification,5912038,Matthew Barnett,"Operations, Business",Business Fundamentals,All Levels,3 hours,N/A,N/A,N/A,"Rp149,000",5/2024,0,0,0,https://www.udemy.com/course/business-process-simplification-m/
"Group Home Business Plan - Template, Sample, Example & Guide",5458310,Adella Pasos,"Business Plan, Entrepreneurship, Business",Business Fundamentals,Beginner,1 hour,4.7,5,661,"Rp149,000",7/2023,0,0,16,https://www.udemy.com/course/group-home-business-plan-template-sample-example-guide/
The Business Model Canvas System - Foundations,6409381,Rian Chapman,"Business Model, Business Strategy, Business Model Canvas, Digital Transformation, Business",Business Fundamentals,Beginner,4.5 hours,4.6,N/A,18,"Rp149,000",1/2026,0,0,37,https://www.udemy.com/course/the-business-model-canvas-system-foundations/
Successful Negotiation -- Plan and Prepare Your Strategy,973274,Andrew Hupert,"Negotiation, Business Strategy, Business",Business Fundamentals,Beginner,2.5 hours,4.2,60,216,"Rp149,000",6/2018,0,0,20,https://www.udemy.com/course/goblins-guide-to-negotiation/
Bootstrapping A Startup With A Paycheck with Sramana Mitra,3931130,Sramana Mitra,"Entrepreneurship Fundamentals, Entrepreneurship, Business",Business Fundamentals,All Levels,11.5 hours,5.0,122,487,"Rp149,000",2/2025,0,0,19,https://www.udemy.com/course/bootstrappingwithapaycheck/
Complete Course Entrepreneurship All In One for Entrepreneur,3696668,Chang Liu,"Entrepreneurship Fundamentals, Startup, Lean Startup, Entrepreneurship, Business",Business Fundamentals,Expert,10 hours,4.3,31,224,"Rp149,000",8/2025,0,0,110,https://www.udemy.com/course/entrepreneurship-easy-startup-step-by-step-guide-in-a-box/
How to Write a Professional Business Plan,1690306,Shane Kluiter,"Business Fundamentals, Business Strategy, Writing, Entrepreneurship, Business",Business Fundamentals,All Levels,1 hour,4.2,208,21140,"Rp149,000",11/2020,0,0,2,https://www.udemy.com/course/how-to-write-a-professional-business-plan/
Business Plan & Marketing Strategies : Startup Entrepreneurs,5229768,Steven Compton,"Entrepreneurship Fundamentals, Business Plan, Entrepreneurship, Business",Business Fundamentals,Beginner,2 hours,5.0,3,39,"Rp149,000",11/2023,1,0,22,https://www.udemy.com/course/startup-entrepreneur-business-plan-marketing-strategies/
"Business Bootcamp 5.0 : Traditional, Digital & AI",6634295,Dr. José Prabhu J,"Business Continuity Management, Business Fundamentals, Management, Business",Business Fundamentals,All Levels,21.5 hours,4.6,N/A,1648,"Rp149,000",6/2025,0,0,0,https://www.udemy.com/course/business-bootcamp-traditional-digital-ai/
One Day Marketing for Digital Age,1333480,AnimateU Academy,"Marketing Strategy, Marketing Fundamentals, Marketing",Business Fundamentals,Beginner,9 hours,4.6,2766,31859,"Rp149,000",5/2022,1,0,0,https://www.udemy.com/course/micro-mba-for-kidsmarketing-basics-with-erik-and-susan/
Project Management for Leadership and Business Development,5698628,LearnersCare LLC,"Project Management, Management Skills, Leadership, Business Development, Business",Business Fundamentals,All Levels,17 hours,4.5,26,2283,"Rp149,000",5/2025,115,0,441,https://www.udemy.com/course/leadership-project-management-business-development-mastery/
Startup Planning- What you need to know to succeed.,5330698,"Amit Bhundhoo, CPA","Business Plan, Entrepreneurship, Business",Business Fundamentals,Beginner,3.5 hours,5.0,1,7,"Rp149,000",7/2023,0,0,1,https://www.udemy.com/course/startup-planning/
Entrepreneurs How to Pick the Right Startup Business in 2022,383358,Tom Kenemore,"Entrepreneurship Fundamentals, Business Idea Generation, Startup, Business Strategy, Entrepreneurship",Business Fundamentals,All Levels,1 hour,4.4,17,3944,"Rp149,000",1/2022,1,0,0,https://www.udemy.com/course/what-business-should-i-start/
Data Literacy for Business Professionals,4466266,Grant Hall,"Business Fundamentals, Business Communication, Business Intelligence (BI), Business Analytics & Intelligence, Business",Business Fundamentals,All Levels,2.5 hours,4.5,3799,8847,"Rp149,000",1/2022,3,0,7,https://www.udemy.com/course/data-literacy-for-professionals/
Strategic Management Mastery: Elevate Business to Excellence,5465712,EDUCBA Bridging the Gap,"Business Strategy, Business",Business Fundamentals,All Levels,25 hours,4.1,69,10127,"Rp149,000",9/2024,0,0,1,https://www.udemy.com/course/strategic-management-fundamentals-101-to-advanced/
CEO's Masterclass - Hit the RESET BUTTON on your career,4514832,H. Bruce Jones,"Career Development, Interviewing Skills, Job Search, Personal Development",Business Fundamentals,Expert,3 hours,4.9,7,112,"Rp149,000",7/2023,0,0,14,https://www.udemy.com/course/ceo-explains-how-to-get-the-job-you-want-career-advancement/
Entrepreneurial Mastery Program - Become a Business Genius,5767508,Rohit Kumar,"Entrepreneurship Fundamentals, Online Business, Business Strategy, Business Development, Entrepreneurship",Business Fundamentals,All Levels,1.5 hours,4.8,46,86,"Rp149,000",1/2024,32,0,5,https://www.udemy.com/course/entrepreneurial-mastery-program-become-a-business-genius/
Entrepreneurships - 100% Sure Tips for Becoming Successful,4990408,Navomi Nav,"Entrepreneurship Fundamentals, Business Intelligence (BI), Personal Success, Success Visualization, Entrepreneurship",Business Fundamentals,All Levels,31 mins,5.0,4,20,"Rp149,000",4/2023,1,0,0,https://www.udemy.com/course/secret-tips-for-success-in-business-or-startups/
MBA in One Course : Entrepreneurship and Business Management,1638986,Lawt Aung,"Business Development, Marketing Management, Business Strategy, Entrepreneurship, Business",Business Fundamentals,All Levels,2 hours,4.3,109,2088,"Rp149,000",1/2019,0,0,1,https://www.udemy.com/course/practical-mba-course/
Business Model Innovation For Brand Growth | Module 3,4075900,Expert Academy,"Innovation, Business Strategy, Strategic Thinking, Business",Business Fundamentals,Intermediate,1 hour,4.5,14,4958,"Rp149,000",9/2023,0,0,3,https://www.udemy.com/course/business-innovation-for-brand-growth-module-3/
Learn Business Strategies to Support Growth & Profitability,6331317,Skill Revolt,"Business Strategy, Entrepreneurship, Business",Business Fundamentals,All Levels,1.5 hours,4.2,8,1060,"Rp149,000",12/2024,0,0,11,https://www.udemy.com/course/learn-business-strategies-to-support-growth-profitability/
Entrepreneurship mindset: 50 MBA mindset of entrepreneur (2),3791302,Chang Liu,"Entrepreneurship Fundamentals, Social Entrepreneurship, Mindset, Entrepreneurship, Business",Business Fundamentals,Intermediate,2.5 hours,5.0,2,23,"Rp149,000",9/2025,0,0,65,https://www.udemy.com/course/entrepreneurship-visual-museum-part-2/
Business Model Innovation For Brand Growth | Module 5,4079492,Expert Academy,"Innovation, Business Strategy, Strategic Thinking, Business",Business Fundamentals,Intermediate,30 mins,4.4,5,2106,"Rp149,000",6/2021,0,0,3,https://www.udemy.com/course/business-innovation-for-brand-growth-module-5/
Innovative Growth Strategy: A Beginner's Guide,945766,Kaihan Krippendorff,"Innovation, Business Strategy, Business",Business Fundamentals,All Levels,1.5 hours,4.5,15003,27045,"Rp149,000",11/2016,0,0,25,https://www.udemy.com/course/innovative-growth-strategy-a-beginners-guide/
"Cloud Masterclass: Fundamentals, Digital Transformation, AI",4568192,"Peter Alkema, TeraVerse Instructor","Google Cloud Digital Leader, Google Cloud, Digital Transformation, IT Certifications, IT & Software",Business Fundamentals,Beginner,30 hours,4.3,410,2578,"Rp149,000",4/2026,14,0,355,https://www.udemy.com/course/cloud-digital-leader-introduction/
Introduction to Business,3279868,"Vayun Shyam, Rohan Karra, Arjo Goswami","Business Development, Finance Fundamentals, Marketing Strategy, Hospitality Marketing, Other Business",Business Fundamentals,Beginner,1 hour,4.1,171,7483,"Rp149,000",11/2020,4,0,0,https://www.udemy.com/course/introduction-to-business-concepts/
Blue Ocean Strategy,1906354,Management Study Guide,"Marketing Strategy, Business Strategy, Business",Business Fundamentals,Beginner,1 hour,4.3,121,395,"Rp149,000",9/2018,1,0,1,https://www.udemy.com/course/blue-ocean-strategy/
Business Model Innovation For Brand Growth | Module 2,4074132,Expert Academy,"Innovation, Business Intelligence (BI), Strategic Thinking, Business Strategy, Business",Business Fundamentals,Intermediate,1 hour,4.5,2,1112,"Rp149,000",6/2021,0,0,3,https://www.udemy.com/course/business-innovation-for-brand-growth-module-2/
The Journey To Scaling Up,5025756,Stephen Odhiambo Ogweno,"Business Strategy, Business",Business Fundamentals,All Levels,2 hours,4.9,6,1019,"Rp149,000",12/2022,0,0,0,https://www.udemy.com/course/the-journey-to-scaling-up/
Business Execution: From Strategy to People and Operations,4410864,Sorin Dumitrascu,"Business Fundamentals, Operations, Business",Business Fundamentals,Beginner,2.5 hours,4.6,35,196,"Rp149,000",11/2025,4,0,49,https://www.udemy.com/course/business-execution-from-strategy-to-people-and-operations/
Simple Steps to Entrepreneurship,5107890,Irene Tuyud,"Entrepreneurship Fundamentals, Entrepreneurship, Business",Business Fundamentals,All Levels,32 mins,4.4,9,746,"Rp149,000",2/2023,0,0,2,https://www.udemy.com/course/simple-steps-to-entrepreneurship/
"Business Development, Sales & Marketing Professional Diploma",5848270,"MTF Institute of Management, Technology and Finance","Business Development, Business Fundamentals, Sales Management, Marketing Strategy, Sales",Business Fundamentals,All Levels,1 hour,4.1,280,19977,"Rp149,000",9/2024,6,0,1,https://www.udemy.com/course/business-development-sales-marketing-professional-diploma/
Master Course : Consumer Products & Retail 2.0 (A to Z),6493597,Dr. José Prabhu J,"Retail Business, Operations, Business",Business Fundamentals,All Levels,7 hours,4.5,11,3891,"Rp149,000",6/2025,0,0,0,https://www.udemy.com/course/master-couse-consumer-products-retail/
Mastering Business Blueprints 101: The Ultimate Guide,5670434,Laszlo Nagy,"Business Strategy, Business Fundamentals, Business Development, Entrepreneurship, Business",Business Fundamentals,Beginner,2.5 hours,4.4,37,9361,"Rp149,000",12/2023,0,0,0,https://www.udemy.com/course/mastering-business-blueprints-101-the-ultimate-guide/
Break Into A Technology Startup,276306,E G,"Startup, Career Development, Personal Development",Business Fundamentals,All Levels,1.5 hours,4.3,12,2717,"Rp149,000",6/2016,1,0,1,https://www.udemy.com/course/how-to-get-a-startup-job-and-launch-your-professional-career/
Introduction to Business Administration,5798308,Federico von Borstel,"Business Fundamentals, Management, Business",Business Fundamentals,All Levels,4 hours,4.4,12,29,"Rp149,000",1/2025,0,0,0,https://www.udemy.com/course/introduction-to-business-administration-j/
Think Like a CEO,5032036,Alisa Cohn,"Mindset, Communication Skills, Decision Making, Leadership, Personal Development",Business Fundamentals,Beginner,30 mins,4.4,1918,5424,"Rp149,000",7/2025,0,0,2,https://www.udemy.com/course/think-like-a-ceo/
Entrepreneurship and Business Motivation,5824904,"MTF Institute of Management, Technology and Finance","Motivation, Startup, Business Fundamentals, Entrepreneurship Fundamentals, Entrepreneurship",Business Fundamentals,All Levels,1 hour,4.3,141,18306,"Rp149,000",9/2024,6,0,1,https://www.udemy.com/course/entrepreneurship-and-business-motivation/
Mini-MBA for beginners: Start a Business Series,6388009,Ratna Deepika Kannan,"Entrepreneurship Fundamentals, Entrepreneurship, Business",Business Fundamentals,All Levels,30 mins,4.5,7,401,"Rp149,000",1/2025,0,0,0,https://www.udemy.com/course/mini-mba-for-beginners-start-a-business-series/
Business Model Innovation,5859612,Course Glide,"Business Model, Entrepreneurship, Business",Business Fundamentals,All Levels,2 hours,5.0,1,2,"Rp149,000",5/2024,0,0,0,https://www.udemy.com/course/business-model-innovation-course/
Strategic Planning for Business Development,5934618,Morris Neilson-Ruiz,"Business Development, Business Strategy, Business",Business Fundamentals,Expert,32 mins,5.0,2,8,"Rp149,000",10/2024,10,0,13,https://www.udemy.com/course/strategic-planning-for-business-development/
Startup Rescue Plan: Avoid Mistakes That Kill Growth,6467817,Yasser Anter,"Entrepreneurship Fundamentals, Business Strategy, Company Culture, Entrepreneurship, Business",Business Fundamentals,All Levels,2 hours,5.0,29,1018,"Rp149,000",6/2025,0,0,24,https://www.udemy.com/course/why-startups-fail-uncover-the-hidden-pitfalls/
Business Development Strategies for Beginners,1860122,GabyI. Business Coach,"Business Strategy, Business Fundamentals, Business Development, Business",Business Fundamentals,All Levels,1 hour,3.6,67,6136,"Rp149,000",8/2019,0,0,0,https://www.udemy.com/course/advanced-business-development/
Facilitating with the Business Model Canvas,3856532,Alex Cowan,"Business Collaboration, Facilitation, Business Model Canvas, Entrepreneurship, Business",Business Fundamentals,Beginner,3 hours,4.5,37,189,"Rp149,000",4/2021,2,0,0,https://www.udemy.com/course/facilitating-with-the-business-model-canvas/
Certification in Business Environment and Framework,5629522,Human and Emotion: CHRMI,"Business Fundamentals, Business Strategy, Business",Business Fundamentals,Intermediate,11 hours,4.4,27,3533,"Rp149,000",10/2023,8,0,5,https://www.udemy.com/course/certification-in-business-environment-and-framework/
Understanding Business Model Transformation,3262794,Mashudu Mulaudzi,"Business Model, Business Strategy, Digital Transformation, Business Model Canvas, Business",Business Fundamentals,All Levels,1 hour,4.6,9,82,"Rp149,000",3/2021,0,0,0,https://www.udemy.com/course/understanding-business-model-transformation/
Building a Business Model - The Entrepreneurial Mind,295901,Jeff Cornwall,"Business Model, Business Fundamentals, Business Strategy, Financial Modeling, Entrepreneurship",Business Fundamentals,All Levels,2.5 hours,4.3,35,316,"Rp149,000",10/2014,5,0,0,https://www.udemy.com/course/building-a-business-model-the-entrepreneurial-mind/
Dominate Your Market: frameworks for business success,5892226,"Matthieu Bout, Joppe Ballet","Business Strategy, Business",Business Fundamentals,All Levels,7.5 hours,4.2,23,12038,"Rp149,000",3/2025,0,0,14,https://www.udemy.com/course/dominate-your-market-frameworks-for-business-success/
Entrepreneurship Lessons That Will Change How You Think,1286708,Professor Steve,"Entrepreneurship Fundamentals, Idea Validation, Startup, Marketing Plan, Entrepreneurship",Business Fundamentals,Beginner,7 hours,4.6,57,2212,"Rp149,000",10/2017,0,0,5,https://www.udemy.com/course/start-an-entrepreneurial-growth-venture/
[2023] The Complete Business Plan Course including Templates,4339430,Sidra Siyal,"Business Plan, Business Budgeting, Business Strategy, Entrepreneurship, Business",Business Fundamentals,All Levels,1 hour,4.3,19,234,"Rp149,000",6/2023,0,0,9,https://www.udemy.com/course/the-complete-business-plan-course-with-templates/
15 Things You Must Know BEFORE You Start A Business,1411746,Greg Gottfried,"Startup, Home Business, Online Business, Entrepreneurship, Business",Business Fundamentals,All Levels,35 mins,4.6,180,3397,"Rp149,000",2/2019,2,0,1,https://www.udemy.com/course/startup-essentials/
Business Leader Influence Accelerator,5719362,Corey Gray,"Leadership, Communication, Business",Business Fundamentals,Expert,2 hours,4.9,19,1963,"Rp149,000",2/2024,0,0,5,https://www.udemy.com/course/business-leader-influence-accelerator/
The Complete Start-up & Business Planning Boot Camp,5696902,Sameh Elsayed,"Startup, Business Plan, Entrepreneurship, Business",Business Fundamentals,All Levels,2.5 hours,4.3,19,6508,"Rp149,000",3/2026,1,0,6,https://www.udemy.com/course/the-complete-start-up-business-planning-boot-camp/
Entrepreneurship 101 - From Idea to Launch (And Beyond),1691474,Master It,"Entrepreneurship Fundamentals, Entrepreneurship, Business",Business Fundamentals,All Levels,4 hours,4.2,550,38332,"Rp149,000",9/2018,1,0,19,https://www.udemy.com/course/entrepreneurship-101-from-idea-to-launch-and-beyond/
How To Build Unicorn Tech Startups with Sramana Mitra,3972638,Sramana Mitra,"Entrepreneurship Fundamentals, Entrepreneurship, Business",Business Fundamentals,All Levels,12.5 hours,4.8,98,1052,"Rp149,000",10/2023,0,0,25,https://www.udemy.com/course/unicornstartups/
Certified Business Finance Pro Efficiency & CIMA CertPM [EN],6729957,PapaHR ⇢ 1.6M+ Enrollments • 500+ HR Courses • 30 Languages AI in HR | Analytics | Talent | Comp&Ben | HRCI | SHRM-CP | PHRi,"Corporate Finance, Management, Business",Business Fundamentals,All Levels,8.5 hours,5.0,5,2617,"Rp149,000",3/2026,1,0,14,https://www.udemy.com/course/financial-literacy-for-business-efficiency-driven-strategy/
Absolute Entrepreneurship Part 2: Funding Your Business,1394410,J. Anthony Allen,"Entrepreneurship Fundamentals, Business Fundamentals, Business Strategy, Entrepreneurship, Business",Business Fundamentals,Beginner,2.5 hours,4.7,10,158,"Rp149,000",2/2023,3,0,2,https://www.udemy.com/course/entrepreneurship-funding-your-business/
How To Build A Better Company,1358906,L.D. Sewell Publications and Training,"Business Communication, Leadership, Entrepreneurship, Business",Business Fundamentals,All Levels,1 hour,4.1,3,620,"Rp149,000",7/2023,2,0,0,https://www.udemy.com/course/how-to-build-a-better-company/
The 2023 Complete Masterclass On Buying An Existing Business,1649394,"Chris Benjamin, MBA & CFO","Business Strategy, Business Fundamentals, Management, Business",Business Fundamentals,All Levels,1 hour,3.3,34,1037,"Rp149,000",12/2022,0,0,2,https://www.udemy.com/course/learn-how-to-buy-an-exisiting-business/
Writing an Effective and Successful Business Plan,3819022,Brittany Liszak,"Business Plan, Management, Business",Business Fundamentals,All Levels,30 mins,4.7,58,181,"Rp149,000",8/2021,0,0,5,https://www.udemy.com/course/write-an-effective-business-plan/
MBA ASAP Business Strategy,3226207,John Cousins,"Business Strategy, Negotiation, Leadership, Management Skills, Business",Business Fundamentals,Beginner,5 hours,4.0,16,127,"Rp249,000",2/2026,105,0,114,https://www.udemy.com/course/mba-asap-business-strategy/
Entrepreneurship mindset: 50 MBA mindset of entrepreneur (1),3746212,Chang Liu,"Lean Startup, Entrepreneurship Fundamentals, Startup, Entrepreneurship, Business",Business Fundamentals,Intermediate,2.5 hours,4.7,7,61,"Rp149,000",6/2025,0,0,61,https://www.udemy.com/course/entrepreneurship-visual-museum/
The Entrepreneurship Mindset.,4688912,Stephen Odhiambo Ogweno,"Entrepreneurship Fundamentals, Business Fundamentals, Leadership, Growth Mindset, Entrepreneurship",Business Fundamentals,All Levels,2 hours,4.5,14,2036,"Rp149,000",5/2022,0,0,0,https://www.udemy.com/course/the-entrepreneurship-mindset/
From Idea to Thriving Business: Entrepreneurship Mastery!,478982,Boomy Tokan,"Entrepreneurship Fundamentals, Business Fundamentals, Business Strategy, Entrepreneurship, Business",Business Fundamentals,Beginner,4 hours,4.8,88,27079,"Rp149,000",4/2025,1,0,1,https://www.udemy.com/course/startup-how-to-go-from-an-idea-to-a-thriving-business/
How to create a Simple Business Plan in Hours,2469694,Stephen Edwards,"Business Plan, Entrepreneurship Fundamentals, Entrepreneurship, Business",Business Fundamentals,Beginner,1.5 hours,4.4,223,6016,"Rp149,000",8/2019,1,0,0,https://www.udemy.com/course/business-blueprint/
Start A Business With This Complete A-Z Course (Guaranteed),1548478,Leo Alhalabi,"Business Fundamentals, Business Strategy, Marketing Strategy, Startup, Entrepreneurship",Business Fundamentals,All Levels,4 hours,4.6,304,1705,"Rp249,000",8/2019,1,0,4,https://www.udemy.com/course/startyour-business/
Proven Approach to maximize profitability in small business,2916526,Ganesh Babu,"Entrepreneurship Fundamentals, Entrepreneurship, Business",Business Fundamentals,All Levels,2.5 hours,5.0,2,34,"Rp149,000",5/2021,4,0,6,https://www.udemy.com/course/maximize-your-business-profitability-a-holistic-approach/
How to create your own software company,807164,"Dan Prodi, Pipi Rahayu","Business Fundamentals, Entrepreneurship, Business",Business Fundamentals,All Levels,4.5 hours,3.7,244,8727,"Rp149,000",4/2018,1,0,1,https://www.udemy.com/course/how-to-create-your-own-software-company/
From Developer to Entrepreneur Case Studies | Sramana Mitra,4839250,Sramana Mitra,"Entrepreneurship Fundamentals, Entrepreneurship, Business",Business Fundamentals,All Levels,16 hours,5.0,18,167,"Rp149,000",3/2025,0,0,26,https://www.udemy.com/course/developer-to-entrepreneur/
E-Commerce Fundamentals For Entrepreneurs & Managers,4052952,Leighton Campbell,"E-Commerce, Digital Marketing, Online Business, Digital Transformation, Business",Business Fundamentals,Beginner,1 hour,4.3,14,549,"Rp149,000",6/2024,1,0,2,https://www.udemy.com/course/e-commerce-fundamentals-for-entrepreneurs-business-managers/
Starting a Small Business - Startup Guide for Entrepreneurs,2294131,Larry Aiello,"Startup, Entrepreneurship Fundamentals, Entrepreneurship, Business",Business Fundamentals,Beginner,3.5 hours,4.2,52,3327,"Rp149,000",7/2019,0,0,12,https://www.udemy.com/course/starting-a-small-business-startup-guide-for-entrepreneurs/
Being Strategic: Thinking and Acting with Impact,2653276,Ron Carucci,"Strategic Thinking, Business Strategy, Business",Business Fundamentals,All Levels,1.5 hours,4.5,22270,54835,"Rp1,099,000",7/2025,0,0,7,https://www.udemy.com/course/being-strategic-thinking-and-acting-with-impact/
The Successful Entrepreneur 10 New Rules of Entrepreneurship,729364,Christopher Greenwood,"Entrepreneurship Fundamentals, Personal Success, Entrepreneurship, Business",Business Fundamentals,All Levels,1.5 hours,4.2,53,9006,"Rp149,000",2/2016,0,0,0,https://www.udemy.com/course/newrulesofsuccess/
Negotiations for Small Business Owners,670682,Philip Williams,"Negotiation, Business Fundamentals, Business Strategy, Management, Business",Business Fundamentals,Beginner,4 hours,4.4,15,387,"Rp149,000",9/2016,0,0,22,https://www.udemy.com/course/negotiations-for-small-business-owners/
The Essential Guide to Entrepreneurship: MBA 101,1063526,"Lara Fabans, Boomy Tokan","Entrepreneurship Fundamentals, Entrepreneurship, Business",Business Fundamentals,Beginner,2 hours,4.4,143,37594,"Rp149,000",8/2021,0,0,3,https://www.udemy.com/course/entrepreneurship-for-noobees/
Waystone Navigator: The Complete Business Growth System,6674635,Jared Whitaker,"Business Strategy, Entrepreneurship, Business",Business Fundamentals,All Levels,32 mins,5.0,1,2,"Rp149,000",6/2025,1,0,12,https://www.udemy.com/course/waystone-navigator/
Soft Skills for Entrepreneurs: Attract More Customers Now!,466998,Jason Teteak,"Entrepreneurship Fundamentals, Presentation Skills, Entrepreneurship, Business",Business Fundamentals,All Levels,1 hour,4.5,18,132,"Rp149,000",8/2018,0,0,6,https://www.udemy.com/course/entrepreneur-connect-with-your-customers/
How to start a business at zero cost,3082958,Dr. Francis Mbunya,"Business Development, Entrepreneurship, Business",Business Fundamentals,Beginner,2 hours,4.8,7,61,"Rp149,000",5/2020,0,0,7,https://www.udemy.com/course/how-to-start-a-business-at-zero-cost/
AI Governance & Compliance for Small Business: 2026 Guide,7053025,Stuart Wesselby,"Artificial Intelligence (AI), EU Artificial Intelligence Act, Artificial Intelligence Governance Professional (AIGP), Business Strategy, Business",Business Fundamentals,All Levels,3 hours,4.9,N/A,101,"Rp149,000",3/2026,1,0,6,https://www.udemy.com/course/ai-governance-compliance-for-small-business-2026-guide/
Essentials of Business Development,4086226,Profadev Resources,"Business Fundamentals, Business Continuity Management, Business Plan, Risk Management, Management",Business Fundamentals,All Levels,2 hours,4.1,10,32,"Rp149,000",6/2025,22,0,6,https://www.udemy.com/course/business-management-and-project-development-masterclass/
Business Development Mastery: Growth Strategies for Success,5936654,Nada Jamal,"Business Development, Business Strategy, Business",Business Fundamentals,All Levels,2 hours,4.4,177,5497,"Rp149,000",8/2025,0,0,23,https://www.udemy.com/course/business-development-mastery-growth-strategies-for-success/
Formulating Long-Term Business Strategy: Effective Planning,6129249,YouAccel Training,"Business Strategy, Business",Business Fundamentals,All Levels,2.5 hours,4.6,8,3705,"Rp339,000",8/2024,1,0,9,https://www.udemy.com/course/formulating-long-term-business-strategy-effective-planning/
How to Land A Startup Job to Become An Entrepreneur,145830,Scott Britton,"Job Search, Startup, Career Development, Personal Development",Business Fundamentals,All Levels,4 hours,4.2,68,9917,"Rp149,000",8/2014,0,0,0,https://www.udemy.com/course/startup-job/
Entrepreneurship: 5 keys to building a successful business,852676,The Entourage,"Entrepreneurship Fundamentals, Business Fundamentals, Business Strategy, Entrepreneurship, Business",Business Fundamentals,All Levels,2 hours,4.7,29,168,"Rp149,000",8/2016,2,0,1,https://www.udemy.com/course/entrepreneurship-5-keys-to-building-a-successful-business/
How To Start A Successful Service Business,2434788,Greg Gottfried,"Startup, Home Business, Entrepreneurship, Business",Business Fundamentals,All Levels,1 hour,4.6,118,2874,"Rp149,000",7/2019,2,0,0,https://www.udemy.com/course/how-to-start-a-service-business/
How To Write A Winning Business Plan: The Complete Course,5075314,Kedarnath Sahu,"Business Plan, Business Strategy, Entrepreneurship, Business",Business Fundamentals,All Levels,1 hour,3.3,4,777,"Rp149,000",1/2023,0,0,0,https://www.udemy.com/course/how-to-write-a-ultimate-strategic-winning-business-plan/
How to start a small business course - entrepreneurship 101,4590508,David Anttony,"Business Fundamentals, Entrepreneurship, Business",Business Fundamentals,All Levels,41 mins,4.7,5,20,"Rp149,000",3/2022,0,0,0,https://www.udemy.com/course/how-to-start-small-business-online-training-course/
Master SWOT Analysis & Business Strategy for Ongoing Success,4158728,Vicky Fung,"SWOT Analysis, Business Fundamentals, Business Strategy, Entrepreneurship Fundamentals, Business",Business Fundamentals,All Levels,3 hours,4.4,183,8496,"Rp149,000",3/2025,1,0,35,https://www.udemy.com/course/master-swot-analysis-business-strategy-for-ongoing-success/
Unlocking Success: Building Your Business with Kingdom Keys,4196750,"Michael L. Williams, Jr","Innovation, Business Fundamentals, Entrepreneurship, Business",Business Fundamentals,All Levels,3 hours,4.9,29,4905,"Rp149,000",4/2024,2,0,16,https://www.udemy.com/course/business-intelligence-the-biblical-innovation-model/
From Idea to Business Plan,5427748,Jagan Detie,"Entrepreneurship Fundamentals, Entrepreneurship, Business",Business Fundamentals,Beginner,1 hour,4.1,12,469,"Rp149,000",7/2023,0,0,1,https://www.udemy.com/course/from-idea-to-business-plan/
"Mastering Your Industry: Competitors, Products, & Suppliers",407940,The Main Street Entrepreneur,"Entrepreneurship Fundamentals, Entrepreneurship, Business",Business Fundamentals,All Levels,32 mins,4.5,10354,21431,"Rp149,000",1/2017,15,0,4,https://www.udemy.com/course/how-well-do-you-know-your-industry/
The Complete Guide: Start A Business While You Work,373564,Joe Papa,"Entrepreneurship Fundamentals, Business Fundamentals, Business Strategy, Startup, Entrepreneurship",Business Fundamentals,All Levels,6 hours,4.3,48,1022,"Rp149,000",10/2015,4,0,0,https://www.udemy.com/course/start-a-business/
How To Sell a Business,2169626,Chris Hall,"Business Strategy, Business",Business Fundamentals,All Levels,2.5 hours,4.5,38,3600,"Rp149,000",1/2019,0,0,9,https://www.udemy.com/course/how-to-sell-a-business/
"Entrepreneurship Systems, Automation and Delegation",47666,Tom Corson-Knowles,"Entrepreneurship Fundamentals, Automation, Delegation, Management, Business",Business Fundamentals,All Levels,4 hours,3.6,61,13725,"Rp149,000",4/2016,0,0,0,https://www.udemy.com/course/systemize-automate-delegate/
Advanced Business Strategy: The Profit System Masterclass,1897640,Dexx Williams,"Business Strategy, Business Model, Business Fundamentals, Business",Business Fundamentals,All Levels,2 hours,4.5,30,1917,"Rp149,000",9/2018,0,0,0,https://www.udemy.com/course/profit-system-masterclass/
From Idea to Success,5671240,Faris Obeidat,"Growth Hacking, Startup, Entrepreneurship Fundamentals, Digital Marketing, Entrepreneurship",Business Fundamentals,Beginner,2 hours,4.9,19,377,"Rp149,000",5/2024,0,0,0,https://www.udemy.com/course/the-art-of-entrepreneurship-crafting-a-creative-business/
12 Steps Business Case Development,490356,Sorin Dumitrascu,"Business Case, Business Development, Business Fundamentals, Business Strategy, Entrepreneurship",Business Fundamentals,All Levels,2 hours,3.9,909,5945,"Rp149,000",11/2025,1,0,34,https://www.udemy.com/course/12-steps-business-case-development/
The Essential Guide to Entrepreneurship,6335797,Inderpreet Singh,"Entrepreneurship Fundamentals, Entrepreneurship, Business",Business Fundamentals,All Levels,1.5 hours,5.0,5,1001,"Rp149,000",12/2024,0,0,0,https://www.udemy.com/course/the-essential-guide-to-enterprenuership/
Positioning for Tech Startups by Sramana Mitra,5783646,Sramana Mitra,"Entrepreneurship Fundamentals, Entrepreneurship, Business",Business Fundamentals,All Levels,6 hours,4.8,31,77,"Rp149,000",3/2025,0,0,3,https://www.udemy.com/course/positioningstartups/
Entrepreneurship Mastery: How to Transform Fear into Success,2830498,"Sergey Kasimov, Rachel Smets, MindQuest Academy","Home Business, Entrepreneurship Fundamentals, Fear, Motivation, Personal Development",Business Fundamentals,All Levels,2.5 hours,4.1,35,5757,"Rp149,000",5/2025,2,0,3,https://www.udemy.com/course/entrepreneurs/
How to Bootstrap a Startup to Exit with Sramana Mitra,4292710,Sramana Mitra,"Entrepreneurship Fundamentals, Entrepreneurship, Business",Business Fundamentals,All Levels,14.5 hours,4.6,9,134,"Rp149,000",2/2025,0,0,7,https://www.udemy.com/course/bootstrappingtoexit/
Master Course in Social Entrepreneurship 2.0,5038928,Dr. José Prabhu J,"Entrepreneurship Fundamentals, Nonprofit Startup, Social Work, Social Entrepreneurship, Entrepreneurship",Business Fundamentals,All Levels,1.5 hours,4.3,87,16319,"Rp149,000",7/2025,0,0,0,https://www.udemy.com/course/social-entrepreneurship-nonprofit-startup-social-work/
Beginner's Guide to Successful Business Startup and Planning,5804468,Helia Singh,"Entrepreneurship, Business",Business Fundamentals,Beginner,5 hours,4.5,3,107,"Rp149,000",4/2024,1,0,7,https://www.udemy.com/course/beginners-guide-to-successful-business-startup-and-planning/
Starting & Running Your Own Business,5925252,"Graeme Sayer, Dhamaravelli Moodley","Entrepreneurship, Business",Business Fundamentals,All Levels,2 hours,4.2,2,156,"Rp149,000",12/2025,0,0,5,https://www.udemy.com/course/starting-running-your-own-business/
Simple Smart Business System,103338,"Simon Hodgkinson, Jeremy Gislason","Business Strategy, Business Fundamentals, Business",Business Fundamentals,All Levels,3 hours,4.1,32,5683,"Rp149,000",11/2013,0,0,32,https://www.udemy.com/course/simple-business-start-up-plan/
Learn Business Acumen,1074594,Naveen Kumar A,"Business Strategy, Business Fundamentals, Management, Business",Business Fundamentals,All Levels,31 mins,2.8,62,798,"Rp149,000",1/2017,0,0,0,https://www.udemy.com/course/learn-business-acumen/
C-level management: analyzing a business for maximal growth,5545328,"Matthieu Bout, Joppe Ballet","Management Skills, Management, Business",Business Fundamentals,Intermediate,3.5 hours,4.4,84,20568,"Rp149,000",2/2025,0,0,4,https://www.udemy.com/course/c-level-management-analyzing-a-business-for-maximal-growth/
Smart Startup Strategy: From Strategy to Execution,1818674,Micah Lorenc,"Business Strategy, Entrepreneurship Fundamentals, Strategic Planning, Startup, Entrepreneurship",Business Fundamentals,All Levels,1 hour,4.5,19,45,"Rp799,000",7/2018,0,0,1,https://www.udemy.com/course/smartstartupstrategy/
FAMILY BUSINESS DYNAMICS,5660361,Zowfir Zaheed,"Entrepreneurship, Business",Business Fundamentals,All Levels,2 hours,4.7,7,35,"Rp149,000",3/2024,0,0,20,https://www.udemy.com/course/family-business-dynamics/
The COMPLETE Business Ideas Blueprint for Startups!,654452,"Jackie Burgoa, MBA, MSF","Startup, Business Fundamentals, Business Strategy, Business Idea Generation, Entrepreneurship",Business Fundamentals,All Levels,1.5 hours,4.1,81,1720,"Rp149,000",7/2019,14,0,22,https://www.udemy.com/course/growth-hacking-your-business-ideas/
Successful Entrepreneurs 2.0 - The Online Tools Guide,719282,Sorin Constantin,"Entrepreneurship Fundamentals, Home Business, Business Strategy, Productivity Apps, Entrepreneurship",Business Fundamentals,All Levels,2.5 hours,4.3,7,3343,"Rp149,000",3/2017,1,0,0,https://www.udemy.com/course/successful-entrepreneurs-20-the-online-tools-guide/
Small Business QUICK START COURSE,1414952,Johnny Riley,"Startup, Business Fundamentals, Business Strategy, Entrepreneurship, Business",Business Fundamentals,Beginner,2.5 hours,4.2,10,1186,"Rp149,000",5/2019,0,0,1,https://www.udemy.com/course/start-your-small-business-in-30-days/
How to Test New Startup Ideas with Sramana Mitra,4437736,Sramana Mitra,"Entrepreneurship Fundamentals, Entrepreneurship, Business",Business Fundamentals,All Levels,8 hours,4.6,24,1063,"Rp149,000",11/2025,0,0,2,https://www.udemy.com/course/startupideacasestudy/
Developing a digital business growth strategy,5848710,Adeogun Jesufemi (JFKing) Samuel,"Business Strategy, Business",Business Fundamentals,All Levels,2.5 hours,4.9,15,1004,"Rp149,000",3/2024,0,0,0,https://www.udemy.com/course/developing-a-digital-business-growth-strategy/
Mastering Business Strategy Execution: Key Concepts,6129277,YouAccel Training,"Business Strategy, Business",Business Fundamentals,All Levels,2.5 hours,4.0,3,3092,"Rp149,000",8/2024,1,0,9,https://www.udemy.com/course/mastering-business-strategy-execution-key-concepts/
A Beginner's Guide on Starting a Successful Business,1670334,Ioannis Antypas,"Business Fundamentals, Business Strategy, Entrepreneurship Fundamentals, Startup, Entrepreneurship",Business Fundamentals,Beginner,1.5 hours,4.2,125,21931,"Rp149,000",8/2021,1,0,0,https://www.udemy.com/course/a-beginners-guide-on-starting-a-successful-business/
Are YOU an Entrepreneur? - Winning Ways,4192896,Navine Christian,"Entrepreneurship Fundamentals, Entrepreneurship, Business",Business Fundamentals,All Levels,42 mins,4.6,10,517,"Rp149,000",2/2025,0,0,4,https://www.udemy.com/course/winning-ways-the-small-business-entrepreneur/
Effective Branding For Competitive Advantage,3682352,Eric Yeboah,"Brand Management, Branding, Marketing",Business Fundamentals,All Levels,1.5 hours,4.0,18,58,"Rp149,000",3/2026,0,0,0,https://www.udemy.com/course/effective-branding-for-competitive-advantage/
CEO Chief Executive Officer Executive Certification,5326516,"MTF Institute of Management, Technology and Finance","Business Fundamentals, Leadership, Management, Business",Business Fundamentals,All Levels,N/A,4.5,327,21855,"Rp149,000",8/2023,0,0,0,https://www.udemy.com/course/certified-chief-executive-officer/
Starting a Small Business: Are You Ready to Be Your Own Boss,861934,Henry Lopez,"Business Fundamentals, Business Strategy, Entrepreneurship, Business",Business Fundamentals,Beginner,2.5 hours,4.6,16,30,"Rp149,000",3/2026,0,0,8,https://www.udemy.com/course/starting-your-small-business-are-you-ready/
How to start your own business & gain financial freedom,847006,Robert Da Costa,"Business Strategy, Finance Fundamentals, Business Fundamentals, Entrepreneurship, Business",Business Fundamentals,All Levels,1 hour,4.3,29,754,"Rp149,000",11/2020,1,0,6,https://www.udemy.com/course/start-ur-own-business/
Test & Launch Your Business Idea in 30 Days,4761534,"Alex Glod, Alin Claudiu Apostu","Entrepreneurship Fundamentals, Business Strategy, Design Thinking, Lean Startup, Entrepreneurship",Business Fundamentals,Beginner,3.5 hours,4.7,28,2115,"Rp149,000",5/2023,0,0,10,https://www.udemy.com/course/successfully-test-and-launch-your-business-idea/
How to Start a Business Sustainably | Complete Guide,2929282,Stefan Doering,"Social Entrepreneurship, Business Strategy, Startup, Entrepreneurship, Business",Business Fundamentals,Beginner,6 hours,4.6,1521,5636,"Rp149,000",6/2023,0,0,30,https://www.udemy.com/course/sustainable-entrepreneur-training/
Unleashing Business Sustainability Practice,6502069,Susan Njoroge,"Business Strategy, Business",Business Fundamentals,All Levels,2 hours,4.3,4,9,"Rp149,000",3/2025,0,0,0,https://www.udemy.com/course/unleashing-business-sustainability-practice/
How to Teach Technology Entrepreneurship with Sramana Mitra,4405044,Sramana Mitra,"Entrepreneurship Fundamentals, Entrepreneurship, Business",Business Fundamentals,All Levels,2.5 hours,5.0,5,717,"Rp149,000",4/2023,0,0,1,https://www.udemy.com/course/teachtechentrepreneurship/
Learning Management from Family Business,5534692,Samish Dalal,"Management Skills, Management, Business",Business Fundamentals,Intermediate,1.5 hours,4.8,29,763,"Rp149,000",9/2023,0,0,0,https://www.udemy.com/course/learning-management-from-family-business/
How Non-Technical Founders Build Startups with Sramana Mitra,4358950,Sramana Mitra,"Entrepreneurship Fundamentals, Entrepreneurship, Business",Business Fundamentals,All Levels,18 hours,4.6,32,234,"Rp149,000",3/2023,0,0,2,https://www.udemy.com/course/nontechnicalfounderstartups/
Certified Master Mover,5867984,Mariana Zapata (MBA),"Business Fundamentals, Business Strategy, Business",Business Fundamentals,All Levels,6 hours,3.1,7,13,"Rp149,000",6/2025,0,0,0,https://www.udemy.com/course/certified-moving-business-course-become-a-mover/
How to write a BUSINESS PLAN and PITCH it -Includes template,4562446,Moses Manuel,"Business Plan, Entrepreneurship, Business",Business Fundamentals,All Levels,1 hour,4.7,4,538,"Rp149,000",2/2022,1,0,1,https://www.udemy.com/course/howtowriteabusinessplanandpitchit/
Business Plan Blueprint,290758,Todd Smith,"Business Plan, Business Fundamentals, Business Strategy, Entrepreneurship Fundamentals, Operations",Business Fundamentals,All Levels,5 hours,4.1,21,158,"Rp149,000",10/2014,0,0,2,https://www.udemy.com/course/business-plan-blueprint/
Innovate Your Business Model 2021: A step by step guide,2567420,Chris G | Innovation Victory,"Business Model, Innovation, Business Development, Business Strategy, Business",Business Fundamentals,All Levels,1.5 hours,4.5,29,1038,"Rp149,000",7/2020,0,0,5,https://www.udemy.com/course/innovate-your-business-model-a-proven-step-by-step-guide/
How to Start and Run a Successful Business,3472876,Mariella Blago,"Business Development, Startup, Entrepreneurship, Business",Business Fundamentals,All Levels,2 hours,3.9,4,29,"Rp149,000",9/2020,0,0,20,https://www.udemy.com/course/how-to-start-and-run-a-successful-business/
How to start a business from scratch?,4185154,Daniela Zamudio,"Entrepreneurship Fundamentals, Entrepreneurship, Business",Business Fundamentals,Beginner,2.5 hours,4.5,8,224,"Rp149,000",3/2022,0,0,5,https://www.udemy.com/course/how-to-start-a-business-from-scratch/
Executive Diploma in Strategic Management,5916746,"MTF Institute of Management, Technology and Finance","Management Skills, Business Strategy, Leadership, Business",Business Fundamentals,All Levels,1.5 hours,4.3,259,16535,"Rp149,000",9/2024,9,0,9,https://www.udemy.com/course/executive-diploma-in-strategic-management/
How to build fast and efficiently your startup?,450082,Asen Gyczew,"Startup, Entrepreneurship Fundamentals, Entrepreneurship, Business",Business Fundamentals,Intermediate,5.5 hours,4.5,100,1712,"Rp547,000.00",1/2026,3,0,15,https://www.udemy.com/course/startup-how-to-analyze-and-improve-it-with-simple-tools/
Developing Strategic Executive Management,1586914,Stone River eLearning,"Management Skills, Management, Business",Business Fundamentals,All Levels,1.5 hours,3.8,45,157,"Rp149,000",4/2022,0,0,6,https://www.udemy.com/course/executive-strategy-management/
Entrepreneurship & Innovation Management,3868836,Sentinel | 9,"Entrepreneurship Fundamentals, Innovation, Entrepreneurship, Business",Business Fundamentals,All Levels,2 hours,4.6,35,5208,"Rp149,000",4/2021,0,0,0,https://www.udemy.com/course/entrepreneurship-innovation-management/
How Manipulation Works in Startups,4266272,Vasco Patrício,"Startup, Persuasion, Sales Skills, Human Resources, Business",Business Fundamentals,All Levels,2.5 hours,4.6,3,2207,"Rp149,000",2/2026,1,0,30,https://www.udemy.com/course/manipulation-startups/
Soft Skills You'll Need To Be a Successful Entrepreneur,2505374,Gallery of Ideas ⭐️ GOI Academy,"Business Development, Public Speaking, Personal Development, Marketing Strategy, Personal Brand Building",Business Fundamentals,Beginner,2 hours,4.4,62,2874,"Rp149,000",12/2020,0,0,7,https://www.udemy.com/course/beginners-guide-to-entrepreneurship-starting-a-business/
Instant Entrepreneur: Zero to Hero in 24Hrs the 5 Step Plan,627800,Alan Coote,"Business Strategy, Business Fundamentals, Startup, Entrepreneurship, Business",Business Fundamentals,All Levels,1.5 hours,4.4,11,2549,"Rp149,000",1/2024,0,0,2,https://www.udemy.com/course/the-24-hours-start-up/
MBA in Marketing - (As I Teach This at Universities),242114,Antonis Anastassiades,"MBA, Marketing Strategy, Marketing Fundamentals, Marketing",Business Fundamentals,All Levels,2.5 hours,4.4,10,783,"Rp249,000",6/2017,0,0,1,https://www.udemy.com/course/principles-of-marketing-e-marketing-university-level/
Entrepreneur Mindset: Turn Dreams into Reality [Essentials],6061831,"Sergey Kasimov, MindQuest Academy","Entrepreneurship Fundamentals, Entrepreneurship, Business",Business Fundamentals,Intermediate,1.5 hours,5.0,1,220,"Rp149,000",1/2025,1,0,0,https://www.udemy.com/course/dreamblueprint/
How to write a viable business plan - step by step guide!,5921460,aWICT .,"Business Strategy, Business",Business Fundamentals,All Levels,2 hours,4.6,36,117,"Rp149,000",7/2024,0,0,5,https://www.udemy.com/course/how-to-write-a-viable-business-plan-step-by-step-guide/
REVEALING - How to Build Your Business without Working Hard,326918,Ultimate Results,"Business Strategy, Business Fundamentals, Entrepreneurship, Business",Business Fundamentals,All Levels,N/A,4.5,24,1949,"Rp149,000",8/2015,0,0,0,https://www.udemy.com/course/delegation-for-entrepreneurs/
Keys To Success For Women Entrepreneurs with Sramana Mitra,3963530,Sramana Mitra,"Entrepreneurship Fundamentals, Entrepreneurship, Business",Business Fundamentals,All Levels,14.5 hours,4.5,16,40,"Rp149,000",3/2023,0,0,4,https://www.udemy.com/course/womenentrepreneurs/
Quick Start to Entrepreneurship and Innovation,3431006,HUBx EdTech,"Entrepreneurship Fundamentals, Entrepreneurship, Business",Business Fundamentals,Beginner,1 hour,4.8,6,422,"Rp149,000",8/2020,2,0,3,https://www.udemy.com/course/quick-start-to-entrepreneurship-and-innovation/
Launch Your Dream Business: Entrepreneurship in 7 Easy Steps,295803,Lisa Newton,"Entrepreneurship Fundamentals, Business Fundamentals, Business Strategy, Entrepreneurship, Business",Business Fundamentals,All Levels,3 hours,4.8,7,24,"Rp149,000",7/2023,0,0,8,https://www.udemy.com/course/entrepreneurs-club/
Idea Extraction - Turn your idea into a profitable business,3396356,Lynda Ori,"Entrepreneurship Fundamentals, Business Fundamentals, Business Plan, Business Strategy, Entrepreneurship",Business Fundamentals,Beginner,1.5 hours,4.9,95,1261,"Rp899,000",5/2025,0,0,3,https://www.udemy.com/course/idea-extraction-course/
"Serial Entrepreneur, Solopreneur & Green Entrepreneur 2.0",5642586,Dr. José Prabhu J,"Entrepreneurship Fundamentals, Entrepreneurship, Business",Business Fundamentals,All Levels,1 hour,4.2,19,7053,"Rp149,000",7/2025,0,0,0,https://www.udemy.com/course/serial-entrepreneur-solopreneur-green-entrepreneur/
Bootstrapping Startup Case Studies with Sramana Mitra,4423034,Sramana Mitra,"Entrepreneurship Fundamentals, Entrepreneurship, Business",Business Fundamentals,All Levels,3 hours,4.8,8,656,"Rp149,000",5/2023,0,0,2,https://www.udemy.com/course/bootstrappingstartupcasestudy/
Startup Ideas For The Post Covid World with Sramana Mitra,3918008,Sramana Mitra,"Business Idea Generation, Entrepreneurship Fundamentals, Startup, Entrepreneurship, Business",Business Fundamentals,All Levels,6 hours,4.8,66,274,"Rp149,000",4/2023,0,0,4,https://www.udemy.com/course/8startupideas/
Franchise Management - An Introduction,4392100,Management Study Guide,"Management Skills, Entrepreneurship, Business",Business Fundamentals,All Levels,1.5 hours,4.0,33,598,"Rp149,000",12/2022,0,0,0,https://www.udemy.com/course/franchise-management/
How to Bootstrap Startups by Piggybacking with Sramana Mitra,4269590,Sramana Mitra,"Entrepreneurship Fundamentals, Entrepreneurship, Business",Business Fundamentals,All Levels,12 hours,4.9,25,134,"Rp149,000",2/2025,0,0,16,https://www.udemy.com/course/bootstrapbypiggybacking/
Proven People Management Process in small business,2708014,Ganesh Babu,"Human Resources, Employee Engagement, Business",Business Fundamentals,All Levels,2.5 hours,4.3,13,59,"Rp149,000",4/2020,0,0,1,https://www.udemy.com/course/proven-people-management-process-in-small-emerging-business/
Essential Analytics for Solo and Small Business Owners,546926,Susan Kawa,"Business Analytics, Business Fundamentals, Business Strategy, Data Analysis, Business Analytics & Intelligence",Business Fundamentals,Beginner,4 hours,4.7,65,481,"Rp149,000",11/2015,6,0,12,https://www.udemy.com/course/essential-analytics-for-solo-and-small-business-owners/
"Certificate Program in ""Starting the Startup"" in India",5102234,Ateos Foundation of Science Education and Research,"Startup, Entrepreneurship, Business",Business Fundamentals,All Levels,39 mins,4.2,31,504,"Rp149,000",1/2023,0,0,0,https://www.udemy.com/course/certificate-program-in-starting-the-startup/
Team Building for Tech Startups by Sramana Mitra,5807504,Sramana Mitra,"Entrepreneurship Fundamentals, Entrepreneurship, Business",Business Fundamentals,All Levels,4.5 hours,4.3,5,18,"Rp149,000",2/2024,0,0,1,https://www.udemy.com/course/startupteams/
4 Steps To Building A Fast-Growth Startup,4265818,The Entourage,"Startup, Business Fundamentals, Entrepreneurship Fundamentals, Entrepreneurship, Business",Business Fundamentals,Beginner,1.5 hours,4.7,23,1862,"Rp149,000",11/2021,0,0,0,https://www.udemy.com/course/startup-starter-pack/
Starting a Business: Plans & Partnership Agreements,606314,Kurt Bihelek,"Business Plan, Business Fundamentals, Business Strategy, Entrepreneurship, Business",Business Fundamentals,All Levels,1 hour,4.2,21,1158,"Rp149,000",1/2016,0,0,3,https://www.udemy.com/course/how-to-write-a-business-plan-partnership-agreement/
The Importance of JV Contests in Exploding Your Business,496180,"Nikhil Kapoor, Sandor Kiss","Business Strategy, Business Fundamentals, Advertising Strategy, Marketing Strategy, Affiliate Marketing",Business Fundamentals,All Levels,1.5 hours,4.2,19,9564,"Rp149,000",5/2015,0,0,0,https://www.udemy.com/course/jv-leaderboard/
The Online Multi-Business Master Plan,658710,Stephen Atkinson,"Business Plan, Business Fundamentals, Business Strategy, Online Business, Entrepreneurship",Business Fundamentals,All Levels,2 hours,4.4,15,1231,"Rp149,000",8/2021,1,0,3,https://www.udemy.com/course/the-online-multi-business-master-plan/
How To Write A Business Plan : Step-by-Step Guide,4279688,Mayokun Odusote,"Business Plan, Business Model, Financial Planning, Business Model Canvas, Business Strategy",Business Fundamentals,All Levels,2 hours,4.2,34,4995,"Rp149,000",8/2022,0,0,19,https://www.udemy.com/course/how-to-write-a-bankable-business-plan/
Business Development Executive Coaching 4 Cold Calling Sales,452240,John Colley,"Business Development, Sales Skills, Business Fundamentals, Business Strategy, Sales",Business Fundamentals,All Levels,7.5 hours,4.5,138,4605,"Rp149,000",6/2024,1,0,76,https://www.udemy.com/course/business-development-sales/
Startup Masterclass: The Ultimate Guide For Young Startups,883946,"Leon Chaudhari, Startup Hero","Startup, Entrepreneurship Fundamentals, Entrepreneurship, Business",Business Fundamentals,All Levels,6.5 hours,4.0,119,3661,"Rp149,000",12/2016,0,0,5,https://www.udemy.com/course/startupmasterclass/
The 7 Step Business Plan That Writes Itself,904688,Teresa Dowell-Vest,"Business Plan, Entrepreneurship Fundamentals, Marketing Strategy, Entrepreneurship, Business",Business Fundamentals,All Levels,1.5 hours,4.6,307,1546,"Rp149,000",9/2016,0,0,10,https://www.udemy.com/course/the-7-step-business-plan-that-writes-itself/
How to Write a Business Plan,1020208,Günter Richter,"Business Plan, Business Fundamentals, Business Strategy, Entrepreneurship, Business",Business Fundamentals,All Levels,3 hours,4.2,34,1289,"Rp149,000",10/2019,0,0,3,https://www.udemy.com/course/how-to-create-a-business-plan/
Building Profitable Digital Startup Businesses,3346690,Glensinos Interdisciplinary Center,"Startup, Online Business, Other IT & Software, IT & Software",Business Fundamentals,All Levels,1 hour,4.8,3,16,"Rp149,000",12/2021,3,0,3,https://www.udemy.com/course/mini-mba-in-digital-business-1-building-a-profitable-startup/
Performance Management at Business University Approved Certi,4159258,Prf. Dr. Bilal Semih Bozdemir,"Career Development, Personal Development",Business Fundamentals,All Levels,2.5 hours,3.8,16,2978,"Rp149,000",10/2025,5,0,1,https://www.udemy.com/course/performance-management-at-business-course/
How to build a IT Startup from scratch.,4939742,Meg Online Courses,"Startup, IT Startup, Entrepreneurship, Business",Business Fundamentals,All Levels,1.5 hours,4.3,26,2583,"Rp149,000",7/2023,0,0,1,https://www.udemy.com/course/how-to-build-a-it-startup-from-scratch/
Crushing Your Competition - Strategies for Business Success,4326504,"Ken Burke, EntrepreneurNOW Network","Business Strategy, Entrepreneurship Fundamentals, Business",Business Fundamentals,All Levels,3.5 hours,3.9,4,1017,"Rp149,000",9/2021,0,0,11,https://www.udemy.com/course/crushing-your-competition-strategies-for-business-success/
Validate your business idea with MVP-Minimum Viable Product,396734,Asen Gyczew,"Minimum Viable Product (MVP), Business Idea Generation, Business Strategy, Business",Business Fundamentals,All Levels,2 hours,4.5,173,2174,"Rp149,000",1/2026,2,0,8,https://www.udemy.com/course/test-your-business-idea-with-mvp-minimal-viable-product/
"Entrepreneurship - Ft. Matthew Rolnick of Yaymaker, Groupon",2886304,"YouAccel Training, Matthew Rolnick","Entrepreneurship Fundamentals, Entrepreneurship, Business",Business Fundamentals,Beginner,1.5 hours,4.5,746,97644,"Rp149,000",5/2020,0,0,1,https://www.udemy.com/course/how-to-succeed-as-an-entrepreneur-a-beginners-guide/
Agile Product Strategy – Business Model Canvas,1385818,Matthias Orgler,"Business Model Canvas, Business Strategy, Entrepreneurship, Business",Business Fundamentals,All Levels,2 hours,4.3,48,368,"Rp249,000",6/2019,0,0,0,https://www.udemy.com/course/business-model-canvas-basics/
Scaling & International Expansion,6240875,Hains Academy,"Business Development, Entrepreneurship Fundamentals, Entrepreneurship, Business",Business Fundamentals,All Levels,1.5 hours,4.1,2,705,"Rp149,000",10/2024,0,0,0,https://www.udemy.com/course/scaling-international-expansion/
Entrepreneurship 2.0 - The Elite Online Business Blueprint,570776,"Sorin Constantin, Aaron Jonathan","Online Business, Home Business, Business Strategy, Entrepreneurship Fundamentals, Entrepreneurship",Business Fundamentals,All Levels,6.5 hours,4.4,44,5741,"Rp149,000",4/2016,1,0,2,https://www.udemy.com/course/eliteonlinebusinessblueprint/
How To Start & Run A UK Telephone Answering Service Business,371822,Lisa Newton,"Business Fundamentals, Startup, Entrepreneurship, Business",Business Fundamentals,All Levels,1.5 hours,4.7,5,54,"Rp149,000",9/2018,0,0,3,https://www.udemy.com/course/how-to-start-and-run-a-telephone-answering-service-business/
Business Innovation & Growth : Discover Market Opportunity,3219947,Moi Studio,"Business Strategy, Market Research, Strategic Planning, Strategic Thinking, Business",Business Fundamentals,All Levels,1.5 hours,4.2,9,45,"Rp149,000",12/2020,0,0,8,https://www.udemy.com/course/market-innovation-roadmap-innovate-within-your-market/
Circle 2.0 - Your App Business in a Box,899022,Alex Nagy,"Mobile App Business, iOS Game Development, Mobile Development, Development",Business Fundamentals,All Levels,2.5 hours,3.5,6,119,"Rp149,000",3/2018,1,0,16,https://www.udemy.com/course/your-app-business-in-a-box/
Business Strategy - Strategy for creating Wealth,4508236,Haider Studio,"Business Fundamentals, Business Strategy, Business",Business Fundamentals,Beginner,36 mins,4.3,5,16,"Rp149,000",2/2022,0,0,3,https://www.udemy.com/course/business-strategy-strategy-for-creating-wealth/
Business Networking that Brings Results,3936316,Krzysztof Kolodzinski,"Communication Skills, Communication, Business",Business Fundamentals,Beginner,35 mins,4.1,6,25,"Rp149,000",6/2024,1,0,1,https://www.udemy.com/course/business-networking-brings-results-valuable-connections/
5 Essential Steps To Building a 7-Figure Business,4246054,The Entourage,"Business Strategy, Business",Business Fundamentals,Beginner,2 hours,4.5,14,3054,"Rp149,000",9/2021,1,0,1,https://www.udemy.com/course/5-essential-steps-to-building-a-7-figure-business/
Make Your Own Digital Store and Start your Software Business,2313766,Harvinder Kumar,"Digital Marketing, Online Business, Affiliate Marketing, Marketing",Business Fundamentals,All Levels,34 mins,4.9,6,26,"Rp149,000",4/2019,1,0,2,https://www.udemy.com/course/make-your-own-digital-store-in-2-minutes-with-products/
The Adaptive Startup System: Build a Business That Fits You,6766765,Boomy Tokan,"Entrepreneurship, Business",Business Fundamentals,Beginner,3 hours,4.3,7,2295,"Rp149,000",8/2025,0,0,24,https://www.udemy.com/course/the-adaptive-startup-system-build-a-business-that-fits-you/
How to Build a Tech Startup 101 - Business Management,1327248,"Augmented Startups, Uzair Usman, Rajiv Desai","Entrepreneurship Fundamentals, Business Fundamentals, Business Strategy, Management Skills, Entrepreneurship",Business Fundamentals,All Levels,1 hour,4.0,27,7390,"Rp149,000",10/2020,1,0,9,https://www.udemy.com/course/starting-a-tech-company-business-management/
Building a Profitable Software Development Business - Series,5403724,Ashok Singh,"Business Development, Software Development, Other IT & Software, IT & Software",Business Fundamentals,Intermediate,2.5 hours,4.4,9,35,"Rp149,000",10/2023,0,0,2,https://www.udemy.com/course/building-a-profitable-software-development-business-series/
Getting Investors for Your Business Startup,10973,"Bplans School of Business, Tim Berry","Business Strategy, Startup, Business Fundamentals, Investing, Entrepreneurship",Business Fundamentals,Intermediate,2 hours,4.5,5,138,"Rp149,000",5/2018,4,0,0,https://www.udemy.com/course/how-to-raise-money-for-your-business/
Business Plan Numbers Made Simple - Profitable and Realistic,304424,Lisa Newton,"Business Plan, Business Fundamentals, Business Strategy, Communication, Business",Business Fundamentals,All Levels,1.5 hours,3.7,11,237,"Rp149,000",5/2025,3,0,6,https://www.udemy.com/course/numbers-for-the-business-plan/
New Business Development,705122,Lisa Newton,"Business Development, Business Strategy, Business",Business Fundamentals,All Levels,1.5 hours,3.8,4,23,"Rp149,000",5/2025,0,0,1,https://www.udemy.com/course/new-business-development/
Master Google Cloud Digital Leader: Certification EXAM,6786869,Nina Zaytsev,"Google Cloud Digital Leader, IT Certifications, IT & Software",Business Fundamentals,All Levels,N/A,5.0,2,2,"Rp149,000",1/2026,0,0,0,https://www.udemy.com/course/google-cloud-digital-leader-certificatio/
"How to write your ""Business Plan"" ?",4407394,Inderpreet Singh,"Business Plan, Entrepreneurship, Business",Business Fundamentals,All Levels,36 mins,3.9,10,2291,"Rp149,000",3/2025,0,0,0,https://www.udemy.com/course/how-to-write-your-business-plan/
Foundations of Business Strategy,13019,Michael Lenox,"Business Strategy, Business Fundamentals, Business",Business Fundamentals,All Levels,4 hours,4.5,5269,139273,Free,1/2012,1,0,0,https://www.udemy.com/course/foundations-of-business-strategy/
Introduction to business,5899580,Ihsan Khajamohideen,"Business Fundamentals, Entrepreneurship, Business",Business Fundamentals,Beginner,1 hour,4.2,86,2088,Free,9/2025,12,0,22,https://www.udemy.com/course/introduction-to-business-h/
Business Impact Zone | Business Boot Camp,5879998,Sunil Tatkar,"Management, Business",Business Fundamentals,All Levels,2 hours,5.0,2,322,Free,4/2025,1,0,0,https://www.udemy.com/course/business-boot-camp-a-happy-skills-growth-course-3-of-5/
Foundations of Business Success,5352438,JD Longino,"Entrepreneurship Fundamentals, Business Fundamentals, Entrepreneurship, Business",Business Fundamentals,Beginner,N/A,4.8,11,991,"Rp149,000",5/2023,0,0,0,https://www.udemy.com/course/foundations-of-business-success/
The Lean Startup Talk at Stanford E-Corner,1769,Eric Ries,"Lean Startup, Entrepreneurship, Business",Business Fundamentals,All Levels,1.5 hours,4.7,860,27977,Free,1/2010,0,0,0,https://www.udemy.com/course/the-lean-startup-debunking-myths-of-entrepreneurship/
17 Business Planning Mistakes You Should Avoid,1725314,Karlene Sinclair-Robinson,"Business Plan, Business Fundamentals, Business Strategy, Entrepreneurship Fundamentals, Entrepreneurship",Business Fundamentals,All Levels,1.5 hours,4.4,136,9280,Free,7/2018,0,0,1,https://www.udemy.com/course/17-business-planning-mistakes-you-should-avoid/
The Cornerstones of business survival,1192638,Lawrence Hamilton,"Business Fundamentals, Business Strategy, Management, Business",Business Fundamentals,All Levels,1 hour,4.3,88,5338,Free,5/2017,0,0,0,https://www.udemy.com/course/the-cornerstones-of-business-survival/
1 Hour Business Blueprint: Fast-Track Guide for Beginners,6119179,Driven By... Co.,"Business Plan, Business Fundamentals, Entrepreneurship, Business",Business Fundamentals,Beginner,1 hour,4.7,7,851,Free,8/2024,0,0,2,https://www.udemy.com/course/1-hour-business-blueprint/
NEW Lean Startup Principles Save Entrepreneurs a Fortune!,378782,Eric John Campbell,"Lean Startup, Entrepreneurship, Business",Business Fundamentals,All Levels,1.5 hours,4.4,1285,21095,Free,1/2021,2,0,3,https://www.udemy.com/course/leanstartup/
The Ultimate Guide to Startup Business Development,94704,Andrew Dumont,"Startup, Business Fundamentals, Business Strategy, Business Development, Sales",Business Fundamentals,All Levels,1.5 hours,4.5,1115,24249,Free,12/2021,2,0,3,https://www.udemy.com/course/startup-business-development-guide/
Starting a Business: a step-by-step guide by Slidebean CEO,2483284,Jose Cayasso,"Startup, Entrepreneurship, Business",Business Fundamentals,All Levels,N/A,4.5,1150,28693,"Rp149,000",6/2021,0,0,0,https://www.udemy.com/course/starting-a-business-101/
The 5 IMMUTABLE Growth Principles for Every Small Business,32781,Toby Milroy,"Growth Hacking, Business Fundamentals, Business Strategy, Business",Business Fundamentals,All Levels,1.5 hours,3.9,217,16304,Free,6/2013,0,0,0,https://www.udemy.com/course/the-5-immutable-growth-principles/
Start90: Design your purpose-driven business in just 90 days,4771030,Randal Schober,"Startup, Entrepreneurship, Business",Business Fundamentals,Beginner,2 hours,4.6,9,583,Free,2/2024,0,0,18,https://www.udemy.com/course/start90-design-your-purpose-driven-business-in-just-90-days/
Entrepreneurship 101: How to Succeed as an entrepreneur?,3712480,Ze startup,"Entrepreneurship Fundamentals, Entrepreneurship, Business",Business Fundamentals,All Levels,1.5 hours,4.3,40,2494,Free,12/2020,0,0,0,https://www.udemy.com/course/entrepreneurship-101-how-to-succeed-as-an-entrepreneur/
Free Essential Guide to Starting & Running a Small Business,6530285,AutoBizOps .,"Business Fundamentals, Startup, Entrepreneurship Fundamentals, Business Plan, Entrepreneurship",Business Fundamentals,Beginner,30 mins,4.5,19,894,Free,5/2025,0,0,1,https://www.udemy.com/course/free-essential-guide-to-starting-running-a-small-business/
Entrepreneurship: From idea to reality,6353671,George Filipovic,"Entrepreneurship Fundamentals, Online Business, Business Development, Entrepreneurship, Business",Business Fundamentals,Beginner,2 hours,4.4,10,690,Free,12/2024,0,0,17,https://www.udemy.com/course/entrepreneurship-from-idea-to-reality/
Roadmap to the Entrepreneurial Mindset and Toolkit,449542,"Chereau Philippe, Mélanie Ciussi, Jonathan Sitruk, Dominique Vian, Christophe Sempels, Philippe Chereau, Michel BERNASCONI","Entrepreneurship Fundamentals, Mindset, Entrepreneurship, Business",Business Fundamentals,All Levels,3 hours,4.2,406,17760,Free,7/2015,1,0,0,https://www.udemy.com/course/entrepreneurial-mindset-and-toolkit/
Create and Validate your IDEA like a Boss in 5 vital steps,4306413,"Rita Simon, MBA","Idea Validation, Business Fundamentals, Entrepreneurship Fundamentals, Online Business, Entrepreneurship",Business Fundamentals,Beginner,1 hour,4.2,17,1620,Free,12/2021,0,0,5,https://www.udemy.com/course/create-and-validate-your-like-a-boss-in-5-vital-steps/
Back Yourself and Start Your Own Business - Leave the 9-5.,5512818,Timothy Sullivan,"Business Fundamentals, Confidence, Personal Transformation, Personal Development",Business Fundamentals,All Levels,1.5 hours,4.5,8,924,"Rp149,000",5/2025,1,0,8,https://www.udemy.com/course/take-the-leap-back-yourself-and-start-your-own-business/
Growth Mindset: Master the Art of Consistent Wins,6054967,Antel Ken,"Growth Mindset, Personal Success, Success Visualization, Entrepreneurship, Business",Business Fundamentals,Beginner,42 mins,4.6,21,748,Free,3/2025,0,0,0,https://www.udemy.com/course/how-to-build-a-successful-mindset-in-life-and-business/
Entrepreneurship Course for Beginners,5675424,Justin Leonard,"Entrepreneurship Fundamentals, Entrepreneurship, Business",Business Fundamentals,Beginner,1 hour,4.3,56,1631,Free,11/2023,0,0,0,https://www.udemy.com/course/entrepreneurship-course-for-beginners/
Business Growth Quick Start Course,4915936,Michael Vinocur,"Business Development, Business Strategy, Entrepreneurship Fundamentals, Sales, Business",Business Fundamentals,Beginner,2 hours,4.9,9,1313,Free,10/2022,0,0,6,https://www.udemy.com/course/bizsimply-quick-start-course/
Start Up to Scale Up: A Growth Formula for Small Businesses,519498,Russell Streeter,"Startup, Entrepreneurship, Business",Business Fundamentals,Intermediate,28 mins,4.6,390,14568,Free,1/2017,1,0,3,https://www.udemy.com/course/from-start-up-to-scaleup/
First Nations Mini MBA,5895570,Dean Foley,"Business Fundamentals, Sustainable Development, MBA, Marketing Strategy, Entrepreneurship",Business Fundamentals,Beginner,1 hour,4.5,13,948,Free,7/2024,0,0,30,https://www.udemy.com/course/first-nations-mba/
Steps to a Startup,2962208,Adityaraj Bhatt,"Entrepreneurship Fundamentals, Entrepreneurship, Business",Business Fundamentals,Beginner,2 hours,3.9,20,2437,Free,4/2020,0,0,18,https://www.udemy.com/course/steps-to-a-startup/
Roadmap MBA (Modules 1-4),5647890,Steve Pugh,"MBA, Entrepreneurship, Business",Business Fundamentals,All Levels,2 hours,4.6,40,1005,Free,11/2023,0,0,36,https://www.udemy.com/course/roadmap-mba-modules-1-4/
20 Step Business Building Guide 2022,4299717,"Rita Simon, MBA","Online Business, Business Fundamentals, Entrepreneurship Fundamentals, Lead Generation, Entrepreneurship",Business Fundamentals,Beginner,2 hours,4.3,51,2963,Free,8/2022,1,0,8,https://www.udemy.com/course/start-and-build-your-business-like-a-pro-in-20-steps/
Beginners Business Modeling,4212818,Nicolette Chinomona,"Business Strategy, Entrepreneurship, Business",Business Fundamentals,Beginner,1 hour,4.6,103,2425,Free,7/2021,0,0,2,https://www.udemy.com/course/beginners-business-modeling/
Online MBA Alternative - The modMBA: For Entrepreneurs,1327356,COURSE ENVY,"Entrepreneurship Fundamentals, Entrepreneurship, Business",Business Fundamentals,All Levels,2 hours,4.2,880,26437,Free,1/2026,8,0,2,https://www.udemy.com/course/online-mba/
Professional Business Strategy Unlock Organizational Growth,5378488,Akhil Vydyula,"Business Strategy, Business Fundamentals, Advertising Strategy, Entrepreneurship Fundamentals, Entrepreneurship",Business Fundamentals,Beginner,1 hour,4.4,28,3717,Free,4/2025,0,0,0,https://www.udemy.com/course/professional-business-strategy-managing-organisational-value/
Quick MBA!,2715284,"Suppachok Nitsoonkit, PhD","MBA, Entrepreneurship, Business",Business Fundamentals,All Levels,31 mins,4.1,257,6479,Free,8/2025,0,0,0,https://www.udemy.com/course/quick-mba/
Introduction to Entrepreneurship,3747480,"Vayun Shyam, Ronith Ganjigunta, Rohan Karra","Entrepreneurship Fundamentals, Entrepreneurship, Business",Business Fundamentals,Beginner,1.5 hours,4.3,126,7807,Free,5/2021,0,0,0,https://www.udemy.com/course/introduction-to-entrepreneurship-tsi/
Startup Business Success,2807489,Gregory Turner,"Entrepreneurship Fundamentals, Entrepreneurship, Business",Business Fundamentals,Beginner,37 mins,4.5,92,3385,Free,2/2020,0,0,1,https://www.udemy.com/course/startup-business-success/
How to Start a Startup / Business,1562324,"Julien Meyer, MBA","Startup, Entrepreneurship Fundamentals, Business Fundamentals, Business Strategy, Entrepreneurship",Business Fundamentals,Beginner,37 mins,4.4,1852,43761,Free,2/2018,0,0,0,https://www.udemy.com/course/how-to-start-a-startup-business/
How to Prepare A Business Plan?,3841610,Amol Sonawane,"Business Plan, Entrepreneurship, Business",Business Fundamentals,Beginner,34 mins,4.2,145,3575,Free,2/2021,0,0,0,https://www.udemy.com/course/how-to-prepare-a-business-plan/
Entrepreneurship and business creation,3172742,Sezair Julien,"Entrepreneurship Fundamentals, Entrepreneurship, Business",Business Fundamentals,Beginner,1.5 hours,4.2,55,2431,Free,6/2020,9,0,20,https://www.udemy.com/course/entrepreneurship-and-business-creation/
Part Time Entrepreneurship: Become Entrepreneur With a job,6063829,"John Masud Parvez, VSHR Pro Academy","Social Entrepreneurship, Entrepreneurship Fundamentals, Entrepreneurship, Business",Business Fundamentals,Beginner,1.5 hours,4.7,42,1270,Free,4/2026,0,0,2,https://www.udemy.com/course/part-time-entrepreneur-starter/
Win In Business The 'Harvey Specter' Way,185862,Three Sixty Academy,"Business Strategy, Business Fundamentals, Leadership, Personal Development",Business Fundamentals,All Levels,32 mins,3.5,389,10282,Free,3/2014,0,0,0,https://www.udemy.com/course/win-in-business-the-harvey-specter-way/
How to start a business.,2486616,Stephen Fahey,"Business Development, Entrepreneurship, Business",Business Fundamentals,Intermediate,1.5 hours,3.9,43,3366,Free,1/2021,0,0,13,https://www.udemy.com/course/how-to-start-a-business-s/
Quitting Your Job to Start a Business?,2726284,Brenda Brooks,"Career Change, Career Coach Training, Startup, Entrepreneurship, Business",Business Fundamentals,All Levels,42 mins,4.7,22,1668,Free,11/2021,0,0,3,https://www.udemy.com/course/start-business-while-working/
Entrepreneurship Development: Motivation theory & models,4186224,Puneet Sethi,"Entrepreneurship Fundamentals, Entrepreneurship, Business",Business Fundamentals,All Levels,1 hour,4.4,10,1149,Free,7/2021,0,0,1,https://www.udemy.com/course/entrepreneurship-development-motivation-theory-models/
The Path to Entrepreneurship: Be a Real Entrepreneur,4234056,We ArEntrepreneur,"Entrepreneurship Fundamentals, Entrepreneurship, Business",Business Fundamentals,Beginner,1.5 hours,3.8,32,2214,Free,8/2021,1,0,0,https://www.udemy.com/course/thepathtoentrepreneurship/
Validate Your Business Idea in 4 Steps,3733972,Lisa Makarova,"Entrepreneurship Fundamentals, Entrepreneurship, Business",Business Fundamentals,Beginner,1 hour,4.6,36,1962,Free,12/2020,0,0,0,https://www.udemy.com/course/validate-your-business-idea/
Impact Entrepreneurship,4619644,OAZA Academy,"Entrepreneurship Fundamentals, Entrepreneurship, Business",Business Fundamentals,Intermediate,1 hour,4.3,69,2129,Free,3/2023,2,0,3,https://www.udemy.com/course/impact-entrepreneurship/
How to Buy a Business: A Step-by-Step Masterclass,6171365,Adrian Knight,"Entrepreneurship, Business",Business Fundamentals,Beginner,37 mins,4.5,28,984,Free,10/2024,1,0,0,https://www.udemy.com/course/how-to-buy-a-business-masterclass/
Win In Business The 'Frank Underwood' Way,191084,Three Sixty Academy,"Business Strategy, Business Fundamentals, Leadership, Personal Development",Business Fundamentals,All Levels,31 mins,4.2,136,8153,Free,3/2014,0,0,0,https://www.udemy.com/course/win-in-business-the-frank-underwood-way/
How To Start Business With Offline Business Applications,340650,Maksym V,"Business Strategy, Business Fundamentals, Startup, Other IT & Software, IT & Software",Business Fundamentals,All Levels,1.5 hours,4.1,399,28066,Free,12/2014,0,0,0,https://www.udemy.com/course/how-to-make-10k-per-month-with-offline-business-applications/
Learn How to Start & Scale your Business to 8+ Figures,4646198,Alex Silva,"Business Fundamentals, Entrepreneurship, Business",Business Fundamentals,Beginner,44 mins,4.3,9,1214,Free,4/2022,1,0,0,https://www.udemy.com/course/learn-how-to-start-scale-your-business-to-8-figures/
Learn How to Launch Online Business,6933213,Diana Hurta,"Online Business, E-Commerce, Business",Business Fundamentals,All Levels,32 mins,4.6,6,154,Free,11/2025,0,0,0,https://www.udemy.com/course/launch-a-winning-online-business/
How to start a CIC (Community Interest Company),6731239,Wenta Business,"Startup, Entrepreneurship, Business",Business Fundamentals,Beginner,1 hour,4.7,3,405,Free,7/2025,4,0,0,https://www.udemy.com/course/how-to-start-a-cic-community-interest-company/
How To Effectively Manage Your Business Through A Crisis,2996840,Stuart Morley,"Business Budgeting, Business Development, Business Strategy, Corporate Finance, Accounting & Bookkeeping",Business Fundamentals,All Levels,1 hour,4.3,105,2907,Free,5/2020,0,0,1,https://www.udemy.com/course/from-crisis-to-recovery/
7SPE (7 Serious Pitfalls) Model for entrepreneurs,173694,ATI - Analytics Training Institute,"Entrepreneurship Fundamentals, Financial Modeling, Entrepreneurship, Business",Business Fundamentals,All Levels,2 hours,4.2,31,8848,Free,3/2014,0,0,0,https://www.udemy.com/course/serious-pitfalls-model-for-entrepreneurs/
Your Business Plan Matters,5175902,Tanya Wilde,"Business Plan, Entrepreneurship, Business",Business Fundamentals,Beginner,34 mins,4.5,13,1182,Free,5/2023,2,0,2,https://www.udemy.com/course/your-business-plan-matters/
Udemy Business Onboarding Course for Admins,6091753,Udemy Instructor Team,"SaaS, Other IT & Software, IT & Software",Business Fundamentals,Beginner,1.5 hours,4.4,1915,12465,Free,4/2026,6,0,11,https://www.udemy.com/course/admin-onboarding/
Launching Your Small Business in India,5914496,Swastika Gosavi,"Entrepreneurship Fundamentals, Entrepreneurship, Business",Business Fundamentals,Beginner,33 mins,4.5,13,583,Free,6/2024,7,0,0,https://www.udemy.com/course/launching-your-small-business-in-india/
Hypnotherapy Business Plan (6 Figure Hypnotherapy Business),3953958,Scott Jansen,"Hypnotherapy, Entrepreneurship, Business",Business Fundamentals,Beginner,1 hour,4.6,184,3437,Free,4/2021,0,0,2,https://www.udemy.com/course/hypnotherapy-business-plan-6-figure-hypnotherapy-business/
Making a Business Plan that Investors like,4269930,Makks Shah,"Business Plan, Business Strategy, Business",Business Fundamentals,All Levels,1 hour,3.9,68,4162,Free,11/2021,0,0,3,https://www.udemy.com/course/making-a-business-plan-that-investors-like/
Online Presence For Your Small Business,6727621,Wenta Business,"Online Presence, Entrepreneurship, Business",Business Fundamentals,Beginner,2 hours,4.5,3,320,Free,7/2025,4,0,0,https://www.udemy.com/course/online-presence-for-your-small-business/
Introduction to Foursquare for Business,17441,Jerad Hill,"Foursquare, Social Media Marketing, Marketing",Business Fundamentals,All Levels,1.5 hours,4.3,162,24082,Free,2/2013,0,0,0,https://www.udemy.com/course/introduction-to-foursquare-for-business/
Management Consulting Skills for Managers & Leaders 2026,3727022,John Burress,"Management Consulting, Business Strategy, Financial Analysis, Business Consulting, Business",Business Fundamentals,All Levels,9.5 hours,4.6,4609,110061,"Rp169,000",3/2026,28,0,19,https://www.udemy.com/course/management-consulting-business-strategy/
MBA Essentials Simplified: Drive Results Like a Pro,6567475,prof. Robert Karaszewski,"Business Strategy, Business Fundamentals, Business",Business Fundamentals,All Levels,5.5 hours,4.8,31,46,"Rp149,000",4/2025,0,0,12,https://www.udemy.com/course/mba-essentials-simplified-drive-results-like-a-pro/
Business Analysis Crash Course,3383040,"YESI EDUCATION, Mauricio Rubio - Agile Guru & Founder of YESI EDUCATION, AgileKB & Grabdl","Business Analysis, Project Management, Business",Business Fundamentals,Beginner,1 hour,4.3,1132,7430,"Rp149,000",10/2025,2,0,1,https://www.udemy.com/course/business-analysis-training/
AI Essentials for Business (2025) - AI MBA Course,6496161,Nexus Business Academy,"Business Strategy, Artificial Intelligence (AI), Business",Business Fundamentals,All Levels,8 hours,4.1,29,103,"Rp149,000",3/2025,0,0,0,https://www.udemy.com/course/ai-essentials-for-business/
Foundations of IT for Project Managers and Business Analysts,5337132,Igor Arkhipov | Analyst's corner,"IT Fundamentals, Other IT & Software, IT & Software",Business Fundamentals,Beginner,4 hours,4.8,195,1192,"Rp159,000",1/2026,16,0,1,https://www.udemy.com/course/foundations-of-it/
Business Management 1B - Business Advanced Basics,6483541,Markos Kolatsis,"Business Fundamentals, Online Education, Teaching & Academics",Business Fundamentals,Intermediate,6.5 hours,4.3,N/A,2,"Rp149,000",2/2025,0,0,3,https://www.udemy.com/course/business-management-1b-business-advanced-basics/
Finance & Accounting for Non-finance professionals,1793358,Ashish Agarwal,"Business Fundamentals, Finance Fundamentals, Business Strategy, Company Valuation, Financial Modeling & Analysis",Business Fundamentals,All Levels,2 hours,4.4,1069,5208,"Rp149,000",3/2026,0,0,0,https://www.udemy.com/course/finance-accounting-and-business-valuation-fundamentals/
Artificial Intelligence and Business Strategy: AI Roadmap,6952795,PracticalGrowth Inc.,"Artificial Intelligence (AI), Business Strategy, Business",Business Fundamentals,All Levels,2 hours,4.3,52,198,"Rp149,000",2/2026,0,0,30,https://www.udemy.com/course/artificial-intelligence-and-business-strategy-ai-roadmap/
The Basics of Business Structures for Entrepreneurs,1110948,Nicole Pavlik,"Law, Entrepreneurship Fundamentals, LLC, Business Law, Business",Business Fundamentals,Beginner,37 mins,4.5,443,2315,"Rp149,000",2/2017,0,0,1,https://www.udemy.com/course/the-basics-of-business-structures/
Business Economics - Learn to Evaluate Business & Projects,4548688,OZIS Academy,"Economics, Finance & Accounting",Business Fundamentals,All Levels,14 hours,4.4,41,8846,"Rp149,000",4/2022,0,0,0,https://www.udemy.com/course/engineering-economics-take-decision-between-alternatives/
Management Consulting Case Essential Training 2026,6263373,"Chloe Moore, John Burress","Management Consulting, Business Analysis, Problem Solving, Business Consulting, Business Analytics & Intelligence",Business Fundamentals,All Levels,4.5 hours,4.5,213,7583,"Rp159,000",1/2026,4,0,2,https://www.udemy.com/course/management-consulting-case-business-analysis/
KPIs: Key Performance Indicators A-Z: Performance Management,3986142,"Laurence Gartside, Rowtons Training","Key Performance Indicators (KPIs), Supply Chain, Operations Management, Operations, Business",Business Fundamentals,All Levels,3 hours,4.7,1501,6600,"Rp159,000",8/2024,1,0,8,https://www.udemy.com/course/key-performance-indicators-kpis/
Business Analysis: Building successful business cases,3134604,"Nimit Bavishi, CFA","Business Case, Business Plan, Business Strategy, Business",Business Fundamentals,All Levels,4.5 hours,4.4,34,563,"Rp149,000",6/2020,0,0,20,https://www.udemy.com/course/learn-to-write-winning-business-cases-in-4-hours/
Sales Operations the Complete Masterclass: 20 Courses in 1,6115063,"Matthieu Bout, Maarten Goedemé, Daan Hannon","Sales Management, Sales Skills, B2B Sales, Sales Funnel, Sales",Business Fundamentals,All Levels,34 hours,4.5,279,17718,"Rp149,000",3/2026,13,0,56,https://www.udemy.com/course/the-complete-sales-operations-masterclass-20-courses-in-1/
Managing a business with business analytics and frameworks,5724520,"Matthieu Bout, Joppe Ballet","Business Fundamentals, Business Strategy, Business",Business Fundamentals,Intermediate,3 hours,4.5,126,18229,"Rp149,000",8/2024,1,0,13,https://www.udemy.com/course/managing-a-business-with-business-analytics-and-frameworks/
How to Buy a Franchise Business,4421368,"Jason R. Anderson, MBA","Franchising, Entrepreneurship, Business",Business Fundamentals,All Levels,3 hours,4.8,63,1467,"Rp149,000",11/2022,0,0,23,https://www.udemy.com/course/howtobuyafranchise/
Fundamentals of Business Finance,4078300,Prof. C Arun Kumar,"Finance Fundamentals, Business Fundamentals, Financial Modeling & Analysis, Finance & Accounting",Business Fundamentals,All Levels,3.5 hours,4.4,52,181,"Rp149,000",6/2021,0,0,21,https://www.udemy.com/course/fundamentals-of-business-finance/
Certified Strategy Professional (CSP),3719230,"Dr. Rachad Baroudi | KPI Mega Library | 35,000 Students | 180 Countries","Business Strategy, Business Plan, Strategic Planning, Key Performance Indicators (KPIs), Business",Business Fundamentals,All Levels,7 hours,4.2,1748,9043,"Rp159,000",1/2025,0,0,35,https://www.udemy.com/course/strategy-a-to-z/
Business Success Coaching Certification Course,7083271,Dr. Steve G. Jones,"Coaching and Consulting Business, Entrepreneurship, Business",Business Fundamentals,Beginner,3.5 hours,4.2,N/A,N/A,"Rp449,000",4/2026,18,0,19,https://www.udemy.com/course/business-success-coaching-certification-course/
How to Franchise Your Business,4039410,"Jason R. Anderson, MBA","Franchising, Business Strategy, Business",Business Fundamentals,Beginner,3.5 hours,4.5,156,1924,"Rp149,000",10/2024,14,0,9,https://www.udemy.com/course/franchiseyourbusiness/
AI Business Planning: From Idea to Scale,6881281,Dr. Kseniia Novikova,"Entrepreneurship, Business",Business Fundamentals,Beginner,4.5 hours,4.9,36,161,"Rp149,000",2/2026,0,0,37,https://www.udemy.com/course/ai-business-planning-from-idea-to-scale/
Certified Chief of Staff: CEO's Strategic Right Hand [EN],6628941,PapaHR ⇢ 1.6M+ Enrollments • 500+ HR Courses • 30 Languages AI in HR | Analytics | Talent | Comp&Ben | HRCI | SHRM-CP | PHRi,"Operations Management, Management, Business",Business Fundamentals,All Levels,13.5 hours,4.4,19,2334,"Rp149,000",3/2026,1,0,24,https://www.udemy.com/course/chief-of-staff-ceo-strategic-partner-business-operations/
"Strategic Planning, Project Management, Personal Development",5700090,LearnersCare LLC,"Personal Development, Strategic Planning, Project Planning, Project Management, Other Personal Development",Business Fundamentals,All Levels,21.5 hours,4.2,70,2501,"Rp149,000",5/2025,82,0,399,https://www.udemy.com/course/strategic-planning-project-management-personal-development/
Operations Management in small businesses: key techniques,574452,Chris West,"Operations Management, Operations, Business",Business Fundamentals,All Levels,7.5 hours,4.6,3703,9442,"Rp149,000",3/2024,0,0,49,https://www.udemy.com/course/operations-management-in-small-businesses-key-techniques/
"The One Day MBA - 11 Video, Business Management Course",2376884,Lew Jaffe,"Business Development, Business Process Modeling, Management, Business",Business Fundamentals,All Levels,5 hours,4.6,19,115,"Rp149,000",6/2019,0,0,0,https://www.udemy.com/course/the-one-day-mba-11-video-business-management-course/
Master class in business strategy framework,5172254,Muneer Ahmed @ Mastery,"Business Strategy, Business Fundamentals, Business",Business Fundamentals,All Levels,1 hour,4.5,9,26,"Rp149,000",4/2023,0,0,0,https://www.udemy.com/course/business-strategy-framework/
Professional Diploma in Small Business Management,6868323,Mohamed El Aqaoui,"Business Fundamentals, Freelancing, Passive Income, Business Plan, Entrepreneurship",Business Fundamentals,All Levels,2.5 hours,4.5,9,21,"Rp149,000",10/2025,0,0,0,https://www.udemy.com/course/professional-diploma-in-small-business-management/
Fundamentals of Business Crisis Management,332248,LearnSmart LLC,"Crisis Management, Business Fundamentals, Business Strategy, Management Skills, Management",Business Fundamentals,All Levels,1.5 hours,4.3,484,1456,"Rp249,000",5/2017,1,0,1,https://www.udemy.com/course/fundamentals-of-business-crisis-management/
The Complete MBA in Business Analysis,3256310,Akili Rashidi Ngomage,"Business Analysis, Business Strategy, Business Analytics & Intelligence, Business",Business Fundamentals,All Levels,1 hour,4.5,5,59,"Rp149,000",8/2022,74,0,2,https://www.udemy.com/course/the-complete-mba-in-business-analysis/
Coaching and Consulting on Business & Corporate Strategy,4379378,Boris Jovanovic,"Business Strategy, Business",Business Fundamentals,All Levels,5 hours,4.4,52,8929,"Rp149,000",12/2025,0,0,9,https://www.udemy.com/course/coaching-businesses-on-strategy-tools-and-frameworks/
AI in Business: From Idea to Use Case,6990465,"Data Universe, DCDG Partners","Artificial Intelligence (AI), Business Intelligence (BI), Business Analytics & Intelligence, Business",Business Fundamentals,All Levels,1.5 hours,4.5,190,692,"Rp149,000",2/2026,1,0,1,https://www.udemy.com/course/ai-in-business-from-idea-to-use-case/
Introduction to Business Administration,2556526,The University of the Commonwealth Caribbean -,"Business Development, Business Strategy, Management, Business",Business Fundamentals,Beginner,1.5 hours,4.1,140,381,"Rp149,000",12/2019,0,0,1,https://www.udemy.com/course/introduction-to-business-administration/
Data Integration Fundamentals,3199784,John Berry,"Database Management Systems (DBMS), Database Design & Development, Development",Business Fundamentals,Beginner,4 hours,4.5,16968,35512,"Rp149,000",9/2023,0,0,27,https://www.udemy.com/course/data-integration-fundamentals/
Advanced Business Ethics,4948766,Expert Academy,"Ethics, Professional Ethics, Business Fundamentals, Business Communication, Business Strategy",Business Fundamentals,Intermediate,1 hour,4.5,20,1034,"Rp149,000",6/2023,0,0,6,https://www.udemy.com/course/advanced-business-ethics/
Simply Scalable: How to Build a Business That Works for You,4199106,Craig Chavis Jr.,"Entrepreneurship Fundamentals, Business Strategy, Entrepreneurship, Business",Business Fundamentals,All Levels,5.5 hours,4.9,.,N/A,"Rp149,000",7/2021,0,0,9,https://www.udemy.com/course/simply-scalable/
learn how to make strategy of a business,2301486,Business Learner,"Business Strategy, Business",Business Fundamentals,Intermediate,30 mins,2.9,2,890,"Rp149,000",6/2019,0,0,0,https://www.udemy.com/course/learn-how-to-make-strategy-of-a-business/
Fundraising Advice from a Successful Venture Capitalist,628322,Chris Haroun | 1.5 Million Students | #1 Best Selling Business & Finance Prof.,"Venture Capital, Fundraising, Entrepreneurship, Business",Business Fundamentals,All Levels,2 hours,4.0,463,13635,"Rp149,000",5/2025,5,0,0,https://www.udemy.com/course/fundraising-advice-from-a-successful-venture-capitalist/
CAPM Mock Practice Tests Aligned with PMBOK 8th Edition,4170126,Yassine Tounsi,"PMI Certified Associate in Project Management (CAPM), Project Management, Business",Business Fundamentals,All Levels,N/A,4.4,423,4419,"Rp159,000",4/2026,0,0,0,https://www.udemy.com/course/2023-capm-mock-practice-tests/
"B2B Sales: Business Development, Sales Training & B2B Sales",6126891,Lurnly Productions,"B2B Sales, Sales, Business",Business Fundamentals,All Levels,5.5 hours,4.6,34,167,"Rp149,000",10/2024,7,0,6,https://www.udemy.com/course/b2b-sales-business-development-sales-training-b2b-sales/
Disruptive Thinking For Innovation And Market Disruption,5700664,Alex Genadinik,"Innovation, Management, Business",Business Fundamentals,All Levels,2 hours,4.4,281,1828,"Rp149,000",1/2026,0,0,0,https://www.udemy.com/course/disruptive-thinking-innovation/
Digital Marketing Fundamentals - Beginner to Pro in 3 Hours!,4063496,Daragh Walsh,"Digital Marketing, Marketing",Business Fundamentals,Beginner,3 hours,4.5,4574,14968,"Rp149,000",10/2021,0,0,0,https://www.udemy.com/course/digital-marketing-fundamentals-course/
How to Buy a Business & Start an Online Business Effectively,5468932,Australian Institute of Training and Career Development Pty Ltd,"Business Strategy, Business Development, Online Business, Business",Business Fundamentals,All Levels,2 hours,4.8,47,1219,"Rp149,000",3/2024,0,0,0,https://www.udemy.com/course/strategic-business-acquisition-in-australia-online/
AI at Work: What Every Employee Needs to Know About AI,6810835,Diogo Alves de Resende,"Artificial Intelligence (AI), AI Agents & Agentic AI, Generative AI (GenAI), Other Business, Business",Business Fundamentals,All Levels,39 mins,4.5,599,1868,"Rp249,000",12/2025,3,0,0,https://www.udemy.com/course/ai-enterprise/
Startup Bootcamp & Accelerator,4420986,Edlal eLearning,"Entrepreneurship Fundamentals, Startup, Financial Planning, Entrepreneurship, Business",Business Fundamentals,All Levels,14 hours,4.5,161,2450,"Rp159,000",10/2024,3,0,16,https://www.udemy.com/course/startup-accelerator-and-bootcamp-by-seedstars/
Buying a Business,6244593,Ben Wann,"Entrepreneurship Fundamentals, Entrepreneurship, Business",Business Fundamentals,All Levels,3 hours,4.8,6,50,"Rp149,000",10/2024,0,0,2,https://www.udemy.com/course/buying-a-business/
Business Brokerage - The Basics and Beyond,5625384,Patty Dowdy,"Real Estate, Business",Business Fundamentals,Beginner,3.5 hours,4.8,70,152,"Rp399,000",9/2024,0,0,37,https://www.udemy.com/course/business-brokerage-101-the-basics-and-beyond/
Business Taxation,6795539,Maureen Okwara-Amazu,"Accounting & Bookkeeping, Finance & Accounting",Business Fundamentals,Beginner,12.5 hours,5.0,30,2120,"Rp149,000",8/2025,0,0,52,https://www.udemy.com/course/business-tax-uk/
Global Strategy and Management,3880472,"Suppachok Nitsoonkit, PhD","Business Strategy, Business",Business Fundamentals,All Levels,1.5 hours,4.5,16,732,"Rp149,000",8/2025,0,0,3,https://www.udemy.com/course/global-strategy-and-management/
Mastering Business Planning for Startups: Step-by-Step Guide,6147755,Md Sanaullah | CMA | ISB CFO | Author,"Minimum Viable Product (MVP), Entrepreneurship, Business",Business Fundamentals,All Levels,15 hours,4.6,2,107,Free,11/2025,0,0,0,https://www.udemy.com/course/business-planning-strategy-for-runing-sucessful-startup/
IT Business Startup,6198239,"Jason Ruediger, Dr. Mariecor Agravante, PhD","Other IT & Software, IT & Software",Business Fundamentals,All Levels,1.5 hours,5.0,1,10,"Rp149,000",4/2025,0,0,0,https://www.udemy.com/course/it-business-startup/
Become More Valuable at Work or Start a Small Business,422674,David Cameron Gikandi,"Business Fundamentals, Business Strategy, Entrepreneurship Fundamentals, Personal Finance, Other Finance & Accounting",Business Fundamentals,All Levels,10.5 hours,4.4,11,512,"Rp149,000",4/2016,11,0,1,https://www.udemy.com/course/become-more-valuable-at-work-or-start-a-small-business/
How to Start a Painting Business,2545645,Nick Kirschman,"Business Fundamentals, Entrepreneurship, Business",Business Fundamentals,All Levels,5 hours,4.0,26,157,"Rp149,000",9/2019,0,0,59,https://www.udemy.com/course/how-to-start-a-painting-business/
Business Secrets: How To Buy A Business For Faster Profits,209850,Carl Taylor,"Business Fundamentals, Business Strategy, Entrepreneurship, Business",Business Fundamentals,Beginner,2 hours,4.0,119,833,"Rp149,000",9/2024,7,0,13,https://www.udemy.com/course/how-to-buy-a-business-with-no-money/
Strategic Planning: Develop & Plan Effective Strategy,4317828,"Peter Alkema, James Robertson","Strategic Planning, Brainstorming Strategies, Facilitation, Strategic Thinking, Business Strategy",Business Fundamentals,Intermediate,5 hours,4.0,199,1341,"Rp149,000",11/2024,6,0,91,https://www.udemy.com/course/strategic-planning-workshops/
Entrepreneurship: 60 Day Startup Launch Blueprint,3492944,Umran Nayani | Entrepreneurship | Innovation | Startups | Strategy |,"Entrepreneurship Fundamentals, Entrepreneurship, Business",Business Fundamentals,Beginner,4 hours,4.4,904,109940,"Rp149,000",4/2021,0,0,24,https://www.udemy.com/course/60-day-startup/
Business Development with Generative AI | Certification,6268837,YouAccel Training,"Generative AI (GenAI), Business Development, Business Strategy, Business",Business Fundamentals,All Levels,18 hours,4.0,32,3052,"Rp149,000",11/2024,1,0,75,https://www.udemy.com/course/business-development-with-generative-ai/
MBA Digest: Entrepreneurship & Innovation for Startups,5854416,Sa'idu Sulaiman,"Entrepreneurship, Business",Business Fundamentals,Intermediate,1.5 hours,4.7,4,54,"Rp149,000",9/2025,26,0,16,https://www.udemy.com/course/mba-digest-course-on-entrepreneurship-and-innovation/
Business Model Design – What Many Fail To Think Enough About,3639098,Bob Norton,"Entrepreneurship Fundamentals, Entrepreneurship, Business",Business Fundamentals,Intermediate,1 hour,4.9,N/A,N/A,"Rp499,000",11/2020,0,0,5,https://www.udemy.com/course/business-model-design-what-many-fail-to-think-enough-about/
Business Operations Transformation with Generative AI 2026,6870539,"Starweaver Experts, Paul Siegel, Vipesh Singla , MBA, Certified SAFe Agile Coach, Joao Freitas, Joyce Wong, Manas Dasgupta","Operations Management, Management, Business",Business Fundamentals,Beginner,11.5 hours,4.4,17,2096,"Rp149,000",4/2026,34,0,37,https://www.udemy.com/course/intelligent-business-operations/
"Project Management, Strategic Planning, Personal Development",5512364,Australian Institute of Training and Career Development Pty Ltd,"Project Management, Strategic Planning, Personal Development, Project Planning, Management",Business Fundamentals,All Levels,16 hours,4.6,628,1790,"Rp149,000",5/2025,4,0,4,https://www.udemy.com/course/project-management-strategic-planning-personal-development/
Entrepreneurship from A to Z,4138034,Renier Beukes,"Entrepreneurship Fundamentals, Social Entrepreneurship, Entrepreneurship, Business",Business Fundamentals,All Levels,3 hours,5.0,1,14,"Rp149,000",8/2023,0,0,0,https://www.udemy.com/course/professional-entrepreneur-certificate/
Business Process Management with Gen AI,6870527,"Starweaver Experts, Vipesh Singla , MBA, Certified SAFe Agile Coach, Paul Siegel, Joyce Wong, Manas Dasgupta","Management, Business",Business Fundamentals,Intermediate,10 hours,4.9,16,2078,"Rp149,000",4/2026,25,0,13,https://www.udemy.com/course/ai-for-product-and-process-optimization/
Part time Entrepreneurship Turn Hobby or Passion to Startup,6338185,"John Masud Parvez, VSHR Pro Academy","Entrepreneurship Fundamentals, Startup, Entrepreneurship, Business",Business Fundamentals,Beginner,7.5 hours,5.0,31,310,"Rp149,000",4/2026,0,0,41,https://www.udemy.com/course/intro-to-entrepreneurship/
Small Business Foundations Online Course,6412389,Md Arif Hussain,"Other Personal Development, Personal Development",Business Fundamentals,All Levels,1 hour,N/A,N/A,N/A,"Rp149,000",5/2025,0,0,0,https://www.udemy.com/course/small-business-foundations-skills-for-growth-2025/
"Zero To Viral: Conceive, Launch & Scale Your Startup Ideas",773122,Brian Ortiz,"Viral Marketing, Startup, Entrepreneurship, Business",Business Fundamentals,All Levels,19.5 hours,4.3,23,5697,"Rp149,000",3/2016,0,0,33,https://www.udemy.com/course/zero-to-viral-conceive-launch-scale-your-startup-ideas/
Financial Modeling for Startups,1636324,Asen Gyczew,"Financial Modeling, Startup, Financial Modeling & Analysis, Finance & Accounting",Business Fundamentals,Intermediate,3 hours,4.6,395,4611,"Rp149,000",1/2026,3,0,18,https://www.udemy.com/course/financial-modeling-for-startups/
DSRPTD MBA,4457876,DSRPTD MBA,"MBA, Entrepreneurship, Business",Business Fundamentals,All Levels,6 hours,4.1,8,77,"Rp1,799,000",4/2023,14,0,4,https://www.udemy.com/course/dsrptdmba/
A Masterclass in Growth Strategy Design & Execution,2497090,Dr Alan Barnard,"Business Strategy, Business",Business Fundamentals,Intermediate,3 hours,4.8,72,276,"Rp149,000",10/2019,0,0,5,https://www.udemy.com/course/change-making-in-a-complex-world/
Agentic AI Fundamentals for Business Solutions Architects!!,7043443,Mana Dowlatshahi Yeganeh,"AB-100: Microsoft Agentic AI Business Solutions Architect, Artificial Intelligence (AI), Server Infrastructure, Generative AI (GenAI), IT Certifications",Business Fundamentals,All Levels,13.5 hours,4.0,9,473,"Rp149,000",3/2026,0,0,0,https://www.udemy.com/course/agentic-ai-fundamentals-for-business-solutions-architects/
Company Formation Law: How To Register A Business (US Law),479344,"Alex Genadinik, Steve Pipenger","Business Law, Startup, Business",Business Fundamentals,Beginner,44 mins,4.4,162,2164,"Rp149,000",8/2024,1,0,6,https://www.udemy.com/course/company-formation-law-how-to-register-your-business/
Diploma in Business Administration E-Books,6378555,Holy Spirit On-Line,"Management Skills, Management, Business",Business Fundamentals,All Levels,35 mins,5.0,12,87,"Rp149,000",12/2025,4,0,11,https://www.udemy.com/course/diploma-in-business-administration-e-books/
Advance Program in Strategic Management,6022990,Human and Emotion: CHRMI,"Strategic Planning, Management, Business",Business Fundamentals,Expert,25.5 hours,3.8,25,1108,"Rp149,000",6/2024,1,0,11,https://www.udemy.com/course/advance-program-in-strategic-management/
"Executive Summary ""All You Need To Know!"" - For Beginners",941898,Boomy Tokan,"Business Plan, Business Strategy, Business Fundamentals, Entrepreneurship, Business",Business Fundamentals,Beginner,1 hour,4.6,92,15929,"Rp149,000",4/2025,1,0,1,https://www.udemy.com/course/business-plan-executive-summary-all-you-need-to-know/
The Lean Startup,8467,Eric Ries,"Lean Startup, Entrepreneurship, Business",Business Fundamentals,All Levels,2.5 hours,3.9,792,5896,"Rp149,000",7/2011,0,0,0,https://www.udemy.com/course/the-lean-startup/
The Startup Founder’s Roadmap: From Zero to Market,6819557,School of AI,"Startup, Entrepreneurship, Business",Business Fundamentals,All Levels,10.5 hours,4.4,30,9048,"Rp149,000",2/2026,0,0,0,https://www.udemy.com/course/startup-founders-roadmap-from-zero-to-market/
"Build an AOP from Scratch: Budgets, Strategy & FMCG Cases",6965673,Anjali Kumari,"Business Strategy, Business",Business Fundamentals,Intermediate,1 hour,5.0,2,3,"Rp149,000",2/2026,0,0,1,https://www.udemy.com/course/annual-operating-plan-aop-a-brand-managers-guide/
From idea to startup launch in 100 days!,4444184,Jean-Luc Scherer,"Startup, Entrepreneurship Fundamentals, Minimum Viable Product (MVP), Fundraising, Entrepreneurship",Business Fundamentals,Intermediate,9.5 hours,4.2,13,197,"Rp149,000",2/2023,0,0,5,https://www.udemy.com/course/from-idea-to-startup-launch-in-100-days/
Introduction to Startup Ecosystem,6705753,Madhukar Keshavamurthy,"Startup, Entrepreneurship Fundamentals, Entrepreneurship, Business",Business Fundamentals,Beginner,5.5 hours,5.0,4,17,"Rp149,000",7/2025,0,0,0,https://www.udemy.com/course/pcsda-level1/
"How to Lead with Ease & Be a Successful CEO, Leader, Manager",440332,Elizabeth C. Pagé,"Leadership, Management Skills, Business Fundamentals, Management, Business",Business Fundamentals,All Levels,3 hours,4.3,1052,6708,"Rp159,000",8/2023,1,0,0,https://www.udemy.com/course/ceo-training-how-to-become-an-effective-ceo-or-manager/
"CEO Mastery: Leadership, Strategy, and Vision",6192241,Edukite Online,"Entrepreneurship, Business",Business Fundamentals,All Levels,3 hours,4.1,15,143,"Rp149,000",9/2024,0,0,0,https://www.udemy.com/course/ceo-mastery/
Monetization Models To Boost Lifetime Customer Value (LTV),6334505,Alex Genadinik,"Revenue Cycle Management (RCM), Business Strategy, Business",Business Fundamentals,All Levels,1 hour,3.5,15,148,"Rp149,000",7/2025,0,0,0,https://www.udemy.com/course/monetization-models/
Foundations of Strategic Relationship Management for Success,6129223,"YouAccel Training, Matthew Rolnick","Relationship Building, Communication, Business",Business Fundamentals,All Levels,2.5 hours,4.2,10,2729,"Rp149,000",8/2024,1,0,9,https://www.udemy.com/course/foundations-of-strategic-relationship-management-for-success/
International Expansion: A Blueprint for Success,67740,Anthony Gioeli,"International Expansion, Business Strategy, Business",Business Fundamentals,All Levels,4 hours,4.7,650,3481,"Rp149,000",8/2024,0,0,5,https://www.udemy.com/course/international-expansion/
Advertising in Business Management,6944213,Scholastia E-Learning,"Advertising Strategy, Management Skills, Marketing Strategy, Management, Business",Business Fundamentals,Beginner,1 hour,4.0,1,27,"Rp149,000",11/2025,4,0,0,https://www.udemy.com/course/advertising-in-business-management/
Accounting Fundamentals Using Quickbooks,965406,Humberto Vicetti,"Accounting, QuickBooks, Money Management Tools, Accounting & Bookkeeping, Operations",Business Fundamentals,Beginner,2.5 hours,4.3,91,366,"Rp149,000",11/2016,0,0,2,https://www.udemy.com/course/accounting-fundamentals-using-quickbooks/
Launch + Grow Your Business w/ Startup Customer Development,1317378,Jeff Solomon,"Startup, Entrepreneurship Fundamentals, Entrepreneurship, Business",Business Fundamentals,All Levels,2 hours,4.7,65,258,"Rp149,000",8/2021,0,0,12,https://www.udemy.com/course/startup-customer-development-finding-product-market-fit/
Business Model Innovation: Foundations of Navigating Change,6129259,YouAccel Training,"Business Strategy, Business",Business Fundamentals,All Levels,2.5 hours,4.8,5,2629,"Rp339,000",8/2024,1,0,9,https://www.udemy.com/course/business-model-innovation-foundations-of-navigating-change/
Inventory Management: Control Stock and Reduce Costs,6395915,Jeroen Offergelt,"Inventory Management, Operations, Business",Business Fundamentals,All Levels,8 hours,4.2,2,16,"Rp149,000",4/2026,1,0,1,https://www.udemy.com/course/inventory-management-l/
[NEW 2025] Fast Forward: 2-Week Innovation Sprint with a CEO,6059929,Ceyhan Guner,"Innovation, Business Fundamentals, Agile, Entrepreneurship Fundamentals, Entrepreneurship",Business Fundamentals,All Levels,2.5 hours,4.8,29,3740,"Rp149,000",12/2024,2,0,1,https://www.udemy.com/course/fast-forward-2-week-innovation-sprint-with-a-ceo/
Create Your Business Vision And Mission,4358496,Expert Academy,"Business Branding, Business Communication, Business Strategy, Marketing Strategy, Communication",Business Fundamentals,All Levels,1 hour,4.6,18,1053,"Rp149,000",4/2025,1,0,9,https://www.udemy.com/course/establish-your-business-vision-and-mission/
Entrepreneurial Psychology: think like an entrepreneur!,4437136,Sebastian Pintea,"Business Fundamentals, Entrepreneurship Fundamentals, Psychology, Entrepreneurship, Business",Business Fundamentals,All Levels,1.5 hours,4.7,21,511,"Rp149,000",1/2022,0,0,0,https://www.udemy.com/course/think-like-an-entrepreneur-d/
Startup Essentials: Become an Entrepreneur!,1189954,Jason Sherman,"Startup, Entrepreneurship Fundamentals, Entrepreneurship, Business",Business Fundamentals,Beginner,3 hours,4.7,30,154,"Rp149,000",2/2021,0,0,11,https://www.udemy.com/course/startupessentials/
SQL Fundamentals for Business Intelligence,1426892,Packt Publishing,"SQL, Business Fundamentals, Business Strategy, Business Intelligence (BI), Database Design & Development",Business Fundamentals,Intermediate,2 hours,4.2,11,62,"Rp149,000",11/2017,0,0,1,https://www.udemy.com/course/sql-fundamentals-for-business-intelligence/
Small Business Management Techniques,5203688,Vathani Ariyam,"Business Fundamentals, Management, Business",Business Fundamentals,Intermediate,2 hours,4.3,N/A,3,"Rp149,000",3/2025,0,0,14,https://www.udemy.com/course/small-business-management-techniques/
Your Business Strategy,6390639,"Julian Wronski, Itimi Rose","Business Strategy, Business",Business Fundamentals,All Levels,1 hour,4.8,8,13,"Rp149,000",2/2025,2,0,2,https://www.udemy.com/course/your-business-strategy-aeiou-aeiou-567-erty-tgl2m/
Mastery in International Business Management,2803037,Akili Rashidi Ngomage,"International Expansion, Management Skills, Entrepreneurship, Business",Business Fundamentals,Intermediate,34 mins,4.4,65,524,"Rp149,000",6/2022,137,0,2,https://www.udemy.com/course/mastery-in-international-business-management/
"Investor-Led Startup Masterclass: Build, Fund & Scale",6808151,Invexen Academy,"Startup, Investing, Business Strategy, Entrepreneurship Fundamentals, Entrepreneurship",Business Fundamentals,All Levels,6.5 hours,4.5,7,27,"Rp159,000",9/2025,0,0,18,https://www.udemy.com/course/investor-led-startup-masterclass-build-fund-scale/
03. Leveraging Databases to Generate Innovative Thoughts,6971297,Shreyas Bakshi,"Innovation, Management, Business",Business Fundamentals,All Levels,38 mins,5.0,22,55,"Rp149,000",1/2026,0,0,0,https://www.udemy.com/course/leveraging-databases-generate-innovative-thoughts/
How to Buy a Business,1968200,Nicholas Whittall,"Mergers and Acquisitions, Other Business, Business",Business Fundamentals,All Levels,4.5 hours,4.6,124,778,"Rp149,000",10/2018,0,0,0,https://www.udemy.com/course/how-to-buy-a-business/
All About Strategy and Strategic Planning,6406283,Ayhan Caliskan,"Growth Mindset, Business Strategy, Business",Business Fundamentals,All Levels,6 hours,4.2,17,95,"Rp149,000",1/2025,0,0,0,https://www.udemy.com/course/all-about-strategy-and-strategic-planning/
Strategic Planning -Build you first Strategic Plan in 30min,1463698,Patrick Fagan - Certified Scum Master,"Business Fundamentals, Goal Setting, Business Strategy, Business",Business Fundamentals,Beginner,1 hour,4.2,56,2046,"Rp149,000",9/2023,0,0,4,https://www.udemy.com/course/strategic-goal-setting-analysis-and-business-planning/
How to run your company like a Juggernaut CEO,4879582,Michael Greige,"Executive Coaching, Management, Business",Business Fundamentals,All Levels,10 hours,4.0,5,36,"Rp149,000",10/2022,0,0,1,https://www.udemy.com/course/how-to-run-your-company-like-a-juggernaut-ceo/
Marketing Funnel Fundamentals for Small Businesses,3149476,Vivien C,"Marketing Strategy, Business Strategy, Business",Business Fundamentals,Beginner,1.5 hours,4.3,5,25,"Rp149,000",6/2020,0,0,27,https://www.udemy.com/course/marketing-funnel-fundamentals-for-small-businesses/
Business Strategy: Complete MBA Guide from Zero to CEO,5601550,Andrea Giacoia,"Business Strategy, Strategic Thinking, Business Fundamentals, Entrepreneurship Fundamentals, Business",Business Fundamentals,Intermediate,5 hours,4.4,15,143,"Rp149,000",10/2023,0,0,33,https://www.udemy.com/course/business-strategy-strategic-mastery-for-future-ceos/
Introduction to Strategic Management,2325954,Management Study Guide,"Strategic Planning, Management, Business",Business Fundamentals,All Levels,1.5 hours,4.5,71,379,"Rp149,000",4/2019,0,0,0,https://www.udemy.com/course/introduction-to-strategic-management/
Managerial entrepreneurship,6012806,DWL .education,"Personal Productivity, Personal Development",Business Fundamentals,All Levels,40 mins,N/A,N/A,N/A,"Rp149,000",6/2024,0,0,0,https://www.udemy.com/course/managerial-entrepreneurship/
Billionaire's Blueprint: Entrepreneurship & Business Case,6610877,Sohail Arshad Mehmood,"Business Case, Entrepreneurship Fundamentals, Entrepreneurship, Business",Business Fundamentals,All Levels,1 hour,5.0,2,3,"Rp447,000.00",5/2025,0,0,0,https://www.udemy.com/course/billionaires-blueprint-entrepreneurship-business-case/
Startups A-Z: A Proven Framework for Startup Success,5943354,Aaron Chavez,"Startup, Lean Startup, Business Strategy, Entrepreneurship Fundamentals, Entrepreneurship",Business Fundamentals,Beginner,21.5 hours,3.7,3,19,"Rp149,000",6/2025,0,0,8,https://www.udemy.com/course/startups-a-z-an-intro-to-high-growth-businesses/
Understanding Entreprenuership secrets. Try this course.,5085426,Gaurang Govind,"Entrepreneurship Fundamentals, Entrepreneurship, Business",Business Fundamentals,All Levels,1 hour,4.2,8,606,"Rp149,000",9/2023,0,0,0,https://www.udemy.com/course/power-pack-program-on-entrepreneurship-skils-secrets/
Ignite Your Vision: The Ultimate Start-Up Course,6671163,Dipl.-Kfm. Martin J Aichmayr,"Startup, Fundraising, Investor Pitching, Business Plan, Entrepreneurship",Business Fundamentals,Beginner,2 hours,5.0,31,1709,"Rp1,499,000",7/2025,0,0,28,https://www.udemy.com/course/ignite-your-vision-the-ultimate-start-up-course/
Mastering Business Administration: A Complete MBA Course,6321723,Ronald Wekesa,"MBA, Business Strategy, Business",Business Fundamentals,All Levels,1 hour,3.8,3,5,"Rp149,000",12/2024,0,0,0,https://www.udemy.com/course/mastering-business-administration-a-complete-mba-course/
Leadership Skills for Growing Your Business,6978665,"Money Makers Academy Support, Money Makers Academy, Ashraf Said AlMadhoun","Leadership, Management, Business",Business Fundamentals,Beginner,1.5 hours,5.0,4,189,"Rp149,000",2/2026,12,0,0,https://www.udemy.com/course/leadership-skills-for-growing-your-business/
Fundamentals of Professional Cleaning-2026,6433771,Md Arif Hussain,"Other Personal Development, Personal Development",Business Fundamentals,All Levels,1 hour,4.0,14,734,"Rp149,000",2/2026,0,0,0,https://www.udemy.com/course/fundamentals-of-professional-cleaning-2025/
Boost your Business Skills to Become Successful Entrepreneur,5252552,SMARTgoal Learning Platform with Ashika,"Management Skills, Management, Business",Business Fundamentals,All Levels,4.5 hours,4.9,7,50,"Rp149,000",5/2023,0,0,0,https://www.udemy.com/course/principles-of-management-advanced-management/
The Art Of Getting Started In Entrepreneurship,4969942,Stephen Odhiambo Ogweno,"Entrepreneurship Fundamentals, Entrepreneurship, Business",Business Fundamentals,Beginner,1.5 hours,4.4,9,2016,"Rp149,000",12/2022,0,0,0,https://www.udemy.com/course/the-art-of-getting-started-in-entreprenuership/
Innovation & Intrapreneurship,3286332,Dr Sudeendra Koushik,"Critical Thinking, Innovation, Creative Thinking, Creativity, Personal Development",Business Fundamentals,All Levels,1 hour,4.3,30,95,"Rp149,000",8/2020,0,0,1,https://www.udemy.com/course/innovation-intrapreneurship/
Diploma in Business Management and MBA Essentials,5501004,Human and Emotion: CHRMI,"MBA, Management Skills, Management, Business",Business Fundamentals,Intermediate,19 hours,3.8,181,1917,"Rp149,000",9/2023,3,0,0,https://www.udemy.com/course/diploma-in-business-management-and-mba-essentials/
Learn How to Start a Business Fast,646400,Scott Brookens,"Entrepreneurship Fundamentals, Entrepreneurship, Business",Business Fundamentals,Beginner,2 hours,4.7,67,672,"Rp149,000",4/2020,0,0,3,https://www.udemy.com/course/start-a-business-today/
Adaptive Entrepreneurship: Thriving Through Constant Change,6186021,Hanan Markovich,"Innovation, Business Strategy, Entrepreneurship, Business",Business Fundamentals,All Levels,2 hours,4.8,15,29,"Rp149,000",10/2024,33,0,33,https://www.udemy.com/course/adaptive-entrepreneurship-thriving-in-the-age-of-constant-change/
Tech Entrepreneurship,5977122,Nishargo Nigar,"Entrepreneurship, Business",Business Fundamentals,Beginner,35 mins,5.0,1,3,"Rp149,000",5/2024,0,0,0,https://www.udemy.com/course/tech-entrepreneurship/
Intro to Business Administration,698828,Abhishek Sharma,"Business Fundamentals, Business Strategy, Industry, Business",Business Fundamentals,Beginner,5 hours,4.0,85,5017,"Rp249,000",8/2016,6,0,8,https://www.udemy.com/course/intro-to-business-administration-for-deca/
Startup Idea to Pitch in 60 Days,2534860,Dr. Anu Khanchandani,"IT Startup, Lean Startup, Digital Marketing, Entrepreneurship, Business",Business Fundamentals,All Levels,4.5 hours,4.9,93,7452,"Rp149,000",7/2024,2,0,0,https://www.udemy.com/course/7-step-digital-startup-success-formula/
Startup Course : Learn How to build Tech Startup,3235239,Lawt Aung,"Entrepreneurship Fundamentals, Startup, Entrepreneurship, Business",Business Fundamentals,All Levels,1.5 hours,4.2,48,2481,"Rp149,000",12/2020,0,0,3,https://www.udemy.com/course/buildstartup/
Don't Launch Your Business Without This Course,6514339,Marcus Valeri,"Business Strategy, Growth Mindset, Innovation, Marketing Strategy, Entrepreneurship",Business Fundamentals,All Levels,8 hours,5.0,3,7,"Rp149,000",3/2025,0,0,0,https://www.udemy.com/course/dont-launch-your-business-without-this-course/
Business Idea Factory,2446766,Andrii Sedniev,"Business Idea Generation, Entrepreneurship, Business",Business Fundamentals,All Levels,6 hours,4.6,22,1632,"Rp149,000",10/2019,0,0,0,https://www.udemy.com/course/business-idea-factory/
Growth Hacking Methods for Small Businesses and Side Hustles,3447654,Keegan Edwards,"Growth Hacking, Business Development, Marketing Strategy, Lean Startup, Marketing",Business Fundamentals,All Levels,3.5 hours,4.4,24,8109,"Rp149,000",10/2020,0,0,9,https://www.udemy.com/course/growth-hacking-methods-for-small-businesses-and-side-hustles/
Entrepreneurship Basics & Beyond: A Business Startup Manual,5831522,Honey Goyal,"Entrepreneurship Fundamentals, Entrepreneurship, Business",Business Fundamentals,All Levels,3 hours,4.9,N/A,1,"Rp149,000",4/2024,0,0,8,https://www.udemy.com/course/entrepreneurship-basics-beyond-a-business-startup-manual/
Google Cloud Digital Leader Certification Mastery EXAM TEST,6780533,Auren Dovek,"Google Cloud Digital Leader, IT Certifications, IT & Software",Business Fundamentals,All Levels,N/A,5.0,1,3,"Rp149,000",1/2026,0,0,0,https://www.udemy.com/course/google-cloud-digital-leader-exam-certification/
How to Start a Business as a Young Entrepreneur Under 22,1454916,Skillay Academy,"Entrepreneurship Fundamentals, Startup, Entrepreneurship, Business",Business Fundamentals,Beginner,1 hour,4.5,37,1129,"Rp149,000",12/2017,0,0,0,https://www.udemy.com/course/how-to-start-a-business-as-a-young-entrepreneur-under-22/
"Startup: Bootstrap First, Raise Money Later | Sramana Mitra",3834484,Sramana Mitra,"Entrepreneurship Fundamentals, Entrepreneurship, Business",Business Fundamentals,All Levels,15 hours,4.5,70,1956,"Rp149,000",2/2025,0,0,27,https://www.udemy.com/course/bootstrapping/
Bootstrapping A Product Startup w/ Services | Sramana Mitra,3948644,Sramana Mitra,"Entrepreneurship Fundamentals, Entrepreneurship, Business",Business Fundamentals,All Levels,11.5 hours,4.7,61,503,"Rp149,000",2/2025,0,0,23,https://www.udemy.com/course/bootstrappingwithservices/
Redesign Your Career with a new Personal Business Model,109852,Tim Clark,"Career Change, Career Development, Personal Branding, Personal Development",Business Fundamentals,All Levels,4.5 hours,4.4,476,2482,"Rp599,000",4/2015,0,0,47,https://www.udemy.com/course/redesign-your-career/
Entrepreneurship & Startup Essentials,6819227,Dr. Dheeraj Mehrotra,"Marketing Fundamentals, Marketing",Business Fundamentals,All Levels,1 hour,3.5,1,83,"Rp149,000",9/2025,0,0,0,https://www.udemy.com/course/entrepreneurship-startup-essentials/
How To Validate Any Business Idea,172426,"William U. Peña, MBA","Business Idea Generation, Entrepreneurship, Business",Business Fundamentals,All Levels,1 hour,4.3,1293,46203,"Rp149,000",12/2023,1,0,26,https://www.udemy.com/course/how-to-validate-any-business-idea/
Business Organization - Basic Course,3822998,Filippo Tucciarone,"Organizational Skills, Management, Business",Business Fundamentals,Beginner,1 hour,4.2,3,12,"Rp149,000",2/2021,1,0,1,https://www.udemy.com/course/business-organization-basic-course/
Inspired Entrepreneur,5650464,Josette Tkacik,"Entrepreneurship Fundamentals, Entrepreneurship, Business",Business Fundamentals,All Levels,1.5 hours,4.9,22,1024,"Rp149,000",11/2023,8,0,16,https://www.udemy.com/course/inspired-entrepreneur/
Learn to Launch Your Low Investment Startup within 100 Days,6345251,Abhishek Rai,"Lean Startup, Entrepreneurship Fundamentals, Entrepreneurship, Business",Business Fundamentals,Beginner,5 hours,5.0,2,4,"Rp379,000",12/2024,0,0,0,https://www.udemy.com/course/learn-to-launch-your-low-investment-startup-within-100-days/
The Entrepreneur Mindset: Discover the Entrepreneur Within,3881758,Jeffrey White,"Entrepreneurship Fundamentals, Entrepreneurship, Business",Business Fundamentals,All Levels,2.5 hours,4.5,5,14,"Rp149,000",2/2024,0,0,0,https://www.udemy.com/course/the-entrepreneur-mindset-discover-the-entrepreneur-within/
How To Become An Entrepreneur On The Job,298024,Noam Tamari-Wekser,"Entrepreneurship Fundamentals, Job Search, Entrepreneurship, Business",Business Fundamentals,All Levels,6.5 hours,4.2,6,192,"Rp149,000",9/2014,0,0,7,https://www.udemy.com/course/how-to-become-an-entrepreneur-on-the-job/
How VCs Think About Startups in India w Sramana Mitra,4026362,Sramana Mitra,"Entrepreneurship Fundamentals, Entrepreneurship, Business",Business Fundamentals,All Levels,8 hours,4.5,12,84,"Rp149,000",2/2025,0,0,1,https://www.udemy.com/course/investorsindia/
Bootstrap with Paycheck Startup Case Studies | Sramana Mitra,4391476,Sramana Mitra,"Entrepreneurship Fundamentals, Entrepreneurship, Business",Business Fundamentals,All Levels,4 hours,4.7,5,787,"Rp149,000",1/2024,0,0,3,https://www.udemy.com/course/bootstrappaycheckstartupcasestudy/
Professional Strategy Development and Management (CPSDM),6063741,Accumuli Academy for Educational Development,"Business Strategy, Strategic Planning, Strategic Thinking, Marketing Strategy, Business",Business Fundamentals,All Levels,6.5 hours,4.4,3,234,"Rp149,000",6/2025,3,0,2,https://www.udemy.com/course/professional-strategy-development-and-management-cpsdm/
"Consumer Products, Retail & QSR: A Complete Business Guide",6491695,Learnsector LLP,"Retail Business, Business Strategy, Business",Business Fundamentals,All Levels,1.5 hours,4.9,11,4706,"Rp149,000",3/2025,4,0,0,https://www.udemy.com/course/consumer-products-retail-qsr-a-complete-business-guide/
Startup Pitching Crash Course - Learn To Pitch Properly,1026478,Leon Chaudhari,"Investor Pitching, Startup, Business Strategy, Business",Business Fundamentals,All Levels,2.5 hours,4.3,41,724,"Rp149,000",11/2016,1,0,2,https://www.udemy.com/course/startup-pitching-crash-course-learn-to-pitch-properly/
The Simple Business Builder for Baby Boomer Woman,1918268,Amanda Bennetts,"Business Fundamentals, Entrepreneurship, Business",Business Fundamentals,Beginner,1.5 hours,5.0,1,521,"Rp149,000",2/2025,1,0,0,https://www.udemy.com/course/the-simple-business-builder-for-baby-boomer-woman/
Complete training on How to Grow your Business without Ads!,5116622,Terrence Blackwell,"Business Strategy, Business",Business Fundamentals,Intermediate,1 hour,4.6,3,417,"Rp149,000",2/2023,0,0,1,https://www.udemy.com/course/growmybusiness/
How to Buy a Business,6029072,Marc Nzojibwami,"Business Strategy, Entrepreneurship, Business",Business Fundamentals,Beginner,1.5 hours,4.7,52,1459,"Rp149,000",6/2024,0,0,0,https://www.udemy.com/course/how-to-buy-a-business-j/
Pitch Winning Business Ideas,1655514,Expert Academy,"Investor Pitching, Presentation Skills, Communication, Business",Business Fundamentals,All Levels,34 mins,4.3,108,1869,"Rp149,000",1/2024,0,0,0,https://www.udemy.com/course/perfect-pitching-how-to-tell-them-what-they-want-to-hear/
Killer Business Ideas: Proven Secrets [Innovation - 01],6612279,Nirmala Lall,"Entrepreneurship Fundamentals, Entrepreneurship, Business",Business Fundamentals,All Levels,5.5 hours,4.9,N/A,212,"Rp149,000",6/2025,0,0,0,https://www.udemy.com/course/killer-business-ideas-proven-secrets-innovation-01/
Business Idea Generation & Idea Validation Masterclass,4908140,Dr. Erich Langer,"Business Idea Generation, Entrepreneurship, Business",Business Fundamentals,All Levels,2 hours,4.8,21,120,"Rp149,000",12/2023,0,0,0,https://www.udemy.com/course/business-idea-generation-idea-validation-masterclass/
Bridging Business and IT: 5 Strategies Every Leader Needs,6787123,Cathleen Warren PMP,"Project Management, Business",Business Fundamentals,All Levels,1 hour,5.0,4,6,"Rp149,000",12/2025,0,0,5,https://www.udemy.com/course/bbit-5-strategies-every-leader-needs/
Discover Your Business Priority,383634,Fettah Ben,"Business Strategy, Business Fundamentals, Operations, Business",Business Fundamentals,All Levels,1 hour,4.3,217,12102,"Rp149,000",10/2025,0,0,0,https://www.udemy.com/course/how-to-accelerate-your-business-benefits/
How to Build an Entrepreneurial Mindset for Startup Success,487050,Dr. James V. Green,"Entrepreneurship Fundamentals, Entrepreneurship, Business",Business Fundamentals,All Levels,2.5 hours,4.5,8,453,"Rp149,000",11/2016,6,0,0,https://www.udemy.com/course/entrepreneurialthinking/
Welcome to the 1%: The Master Class for Buying a Franchise,342886,Nikki Wright,"Franchising, Entrepreneurship, Business",Business Fundamentals,Intermediate,2 hours,4.4,80,362,"Rp149,000",12/2014,0,0,5,https://www.udemy.com/course/master-class-for-buying-a-franchise/
Complete Course on Entrepreneur Mindset for Entrepreneurship,3676606,Chang Liu,"Entrepreneurship Fundamentals, Startup, Lean Startup, Entrepreneurship, Business",Business Fundamentals,Expert,5 hours,4.4,20,145,"Rp149,000",8/2025,0,0,82,https://www.udemy.com/course/intro-to-entrepreneurship-mindset/
How to Hire Freelancers: Smart Outsourcing Business Strategy,6937007,LearnersCare LLC,"Outsourcing, Business Strategy, Talent Management, Recruiting and Hiring, Entrepreneurship",Business Fundamentals,All Levels,40 mins,5.0,1,123,"Rp149,000",12/2025,1,0,0,https://www.udemy.com/course/how-to-hire-freelancers/
C-level management: 20 models for business operations (3/5),5848530,"Matthieu Bout, Joppe Ballet","Business Model, Business Strategy, Business",Business Fundamentals,All Levels,3 hours,4.6,15,10463,"Rp149,000",8/2024,0,0,11,https://www.udemy.com/course/c-level-management-100-models-for-business-success-part-3/
Understanding Markets: Perfect Competition,1118812,Abdullahil Mamun,"Market Research, Other Business, Business",Business Fundamentals,All Levels,1.5 hours,4.6,6,763,"Rp149,000",4/2017,0,0,0,https://www.udemy.com/course/understanding-markets-perfect-competition/
Start-Up Supercharge: Learn Basic Online Entrepreneurship,5325486,Arman Shahi,"Entrepreneurship Fundamentals, Entrepreneurship, Business",Business Fundamentals,Beginner,33 mins,5.0,1,638,"Rp149,000",8/2023,5,0,0,https://www.udemy.com/course/online-entrepreneur-supercharge/
Management Case Analysis: Harvard Style,6451835,"Arun Singhal B-Tech, MBA (IIM-B),Unilever, J&J, Danone, IIMU, Cello","Management Skills, Business Strategy, Marketing Strategy, Operations Management, Management",Business Fundamentals,All Levels,5.5 hours,4.3,23,6017,"Rp149,000",2/2026,0,0,42,https://www.udemy.com/course/excellence-in-management-case-analysis/
How to Create a Simple Strategic Plan,884512,Debbie LaChusa,"Strategic Planning, Marketing Fundamentals, Marketing",Business Fundamentals,All Levels,1.5 hours,4.4,238,1000,"Rp149,000",12/2022,1,0,3,https://www.udemy.com/course/how-to-create-a-simple-strategic-plan/
Entrepreneurship Mindset Masterclass all in one course,2554165,Erick Bulatowicz,"Entrepreneurship Fundamentals, Startup, Entrepreneurship, Business",Business Fundamentals,All Levels,2.5 hours,4.1,9,2611,"Rp149,000",10/2022,0,0,0,https://www.udemy.com/course/entrepreneurship-mindset-masterclass-all-in-one-course/
The Growth Formula: Building and Optimizing Your Business,5555076,Daniel Murphy,"Business Development, Business Strategy, Business",Business Fundamentals,Beginner,1 hour,5.0,61,1026,"Rp149,000",9/2023,0,0,0,https://www.udemy.com/course/the-growth-formula-building-and-optimizing-your-business/
Master Course : Developing Business Partnerships 2.0,6480797,Dr. José Prabhu J,"Business Collaboration, Operations, Business",Business Fundamentals,All Levels,1 hour,3.9,14,3314,"Rp149,000",6/2025,0,0,0,https://www.udemy.com/course/master-course-developing-business-partnerships/
Student Entrepreneur Startup Case Studies with Sramana Mitra,5339104,Sramana Mitra,"Entrepreneurship Fundamentals, Entrepreneurship, Business",Business Fundamentals,All Levels,5 hours,5.0,5,15,"Rp149,000",5/2023,0,0,2,https://www.udemy.com/course/studententrepreneurstartups/
C-level management: 20 models for business operations (1/5),5794398,"Matthieu Bout, Joppe Ballet","Business Model, Management, Business",Business Fundamentals,Beginner,4.5 hours,4.6,16,11147,"Rp149,000",8/2024,0,0,16,https://www.udemy.com/course/c-level-management-100-models-for-business-success-part-1/
Executive Diploma in Strategy and Innovation,5810976,"MTF Institute of Management, Technology and Finance","Business Strategy, Management Skills, Business Fundamentals, Leadership, Business",Business Fundamentals,All Levels,2.5 hours,4.5,218,19823,"Rp149,000",9/2024,14,0,15,https://www.udemy.com/course/executive-diploma-in-strategy-and-innovation/
How To Get Substantial Seed Funding For Your Startup (Pitch),2086702,Boomy Tokan,"Startup, Venture Capital, Entrepreneurship, Business",Business Fundamentals,All Levels,2 hours,4.3,72,27604,"Rp149,000",3/2021,1,0,1,https://www.udemy.com/course/how-to-get-seed-funding-for-your-business-idea/
Business Execution: Crafting a Strategy that Executes,4398118,Sorin Dumitrascu,"Business Fundamentals, Operations, Business",Business Fundamentals,Beginner,2.5 hours,4.6,13,164,"Rp149,000",11/2025,3,0,42,https://www.udemy.com/course/business-execution-crafting-a-strategy-that-executes/
Start Your Own Business with the 9-5 Dropout Academy,1817268,Rachael L. Thompson,"Business Fundamentals, Business Strategy, Business Idea Generation, Business Process Management (BPM), Entrepreneurship",Business Fundamentals,Beginner,8.5 hours,4.4,15,1709,"Rp149,000",8/2018,0,0,12,https://www.udemy.com/course/start-your-own-business-with-the-9-5-dropout-academy/
Metrics for Startups | Startup Management,5990438,SeaportAi .,"Startup, Entrepreneurship, Business",Business Fundamentals,All Levels,2 hours,4.5,1,1010,"Rp149,000",6/2024,0,0,0,https://www.udemy.com/course/startupmetrics/
Strategic Acumen for Product Leaders,4027952,Institute of Product Leadership,"Product Development, Business Strategy, Business",Business Fundamentals,Beginner,2 hours,4.3,4,23,"Rp149,000",4/2025,0,0,1,https://www.udemy.com/course/strategic-acumen-for-product-leaders/
Developing Business Partnerships: The Complete Guide,6348871,GenMan Solutions,"Business Strategy, Business",Business Fundamentals,All Levels,2 hours,4.5,76,4342,"Rp149,000",1/2025,0,0,0,https://www.udemy.com/course/developing-business-partnerships/
Entrepreneurship 101: Launching Your First Business,6168369,Carmen Galloway,"Financial Management, Market Research, Marketing Strategy, Business Strategy, Business",Business Fundamentals,Beginner,43 mins,4.8,N/A,N/A,"Rp149,000",2/2025,5,0,2,https://www.udemy.com/course/entrepreneurship-101-launching-your-first-business/
Founders Master Class: 7 Essential Steps for Startups,73248,Janice Fraser,"Product Design, Product Management, Startup, Entrepreneurship, Business",Business Fundamentals,Beginner,3 hours,4.4,188,6306,"Rp149,000",10/2019,0,0,120,https://www.udemy.com/course/startup-how-to-7-steps-to-creating-a-successful-product/
Ace the MBA Application!,662565,"Sukhada Fadnavis, Sriram Emani","MBA Admissions, Management, Business",Business Fundamentals,All Levels,3.5 hours,4.6,37,233,"Rp149,000",1/2016,0,0,2,https://www.udemy.com/course/acethemba/
A Masterclass On How To Build A Winning Business Strategy,2178434,Brenda van Camp,"Business Strategy, Business",Business Fundamentals,All Levels,1 hour,4.4,21,82,"Rp447,000.00",1/2019,7,0,7,https://www.udemy.com/course/a-masterclass-on-how-to-build-a-winning-business-strategy/
Essential Steps for Launching a Business,5654604,Morris Neilson-Ruiz,"Business Development, Entrepreneurship, Business",Business Fundamentals,Beginner,31 mins,4.2,N/A,1,"Rp399,000",N/A,7,0,13,https://www.udemy.com/course/beginner-level-introduction-to-business-startup/
6 Killer Startup Business Ideas In One Masterclass Framework,4050430,Faizan Bhatti,"Freelancing, Business Strategy, Business",Business Fundamentals,Beginner,2 hours,4.4,455,55427,"Rp149,000",11/2022,0,0,1,https://www.udemy.com/course/starting-6-businesses-in-2021/
The Entrepreneur Leader,5071976,Mark Lewis,"Entrepreneurship Fundamentals, Entrepreneurship, Business",Business Fundamentals,All Levels,7 hours,4.9,60,3762,"Rp1,799,000",8/2024,0,0,10,https://www.udemy.com/course/the-entrepreneur-leader/
Steal My Ideas! 40 Startup Business Ideas + Idea Frameworks,3611244,Ryan Sagers,"Business Idea Generation, Startup, Entrepreneurship, Business",Business Fundamentals,All Levels,6 hours,4.4,156,919,"Rp149,000",11/2020,0,0,0,https://www.udemy.com/course/steal-my-40-startup-business-ideas/
Entrepreneurship 101: Convos With Mentors,4346386,Arman Shahi,"Entrepreneurship Fundamentals, Entrepreneurship, Business",Business Fundamentals,All Levels,2 hours,4.5,7,1691,"Rp149,000",10/2021,1,0,1,https://www.udemy.com/course/entrepreneurship-101-convos-with-mentors/
"Build, Market, and Manage a Successful Online Business",6517219,Skill Revolt,"Content Marketing, Marketing",Business Fundamentals,All Levels,1.5 hours,4.8,3,38,"Rp149,000",3/2025,0,0,0,https://www.udemy.com/course/build-market-and-manage-a-successful-online-business/
Strategic Team Management,3716294,Eric Yeboah,"Team Building, Management, Business",Business Fundamentals,All Levels,2 hours,4.6,15,52,"Rp149,000",3/2026,0,0,0,https://www.udemy.com/course/strategic-team-management/
The 2023 Complete Extensive Course On Buying a Franchise,1714742,"Chris Benjamin, MBA & CFO","Franchising, Business Fundamentals, Business Strategy, Entrepreneurship, Business",Business Fundamentals,All Levels,4 hours,4.1,14,1599,"Rp149,000",12/2022,1,0,5,https://www.udemy.com/course/business-101-buying-a-franchise-extensive-course/
Global Market Entry: Foundations of Successful Expansion,6129253,YouAccel Training,"Business Strategy, Business",Business Fundamentals,All Levels,2.5 hours,4.6,4,2946,"Rp149,000",8/2024,1,0,9,https://www.udemy.com/course/global-market-entry-foundations-of-successful-expansion/
Indian Unicorn Startup Case Studies with Sramana Mitra,4398592,Sramana Mitra,"Entrepreneurship Fundamentals, Entrepreneurship, Business",Business Fundamentals,All Levels,3.5 hours,4.4,16,805,"Rp149,000",10/2024,0,0,2,https://www.udemy.com/course/indianunicornstartupcasestudy/
MBA ASAP Powerful Negotiation Strategies for Success,1471896,John Cousins,"Negotiation, Conflict Management, Management Skills, Communication, Business",Business Fundamentals,Beginner,1 hour,4.6,14,76,"Rp249,000",8/2024,32,0,48,https://www.udemy.com/course/become-a-better-negotiator/
From Startup to Millions Before 30: Part 1,15459,TeleTime Productions,"Business Idea Generation, Entrepreneurship Fundamentals, Startup, Entrepreneurship, Business",Business Fundamentals,All Levels,1 hour,4.2,7,139,"Rp149,000",5/2016,0,0,0,https://www.udemy.com/course/youngentrepreneurs1/
Business Management: Motivating Workers,1359988,Greg Vanderford,"Management Skills, Business Fundamentals, Business Strategy, Human Resources, Business",Business Fundamentals,Beginner,2.5 hours,3.9,29,263,"Rp149,000",10/2017,0,0,0,https://www.udemy.com/course/business-management-motivating-workers/
"Start a Business: Buy a Winning Franchise, Just Like Us",1013910,"Mark Dresdner, Clark Love, Dan Brody","Startup, Entrepreneurship Fundamentals, Business Model, Franchising, Entrepreneurship",Business Fundamentals,All Levels,5.5 hours,4.5,103,2121,"Rp149,000",6/2018,0,0,8,https://www.udemy.com/course/buy-a-winning-franchise/
Lean Startup: Pitch to Investors With 7 PowerPoint Slides,591296,Boomy Tokan,"Startup, Investor Pitching, Entrepreneurship, Business",Business Fundamentals,Beginner,1 hour,4.4,64,25486,"Rp149,000",4/2025,0,0,1,https://www.udemy.com/course/lean-startup-pitch-to-investors-with-7-powerpoint-slides/
From Startup to Millions Before 30: Part 2,15464,TeleTime Productions,"Startup, Entrepreneurship, Business",Business Fundamentals,All Levels,1 hour,5.0,1,72,"Rp149,000",5/2016,0,0,0,https://www.udemy.com/course/youngentrepreneurs2/
Franchise Your Business: Guide for Entrepreneurs,849030,Lisa Newton,"Franchising, Business Fundamentals, Business Strategy, Business",Business Fundamentals,All Levels,3 hours,3.9,114,537,"Rp149,000",5/2025,0,0,8,https://www.udemy.com/course/franchise-your-business/
Contemporary Strategic Management,3411196,Biswaroop Sen,"Business Strategy, Business Development, Business Idea Generation, Strategic Planning, Business",Business Fundamentals,All Levels,5 hours,4.3,16,68,"Rp149,000",8/2020,0,0,0,https://www.udemy.com/course/contemporary-strategic-management/
Master Strategy Techniques to be the Analyst Rock Star,1332056,Michael Boyle,"Business Analysis, Business Strategy, Business",Business Fundamentals,Intermediate,2.5 hours,3.7,18,136,"Rp149,000",3/2026,0,0,6,https://www.udemy.com/course/business-analysis-103/
Pricing for Tech Startups by Sramana Mitra,5805644,Sramana Mitra,"Entrepreneurship Fundamentals, Entrepreneurship, Business",Business Fundamentals,All Levels,3 hours,5.0,20,61,"Rp149,000",3/2025,0,0,1,https://www.udemy.com/course/pricingstartups/
12 Weeks to Starting Your Own Business,3605432,Raj Singh,"Entrepreneurship Fundamentals, Startup, Entrepreneurship, Business",Business Fundamentals,All Levels,4 hours,4.5,67,14042,"Rp149,000",10/2020,10,0,0,https://www.udemy.com/course/12-weeks-to-starting-your-own-business/
Lean Startup Marketing--Idea to Product for Profit,951130,Jeri Cafesin,"Lean Startup, Marketing Strategy, Entrepreneurship, Business",Business Fundamentals,All Levels,3.5 hours,4.7,26,223,"Rp149,000",12/2025,4,0,0,https://www.udemy.com/course/lean-startup-marketing/
How to Find and Attract Investors for Your Business,1456912,"Skillay Academy, Ardian Jashari","Investor Pitching, Venture Capital, Startup, Investing & Trading, Finance & Accounting",Business Fundamentals,All Levels,34 mins,4.0,32,312,"Rp149,000",6/2020,0,0,1,https://www.udemy.com/course/how-to-find-and-attract-investors-for-your-business/
Psychology Of Business 4: Influence And Leadership,6189977,Expert Academy,"Influence Skills, Leadership, Decision Making, Psychology, Management",Business Fundamentals,All Levels,44 mins,3.9,3,30,"Rp149,000",3/2025,1,0,6,https://www.udemy.com/course/psychology-of-business-4-influence-and-leadership/
Tech Startups in Latin America Preview with Sramana Mitra,4478060,Sramana Mitra,"Entrepreneurship Fundamentals, Entrepreneurship, Business",Business Fundamentals,All Levels,3 hours,5.0,5,591,"Rp149,000",5/2023,0,0,2,https://www.udemy.com/course/latinamericastartupcasestudy/
Mastering Marketing Strategy Fundamentals,4838366,Dr. Inna Armstrong,"Marketing Strategy, Marketing Plan, Business Fundamentals, Marketing Fundamentals, Marketing",Business Fundamentals,All Levels,2 hours,4.6,27,1890,"Rp149,000",10/2023,1,0,6,https://www.udemy.com/course/strategic-marketing-5-steps-to-boost-your-business-growth/
Gauging Your Value,858092,Gus Prestera,"Entrepreneurship Fundamentals, Management Consulting, Business Plan, Pricing, Entrepreneurship",Business Fundamentals,All Levels,1.5 hours,4.5,19,2689,"Rp149,000",11/2025,2,0,5,https://www.udemy.com/course/gauging-your-value/
Non-Technical Startup Founder Case Studies | Sramana Mitra,4409454,Sramana Mitra,"Entrepreneurship Fundamentals, Entrepreneurship, Business",Business Fundamentals,All Levels,3 hours,4.7,6,756,"Rp149,000",9/2023,0,0,3,https://www.udemy.com/course/nontechstartupfounder/
Learn 10 Entrepreneurial Skills Easily,3366026,Mayur Pangrekar,"Entrepreneurship Fundamentals, Career Development, Personal Development",Business Fundamentals,All Levels,32 mins,4.1,46,3362,"Rp149,000",6/2022,0,0,2,https://www.udemy.com/course/learn-10-entrepreneurial-skills-5-secrets-in-30-minutes/
Periscope 101 Profits: Business Strategies Pro Course,592616,The Covert Formula,"Periscope, Business Fundamentals, Business Strategy, Entrepreneurship, Business",Business Fundamentals,All Levels,4.5 hours,5.0,5,64,Free,9/2015,0,0,0,https://www.udemy.com/course/periscope-101-profits/
Bootstrap Using Services to Exit Preview | Sramana Mitra,4412606,Sramana Mitra,"Entrepreneurship Fundamentals, Entrepreneurship, Business",Business Fundamentals,All Levels,3 hours,5.0,5,647,"Rp149,000",4/2023,0,0,3,https://www.udemy.com/course/bootstrapusingservicestoexit/
